record_id,benchmark_label,exact_peptide_hla_in_prime2_train,peptide_in_prime2_train,matched_training_labels,prime2_random_flag,exact_bigmhc_im_trainval_overlap,near_hamming1_same_hla_prime2_train,near_hamming1_training_peptide_count,classification
improve-e178d14e1e367e42,1,0,0,,,0,0,0,no_overlap
improve-8140c788b1212a4c,1,0,0,,,0,0,0,no_overlap
improve-8c87cb8ce28d6d7f,1,0,0,,,0,0,0,no_overlap
improve-0c0ba035c2b7b311,1,0,0,,,0,0,0,no_overlap
improve-c713b1ec488e643e,1,0,0,,,0,0,0,no_overlap
improve-33f28d4796d1d350,1,0,0,,,0,0,0,no_overlap
improve-d614805cba1ae85f,1,0,0,,,0,0,0,no_overlap
improve-12b7970c2beaac0c,1,0,0,,,0,0,0,no_overlap
improve-c424693ca1d63ff9,1,0,0,,,0,0,0,no_overlap
improve-e183750f970ac87c,1,0,0,,,0,0,0,no_overlap
improve-2821f8571088240a,1,0,0,,,0,0,0,no_overlap
improve-8275ab92d2847f2f,1,0,0,,,0,0,0,no_overlap
improve-f755054f3ff71fa0,1,0,0,,,0,0,0,no_overlap
improve-348b0f3e16996a49,1,0,0,,,0,0,0,no_overlap
improve-b6d2ed97a30a3c30,1,0,0,,,0,0,0,no_overlap
improve-13f0a27ef17000f5,1,0,0,,,0,0,0,no_overlap
improve-1e118e7cb85b41c5,1,0,0,,,0,0,0,no_overlap
improve-942260311f334669,1,0,0,,,0,0,0,no_overlap
improve-18aa819218700cce,1,0,0,,,0,0,0,no_overlap
improve-2ca9efae827db959,1,0,0,,,0,0,0,no_overlap
improve-20f2bc6c894b86d1,1,0,0,,,0,0,0,no_overlap
improve-6306556b81ff1069,1,0,0,,,0,0,0,no_overlap
improve-54f4a11a766c73fe,1,0,0,,,0,0,0,no_overlap
improve-e224439c4dfd2193,1,0,0,,,0,0,0,no_overlap
improve-24e930c462a4a977,1,0,0,,,0,0,0,no_overlap
improve-5efbbc8b4d1b4669,1,0,0,,,0,0,0,no_overlap
improve-db29bfcb45e73cf2,1,0,0,,,0,0,0,no_overlap
improve-23b148ac14f5d4bd,1,0,0,,,0,0,0,no_overlap
improve-3ff8b052dc901b92,1,0,0,,,0,0,0,no_overlap
improve-b03935ed94c0a534,1,0,0,,,0,0,0,no_overlap
improve-43383d89a57e63af,1,0,0,,,0,0,0,no_overlap
improve-d2f8be9f775f7a92,1,0,0,,,0,0,0,no_overlap
improve-86f8d22e231187b4,1,0,0,,,0,0,0,no_overlap
improve-ff7e1eb63978e2ab,1,0,0,,,0,0,0,no_overlap
improve-8c68eca5faef64b9,1,0,0,,,0,0,0,no_overlap
improve-4d56f81b9f5fdf82,1,0,0,,,0,0,0,no_overlap
improve-9e01f5eee122250a,1,0,0,,,0,0,0,no_overlap
improve-c3b41dffb27ba1de,1,0,0,,,0,0,0,no_overlap
improve-9cdd51af92e1482b,1,0,0,,,0,0,0,no_overlap
improve-514390b5e568defd,1,0,0,,,0,0,0,no_overlap
improve-5c71bdb0821c82ad,1,0,0,,,0,0,0,no_overlap
improve-a5538474bcddc587,1,0,0,,,0,0,0,no_overlap
improve-0d202d93fe862760,1,0,0,,,0,0,0,no_overlap
improve-446510a9f928e92e,1,0,0,,,0,0,0,no_overlap
improve-6852782ad6e18f18,1,0,0,,,0,0,0,no_overlap
improve-e0cfae7ede93a041,1,0,0,,,0,0,0,no_overlap
improve-6eb87618a2155a68,1,0,0,,,0,0,0,no_overlap
improve-b9ba36262184cd1f,1,0,0,,,0,0,0,no_overlap
improve-2ac96aba0069cf87,1,0,0,,,0,0,0,no_overlap
improve-017ac00d4d343e0c,1,0,0,,,0,0,0,no_overlap
improve-479ab74e00ceb775,1,0,0,,,0,0,0,no_overlap
improve-574266c6bddf7918,1,0,0,,,0,0,0,no_overlap
improve-e1d4cf3585eabbd3,1,0,0,,,0,0,0,no_overlap
improve-9f660aac993246b7,1,0,0,,,0,0,0,no_overlap
improve-99c7eb3f56ebf8e3,1,0,0,,,0,0,0,no_overlap
improve-9cdf473d6481896d,1,0,0,,,0,0,0,no_overlap
improve-3e3f7f784e5ac404,1,0,0,,,0,0,0,no_overlap
improve-114035cedbe7e0bb,1,0,0,,,0,0,0,no_overlap
improve-24e91ab48c7a4781,1,0,0,,,0,0,0,no_overlap
improve-8c6ace898a0656c9,1,0,0,,,0,0,0,no_overlap
improve-10d08e345daa50f7,1,0,0,,,0,0,0,no_overlap
improve-da0f58212ef38f45,1,0,0,,,0,0,0,no_overlap
improve-ebd8f0b3370e2bb7,1,0,0,,,0,0,0,no_overlap
improve-8cc72bc4ae3c7a32,1,0,0,,,0,0,0,no_overlap
improve-25c6f17c092766fc,1,0,0,,,0,0,0,no_overlap
improve-8ffb056c0f7e176e,1,0,0,,,0,0,0,no_overlap
improve-e2a3ca3ba893b0ae,1,0,0,,,0,0,0,no_overlap
improve-0f2652445fef1428,1,0,0,,,0,0,0,no_overlap
improve-7ddc4300723140a3,1,0,0,,,0,0,0,no_overlap
improve-45870fdb907822ce,1,0,0,,,0,0,0,no_overlap
improve-6ff6b7af34128cdd,1,0,0,,,0,0,0,no_overlap
improve-cacdcb7e743e4ad3,1,0,0,,,0,0,0,no_overlap
improve-706ad773f12af882,1,0,0,,,0,0,0,no_overlap
improve-0ff5c970bf23cc6f,1,0,0,,,0,0,0,no_overlap
improve-f4ae3b0bc91897e9,1,0,0,,,0,0,0,no_overlap
improve-130ca91b6161a0e1,1,0,0,,,0,0,0,no_overlap
improve-0513c86f7a50d672,1,0,0,,,0,0,0,no_overlap
improve-b46d27627e3efbf2,1,0,0,,,0,0,0,no_overlap
improve-f37a8e61cf153202,1,0,0,,,0,0,0,no_overlap
improve-2ebb493b4376e899,1,0,0,,,0,0,0,no_overlap
improve-b49a60e44cddcf51,1,0,0,,,0,0,0,no_overlap
improve-5959c149ae85f130,1,0,0,,,0,0,0,no_overlap
improve-b1c3185b51db2390,1,0,0,,,0,0,0,no_overlap
improve-400bdc3b0324bc57,1,0,0,,,0,0,0,no_overlap
improve-5717f70afb1246ed,1,0,0,,,0,0,0,no_overlap
improve-fc14ba38a42a5bab,1,0,0,,,0,0,0,no_overlap
improve-33c18232063d4372,1,0,0,,,0,0,0,no_overlap
improve-b23b669c8f23c7d3,1,0,0,,,0,0,0,no_overlap
improve-1c45ef8aa6e9534c,1,0,0,,,0,0,0,no_overlap
improve-da8819defc2a0430,1,0,0,,,0,0,0,no_overlap
improve-ee689a84a3126260,1,0,0,,,0,0,0,no_overlap
improve-62f5a48388d23997,1,0,0,,,0,0,0,no_overlap
improve-a754943b4a0c5c39,1,0,0,,,0,0,0,no_overlap
improve-b4d1519b7d7fcbfe,1,0,0,,,0,0,0,no_overlap
improve-8fbd9ee5446c92f6,1,0,0,,,0,0,0,no_overlap
improve-8c3d38ae628f4395,1,0,0,,,0,0,0,no_overlap
improve-99a32233c28957a2,1,0,0,,,0,0,0,no_overlap
improve-fc02f28fbf2e4268,1,0,0,,,0,0,0,no_overlap
improve-13208431d3e68dcf,1,0,0,,,0,0,0,no_overlap
improve-00fe37b5a8f96716,1,0,0,,,0,0,0,no_overlap
improve-6de4908942e33013,1,0,0,,,0,0,0,no_overlap
improve-204b7f211cb1c168,1,0,0,,,0,0,0,no_overlap
improve-76b2b08a5c252984,1,0,0,,,0,0,0,no_overlap
improve-53de6f46a6040b4e,1,0,0,,,0,0,0,no_overlap
improve-8779789d5a2f5032,1,0,0,,,0,0,0,no_overlap
improve-67dd04b9336f7e9f,1,0,0,,,0,0,0,no_overlap
improve-5fd7a0fb5429d657,1,0,0,,,0,0,0,no_overlap
improve-a3f3e3c971148271,1,0,0,,,0,0,0,no_overlap
improve-6391eae5709584a3,1,0,0,,,0,0,0,no_overlap
improve-62a4e0d37b1cdb19,1,0,0,,,0,0,0,no_overlap
improve-b9a4022e38509050,1,0,0,,,0,0,0,no_overlap
improve-b6c0873058e0e0e0,1,0,0,,,0,0,0,no_overlap
improve-e171b61c87f01498,1,0,0,,,0,0,0,no_overlap
improve-4467f1227a3aeac0,1,0,0,,,0,0,0,no_overlap
improve-e8830d340d69bbee,1,0,0,,,0,0,0,no_overlap
improve-f46e62ddbd15a0f0,1,0,0,,,0,0,0,no_overlap
improve-a554fe7f576fc081,1,0,0,,,0,0,0,no_overlap
improve-6150eeac21d4c44c,1,0,0,,,0,0,0,no_overlap
improve-a73f69b55504d476,1,0,0,,,0,0,0,no_overlap
improve-b86f001fcdbd7064,1,0,0,,,0,0,0,no_overlap
improve-57e8bea803293f01,1,0,0,,,0,0,0,no_overlap
improve-73411b5a5f243cf9,1,0,0,,,0,0,0,no_overlap
improve-0f5dbdba7ea48835,1,0,0,,,0,0,0,no_overlap
improve-e3cf8ae34291681b,1,0,0,,,0,0,0,no_overlap
improve-0ee15315956b4468,1,0,0,,,0,0,0,no_overlap
improve-e1f18758210ccd11,1,0,0,,,0,0,0,no_overlap
improve-acee4ec83bc7218d,1,0,0,,,0,0,0,no_overlap
improve-ed40b38f0b3e940e,1,0,0,,,0,0,0,no_overlap
improve-f167745221bc5981,1,0,0,,,0,0,0,no_overlap
improve-7e2ad428a5af4b6f,1,0,0,,,0,0,0,no_overlap
improve-c61bb8876ef0c629,1,0,0,,,0,0,0,no_overlap
improve-35853c112c4dc9b6,1,0,0,,,0,0,0,no_overlap
improve-3f1d7fef72b7a66a,1,0,0,,,0,0,0,no_overlap
improve-7eba9baece12f8de,1,0,0,,,0,0,0,no_overlap
improve-e2ccd4723d98db86,1,0,0,,,0,0,0,no_overlap
improve-a8589c3e7e415ebd,1,0,0,,,0,0,0,no_overlap
improve-f20b728469d4965a,1,0,0,,,0,0,0,no_overlap
improve-97a3db8680fd3320,1,0,0,,,0,0,0,no_overlap
improve-fb0996f1bdcac7bf,1,0,0,,,0,0,0,no_overlap
improve-9f3fe3f1531462f8,1,0,0,,,0,0,0,no_overlap
improve-38b5de671dfe6d06,1,0,0,,,0,0,0,no_overlap
improve-c9554845b71ce468,1,0,0,,,0,0,0,no_overlap
improve-dcb1b4016107cfb5,1,0,0,,,0,0,0,no_overlap
improve-9f47fd6ace12529d,1,0,0,,,0,0,0,no_overlap
improve-6fa405d9e6f2ee51,1,0,0,,,0,0,0,no_overlap
improve-60c6667900e2b53c,1,0,0,,,0,0,0,no_overlap
improve-7d9d5d45582d6160,1,0,0,,,0,0,0,no_overlap
improve-be6dc7054b87e4fd,0,0,0,,,0,0,0,no_overlap
improve-5580531cf06a93ce,0,0,0,,,0,0,0,no_overlap
improve-2b8212ace4cfd157,0,0,0,,,0,0,0,no_overlap
improve-ec568e8a3baa64d0,0,0,0,,,0,0,0,no_overlap
improve-b3800dab47842700,0,0,0,,,0,0,0,no_overlap
improve-4e425c644d77f621,0,0,0,,,0,0,0,no_overlap
improve-718f0ba0e4a79235,0,0,0,,,0,0,0,no_overlap
improve-ba777e14d3595d81,0,0,0,,,0,0,0,no_overlap
improve-be9a82a6ac2318fc,0,0,0,,,0,0,0,no_overlap
improve-c287b1cc4e1576df,0,0,0,,,0,0,0,no_overlap
improve-fead3c0b4e2da4f7,0,0,0,,,0,0,0,no_overlap
improve-52ade59498863e9a,0,0,0,,,0,0,0,no_overlap
improve-3ef088f3e68747a1,0,0,0,,,0,0,0,no_overlap
improve-7a8c8b3f5ea6cbbe,0,0,0,,,0,0,0,no_overlap
improve-a15592c4821809cb,0,0,0,,,0,0,0,no_overlap
improve-2da41bd51ab37b72,0,0,0,,,0,0,0,no_overlap
improve-835f8f4c9f2d6213,0,0,0,,,0,0,0,no_overlap
improve-6c29adeb76b93a48,0,0,0,,,0,0,0,no_overlap
improve-941abc9f957770e2,0,0,0,,,0,0,0,no_overlap
improve-35714284b7a4c20c,0,0,0,,,0,0,0,no_overlap
improve-66ced1a1814a3425,0,0,0,,,0,0,0,no_overlap
improve-dce38d56b4f02696,0,0,0,,,0,0,0,no_overlap
improve-4ba51e7d489641c4,0,0,0,,,0,0,0,no_overlap
improve-fd7db36d76eefb84,0,0,0,,,0,0,0,no_overlap
improve-e707461a37307f6c,0,0,0,,,0,0,0,no_overlap
improve-a11c084e03b2302c,0,0,0,,,0,0,0,no_overlap
improve-080e71e5bfe14346,0,0,0,,,0,0,0,no_overlap
improve-4a10615b8d01d1c6,0,0,0,,,0,0,0,no_overlap
improve-66d91c3da189c9a8,0,0,0,,,0,0,0,no_overlap
improve-9abf7bcd15edd23d,0,0,0,,,0,0,0,no_overlap
improve-6a8a1b9f9e9f1b6d,0,0,0,,,0,0,0,no_overlap
improve-7609108ed993ec01,0,0,0,,,0,0,0,no_overlap
improve-511e2a903d2a1dab,0,0,0,,,0,0,0,no_overlap
improve-3303212751a01269,0,0,0,,,0,0,0,no_overlap
improve-263c26736115eaf2,0,0,0,,,0,0,0,no_overlap
improve-4879b3b6702bf695,0,0,0,,,0,0,0,no_overlap
improve-f98143b1e54e3f18,0,0,0,,,0,0,0,no_overlap
improve-b40fce49c200756a,0,0,0,,,0,0,0,no_overlap
improve-e0d46c5c9e794b7e,0,0,0,,,0,0,0,no_overlap
improve-c52f4fa35799ce4a,0,0,0,,,0,0,0,no_overlap
improve-de82a1f1e2bdb8fe,0,0,0,,,0,0,0,no_overlap
improve-3390e5c032ebf053,0,0,0,,,0,0,0,no_overlap
improve-eed27a41a22ad205,0,0,0,,,0,0,0,no_overlap
improve-2c0d74edcce534ce,0,0,0,,,0,0,0,no_overlap
improve-23255e32f590b335,0,0,0,,,0,0,0,no_overlap
improve-9a8c655f59298ed4,0,0,0,,,0,0,0,no_overlap
improve-69bbc12b2cf9ed23,0,0,0,,,0,0,0,no_overlap
improve-4ce0705bbb2bafd9,0,0,0,,,0,0,0,no_overlap
improve-2571e9b5be9989f0,0,0,0,,,0,0,0,no_overlap
improve-bc1629acc3dafd36,0,0,0,,,0,0,0,no_overlap
improve-e1c5d5060965d96f,0,0,0,,,0,0,0,no_overlap
improve-01a06559e2416798,0,0,0,,,0,0,0,no_overlap
improve-3f774a14f20ab17b,0,0,0,,,0,0,0,no_overlap
improve-9e170c1efa973ad5,0,0,0,,,0,0,0,no_overlap
improve-e87d7362d77489d7,0,0,0,,,0,0,0,no_overlap
improve-1444c634de3abb3f,0,0,0,,,0,0,0,no_overlap
improve-04368be2c59e80a4,0,0,0,,,0,0,0,no_overlap
improve-3163d4b5ed0408cb,0,0,0,,,0,0,0,no_overlap
improve-2ec6587789c1e2e4,0,0,0,,,0,0,0,no_overlap
improve-21fe379068b53834,0,0,0,,,0,0,0,no_overlap
improve-68b63a4b339d0ef6,0,0,0,,,0,0,0,no_overlap
improve-1b4531581fdd3b50,0,0,0,,,0,0,0,no_overlap
improve-b6f8207eed061c40,0,0,0,,,0,0,0,no_overlap
improve-b492c3a51b56f942,0,0,0,,,0,0,0,no_overlap
improve-8576dda28c5109a6,0,0,0,,,0,0,0,no_overlap
improve-590375ca80e38809,0,0,0,,,0,0,0,no_overlap
improve-74e9fae1a49dbdc5,0,0,0,,,0,0,0,no_overlap
improve-6a8926e2e5426023,0,0,0,,,0,0,0,no_overlap
improve-fcfb3cf6916c1485,0,0,0,,,0,0,0,no_overlap
improve-c0e3c3c864f59f6c,0,0,0,,,0,0,0,no_overlap
improve-e986fae6a8346522,0,0,0,,,0,0,0,no_overlap
improve-1335239230b4210c,0,0,0,,,0,0,0,no_overlap
improve-bec4e80a34ab29a4,0,0,0,,,0,0,0,no_overlap
improve-1d8e7bf3d9056218,0,0,0,,,0,0,0,no_overlap
improve-f0a33e5de15865c7,0,0,0,,,0,0,0,no_overlap
improve-44e540be71fe43c0,0,0,0,,,0,0,0,no_overlap
improve-8fcf680817a7a1cc,0,0,0,,,0,0,0,no_overlap
improve-7845dbc31128f51a,0,0,0,,,0,0,0,no_overlap
improve-16b11169858223ca,0,0,0,,,0,0,0,no_overlap
improve-5aea5710391a5d3d,0,0,0,,,0,0,0,no_overlap
improve-964bac26c859fdca,0,0,0,,,0,0,0,no_overlap
improve-16087fa13044af14,0,0,0,,,0,0,0,no_overlap
improve-67b8a0973a1b08b0,0,0,0,,,0,0,0,no_overlap
improve-10a2a9f2f7e8f9b9,0,0,0,,,0,0,0,no_overlap
improve-db98e20b4634f290,0,0,0,,,0,0,0,no_overlap
improve-4851c032aa764ae0,0,0,0,,,0,0,0,no_overlap
improve-eaa28b7b46aae932,0,0,0,,,0,0,0,no_overlap
improve-c7a5dc235355c8ca,0,0,0,,,0,0,0,no_overlap
improve-56e625f615e31579,0,0,0,,,0,0,0,no_overlap
improve-74be962859315121,0,0,0,,,0,0,0,no_overlap
improve-5cdc94230ec5553b,0,0,0,,,0,0,0,no_overlap
improve-9fa98019a738d39a,0,0,0,,,0,0,0,no_overlap
improve-f18f92f7ef03b401,0,0,0,,,0,0,0,no_overlap
improve-ae0699a16d158184,0,0,0,,,0,0,0,no_overlap
improve-c579a28a164de022,0,0,0,,,0,0,0,no_overlap
improve-fa8662a4341e6a4c,0,0,0,,,0,0,0,no_overlap
improve-36e535e7ed478408,0,0,0,,,0,0,0,no_overlap
improve-2650b1c3b117f43e,0,0,0,,,0,0,0,no_overlap
improve-7979b1ba647da922,0,0,0,,,0,0,0,no_overlap
improve-c7d28769809920a6,0,0,0,,,0,0,0,no_overlap
improve-0beca0a4b86c2ded,0,0,0,,,0,0,0,no_overlap
improve-17a085e2fda2027b,0,0,0,,,0,0,0,no_overlap
improve-4ef02d1619f09406,0,0,0,,,0,0,0,no_overlap
improve-25beafbbc1ccdf32,0,0,0,,,0,0,0,no_overlap
improve-3ff6f36e4b1caa27,0,0,0,,,0,0,0,no_overlap
improve-a9fc2e96e2442fff,0,0,0,,,0,0,0,no_overlap
improve-e8ccd58e26bd77cd,0,0,0,,,0,0,0,no_overlap
improve-9f0976149b38e0da,0,0,0,,,0,0,0,no_overlap
improve-8027d170f1b6a1fe,0,0,0,,,0,0,0,no_overlap
improve-6f9b5f77207d0afe,0,0,0,,,0,0,0,no_overlap
improve-b9a99354b333588f,0,0,0,,,0,0,0,no_overlap
improve-6021945bf966d224,0,0,0,,,0,0,0,no_overlap
improve-1f0fb472aad3308b,0,0,0,,,0,0,0,no_overlap
improve-58bc380936e723c2,0,0,0,,,0,0,0,no_overlap
improve-e148bf9bb88d59f5,0,0,0,,,0,0,0,no_overlap
improve-a8f7896c2983ab76,0,0,0,,,0,0,0,no_overlap
improve-e10dc7effdb9fa68,0,0,0,,,0,0,0,no_overlap
improve-db1ed851ef46b5b3,0,0,0,,,0,0,0,no_overlap
improve-6a4f4e11ae0317df,0,0,0,,,0,0,0,no_overlap
improve-185244be8e5faba9,0,0,0,,,0,0,0,no_overlap
improve-85d953df84336617,0,0,0,,,0,0,0,no_overlap
improve-7c88b2fa01db0477,0,0,0,,,0,0,0,no_overlap
improve-003a0d932b22b9a1,0,0,0,,,0,0,0,no_overlap
improve-8a295089826bebbd,0,0,0,,,0,0,0,no_overlap
improve-fd309c22b9342d93,0,0,0,,,0,0,0,no_overlap
improve-082555768714fa54,0,0,0,,,0,0,0,no_overlap
improve-fb5c1b1d0baff8aa,0,0,0,,,0,0,0,no_overlap
improve-66cb0cd710684233,0,0,0,,,0,0,0,no_overlap
improve-82b3c76060963630,0,0,0,,,0,0,0,no_overlap
improve-44067f6eeecde131,0,0,0,,,0,0,0,no_overlap
improve-7c36fa5d21b2bf0e,0,0,0,,,0,0,0,no_overlap
improve-d62f43220978799d,0,0,0,,,0,0,0,no_overlap
improve-a593bb2c73455fc6,0,0,0,,,0,0,0,no_overlap
improve-b6f18ded42affd9f,0,0,0,,,0,0,0,no_overlap
improve-67efc805241fae1b,0,0,0,,,0,0,0,no_overlap
improve-57db91d4a466718e,0,0,0,,,0,0,0,no_overlap
improve-38c62a2d48ac851a,0,0,0,,,0,0,0,no_overlap
improve-eb943e4076a575c3,0,0,0,,,0,0,0,no_overlap
improve-982665696e0779fc,0,0,0,,,0,0,0,no_overlap
improve-aed19877ccccd96f,0,0,0,,,0,0,0,no_overlap
improve-e42a8d9f0d8ff3fd,0,0,0,,,0,0,0,no_overlap
improve-a1b0509ab243bf44,0,0,0,,,0,0,0,no_overlap
improve-d857515ea7cd758b,0,0,0,,,0,0,0,no_overlap
improve-430f242435ab6f3c,0,0,0,,,0,0,0,no_overlap
improve-67d74c3d6f9adbe1,0,0,0,,,0,0,0,no_overlap
improve-5dbf29dbf6c9e473,0,0,0,,,0,0,0,no_overlap
improve-a312cc3a9a639815,0,0,0,,,0,0,0,no_overlap
improve-3aa002d06f2dcca8,0,0,0,,,0,0,0,no_overlap
improve-882de36907db5079,0,0,0,,,0,0,0,no_overlap
improve-f93c62b0e5b9f2e6,0,0,0,,,0,0,0,no_overlap
improve-7ed079962134e2fc,0,0,0,,,0,0,0,no_overlap
improve-08954315993c239e,0,0,0,,,0,0,0,no_overlap
improve-6c0b4405986127e6,0,0,0,,,0,0,0,no_overlap
improve-2e8dac443306d4a9,0,0,0,,,0,0,0,no_overlap
improve-e41aeb7092ba2749,0,0,0,,,0,0,0,no_overlap
improve-8d17bb26c27107d6,0,0,0,,,0,0,0,no_overlap
improve-23901f560f1c4e26,0,0,0,,,0,0,0,no_overlap
improve-dbe27ffc9027a2f0,0,0,0,,,0,0,0,no_overlap
improve-f97a144f0647db38,0,0,0,,,0,0,0,no_overlap
improve-9ccc1e5f066b37dc,0,0,0,,,0,0,0,no_overlap
improve-e9b4d32adf456d1d,0,0,0,,,0,0,0,no_overlap
improve-0838ecdc1e9d819d,0,0,0,,,0,0,0,no_overlap
improve-f3438212c9e0202c,0,0,0,,,0,0,0,no_overlap
improve-68f30834f3b6b1ee,0,0,0,,,0,0,0,no_overlap
improve-fd2f55dc26c3f1c8,0,0,0,,,0,0,0,no_overlap
improve-0e7c01755054462f,0,0,0,,,0,0,0,no_overlap
improve-73ab7d399f860379,0,0,0,,,0,0,0,no_overlap
improve-04e212fd28c1462e,0,0,0,,,0,0,0,no_overlap
improve-f7baff688f5ff8a4,0,0,0,,,0,0,0,no_overlap
improve-7a9a5c11c8525c4c,0,0,0,,,0,0,0,no_overlap
improve-2868ac2656e3642d,0,0,0,,,0,0,0,no_overlap
improve-e04a41eeffa62030,0,0,0,,,0,0,0,no_overlap
improve-260a8d1bd55ff529,0,0,0,,,0,0,0,no_overlap
improve-825bfaa01f08ad1b,0,0,0,,,0,0,0,no_overlap
improve-48cc789267f1ba10,0,0,0,,,0,0,0,no_overlap
improve-3f7350045ef102f2,0,0,0,,,0,0,0,no_overlap
improve-4fa453c4accb2cfc,0,0,0,,,0,0,0,no_overlap
improve-d45f43915e627605,0,0,0,,,0,0,0,no_overlap
improve-a78aecfca778de74,0,0,0,,,0,0,0,no_overlap
improve-a8e721e2a9aa1d8d,0,0,0,,,0,0,0,no_overlap
improve-d60b08afebf5a58a,0,0,0,,,0,0,0,no_overlap
improve-6b8ce4d28da7e1c7,0,0,0,,,0,0,0,no_overlap
improve-6db06f431429d4a6,0,0,0,,,0,0,0,no_overlap
improve-ff7f24ef4963cadc,0,0,0,,,0,0,0,no_overlap
improve-7c638c33994aadfd,0,0,0,,,0,0,0,no_overlap
improve-a1bc9cce72b1dd03,0,0,0,,,0,0,0,no_overlap
improve-7024425513436c28,0,0,0,,,0,0,0,no_overlap
improve-cb6bfd8667343dce,0,0,0,,,0,0,0,no_overlap
improve-a14f3a2b8b418ab8,0,0,0,,,0,0,0,no_overlap
improve-dd9e8df8bef29877,0,0,0,,,0,0,0,no_overlap
improve-ee85780120e3e2f8,0,0,0,,,0,0,0,no_overlap
improve-a0dfebb3b3ce92ca,0,0,0,,,0,0,0,no_overlap
improve-b1e6d43f92d77cb2,0,0,0,,,0,0,0,no_overlap
improve-fcb3a61b90359b97,0,0,0,,,0,0,0,no_overlap
improve-5481b1921b9b0651,0,0,0,,,0,0,0,no_overlap
improve-9f31d238ed1023f5,0,0,0,,,0,0,0,no_overlap
improve-9f56d9b56f66f320,0,0,0,,,0,0,0,no_overlap
improve-7a9d82c0e5a0c253,0,0,0,,,0,0,0,no_overlap
improve-a3e8f732e5d4c06d,0,0,0,,,0,0,0,no_overlap
improve-01764084ffa80254,0,0,0,,,0,0,0,no_overlap
improve-606f000458baeaf5,0,0,0,,,0,0,0,no_overlap
improve-46763a888f157997,0,0,0,,,0,0,0,no_overlap
improve-311c829c55f55b72,0,0,0,,,0,0,0,no_overlap
improve-68750eca8060d2b4,0,0,0,,,0,0,0,no_overlap
improve-73ffb24414c4fc2d,0,0,0,,,0,0,0,no_overlap
improve-ba97cdd7d3b44f2f,0,0,0,,,0,0,0,no_overlap
improve-f2c823b69f32e1b0,0,0,0,,,0,0,0,no_overlap
improve-762b38f74db7a5f7,0,0,0,,,0,0,0,no_overlap
improve-551fd40932240a61,0,0,0,,,0,0,0,no_overlap
improve-3603925dfa20ae76,0,0,0,,,0,0,0,no_overlap
improve-0c977ae6a8c83d16,0,0,0,,,0,0,0,no_overlap
improve-4e4545205f165bc7,0,0,0,,,0,0,0,no_overlap
improve-f911b1d81f5ab02b,0,0,0,,,0,0,0,no_overlap
improve-09e6625231f76c7f,0,0,0,,,0,0,0,no_overlap
improve-2b07dc2088a38e8a,0,0,0,,,0,0,0,no_overlap
improve-5a677e4480b8fe17,0,0,0,,,0,0,0,no_overlap
improve-d3b935565cdb31a3,0,0,0,,,0,0,0,no_overlap
improve-a3faff0fd57fab11,0,0,0,,,0,0,0,no_overlap
improve-a21826654f68f72d,0,0,0,,,0,0,0,no_overlap
improve-4d832b191247f15f,0,0,0,,,0,0,0,no_overlap
improve-83efd8f947045d08,0,0,0,,,0,0,0,no_overlap
improve-228bcb4e0d537024,0,0,0,,,0,0,0,no_overlap
improve-4fcb9bb593f39860,0,0,0,,,0,0,0,no_overlap
improve-c2e80b2e07f03449,0,0,0,,,0,0,0,no_overlap
improve-2884a376a4520346,0,0,0,,,0,0,0,no_overlap
improve-33eb8704b8ca8f6e,0,0,0,,,0,0,0,no_overlap
improve-663ff0bd1efe79b5,0,0,0,,,0,0,0,no_overlap
improve-0ac4b42445a64f8d,0,0,0,,,0,0,0,no_overlap
improve-c12e575e913fd745,0,0,0,,,0,0,0,no_overlap
improve-1fff66f240e29921,0,0,0,,,0,0,0,no_overlap
improve-ad10c60bd6551c0c,0,0,0,,,0,0,0,no_overlap
improve-e266e2de71967b3a,0,0,0,,,0,0,0,no_overlap
improve-fdfaf2df3e63ba67,0,0,0,,,0,0,0,no_overlap
improve-fb6efa0b216832b0,0,0,0,,,0,0,0,no_overlap
improve-b0a43526182dea69,0,0,0,,,0,0,0,no_overlap
improve-c42b9d80719a0e70,0,0,0,,,0,0,0,no_overlap
improve-c1dfae60529330bb,0,0,0,,,0,0,0,no_overlap
improve-326dd5f8c2abbbac,0,0,0,,,0,0,0,no_overlap
improve-405dd10032a1599f,0,0,0,,,0,0,0,no_overlap
improve-5068691fa4e6a78f,0,0,0,,,0,0,0,no_overlap
improve-5e77615d576a1b01,0,0,0,,,0,0,0,no_overlap
improve-7b2aa8aa02f510db,0,0,0,,,0,0,0,no_overlap
improve-21c871f2fdbea2ea,0,0,0,,,0,0,0,no_overlap
improve-f0b4e2238b7dd1b7,0,0,0,,,0,0,0,no_overlap
improve-7298f62139d00559,0,0,0,,,0,0,0,no_overlap
improve-b4499c25d1d64157,0,0,0,,,0,0,0,no_overlap
improve-8b410f089a3b3a22,0,0,0,,,0,0,0,no_overlap
improve-499db9fc65c6510c,0,0,0,,,0,0,0,no_overlap
improve-09ddb96048c9a58b,0,0,0,,,0,0,0,no_overlap
improve-074409028e92bbce,0,0,0,,,0,0,0,no_overlap
improve-e315afe4f50e1d45,0,0,0,,,0,0,0,no_overlap
improve-2c688ca610423e62,0,0,0,,,0,0,0,no_overlap
improve-ca3f1bac7281ac7a,0,0,0,,,0,0,0,no_overlap
improve-512f042bcae6364f,0,0,0,,,0,0,0,no_overlap
improve-c89d8c79a995bb35,0,0,0,,,0,0,0,no_overlap
improve-7eb7c3fe6446a90a,0,0,0,,,0,0,0,no_overlap
improve-2abebb1ef786b22e,0,0,0,,,0,0,0,no_overlap
improve-45a33f41dbedc6ec,0,0,0,,,0,0,0,no_overlap
improve-13652f18563ba045,0,0,0,,,0,0,0,no_overlap
improve-22387f81010e7ee8,0,0,0,,,0,0,0,no_overlap
improve-ce0597ec996de85d,0,0,0,,,0,0,0,no_overlap
improve-2c25cfd614a3d1a6,0,0,0,,,0,0,0,no_overlap
improve-8ad3bbed698295e2,0,0,0,,,0,0,0,no_overlap
improve-132e37ef343dbd37,0,0,0,,,0,0,0,no_overlap
improve-a1ea3ad4d28c3cec,0,0,0,,,0,0,0,no_overlap
improve-a2bc03ee0da17372,0,0,0,,,0,0,0,no_overlap
improve-110601181366430b,0,0,0,,,0,0,0,no_overlap
improve-684fc6818c35962b,0,0,0,,,0,0,0,no_overlap
improve-2d65eea96548f5e8,0,0,0,,,0,0,0,no_overlap
improve-be2ddddfd9b5d714,0,0,0,,,0,0,0,no_overlap
improve-b7b50f11f9c7f5af,0,0,0,,,0,0,0,no_overlap
improve-07ddd0fe4baa6714,0,0,0,,,0,0,0,no_overlap
improve-829108acb0548e85,0,0,0,,,0,0,0,no_overlap
improve-67db0b8afb44cb6a,0,0,0,,,0,0,0,no_overlap
improve-a378989ca73c371b,0,0,0,,,0,0,0,no_overlap
improve-bf213a223acfe42e,0,0,0,,,0,0,0,no_overlap
improve-4111677e7093a6ea,0,0,0,,,0,0,0,no_overlap
improve-3855e477725c171e,0,0,0,,,0,0,0,no_overlap
improve-eefdf16337e8a066,0,0,0,,,0,0,0,no_overlap
improve-bf42f070add96597,0,0,0,,,0,0,0,no_overlap
improve-1eef306f49c6e5d0,0,0,0,,,0,0,0,no_overlap
improve-ae23e7a6bb7eff9c,0,0,0,,,0,0,0,no_overlap
improve-55537ef98e14eaa5,0,0,0,,,0,0,0,no_overlap
improve-3dd9371a306ad5a0,0,0,0,,,0,0,0,no_overlap
improve-5da938927187f6de,0,0,0,,,0,0,0,no_overlap
improve-2055565957c60097,0,0,0,,,0,0,0,no_overlap
improve-8abb5a1b4facd0b7,0,0,0,,,0,0,0,no_overlap
improve-1bde2c9aaf576ff1,0,0,0,,,0,0,0,no_overlap
improve-746071bd06e5b757,0,0,0,,,0,0,0,no_overlap
improve-be276d8fa93160b7,0,0,0,,,0,0,0,no_overlap
improve-ec12d23da6ee1d66,0,0,0,,,0,0,0,no_overlap
improve-04d690ce5c3ed126,0,0,0,,,0,0,0,no_overlap
improve-9e4f007dbcb0a256,0,0,0,,,0,0,0,no_overlap
improve-ea5183cae93573cc,0,0,0,,,0,0,0,no_overlap
improve-a3e0b5c1ea299f43,0,0,0,,,0,0,0,no_overlap
improve-aa4fd71721cd8fa7,0,0,0,,,0,0,0,no_overlap
improve-42e8b02ffde78d05,0,0,0,,,0,0,0,no_overlap
improve-489d3ffb05ee1ca8,0,0,0,,,0,0,0,no_overlap
improve-17e13f66646dbcb1,0,0,0,,,0,0,0,no_overlap
improve-a2682da38d658fc8,0,0,0,,,0,0,0,no_overlap
improve-3dbe42246f577563,0,0,0,,,0,0,0,no_overlap
improve-e3012cfef8bf18e4,0,0,0,,,0,0,0,no_overlap
improve-4f1a76614fd26b52,0,0,0,,,0,0,0,no_overlap
improve-8951657d884e9e1d,0,0,0,,,0,0,0,no_overlap
improve-3fc5b55c048bd298,0,0,0,,,0,0,0,no_overlap
improve-83ff639eac9fe4b4,0,0,0,,,0,0,0,no_overlap
improve-f858d8c305771d18,0,0,0,,,0,0,0,no_overlap
improve-6ca344f58ac68db8,0,0,0,,,0,0,0,no_overlap
improve-85b36f078cea414e,0,0,0,,,0,0,0,no_overlap
improve-a8e8078ca1edf6ac,0,0,0,,,0,0,0,no_overlap
improve-693f2ec60620486f,0,0,0,,,0,0,0,no_overlap
improve-60483367a41e7bfe,0,0,0,,,0,0,0,no_overlap
improve-64eb98e7d2a36507,0,0,0,,,0,0,0,no_overlap
improve-0907fc8f9c495c16,0,0,0,,,0,0,0,no_overlap
improve-a1c4ae7bdfac45f6,0,0,0,,,0,0,0,no_overlap
improve-e7d8d12f7116f2ba,0,0,0,,,0,0,0,no_overlap
improve-48eb0cbc644f91b7,0,0,0,,,0,0,0,no_overlap
improve-57aed39d89d31b74,0,0,0,,,0,0,0,no_overlap
improve-cb5a88a0946d6437,0,0,0,,,0,0,0,no_overlap
improve-ccebb0999c7b741f,0,0,0,,,0,0,0,no_overlap
improve-b9b4b0dacbe57fb2,0,0,0,,,0,0,0,no_overlap
improve-8978197051462b66,0,0,0,,,0,0,0,no_overlap
improve-a7622017020fd949,0,0,0,,,0,0,0,no_overlap
improve-292796597d9a16bf,0,0,0,,,0,0,0,no_overlap
improve-561c6347b60353c0,0,0,0,,,0,0,0,no_overlap
improve-fc4c4826d661cd7c,0,0,0,,,0,0,0,no_overlap
improve-24fa164ca1d58823,0,0,0,,,0,0,0,no_overlap
improve-0dc3a318996f74cc,0,0,0,,,0,0,0,no_overlap
improve-bf426163b627940a,0,0,0,,,0,0,0,no_overlap
improve-e20dbdbdda68e593,0,0,0,,,0,0,0,no_overlap
improve-2736b1616f07bd18,0,0,0,,,0,0,0,no_overlap
improve-fa77b2f4ed36d3cb,0,0,0,,,0,0,0,no_overlap
improve-f3851b30fe53992f,0,0,0,,,0,0,0,no_overlap
improve-6febc2bc0544d63a,0,0,0,,,0,0,0,no_overlap
improve-da24a847299fce8e,0,0,0,,,0,0,0,no_overlap
improve-1435f757443431f5,0,0,0,,,0,0,0,no_overlap
improve-735919fa21000cf5,0,0,0,,,0,0,0,no_overlap
improve-ac259840fe6caa7d,0,0,0,,,0,0,0,no_overlap
improve-25de4141d1cd3160,0,0,0,,,0,0,0,no_overlap
improve-0a664a9178c10b74,0,0,0,,,0,0,0,no_overlap
improve-664000915e7835ec,0,0,0,,,0,0,0,no_overlap
improve-e4fde8e096fe9924,0,0,0,,,0,0,0,no_overlap
improve-ec7c105849189b61,0,0,0,,,0,0,0,no_overlap
improve-e2f3842012a82dc6,0,0,0,,,0,0,0,no_overlap
improve-6bcd044963d90389,0,0,0,,,0,0,0,no_overlap
improve-063e4942a3c8c751,0,0,0,,,0,0,0,no_overlap
improve-7805ab35a5d66de0,0,0,0,,,0,0,0,no_overlap
improve-fc3a804ce7b94170,0,0,0,,,0,0,0,no_overlap
improve-3eb2a6951ada1782,0,0,0,,,0,0,0,no_overlap
improve-a23f38851e414fea,0,0,0,,,0,0,0,no_overlap
improve-9c1a5c2acfd53f87,0,0,0,,,0,0,0,no_overlap
improve-976f5ff12ec1dc88,0,0,0,,,0,0,0,no_overlap
improve-e23f97ae9804cd76,0,0,0,,,0,0,0,no_overlap
improve-a7f9f7bbbbdda2f8,0,0,0,,,0,0,0,no_overlap
improve-61a78a78d90fdce9,0,0,0,,,0,0,0,no_overlap
improve-7997e9cce42df20a,0,0,0,,,0,0,0,no_overlap
improve-77368fbae405d876,0,0,0,,,0,0,0,no_overlap
improve-e3a527db28803808,0,0,0,,,0,0,0,no_overlap
improve-7fe60d1ce594015d,0,0,0,,,0,0,0,no_overlap
improve-87038680373ae974,0,0,0,,,0,0,0,no_overlap
improve-6bc5006c6475c26f,0,0,0,,,0,0,0,no_overlap
improve-bfc9302e337d6ce9,0,0,0,,,0,0,0,no_overlap
improve-9d7e6d3cd16f2823,0,0,0,,,0,0,0,no_overlap
improve-c1e2d496a51210a3,0,0,0,,,0,0,0,no_overlap
improve-ebbc0edda1741611,0,0,0,,,0,0,0,no_overlap
improve-c81b7c820320ccc0,0,0,0,,,0,0,0,no_overlap
improve-92344d216b54747a,0,0,0,,,0,0,0,no_overlap
improve-3cb238868f7ae8e8,0,0,0,,,0,0,0,no_overlap
improve-4f61de1563c9efa4,0,0,0,,,0,0,0,no_overlap
improve-b10fa9e1c7b917ca,0,0,0,,,0,0,0,no_overlap
improve-d8c331de5f1fbffa,0,0,0,,,0,0,0,no_overlap
improve-4eee9fff952a08f5,0,0,0,,,0,0,0,no_overlap
improve-6589f9f2cf212903,0,0,0,,,0,0,0,no_overlap
improve-d49a80bc3ccd241e,0,0,0,,,0,0,0,no_overlap
improve-885e94cc8ba410e0,0,0,0,,,0,0,0,no_overlap
improve-b65ff2c1f4f50c3e,0,0,0,,,0,0,0,no_overlap
improve-303b803e96709972,0,0,0,,,0,0,0,no_overlap
improve-807abd7c25add82f,0,0,0,,,0,0,0,no_overlap
improve-e437dbc54003e614,0,0,0,,,0,0,0,no_overlap
improve-35260a07b8361eb3,0,0,0,,,0,0,0,no_overlap
improve-0d434be03ffacce1,0,0,0,,,0,0,0,no_overlap
improve-5186ac3a29002ba8,0,0,0,,,0,0,0,no_overlap
improve-e945ceaa7daa41d1,0,0,0,,,0,0,0,no_overlap
improve-949df9e4073314ee,0,0,0,,,0,0,0,no_overlap
improve-6f39383e3d4661d3,0,0,0,,,0,0,0,no_overlap
improve-05aabb471cf39cb4,0,0,0,,,0,0,0,no_overlap
improve-a05a6039c7938e7c,0,0,0,,,0,0,0,no_overlap
improve-9f6632b6cf099ef0,0,0,0,,,0,0,0,no_overlap
improve-058d4858964f3bdc,0,0,0,,,0,0,0,no_overlap
improve-048f840a51b42acb,0,0,0,,,0,0,0,no_overlap
improve-4f3730bafdb695ad,0,0,0,,,0,0,0,no_overlap
improve-70c37d68a2da07cc,0,0,0,,,0,0,0,no_overlap
improve-d200c6ab370ad853,0,0,0,,,0,0,0,no_overlap
improve-4d03af58f05727af,0,0,0,,,0,0,0,no_overlap
improve-2b3fdef814e1f081,0,0,0,,,0,0,0,no_overlap
improve-e64fe9fb60da5425,0,0,0,,,0,0,0,no_overlap
improve-0f253240aae51a16,0,0,0,,,0,0,0,no_overlap
improve-0d7f10db14ddf7b0,0,0,0,,,0,0,0,no_overlap
improve-c1935e05b337b1d7,0,0,0,,,0,0,0,no_overlap
improve-03e0e1d29ec89d75,0,0,0,,,0,0,0,no_overlap
improve-277b47baa1ffda8c,0,0,0,,,0,0,0,no_overlap
improve-72fa40bd67bb9905,0,0,0,,,0,0,0,no_overlap
improve-520596ebdfb4cbab,0,0,0,,,0,0,0,no_overlap
improve-41b35f7a5c73210c,0,0,0,,,0,0,0,no_overlap
improve-733f878cb5e280c7,0,0,0,,,0,0,0,no_overlap
improve-0f5f4d051b1ca67e,0,0,0,,,0,0,0,no_overlap
improve-9f755f6e8cbb248e,0,0,0,,,0,0,0,no_overlap
improve-73be4f4f1f480b01,0,0,0,,,0,0,0,no_overlap
improve-f83fe1cccc3c881d,0,0,0,,,0,0,0,no_overlap
improve-fc42b2bdf2296dd6,0,0,0,,,0,0,0,no_overlap
improve-fe40db2016258907,0,0,0,,,0,0,0,no_overlap
improve-d62c702aa403d045,0,0,0,,,0,0,0,no_overlap
improve-7cd8ca77dbb20d52,0,0,0,,,0,0,0,no_overlap
improve-3155b24190f47065,0,0,0,,,0,0,0,no_overlap
improve-b0bb0144c6d14675,0,0,0,,,0,0,0,no_overlap
improve-dc5fa88c7dd90b47,0,0,0,,,0,0,0,no_overlap
improve-5ffaa58acdef4c15,0,0,0,,,0,0,0,no_overlap
improve-5b7ce73db8a20b88,0,0,0,,,0,0,0,no_overlap
improve-75c456edb5ca2ab6,0,0,0,,,0,0,0,no_overlap
improve-bc4639ca53e8b7d9,0,0,0,,,0,0,0,no_overlap
improve-4a4e977807b9ecb0,0,0,0,,,0,0,0,no_overlap
improve-254861a41ba263c1,0,0,0,,,0,0,0,no_overlap
improve-40dc7aaaea6325b8,0,0,0,,,0,0,0,no_overlap
improve-ef4ba8c01f6e64b9,0,0,0,,,0,0,0,no_overlap
improve-3678e117387c28a0,0,0,0,,,0,0,0,no_overlap
improve-ed70cb28efb7e62a,0,0,0,,,0,0,0,no_overlap
improve-f0f3d4e6426bb1cf,0,0,0,,,0,0,0,no_overlap
improve-2c866a06a37b6fac,0,0,0,,,0,0,0,no_overlap
improve-9ba508eee2bba72b,0,0,0,,,0,0,0,no_overlap
improve-cb3e27126522ca99,0,0,0,,,0,0,0,no_overlap
improve-0656958e5ad5fb54,0,0,0,,,0,0,0,no_overlap
improve-3d47108065b6e65b,0,0,0,,,0,0,0,no_overlap
improve-b0b50780046dd797,0,0,0,,,0,0,0,no_overlap
improve-e2929f9358ccc2ba,0,0,0,,,0,0,0,no_overlap
improve-81915ef0a8fe0c84,0,0,0,,,0,0,0,no_overlap
improve-fb594cd95627ce76,0,0,0,,,0,0,0,no_overlap
improve-3f382c9d6f4c632f,0,0,0,,,0,0,0,no_overlap
improve-a3c24bd54fd583c9,0,0,0,,,0,0,0,no_overlap
improve-72af417f8e42e393,0,0,0,,,0,0,0,no_overlap
improve-bef516aee7f51f4f,0,0,0,,,0,0,0,no_overlap
improve-fe819b6b85860de3,0,0,0,,,0,0,0,no_overlap
improve-9629b2eeab960908,0,0,0,,,0,0,0,no_overlap
improve-204ed813054cf1c3,0,0,0,,,0,0,0,no_overlap
improve-2fc5dae9daf88669,0,0,0,,,0,0,0,no_overlap
improve-e4f88572a918d4b5,0,0,0,,,0,0,0,no_overlap
improve-c0ba321eddd55663,0,0,0,,,0,0,0,no_overlap
improve-a0505b95523e8d18,0,0,0,,,0,0,0,no_overlap
improve-80d8ca3ed635cfef,0,0,0,,,0,0,0,no_overlap
improve-33dc1c920e702bed,0,0,0,,,0,0,0,no_overlap
improve-4db0f63941c70e63,0,0,0,,,0,0,0,no_overlap
improve-85881fadf15fd18a,0,0,0,,,0,0,0,no_overlap
improve-4ec34558517210b2,0,0,0,,,0,0,0,no_overlap
improve-60a9f05facd0f2b3,0,0,0,,,0,0,0,no_overlap
improve-aa2ac53682227dff,0,0,0,,,0,0,0,no_overlap
improve-7e0be1d5c2166883,0,0,0,,,0,0,0,no_overlap
improve-cb3a40b1503a35e5,0,0,0,,,0,0,0,no_overlap
improve-d37ab7fc25eaaeb0,0,0,0,,,0,0,0,no_overlap
improve-6c6211d71390adb1,0,0,0,,,0,0,0,no_overlap
improve-5fe9e0e57b3b3283,0,0,0,,,0,0,0,no_overlap
improve-a1b109324c2aa455,0,0,0,,,0,0,0,no_overlap
improve-ad619eea8881354e,0,0,0,,,0,0,0,no_overlap
improve-46a36a6132a25868,0,0,0,,,0,0,0,no_overlap
improve-a0c29d216df4213f,0,0,0,,,0,0,0,no_overlap
improve-b2209ec0d232f488,0,0,0,,,0,0,0,no_overlap
improve-2d2cf0cf34cbab49,0,0,0,,,0,0,0,no_overlap
improve-2001f3b0aa0053fc,0,0,0,,,0,0,0,no_overlap
improve-81aa057c5c35c4cc,0,0,0,,,0,0,0,no_overlap
improve-9bf0590f0d63c393,0,0,0,,,0,0,0,no_overlap
improve-c95bff5796f6d866,0,0,0,,,0,0,0,no_overlap
improve-1c7a816b8f42162d,0,0,0,,,0,0,0,no_overlap
improve-c83ca7de9e4e3a93,0,0,0,,,0,0,0,no_overlap
improve-22b1c4652990c5aa,0,0,0,,,0,0,0,no_overlap
improve-b7dc661d5a45db7a,0,0,0,,,0,0,0,no_overlap
improve-2b8859a35c22ddad,0,0,0,,,0,0,0,no_overlap
improve-b98bbddd7fab0be8,0,0,0,,,0,0,0,no_overlap
improve-bc95c1119619f164,0,0,0,,,0,0,0,no_overlap
improve-73921290a0399f3b,0,0,0,,,0,0,0,no_overlap
improve-65b87819a0e1bb45,0,0,0,,,0,0,0,no_overlap
improve-43a5b950a342832b,0,0,0,,,0,0,0,no_overlap
improve-58f48f9a699a89a6,0,0,0,,,0,0,0,no_overlap
improve-74d04f43fd37e18c,0,0,0,,,0,0,0,no_overlap
improve-6ea6b89e83d0a61a,0,0,0,,,0,0,0,no_overlap
improve-0a1b49c5878b81c2,0,0,0,,,0,0,0,no_overlap
improve-e84c5301fe71fa6c,0,0,0,,,0,0,0,no_overlap
improve-20f66cb117d55564,0,0,0,,,0,0,0,no_overlap
improve-457959db6910848a,0,0,0,,,0,0,0,no_overlap
improve-0c99318791cb7861,0,0,0,,,0,0,0,no_overlap
improve-9ed036fda674fed7,0,0,0,,,0,0,0,no_overlap
improve-0e59776aaca2022d,0,0,0,,,0,0,0,no_overlap
improve-bced0607387627d6,0,0,0,,,0,0,0,no_overlap
improve-31678cd4a69ef6eb,0,0,0,,,0,0,0,no_overlap
improve-f1f2c21379c0de92,0,0,0,,,0,0,0,no_overlap
improve-5b351a5e2985a088,0,0,0,,,0,0,0,no_overlap
improve-58fa06b8538c55d8,0,0,0,,,0,0,0,no_overlap
improve-abf958f5d8c1de39,0,0,0,,,0,0,0,no_overlap
improve-1bbdfc050e3e37e3,0,0,0,,,0,0,0,no_overlap
improve-e47ad8ec9395ee5e,0,0,0,,,0,0,0,no_overlap
improve-69a09b8b1cfc6db8,0,0,0,,,0,0,0,no_overlap
improve-af3b576154c057c1,0,0,0,,,0,0,0,no_overlap
improve-28f7d39a46c8db83,0,0,0,,,0,0,0,no_overlap
improve-82ff9da20c1fd9ec,0,0,0,,,0,0,0,no_overlap
improve-372e0c52aabecd81,0,0,0,,,0,0,0,no_overlap
improve-399b9bb993013c15,0,0,0,,,0,0,0,no_overlap
improve-7afd650f4f137192,0,0,0,,,0,0,0,no_overlap
improve-bd742ff1f77ab0e8,0,0,0,,,0,0,0,no_overlap
improve-acfd3a41f8a162af,0,0,0,,,0,0,0,no_overlap
improve-42e22e6276ce6653,0,0,0,,,0,0,0,no_overlap
improve-5a558660387cb4da,0,0,0,,,0,0,0,no_overlap
improve-54c36757d8e447dd,0,0,0,,,0,0,0,no_overlap
improve-d5976a04bd2975a0,0,0,0,,,0,0,0,no_overlap
improve-04f6560e0c33f3f1,0,0,0,,,0,0,0,no_overlap
improve-f639b2283293a74a,0,0,0,,,0,0,0,no_overlap
improve-cbd5b95746db7d35,0,0,0,,,0,0,0,no_overlap
improve-48e3ebc252682120,0,0,0,,,0,0,0,no_overlap
improve-8bb885c8ec3425a2,0,0,0,,,0,0,0,no_overlap
improve-8c3f1f389c14e464,0,0,0,,,0,0,0,no_overlap
improve-d0456fb5c1247022,0,0,0,,,0,0,0,no_overlap
improve-bd2820af85d67388,0,0,0,,,0,0,0,no_overlap
improve-ff496cd2b89e5996,0,0,0,,,0,0,0,no_overlap
improve-c403f47b717964df,0,0,0,,,0,0,0,no_overlap
improve-1326103467047d63,0,0,0,,,0,0,0,no_overlap
improve-321a53db34d89e07,0,0,0,,,0,0,0,no_overlap
improve-c6591a61f7848077,0,0,0,,,0,0,0,no_overlap
improve-dc92c8d4f94a2e84,0,0,0,,,0,0,0,no_overlap
improve-b5997e8d576246c1,0,0,0,,,0,0,0,no_overlap
improve-5498434ae5b74d30,0,0,0,,,0,0,0,no_overlap
improve-5748b3fca3c4922d,0,0,0,,,0,0,0,no_overlap
improve-2d6b29b08683fbc7,0,0,0,,,0,0,0,no_overlap
improve-73a2772d28c84a8b,0,0,0,,,0,0,0,no_overlap
improve-81d17838f542632f,0,0,0,,,0,0,0,no_overlap
improve-0a7047e88ec03598,0,0,0,,,0,0,0,no_overlap
improve-1849ee4b4f150676,0,0,0,,,0,0,0,no_overlap
improve-cf75a33446ae15fe,0,0,0,,,0,0,0,no_overlap
improve-bc9eef904c4f0da5,0,0,0,,,0,0,0,no_overlap
improve-69c85a6ccd8d5abb,0,0,0,,,0,0,0,no_overlap
improve-2ee1c457e50dc0d4,0,0,0,,,0,0,0,no_overlap
improve-1916c35c463a9161,0,0,0,,,0,0,0,no_overlap
improve-bda44102f4f7f662,0,0,0,,,0,0,0,no_overlap
improve-049d74331e021a09,0,0,0,,,0,0,0,no_overlap
improve-20a822099b2ce5da,0,0,0,,,0,0,0,no_overlap
improve-dd80a0aba93727c8,0,0,0,,,0,0,0,no_overlap
improve-1a3d150dfa80e2df,0,0,0,,,0,0,0,no_overlap
improve-9dada37bdf5ef698,0,0,0,,,0,0,0,no_overlap
improve-1fb17878f92e8af7,0,0,0,,,0,0,0,no_overlap
improve-18c70e16d67f7d53,0,0,0,,,0,0,0,no_overlap
improve-55a0f4e79446fc0c,0,0,0,,,0,0,0,no_overlap
improve-fea297ace7fb0ed4,0,0,0,,,0,0,0,no_overlap
improve-3c8e6564fdf3fc59,0,0,0,,,0,0,0,no_overlap
improve-9eac0e81384ba7d3,0,0,0,,,0,0,0,no_overlap
improve-0ea6a60523854c4a,0,0,0,,,0,0,0,no_overlap
improve-450fc9823b5a59c4,0,0,0,,,0,0,0,no_overlap
improve-1757f74fd8ddca8f,0,0,0,,,0,0,0,no_overlap
improve-7daacf9d959e3730,0,0,0,,,0,0,0,no_overlap
improve-be274b04b1d363b7,0,0,0,,,0,0,0,no_overlap
improve-ce57387e9c5c8e9d,0,0,0,,,0,0,0,no_overlap
improve-ed400ee8f9e24a6e,0,0,0,,,0,0,0,no_overlap
improve-8e8a873105ea6de2,0,0,0,,,0,0,0,no_overlap
improve-97b31654f3e6eb10,0,0,0,,,0,0,0,no_overlap
improve-1ce3eb55a1d943b2,0,0,0,,,0,0,0,no_overlap
improve-21efc4026f24f017,0,0,0,,,0,0,0,no_overlap
improve-3e46d26f3a5206ed,0,0,0,,,0,0,0,no_overlap
improve-6fb4392b08851026,0,0,0,,,0,0,0,no_overlap
improve-96ea141714e4d937,0,0,0,,,0,0,0,no_overlap
improve-ab89f01fdb5bdf51,0,0,0,,,0,0,0,no_overlap
improve-c03c2f612d131b56,0,0,0,,,0,0,0,no_overlap
improve-25260a40636a97ab,0,0,0,,,0,0,0,no_overlap
improve-56b3c257057a1218,0,0,0,,,0,0,0,no_overlap
improve-e1dfcf19dd26032b,0,0,0,,,0,0,0,no_overlap
improve-13999d7f6eb2c78e,0,0,0,,,0,0,0,no_overlap
improve-a3d7b9fb35e11eb3,0,0,0,,,0,0,0,no_overlap
improve-ccde1a9147e1407c,0,0,0,,,0,0,0,no_overlap
improve-9b37d8de73474aed,0,0,0,,,0,0,0,no_overlap
improve-f59c869c743e8623,0,0,0,,,0,0,0,no_overlap
improve-efdc362c88289a28,0,0,0,,,0,0,0,no_overlap
improve-3836b5b661c63190,0,0,0,,,0,0,0,no_overlap
improve-6e0fb4db7f846370,0,0,0,,,0,0,0,no_overlap
improve-811b85cedf340887,0,0,0,,,0,0,0,no_overlap
improve-b555767571370e65,0,0,0,,,0,0,0,no_overlap
improve-ae2adae37d5b1c9a,0,0,0,,,0,0,0,no_overlap
improve-28d6bf3834bdedcc,0,0,0,,,0,0,0,no_overlap
improve-2c3755df760796d3,0,0,0,,,0,0,0,no_overlap
improve-6a72013d0c4c602a,0,0,0,,,0,0,0,no_overlap
improve-eeb1a641e94922f3,0,0,0,,,0,0,0,no_overlap
improve-90f9604482470b08,0,0,0,,,0,0,0,no_overlap
improve-e1e98c29bc610d56,0,0,0,,,0,0,0,no_overlap
improve-9409caa9652d4278,0,0,0,,,0,0,0,no_overlap
improve-e893b6bc47030544,0,0,0,,,0,0,0,no_overlap
improve-798e171e59c7567b,0,0,0,,,0,0,0,no_overlap
improve-812d43cb2d8d6803,0,0,0,,,0,0,0,no_overlap
improve-45674b16aa4e21d3,0,0,0,,,0,0,0,no_overlap
improve-4c7c93931dec020b,0,0,0,,,0,0,0,no_overlap
improve-40ffb9ae3e13c358,0,0,0,,,0,0,0,no_overlap
improve-16a7edc095cfa42b,0,0,0,,,0,0,0,no_overlap
improve-cdcbdf845384dcfd,0,0,0,,,0,0,0,no_overlap
improve-8c7f99a8d0d62f24,0,0,0,,,0,0,0,no_overlap
improve-25e0e2cd954208b1,0,0,0,,,0,0,0,no_overlap
improve-492532f8b7192975,0,0,0,,,0,0,0,no_overlap
improve-1fdb938d61c9516f,0,0,0,,,0,0,0,no_overlap
improve-477d3510f879bf57,0,0,0,,,0,0,0,no_overlap
improve-6f02f13af4c1de64,0,0,0,,,0,0,0,no_overlap
improve-9a8bff854847fd03,0,0,0,,,0,0,0,no_overlap
improve-8a57d9ea41b4907f,0,0,0,,,0,0,0,no_overlap
improve-a45aaa02db023a52,0,0,0,,,0,0,0,no_overlap
improve-e7a155c8ae6cfc88,0,0,0,,,0,0,0,no_overlap
improve-c2dd8a4c9457677b,0,0,0,,,0,0,0,no_overlap
improve-5eac31781d97601e,0,0,0,,,0,0,0,no_overlap
improve-f7f758bb5159a083,0,0,0,,,0,0,0,no_overlap
improve-4669a6405b0a43b6,0,0,0,,,0,0,0,no_overlap
improve-9e3e6a9b1f02a459,0,0,0,,,0,0,0,no_overlap
improve-7a5531e97aedf1d7,0,0,0,,,0,0,0,no_overlap
improve-e48eb242a787f966,0,0,0,,,0,0,0,no_overlap
improve-0aab3b9b3f867d5d,0,0,0,,,0,0,0,no_overlap
improve-efebc06a7d68c5c9,0,0,0,,,0,0,0,no_overlap
improve-0722484aa4b65f1c,0,0,0,,,0,0,0,no_overlap
improve-03ad3e925f4212cd,0,0,0,,,0,0,0,no_overlap
improve-06e3edd242031c72,0,0,0,,,0,0,0,no_overlap
improve-a329b6343febd447,0,0,0,,,0,0,0,no_overlap
improve-b9844910729ebba9,0,0,0,,,0,0,0,no_overlap
improve-b1d3c0d88648f290,0,0,0,,,0,0,0,no_overlap
improve-731baac7089b055d,0,0,0,,,0,0,0,no_overlap
improve-ded9ef9d23229c93,0,0,0,,,0,0,0,no_overlap
improve-7a6c5f99c325957e,0,0,0,,,0,0,0,no_overlap
improve-a02878e1108d0de0,0,0,0,,,0,0,0,no_overlap
improve-11e9a15be89385e8,0,0,0,,,0,0,0,no_overlap
improve-91ea59dd54915208,0,0,0,,,0,0,0,no_overlap
improve-d7838cf94d08cbc4,0,0,0,,,0,0,0,no_overlap
improve-d369523095f7b819,0,0,0,,,0,0,0,no_overlap
improve-c321d243d49c4819,0,0,0,,,0,0,0,no_overlap
improve-3d3ed48f46531d56,0,0,0,,,0,0,0,no_overlap
improve-6c83fe94dfd3cea1,0,0,0,,,0,0,0,no_overlap
improve-6cfbcb85bf0cad07,0,0,0,,,0,0,0,no_overlap
improve-de6719ef82a716d3,0,0,0,,,0,0,0,no_overlap
improve-f562fe3fafa65514,0,0,0,,,0,0,0,no_overlap
improve-3fd317c6c2273848,0,0,0,,,0,0,0,no_overlap
improve-730be2a2df9b6d26,0,0,0,,,0,0,0,no_overlap
improve-b36f61d5686f2640,0,0,0,,,0,0,0,no_overlap
improve-d972316aa653dd9e,0,0,0,,,0,0,0,no_overlap
improve-a544092627ab3dd1,0,0,0,,,0,0,0,no_overlap
improve-dd5cc77db40abeea,0,0,0,,,0,0,0,no_overlap
improve-6b18fdb6763b806f,0,0,0,,,0,0,0,no_overlap
improve-50882676cb9a28d1,0,0,0,,,0,0,0,no_overlap
improve-fa53324deebf62a4,0,0,0,,,0,0,0,no_overlap
improve-18269e477c095fd0,0,0,0,,,0,0,0,no_overlap
improve-5073ba83a386206b,0,0,0,,,0,0,0,no_overlap
improve-a66af47902ca35ad,0,0,0,,,0,0,0,no_overlap
improve-b0479e2229ff3f12,0,0,0,,,0,0,0,no_overlap
improve-e5f3e49c4abdb410,0,0,0,,,0,0,0,no_overlap
improve-24a6538b20a1552c,0,0,0,,,0,0,0,no_overlap
improve-5b379a9da0ab2566,0,0,0,,,0,0,0,no_overlap
improve-386ee25fa2e45005,0,0,0,,,0,0,0,no_overlap
improve-4d7ee6f6d386a7fd,0,0,0,,,0,0,0,no_overlap
improve-28114e607668db8c,0,0,0,,,0,0,0,no_overlap
improve-e6f672d94af60371,0,0,0,,,0,0,0,no_overlap
improve-7f948744ee49fc48,0,0,0,,,0,0,0,no_overlap
improve-700c01634d01b2de,0,0,0,,,0,0,0,no_overlap
improve-fd795011f62a587d,0,0,0,,,0,0,0,no_overlap
improve-9957b040c2673040,0,0,0,,,0,0,0,no_overlap
improve-74627c205b35591a,0,0,0,,,0,0,0,no_overlap
improve-c36b39f7affe41a1,0,0,0,,,0,0,0,no_overlap
improve-e03efbfe22134b73,0,0,0,,,0,0,0,no_overlap
improve-4c5f8119e6cbad9d,0,0,0,,,0,0,0,no_overlap
improve-745c20564c9acbc2,0,0,0,,,0,0,0,no_overlap
improve-6424ce5b33239490,0,0,0,,,0,0,0,no_overlap
improve-318e7daeac9399b5,0,0,0,,,0,0,0,no_overlap
improve-bd0caeea1182dd5a,0,0,0,,,0,0,0,no_overlap
improve-b887c0bd9d2a538a,0,0,0,,,0,0,0,no_overlap
improve-e1f079ae12646864,0,0,0,,,0,0,0,no_overlap
improve-465b741390678078,0,0,0,,,0,0,0,no_overlap
improve-451473361bdc9cc3,0,0,0,,,0,0,0,no_overlap
improve-94964eaea76bd678,0,0,0,,,0,0,0,no_overlap
improve-cf3271f3d1203fce,0,0,0,,,0,0,0,no_overlap
improve-baac377cec8a483e,0,0,0,,,0,0,0,no_overlap
improve-60b0e5b4e14e1532,0,0,0,,,0,0,0,no_overlap
improve-129487ff4f79bacc,0,0,0,,,0,0,0,no_overlap
improve-385b46fbc9157d24,0,0,0,,,0,0,0,no_overlap
improve-86cd2878018807d3,0,0,0,,,0,0,0,no_overlap
improve-04501a796ff5e457,0,0,0,,,0,0,0,no_overlap
improve-38f79d5f8887c673,0,0,0,,,0,0,0,no_overlap
improve-dc35476838e6bcdc,0,0,0,,,0,0,0,no_overlap
improve-f54763d25ad1fc56,0,0,0,,,0,0,0,no_overlap
improve-e6ca6020373452ac,0,0,0,,,0,0,0,no_overlap
improve-6138dd45e60f6990,0,0,0,,,0,0,0,no_overlap
improve-7af91998ecdf6001,0,0,0,,,0,0,0,no_overlap
improve-439479ce1ede9600,0,0,0,,,0,0,0,no_overlap
improve-e1e513e475b20316,0,0,0,,,0,0,0,no_overlap
improve-f26b1e46aa2049e0,0,0,0,,,0,0,0,no_overlap
improve-5da15014e49b3dc0,0,0,0,,,0,0,0,no_overlap
improve-1f359ab5f7ee2f11,0,0,0,,,0,0,0,no_overlap
improve-41ac34b79d96d87d,0,0,0,,,0,0,0,no_overlap
improve-d6617ed14a9fae7b,0,0,0,,,0,0,0,no_overlap
improve-5a6e5ba99f2edc4a,0,0,0,,,0,0,0,no_overlap
improve-071d334d180f9ee4,0,0,0,,,0,0,0,no_overlap
improve-658f5c0eb3f281c2,0,0,0,,,0,0,0,no_overlap
improve-6dae28d36a92a2e0,0,0,0,,,0,0,0,no_overlap
improve-d70595a04ceb3f5d,0,0,0,,,0,0,0,no_overlap
improve-d5ae7d308f1666c9,0,0,0,,,0,0,0,no_overlap
improve-9de9e3416a955ec4,0,0,0,,,0,0,0,no_overlap
improve-9d8f07845dd45ed1,0,0,0,,,0,0,0,no_overlap
improve-f766b4f111645854,0,0,0,,,0,0,0,no_overlap
improve-66623949e0b553d1,0,0,0,,,0,0,0,no_overlap
improve-8c4b912cdc805485,0,0,0,,,0,0,0,no_overlap
improve-70f6168487c98630,0,0,0,,,0,0,0,no_overlap
improve-e134a3e100749d9c,0,0,0,,,0,0,0,no_overlap
improve-ab818ea1e8ebaaca,0,0,0,,,0,0,0,no_overlap
improve-0ca9928de2a21f36,0,0,0,,,0,0,0,no_overlap
improve-2055c3135acc8603,0,0,0,,,0,0,0,no_overlap
improve-656c82ea9309b116,0,0,0,,,0,0,0,no_overlap
improve-a0b3298abff630db,0,0,0,,,0,0,0,no_overlap
improve-8e9210602e1d7442,0,0,0,,,0,0,0,no_overlap
improve-efebdf1749e9c0d0,0,0,0,,,0,0,0,no_overlap
improve-f1c0484afe399305,0,0,0,,,0,0,0,no_overlap
improve-a28ea788654709d4,0,0,0,,,0,0,0,no_overlap
improve-eda9dd863f5cab2d,0,0,0,,,0,0,0,no_overlap
improve-765e92c3015e848a,0,0,0,,,0,0,0,no_overlap
improve-e75911ace20d84bc,0,0,0,,,0,0,0,no_overlap
improve-dc821d4dc2342ad4,0,0,0,,,0,0,0,no_overlap
improve-c2b9bf0e6d17ab3b,0,0,0,,,0,0,0,no_overlap
improve-28beb9f2bc5bea63,0,0,0,,,0,0,0,no_overlap
improve-0b3d836100e05a34,0,0,0,,,0,0,0,no_overlap
improve-c16effc223fff678,0,0,0,,,0,0,0,no_overlap
improve-929f7bccfbe8bdb0,0,0,0,,,0,0,0,no_overlap
improve-582c2c05b27ec7de,0,0,0,,,0,0,0,no_overlap
improve-abffba00a16f46d0,0,0,0,,,0,0,0,no_overlap
improve-ce58a84cea00ec0c,0,0,0,,,0,0,0,no_overlap
improve-c59543b1af2d9b39,0,0,0,,,0,0,0,no_overlap
improve-be2201dbfede206e,0,0,0,,,0,0,0,no_overlap
improve-6729ad2be0873fa8,0,0,0,,,0,0,0,no_overlap
improve-466a6e38fa0169a1,0,0,0,,,0,0,0,no_overlap
improve-964440d7c54d8f21,0,0,0,,,0,0,0,no_overlap
improve-0a9939552ee65416,0,0,0,,,0,0,0,no_overlap
improve-45c98ba12e91fc95,0,0,0,,,0,0,0,no_overlap
improve-2cbeaf8b08ae28b1,0,0,0,,,0,0,0,no_overlap
improve-facecc6f7db65619,0,0,0,,,0,0,0,no_overlap
improve-0dd2e27c40c53ba5,0,0,0,,,0,0,0,no_overlap
improve-579a54b20ee330b8,0,0,0,,,0,0,0,no_overlap
improve-332448e09a58380b,0,0,0,,,0,0,0,no_overlap
improve-7b91a905c48548e0,0,0,0,,,0,0,0,no_overlap
improve-c6b501303daf3831,0,0,0,,,0,0,0,no_overlap
improve-77a6750dab75e19c,0,0,0,,,0,0,0,no_overlap
improve-85d9a49db606d72f,0,0,0,,,0,0,0,no_overlap
improve-bb57175e5a960a58,0,0,0,,,0,0,0,no_overlap
improve-1d7c0b9230035bed,0,0,0,,,0,0,0,no_overlap
improve-cef3a585e07afae9,0,0,0,,,0,0,0,no_overlap
improve-7162ff92f39fcb9a,0,0,0,,,0,0,0,no_overlap
improve-155a5f9bcd3fd0e0,0,0,0,,,0,0,0,no_overlap
improve-9f0a874f6e51b325,0,0,0,,,0,0,0,no_overlap
improve-fb30119d7699d486,0,0,0,,,0,0,0,no_overlap
improve-6f2131f609ed3098,0,0,0,,,0,0,0,no_overlap
improve-d757e1773b182a4c,0,0,0,,,0,0,0,no_overlap
improve-4b5099bf567c404b,0,0,0,,,0,0,0,no_overlap
improve-d4305123394bf6a7,0,0,0,,,0,0,0,no_overlap
improve-d6f3d47f378ba5ad,0,0,0,,,0,0,0,no_overlap
improve-954f58f23d2f301a,0,0,0,,,0,0,0,no_overlap
improve-e77aa6acce03e479,0,0,0,,,0,0,0,no_overlap
improve-39139b4a3860fd27,0,0,0,,,0,0,0,no_overlap
improve-560030481b2af18b,0,0,0,,,0,0,0,no_overlap
improve-368ef691828911ed,0,0,0,,,0,0,0,no_overlap
improve-560a9bb0104e507d,0,0,0,,,0,0,0,no_overlap
improve-cc1249341f45ee44,0,0,0,,,0,0,0,no_overlap
improve-79da8d5017b636d7,0,0,0,,,0,0,0,no_overlap
improve-5f086465fbdc7704,0,0,0,,,0,0,0,no_overlap
improve-8a16e928b8a3eabd,0,0,0,,,0,0,0,no_overlap
improve-20f2d6e74cdfafea,0,0,0,,,0,0,0,no_overlap
improve-0bb24775a617adb0,0,0,0,,,0,0,0,no_overlap
improve-3374bed7a30b9ead,0,0,0,,,0,0,0,no_overlap
improve-a33cdfeccd348c7f,0,0,0,,,0,0,0,no_overlap
improve-3f2cf0bad582fd49,0,0,0,,,0,0,0,no_overlap
improve-c765f850aaacb561,0,0,0,,,0,0,0,no_overlap
improve-86e75cdd26053b60,0,0,0,,,0,0,0,no_overlap
improve-b566e8d40d0e4bce,0,0,0,,,0,0,0,no_overlap
improve-db1f137cbba236f1,0,0,0,,,0,0,0,no_overlap
improve-0493072e699616f8,0,0,0,,,0,0,0,no_overlap
improve-fe2050d60131c3d6,0,0,0,,,0,0,0,no_overlap
improve-dd7f8f880cb26d53,0,0,0,,,0,0,0,no_overlap
improve-695395e929e31dd1,0,0,0,,,0,0,0,no_overlap
improve-f20f994e2d8f5dd4,0,0,0,,,0,0,0,no_overlap
improve-b79b3c357654c674,0,0,0,,,0,0,0,no_overlap
improve-9aa20d943a9c8259,0,0,0,,,0,0,0,no_overlap
improve-b503d7a890a6181a,0,0,0,,,0,0,0,no_overlap
improve-f083456717affb45,0,0,0,,,0,0,0,no_overlap
improve-16031efabd3c1f92,0,0,0,,,0,0,0,no_overlap
improve-19fa857cc7b3e4e9,0,0,0,,,0,0,0,no_overlap
improve-698bd39d4e5e2b9e,0,0,0,,,0,0,0,no_overlap
improve-d18ab87181dadc3c,0,0,0,,,0,0,0,no_overlap
improve-86b7f85c12568b0e,0,0,0,,,0,0,0,no_overlap
improve-92fc6440b2373c03,0,0,0,,,0,0,0,no_overlap
improve-1998439c8cf4f6a0,0,0,0,,,0,0,0,no_overlap
improve-76b15acf88bd7bb6,0,0,0,,,0,0,0,no_overlap
improve-087e009fcf90f263,0,0,0,,,0,0,0,no_overlap
improve-4ab4594badbbcb45,0,0,0,,,0,0,0,no_overlap
improve-86a2fe32f59c5260,0,0,0,,,0,0,0,no_overlap
improve-02f05abcaac8fc91,0,0,0,,,0,0,0,no_overlap
improve-ce818a8c5cb7b6e0,0,0,0,,,0,0,0,no_overlap
improve-4c6f45d165010e91,0,0,0,,,0,0,0,no_overlap
improve-58f17f1d6baec59e,0,0,0,,,0,0,0,no_overlap
improve-b6c0e6732b128f61,0,0,0,,,0,0,0,no_overlap
improve-c25a737bd662d7fa,0,0,0,,,0,0,0,no_overlap
improve-321b455f7dbcc20b,0,0,0,,,0,0,0,no_overlap
improve-f2fad911d847a01e,0,0,0,,,0,0,0,no_overlap
improve-eedda22de615fd26,0,0,0,,,0,0,0,no_overlap
improve-9e7673ca8157b288,0,0,0,,,0,0,0,no_overlap
improve-345e562eb15eb809,0,0,0,,,0,0,0,no_overlap
improve-9c5a86f628ba6409,0,0,0,,,0,0,0,no_overlap
improve-ef34a16414a47910,0,0,0,,,0,0,0,no_overlap
improve-073f169a547e92b4,0,0,0,,,0,0,0,no_overlap
improve-3101485715d8de4b,0,0,0,,,0,0,0,no_overlap
improve-e6c198e1ae3fba7e,0,0,0,,,0,0,0,no_overlap
improve-c4f8ce81fddf651a,0,0,0,,,0,0,0,no_overlap
improve-a41381427bc71cab,0,0,0,,,0,0,0,no_overlap
improve-42ceed646b3b9e08,0,0,0,,,0,0,0,no_overlap
improve-c58144b55710a442,0,0,0,,,0,0,0,no_overlap
improve-f979295c7706a76d,0,0,0,,,0,0,0,no_overlap
improve-95a04e5123b13859,0,0,0,,,0,0,0,no_overlap
improve-671623290689b7b6,0,0,0,,,0,0,0,no_overlap
improve-9c82b811ea1ed775,0,0,0,,,0,0,0,no_overlap
improve-7b2eb89ff082df58,0,0,0,,,0,0,0,no_overlap
improve-f462c27e814ad26b,0,0,0,,,0,0,0,no_overlap
improve-d307d7c03e4f2f09,0,0,0,,,0,0,0,no_overlap
improve-402b763d810c69e8,0,0,0,,,0,0,0,no_overlap
improve-9b2f58851473b043,0,0,0,,,0,0,0,no_overlap
improve-fd13aace9684ec14,0,0,0,,,0,0,0,no_overlap
improve-e803f7ea85939c1b,0,0,0,,,0,0,0,no_overlap
improve-2447b7a5bd8a39df,0,0,0,,,0,0,0,no_overlap
improve-e29afaaf21c6203d,0,0,0,,,0,0,0,no_overlap
improve-60dca606cb0632a6,0,0,0,,,0,0,0,no_overlap
improve-ac9c39c2c7b1a80a,0,0,0,,,0,0,0,no_overlap
improve-5b668bab4c2fa6b4,0,0,0,,,0,0,0,no_overlap
improve-649f184a66a9fdcc,0,0,0,,,0,0,0,no_overlap
improve-e71ddfcbfcee37fb,0,0,0,,,0,0,0,no_overlap
improve-59cb8c386bee69ca,0,0,0,,,0,0,0,no_overlap
improve-97236464b0bb575e,0,0,0,,,0,0,0,no_overlap
improve-563db9fe718cf584,0,0,0,,,0,0,0,no_overlap
improve-4bc9b8a0441a14fe,0,0,0,,,0,0,0,no_overlap
improve-5b5ed8b9a296a312,0,0,0,,,0,0,0,no_overlap
improve-506742b371d2c8d4,0,0,0,,,0,0,0,no_overlap
improve-edbc72e1b9de8888,0,0,0,,,0,0,0,no_overlap
improve-d486287514ff2174,0,0,0,,,0,0,0,no_overlap
improve-28eb4846a457fcff,0,0,0,,,0,0,0,no_overlap
improve-235686d727d6e179,0,0,0,,,0,0,0,no_overlap
improve-a14cef5d89f3dffe,0,0,0,,,0,0,0,no_overlap
improve-fbc82161faf4bd4a,0,0,0,,,0,0,0,no_overlap
improve-e69f4be203a1f538,0,0,0,,,0,0,0,no_overlap
improve-c8ec9c1de200c835,0,0,0,,,0,0,0,no_overlap
improve-67e9c5926ecf7652,0,0,0,,,0,0,0,no_overlap
improve-8ae7bf44dbe79f71,0,0,0,,,0,0,0,no_overlap
improve-742eef68ce16822b,0,0,0,,,0,0,0,no_overlap
improve-17f04c549b12a977,0,0,0,,,0,0,0,no_overlap
improve-c7557944d8146680,0,0,0,,,0,0,0,no_overlap
improve-8ee7fd42b0e843a7,0,0,0,,,0,0,0,no_overlap
improve-2023124d5cda7623,0,0,0,,,0,0,0,no_overlap
improve-a139470e9c45f2a6,0,0,0,,,0,0,0,no_overlap
improve-246a62160287c68a,0,0,0,,,0,0,0,no_overlap
improve-5f519fe38e8dc93b,0,0,0,,,0,0,0,no_overlap
improve-47f8bf512c2f3cc1,0,0,0,,,0,0,0,no_overlap
improve-9ef5f3d0662794a9,0,0,0,,,0,0,0,no_overlap
improve-289cc251711a9520,0,0,0,,,0,0,0,no_overlap
improve-67d960afefe6c9ca,0,0,0,,,0,0,0,no_overlap
improve-b5a6be9b0c061080,0,0,0,,,0,0,0,no_overlap
improve-66ec8bb139f3a3db,0,0,0,,,0,0,0,no_overlap
improve-f9c22408d29e3b96,0,0,0,,,0,0,0,no_overlap
improve-3f2b1ec0c0208da3,0,0,0,,,0,0,0,no_overlap
improve-7179bf06d36f42b0,0,0,0,,,0,0,0,no_overlap
improve-7bec20af37e19b0a,0,0,0,,,0,0,0,no_overlap
improve-2f27da15fe49d626,0,0,0,,,0,0,0,no_overlap
improve-7c7647078157a710,0,0,0,,,0,0,0,no_overlap
improve-eb12a4f6694e5cc5,0,0,0,,,0,0,0,no_overlap
improve-ec39800f6b62d8d7,0,0,0,,,0,0,0,no_overlap
improve-e4e3c6af3d641989,0,0,0,,,0,0,0,no_overlap
improve-8b1c428c6a43e0a1,0,0,0,,,0,0,0,no_overlap
improve-c9b8ef12eea66ccc,0,0,0,,,0,0,0,no_overlap
improve-b6bb9f0ad6b39953,0,0,0,,,0,0,0,no_overlap
improve-57d72a8b16af5ef0,0,0,0,,,0,0,0,no_overlap
improve-5676fe706d99ea1c,0,0,0,,,0,0,0,no_overlap
improve-018d8e7e2a8e6b05,0,0,0,,,0,0,0,no_overlap
improve-670a263b9fdd5b82,0,0,0,,,0,0,0,no_overlap
improve-997ce2b88b59cf04,0,0,0,,,0,0,0,no_overlap
improve-3ff9ac9d710f6342,0,0,0,,,0,0,0,no_overlap
improve-395d2100ee41ada5,0,0,0,,,0,0,0,no_overlap
improve-f21866d8b11c48a7,0,0,0,,,0,0,0,no_overlap
improve-aacdeacc549bf71f,0,0,0,,,0,0,0,no_overlap
improve-cb453ecc1620120a,0,0,0,,,0,0,0,no_overlap
improve-d7ff84ecea58b1d8,0,0,0,,,0,0,0,no_overlap
improve-0b8131dbe81bfa5f,0,0,0,,,0,0,0,no_overlap
improve-13b187b62c9feb30,0,0,0,,,0,0,0,no_overlap
improve-e4eb2166995e62cc,0,0,0,,,0,0,0,no_overlap
improve-bf4323291dcb7e39,0,0,0,,,0,0,0,no_overlap
improve-5862f49fa5f535bc,0,0,0,,,0,0,0,no_overlap
improve-ba00b6170f61a3b8,0,0,0,,,0,0,0,no_overlap
improve-ec7bfeca035b7cee,0,0,0,,,0,0,0,no_overlap
improve-3db7b4563e3d89e5,0,0,0,,,0,0,0,no_overlap
improve-0dafd2fbffee6fcc,0,0,0,,,0,0,0,no_overlap
improve-d5f051945be7d437,0,0,0,,,0,0,0,no_overlap
improve-89892f2217bc36e7,0,0,0,,,0,0,0,no_overlap
improve-f0bc2be64286738d,0,0,0,,,0,0,0,no_overlap
improve-bb9706532ec7e4ad,0,0,0,,,0,0,0,no_overlap
improve-4a89f80657513b82,0,0,0,,,0,0,0,no_overlap
improve-aa5f2fbc9ebf5a8d,0,0,0,,,0,0,0,no_overlap
improve-881515224534d8ca,0,0,0,,,0,0,0,no_overlap
improve-e03ad6e40bc12c6c,0,0,0,,,0,0,0,no_overlap
improve-69012dd4e7303940,0,0,0,,,0,0,0,no_overlap
improve-bb7cdfd4d4bf17fc,0,0,0,,,0,0,0,no_overlap
improve-8f37ff6a194d2bbe,0,0,0,,,0,0,0,no_overlap
improve-0c356afbeb48cd33,0,0,0,,,0,0,0,no_overlap
improve-968eabb2c7f6df02,0,0,0,,,0,0,0,no_overlap
improve-89044eeff7e88220,0,0,0,,,0,0,0,no_overlap
improve-2f2768cad0d687ce,0,0,0,,,0,0,0,no_overlap
improve-534e284cdcfc5588,0,0,0,,,0,0,0,no_overlap
improve-f430e53834f4f297,0,0,0,,,0,0,0,no_overlap
improve-ad3ee463014d27c8,0,0,0,,,0,0,0,no_overlap
improve-287fce8d527f66b9,0,0,0,,,0,0,0,no_overlap
improve-5110fbe95a15baae,0,0,0,,,0,0,0,no_overlap
improve-353c1e017fe235cf,0,0,0,,,0,0,0,no_overlap
improve-da88ad050772c13a,0,0,0,,,0,0,0,no_overlap
improve-6dd07299671c43da,0,0,0,,,0,0,0,no_overlap
improve-27f95b36eda72808,0,0,0,,,0,0,0,no_overlap
improve-68a36d9b3f07c6d8,0,0,0,,,0,0,0,no_overlap
improve-9d2fd9f54116b63e,0,0,0,,,0,0,0,no_overlap
improve-34f7d69bc0a4ee01,0,0,0,,,0,0,0,no_overlap
improve-ec52235d410b1ec8,0,0,0,,,0,0,0,no_overlap
improve-4166dc3e788334f0,0,0,0,,,0,0,0,no_overlap
improve-e667d565d5138eb1,0,0,0,,,0,0,0,no_overlap
improve-521cf76eaf2b0239,0,0,0,,,0,0,0,no_overlap
improve-ac6d7e1eaa6c7daa,0,0,0,,,0,0,0,no_overlap
improve-bdb2fd84bbc94b4c,0,0,0,,,0,0,0,no_overlap
improve-ecc710adc7ae55b0,0,0,0,,,0,0,0,no_overlap
improve-388d758d931ab6ff,0,0,0,,,0,0,0,no_overlap
improve-996266bca52de047,0,0,0,,,0,0,0,no_overlap
improve-440210ebd6acccf3,0,0,0,,,0,0,0,no_overlap
improve-c047d04dd0dacc3f,0,0,0,,,0,0,0,no_overlap
improve-1fa8121f97f716f4,0,0,0,,,0,0,0,no_overlap
improve-68939458fd83b4c0,0,0,0,,,0,0,0,no_overlap
improve-444acc9bc5487850,0,0,0,,,0,0,0,no_overlap
improve-2de5ebfcde46870c,0,0,0,,,0,0,0,no_overlap
improve-6ff32feef5609a0b,0,0,0,,,0,0,0,no_overlap
improve-aa0461768d146e2f,0,0,0,,,0,0,0,no_overlap
improve-ded9bad4c9bc132d,0,0,0,,,0,0,0,no_overlap
improve-5dabe90c1f02622b,0,0,0,,,0,0,0,no_overlap
improve-cc9d027b72962672,0,0,0,,,0,0,0,no_overlap
improve-8cc23233d19fe647,0,0,0,,,0,0,0,no_overlap
improve-1aba356cafb90db9,0,0,0,,,0,0,0,no_overlap
improve-c2492a477e4d732b,0,0,0,,,0,0,0,no_overlap
improve-7c73f64d3b5f242f,0,0,0,,,0,0,0,no_overlap
improve-839ee6db111cbf49,0,0,0,,,0,0,0,no_overlap
improve-195111e17791e00e,0,0,0,,,0,0,0,no_overlap
improve-0c96a2834d03dd48,0,0,0,,,0,0,0,no_overlap
improve-ca4aace70d29c75a,0,0,0,,,0,0,0,no_overlap
improve-d79a716eb6ffdec8,0,0,0,,,0,0,0,no_overlap
improve-322174d2bb8ae493,0,0,0,,,0,0,0,no_overlap
improve-22a5e6edc9ce3810,0,0,0,,,0,0,0,no_overlap
improve-095e5cb6bb832475,0,0,0,,,0,0,0,no_overlap
improve-d0bdb59d518170d0,0,0,0,,,0,0,0,no_overlap
improve-4aa3608171cd938f,0,0,0,,,0,0,0,no_overlap
improve-f2c46447b08d055c,0,0,0,,,0,0,0,no_overlap
improve-895a9befc713bc8f,0,0,0,,,0,0,0,no_overlap
improve-0e8255bd92052d5a,0,0,0,,,0,0,0,no_overlap
improve-259e88ff119d1887,0,0,0,,,0,0,0,no_overlap
improve-f2d1ec939fe7572e,0,0,0,,,0,0,0,no_overlap
improve-c93e5195f58d2a22,0,0,0,,,0,0,0,no_overlap
improve-138931ed481f1db2,0,0,0,,,0,0,0,no_overlap
improve-e9036c2e15a47a61,0,0,0,,,0,0,0,no_overlap
improve-17b01ce35e86abe4,0,0,0,,,0,0,0,no_overlap
improve-a92bb7d943c9fe70,0,0,0,,,0,0,0,no_overlap
improve-b2f890de39d404b4,0,0,0,,,0,0,0,no_overlap
improve-9fe969a2cf79c95f,0,0,0,,,0,0,0,no_overlap
improve-c6f48d8ba82164fd,0,0,0,,,0,0,0,no_overlap
improve-1fe72a872d6e267f,0,0,0,,,0,0,0,no_overlap
improve-992e90aec14930dc,0,0,0,,,0,0,0,no_overlap
improve-87f422eab7dfe2ff,0,0,0,,,0,0,0,no_overlap
improve-dd280639acf9039f,0,0,0,,,0,0,0,no_overlap
improve-a6f71ae41b7867f8,0,0,0,,,0,0,0,no_overlap
improve-472cbbc5ea7927a2,0,0,0,,,0,0,0,no_overlap
improve-e579917012fbcfcd,0,0,0,,,0,0,0,no_overlap
improve-0c39cffceba0bf1e,0,0,0,,,0,0,0,no_overlap
improve-e6a8a3eb09c5c812,0,0,0,,,0,0,0,no_overlap
improve-5d0d39a34d44f83e,0,0,0,,,0,0,0,no_overlap
improve-87153c7aa67cb82f,0,0,0,,,0,0,0,no_overlap
improve-a3f14571e4bdc05b,0,0,0,,,0,0,0,no_overlap
improve-4c67923871a8af89,0,0,0,,,0,0,0,no_overlap
improve-e83526e8e5763cbd,0,0,0,,,0,0,0,no_overlap
improve-3b714871a2f547f9,0,0,0,,,0,0,0,no_overlap
improve-60fc899b0d1bf8b8,0,0,0,,,0,0,0,no_overlap
improve-9ee0668df398d7e8,0,0,0,,,0,0,0,no_overlap
improve-a98048a0aeb37ccc,0,0,0,,,0,0,0,no_overlap
improve-e01effc6e69ec5c6,0,0,0,,,0,0,0,no_overlap
improve-11bbdff7080e9de9,0,0,0,,,0,0,0,no_overlap
improve-b21c284d8af00843,0,0,0,,,0,0,0,no_overlap
improve-6b82113ba193f58c,0,0,0,,,0,0,0,no_overlap
improve-31cf4b0b9c82bfd3,0,0,0,,,0,0,0,no_overlap
improve-6d69d0788d19cd8d,0,0,0,,,0,0,0,no_overlap
improve-f0dafdbbc9ed879d,0,0,0,,,0,0,0,no_overlap
improve-01e26eeb1d38cb42,0,0,0,,,0,0,0,no_overlap
improve-37cec62d3186fc73,0,0,0,,,0,0,0,no_overlap
improve-fb3b9c7bda0a01dc,0,0,0,,,0,0,0,no_overlap
improve-8c32bb990696a056,0,0,0,,,0,0,0,no_overlap
improve-b5ed8c5e226b352a,0,0,0,,,0,0,0,no_overlap
improve-9e29d51f2fa3126f,0,0,0,,,0,0,0,no_overlap
improve-1ca59d3c00850409,0,0,0,,,0,0,0,no_overlap
improve-9c79ae7682241814,0,0,0,,,0,0,0,no_overlap
improve-1c498e3581e4272d,0,0,0,,,0,0,0,no_overlap
improve-c78b78ce57f4d073,0,0,0,,,0,0,0,no_overlap
improve-65aaa0e32b668496,0,0,0,,,0,0,0,no_overlap
improve-a28472ba6a9e72c7,0,0,0,,,0,0,0,no_overlap
improve-9db85e8ef9f55e2d,0,0,0,,,0,0,0,no_overlap
improve-d3950bf382b95886,0,0,0,,,0,0,0,no_overlap
improve-2292cbb0e25174e5,0,0,0,,,0,0,0,no_overlap
improve-3ff3de9fb1c0c116,0,0,0,,,0,0,0,no_overlap
improve-a3f60a509b10877a,0,0,0,,,0,0,0,no_overlap
improve-37baf048e7dc5fff,0,0,0,,,0,0,0,no_overlap
improve-db5588f4468936db,0,0,0,,,0,0,0,no_overlap
improve-9f113d3855b1fe27,0,0,0,,,0,0,0,no_overlap
improve-28187472f5f4beb2,0,0,0,,,0,0,0,no_overlap
improve-657d438c0970ba10,0,0,0,,,0,0,0,no_overlap
improve-01b20084d9035413,0,0,0,,,0,0,0,no_overlap
improve-fc02a26f181afa12,0,0,0,,,0,0,0,no_overlap
improve-e8856475b20578cb,0,0,0,,,0,0,0,no_overlap
improve-d7a82ea2e8b3a36f,0,0,0,,,0,0,0,no_overlap
improve-9bd3b77001183fd3,0,0,0,,,0,0,0,no_overlap
improve-1530d1ed4524afe2,0,0,0,,,0,0,0,no_overlap
improve-88ab897dc15e91cc,0,0,0,,,0,0,0,no_overlap
improve-4e3522a4d07ebd61,0,0,0,,,0,0,0,no_overlap
improve-e5cd995646456e9b,0,0,0,,,0,0,0,no_overlap
improve-b995b2d361c1f8e2,0,0,0,,,0,0,0,no_overlap
improve-72b1d789fd9ea8b7,0,0,0,,,0,0,0,no_overlap
improve-f4afd69720286a80,0,0,0,,,0,0,0,no_overlap
improve-efbb57319b772c88,0,0,0,,,0,0,0,no_overlap
improve-508084c522bbcc75,0,0,0,,,0,0,0,no_overlap
improve-1640ea66f242bc7b,0,0,0,,,0,0,0,no_overlap
improve-1abef49d14f73717,0,0,0,,,0,0,0,no_overlap
improve-6765c1319234f053,0,0,0,,,0,0,0,no_overlap
improve-ba89cbf28a585ffb,0,0,0,,,0,0,0,no_overlap
improve-96c7c3cca22b7b69,0,0,0,,,0,0,0,no_overlap
improve-bfd29c728ce0f480,0,0,0,,,0,0,0,no_overlap
improve-e3d01e93b28d2247,0,0,0,,,0,0,0,no_overlap
improve-ca99ac74e4166006,0,0,0,,,0,0,0,no_overlap
improve-96cbf694eb075b4b,0,0,0,,,0,0,0,no_overlap
improve-90cdb3b1dab86d7a,0,0,0,,,0,0,0,no_overlap
improve-55f046d790abd12a,0,0,0,,,0,0,0,no_overlap
improve-e7e5fd319aac76cc,0,0,0,,,0,0,0,no_overlap
improve-93531503dbdb27a4,0,0,0,,,0,0,0,no_overlap
improve-b2c76387f692409f,0,0,0,,,0,0,0,no_overlap
improve-b8ab7a4f021ab01d,0,0,0,,,0,0,0,no_overlap
improve-ec4506e86df68ae6,0,0,0,,,0,0,0,no_overlap
improve-eec0ce4102cedcb1,0,0,0,,,0,0,0,no_overlap
improve-e7e32526dfc67e25,0,0,0,,,0,0,0,no_overlap
improve-cdb3839f98c5bb3a,0,0,0,,,0,0,0,no_overlap
improve-8785112f20a00710,0,0,0,,,0,0,0,no_overlap
improve-1aa67fcd40bed5b2,0,0,0,,,0,0,0,no_overlap
improve-036e1eb9e8796d0a,0,0,0,,,0,0,0,no_overlap
improve-819af89e63d46491,0,0,0,,,0,0,0,no_overlap
improve-cc28e72ffd438ed9,0,0,0,,,0,0,0,no_overlap
improve-8d2126b56815cd3d,0,0,0,,,0,0,0,no_overlap
improve-3b4455f3fc5afd99,0,0,0,,,0,0,0,no_overlap
improve-0b62619b83255d03,0,0,0,,,0,0,0,no_overlap
improve-4924da72f96bf8c5,0,0,0,,,0,0,0,no_overlap
improve-f05e342e11743321,0,0,0,,,0,0,0,no_overlap
improve-ba414cae01b8e4b0,0,0,0,,,0,0,0,no_overlap
improve-f72da48c994488b9,0,0,0,,,0,0,0,no_overlap
improve-1e43a8f426fb897f,0,0,0,,,0,0,0,no_overlap
improve-399af6152d752502,0,0,0,,,0,0,0,no_overlap
improve-b9300deb8ac963b4,0,0,0,,,0,0,0,no_overlap
improve-0de38ab579db7f81,0,0,0,,,0,0,0,no_overlap
improve-60d8b11407626dbf,0,0,0,,,0,0,0,no_overlap
improve-b0f1ee48862f7694,0,0,0,,,0,0,0,no_overlap
improve-02fcde716fb61c06,0,0,0,,,0,0,0,no_overlap
improve-913da4c81366cbd4,0,0,0,,,0,0,0,no_overlap
improve-12993a7793b36f37,0,0,0,,,0,0,0,no_overlap
improve-235470cc824e9fa1,0,0,0,,,0,0,0,no_overlap
improve-e43dc54630ceb94a,0,0,0,,,0,0,0,no_overlap
improve-63d47a2897903ab0,0,0,0,,,0,0,0,no_overlap
improve-5d971ecc89cdf4cb,0,0,0,,,0,0,0,no_overlap
improve-30b63a3f064cfb27,0,0,0,,,0,0,0,no_overlap
improve-bb01ec363256ec6c,0,0,0,,,0,0,0,no_overlap
improve-260844ec736a0ae7,0,0,0,,,0,0,0,no_overlap
improve-60bad4450efe3eac,0,0,0,,,0,0,0,no_overlap
improve-19b29843097a0afe,0,0,0,,,0,0,0,no_overlap
improve-39d419c8ee57a58d,0,0,0,,,0,0,0,no_overlap
improve-9358849ab8db9bb9,0,0,0,,,0,0,0,no_overlap
improve-56c19f08c803bc0c,0,0,0,,,0,0,0,no_overlap
improve-9c672b8024f2d39a,0,0,0,,,0,0,0,no_overlap
improve-cc2b2ca605d6abb6,0,0,0,,,0,0,0,no_overlap
improve-acd392d3d4887a01,0,0,0,,,0,0,0,no_overlap
improve-2213b89bd56087a4,0,0,0,,,0,0,0,no_overlap
improve-c0597a92c16c6e8e,0,0,0,,,0,0,0,no_overlap
improve-ac5e65a0ea50627e,0,0,0,,,0,0,0,no_overlap
improve-2c295ac3f9ae753b,0,0,0,,,0,0,0,no_overlap
improve-eb362f1f18f09191,0,0,0,,,0,0,0,no_overlap
improve-2d10ece85ced2bb5,0,0,0,,,0,0,0,no_overlap
improve-30b72d229417fa3c,0,0,0,,,0,0,0,no_overlap
improve-ea16e3765e1a4874,0,0,0,,,0,0,0,no_overlap
improve-05afae028c1a8401,0,0,0,,,0,0,0,no_overlap
improve-923f7a935ab3624f,0,0,0,,,0,0,0,no_overlap
improve-c1b2e291921edae4,0,0,0,,,0,0,0,no_overlap
improve-d9516a0185dca2fd,0,0,0,,,0,0,0,no_overlap
improve-fc220c1e7af19381,0,0,0,,,0,0,0,no_overlap
improve-a32af45fc64e191f,0,0,0,,,0,0,0,no_overlap
improve-05f76c62b5310978,0,0,0,,,0,0,0,no_overlap
improve-46d0ca5a626808f8,0,0,0,,,0,0,0,no_overlap
improve-b02ac96de4949735,0,0,0,,,0,0,0,no_overlap
improve-1bcffa6b40995f6d,0,0,0,,,0,0,0,no_overlap
improve-1aa9101ea86159d0,0,0,0,,,0,0,0,no_overlap
improve-b6fbc8b3f8d8302c,0,0,0,,,0,0,0,no_overlap
improve-721bc3db73c5e865,0,0,0,,,0,0,0,no_overlap
improve-c977bbf4fb0cc6aa,0,0,0,,,0,0,0,no_overlap
improve-aad1d413ba0cef5a,0,0,0,,,0,0,0,no_overlap
improve-61c4b0be2fb2cc44,0,0,0,,,0,0,0,no_overlap
improve-a84008c3a24cb300,0,0,0,,,0,0,0,no_overlap
improve-bc0b2c4dce4ac11b,0,0,0,,,0,0,0,no_overlap
improve-aaf7c95d1556e5f8,0,0,0,,,0,0,0,no_overlap
improve-02de2dfb98005781,0,0,0,,,0,0,0,no_overlap
improve-2039d8220028f535,0,0,0,,,0,0,0,no_overlap
improve-67122c7466ec72fe,0,0,0,,,0,0,0,no_overlap
improve-86dab1088e981fec,0,0,0,,,0,0,0,no_overlap
improve-329139a41a326bae,0,0,0,,,0,0,0,no_overlap
improve-8dd3480e36ded08b,0,0,0,,,0,0,0,no_overlap
improve-40241a7065ad365e,0,0,0,,,0,0,0,no_overlap
improve-0fe7c03100516d04,0,0,0,,,0,0,0,no_overlap
improve-19511712833f8472,0,0,0,,,0,0,0,no_overlap
improve-66996e0479ba3b49,0,0,0,,,0,0,0,no_overlap
improve-73a4b4def0b0667b,0,0,0,,,0,0,0,no_overlap
improve-22c1d4f92bcb6f5a,0,0,0,,,0,0,0,no_overlap
improve-ba8cc93cfcc8a6ff,0,0,0,,,0,0,0,no_overlap
improve-fa399c30d0d9e0d6,0,0,0,,,0,0,0,no_overlap
improve-11c2c7192785f575,0,0,0,,,0,0,0,no_overlap
improve-88a0586ffa12595f,0,0,0,,,0,0,0,no_overlap
improve-909628142cc3f9b2,0,0,0,,,0,0,0,no_overlap
improve-9b99fa3df674ea55,0,0,0,,,0,0,0,no_overlap
improve-67d8fad306a137a7,0,0,0,,,0,0,0,no_overlap
improve-bde27be844c84f68,0,0,0,,,0,0,0,no_overlap
improve-201ae9f8857a6950,0,0,0,,,0,0,0,no_overlap
improve-065e070cdc756098,0,0,0,,,0,0,0,no_overlap
improve-ef8dd2b85be9f29b,0,0,0,,,0,0,0,no_overlap
improve-0fa66efe6ee56381,0,0,0,,,0,0,0,no_overlap
improve-2a89c36806294775,0,0,0,,,0,0,0,no_overlap
improve-141f01988fdfa054,0,0,0,,,0,0,0,no_overlap
improve-5e6bd3b7f896d38d,0,0,0,,,0,0,0,no_overlap
improve-84b1616b2673115c,0,0,0,,,0,0,0,no_overlap
improve-b324fdb20f40b830,0,0,0,,,0,0,0,no_overlap
improve-8973993fce9b4620,0,0,0,,,0,0,0,no_overlap
improve-c61a1fb9041c4668,0,0,0,,,0,0,0,no_overlap
improve-3ae08e70bdf57a44,0,0,0,,,0,0,0,no_overlap
improve-2f010ae16b67b282,0,0,0,,,0,0,0,no_overlap
improve-de0262d891661b3a,0,0,0,,,0,0,0,no_overlap
improve-bb74e0d66420b8fc,0,0,0,,,0,0,0,no_overlap
improve-f7a9d7e9808c933c,0,0,0,,,0,0,0,no_overlap
improve-3f2837f1ab7efce8,0,0,0,,,0,0,0,no_overlap
improve-34e6d8c3b540255f,0,0,0,,,0,0,0,no_overlap
improve-f4f5fd5f7c54a7e8,0,0,0,,,0,0,0,no_overlap
improve-8bf19669ddb2fd18,0,0,0,,,0,0,0,no_overlap
improve-b51a6a046d0bd80a,0,0,0,,,0,0,0,no_overlap
improve-567c217391331685,0,0,0,,,0,0,0,no_overlap
improve-0282972df4d00558,0,0,0,,,0,0,0,no_overlap
improve-a22ef11ebf30610b,0,0,0,,,0,0,0,no_overlap
improve-aa267e588b24513a,0,0,0,,,0,0,0,no_overlap
improve-7f96685aa497403c,0,0,0,,,0,0,0,no_overlap
improve-47b8fb8b8c0358b2,0,0,0,,,0,0,0,no_overlap
improve-87f3e7c698f5de1a,0,0,0,,,0,0,0,no_overlap
improve-0db39df76add4d95,0,0,0,,,0,0,0,no_overlap
improve-1e7371dd03cbe4f2,0,0,0,,,0,0,0,no_overlap
improve-e23475d69af87d60,0,0,0,,,0,0,0,no_overlap
improve-233c9bbc3e8d2e90,0,0,0,,,0,0,0,no_overlap
improve-2c73c234f25f7223,0,0,0,,,0,0,0,no_overlap
improve-16a4cb0b27794c1e,0,0,0,,,0,0,0,no_overlap
improve-1c9152cd9247f2d0,0,0,0,,,0,0,0,no_overlap
improve-bc74a9a0d1c695c9,0,0,0,,,0,0,0,no_overlap
improve-6092c3de6b4edb2e,0,0,0,,,0,0,0,no_overlap
improve-bf066b241c2faa1e,0,0,0,,,0,0,0,no_overlap
improve-654e2e0c06613430,0,0,0,,,0,0,0,no_overlap
improve-ca8fbbac629c9c3f,0,0,0,,,0,0,0,no_overlap
improve-575a459b63ccc23f,0,0,0,,,0,0,0,no_overlap
improve-7653ac4122337837,0,0,0,,,0,0,0,no_overlap
improve-4c45f28de113a2d7,0,0,0,,,0,0,0,no_overlap
improve-abf6c7e5aea9823d,0,0,0,,,0,0,0,no_overlap
improve-8e428280b0002426,0,0,0,,,0,0,0,no_overlap
improve-e49d337d2bbf1904,0,0,0,,,0,0,0,no_overlap
improve-7e113b677a3f4c53,0,0,0,,,0,0,0,no_overlap
improve-21853bac86bda5ed,0,0,0,,,0,0,0,no_overlap
improve-e3d66f7c61ab360b,0,0,0,,,0,0,0,no_overlap
improve-ef2c324059bb403d,0,0,0,,,0,0,0,no_overlap
improve-315422bfc0d08575,0,0,0,,,0,0,0,no_overlap
improve-328666c86983fae3,0,0,0,,,0,1,1,no_overlap
improve-21afde50122fbf69,0,0,0,,,0,0,0,no_overlap
improve-ea73ac93c741b6e0,0,0,0,,,0,0,0,no_overlap
improve-89be8fa515024260,0,0,0,,,0,0,0,no_overlap
improve-f0264ad2c22deb3d,0,0,0,,,0,0,0,no_overlap
improve-f3cd74fa0945f07a,0,0,0,,,0,0,0,no_overlap
improve-09a202bca0cdf4ee,0,0,0,,,0,0,0,no_overlap
improve-b762950799dfbea5,0,0,0,,,0,0,0,no_overlap
improve-ac4a0726370296c8,0,0,0,,,0,0,0,no_overlap
improve-4acdae2fa5e7ea84,0,0,0,,,0,0,0,no_overlap
improve-76e51edf1ed67486,0,0,0,,,0,0,0,no_overlap
improve-b483cdc8c83d1807,0,0,0,,,0,0,0,no_overlap
improve-3d4e084e3719463b,0,0,0,,,0,0,0,no_overlap
improve-fbf18cd37291bb1a,0,0,0,,,0,0,0,no_overlap
improve-07afaa926ac460d7,0,0,0,,,0,0,0,no_overlap
improve-aec760384a8431c8,0,0,0,,,0,0,0,no_overlap
improve-c31b59575130103e,0,0,0,,,0,0,0,no_overlap
improve-1ef61a4bdbf4925a,0,0,0,,,0,0,0,no_overlap
improve-7ed753fc1ca9685e,0,0,0,,,0,0,0,no_overlap
improve-eb08acf982eaa16b,0,0,0,,,0,0,0,no_overlap
improve-8364ea162670d388,0,0,0,,,0,0,0,no_overlap
improve-78a942fdfdab8b14,0,0,0,,,0,0,0,no_overlap
improve-59939fc1d651777d,0,0,0,,,0,0,0,no_overlap
improve-58af13daf17d0e0b,0,0,0,,,0,0,0,no_overlap
improve-a093bb7d1b1ba3d2,0,0,0,,,0,0,0,no_overlap
improve-e32d577a2a626c67,0,0,0,,,0,0,0,no_overlap
improve-644f55a935f0625e,0,0,0,,,0,0,0,no_overlap
improve-33183079fca6e2ea,0,0,0,,,0,0,0,no_overlap
improve-f33856d8add08f18,0,0,0,,,0,1,1,no_overlap
improve-3ddae2195dca2b6f,0,0,0,,,0,0,0,no_overlap
improve-db04f2279dc32334,0,0,0,,,0,0,0,no_overlap
improve-a5f4ad774e183885,0,0,0,,,0,0,0,no_overlap
improve-a2dbed945df02b36,0,0,0,,,0,0,0,no_overlap
improve-740c439ec0742b17,0,0,0,,,0,0,0,no_overlap
improve-6caaa2c46ba571d9,0,0,0,,,0,0,0,no_overlap
improve-ab49912e3a443ac7,0,0,0,,,0,0,0,no_overlap
improve-6f06ff69c0369288,0,0,0,,,0,0,0,no_overlap
improve-1fe02880d005fb01,0,0,0,,,0,0,0,no_overlap
improve-d867df271f921ded,0,0,0,,,0,0,0,no_overlap
improve-0ad6f5840775dc46,0,0,0,,,0,0,0,no_overlap
improve-a27cc220f2ea644d,0,0,0,,,0,0,0,no_overlap
improve-5917df6997783240,0,0,0,,,0,0,0,no_overlap
improve-df88036e53cd578a,0,0,0,,,0,0,0,no_overlap
improve-188a253a8fcd0e35,0,0,0,,,0,0,0,no_overlap
improve-77fe7cf280c80e22,0,0,0,,,0,0,0,no_overlap
improve-275c78ca95cad2a6,0,0,0,,,0,0,0,no_overlap
improve-d38241467847521c,0,0,0,,,0,0,0,no_overlap
improve-7ba1a126e706731c,0,0,0,,,0,0,0,no_overlap
improve-29eb8e885bc72cbe,0,0,0,,,0,0,0,no_overlap
improve-5db6fa08a1d76a68,0,0,0,,,0,0,0,no_overlap
improve-9fc810b96c6e97c8,0,0,0,,,0,0,0,no_overlap
improve-9ebc1f86d127acc0,0,0,0,,,0,0,0,no_overlap
improve-f113f9aa4b20777f,0,0,0,,,0,0,0,no_overlap
improve-48885a2175c66fa6,0,0,0,,,0,0,0,no_overlap
improve-7c6e0bb4c2ce30f5,0,0,0,,,0,0,0,no_overlap
improve-780915719b25368c,0,0,0,,,0,0,0,no_overlap
improve-70c7e06912634467,0,0,0,,,0,0,0,no_overlap
improve-609618e4ce095944,0,0,0,,,0,0,0,no_overlap
improve-3aa58cd6e0077340,0,0,0,,,0,0,0,no_overlap
improve-7e7467b66d3fe73a,0,0,0,,,0,0,0,no_overlap
improve-6c42a741de276fab,0,0,0,,,0,0,0,no_overlap
improve-9cad9cd3a37818fe,0,0,0,,,0,0,0,no_overlap
improve-108aa1058f483cce,0,0,0,,,0,0,0,no_overlap
improve-9316062af0a4c8de,0,0,0,,,0,0,0,no_overlap
improve-996a11b371fec188,0,0,0,,,0,0,0,no_overlap
improve-fd0566771866f7ea,0,0,0,,,0,0,0,no_overlap
improve-8b595e71253291c0,0,0,0,,,0,0,0,no_overlap
improve-0928dc43c27ac1ce,0,0,0,,,0,0,0,no_overlap
improve-fea3b10ab210277d,0,0,0,,,0,0,0,no_overlap
improve-51625a884d89b1b4,0,0,0,,,0,0,0,no_overlap
improve-c45d697b53284794,0,0,0,,,0,0,0,no_overlap
improve-fac5198770d2388d,0,0,0,,,0,0,0,no_overlap
improve-f196e55924989aa9,0,0,0,,,0,0,0,no_overlap
improve-33338dc7015d2a6c,0,0,0,,,0,0,0,no_overlap
improve-23a6a5e44660cb82,0,0,0,,,0,0,0,no_overlap
improve-53ae6ad42e98701c,0,0,0,,,0,0,0,no_overlap
improve-4f82907abbb64a4a,0,0,0,,,0,0,0,no_overlap
improve-ba772cbdcdd531d6,0,0,0,,,0,0,0,no_overlap
improve-70d99ee0172779e8,0,0,0,,,0,0,0,no_overlap
improve-50489a12ca57fa5a,0,0,0,,,0,0,0,no_overlap
improve-e663881e0c81f0e4,0,0,0,,,0,0,0,no_overlap
improve-133e28480806f7f7,0,0,0,,,0,0,0,no_overlap
improve-bb2270dc52ff0179,0,0,0,,,0,0,0,no_overlap
improve-24de2b06ad5f5d95,0,0,0,,,0,0,0,no_overlap
improve-187ee757eda06182,0,0,0,,,0,0,0,no_overlap
improve-397a35ac5d87fa9d,0,0,0,,,0,0,0,no_overlap
improve-73953871b390740e,0,0,0,,,0,0,0,no_overlap
improve-918d316c7e95a681,0,0,0,,,0,0,0,no_overlap
improve-d5df7ebca99306b1,0,0,0,,,0,0,0,no_overlap
improve-fca1f3862909fba8,0,0,0,,,0,0,0,no_overlap
improve-bc95b59746b6e446,0,0,0,,,0,0,0,no_overlap
improve-3c197d28daec0910,0,0,0,,,0,0,0,no_overlap
improve-73781da4bf093148,0,0,0,,,0,0,0,no_overlap
improve-d0854586484f61c0,0,0,0,,,0,0,0,no_overlap
improve-6bc8490f343010e2,0,0,0,,,0,0,0,no_overlap
improve-b5201c165cf30670,0,0,0,,,0,0,0,no_overlap
improve-5655b9f344ac323e,0,0,0,,,0,0,0,no_overlap
improve-fd490beab574664b,0,0,0,,,0,0,0,no_overlap
improve-647a7e5c93db2752,0,0,0,,,0,0,0,no_overlap
improve-696fae62ab34ab24,0,0,0,,,0,0,0,no_overlap
improve-9c6c3a0b534fde03,0,0,0,,,0,0,0,no_overlap
improve-70d1966a9c12d12f,0,0,0,,,0,0,0,no_overlap
improve-74fcd122430ba516,0,0,0,,,0,0,0,no_overlap
improve-25d873a1cc9ea347,0,0,0,,,0,0,0,no_overlap
improve-0017cb7ff18a876e,0,0,0,,,0,0,0,no_overlap
improve-c59423e15803a352,0,0,0,,,0,0,0,no_overlap
improve-b1b629637f8336d2,0,0,0,,,0,0,0,no_overlap
improve-9b1c562466c7ba38,0,0,0,,,0,0,0,no_overlap
improve-0d1900ee83ec92db,0,0,0,,,0,0,0,no_overlap
improve-6d5727267ad96d31,0,0,0,,,0,0,0,no_overlap
improve-abb101e39e7557f1,0,0,0,,,0,0,0,no_overlap
improve-96cb364bdda302a0,0,0,0,,,0,0,0,no_overlap
improve-147c7fe6375f19b7,0,0,0,,,0,0,0,no_overlap
improve-1a056a606d309b77,0,0,0,,,0,0,0,no_overlap
improve-61b6fd4665834f39,0,0,0,,,0,0,0,no_overlap
improve-aebaecf7391425c3,0,0,0,,,0,0,0,no_overlap
improve-60befcf26d4b7840,0,0,0,,,0,0,0,no_overlap
improve-2c8a2a4c8e668d89,0,0,0,,,0,0,0,no_overlap
improve-b580b74b3af00516,0,0,0,,,0,0,0,no_overlap
improve-ccbd428270810e93,0,0,0,,,0,0,0,no_overlap
improve-778b17613ce813ae,0,0,0,,,0,0,0,no_overlap
improve-bde623bc33d2868f,0,0,0,,,0,0,0,no_overlap
improve-206854cefab1c443,0,0,0,,,0,0,0,no_overlap
improve-b5045c02cbdceb68,0,0,0,,,0,0,0,no_overlap
improve-4fee98337cb0dfca,0,0,0,,,0,0,0,no_overlap
improve-89c2be2086281dfa,0,0,0,,,0,0,0,no_overlap
improve-1b37f10287e95200,0,0,0,,,0,0,0,no_overlap
improve-b8c831a0884aae30,0,0,0,,,0,0,0,no_overlap
improve-de5335e0f00d1736,0,0,0,,,0,0,0,no_overlap
improve-e16df45d0cc538b8,0,0,0,,,0,0,0,no_overlap
improve-2bd2dae8643c0a7e,0,0,0,,,0,0,0,no_overlap
improve-2d426ee14b07d1a7,0,0,0,,,0,0,0,no_overlap
improve-9c849894bb656c15,0,0,0,,,0,0,0,no_overlap
improve-8b2ba1d168e2fba9,0,0,0,,,0,0,0,no_overlap
improve-5c038fec5d90b1e1,0,0,0,,,0,0,0,no_overlap
improve-037a0c92c9eab107,0,0,0,,,0,0,0,no_overlap
improve-eb07fda204cc8354,0,0,0,,,0,0,0,no_overlap
improve-f09b021e2a7d9d87,0,0,0,,,0,0,0,no_overlap
improve-2d219652f4c992b1,0,0,0,,,0,0,0,no_overlap
improve-c77606b44707df0b,0,0,0,,,0,0,0,no_overlap
improve-8f207583a41b591c,0,0,0,,,0,0,0,no_overlap
improve-ca89c08ce8f66f45,0,0,0,,,0,0,0,no_overlap
improve-f4f7404eef0514b2,0,0,0,,,0,0,0,no_overlap
improve-f454f3fa1ad0d0c9,0,0,0,,,0,0,0,no_overlap
improve-35cd64bb96978122,0,0,0,,,0,0,0,no_overlap
improve-038437e0f96a332d,0,0,0,,,0,0,0,no_overlap
improve-16caf5cb694647ec,0,0,0,,,0,0,0,no_overlap
improve-8174eac966f1547c,0,0,0,,,0,0,0,no_overlap
improve-aee65fe2758028af,0,0,0,,,0,0,0,no_overlap
improve-e07a431ed32f1475,0,0,0,,,0,0,0,no_overlap
improve-fec87442fec14d19,0,0,0,,,0,0,0,no_overlap
improve-adbbf7ff84aaa8b4,0,0,0,,,0,0,0,no_overlap
improve-df1473e33861b4ab,0,0,0,,,0,0,0,no_overlap
improve-c72bd4126d0d5b6c,0,0,0,,,0,0,0,no_overlap
improve-f7f715857dd82145,0,0,0,,,0,0,0,no_overlap
improve-5714f4aa55188f1c,0,0,0,,,0,0,0,no_overlap
improve-7379ba831b75f120,0,0,0,,,0,0,0,no_overlap
improve-94c8708177abaf34,0,0,0,,,0,0,0,no_overlap
improve-3927d4124347802b,0,0,0,,,0,0,0,no_overlap
improve-fc56db5b553b5984,0,0,0,,,0,0,0,no_overlap
improve-5b690b948b2a0324,0,0,0,,,0,0,0,no_overlap
improve-520c65e3e3c37ecf,0,0,0,,,0,0,0,no_overlap
improve-f81b8b81b5e45767,0,0,0,,,0,0,0,no_overlap
improve-8d3a2161588f28c0,0,0,0,,,0,0,0,no_overlap
improve-26c964a3cbe552cb,0,0,0,,,0,0,0,no_overlap
improve-abb03cc331bfc509,0,0,0,,,0,0,0,no_overlap
improve-2ba0dddd7af7c987,0,0,0,,,0,0,0,no_overlap
improve-daca8b994e92d964,0,0,0,,,0,0,0,no_overlap
improve-e24e237b2f9f316a,0,0,0,,,0,0,0,no_overlap
improve-a847b16dc56f02d5,0,0,0,,,0,0,0,no_overlap
improve-3f2c9fae9f72a89b,0,0,0,,,0,0,0,no_overlap
improve-a361657a5878a52c,0,0,0,,,0,0,0,no_overlap
improve-4b667609a7295904,0,0,0,,,0,0,0,no_overlap
improve-d0f802b628dc421d,0,0,0,,,0,0,0,no_overlap
improve-d4705cc133591a60,0,0,0,,,0,0,0,no_overlap
improve-9f37135459aff3d2,0,0,0,,,0,0,0,no_overlap
improve-3e55740c6c557c92,0,0,0,,,0,0,0,no_overlap
improve-6a22fbe294c7c1cd,0,0,0,,,0,0,0,no_overlap
improve-f42ab9d94011dea1,0,0,0,,,0,0,0,no_overlap
improve-bdec2aae4b030240,0,0,0,,,0,0,0,no_overlap
improve-129153cb2f1ba7ac,0,0,0,,,0,0,0,no_overlap
improve-f7366659cea8225b,0,0,0,,,0,0,0,no_overlap
improve-4edc4758e5dde5ee,0,0,0,,,0,0,0,no_overlap
improve-7259fb9e53b2fffb,0,0,0,,,0,0,0,no_overlap
improve-99c2fc7070a211b4,0,0,0,,,0,0,0,no_overlap
improve-1b341dea84df2a08,0,0,0,,,0,0,0,no_overlap
improve-bea54c66d24f3a8b,0,0,0,,,0,0,0,no_overlap
improve-3887a94f996389d6,0,0,0,,,0,0,0,no_overlap
improve-9b50598fb198ac86,0,0,0,,,0,0,0,no_overlap
improve-063430f7e9307ea9,0,0,0,,,0,0,0,no_overlap
improve-36c315c279db7ca7,0,0,0,,,0,0,0,no_overlap
improve-1538a96b8d5cd44e,0,0,0,,,0,0,0,no_overlap
improve-584e7a2b54f6adbe,0,0,0,,,0,0,0,no_overlap
improve-8d8ee10edd2d6e04,0,0,0,,,0,0,0,no_overlap
improve-f08594da83e92aa6,0,0,0,,,0,0,0,no_overlap
improve-7157596af2bb158b,0,0,0,,,0,0,0,no_overlap
improve-57de001d7ffbb03a,0,0,0,,,0,0,0,no_overlap
improve-e7ffe67e968c6216,0,0,0,,,0,0,0,no_overlap
improve-5aff5b7e0d1d572d,0,0,0,,,0,0,0,no_overlap
improve-8b651c5cdb94165d,0,0,0,,,0,0,0,no_overlap
improve-7ff01c3b5757223d,0,0,0,,,0,0,0,no_overlap
improve-c7dfbad2a7ff44e0,0,0,0,,,0,0,0,no_overlap
improve-093d5fe3790352bd,0,0,0,,,0,0,0,no_overlap
improve-42e2a9bc10f749ce,0,0,0,,,0,0,0,no_overlap
improve-40bd2b302d7d49b6,0,0,0,,,0,0,0,no_overlap
improve-56e030d3579cd04b,0,0,0,,,0,0,0,no_overlap
improve-b3660d6d23e14b40,0,0,0,,,0,0,0,no_overlap
improve-304489bbdab36786,0,0,0,,,0,0,0,no_overlap
improve-4b1bfffbec56e6f4,0,0,0,,,0,0,0,no_overlap
improve-43299f1bc60f0b03,0,0,0,,,0,0,0,no_overlap
improve-ab0ddf8aa67c682f,0,0,0,,,0,0,0,no_overlap
improve-263c495a809f9b24,0,0,0,,,0,0,0,no_overlap
improve-280cf453e7a13b09,0,0,0,,,0,0,0,no_overlap
improve-c10e2b7cc27f2fd1,0,0,0,,,0,0,0,no_overlap
improve-ab0e80d6a0a6be97,0,0,0,,,0,0,0,no_overlap
improve-8258b58b93469059,0,0,0,,,0,0,0,no_overlap
improve-fcb940c5b774d1f5,0,0,0,,,0,0,0,no_overlap
improve-abc7560fa6eef201,0,0,0,,,0,0,0,no_overlap
improve-dc7812d15f489be7,0,0,0,,,0,0,0,no_overlap
improve-afdde9f86785021d,0,0,0,,,0,0,0,no_overlap
improve-6da2c93c31469ad0,0,0,0,,,0,0,0,no_overlap
improve-868deb408d53e2f4,0,0,0,,,0,0,0,no_overlap
improve-432705c07e749256,0,0,0,,,0,0,0,no_overlap
improve-c00db6974a8d6cda,0,0,0,,,0,0,0,no_overlap
improve-0c67ee8f626ad81e,0,0,0,,,0,0,0,no_overlap
improve-ffd7fd50612d932c,0,0,0,,,0,0,0,no_overlap
improve-014116708ae922bb,0,0,0,,,0,0,0,no_overlap
improve-c0f782c7b52e2cdb,0,0,0,,,0,0,0,no_overlap
improve-c043141cf87ea8bb,0,0,0,,,0,0,0,no_overlap
improve-26277a920a3d9eb5,0,0,0,,,0,0,0,no_overlap
improve-62f1214bfeda1c06,0,0,0,,,0,0,0,no_overlap
improve-79000da8013f3534,0,0,0,,,0,0,0,no_overlap
improve-1c4c6b03e41c2881,0,0,0,,,0,0,0,no_overlap
improve-cbcd796dc48ae9cc,0,0,0,,,0,0,0,no_overlap
improve-e9ffa1cb61ffedd5,0,0,0,,,0,0,0,no_overlap
improve-0763e1006739130a,0,0,0,,,0,0,0,no_overlap
improve-9bcc576ab77a41b9,0,0,0,,,0,0,0,no_overlap
improve-f9979429dbc6da99,0,0,0,,,0,0,0,no_overlap
improve-e33559018817d3bd,0,0,0,,,0,0,0,no_overlap
improve-c1fd85e8fdfdab4b,0,0,0,,,0,0,0,no_overlap
improve-ea437bf6f6354b78,0,0,0,,,0,0,0,no_overlap
improve-030a1ac1dc73ce49,0,0,0,,,0,0,0,no_overlap
improve-7e0748aa51ed5007,0,0,0,,,0,0,0,no_overlap
improve-7d3c4605abb25796,0,0,0,,,0,0,0,no_overlap
improve-6097d4f8a84a0ae0,0,0,0,,,0,0,0,no_overlap
improve-c5be2a19620baaa0,0,0,0,,,0,0,0,no_overlap
improve-4ea0dfad8d9d5690,0,0,0,,,0,0,0,no_overlap
improve-2372e2158293c31a,0,0,0,,,0,0,0,no_overlap
improve-800b94d9a2550433,0,0,0,,,0,0,0,no_overlap
improve-dd9da44c3c6fb2a8,0,0,0,,,0,0,0,no_overlap
improve-891df8c046f152d7,0,0,0,,,0,0,0,no_overlap
improve-2b2a67b60d57ed4a,0,0,0,,,0,0,0,no_overlap
improve-1a2118edac815884,0,0,0,,,0,0,0,no_overlap
improve-f6f843fc9c0aba6b,0,0,0,,,0,0,0,no_overlap
improve-c24cb22d1425c8e1,0,0,0,,,0,0,0,no_overlap
improve-b34c791e7db2ffdc,0,0,0,,,0,0,0,no_overlap
improve-c522487485d0f409,0,0,0,,,0,0,0,no_overlap
improve-54d3097ba5d1609b,0,0,0,,,0,0,0,no_overlap
improve-981cb6bc74498e0a,0,0,0,,,0,0,0,no_overlap
improve-76c75bba2f293bf7,0,0,0,,,0,0,0,no_overlap
improve-28205e2aec37f41d,0,0,0,,,0,0,0,no_overlap
improve-4e1c473626e3b63e,0,0,0,,,0,0,0,no_overlap
improve-f436bc9b620b4bc5,0,0,0,,,0,0,0,no_overlap
improve-13b038ad32931738,0,0,0,,,0,0,0,no_overlap
improve-49c23f0220be5830,0,0,0,,,0,0,0,no_overlap
improve-8caa829924b55a07,0,0,0,,,0,0,0,no_overlap
improve-83a052308dd14358,0,0,0,,,0,0,0,no_overlap
improve-93e1aa2691a28f06,0,0,0,,,0,0,0,no_overlap
improve-a631004e2ec988e3,0,0,0,,,0,0,0,no_overlap
improve-febc839f40ad620c,0,0,0,,,0,0,0,no_overlap
improve-196bec181afda723,0,0,0,,,0,0,0,no_overlap
improve-9e96e967dd78e713,0,0,0,,,0,0,0,no_overlap
improve-8c6190eefbbdc30c,0,0,0,,,0,0,0,no_overlap
improve-ca39dea510742b51,0,0,0,,,0,0,0,no_overlap
improve-98de5d76e4054256,0,0,0,,,0,0,0,no_overlap
improve-184ad1124c93e08f,0,0,0,,,0,0,0,no_overlap
improve-d4ffa0735d3494cf,0,0,0,,,0,0,0,no_overlap
improve-e25ceb03a5db62c7,0,0,0,,,0,0,0,no_overlap
improve-1069b1f49c1d49ac,0,0,0,,,0,0,0,no_overlap
improve-50f18ea2aaa5b088,0,0,0,,,0,0,0,no_overlap
improve-cad7830548621e84,0,0,0,,,0,0,0,no_overlap
improve-e906581539f46b66,0,0,0,,,0,0,0,no_overlap
improve-dd4bb8729aec6171,0,0,0,,,0,0,0,no_overlap
improve-68e6555a90d668eb,0,0,0,,,0,0,0,no_overlap
improve-c223cd029b8c1dae,0,0,0,,,0,0,0,no_overlap
improve-9bc9358847d4c031,0,0,0,,,0,0,0,no_overlap
improve-e9164d4230d8b066,0,0,0,,,0,0,0,no_overlap
improve-e38809abb2c73bbf,0,0,0,,,0,0,0,no_overlap
improve-7da6a0a4914316e3,0,0,0,,,0,0,0,no_overlap
improve-17f80cb85773b41a,0,0,0,,,0,0,0,no_overlap
improve-d5296feda84da1c7,0,0,0,,,0,0,0,no_overlap
improve-c75c58840585b26f,0,0,0,,,0,0,0,no_overlap
improve-c01d80fc20ecd898,0,0,0,,,0,0,0,no_overlap
improve-82ac4552e7c7839a,0,0,0,,,0,0,0,no_overlap
improve-0f1555fa76a3777a,0,0,0,,,0,0,0,no_overlap
improve-3a67e9a33cf954b3,0,0,0,,,0,0,0,no_overlap
improve-5a6043655cd207a6,0,0,0,,,0,0,0,no_overlap
improve-69c9ec4ee03a8876,0,0,0,,,0,0,0,no_overlap
improve-53a81b49eb05b1ba,0,0,0,,,0,0,0,no_overlap
improve-6d800361926c6e90,0,0,0,,,0,0,0,no_overlap
improve-de3d879f1ba57075,0,0,0,,,0,0,0,no_overlap
improve-e969ff3cbff0add2,0,0,0,,,0,0,0,no_overlap
improve-0d578c69e94838f5,0,0,0,,,0,0,0,no_overlap
improve-a18672063071bc55,0,0,0,,,0,0,0,no_overlap
improve-bf4f671b63396384,0,0,0,,,0,0,0,no_overlap
improve-b98f580d9b092462,0,0,0,,,0,0,0,no_overlap
improve-5351cdd9bd399472,0,0,0,,,0,0,0,no_overlap
improve-4ee4bc591be81e13,0,0,0,,,0,0,0,no_overlap
improve-89ef11808c359e5a,0,0,0,,,0,0,0,no_overlap
improve-4af1ea3179e7c425,0,0,0,,,0,0,0,no_overlap
improve-b40082d627ef25c5,0,0,0,,,0,0,0,no_overlap
improve-711e50c3dbb06b8a,0,0,0,,,0,0,0,no_overlap
improve-742b6d85fc92c7f8,0,0,0,,,0,0,0,no_overlap
improve-a0ea9f3b350913bd,0,0,0,,,0,0,0,no_overlap
improve-9b149e2cf664c640,0,0,0,,,0,0,0,no_overlap
improve-74afff8b91525e7a,0,0,0,,,0,0,0,no_overlap
improve-348bc08702b6eb28,0,0,0,,,0,0,0,no_overlap
improve-e7fafd2fb5dc82c3,0,0,0,,,0,0,0,no_overlap
improve-b215cb9d261e021e,0,0,0,,,0,0,0,no_overlap
improve-0c64d1754e7fea8f,0,0,0,,,0,0,0,no_overlap
improve-d8b639e174856a53,0,0,0,,,0,0,0,no_overlap
improve-2bf26ba76b8cb3e7,0,0,0,,,0,0,0,no_overlap
improve-01b6b23f772716cd,0,0,0,,,0,0,0,no_overlap
improve-4aaa0651d00d7d55,0,0,0,,,0,0,0,no_overlap
improve-e99e76332f69970b,0,0,0,,,0,0,0,no_overlap
improve-acaaca09964d5790,0,0,0,,,0,0,0,no_overlap
improve-fed450728f71794a,0,0,0,,,0,0,0,no_overlap
improve-b67b98abc8b1ff66,0,0,0,,,0,0,0,no_overlap
improve-466d15d25d0f8adc,0,0,0,,,0,0,0,no_overlap
improve-240bbc3aa242caed,0,0,0,,,0,0,0,no_overlap
improve-083499524b09d7b7,0,0,0,,,0,0,0,no_overlap
improve-16eb04ab6e4229b8,0,0,0,,,0,0,0,no_overlap
improve-c610040ae88e2481,0,0,0,,,0,0,0,no_overlap
improve-a61c60e50fec7d86,0,0,0,,,0,0,0,no_overlap
improve-58d42ea9fc3bd3c2,0,0,0,,,0,0,0,no_overlap
improve-c20dcd296a6557d7,0,0,0,,,0,0,0,no_overlap
improve-fbc9918ca3151658,0,0,0,,,0,0,0,no_overlap
improve-de9ae5b4fba48e77,0,0,0,,,0,0,0,no_overlap
improve-9a5b9837f3c9399c,0,0,0,,,0,0,0,no_overlap
improve-3ea8a5e315ed441b,0,0,0,,,0,0,0,no_overlap
improve-7e6802c1ade27413,0,0,0,,,0,0,0,no_overlap
improve-d941b8744a63c31a,0,0,0,,,0,0,0,no_overlap
improve-3a3b69cc7e80e0a5,0,0,0,,,0,0,0,no_overlap
improve-49e2041af626c066,0,0,0,,,0,0,0,no_overlap
improve-7bbc8d1e843b561d,0,0,0,,,0,0,0,no_overlap
improve-7d20a5d8ad3b00cf,0,0,0,,,0,0,0,no_overlap
improve-57033d63afd0b6a2,0,0,0,,,0,0,0,no_overlap
improve-4cf076460d4ab723,0,0,0,,,0,0,0,no_overlap
improve-5f32c11f9a399ad2,0,0,0,,,0,0,0,no_overlap
improve-27133fcc572eb716,0,0,0,,,0,0,0,no_overlap
improve-313a5ef705830dd2,0,0,0,,,0,0,0,no_overlap
improve-3c31a4a1a0919fac,0,0,0,,,0,0,0,no_overlap
improve-36864d6063b2558a,0,0,0,,,0,0,0,no_overlap
improve-726e9eb4bd555503,0,0,0,,,0,0,0,no_overlap
improve-95a5b1195947ed69,0,0,0,,,0,0,0,no_overlap
improve-1266d57402281d77,0,0,0,,,0,0,0,no_overlap
improve-2fb0de1b753c7c40,0,0,0,,,0,0,0,no_overlap
improve-1da6750531163c7e,0,0,0,,,0,0,0,no_overlap
improve-48aa82cbcc2c0682,0,0,0,,,0,0,0,no_overlap
improve-b8ea5627e75a710a,0,0,0,,,0,0,0,no_overlap
improve-f44a087ecd40e1e6,0,0,0,,,0,0,0,no_overlap
improve-eddf91917492fd64,0,0,0,,,0,0,0,no_overlap
improve-36a1e13d5cddab29,0,0,0,,,0,0,0,no_overlap
improve-781eae79c86e8130,0,0,0,,,0,0,0,no_overlap
improve-88ee167d55b847bd,0,0,0,,,0,0,0,no_overlap
improve-43e36014306b3a11,0,0,0,,,0,0,0,no_overlap
improve-ae0b5935058db51e,0,0,0,,,0,0,0,no_overlap
improve-964975d998fcb852,0,0,0,,,0,0,0,no_overlap
improve-55a6cf1834a10f06,0,0,0,,,0,0,0,no_overlap
improve-092775b32a143dda,0,0,0,,,0,0,0,no_overlap
improve-6da953f5f5d2a1f7,0,0,0,,,0,0,0,no_overlap
improve-25121c3ee7405c0f,0,0,0,,,0,0,0,no_overlap
improve-be75d2e1001642af,0,0,0,,,0,0,0,no_overlap
improve-c46fa2f900192e8a,0,0,0,,,0,0,0,no_overlap
improve-e9aac482b1008e41,0,0,0,,,0,0,0,no_overlap
improve-1d63a8904cc7ceff,0,0,0,,,0,0,0,no_overlap
improve-34c437004d096b8f,0,0,0,,,0,0,0,no_overlap
improve-25d93a286ec947f9,0,0,0,,,0,0,0,no_overlap
improve-26892425ff4316ab,0,0,0,,,0,0,0,no_overlap
improve-25e18bf87449586c,0,0,0,,,0,0,0,no_overlap
improve-7eeffcdb29b362af,0,0,0,,,0,0,0,no_overlap
improve-f10529a55997b8d7,0,0,0,,,0,0,0,no_overlap
improve-6ca95f9556b598af,0,0,0,,,0,0,0,no_overlap
improve-84b4ebdf076c9147,0,0,0,,,0,0,0,no_overlap
improve-c7acae865b4ccb12,0,0,0,,,0,0,0,no_overlap
improve-1e4b3ca388f68992,0,0,0,,,0,0,0,no_overlap
improve-ec2f9b7363152b6d,0,0,0,,,0,0,0,no_overlap
improve-b14817fb7019c0a4,0,0,0,,,0,0,0,no_overlap
improve-05f43efe38b785e4,0,0,0,,,0,0,0,no_overlap
improve-e43be35ea757bb22,0,0,0,,,0,0,0,no_overlap
improve-e53933978a5a8525,0,0,0,,,0,0,0,no_overlap
improve-3e26b53bf0923007,0,0,0,,,0,0,0,no_overlap
improve-33f9c0b26094678e,0,0,0,,,0,0,0,no_overlap
improve-af7d4bd6f873a38d,0,0,0,,,0,0,0,no_overlap
improve-a65053554f70a57b,0,0,0,,,0,0,0,no_overlap
improve-ccb170d62c6fd33c,0,0,0,,,0,0,0,no_overlap
improve-930044db311334d1,0,0,0,,,0,0,0,no_overlap
improve-0ddb5536c1d3d8cf,0,0,0,,,0,0,0,no_overlap
improve-58d81745a10f01ee,0,0,0,,,0,0,0,no_overlap
improve-5528df25a19daab1,0,0,0,,,0,0,0,no_overlap
improve-b115cf9ccbe590c2,0,0,0,,,0,0,0,no_overlap
improve-fa0b1456c470facb,0,0,0,,,0,0,0,no_overlap
improve-fe13ac2dfb055e99,0,0,0,,,0,0,0,no_overlap
improve-59b3ba8fb0efe241,0,0,0,,,0,0,0,no_overlap
improve-42401839fff5213c,0,0,0,,,0,0,0,no_overlap
improve-1ebe2a640d745fb7,0,0,0,,,0,0,0,no_overlap
improve-bc90fe58f79c5374,0,0,0,,,0,0,0,no_overlap
improve-7dcac900ad06431b,0,0,0,,,0,0,0,no_overlap
improve-b0d70771538dccb0,0,0,0,,,0,0,0,no_overlap
improve-3f30737cf067cde3,0,0,0,,,0,0,0,no_overlap
improve-86a1bb24fe9a32f8,0,0,0,,,0,0,0,no_overlap
improve-c3606f9176e7f05d,0,0,0,,,0,0,0,no_overlap
improve-2c8f6506f5c19a91,0,0,0,,,0,0,0,no_overlap
improve-b93f1a006576cc50,0,0,0,,,0,0,0,no_overlap
improve-c4cd6629ae0ce382,0,0,0,,,0,0,0,no_overlap
improve-d1ec8a447b678604,0,0,0,,,0,0,0,no_overlap
improve-96f609b6c7f6fe4c,0,0,0,,,0,0,0,no_overlap
improve-32fee1526cb4f149,0,0,0,,,0,0,0,no_overlap
improve-a2cf1b820ffc776c,0,0,0,,,0,0,0,no_overlap
improve-c129cbd21a9c8991,0,0,0,,,0,0,0,no_overlap
improve-9892a77d38e2eb84,0,0,0,,,0,0,0,no_overlap
improve-20ed68ba29db9c98,0,0,0,,,0,0,0,no_overlap
improve-830bda30bd58add2,0,0,0,,,0,0,0,no_overlap
improve-66b689f1dbe04ac0,0,0,0,,,0,0,0,no_overlap
improve-f72966270564809e,0,0,0,,,0,0,0,no_overlap
improve-ecb9f189883bd843,0,0,0,,,0,0,0,no_overlap
improve-ebd3a025638c969f,0,0,0,,,0,0,0,no_overlap
improve-fc314a0b5e903956,0,0,0,,,0,0,0,no_overlap
improve-d5789757505c6640,0,0,0,,,0,0,0,no_overlap
improve-ddbb11ace323e605,0,0,0,,,0,0,0,no_overlap
improve-5e48a7cffd75e5a0,0,0,0,,,0,0,0,no_overlap
improve-50638f2bec0be934,0,0,0,,,0,0,0,no_overlap
improve-8cb1904e8add33eb,0,0,0,,,0,0,0,no_overlap
improve-d15b3acd19ac8583,0,0,0,,,0,0,0,no_overlap
improve-81cde9ef5bb1c1de,0,0,0,,,0,0,0,no_overlap
improve-1c048f01e92e0cb4,0,0,0,,,0,0,0,no_overlap
improve-71fecadf850c545f,0,0,0,,,0,0,0,no_overlap
improve-1c61810f03ae57e1,0,0,0,,,0,0,0,no_overlap
improve-733f8d031e2dd4cc,0,0,0,,,0,0,0,no_overlap
improve-be4814b650d0438a,0,0,0,,,0,0,0,no_overlap
improve-d222998e819d12f1,0,0,0,,,0,0,0,no_overlap
improve-7141db09de135b0b,0,0,0,,,0,0,0,no_overlap
improve-a1b180d639e48d01,0,0,0,,,0,0,0,no_overlap
improve-fef2b530c97bd4c5,0,0,0,,,0,0,0,no_overlap
improve-8147d44baca884ee,0,0,0,,,0,0,0,no_overlap
improve-aff0c6a38b7ef8dd,0,0,0,,,0,0,0,no_overlap
improve-b17f9c0055f4cc48,0,0,0,,,0,0,0,no_overlap
improve-24348d19f7b1ad5b,0,0,0,,,0,0,0,no_overlap
improve-d76e752e3f24387d,0,0,0,,,0,0,0,no_overlap
improve-ab1d41d0adb40ccf,0,0,0,,,0,0,0,no_overlap
improve-885e3be7b01e65d7,0,0,0,,,0,0,0,no_overlap
improve-fd333fe93a79ff33,0,0,0,,,0,0,0,no_overlap
improve-1e82c5c320284095,0,0,0,,,0,0,0,no_overlap
improve-22f031fd36d94a59,0,0,0,,,0,0,0,no_overlap
improve-c5894e63073b8663,0,0,0,,,0,0,0,no_overlap
improve-78c9d504016a2cde,0,0,0,,,0,0,0,no_overlap
improve-527568b3a50b8cc9,0,0,0,,,0,0,0,no_overlap
improve-c0a892e627e75440,0,0,0,,,0,0,0,no_overlap
improve-3093a92de4c4062d,0,0,0,,,0,0,0,no_overlap
improve-237fbbacb8949e16,0,0,0,,,0,0,0,no_overlap
improve-82c7bffc525ce152,0,0,0,,,0,0,0,no_overlap
improve-aaf10f0aaffb8622,0,0,0,,,0,0,0,no_overlap
improve-78a28d3789074ff0,0,0,0,,,0,0,0,no_overlap
improve-35979c918a06b021,0,0,0,,,0,0,0,no_overlap
improve-2a3268396a618ecf,0,0,0,,,0,0,0,no_overlap
improve-44927fb8f802d1e7,0,0,0,,,0,0,0,no_overlap
improve-ada351abbe7447f9,0,0,0,,,0,0,0,no_overlap
improve-dc638972b5b8d07a,0,0,0,,,0,0,0,no_overlap
improve-4753892d92db6e2d,0,0,0,,,0,0,0,no_overlap
improve-f8d65ccc7512f758,0,0,0,,,0,0,0,no_overlap
improve-5a243d41f6482838,0,0,0,,,0,0,0,no_overlap
improve-3768eebadb57709d,0,0,0,,,0,0,0,no_overlap
improve-0236f6df91055e8e,0,0,0,,,0,0,0,no_overlap
improve-5eea62ce2e0a942b,0,0,0,,,0,0,0,no_overlap
improve-fee07fa2dc910e13,0,0,0,,,0,0,0,no_overlap
improve-d2ff16e77c073df0,0,0,0,,,0,0,0,no_overlap
improve-45db1d759b34fff3,0,0,0,,,0,0,0,no_overlap
improve-4746ed4e26b9afd3,0,0,0,,,0,0,0,no_overlap
improve-287a4043388b6b21,0,0,0,,,0,0,0,no_overlap
improve-095ec5a43db97b1d,0,0,0,,,0,0,0,no_overlap
improve-c63a94d23b99f141,0,0,0,,,0,0,0,no_overlap
improve-d15e8b8b467cdf79,0,0,0,,,0,0,0,no_overlap
improve-9aef4b96b2063db0,0,0,0,,,0,0,0,no_overlap
improve-b881da71c3a953c2,0,0,0,,,0,0,0,no_overlap
improve-5d883c0f83062db7,0,0,0,,,0,0,0,no_overlap
improve-1d9d105638d2239f,0,0,0,,,0,0,0,no_overlap
improve-f522834b135fdefe,0,0,0,,,0,0,0,no_overlap
improve-f9567e7cf461f471,0,0,0,,,0,0,0,no_overlap
improve-7a9af1bb738a76ac,0,0,0,,,0,0,0,no_overlap
improve-d78f4341dc7015de,0,0,0,,,0,0,0,no_overlap
improve-b6c29c41be8a2157,0,0,0,,,0,0,0,no_overlap
improve-63cc735f3e4c1a8f,0,0,0,,,0,0,0,no_overlap
improve-0e0d67a9d7ca2aac,0,0,0,,,0,0,0,no_overlap
improve-ec7e6aa28704e0fd,0,0,0,,,0,0,0,no_overlap
improve-f7ecb926cb4f2493,0,0,0,,,0,0,0,no_overlap
improve-6ce15c08c8fad5c0,0,0,0,,,0,0,0,no_overlap
improve-798fcd6aa67f65ba,0,0,0,,,0,0,0,no_overlap
improve-94cc8451394b965e,0,0,0,,,0,0,0,no_overlap
improve-3343a6905a3845f2,0,0,0,,,0,0,0,no_overlap
improve-b04660332357435d,0,0,0,,,0,0,0,no_overlap
improve-9e5cb58a63b5d93c,0,0,0,,,0,0,0,no_overlap
improve-8c95fd82071cf2c1,0,0,0,,,0,0,0,no_overlap
improve-1725495b79501223,0,0,0,,,0,0,0,no_overlap
improve-7a23dd5cde02c288,0,0,0,,,0,0,0,no_overlap
improve-34c382994ba7ddcd,0,0,0,,,0,0,0,no_overlap
improve-1397bac2f1b28cda,0,0,0,,,0,0,0,no_overlap
improve-5971f0447d9bd45f,0,0,0,,,0,0,0,no_overlap
improve-2941ce03c35380f5,0,0,0,,,0,0,0,no_overlap
improve-cbf4bf5460204f91,0,0,0,,,0,0,0,no_overlap
improve-f652ab2741b2571c,0,0,0,,,0,0,0,no_overlap
improve-5c6005feb2640342,0,0,0,,,0,0,0,no_overlap
improve-44d9cf4b83ad0007,0,0,0,,,0,0,0,no_overlap
improve-25bf9704b6fb26bc,0,0,0,,,0,0,0,no_overlap
improve-acfdae6268ddff56,0,0,0,,,0,0,0,no_overlap
improve-6173458a8738f346,0,0,0,,,0,0,0,no_overlap
improve-facc9833990d3689,0,0,0,,,0,0,0,no_overlap
improve-8b66ada0953c86db,0,0,0,,,0,0,0,no_overlap
improve-c4555556c6082815,0,0,0,,,0,0,0,no_overlap
improve-2850a81a938162ff,0,0,0,,,0,0,0,no_overlap
improve-d0fa84a5512736dd,0,0,0,,,0,0,0,no_overlap
improve-87651ff9a035ef6c,0,0,0,,,0,0,0,no_overlap
improve-123bccaf1eaa9837,0,0,0,,,0,0,0,no_overlap
improve-af1b5bbe3b400d18,0,0,0,,,0,0,0,no_overlap
improve-75464fe6eef8ca23,0,0,0,,,0,0,0,no_overlap
improve-3e0a55c48134d4e7,0,0,0,,,0,0,0,no_overlap
improve-a83f127a96745427,0,0,0,,,0,0,0,no_overlap
improve-6dc4f6aaab6744f1,0,0,0,,,0,0,0,no_overlap
improve-cfcd7bd1a60eb9f1,0,0,0,,,0,0,0,no_overlap
improve-07e7614ab7973478,0,0,0,,,0,0,0,no_overlap
improve-98e4cb1f3e30126f,0,0,0,,,0,0,0,no_overlap
improve-38787e768650a456,0,0,0,,,0,0,0,no_overlap
improve-ef8905d160cfbb6d,0,0,0,,,0,0,0,no_overlap
improve-400a01f54246793b,0,0,0,,,0,0,0,no_overlap
improve-ad4d39bcd1b22dc5,0,0,0,,,0,0,0,no_overlap
improve-6dabfdf43c893088,0,0,0,,,0,0,0,no_overlap
improve-618a3250e23ec73e,0,0,0,,,0,0,0,no_overlap
improve-757d6f09d52b1408,0,0,0,,,0,0,0,no_overlap
improve-4e238392f3f23552,0,0,0,,,0,0,0,no_overlap
improve-502cbcdbe25f06be,0,0,0,,,0,0,0,no_overlap
improve-2d6c56b0e895dadd,0,0,0,,,0,0,0,no_overlap
improve-67ab3ca730e4b956,0,0,0,,,0,0,0,no_overlap
improve-4b7a3cd070267fab,0,0,0,,,0,0,0,no_overlap
improve-a18fdeb467fb4087,0,0,0,,,0,0,0,no_overlap
improve-85023723221efc69,0,0,0,,,0,0,0,no_overlap
improve-09c76e0fa8ffbcc8,0,0,0,,,0,0,0,no_overlap
improve-116df2d0863c2b26,0,0,0,,,0,0,0,no_overlap
improve-77224bab3bcf5299,0,0,0,,,0,0,0,no_overlap
improve-00db9a2d225f2287,0,0,0,,,0,0,0,no_overlap
improve-e6c61eff70054da4,0,0,0,,,0,0,0,no_overlap
improve-0bfc1344e6bb64f5,0,0,0,,,0,0,0,no_overlap
improve-b32498003f9d6c8a,0,0,0,,,0,0,0,no_overlap
improve-0608b745602535c5,0,0,0,,,0,0,0,no_overlap
improve-c6ca766fe966ba06,0,0,0,,,0,0,0,no_overlap
improve-5f5a0049d79acf01,0,0,0,,,0,0,0,no_overlap
improve-9e04cbd600f7784e,0,0,0,,,0,0,0,no_overlap
improve-5f28749073964ff3,0,0,0,,,0,0,0,no_overlap
improve-1b62a9e829308e7c,0,0,0,,,0,0,0,no_overlap
improve-a4393465e1a94faa,0,0,0,,,0,0,0,no_overlap
improve-4fc00686157bd998,0,0,0,,,0,0,0,no_overlap
improve-9edcf935021aaf01,0,0,0,,,0,0,0,no_overlap
improve-d5837348a14c68ed,0,0,0,,,0,0,0,no_overlap
improve-5eaf955d8ced218c,0,0,0,,,0,0,0,no_overlap
improve-c44eac142167715a,0,0,0,,,0,0,0,no_overlap
improve-f14c5838f85f3c05,0,0,0,,,0,0,0,no_overlap
improve-bb1a55c8a5dc6fdc,0,0,0,,,0,0,0,no_overlap
improve-ce528f4190ffa3c2,0,0,0,,,0,0,0,no_overlap
improve-3d79357192e4bcbc,0,0,0,,,0,0,0,no_overlap
improve-4d7c0216531a7f71,0,0,0,,,0,0,0,no_overlap
improve-de647418520c7a25,0,0,0,,,0,0,0,no_overlap
improve-e92900eeff3acbe2,0,0,0,,,0,0,0,no_overlap
improve-098644919131045f,0,0,0,,,0,0,0,no_overlap
improve-edb9aa78b565a348,0,0,0,,,0,0,0,no_overlap
improve-3c8ac93d7bbb1592,0,0,0,,,0,0,0,no_overlap
improve-4b5a837bd51d00c1,0,0,0,,,0,0,0,no_overlap
improve-5f8e31e33be4174a,0,0,0,,,0,0,0,no_overlap
improve-7193b2c70d758649,0,0,0,,,0,0,0,no_overlap
improve-3be4033d0be59939,0,0,0,,,0,0,0,no_overlap
improve-aa1f48a4f2b68fd8,0,0,0,,,0,0,0,no_overlap
improve-473f1980b65724b9,0,0,0,,,0,0,0,no_overlap
improve-2a9cfe1ee88e8644,0,0,0,,,0,0,0,no_overlap
improve-4fd644a29f708340,0,0,0,,,0,0,0,no_overlap
improve-8f2d26b3d3b96d6b,0,0,0,,,0,0,0,no_overlap
improve-cea325e16e0f44c8,0,0,0,,,0,0,0,no_overlap
improve-3aaf2043cbfe3ea1,0,0,0,,,0,0,0,no_overlap
improve-9fa840a07f03133f,0,0,0,,,0,0,0,no_overlap
improve-5b8dbb5c5d3d9366,0,0,0,,,0,0,0,no_overlap
improve-646a2767ebab504e,0,0,0,,,0,0,0,no_overlap
improve-972336107d626a2d,0,0,0,,,0,0,0,no_overlap
improve-cb9f8bf40429dcff,0,0,0,,,0,0,0,no_overlap
improve-f7e83d8ecc0971f0,0,0,0,,,0,0,0,no_overlap
improve-0fbb73c0dd300da1,0,0,0,,,0,0,0,no_overlap
improve-2350943115eace13,0,0,0,,,0,0,0,no_overlap
improve-9d601fb0379c45dc,0,0,1,,,0,0,0,peptide_only_different_hla
improve-f4b6879d6e9a3505,0,0,0,,,0,0,0,no_overlap
improve-4d8e15f73d077c6a,0,0,0,,,0,0,0,no_overlap
improve-72ae40ee88542ac0,0,0,0,,,0,0,0,no_overlap
improve-7a1c1d3a589b08af,0,0,0,,,0,0,0,no_overlap
improve-ffe99e228220638b,0,0,0,,,0,0,0,no_overlap
improve-7d1077681e96e4ae,0,0,0,,,0,0,0,no_overlap
improve-c3b44b354169eae4,0,0,0,,,0,0,0,no_overlap
improve-63875288192feaa0,0,0,0,,,0,0,0,no_overlap
improve-78238a85685556a8,0,0,0,,,0,0,0,no_overlap
improve-5f25dee5c546e76a,0,0,0,,,0,0,0,no_overlap
improve-88e42a786c47f323,0,0,0,,,0,0,0,no_overlap
improve-ba409b01033a7184,0,0,0,,,0,0,0,no_overlap
improve-cd15c2c1ff3c8c7a,0,0,0,,,0,0,0,no_overlap
improve-c5e0d5943b04884e,0,0,0,,,0,0,0,no_overlap
improve-5f9ac52344325783,0,0,0,,,0,0,0,no_overlap
improve-f795a491c443a8b3,0,0,0,,,0,0,0,no_overlap
improve-f2d58c444afd0275,0,0,0,,,0,0,0,no_overlap
improve-58635c697369126c,0,0,0,,,0,0,0,no_overlap
improve-2bbb783298e41e93,0,0,0,,,0,0,0,no_overlap
improve-b365ad3c797db40a,0,0,0,,,0,0,0,no_overlap
improve-bd1f856eab8f41b0,0,0,0,,,0,0,0,no_overlap
improve-2c11fad7a7a06993,0,0,0,,,0,0,0,no_overlap
improve-b610b1ff4707b6ba,0,0,0,,,0,0,0,no_overlap
improve-982c26c2be280d5c,0,0,0,,,0,0,0,no_overlap
improve-96a0fe62d459af2b,0,0,0,,,0,0,0,no_overlap
improve-cbd9437c74569646,0,0,0,,,0,0,0,no_overlap
improve-6550965e5c83adc1,0,0,0,,,0,0,0,no_overlap
improve-ee14865e0dfa672b,0,0,0,,,0,0,0,no_overlap
improve-d9e332dcf856aa52,0,0,0,,,0,0,0,no_overlap
improve-b3952a5301a12b4e,0,0,0,,,0,0,0,no_overlap
improve-f6148a6bdfd83567,0,0,0,,,0,0,0,no_overlap
improve-0ec9b661a5c842c4,0,0,0,,,0,0,0,no_overlap
improve-a0132edcf42cd457,0,0,0,,,0,0,0,no_overlap
improve-fe4e07898047697f,0,0,0,,,0,0,0,no_overlap
improve-9c804bc2703bb2ea,0,0,0,,,0,0,0,no_overlap
improve-95feb46a0e710b04,0,0,0,,,0,0,0,no_overlap
improve-e377933b9cd9ba68,0,0,0,,,0,0,0,no_overlap
improve-a2f7e80d2078f768,0,0,0,,,0,0,0,no_overlap
improve-e2151977d4207510,0,0,0,,,0,0,0,no_overlap
improve-6d8d1e92e90e8a73,0,0,0,,,0,0,0,no_overlap
improve-ba2147c9321dbfd2,0,0,0,,,0,0,0,no_overlap
improve-d543a50c47dd374f,0,0,0,,,0,0,0,no_overlap
improve-926c7f61dee64829,0,0,0,,,0,0,0,no_overlap
improve-6a75dc26197e6e54,0,0,0,,,0,0,0,no_overlap
improve-70e81fb2a0773748,0,0,0,,,0,0,0,no_overlap
improve-bca2c5d118197f09,0,0,0,,,0,0,0,no_overlap
improve-6273913f285a3aaa,0,0,0,,,0,0,0,no_overlap
improve-1b63792dc122a959,0,0,0,,,0,0,0,no_overlap
improve-64c1a573d1af0b5f,0,0,0,,,0,0,0,no_overlap
improve-5684e0f978e49f59,0,0,0,,,0,0,0,no_overlap
improve-f2963f504e390f1d,0,0,0,,,0,0,0,no_overlap
improve-c0e1706f7db3628f,0,0,0,,,0,0,0,no_overlap
improve-42916b4558acb11b,0,0,0,,,0,0,0,no_overlap
improve-ac922799d7d00cb3,0,0,0,,,0,0,0,no_overlap
improve-8c1cd6c2e941a1c6,0,0,0,,,0,0,0,no_overlap
improve-361ce75d3760c51d,0,0,0,,,0,0,0,no_overlap
improve-7828fcf5117dda56,0,0,0,,,0,0,0,no_overlap
improve-e81f3acb1d94d77e,0,0,0,,,0,0,0,no_overlap
improve-e0730ea7182b89ec,0,0,0,,,0,0,0,no_overlap
improve-40b1bebdf192cf0d,0,0,0,,,0,0,0,no_overlap
improve-46bdfd8599a051f4,0,0,0,,,0,0,0,no_overlap
improve-17b35603c003ae3c,0,0,0,,,0,0,0,no_overlap
improve-7fab8ec9533f336f,0,0,0,,,0,0,0,no_overlap
improve-dc1d9b872937222d,0,0,0,,,0,0,0,no_overlap
improve-72f06a00819562f4,0,0,0,,,0,0,0,no_overlap
improve-ed727298936fe28c,0,0,0,,,0,0,0,no_overlap
improve-e9a304d6876fab8d,0,0,0,,,0,0,0,no_overlap
improve-df2b1e2c3d1daaa2,0,0,0,,,0,0,0,no_overlap
improve-e8f93463dc3bc348,0,0,0,,,0,0,0,no_overlap
improve-75dfa5cd6cfda182,0,0,0,,,0,0,0,no_overlap
improve-f9e375ca5be0d7c8,0,0,0,,,0,0,0,no_overlap
improve-953733b5c715d087,0,0,0,,,0,0,0,no_overlap
improve-8fd2adf2e2791c70,0,0,0,,,0,0,0,no_overlap
improve-a3ab2c9aba7cd06f,0,0,0,,,0,0,0,no_overlap
improve-fc839aa1a6d09009,0,0,0,,,0,0,0,no_overlap
improve-af1678a43d298f74,0,0,0,,,0,0,0,no_overlap
improve-dffa5d5cc13fb2f2,0,0,0,,,0,0,0,no_overlap
improve-b93313d5755ca801,0,0,0,,,0,0,0,no_overlap
improve-2810df14f06b15f2,0,0,0,,,0,0,0,no_overlap
improve-4f9f4a8539b2ba96,0,0,0,,,0,0,0,no_overlap
improve-0eabb394671d2210,0,0,0,,,0,0,0,no_overlap
improve-8498c8dc6db61291,0,0,0,,,0,0,0,no_overlap
improve-8d6e12048b33da9a,0,0,0,,,0,0,0,no_overlap
improve-c99eb8726bb1cd62,0,0,0,,,0,0,0,no_overlap
improve-649988dd9541b1b9,0,0,0,,,0,0,0,no_overlap
improve-7a7785407e0cd22b,0,0,0,,,0,0,0,no_overlap
improve-bfc449b00d8eb4f8,0,0,0,,,0,0,0,no_overlap
improve-7f5597654cca3496,0,0,0,,,0,0,0,no_overlap
improve-8ae93e5e73d7cb0b,0,0,0,,,0,0,0,no_overlap
improve-587a4042ff6a42ed,0,0,0,,,0,0,0,no_overlap
improve-64e6b7d14a37678c,0,0,0,,,0,0,0,no_overlap
improve-b68bfda918aced64,0,0,0,,,0,0,0,no_overlap
improve-4f90dc57b90b14bf,0,0,0,,,0,0,0,no_overlap
improve-04d4508fa33e44d6,0,0,0,,,0,0,0,no_overlap
improve-1f651d91cbf9d8b6,0,0,0,,,0,0,0,no_overlap
improve-da1bff53d76bb113,0,0,0,,,0,0,0,no_overlap
improve-dcbbc5e6ebaad85f,0,0,0,,,0,0,0,no_overlap
improve-18dafdec5094e667,0,0,0,,,0,0,0,no_overlap
improve-567d037fd2798219,0,0,0,,,0,0,0,no_overlap
improve-4eb5c6c4367a6a95,0,0,0,,,0,0,0,no_overlap
improve-2dc177eb184c2654,0,0,0,,,0,0,0,no_overlap
improve-12b42e7852b186f3,0,0,0,,,0,0,0,no_overlap
improve-a766ae31ee8a9130,0,0,0,,,0,0,0,no_overlap
improve-9db9f95878f25c1e,0,0,0,,,0,0,0,no_overlap
improve-ec6975f64348f350,0,0,0,,,0,0,0,no_overlap
improve-b07f871fc195313b,0,0,0,,,0,0,0,no_overlap
improve-7f3eaeff100ff3e6,0,0,0,,,0,0,0,no_overlap
improve-2436fe655457ae3e,0,0,0,,,0,0,0,no_overlap
improve-edb7f1f052bba2a4,0,0,0,,,0,0,0,no_overlap
improve-d3bbe38ef10e246e,0,0,0,,,0,0,0,no_overlap
improve-7f3ac840ef38c795,0,0,0,,,0,0,0,no_overlap
improve-2d21fe4ca639b117,0,0,0,,,0,0,0,no_overlap
improve-e9b367d003501d79,0,0,0,,,0,0,0,no_overlap
improve-2fa85b8d90fe9d26,0,0,0,,,0,0,0,no_overlap
improve-e68e4ec8a69e5144,0,0,0,,,0,0,0,no_overlap
improve-2aaa03fa04b3cf86,0,0,0,,,0,0,0,no_overlap
improve-42a2ea470b34b554,0,0,0,,,0,0,0,no_overlap
improve-a7ddfcf727013820,0,0,0,,,0,0,0,no_overlap
improve-1f757970edcdeb19,0,0,0,,,0,0,0,no_overlap
improve-4f107e0f1accf196,0,0,0,,,0,0,0,no_overlap
improve-2d1d56c983c5405f,0,0,0,,,0,0,0,no_overlap
improve-26278958b2c19fc1,0,0,0,,,0,0,0,no_overlap
improve-fdb734ca8a918be1,0,0,0,,,0,0,0,no_overlap
improve-e88e8c6dcf9700b8,0,0,0,,,0,0,0,no_overlap
improve-e7be46bfba57ca36,0,0,0,,,0,0,0,no_overlap
improve-bcceffecb7e9d514,0,0,0,,,0,0,0,no_overlap
improve-63bd1e0feaf0e7b9,0,0,0,,,0,0,0,no_overlap
improve-ef4e6e370fb418f5,0,0,0,,,0,0,0,no_overlap
improve-895b15ad4e16a6cc,0,0,0,,,0,0,0,no_overlap
improve-b86884ce70047ba1,0,0,0,,,0,0,0,no_overlap
improve-6a14696733c33be8,0,0,0,,,0,0,0,no_overlap
improve-d762070a6ef7efbe,0,0,0,,,0,0,0,no_overlap
improve-52fd53f9ffe1d2e6,0,0,0,,,0,0,0,no_overlap
improve-decbdd4d94fc0313,0,0,0,,,0,0,0,no_overlap
improve-1e30c94c371c0354,0,0,0,,,0,0,0,no_overlap
improve-067c983f87fbb045,0,0,0,,,0,0,0,no_overlap
improve-b79d0d3704fead80,0,0,0,,,0,0,0,no_overlap
improve-e83c1096744fb634,0,0,0,,,0,0,0,no_overlap
improve-09772557b59c4199,0,0,0,,,0,0,0,no_overlap
improve-dd01b0dcd695f8f3,0,0,0,,,0,0,0,no_overlap
improve-384ecd621ec8ba4e,0,0,0,,,0,0,0,no_overlap
improve-544f4d510c0e9478,0,0,0,,,0,0,0,no_overlap
improve-651efd6147d3088a,0,0,0,,,0,0,0,no_overlap
improve-27fec3b4b9f147f7,0,0,0,,,0,0,0,no_overlap
improve-a77e4c734d1f24da,0,0,0,,,0,0,0,no_overlap
improve-4807f3b96dab5e7f,0,0,0,,,0,0,0,no_overlap
improve-dd7967a18f79add3,0,0,0,,,0,0,0,no_overlap
improve-8c8a0e0aec8fa71b,0,0,0,,,0,0,0,no_overlap
improve-deac99373f8d2d6e,0,0,0,,,0,0,0,no_overlap
improve-1eaeece7b505c0d6,0,0,0,,,0,0,0,no_overlap
improve-f59f25ac99224667,0,0,0,,,0,0,0,no_overlap
improve-0978c8485869aebf,0,0,0,,,0,0,0,no_overlap
improve-6842af265b2815af,0,0,0,,,0,0,0,no_overlap
improve-61c0075c2a865ff7,0,0,0,,,0,0,0,no_overlap
improve-9013d3af18981b24,0,0,0,,,0,0,0,no_overlap
improve-21f5a7916677cbdc,0,0,0,,,0,0,0,no_overlap
improve-144b7ce3f4af37b4,0,0,0,,,0,0,0,no_overlap
improve-2d10e511f08d9aa4,0,0,0,,,0,0,0,no_overlap
improve-0465885b8e855bb4,0,0,0,,,0,0,0,no_overlap
improve-fa5c9711fd0b9cc2,0,0,0,,,0,0,0,no_overlap
improve-34fe7ddd99e2a8cc,0,0,0,,,0,0,0,no_overlap
improve-8d710e0d043933a1,0,0,0,,,0,0,0,no_overlap
improve-c316d8ad585e6c85,0,0,0,,,0,0,0,no_overlap
improve-e17b015b94c9c641,0,0,0,,,0,0,0,no_overlap
improve-6c3c219f9587d4b4,0,0,0,,,0,0,0,no_overlap
improve-19b925f340fb6527,0,0,0,,,0,0,0,no_overlap
improve-920c20e729b41b72,0,0,0,,,0,0,0,no_overlap
improve-9a16b962cb094799,0,0,0,,,0,0,0,no_overlap
improve-1db0524f12c7789b,0,0,0,,,0,0,0,no_overlap
improve-233a1e5f4317142d,0,0,0,,,0,0,0,no_overlap
improve-6c36cf27a4cbd9ae,0,0,0,,,0,0,0,no_overlap
improve-d96b9242bfe185c2,0,0,0,,,0,0,0,no_overlap
improve-7062305cc56c9cca,0,0,0,,,0,0,0,no_overlap
improve-291a69914b621d1f,0,0,0,,,0,0,0,no_overlap
improve-a4c926f25353f1b3,0,0,0,,,0,0,0,no_overlap
improve-c7d35bbb864d3fec,0,0,0,,,0,0,0,no_overlap
improve-537db15e49079a81,0,0,0,,,0,0,0,no_overlap
improve-e5dc3fdf95b9d3fa,0,0,0,,,0,0,0,no_overlap
improve-dcc9204b162f1e31,0,0,0,,,0,0,0,no_overlap
improve-89bde4503d2b08eb,0,0,0,,,0,0,0,no_overlap
improve-cf894bda4143acc5,0,0,0,,,0,0,0,no_overlap
improve-7691a20639f77ea8,0,0,0,,,0,0,0,no_overlap
improve-1c49e289be101343,0,0,0,,,0,0,0,no_overlap
improve-390d69b6f0ae8872,0,0,0,,,0,0,0,no_overlap
improve-00490f5aa64c4cfe,0,0,0,,,0,0,0,no_overlap
improve-29039d6e768be481,0,0,0,,,0,0,0,no_overlap
improve-83c6d61055e165ef,0,0,0,,,0,0,0,no_overlap
improve-d0b37a38a7231e6a,0,0,0,,,0,0,0,no_overlap
improve-c1aa8db73985c114,0,0,0,,,0,0,0,no_overlap
improve-49eb404f19bd8e6e,0,0,0,,,0,0,0,no_overlap
improve-5b9a9494e89c65c6,0,0,0,,,0,0,0,no_overlap
improve-a6175c8686ac8fab,0,0,0,,,0,0,0,no_overlap
improve-2ca7e798d5b3ca75,0,0,0,,,0,0,0,no_overlap
improve-9bd06d233a1efcb3,0,0,0,,,0,0,0,no_overlap
improve-cb1611b5da6d84c9,0,0,0,,,0,0,0,no_overlap
improve-b1706c19fc005cab,0,0,0,,,0,0,0,no_overlap
improve-3c6ec210e4b6e320,0,0,0,,,0,0,0,no_overlap
improve-76a139d467bc9044,0,0,0,,,0,0,0,no_overlap
improve-347ea9816af15f22,0,0,0,,,0,0,0,no_overlap
improve-e21ee2d6f96dec5b,0,0,0,,,0,0,0,no_overlap
improve-917025a70f7d4e36,0,0,0,,,0,0,0,no_overlap
improve-374ba8d39cb6858e,0,0,0,,,0,0,0,no_overlap
improve-6e46200d63c1ce87,0,0,0,,,0,0,0,no_overlap
improve-0e69ca166ec05251,0,0,0,,,0,0,0,no_overlap
improve-3d36cc24d66e9e31,0,0,0,,,0,0,0,no_overlap
improve-f4388013590f9606,0,0,0,,,0,0,0,no_overlap
improve-fc087a8e7b936ea4,0,0,0,,,0,0,0,no_overlap
improve-ee43d01dc8b90b34,0,0,0,,,0,0,0,no_overlap
improve-786ff21ec5de70c9,0,0,0,,,0,0,0,no_overlap
improve-1e307dac61a53224,0,0,0,,,0,0,0,no_overlap
improve-4e735153864cb689,0,0,0,,,0,0,0,no_overlap
improve-c8039763a7b09e13,0,0,0,,,0,0,0,no_overlap
improve-9902b882c948017c,0,0,0,,,0,0,0,no_overlap
improve-72821e82164a1955,0,0,0,,,0,0,0,no_overlap
improve-2fe0bc4d6b163e6d,0,0,0,,,0,0,0,no_overlap
improve-4b0a19a7be772d5d,0,0,0,,,0,0,0,no_overlap
improve-79ce229f761611ef,0,0,0,,,0,0,0,no_overlap
improve-20d8c740b918cc35,0,0,0,,,0,0,0,no_overlap
improve-17055c4607ea492a,0,0,0,,,0,0,0,no_overlap
improve-88161758a36f0ea2,0,0,0,,,0,0,0,no_overlap
improve-05117b65efbe0c2a,0,0,0,,,0,0,0,no_overlap
improve-3f3e644ee4ed0444,0,0,0,,,0,0,0,no_overlap
improve-c52817439d3e7510,0,0,0,,,0,0,0,no_overlap
improve-692a58550380725b,0,0,0,,,0,0,0,no_overlap
improve-c66651edaabf3867,0,0,0,,,0,0,0,no_overlap
improve-8dc9f7ec3a96ac48,0,0,0,,,0,0,0,no_overlap
improve-8be910be00abe346,0,0,0,,,0,0,0,no_overlap
improve-0bfc33da7fa039b9,0,0,0,,,0,0,0,no_overlap
improve-ab424fff9bca588c,0,0,0,,,0,0,0,no_overlap
improve-c53a16da6503df85,0,0,0,,,0,0,0,no_overlap
improve-c0eb870461bc63ce,0,0,0,,,0,0,0,no_overlap
improve-6b70f03b78fa32d3,0,0,0,,,0,0,0,no_overlap
improve-069d205284a29b79,0,0,0,,,0,0,0,no_overlap
improve-0f0bfd473f68e964,0,0,0,,,0,0,0,no_overlap
improve-419598a7046e4827,0,0,0,,,0,0,0,no_overlap
improve-0396830b8c982cb3,0,0,0,,,0,0,0,no_overlap
improve-1885656ce366ad04,0,0,0,,,0,0,0,no_overlap
improve-7f1a869088dd2eef,0,0,0,,,0,0,0,no_overlap
improve-3610f14b71297bb3,0,0,0,,,0,0,0,no_overlap
improve-ea33445ae54b1527,0,0,0,,,0,0,0,no_overlap
improve-a16cb5c84571be1c,0,0,0,,,0,0,0,no_overlap
improve-557ed678fb374ab7,0,0,0,,,0,0,0,no_overlap
improve-63dfe66bff208826,0,0,0,,,0,0,0,no_overlap
improve-bc22af50e0feeb82,0,0,0,,,0,0,0,no_overlap
improve-a14a71d8bf4fdf2e,0,0,0,,,0,0,0,no_overlap
improve-f0a9b269dd62cb43,0,0,0,,,0,0,0,no_overlap
improve-142f2388d3d4bd8e,0,0,0,,,0,0,0,no_overlap
improve-81d5c7d422aa2045,0,0,0,,,0,0,0,no_overlap
improve-4cb4ec891decd95f,0,0,0,,,0,0,0,no_overlap
improve-8b5752843e2269ee,0,0,0,,,0,0,0,no_overlap
improve-879e762cf8d7b436,0,0,0,,,0,0,0,no_overlap
improve-f1c2db07e5ab7cf4,0,0,0,,,0,0,0,no_overlap
improve-09bbd891342627ef,0,0,0,,,0,0,0,no_overlap
improve-d62a83803eee496b,0,0,0,,,0,0,0,no_overlap
improve-b131cf192f040767,0,0,0,,,0,0,0,no_overlap
improve-6896723e36f7aff8,0,0,0,,,0,0,0,no_overlap
improve-f04ae003e0f02232,0,0,0,,,0,0,0,no_overlap
improve-123657fe7f8d7e38,0,0,0,,,0,0,0,no_overlap
improve-f2b0ad342769358b,0,0,0,,,0,0,0,no_overlap
improve-b09b29179d758e69,0,0,0,,,0,0,0,no_overlap
improve-5cda764ef038cd45,0,0,0,,,0,0,0,no_overlap
improve-4726647a13501c81,0,0,0,,,0,0,0,no_overlap
improve-94a952f61000b873,0,0,0,,,0,0,0,no_overlap
improve-0b44e28ea30bcc59,0,0,0,,,0,0,0,no_overlap
improve-7adf65d45f0e2ade,0,0,0,,,0,0,0,no_overlap
improve-c15e0265f09c7fe2,0,0,0,,,0,0,0,no_overlap
improve-3b2a34a4c6805094,0,0,0,,,0,0,0,no_overlap
improve-0bbaae55f8d07c1f,0,0,0,,,0,0,0,no_overlap
improve-f052c37265fc38fa,0,0,0,,,0,0,0,no_overlap
improve-987cf215088390e7,0,0,0,,,0,0,0,no_overlap
improve-a0c2626017db420d,0,0,0,,,0,0,0,no_overlap
improve-1a0a56bf09ffb479,0,0,0,,,0,0,0,no_overlap
improve-541608dd85f00e06,0,0,0,,,0,0,0,no_overlap
improve-f617966f50cc054b,0,0,0,,,0,0,0,no_overlap
improve-ba348ff3f32a2760,0,0,0,,,0,0,0,no_overlap
improve-6342cc54d9c97543,0,0,0,,,0,0,0,no_overlap
improve-125ca6797b1a5f47,0,0,0,,,0,0,0,no_overlap
improve-50e03219e5ef6d4a,0,0,0,,,0,0,0,no_overlap
improve-1cecda439af8a7d9,0,0,0,,,0,0,0,no_overlap
improve-7e1ff5d8cea7bc0a,0,0,0,,,0,0,0,no_overlap
improve-464e3aa150dff6e5,0,0,0,,,0,0,0,no_overlap
improve-181ebe158c5ce250,0,0,0,,,0,0,0,no_overlap
improve-e9e557774d046102,0,0,0,,,0,0,0,no_overlap
improve-0691194908645bb2,0,0,0,,,0,0,0,no_overlap
improve-ecbf27507318a137,0,0,0,,,0,0,0,no_overlap
improve-bad82d1d1e436ecc,0,0,0,,,0,0,0,no_overlap
improve-3b7fb6d4b8761543,0,0,0,,,0,0,0,no_overlap
improve-0b0f6191d41298de,0,0,0,,,0,0,0,no_overlap
improve-13a8a1d745efba09,0,0,0,,,0,0,0,no_overlap
improve-7992bc1851524981,0,0,0,,,0,0,0,no_overlap
improve-25470200a5998199,0,1,1,0,0,0,0,0,exact_label_concordant
improve-4f65719d809f8878,0,0,0,,,0,0,0,no_overlap
improve-f842a310d4be2849,0,0,0,,,0,0,0,no_overlap
improve-c93ab9d1ecab4a52,0,0,0,,,0,0,0,no_overlap
improve-a3e902aa2d70c09d,0,0,0,,,0,0,0,no_overlap
improve-708e126f2c504abf,0,0,0,,,0,0,0,no_overlap
improve-98320adf983e0ece,0,0,0,,,0,0,0,no_overlap
improve-ccad3887827c79bf,0,0,0,,,0,0,0,no_overlap
improve-62b5c82324c5b206,0,0,0,,,0,0,0,no_overlap
improve-b7c496b5baca3ac7,0,0,0,,,0,0,0,no_overlap
improve-feb17d9cb39c91a7,0,0,0,,,0,0,0,no_overlap
improve-1d8ccd35e663e6e0,0,0,0,,,0,0,0,no_overlap
improve-365ca39d08d6ae31,0,0,0,,,0,0,0,no_overlap
improve-33a186185f6e74c5,0,0,0,,,0,0,0,no_overlap
improve-101d347588c871e9,0,0,0,,,0,0,0,no_overlap
improve-4809cab0d2b1c72c,0,0,0,,,0,0,0,no_overlap
improve-4206df24bbe5d9cf,0,0,0,,,0,0,0,no_overlap
improve-f0f10d76dab93455,0,0,0,,,0,0,0,no_overlap
improve-6ebec8916460c835,0,0,0,,,0,0,0,no_overlap
improve-795151466a21667c,0,0,0,,,0,0,0,no_overlap
improve-5ccfda44e5f45296,0,0,0,,,0,0,0,no_overlap
improve-cfc24e3f69354431,0,0,0,,,0,0,0,no_overlap
improve-369ede24b103b4fc,0,0,0,,,0,0,0,no_overlap
improve-9303a2d71f593797,0,0,0,,,0,0,0,no_overlap
improve-f02b6bde8f265f5f,0,0,0,,,0,0,0,no_overlap
improve-1e63dbc21af416e9,0,0,0,,,0,0,0,no_overlap
improve-f8b4e1aecf41ca4a,0,0,0,,,0,0,0,no_overlap
improve-9820f7e6f102f7aa,0,0,0,,,0,0,0,no_overlap
improve-4f09af872614c62a,0,0,0,,,0,0,0,no_overlap
improve-4c01d8d22d8897fb,0,1,1,0,0,1,0,0,exact_label_concordant
improve-ccea0fec29323212,0,0,0,,,0,0,0,no_overlap
improve-f5d3f4306878f385,0,0,0,,,0,0,0,no_overlap
improve-261dc43c91ab07fd,0,0,0,,,0,0,0,no_overlap
improve-444b6ec0e93639e1,0,0,0,,,0,0,0,no_overlap
improve-27f73e2448e7ed32,0,0,0,,,0,0,0,no_overlap
improve-f962b571653eb89c,0,0,0,,,0,0,0,no_overlap
improve-36a1671c79afe02e,0,0,0,,,0,0,0,no_overlap
improve-cc55261b4ee1f05f,0,0,0,,,0,0,0,no_overlap
improve-78cd5be73419dbf7,0,0,0,,,0,0,0,no_overlap
improve-174a229ef30c0ffa,0,0,0,,,0,0,0,no_overlap
improve-e6020114e1ad5aaf,0,0,0,,,0,0,0,no_overlap
improve-bb80f197e5baaec6,0,0,0,,,0,0,0,no_overlap
improve-bca65efb5718ec57,0,0,0,,,0,0,0,no_overlap
improve-94aeb13c6940764b,0,0,0,,,0,0,0,no_overlap
improve-44617a7aa76202f4,0,0,0,,,0,0,0,no_overlap
improve-01f5cfecfada832d,0,0,0,,,0,0,0,no_overlap
improve-bbc364c582f5b519,0,0,0,,,0,0,0,no_overlap
improve-1ee4f5e46a873b53,0,0,0,,,0,0,0,no_overlap
improve-3770c44adc89c739,0,0,0,,,0,0,0,no_overlap
improve-b0d04021aaf9420c,0,0,0,,,0,0,0,no_overlap
improve-d51bd37b9a3c3355,0,0,0,,,0,0,0,no_overlap
improve-746e2495c23a1386,0,0,0,,,0,0,0,no_overlap
improve-723cfaa69ddfd3dc,0,0,0,,,0,0,0,no_overlap
improve-b1043cf5c589973e,0,0,0,,,0,0,0,no_overlap
improve-b303195a7087ebcb,0,0,0,,,0,0,0,no_overlap
improve-c0c1f58c0a280561,0,0,0,,,0,0,0,no_overlap
improve-d07ecbabbda1ed7c,0,0,0,,,0,0,0,no_overlap
improve-164b147bc6d6d6e5,0,0,0,,,0,0,0,no_overlap
improve-b5bb66a8017cbf92,0,0,0,,,0,0,0,no_overlap
improve-c3053bfd812f53b2,0,0,0,,,0,0,0,no_overlap
improve-12245c56f1a05af1,0,0,0,,,0,0,0,no_overlap
improve-16f99c8152682613,0,0,0,,,0,0,0,no_overlap
improve-066ce59c0ce8bd07,0,0,0,,,0,0,0,no_overlap
improve-c289f795b5a7fb1e,0,0,0,,,0,0,0,no_overlap
improve-e9130d15018f8a48,0,0,0,,,0,0,0,no_overlap
improve-1a4bcb315a5add3a,0,0,0,,,0,0,0,no_overlap
improve-f5f61fb17c0decdc,0,0,0,,,0,0,0,no_overlap
improve-15e7b08c66830c96,0,0,0,,,0,0,0,no_overlap
improve-bd8b64cf47a10d8c,0,0,0,,,0,0,0,no_overlap
improve-a4e39b49993ebb67,0,0,0,,,0,0,0,no_overlap
improve-8af03ccd22b7409a,0,0,0,,,0,0,0,no_overlap
improve-67c0151cab7ef78d,0,0,0,,,0,0,0,no_overlap
improve-4b6cc3c864a73469,0,0,0,,,0,0,0,no_overlap
improve-1bcdce556bd85014,0,0,0,,,0,0,0,no_overlap
improve-43355fb9e1cc0237,0,0,0,,,0,0,0,no_overlap
improve-35918c3f78a6bbd4,0,0,0,,,0,0,0,no_overlap
improve-dcd4cf58fe7e7f91,0,0,0,,,0,0,0,no_overlap
improve-d945901c5d123a9d,0,0,0,,,0,0,0,no_overlap
improve-993ea1d1ff8eb70f,0,0,0,,,0,0,0,no_overlap
improve-b4ca31a788b97977,0,0,0,,,0,0,0,no_overlap
improve-e0b1d4a8655faed0,0,0,0,,,0,0,0,no_overlap
improve-db32a4985f3a340c,0,0,0,,,0,0,0,no_overlap
improve-035353dc3e070ad5,0,0,0,,,0,0,0,no_overlap
improve-6e833b2e5e461479,0,0,0,,,0,0,0,no_overlap
improve-5416c97b365c559d,0,0,0,,,0,0,0,no_overlap
improve-93e08b28cadf4422,0,0,0,,,0,0,0,no_overlap
improve-359b866bb42b1c35,0,0,0,,,0,0,0,no_overlap
improve-6b332d655e6d64af,0,0,0,,,0,0,0,no_overlap
improve-bbc2322b47c87843,0,0,0,,,0,0,0,no_overlap
improve-905b68f6f60f143c,0,0,0,,,0,0,0,no_overlap
improve-1a79d05778ecafa4,0,0,0,,,0,0,0,no_overlap
improve-3ff99642a1ca0ddf,0,0,0,,,0,0,0,no_overlap
improve-953cb4855a24826b,0,0,0,,,0,0,0,no_overlap
improve-87cb904304c4007b,0,0,0,,,0,0,0,no_overlap
improve-eb4c9e59b8c69c00,0,0,0,,,0,0,0,no_overlap
improve-f0916208f026a185,0,0,0,,,0,0,0,no_overlap
improve-aeb17d51b1f9148d,0,0,0,,,0,0,0,no_overlap
improve-7986bf41ea4a21fc,0,0,0,,,0,0,0,no_overlap
improve-4ac07693ff12955c,0,0,0,,,0,0,0,no_overlap
improve-c1fe99fd6bd6e353,0,0,0,,,0,0,0,no_overlap
improve-0f9681b6da16ad05,0,0,0,,,0,0,0,no_overlap
improve-c11fcdbe4eff6c2e,0,0,0,,,0,0,0,no_overlap
improve-f12a483b41b81351,0,0,0,,,0,0,0,no_overlap
improve-8cedddd920b37085,0,0,0,,,0,0,0,no_overlap
improve-533bc7fbd17d1af6,0,0,0,,,0,0,0,no_overlap
improve-83b8739467e79e4e,0,0,0,,,0,0,0,no_overlap
improve-6ba23643daa137ec,0,0,0,,,0,0,0,no_overlap
improve-00a8679aa48a7487,0,0,0,,,0,0,0,no_overlap
improve-9110e21f4c19bf11,0,0,0,,,0,0,0,no_overlap
improve-fa07ad7d6c1fa328,0,0,0,,,0,0,0,no_overlap
improve-e3a1b7972cf35317,0,0,0,,,0,0,0,no_overlap
improve-aad50f3c5c67d29c,0,0,0,,,0,0,0,no_overlap
improve-89376e25f8006328,0,0,0,,,0,0,0,no_overlap
improve-3d6f75211e307d3f,0,0,0,,,0,0,0,no_overlap
improve-dd528cfe9169f323,0,0,0,,,0,0,0,no_overlap
improve-cdf6031d806747ff,0,0,0,,,0,0,0,no_overlap
improve-0e737b3ed3026601,0,0,0,,,0,0,0,no_overlap
improve-5d2730aa67fff905,0,0,0,,,0,0,0,no_overlap
improve-87a0773df8933f26,0,0,0,,,0,0,0,no_overlap
improve-a62bd1264499a430,0,0,0,,,0,0,0,no_overlap
improve-184db4cdc31a2363,0,0,0,,,0,0,0,no_overlap
improve-b71f9feaf1030798,0,0,0,,,0,0,0,no_overlap
improve-fa229de8929d1418,0,0,0,,,0,0,0,no_overlap
improve-f568ef27df3cc91a,0,0,0,,,0,0,0,no_overlap
improve-3605241ff8d2a450,0,0,0,,,0,0,0,no_overlap
improve-40d9f14ec3b9bbc2,0,0,0,,,0,0,0,no_overlap
improve-a90cd341b25e01a3,0,0,0,,,0,0,0,no_overlap
improve-8d810e9214b370e8,0,0,0,,,0,0,0,no_overlap
improve-45f1c4385a5d1b04,0,0,0,,,0,0,0,no_overlap
improve-53b7d7231dcca1b0,0,0,0,,,0,0,0,no_overlap
improve-3d15525cd81ddae7,0,0,0,,,0,0,0,no_overlap
improve-0834a7da5ccf9766,0,0,0,,,0,0,0,no_overlap
improve-257867ac0717763c,0,0,0,,,0,0,0,no_overlap
improve-ec4fe02ab9a0cf6c,0,0,0,,,0,0,0,no_overlap
improve-13b3f434130b1226,0,0,0,,,0,0,0,no_overlap
improve-598e437f39411d26,0,0,0,,,0,0,0,no_overlap
improve-80606417419573c4,0,0,0,,,0,0,0,no_overlap
improve-94bb479a69351c6d,0,0,0,,,0,0,0,no_overlap
improve-32e3f9a812345684,0,0,0,,,0,0,0,no_overlap
improve-936b80aa137303b4,0,0,0,,,0,0,0,no_overlap
improve-19df561420aefbbe,0,0,0,,,0,0,0,no_overlap
improve-3ccaf70dc7f464c5,0,0,0,,,0,0,0,no_overlap
improve-c451e90325bf9831,0,0,0,,,0,0,0,no_overlap
improve-599ab1f51de33077,0,0,0,,,0,0,0,no_overlap
improve-a944b1f388743663,0,0,0,,,0,0,0,no_overlap
improve-3d491c3215f9fce9,0,0,0,,,0,0,0,no_overlap
improve-b79b7cef6f03e3a7,0,0,0,,,0,0,0,no_overlap
improve-c4e99e11d245ac78,0,0,0,,,0,0,0,no_overlap
improve-bb7499b49dcd70fb,0,0,0,,,0,0,0,no_overlap
improve-5141d74704f46995,0,0,0,,,0,0,0,no_overlap
improve-b169b7c3b85b9e61,0,0,0,,,0,0,0,no_overlap
improve-47d177f604f2f264,0,0,0,,,0,0,0,no_overlap
improve-30a6003a582421f7,0,0,0,,,0,0,0,no_overlap
improve-c60875bc5d2e93ca,0,0,0,,,0,0,0,no_overlap
improve-e16756e481b41a1e,0,0,0,,,0,0,0,no_overlap
improve-e9d8a680d57bb370,0,0,0,,,0,0,0,no_overlap
improve-48ae72b38fa505c0,0,0,0,,,0,0,0,no_overlap
improve-5865bda02de68e21,0,0,0,,,0,0,0,no_overlap
improve-f469a61fbba40a91,0,0,0,,,0,0,0,no_overlap
improve-1017509ecd125b44,0,0,0,,,0,0,0,no_overlap
improve-e8ad1a0351e8962d,0,0,0,,,0,0,0,no_overlap
improve-c13223fdedf813e0,0,0,0,,,0,0,0,no_overlap
improve-d815a9929c3e84b8,0,0,0,,,0,0,0,no_overlap
improve-cbbad2ad1cc23328,0,0,0,,,0,0,0,no_overlap
improve-62beb9132015fa12,0,0,0,,,0,0,0,no_overlap
improve-13b72c8f1c1d9fb4,0,0,0,,,0,0,0,no_overlap
improve-eab01b44a7af1605,0,0,0,,,0,0,0,no_overlap
improve-aa4d1380db547261,0,0,0,,,0,0,0,no_overlap
improve-a22901b44a4d63c4,0,0,0,,,0,0,0,no_overlap
improve-a15c11caf7d2b435,0,0,0,,,0,0,0,no_overlap
improve-99b60f3db6421246,0,0,0,,,0,0,0,no_overlap
improve-7b91b92af7fa2b13,0,0,0,,,0,0,0,no_overlap
improve-06d05571ea09932b,0,0,0,,,0,0,0,no_overlap
improve-e83b5f8bbfb86b93,0,0,0,,,0,0,0,no_overlap
improve-bd02e065c412ac73,0,0,0,,,0,0,0,no_overlap
improve-22b09ce816f822b0,0,0,0,,,0,0,0,no_overlap
improve-ee6a0237e084bee9,0,0,0,,,0,0,0,no_overlap
improve-f35bae05fb4aa8ec,0,0,0,,,0,0,0,no_overlap
improve-46144aa4c16d2d3a,0,0,0,,,0,0,0,no_overlap
improve-00f14375febff976,0,0,0,,,0,0,0,no_overlap
improve-f7c783cf03cfc2fd,0,0,0,,,0,0,0,no_overlap
improve-3fbd98acabcdaa03,0,0,0,,,0,0,0,no_overlap
improve-c672b25e6fa2d330,0,0,0,,,0,0,0,no_overlap
improve-4e402e1bf3a69563,0,0,0,,,0,0,0,no_overlap
improve-97171b007a13b56a,0,0,0,,,0,0,0,no_overlap
improve-846559b78f94ec70,0,0,0,,,0,0,0,no_overlap
improve-eb9f58cf9f7718ee,0,0,0,,,0,0,0,no_overlap
improve-ce76d5477f24a0a8,0,0,0,,,0,0,0,no_overlap
improve-94cb66bf7dea0109,0,0,0,,,0,0,0,no_overlap
improve-6ac943b9d2664fc5,0,0,0,,,0,0,0,no_overlap
improve-f9d2f8b4638916de,0,0,0,,,0,0,0,no_overlap
improve-30efa8eaa2a1dde7,0,0,0,,,0,0,0,no_overlap
improve-5fbe4aa3eb3bbce8,0,0,0,,,0,0,0,no_overlap
improve-65de0e3144e0b2a4,0,0,0,,,0,0,0,no_overlap
improve-9e6fe8707d70ac9f,0,0,0,,,0,0,0,no_overlap
improve-d5bcac23c801d7f3,0,0,0,,,0,0,0,no_overlap
improve-87520c426ec9faf5,0,0,0,,,0,0,0,no_overlap
improve-fdfd84e2bcb23641,0,0,0,,,0,0,0,no_overlap
improve-b081d1aabf24c4d4,0,0,0,,,0,0,0,no_overlap
improve-24618420dfbf7a4b,0,0,0,,,0,0,0,no_overlap
improve-14f97355ce7ae654,0,0,0,,,0,0,0,no_overlap
improve-beb7ceb0a452b56c,0,0,0,,,0,0,0,no_overlap
improve-50e1b5fb48eb324b,0,0,0,,,0,0,0,no_overlap
improve-beca96482fdbc02a,0,0,0,,,0,0,0,no_overlap
improve-954aee08af59b61a,0,0,0,,,0,0,0,no_overlap
improve-cb6c813f5946631d,0,0,0,,,0,0,0,no_overlap
improve-ffa4cc4f12352034,0,0,0,,,0,0,0,no_overlap
improve-633d240d1be8f055,0,0,0,,,0,0,0,no_overlap
improve-840294243b27ded2,0,0,0,,,0,0,0,no_overlap
improve-22983df328c1700c,0,0,0,,,0,0,0,no_overlap
improve-e9d1218e5f480aa2,0,0,0,,,0,0,0,no_overlap
improve-f2a2d7ed94f6ec1e,0,0,0,,,0,0,0,no_overlap
improve-f148936e7d177093,0,0,0,,,0,0,0,no_overlap
improve-4911ed0acaea47db,0,0,0,,,0,0,0,no_overlap
improve-34bcc4ee621a69d4,0,0,0,,,0,0,0,no_overlap
improve-04764f76c5ca101a,0,0,0,,,0,0,0,no_overlap
improve-b27563223aa09d54,0,0,0,,,0,0,0,no_overlap
improve-d367f2062d7eed00,0,0,0,,,0,0,0,no_overlap
improve-76c4e9b3048e77c3,0,0,0,,,0,0,0,no_overlap
improve-1a348dc681141fa9,0,0,0,,,0,0,0,no_overlap
improve-863564a50f940368,0,0,0,,,0,0,0,no_overlap
improve-d71ee3f66d916286,0,0,0,,,0,0,0,no_overlap
improve-8bec5630051b0e95,0,0,0,,,0,0,0,no_overlap
improve-90b63766c82292d2,0,0,0,,,0,0,0,no_overlap
improve-8b4ccef14c559625,0,0,0,,,0,0,0,no_overlap
improve-980f316a062b23d2,0,0,0,,,0,0,0,no_overlap
improve-638a9155fcca1010,0,0,0,,,0,0,0,no_overlap
improve-5e6cc7d0cd70ebaa,0,0,0,,,0,0,0,no_overlap
improve-e57c02cbba13492d,0,0,0,,,0,0,0,no_overlap
improve-d266810ae8237c57,0,0,0,,,0,0,0,no_overlap
improve-f9b4e9534fff27ec,0,0,0,,,0,0,0,no_overlap
improve-c627f5e23278b0fb,0,0,0,,,0,0,0,no_overlap
improve-b9ce8d6505876df8,0,0,0,,,0,0,0,no_overlap
improve-3217e9fa81cfaf10,0,0,0,,,0,0,0,no_overlap
improve-82886faafd88a842,0,0,0,,,0,0,0,no_overlap
improve-adf523292c0931f7,0,0,0,,,0,0,0,no_overlap
improve-ecf7060b7b6b1516,0,0,0,,,0,0,0,no_overlap
improve-6a3aa0934bd71a92,0,0,0,,,0,0,0,no_overlap
improve-cb0fad00b1c50260,0,0,0,,,0,0,0,no_overlap
improve-a0c270b1f21f30dd,0,0,0,,,0,0,0,no_overlap
improve-c12fab0e6cdb9b77,0,0,0,,,0,0,0,no_overlap
improve-c28383ba510144a0,0,0,0,,,0,0,0,no_overlap
improve-7966eb413646a4a8,0,0,0,,,0,0,0,no_overlap
improve-2ca27187e6de9d5f,0,0,0,,,0,0,0,no_overlap
improve-d27dac381cc16d5c,0,0,0,,,0,0,0,no_overlap
improve-e468b10948ba6f2a,0,0,0,,,0,0,0,no_overlap
improve-49f3b2050d251dc5,0,0,0,,,0,0,0,no_overlap
improve-abb7d1c98e2e651a,0,0,0,,,0,0,0,no_overlap
improve-4678feb79f11dc9b,0,0,0,,,0,0,0,no_overlap
improve-ac63a7be9f82c6ec,0,0,0,,,0,0,0,no_overlap
improve-a6ee3846f5f9a3c3,0,0,0,,,0,0,0,no_overlap
improve-0664174baab5f8a1,0,0,0,,,0,0,0,no_overlap
improve-839265a11605da11,0,0,0,,,0,0,0,no_overlap
improve-99c97cf9ac52b47f,0,0,0,,,0,0,0,no_overlap
improve-104b1dd7f9cd7eea,0,0,0,,,0,0,0,no_overlap
improve-da3cddf881419737,0,0,0,,,0,0,0,no_overlap
improve-18b25c719bb0d0db,0,0,0,,,0,0,0,no_overlap
improve-893bd6bed2b1a696,0,0,0,,,0,0,0,no_overlap
improve-bb5614d4f3d63201,0,0,0,,,0,0,0,no_overlap
improve-ead539f379329f22,0,0,0,,,0,0,0,no_overlap
improve-7e9682cb9433f30e,0,0,0,,,0,0,0,no_overlap
improve-9977212053d5495b,0,0,0,,,0,0,0,no_overlap
improve-4d7be5f6e6e71b0e,0,0,0,,,0,0,0,no_overlap
improve-50fe77a9c7894eee,0,0,0,,,0,0,0,no_overlap
improve-b7ceea2afc10ad15,0,0,0,,,0,0,0,no_overlap
improve-70ca24fb07448b55,0,0,0,,,0,0,0,no_overlap
improve-3c782e342f420e89,0,0,0,,,0,0,0,no_overlap
improve-68183a0891abc88c,0,0,0,,,0,0,0,no_overlap
improve-8d1e574a3eb5b84d,0,0,0,,,0,0,0,no_overlap
improve-549a7423407969b9,0,0,0,,,0,0,0,no_overlap
improve-181056c154fa7870,0,0,0,,,0,0,0,no_overlap
improve-f1653ab15e21cdca,0,0,0,,,0,0,0,no_overlap
improve-ae56d612b948c4b5,0,0,0,,,0,0,0,no_overlap
improve-31d974daa89445e7,0,0,0,,,0,0,0,no_overlap
improve-9d0a161929cd4699,0,0,0,,,0,0,0,no_overlap
improve-3c3814001e1815d8,0,0,0,,,0,0,0,no_overlap
improve-c20a9a6dfd477c64,0,0,0,,,0,0,0,no_overlap
improve-e18dd2697f662ee2,0,0,0,,,0,0,0,no_overlap
improve-bbb670d38a1b1522,0,0,0,,,0,0,0,no_overlap
improve-e7fe9d6981209baf,0,0,0,,,0,0,0,no_overlap
improve-18ad218a54772b46,0,0,0,,,0,0,0,no_overlap
improve-8c07f6bdf3538a46,0,0,0,,,0,0,0,no_overlap
improve-8663e5f7363d785e,0,0,0,,,0,0,0,no_overlap
improve-ee088653a6130765,0,0,0,,,0,0,0,no_overlap
improve-14ae6245e4e554c7,0,0,0,,,0,0,0,no_overlap
improve-8c50964a7f9a965f,0,0,0,,,0,0,0,no_overlap
improve-67c3913ad4477895,0,0,0,,,0,0,0,no_overlap
improve-16e2620c69eec49c,0,0,0,,,0,0,0,no_overlap
improve-88faad5852e4fe76,0,0,0,,,0,0,0,no_overlap
improve-955074b74f40a37d,0,0,0,,,0,0,0,no_overlap
improve-074f4317e922f92b,0,0,0,,,0,0,0,no_overlap
improve-35ca86e41dc5ff50,0,0,0,,,0,0,0,no_overlap
improve-4ca1e63adbd9e3eb,0,0,0,,,0,0,0,no_overlap
improve-0d06c561cc4dd448,0,0,0,,,0,0,0,no_overlap
improve-b65951aa5de02315,0,0,0,,,0,0,0,no_overlap
improve-3ffdc7aa4bb93fd2,0,0,0,,,0,0,0,no_overlap
improve-c7c278837519993c,0,0,0,,,0,0,0,no_overlap
improve-9e95ab83b98761d8,0,0,0,,,0,0,0,no_overlap
improve-677f5b431ffe951e,0,0,0,,,0,0,0,no_overlap
improve-3af88c2619a33fe9,0,0,0,,,0,0,0,no_overlap
improve-94395c122baf1d84,0,0,0,,,0,0,0,no_overlap
improve-fb882e5ea5263b26,0,0,0,,,0,0,0,no_overlap
improve-b3e234b4eada3a34,0,0,0,,,0,0,0,no_overlap
improve-40864bcbfcc2a3b6,0,0,0,,,0,0,0,no_overlap
improve-4011ae57d1ca2978,0,0,0,,,0,0,0,no_overlap
improve-5e2ec0a4ea8fc74e,0,0,0,,,0,0,0,no_overlap
improve-f186dde14919d7ac,0,0,0,,,0,0,0,no_overlap
improve-aba156795b52685f,0,0,0,,,0,0,0,no_overlap
improve-b726c89fe69235fc,0,0,0,,,0,0,0,no_overlap
improve-b18df7a5f8c4ead7,0,0,0,,,0,0,0,no_overlap
improve-3f855d01ae099ebd,0,0,0,,,0,0,0,no_overlap
improve-5d1b1edf2f374ea3,0,0,0,,,0,0,0,no_overlap
improve-9db1e62c02fc0b5d,0,0,0,,,0,0,0,no_overlap
improve-3fb620347925564b,0,0,0,,,0,0,0,no_overlap
improve-e4fdf86eef468d7d,0,0,0,,,0,0,0,no_overlap
improve-f4fef1619402d03c,0,0,0,,,0,0,0,no_overlap
improve-ea1c4082fafb41c7,0,0,0,,,0,0,0,no_overlap
improve-788372b7034c8044,0,0,0,,,0,0,0,no_overlap
improve-8718a37b51e723dc,0,0,0,,,0,0,0,no_overlap
improve-690cee7ba237f784,0,0,0,,,0,0,0,no_overlap
improve-f86eaf6b68ea5ba7,0,0,0,,,0,0,0,no_overlap
improve-151fe7f99b9a22cc,0,0,0,,,0,0,0,no_overlap
improve-f9e60433607823f0,0,0,0,,,0,0,0,no_overlap
improve-a39a90676f6fb91b,0,0,0,,,0,0,0,no_overlap
improve-fe3acffb6816d8da,0,0,0,,,0,0,0,no_overlap
improve-3a23be3e443145f1,0,0,0,,,0,0,0,no_overlap
improve-16dacf2645a395fc,0,0,0,,,0,0,0,no_overlap
improve-80781e7ee2f5ca42,0,0,0,,,0,0,0,no_overlap
improve-e0a3caffa745a1ad,0,0,0,,,0,0,0,no_overlap
improve-4d91a0a78d75fcb0,0,0,0,,,0,0,0,no_overlap
improve-113f9165260611b4,0,0,0,,,0,0,0,no_overlap
improve-36602f89a85be66e,0,0,0,,,0,0,0,no_overlap
improve-222264f0477aa60e,0,0,0,,,0,0,0,no_overlap
improve-b2ce1fa0cf68dd07,0,0,0,,,0,0,0,no_overlap
improve-2fb993e433f86776,0,0,0,,,0,0,0,no_overlap
improve-36dd12002aacbb14,0,0,0,,,0,0,0,no_overlap
improve-e66d8f233bb86ada,0,0,0,,,0,0,0,no_overlap
improve-6b7c86a46a8818bb,0,0,0,,,0,0,0,no_overlap
improve-2d0da8e34a69e2cd,0,0,0,,,0,0,0,no_overlap
improve-e17f6ca51a24a13b,0,0,0,,,0,0,0,no_overlap
improve-744e201b9bb7761e,0,0,0,,,0,0,0,no_overlap
improve-3c8cfe01a02b260e,0,0,0,,,0,0,0,no_overlap
improve-1fe46323ea303696,0,0,0,,,0,0,0,no_overlap
improve-4f7ddb3641d653d5,0,0,0,,,0,0,0,no_overlap
improve-de82810e8345d82e,0,0,0,,,0,0,0,no_overlap
improve-814e0d0566f49c79,0,0,0,,,0,0,0,no_overlap
improve-c485b6688728d8ec,0,0,0,,,0,0,0,no_overlap
improve-6d4dcbb60cf725fe,0,0,0,,,0,0,0,no_overlap
improve-e8e2d094a427a475,0,0,0,,,0,0,0,no_overlap
improve-3d32b733ca927204,0,0,0,,,0,0,0,no_overlap
improve-9509b5b192ddf51f,0,0,0,,,0,0,0,no_overlap
improve-d08cff899ef8a702,0,0,0,,,0,0,0,no_overlap
improve-437f7c94db7deaf9,0,0,0,,,0,0,0,no_overlap
improve-13b03d6cd5486ed9,0,0,0,,,0,0,0,no_overlap
improve-29f4001719eb6238,0,0,0,,,0,0,0,no_overlap
improve-35b6ee07e57e8f6a,0,0,0,,,0,0,0,no_overlap
improve-122e15e851fcdc92,0,0,0,,,0,0,0,no_overlap
improve-a68cc083b0a70796,0,0,0,,,0,0,0,no_overlap
improve-384573124ea391af,0,0,0,,,0,0,0,no_overlap
improve-277f91ff52bb34ff,0,0,0,,,0,0,0,no_overlap
improve-43b5e170d855c964,0,0,0,,,0,0,0,no_overlap
improve-78c217761c3f631d,0,0,0,,,0,0,0,no_overlap
improve-0999c99d0f73836f,0,0,0,,,0,0,0,no_overlap
improve-a6ae804ca79c78ec,0,0,0,,,0,0,0,no_overlap
improve-3efed5fd9d2f7109,0,0,0,,,0,0,0,no_overlap
improve-68d5926890c96daf,0,0,0,,,0,0,0,no_overlap
improve-f01400899da6563d,0,0,0,,,0,0,0,no_overlap
improve-44d61df5e26dde53,0,0,0,,,0,0,0,no_overlap
improve-90bc733ea5c67d56,0,0,0,,,0,0,0,no_overlap
improve-492b360acc701b45,0,0,0,,,0,0,0,no_overlap
improve-9d5979466f030292,0,0,0,,,0,0,0,no_overlap
improve-d861a91b0d7587cb,0,0,0,,,0,0,0,no_overlap
improve-b4b4eca9a9c7f502,0,0,0,,,0,0,0,no_overlap
improve-28028b59bba9a7aa,0,0,0,,,0,0,0,no_overlap
improve-bbd7c07955da3a51,0,0,0,,,0,0,0,no_overlap
improve-6a95b7be4f3c1007,0,0,0,,,0,0,0,no_overlap
improve-40140b3180a88465,0,0,0,,,0,0,0,no_overlap
improve-514a40a9f428a066,0,0,0,,,0,0,0,no_overlap
improve-e5269c33b9dafbf1,0,0,0,,,0,0,0,no_overlap
improve-fc5c5567e950a8e0,0,0,0,,,0,0,0,no_overlap
improve-19e94ced41d40a5b,0,0,0,,,0,0,0,no_overlap
improve-60804326703f7967,0,0,0,,,0,0,0,no_overlap
improve-56e5ddb3a1c715e2,0,0,0,,,0,0,0,no_overlap
improve-35e3251f7581d279,0,0,0,,,0,0,0,no_overlap
improve-e8ca8bf4ff81ac97,0,0,0,,,0,0,0,no_overlap
improve-96ee6f878bbe6dba,0,0,0,,,0,0,0,no_overlap
improve-b75554717cb2083b,0,0,0,,,0,0,0,no_overlap
improve-829f30f8df418551,0,0,0,,,0,0,0,no_overlap
improve-b83613a0f953f30a,0,0,0,,,0,0,0,no_overlap
improve-e5ca2f42b3eed10d,0,0,0,,,0,0,0,no_overlap
improve-c143c1d458422f1e,0,0,0,,,0,0,0,no_overlap
improve-ac26b964d5567944,0,0,0,,,0,0,0,no_overlap
improve-afecda801689302e,0,0,0,,,0,0,0,no_overlap
improve-3fa05fbec34c6474,0,0,0,,,0,0,0,no_overlap
improve-5c543deddfce8dab,0,0,0,,,0,0,0,no_overlap
improve-d55d60e2be448a7f,0,0,0,,,0,0,0,no_overlap
improve-ff149b1a8ce9618f,0,0,0,,,0,0,0,no_overlap
improve-d16deda6db0d5abb,0,0,0,,,0,0,0,no_overlap
improve-1e7bb44ccb9037ba,0,0,0,,,0,0,0,no_overlap
improve-cd8b4d1fca80ea3f,0,0,0,,,0,0,0,no_overlap
improve-15eed402f1ebfb86,0,0,0,,,0,0,0,no_overlap
improve-36cb6879d891eb72,0,0,0,,,0,0,0,no_overlap
improve-8fbae538f0d5f882,0,0,0,,,0,0,0,no_overlap
improve-aced2126fd9d8dc8,0,0,0,,,0,0,0,no_overlap
improve-ab2a5558b801b9d2,0,0,0,,,0,0,0,no_overlap
improve-4b274a0e7142e186,0,0,0,,,0,0,0,no_overlap
improve-56a42c087a618e03,0,0,0,,,0,0,0,no_overlap
improve-d0ad901481d9657c,0,0,0,,,0,0,0,no_overlap
improve-112476bdc7d87878,0,0,0,,,0,0,0,no_overlap
improve-3c9d021db8368097,0,0,0,,,0,0,0,no_overlap
improve-862ea6f9dd5bb73c,0,0,0,,,0,0,0,no_overlap
improve-26008b861762eb99,0,0,0,,,0,0,0,no_overlap
improve-e6bf19efbdc6bdbc,0,0,0,,,0,0,0,no_overlap
improve-c4b130459206b608,0,0,0,,,0,0,0,no_overlap
improve-c5551465f9ee1546,0,0,0,,,0,0,0,no_overlap
improve-f0b71683568cf634,0,0,0,,,0,0,0,no_overlap
improve-0a62ce019f3237f9,0,0,0,,,0,0,0,no_overlap
improve-c2352cb395800554,0,0,0,,,0,0,0,no_overlap
improve-515341c0810828bb,0,0,0,,,0,0,0,no_overlap
improve-22a16e4b37e8875c,0,0,0,,,0,0,0,no_overlap
improve-42128e69e5046112,0,0,0,,,0,0,0,no_overlap
improve-7cc3f9b1aaa6f047,0,0,0,,,0,0,0,no_overlap
improve-9c6aab50417a490e,0,0,0,,,0,0,0,no_overlap
improve-3d43a41c98719a2f,0,0,0,,,0,0,0,no_overlap
improve-eb10188793c983d6,0,0,0,,,0,0,0,no_overlap
improve-cacb423c0fac83ac,0,0,0,,,0,0,0,no_overlap
improve-dc2550264eda20a0,0,0,0,,,0,0,0,no_overlap
improve-a1199ad39f6d9bef,0,0,0,,,0,0,0,no_overlap
improve-521d50e608338a12,0,0,0,,,0,0,0,no_overlap
improve-03ee1e5f4d4076c6,0,0,0,,,0,0,0,no_overlap
improve-fdfc4330dcb9b1c6,0,0,0,,,0,0,0,no_overlap
improve-2d7b64898dd89e6c,0,0,0,,,0,0,0,no_overlap
improve-b797f15471a399a8,0,0,0,,,0,0,0,no_overlap
improve-aa71f93d5f67dd7d,0,0,0,,,0,0,0,no_overlap
improve-267d356bd4ee2ab7,0,0,0,,,0,0,0,no_overlap
improve-938d368d441222b7,0,0,0,,,0,0,0,no_overlap
improve-f668d9ad26546ea7,0,0,0,,,0,0,0,no_overlap
improve-0afe7b3b7fa9dc38,0,0,0,,,0,0,0,no_overlap
improve-761e6732110c03d3,0,0,0,,,0,0,0,no_overlap
improve-1e20041fe9da8814,0,0,0,,,0,0,0,no_overlap
improve-600e9d7063211bff,0,0,0,,,0,0,0,no_overlap
improve-726a19c2acd45480,0,0,0,,,0,0,0,no_overlap
improve-ce1f71858884a375,0,0,0,,,0,0,0,no_overlap
improve-fa68951977e9a28c,0,0,0,,,0,0,0,no_overlap
improve-f062857a225323ab,0,0,0,,,0,0,0,no_overlap
improve-1944874bd1ad4a5e,0,0,0,,,0,0,0,no_overlap
improve-4d1618b1bbc8835d,0,0,0,,,0,0,0,no_overlap
improve-b982b957cb7b9015,0,0,0,,,0,0,0,no_overlap
improve-ad8365ca5a656706,0,0,0,,,0,0,0,no_overlap
improve-ff5650b37bdfdabf,0,0,0,,,0,0,0,no_overlap
improve-0acc3f5204a045e4,0,0,0,,,0,0,0,no_overlap
improve-d47f59b000f4e743,0,0,0,,,0,0,0,no_overlap
improve-d6d2b786feb88443,0,0,0,,,0,0,0,no_overlap
improve-24c23fbecda799e7,0,0,0,,,0,0,0,no_overlap
improve-ec9424a82d3f0b95,0,0,0,,,0,0,0,no_overlap
improve-34443a993a77dfa0,0,0,0,,,0,0,0,no_overlap
improve-72400766f8c62cf7,0,0,0,,,0,0,0,no_overlap
improve-d0bddf1d75a1c414,0,0,0,,,0,0,0,no_overlap
improve-ead6e037530f9ff4,0,0,0,,,0,0,0,no_overlap
improve-46d20acabef87bc3,0,0,0,,,0,0,0,no_overlap
improve-bbaf194fcae5c6f5,0,0,0,,,0,0,0,no_overlap
improve-5f8427205dd9f1df,0,0,0,,,0,0,0,no_overlap
improve-44f8f0e5b6e773e6,0,0,0,,,0,0,0,no_overlap
improve-2671fbe64ad9f9da,0,0,0,,,0,0,0,no_overlap
improve-1e1c6664c8e9757b,0,0,0,,,0,0,0,no_overlap
improve-3b49aa70add639d6,0,0,0,,,0,0,0,no_overlap
improve-6be806b2711082f8,0,0,0,,,0,0,0,no_overlap
improve-8e79ddbbc4b396df,0,0,0,,,0,0,0,no_overlap
improve-cd4192706e143494,0,0,0,,,0,0,0,no_overlap
improve-6b87d20ddc9172e0,0,0,0,,,0,0,0,no_overlap
improve-5a876f99daa62b52,0,0,0,,,0,0,0,no_overlap
improve-58923168f7f267c0,0,0,0,,,0,0,0,no_overlap
improve-d94c439f0ab7f38f,0,0,0,,,0,0,0,no_overlap
improve-c09a0367a2fecf79,0,0,0,,,0,0,0,no_overlap
improve-24906a310ccdd3a9,0,0,0,,,0,0,0,no_overlap
improve-a71a6d110ee5567a,0,0,0,,,0,0,0,no_overlap
improve-7590dcb767c96198,0,0,0,,,0,0,0,no_overlap
improve-9f66ff7fbb816539,0,0,0,,,0,0,0,no_overlap
improve-0612f3f048ad99a9,0,0,0,,,0,0,0,no_overlap
improve-1739e518534aedf6,0,0,0,,,0,0,0,no_overlap
improve-b4e1d18d2d0d0486,0,0,0,,,0,0,0,no_overlap
improve-f142aa7056ad233d,0,0,0,,,0,0,0,no_overlap
improve-76917fc3ebe9244f,0,0,0,,,0,0,0,no_overlap
improve-7d2aa2547bd54d32,0,0,0,,,0,0,0,no_overlap
improve-390cf109fba8fa23,0,0,0,,,0,0,0,no_overlap
improve-a0ddb0baa02247d6,0,0,0,,,0,0,0,no_overlap
improve-7c434006585a00d2,0,0,0,,,0,0,0,no_overlap
improve-294f11fbcd314a40,0,0,0,,,0,0,0,no_overlap
improve-c294bfa0e2eb90fa,0,0,0,,,0,0,0,no_overlap
improve-8d15f6ecaad03490,0,0,0,,,0,0,0,no_overlap
improve-414ddf3ebd3113bc,0,0,0,,,0,0,0,no_overlap
improve-c665672c5680042d,0,0,0,,,0,0,0,no_overlap
improve-9e9bc7e08437798b,0,0,0,,,0,0,0,no_overlap
improve-0c4ce0396e9bd88b,0,0,0,,,0,0,0,no_overlap
improve-809fa4a3f595931f,0,0,0,,,0,0,0,no_overlap
improve-241f1a90e62a43b6,0,0,0,,,0,0,0,no_overlap
improve-2330a3ca3e7d0426,0,0,0,,,0,0,0,no_overlap
improve-696c8d3b7b4d1634,0,0,0,,,0,0,0,no_overlap
improve-8034444a90a7d0d8,0,0,0,,,0,0,0,no_overlap
improve-d8f9e0c35c1cdd82,0,0,0,,,0,0,0,no_overlap
improve-f6f3829393ebea1e,0,0,0,,,0,0,0,no_overlap
improve-187a3005038c4890,0,0,0,,,0,0,0,no_overlap
improve-95096171b573d48e,0,0,0,,,0,0,0,no_overlap
improve-33c6214ec24c247f,0,0,0,,,0,0,0,no_overlap
improve-50fcb52ffc80e675,0,0,0,,,0,0,0,no_overlap
improve-3463c3b606e70267,0,0,0,,,0,0,0,no_overlap
improve-3e340cd5c6f65b83,0,0,0,,,0,0,0,no_overlap
improve-85414ab71a4ff859,0,0,0,,,0,0,0,no_overlap
improve-f6a98fa8ab13caac,0,0,0,,,0,0,0,no_overlap
improve-92b3e390b34dee98,0,0,0,,,0,0,0,no_overlap
improve-f11f40c544e66e53,0,0,0,,,0,0,0,no_overlap
improve-52212bd556652adb,0,0,0,,,0,0,0,no_overlap
improve-e07cfe0b1a46d831,0,0,0,,,0,0,0,no_overlap
improve-9cdef573b1d26e02,0,0,0,,,0,0,0,no_overlap
improve-07a44fe99d9dceef,0,0,0,,,0,0,0,no_overlap
improve-28416ba3d6bce850,0,0,0,,,0,0,0,no_overlap
improve-c06d896e1ad7f48f,0,0,0,,,0,0,0,no_overlap
improve-6cdbf3aa1a8a8b39,0,0,0,,,0,0,0,no_overlap
improve-5b1fe397463e8923,0,0,0,,,0,0,0,no_overlap
improve-19fabef6ff07d86b,0,0,0,,,0,0,0,no_overlap
improve-cee60288e9416824,0,0,0,,,0,0,0,no_overlap
improve-4a20c19b3950458b,0,0,0,,,0,0,0,no_overlap
improve-cdd8c7935ca881f4,0,0,0,,,0,0,0,no_overlap
improve-a040ef05c511002f,0,0,0,,,0,0,0,no_overlap
improve-0aab9c26519a4f57,0,0,0,,,0,0,0,no_overlap
improve-bdd0e50450059f79,0,0,0,,,0,0,0,no_overlap
improve-1b57d7a6c8548f05,0,0,0,,,0,0,0,no_overlap
improve-d0428f446fa86e72,0,0,0,,,0,0,0,no_overlap
improve-1034939f49d56373,0,0,0,,,0,0,0,no_overlap
improve-f2ba925abd4798e4,0,0,0,,,0,0,0,no_overlap
improve-4a1ae82717f1b144,0,0,0,,,0,0,0,no_overlap
improve-428c5d7e7c2de46d,0,0,0,,,0,0,0,no_overlap
improve-e38d728340abee31,0,0,0,,,0,0,0,no_overlap
improve-cff9c10322089e0a,0,0,0,,,0,0,0,no_overlap
improve-e3af8a2b6c76c342,0,0,0,,,0,0,0,no_overlap
improve-4716d02e746ec836,0,0,0,,,0,0,0,no_overlap
improve-fa21da3e006593c7,0,0,0,,,0,0,0,no_overlap
improve-cb3aebf39d72c716,0,0,0,,,0,0,0,no_overlap
improve-8c563a735d388b0e,0,0,0,,,0,0,0,no_overlap
improve-f6c31831007abd25,0,0,0,,,0,0,0,no_overlap
improve-3a801c9a38e4ff6e,0,0,0,,,0,0,0,no_overlap
improve-0efe6132d13a6244,0,0,0,,,0,0,0,no_overlap
improve-c33e486cb6e993a5,0,0,0,,,0,0,0,no_overlap
improve-209c7f0d93909957,0,0,0,,,0,0,0,no_overlap
improve-fc4c0b9313372b1a,0,0,0,,,0,0,0,no_overlap
improve-61470ba0dbabed78,0,0,0,,,0,0,0,no_overlap
improve-c0939d55b25e5353,0,0,0,,,0,0,0,no_overlap
improve-9f28a8dbf483e882,0,0,0,,,0,0,0,no_overlap
improve-db7e4815d193dca0,0,0,0,,,0,0,0,no_overlap
improve-d350efdb0cfc075f,0,0,0,,,0,0,0,no_overlap
improve-8c5c6d530c2a5aac,0,0,0,,,0,0,0,no_overlap
improve-e6630e022fc38260,0,0,0,,,0,0,0,no_overlap
improve-af5d07d84ce2a82d,0,0,0,,,0,0,0,no_overlap
improve-4f2c49754f951e89,0,0,0,,,0,0,0,no_overlap
improve-7d4e3bc525409fbd,0,0,0,,,0,0,0,no_overlap
improve-89e7a86e897260f3,0,0,0,,,0,0,0,no_overlap
improve-cd55430c6e8d1d79,0,0,0,,,0,0,0,no_overlap
improve-2bebf667c208c624,0,0,0,,,0,0,0,no_overlap
improve-14769456e71445e4,0,0,0,,,0,0,0,no_overlap
improve-2df7fc8685038944,0,0,0,,,0,0,0,no_overlap
improve-503a5ae4a295a407,0,0,0,,,0,0,0,no_overlap
improve-ad482161a86d2db6,0,0,0,,,0,0,0,no_overlap
improve-f4ae878f10324599,0,0,0,,,0,0,0,no_overlap
improve-2c90da9638055e67,0,0,0,,,0,0,0,no_overlap
improve-f87e60caa5e49465,0,0,0,,,0,0,0,no_overlap
improve-2f654c183eb51949,0,0,0,,,0,0,0,no_overlap
improve-09d02ca43c4b7784,0,0,0,,,0,0,0,no_overlap
improve-b6addc491f7ef7fe,0,0,0,,,0,0,0,no_overlap
improve-d72e3d7a563cf95c,0,0,0,,,0,0,0,no_overlap
improve-1575821bf49d178b,0,0,0,,,0,0,0,no_overlap
improve-8d2d9b693c002c71,0,0,0,,,0,0,0,no_overlap
improve-6c41a06820437f22,0,0,0,,,0,0,0,no_overlap
improve-de3277d92273617a,0,0,0,,,0,0,0,no_overlap
improve-271742f2da9e3d37,0,0,0,,,0,0,0,no_overlap
improve-1b79f763ee512d40,0,0,0,,,0,0,0,no_overlap
improve-4527cf5228507af0,0,0,0,,,0,0,0,no_overlap
improve-65b9738af061bca4,0,0,0,,,0,0,0,no_overlap
improve-13c00b426f2da0d7,0,0,0,,,0,0,0,no_overlap
improve-73c019e5f79f1783,0,0,0,,,0,0,0,no_overlap
improve-e71c4c4e5cd95107,0,0,0,,,0,0,0,no_overlap
improve-f9e23753fd4a2b9b,0,0,0,,,0,0,0,no_overlap
improve-26e0777271166726,0,0,0,,,0,0,0,no_overlap
improve-54fc2d585ed5c80b,0,0,0,,,0,0,0,no_overlap
improve-dc4f9e625d0b5d31,0,0,0,,,0,0,0,no_overlap
improve-9d8de128d861ee11,0,0,0,,,0,0,0,no_overlap
improve-bbe942273e4301e9,0,0,0,,,0,0,0,no_overlap
improve-1271ec204a637f4f,0,0,0,,,0,0,0,no_overlap
improve-ddbed58448605194,0,0,0,,,0,0,0,no_overlap
improve-5bf7c703b5951e4e,0,0,0,,,0,0,0,no_overlap
improve-edf1812d054dae6c,0,0,0,,,0,0,0,no_overlap
improve-24d0a636b0d218b8,0,0,0,,,0,0,0,no_overlap
improve-ebed5113c841b737,0,0,0,,,0,0,0,no_overlap
improve-cf9c9f071364eff0,0,0,0,,,0,0,0,no_overlap
improve-b70714ca9acc6683,0,0,0,,,0,0,0,no_overlap
improve-53ccb87341023cfb,0,0,0,,,0,0,0,no_overlap
improve-c672eef7f9b5534f,0,0,0,,,0,0,0,no_overlap
improve-54b59f63de8e48e3,0,0,0,,,0,0,0,no_overlap
improve-8aa5649e432753d2,0,0,0,,,0,0,0,no_overlap
improve-ab9a811a51b2a9c4,0,0,0,,,0,0,0,no_overlap
improve-7907f1fc6959aa47,0,0,0,,,0,0,0,no_overlap
improve-ecb173193e13e9ae,0,0,0,,,0,0,0,no_overlap
improve-b046f3823b08be11,0,0,0,,,0,0,0,no_overlap
improve-8bc4d14bc9c73f62,0,0,0,,,0,0,0,no_overlap
improve-2609b23c0008e886,0,0,0,,,0,0,0,no_overlap
improve-96472146b91769af,0,0,0,,,0,0,0,no_overlap
improve-7bb8544aeeefa32f,0,0,0,,,0,0,0,no_overlap
improve-0d492d45e6d7e4d4,0,0,0,,,0,0,0,no_overlap
improve-5a66a88723744684,0,0,0,,,0,0,0,no_overlap
improve-b64c4e2b687bbc41,0,0,0,,,0,0,0,no_overlap
improve-2e26cf59c1072373,0,0,0,,,0,0,0,no_overlap
improve-46fb007c6d532514,0,0,0,,,0,0,0,no_overlap
improve-4bb0cc4d2f5ee5fa,0,0,0,,,0,0,0,no_overlap
improve-12b6f381e3f9e21b,0,0,0,,,0,0,0,no_overlap
improve-5419823bdd458677,0,0,0,,,0,0,0,no_overlap
improve-9faefaf83077d6cb,0,0,0,,,0,0,0,no_overlap
improve-70f9e048f29bff0e,0,0,0,,,0,0,0,no_overlap
improve-9c23ca69f6f4bd98,0,0,0,,,0,0,0,no_overlap
improve-ff97fc2d0b568e48,0,0,0,,,0,0,0,no_overlap
improve-2eddeb911f693d7b,0,0,0,,,0,0,0,no_overlap
improve-49746688a1dc9ccf,0,0,0,,,0,0,0,no_overlap
improve-fce79070e9ae90d3,0,0,0,,,0,0,0,no_overlap
improve-a7f428bd4a147992,0,0,0,,,0,0,0,no_overlap
improve-6bd198b3f1b8b6a1,0,0,0,,,0,0,0,no_overlap
improve-07007975651ca90f,0,0,0,,,0,0,0,no_overlap
improve-f207b16044ad6e2e,0,0,0,,,0,0,0,no_overlap
improve-80680092682412ce,0,0,0,,,0,0,0,no_overlap
improve-eaf083b6d62d927d,0,0,0,,,0,0,0,no_overlap
improve-70077118dbd1b207,0,0,0,,,0,0,0,no_overlap
improve-59328fefe542ff76,0,0,0,,,0,0,0,no_overlap
improve-b1bfaba117767551,0,0,0,,,0,0,0,no_overlap
improve-022511116b0727a2,0,0,0,,,0,0,0,no_overlap
improve-f67b565390cc6bc1,0,0,0,,,0,0,0,no_overlap
improve-9dc7e103a9d4b8cb,0,0,0,,,0,0,0,no_overlap
improve-12eb842553f65e00,0,0,0,,,0,0,0,no_overlap
improve-7c2792cfdc38f4c3,0,0,0,,,0,0,0,no_overlap
improve-1ae6a41016bc26c8,0,0,0,,,0,0,0,no_overlap
improve-cc4937b4430022a3,0,0,0,,,0,0,0,no_overlap
improve-fb23eaed77223e0c,0,0,0,,,0,0,0,no_overlap
improve-bb4d0358ecc216a4,0,0,0,,,0,0,0,no_overlap
improve-864d087c4a40b466,0,0,0,,,0,0,0,no_overlap
improve-3f09a748c4113e6c,0,0,0,,,0,0,0,no_overlap
improve-96e441a6f3bb6ab0,0,0,0,,,0,0,0,no_overlap
improve-4bfb8ccaf0f9f5d6,0,0,0,,,0,0,0,no_overlap
improve-3bce4f2f004783a5,0,0,0,,,0,0,0,no_overlap
improve-aa06da1b521b953d,0,0,0,,,0,0,0,no_overlap
improve-b23ef3f2a212ed3a,0,0,0,,,0,0,0,no_overlap
improve-92388e8d8f9de579,0,0,0,,,0,0,0,no_overlap
improve-6752fb32bbb5f3dd,0,0,0,,,0,0,0,no_overlap
improve-080ae55b95123c5b,0,0,0,,,0,0,0,no_overlap
improve-0f81ce1e4c032771,0,0,0,,,0,0,0,no_overlap
improve-deaaf9e795690ed4,0,0,0,,,0,0,0,no_overlap
improve-90461781f87378fd,0,0,0,,,0,0,0,no_overlap
improve-52f712a38cebadae,0,0,0,,,0,0,0,no_overlap
improve-7acae62b8b85514f,0,0,0,,,0,0,0,no_overlap
improve-57b50c4384745108,0,0,0,,,0,0,0,no_overlap
improve-4dfaa182972b652c,0,0,0,,,0,0,0,no_overlap
improve-9ce4192ba18ee603,0,0,0,,,0,0,0,no_overlap
improve-c19c918c5ad10e1a,0,0,0,,,0,0,0,no_overlap
improve-658c076e08d66b7d,0,0,0,,,0,0,0,no_overlap
improve-8dde37c1c85b1a2a,0,0,0,,,0,0,0,no_overlap
improve-da4d6d44fbb75647,0,0,0,,,0,0,0,no_overlap
improve-1a1c44ef84802811,0,0,0,,,0,0,0,no_overlap
improve-1f83451ebfbd3064,0,0,0,,,0,0,0,no_overlap
improve-d289ede7889159b0,0,0,0,,,0,0,0,no_overlap
improve-eea8b48a834b5777,0,0,0,,,0,0,0,no_overlap
improve-6ab339c06895b910,0,0,0,,,0,0,0,no_overlap
improve-cfa666aa84566487,0,0,0,,,0,0,0,no_overlap
improve-710daa0cd49c6291,0,0,0,,,0,0,0,no_overlap
improve-50f0055d2971002e,0,0,0,,,0,0,0,no_overlap
improve-80b39dea2594523a,0,0,0,,,0,0,0,no_overlap
improve-d0041627aec87385,0,0,0,,,0,0,0,no_overlap
improve-cc5fb015d46b432a,0,0,0,,,0,0,0,no_overlap
improve-7ecbffee78f38b0c,0,0,0,,,0,0,0,no_overlap
improve-55d29e3c819da7c9,0,0,0,,,0,0,0,no_overlap
improve-a8b5161f3a6f4258,0,0,0,,,0,0,0,no_overlap
improve-f3939b8b56887d9e,0,0,0,,,0,0,0,no_overlap
improve-a93670d9d0265bdd,0,0,0,,,0,0,0,no_overlap
improve-c1bb247f1c99027f,0,0,0,,,0,0,0,no_overlap
improve-6274f465745a2d85,0,0,0,,,0,0,0,no_overlap
improve-42b91619c4eb9aa4,0,0,0,,,0,0,0,no_overlap
improve-37561108d7932f14,0,0,0,,,0,0,0,no_overlap
improve-d7b4c9edd79fb291,0,0,0,,,0,0,0,no_overlap
improve-6064c4543673983a,0,0,0,,,0,0,0,no_overlap
improve-1f24ac3bf291baac,0,0,0,,,0,0,0,no_overlap
improve-62d17f25fc9f3a7e,0,0,0,,,0,0,0,no_overlap
improve-ef50a2b89c556921,0,0,0,,,0,0,0,no_overlap
improve-20b1710dcde9b1da,0,0,0,,,0,0,0,no_overlap
improve-839db911db7151f5,0,0,0,,,0,0,0,no_overlap
improve-852f76a29e5402e0,0,0,0,,,0,0,0,no_overlap
improve-a8f0c562a3652519,0,0,0,,,0,0,0,no_overlap
improve-22c07076ebf5aafc,0,0,0,,,0,0,0,no_overlap
improve-215f1a88c5310d52,0,0,0,,,0,0,0,no_overlap
improve-d77547bf32f7ae3c,0,0,0,,,0,0,0,no_overlap
improve-48c42d2a4a3f4820,0,0,0,,,0,0,0,no_overlap
improve-791b826f2208471c,0,0,0,,,0,0,0,no_overlap
improve-cab830bc3a391f99,0,0,0,,,0,0,0,no_overlap
improve-c09e4af6cdd89c0a,0,0,0,,,0,0,0,no_overlap
improve-7890ef847c3adf0b,0,0,0,,,0,0,0,no_overlap
improve-97a7db734e477d71,0,0,0,,,0,0,0,no_overlap
improve-e9b43525fadbbf36,0,0,0,,,0,0,0,no_overlap
improve-dccd6b3b9a6ac1e1,0,0,0,,,0,0,0,no_overlap
improve-bda4fe9a86c948c5,0,0,0,,,0,0,0,no_overlap
improve-fe9d9d777964acef,0,0,0,,,0,0,0,no_overlap
improve-4deb55fefc13ac07,0,0,0,,,0,0,0,no_overlap
improve-926fb1c55609604c,0,0,0,,,0,0,0,no_overlap
improve-40bae2c846f58436,0,0,0,,,0,0,0,no_overlap
improve-0392dea57044a2de,0,0,0,,,0,0,0,no_overlap
improve-a779d946f3c0553a,0,0,0,,,0,0,0,no_overlap
improve-eadda6e69f7de26d,0,0,0,,,0,0,0,no_overlap
improve-8264a97ac699767a,0,0,0,,,0,0,0,no_overlap
improve-4aca00ee7958d1d1,0,0,0,,,0,0,0,no_overlap
improve-e0ce665e25130cd9,0,0,0,,,0,0,0,no_overlap
improve-4f0a154171bb4b16,0,0,0,,,0,0,0,no_overlap
improve-31947e5150e00716,0,0,0,,,0,0,0,no_overlap
improve-c4d81c51ed21babc,0,0,0,,,0,0,0,no_overlap
improve-8c213ef8bb0e3b1f,0,0,0,,,0,0,0,no_overlap
improve-0a829b9fc0ba0800,0,0,0,,,0,0,0,no_overlap
improve-254772287b80a53a,0,0,0,,,0,0,0,no_overlap
improve-1a260e6901d2c1e8,0,0,0,,,0,0,0,no_overlap
improve-c4c3d86971b07c45,0,0,0,,,0,0,0,no_overlap
improve-2da09bf4341982b8,0,0,0,,,0,0,0,no_overlap
improve-4adcf276aa12b9e4,0,0,0,,,0,0,0,no_overlap
improve-7ace98c60c5b1f73,0,0,0,,,0,0,0,no_overlap
improve-ff920c7c968fcfa1,0,0,0,,,0,0,0,no_overlap
improve-0c8d3d8ac5d3015e,0,0,0,,,0,0,0,no_overlap
improve-555bf24b587e714b,0,0,0,,,0,0,0,no_overlap
improve-60227596bf38d5c5,0,0,0,,,0,0,0,no_overlap
improve-47471cc1a3cd29f5,0,0,0,,,0,0,0,no_overlap
improve-1602b06d1d5681b7,0,0,0,,,0,0,0,no_overlap
improve-3107c222c0626ed8,0,0,0,,,0,0,0,no_overlap
improve-22d7f0dce04752ce,0,0,0,,,0,0,0,no_overlap
improve-4bfc05e84e413576,0,0,0,,,0,0,0,no_overlap
improve-b9bf2903ece398f6,0,0,0,,,0,0,0,no_overlap
improve-808aab625ad365dc,0,0,0,,,0,0,0,no_overlap
improve-6e4b231b62d6263d,0,0,0,,,0,0,0,no_overlap
improve-adeb491ec655f39d,0,0,0,,,0,0,0,no_overlap
improve-2accfc9e6c4153f8,0,0,0,,,0,0,0,no_overlap
improve-2f85352a8eec082b,0,0,0,,,0,0,0,no_overlap
improve-3042fe13deba16fb,0,0,0,,,0,0,0,no_overlap
improve-fa1c36774796357d,0,0,0,,,0,0,0,no_overlap
improve-9bd1dfee241f2241,0,0,0,,,0,0,0,no_overlap
improve-65f2adf5b1a0acb9,0,0,0,,,0,0,0,no_overlap
improve-84fd115efd46b4a9,0,0,0,,,0,0,0,no_overlap
improve-36e9596dc35d106f,0,0,0,,,0,0,0,no_overlap
improve-da9641fdbcf308ef,0,0,0,,,0,0,0,no_overlap
improve-89197411bfe15f65,0,0,0,,,0,0,0,no_overlap
improve-9c6f95e43958884c,0,0,0,,,0,0,0,no_overlap
improve-beaea35679f0fe15,0,0,0,,,0,0,0,no_overlap
improve-694b25cf51df8d51,0,0,0,,,0,0,0,no_overlap
improve-1565a5651e81db3a,0,0,0,,,0,0,0,no_overlap
improve-b71efde1d6914b86,0,0,0,,,0,0,0,no_overlap
improve-8a84016327f2ee9e,0,0,0,,,0,0,0,no_overlap
improve-1a8311db00ff2918,0,0,0,,,0,0,0,no_overlap
improve-d1b9e24637f8dbb5,0,0,0,,,0,0,0,no_overlap
improve-e15cc9ba3db5e7ec,0,0,0,,,0,0,0,no_overlap
improve-bda0a8b910fe0ea0,0,0,0,,,0,0,0,no_overlap
improve-1750b951b9b3c417,0,0,0,,,0,0,0,no_overlap
improve-0194e7a6c1898e6d,0,0,0,,,0,0,0,no_overlap
improve-7bd793f92839cdb1,0,0,0,,,0,0,0,no_overlap
improve-d558a4a5ce83c603,0,0,0,,,0,0,0,no_overlap
improve-10cf3d924ce5a8ba,0,0,0,,,0,0,0,no_overlap
improve-2c202b020872dfbe,0,0,0,,,0,0,0,no_overlap
improve-1a0dbc0a8f71979e,0,0,0,,,0,0,0,no_overlap
improve-dcdf04bfd421a535,0,0,0,,,0,0,0,no_overlap
improve-a57774fe6cd765ad,0,0,0,,,0,0,0,no_overlap
improve-02a38cb60a9e0c26,0,0,0,,,0,0,0,no_overlap
improve-31445a26402513b6,0,0,0,,,0,0,0,no_overlap
improve-036c69cf103246d7,0,0,0,,,0,0,0,no_overlap
improve-cad1dfea216aa29e,0,0,0,,,0,0,0,no_overlap
improve-1f2f3b10329577bc,0,0,0,,,0,0,0,no_overlap
improve-cf8ad35c79ca2cb1,0,0,0,,,0,0,0,no_overlap
improve-606d95341570db6b,0,0,0,,,0,0,0,no_overlap
improve-3c892aed49f697d6,0,0,0,,,0,0,0,no_overlap
improve-ffbf09dde1dcb9aa,0,0,0,,,0,0,0,no_overlap
improve-a305c3439bcda640,0,0,0,,,0,0,0,no_overlap
improve-394e7ebbf6d9b5c3,0,0,0,,,0,0,0,no_overlap
improve-00b8eb2c3a30c9a7,0,0,0,,,0,0,0,no_overlap
improve-f36278707ea474b0,0,0,0,,,0,0,0,no_overlap
improve-5eaa941a0005c914,0,0,0,,,0,0,0,no_overlap
improve-7cad86407434461f,0,0,0,,,0,0,0,no_overlap
improve-4a11a4f9bccd9e00,0,0,0,,,0,0,0,no_overlap
improve-990f0cbc5b7014fb,0,0,0,,,0,0,0,no_overlap
improve-5bc7f412979dc337,0,0,0,,,0,0,0,no_overlap
improve-50966109889bb335,0,0,0,,,0,0,0,no_overlap
improve-3b9c42668e3c4451,0,0,0,,,0,0,0,no_overlap
improve-4dab6f65f6b5c2bf,0,0,0,,,0,0,0,no_overlap
improve-b7ae05dec23c8bf4,0,0,0,,,0,0,0,no_overlap
improve-4d6e9ddbec702d9e,0,0,0,,,0,0,0,no_overlap
improve-8f3e5e1e53ed5100,0,0,0,,,0,0,0,no_overlap
improve-8dfbe4898f83cb72,0,0,0,,,0,0,0,no_overlap
improve-78319a5222ace682,0,0,0,,,0,0,0,no_overlap
improve-a40e968f53cfd95e,0,0,0,,,0,0,0,no_overlap
improve-82e74e9357c8cd90,0,0,0,,,0,0,0,no_overlap
improve-dab6463f8815d990,0,0,0,,,0,0,0,no_overlap
improve-223fbd226eeba0b6,0,0,0,,,0,0,0,no_overlap
improve-c32ee68b83c373a0,0,0,0,,,0,0,0,no_overlap
improve-0863a7ef027b9168,0,0,0,,,0,0,0,no_overlap
improve-7c10990b518884eb,0,0,0,,,0,0,0,no_overlap
improve-e83b1b4e79f4c4c9,0,0,0,,,0,0,0,no_overlap
improve-a2dc8504197f7730,0,0,0,,,0,0,0,no_overlap
improve-47c2f293915fbe73,0,0,0,,,0,0,0,no_overlap
improve-8764ded157b33d8a,0,0,0,,,0,0,0,no_overlap
improve-ad9ff0dd86180e9d,0,0,0,,,0,0,0,no_overlap
improve-306be29568fe1a6a,0,0,0,,,0,0,0,no_overlap
improve-fb3702e25bf41b7c,0,0,0,,,0,0,0,no_overlap
improve-75672334f3cd87c7,0,0,0,,,0,0,0,no_overlap
improve-43d1cc2dfbca975d,0,0,0,,,0,0,0,no_overlap
improve-236107d2070b168a,0,0,0,,,0,0,0,no_overlap
improve-8314511af72f9874,0,0,0,,,0,0,0,no_overlap
improve-be24d467788de7b3,0,0,0,,,0,0,0,no_overlap
improve-3f7ec45d671e7054,0,0,0,,,0,0,0,no_overlap
improve-5e1ca9305577bd89,0,0,0,,,0,0,0,no_overlap
improve-ecc1755ad71e2f12,0,0,0,,,0,0,0,no_overlap
improve-78598ebd9bf9b36a,0,0,0,,,0,0,0,no_overlap
improve-1081a7ca08d4de01,0,0,0,,,0,0,0,no_overlap
improve-0a07ffe14b120a2d,0,0,0,,,0,0,0,no_overlap
improve-ff7c8432944248c7,0,0,0,,,0,0,0,no_overlap
improve-4727f06edbb88d93,0,0,0,,,0,0,0,no_overlap
improve-f7d3516e871a75b6,0,0,0,,,0,0,0,no_overlap
improve-01c15c158952e87a,0,0,0,,,0,0,0,no_overlap
improve-6e7f68abae40d6cb,0,0,0,,,0,0,0,no_overlap
improve-dd7308242c7509b7,0,0,0,,,0,0,0,no_overlap
improve-9e486f5af4ec0968,0,0,0,,,0,0,0,no_overlap
improve-294c5bc89ad64974,0,0,0,,,0,0,0,no_overlap
improve-162840fbefbedef2,0,0,0,,,0,0,0,no_overlap
improve-f7879d11fc112f2f,0,0,0,,,0,0,0,no_overlap
improve-407761a2a30abdcd,0,0,0,,,0,0,0,no_overlap
improve-4ee831e5bf43abf9,0,0,0,,,0,0,0,no_overlap
improve-91246d4d5a2c258b,0,0,0,,,0,0,0,no_overlap
improve-fef9057e85eaea6b,0,0,0,,,0,0,0,no_overlap
improve-825abe8485b453cf,0,0,0,,,0,0,0,no_overlap
improve-32b7c4acdac3152f,0,0,0,,,0,0,0,no_overlap
improve-adbc2c2214c42ea3,0,0,0,,,0,0,0,no_overlap
improve-6f08cfbe1d8009bf,0,0,0,,,0,0,0,no_overlap
improve-09b897fb6b172220,0,0,0,,,0,0,0,no_overlap
improve-86ab0513d800205c,0,0,0,,,0,0,0,no_overlap
improve-d1b86f3a0c36df83,0,0,0,,,0,0,0,no_overlap
improve-1bcd7287162e0ce5,0,0,0,,,0,0,0,no_overlap
improve-401ca35c7a068cf0,0,0,0,,,0,0,0,no_overlap
improve-de90e38610400771,0,0,0,,,0,0,0,no_overlap
improve-0b220aedbf4ea396,0,0,0,,,0,0,0,no_overlap
improve-5b86bff97cc0c9bc,0,0,0,,,0,0,0,no_overlap
improve-74f92ed976877037,0,0,0,,,0,0,0,no_overlap
improve-693b359bf6e1398a,0,0,0,,,0,0,0,no_overlap
improve-aad37304e40b26b4,0,0,0,,,0,0,0,no_overlap
improve-9bdf8172b68811c1,0,0,0,,,0,0,0,no_overlap
improve-d96adc97b4b6840b,0,0,0,,,0,0,0,no_overlap
improve-8ef0c86351931c6f,0,0,0,,,0,0,0,no_overlap
improve-b1db8ecad351bb42,0,0,0,,,0,0,0,no_overlap
improve-abef7296e9c79a2a,0,0,0,,,0,0,0,no_overlap
improve-197e69b7acae4a2c,0,0,0,,,0,0,0,no_overlap
improve-8e0a0fd73ea304d8,0,0,0,,,0,0,0,no_overlap
improve-9defc1c9095c13e5,0,0,0,,,0,0,0,no_overlap
improve-dcc22585345ff748,0,0,0,,,0,0,0,no_overlap
improve-21ef4a9489843487,0,0,0,,,0,0,0,no_overlap
improve-f958576cb8da7aa7,0,0,0,,,0,0,0,no_overlap
improve-650fab7e7c8b2f64,0,0,0,,,0,0,0,no_overlap
improve-8bec82548de2490a,0,0,0,,,0,0,0,no_overlap
improve-ce283d21ecaf6b9c,0,0,0,,,0,0,0,no_overlap
improve-e80fee483d97472d,0,0,0,,,0,0,0,no_overlap
improve-27ef80ee5fc6ceb1,0,0,0,,,0,0,0,no_overlap
improve-49aa005bbfde7ba6,0,0,0,,,0,0,0,no_overlap
improve-10ed18adac3f7d13,0,0,0,,,0,0,0,no_overlap
improve-fa738fab5ed62d30,0,0,0,,,0,0,0,no_overlap
improve-8bb67a9a8a2df35b,0,0,0,,,0,0,0,no_overlap
improve-567362376e2e5a74,0,0,0,,,0,0,0,no_overlap
improve-88b4c3eaaa49e622,0,0,0,,,0,0,0,no_overlap
improve-4c46737b12916e11,0,0,0,,,0,0,0,no_overlap
improve-9d5c0349b2133ccc,0,0,0,,,0,0,0,no_overlap
improve-8c51bc9321b9f2d7,0,0,0,,,0,0,0,no_overlap
improve-c157a7de13824e48,0,0,0,,,0,0,0,no_overlap
improve-ec913991ded6c8f8,0,0,0,,,0,0,0,no_overlap
improve-aa0e526ec47ad797,0,0,0,,,0,0,0,no_overlap
improve-1b5447f5c8c82adc,0,0,0,,,0,0,0,no_overlap
improve-95d3055b5dbc858e,0,0,0,,,0,0,0,no_overlap
improve-a3560a75d1b524c8,0,0,0,,,0,0,0,no_overlap
improve-9b9d4297118c76d5,0,0,0,,,0,0,0,no_overlap
improve-07282f4b45466519,0,0,0,,,0,0,0,no_overlap
improve-bb496d1bfbfc33c1,0,0,0,,,0,0,0,no_overlap
improve-67b6ef05c6a06abf,0,0,0,,,0,0,0,no_overlap
improve-1348bcc1746beb26,0,0,0,,,0,0,0,no_overlap
improve-91284c533a088839,0,0,0,,,0,0,0,no_overlap
improve-694b7fb5c9668c9d,0,0,0,,,0,0,0,no_overlap
improve-879bf18281ea97f8,0,0,0,,,0,0,0,no_overlap
improve-971c337ed384136b,0,0,0,,,0,0,0,no_overlap
improve-630bbcf701248ff1,0,0,0,,,0,0,0,no_overlap
improve-e6eeee94dfd2e8c1,0,0,0,,,0,0,0,no_overlap
improve-d3358b53449699d1,0,0,0,,,0,0,0,no_overlap
improve-fd4b34accb606aeb,0,0,0,,,0,0,0,no_overlap
improve-6dbeb86bd6447a0e,0,0,0,,,0,0,0,no_overlap
improve-8484800efa4895e0,0,0,0,,,0,0,0,no_overlap
improve-f54f6bc5fe4f83ab,0,0,0,,,0,0,0,no_overlap
improve-8134170379616a5c,0,0,0,,,0,0,0,no_overlap
improve-e7358dac9ab888a8,0,0,0,,,0,0,0,no_overlap
improve-2e67c8c9c9c369a5,0,0,0,,,0,0,0,no_overlap
improve-fff496dc441b520d,0,0,0,,,0,0,0,no_overlap
improve-faa834c7aacb7c1a,0,0,0,,,0,0,0,no_overlap
improve-9772ed302bc45fc9,0,0,0,,,0,0,0,no_overlap
improve-0179dc59f72a0cc1,0,0,0,,,0,0,0,no_overlap
improve-0e9f224db2ef4188,0,0,0,,,0,0,0,no_overlap
improve-021c6078bf002dd5,0,0,0,,,0,0,0,no_overlap
improve-3a850b912b367d2d,0,0,0,,,0,0,0,no_overlap
improve-83697d6738909d06,0,0,0,,,0,0,0,no_overlap
improve-0a125af1654764d9,0,0,0,,,0,0,0,no_overlap
improve-f170178dbaa5d7a7,0,0,0,,,0,0,0,no_overlap
improve-9d5dc75165c5137d,0,0,0,,,0,0,0,no_overlap
improve-bdef9aea19205c15,0,0,0,,,0,0,0,no_overlap
improve-5fb3d5bda2724db4,0,0,0,,,0,0,0,no_overlap
improve-d057d1201024557c,0,0,0,,,0,0,0,no_overlap
improve-ec9f6a7221a5bca0,0,0,0,,,0,0,0,no_overlap
improve-d97fb2dc12578de2,0,0,0,,,0,0,0,no_overlap
improve-fd8a1774e93bcae7,0,0,0,,,0,0,0,no_overlap
improve-b36914211a143e29,0,0,0,,,0,0,0,no_overlap
improve-052ea8243477c8b8,0,0,0,,,0,0,0,no_overlap
improve-5d16312306ee644e,0,0,0,,,0,0,0,no_overlap
improve-b02986e22b0e81f5,0,0,0,,,0,0,0,no_overlap
improve-08ea6f1aa731289c,0,0,0,,,0,0,0,no_overlap
improve-66cecf722a185d20,0,0,0,,,0,0,0,no_overlap
improve-24888f3cb31a07b5,0,0,0,,,0,0,0,no_overlap
improve-fd15aaa846e68cbe,0,0,0,,,0,0,0,no_overlap
improve-1f4473f1c0bc98b3,0,0,0,,,0,0,0,no_overlap
improve-ad07aa7cf5fae659,0,0,0,,,0,0,0,no_overlap
improve-575e309e1ede70a5,0,0,0,,,0,0,0,no_overlap
improve-85e71b3f951c7bb5,0,0,0,,,0,0,0,no_overlap
improve-5386115fa6abadea,0,0,0,,,0,0,0,no_overlap
improve-7c4e5cb2991303fc,0,0,0,,,0,0,0,no_overlap
improve-ea5745ca9d5dd90c,0,0,0,,,0,0,0,no_overlap
improve-4bafdc54fde5f919,0,0,0,,,0,0,0,no_overlap
improve-3f98a0dbef3aa419,0,0,0,,,0,0,0,no_overlap
improve-e52c03d56a61cb93,0,0,0,,,0,0,0,no_overlap
improve-7ed3650c5fc86225,0,0,0,,,0,0,0,no_overlap
improve-059e9aa0318c1d07,0,0,0,,,0,0,0,no_overlap
improve-791c85a6255abbdf,0,0,0,,,0,0,0,no_overlap
improve-619b04ae6e150053,0,0,0,,,0,0,0,no_overlap
improve-fa2663ee6e715b1f,0,0,0,,,0,0,0,no_overlap
improve-22241e381c80f7da,0,0,0,,,0,0,0,no_overlap
improve-c3a983958d0b98c3,0,0,0,,,0,0,0,no_overlap
improve-e104fe36ece6ab91,0,0,0,,,0,0,0,no_overlap
improve-309b72478cc8c232,0,0,0,,,0,0,0,no_overlap
improve-3b2b20ca86d8609b,0,0,0,,,0,0,0,no_overlap
improve-b16d614e85eee7da,0,0,0,,,0,0,0,no_overlap
improve-cb036054325a845e,0,0,0,,,0,0,0,no_overlap
improve-d204a6b92f8ec95e,0,0,0,,,0,0,0,no_overlap
improve-6115e53ebc270911,0,0,0,,,0,0,0,no_overlap
improve-60e852f4984b3297,0,0,0,,,0,0,0,no_overlap
improve-a5972618438c6428,0,0,0,,,0,0,0,no_overlap
improve-2e5961ec4343ee9f,0,0,0,,,0,0,0,no_overlap
improve-433f4a59989b1b11,0,0,0,,,0,0,0,no_overlap
improve-8072ae06e4af6f98,0,0,0,,,0,0,0,no_overlap
improve-470aac08c5ea1a5a,0,0,0,,,0,0,0,no_overlap
improve-d820fbd7ac5d2516,0,0,0,,,0,0,0,no_overlap
improve-ae9e64958770056b,0,0,0,,,0,0,0,no_overlap
improve-286ea1ad58b9dc8e,0,0,0,,,0,0,0,no_overlap
improve-81e13edd837b9c3f,0,0,0,,,0,0,0,no_overlap
improve-d67f083ebcc83519,0,0,0,,,0,0,0,no_overlap
improve-4215167764a3e9f8,0,0,0,,,0,0,0,no_overlap
improve-a3ca57d868a89714,0,0,0,,,0,0,0,no_overlap
improve-e1ccb05684e3edd9,0,0,0,,,0,0,0,no_overlap
improve-0fa1431575dfceca,0,0,0,,,0,0,0,no_overlap
improve-f0523b6c16f416f8,0,0,0,,,0,0,0,no_overlap
improve-49847894c7fa84f5,0,0,0,,,0,0,0,no_overlap
improve-4edeb7b31d805b24,0,0,0,,,0,0,0,no_overlap
improve-5ed055008af4a36f,0,0,0,,,0,0,0,no_overlap
improve-7da9101b36b1c3e2,0,0,0,,,0,0,0,no_overlap
improve-7873052816e14d36,0,0,0,,,0,0,0,no_overlap
improve-1e8ac8ebb27996fe,0,0,0,,,0,0,0,no_overlap
improve-363dc4c30e2d55c3,0,0,0,,,0,0,0,no_overlap
improve-b3462606b68494bf,0,0,0,,,0,0,0,no_overlap
improve-9c40cb716c8976b2,0,0,0,,,0,0,0,no_overlap
improve-5079cddfdb8f2c56,0,0,0,,,0,0,0,no_overlap
improve-162629a34e281ce1,0,0,0,,,0,0,0,no_overlap
improve-3b0a4fcaf420e03d,0,0,0,,,0,0,0,no_overlap
improve-0da2fb2b42f1a16f,0,0,0,,,0,0,0,no_overlap
improve-7bd0de7a583dcc36,0,0,0,,,0,0,0,no_overlap
improve-42b572a6eb8c5ec5,0,0,0,,,0,0,0,no_overlap
improve-662c379f320793e6,0,0,0,,,0,0,0,no_overlap
improve-cca6430f16aba121,0,0,0,,,0,0,0,no_overlap
improve-a356a5fea043b64a,0,0,0,,,0,0,0,no_overlap
improve-562011b9ac7074f4,0,0,0,,,0,0,0,no_overlap
improve-eb1102be96364eed,0,0,0,,,0,0,0,no_overlap
improve-6cac85e5680701dd,0,0,0,,,0,0,0,no_overlap
improve-5fb564040aec2d8d,0,0,0,,,0,0,0,no_overlap
improve-3725a7cc9b3f3595,0,0,0,,,0,0,0,no_overlap
improve-c97050d529c21ae5,0,0,0,,,0,0,0,no_overlap
improve-b7fb3631e8b5a52c,0,0,0,,,0,0,0,no_overlap
improve-e48423294f7c926f,0,0,0,,,0,0,0,no_overlap
improve-fc64b4e48dde345e,0,0,0,,,0,0,0,no_overlap
improve-541e334909bc0776,0,0,0,,,0,0,0,no_overlap
improve-0662bbbc1a75f1a9,0,0,0,,,0,0,0,no_overlap
improve-f12d740b3b8daf72,0,0,0,,,0,0,0,no_overlap
improve-8497a4cfd444eff2,0,0,0,,,0,0,0,no_overlap
improve-13f5538759c8bac0,0,0,0,,,0,0,0,no_overlap
improve-94d899eb5de53c87,0,0,0,,,0,0,0,no_overlap
improve-93d13ef14a94fdff,0,0,0,,,0,0,0,no_overlap
improve-160a8f21c90aef14,0,0,0,,,0,0,0,no_overlap
improve-4fad13f1285c9148,0,0,0,,,0,0,0,no_overlap
improve-abd99765b667dc61,0,0,0,,,0,0,0,no_overlap
improve-da8cfc1671192899,0,0,0,,,0,0,0,no_overlap
improve-0146d64fe6dff6b8,0,0,0,,,0,0,0,no_overlap
improve-23d0511b8e569626,0,0,0,,,0,0,0,no_overlap
improve-be7a9d91eee3e384,0,0,0,,,0,0,0,no_overlap
improve-8c507aba01c4a102,0,0,0,,,0,0,0,no_overlap
improve-d233d07ee7dd51e3,0,0,0,,,0,0,0,no_overlap
improve-b8b26e83b952e835,0,0,0,,,0,0,0,no_overlap
improve-97c33e096b4e4681,0,0,0,,,0,0,0,no_overlap
improve-5954730bcf696230,0,0,0,,,0,0,0,no_overlap
improve-44fa0ea64278db0a,0,0,0,,,0,0,0,no_overlap
improve-8dd254e065de6310,0,0,0,,,0,0,0,no_overlap
improve-459422c9feffe11b,0,0,0,,,0,0,0,no_overlap
improve-5e4a42ce80653f30,0,0,0,,,0,0,0,no_overlap
improve-69808acf710c5271,0,0,0,,,0,0,0,no_overlap
improve-98a06a7f349e7301,0,0,0,,,0,0,0,no_overlap
improve-7f7d53ac8b84e30e,0,0,0,,,0,0,0,no_overlap
improve-7b027e5033c362bf,0,0,0,,,0,0,0,no_overlap
improve-aba469e70c3c4412,0,0,0,,,0,0,0,no_overlap
improve-c8bfcb9ff5cadae4,0,0,0,,,0,0,0,no_overlap
improve-28ab141135ab2fc5,0,0,0,,,0,0,0,no_overlap
improve-8a5718cab909ca52,0,0,0,,,0,0,0,no_overlap
improve-06e1e067c696f2cf,0,0,0,,,0,0,0,no_overlap
improve-0a692c5b76c69038,0,0,0,,,0,0,0,no_overlap
improve-e604a77029019fd3,0,0,0,,,0,0,0,no_overlap
improve-b70c76fbd489385c,0,0,0,,,0,0,0,no_overlap
improve-06e2b9f43aff12ad,0,0,0,,,0,0,0,no_overlap
improve-a864607f6ebe3b7a,0,0,0,,,0,0,0,no_overlap
improve-073d653bf052cd22,0,0,0,,,0,0,0,no_overlap
improve-48dcc17740e7a9d3,0,0,0,,,0,0,0,no_overlap
improve-a2e586cb77b8737b,0,0,0,,,0,0,0,no_overlap
improve-ecfbdb5d2d54c93f,0,0,0,,,0,0,0,no_overlap
improve-34c513f6b7267dd3,0,0,0,,,0,0,0,no_overlap
improve-ad63a2fc472d82f8,0,0,0,,,0,0,0,no_overlap
improve-df92f73e5f857148,0,0,0,,,0,0,0,no_overlap
improve-cdb93627a7933247,0,0,0,,,0,0,0,no_overlap
improve-961ff7ae87c911bc,0,0,0,,,0,0,0,no_overlap
improve-6ded7cb2e463604d,0,0,0,,,0,0,0,no_overlap
improve-fd2cd7fa2ac0fb1b,0,0,0,,,0,0,0,no_overlap
improve-eb92f32e03e55f93,0,0,0,,,0,0,0,no_overlap
improve-e0d3f111a63ffe0e,0,0,0,,,0,0,0,no_overlap
improve-1508d4419eff833e,0,0,0,,,0,0,0,no_overlap
improve-ebeb5ca9709f05c0,0,0,0,,,0,0,0,no_overlap
improve-aa6ad4e05477d723,0,0,0,,,0,0,0,no_overlap
improve-e2efb4042e82adff,0,0,0,,,0,0,0,no_overlap
improve-e82439e8f378c70f,0,0,0,,,0,0,0,no_overlap
improve-ec77c09a8ba26951,0,0,0,,,0,0,0,no_overlap
improve-b128361145f391a0,0,0,0,,,0,0,0,no_overlap
improve-9b38f97baa5ffce1,0,0,0,,,0,0,0,no_overlap
improve-ec39d1f44ffed4b9,0,0,0,,,0,0,0,no_overlap
improve-34d0b1e74c946a2c,0,0,0,,,0,0,0,no_overlap
improve-05047a0e24e849f2,0,0,0,,,0,0,0,no_overlap
improve-c6c63e905058caa5,0,0,0,,,0,0,0,no_overlap
improve-d1c2a05c6d62a24e,0,0,0,,,0,0,0,no_overlap
improve-cda389b676f7f6fb,0,0,0,,,0,0,0,no_overlap
improve-4fee1493533e56bb,0,0,0,,,0,0,0,no_overlap
improve-78b1e47ccb6d3264,0,0,0,,,0,0,0,no_overlap
improve-cf8cec044755a136,0,0,0,,,0,0,0,no_overlap
improve-a408e2a06c43a7b7,0,0,0,,,0,0,0,no_overlap
improve-cf3b18f8bc73bb3f,0,0,0,,,0,0,0,no_overlap
improve-c2314d8358dd31b2,0,0,0,,,0,0,0,no_overlap
improve-bc98cf2adcd1dbcf,0,0,0,,,0,0,0,no_overlap
improve-a77eb50e057f6036,0,0,0,,,0,0,0,no_overlap
improve-62f377fa79accf22,0,0,0,,,0,0,0,no_overlap
improve-f252cb12f5cc2ec8,0,0,0,,,0,0,0,no_overlap
improve-114df5b2689d0bdf,0,0,0,,,0,0,0,no_overlap
improve-d8c076a4dd5055f6,0,0,0,,,0,0,0,no_overlap
improve-b47e55fa2c9fc3ba,0,0,0,,,0,0,0,no_overlap
improve-a07ba25869198e18,0,0,0,,,0,0,0,no_overlap
improve-a626ecef9567e036,0,0,0,,,0,0,0,no_overlap
improve-fccafa2c3d84bb9b,0,0,0,,,0,0,0,no_overlap
improve-fabfcda2216d90b6,0,0,0,,,0,0,0,no_overlap
improve-dc4945d566b5f327,0,0,0,,,0,0,0,no_overlap
improve-5e3da62345e01870,0,0,0,,,0,0,0,no_overlap
improve-22ee62b165eabd18,0,0,0,,,0,0,0,no_overlap
improve-8d2c70dde1111c66,0,0,0,,,0,0,0,no_overlap
improve-c83c3408f005dedc,0,0,0,,,0,0,0,no_overlap
improve-f87a2ebf217d97c9,0,0,0,,,0,0,0,no_overlap
improve-3a19cdde43c32e32,0,0,0,,,0,0,0,no_overlap
improve-157d5524dfc4b867,0,0,0,,,0,0,0,no_overlap
improve-82fd1cf7b6aa8195,0,0,0,,,0,0,0,no_overlap
improve-f499391c1fbf91f9,0,0,0,,,0,0,0,no_overlap
improve-498c9bbf63ae0201,0,0,0,,,0,0,0,no_overlap
improve-560b4d843bb171f3,0,0,0,,,0,0,0,no_overlap
improve-83c9507da9c77f0c,0,0,0,,,0,0,0,no_overlap
improve-80cec0bfca4aebab,0,0,0,,,0,0,0,no_overlap
improve-f4e46642394af5c6,0,0,0,,,0,0,0,no_overlap
improve-d39f1c96ec61918f,0,0,0,,,0,0,0,no_overlap
improve-1d47cd54ba2a8a5b,0,0,0,,,0,0,0,no_overlap
improve-fd5ec4f259dddd3e,0,0,0,,,0,0,0,no_overlap
improve-eb8a36738f7cc5f3,0,0,0,,,0,0,0,no_overlap
improve-322c9461fda802fb,0,0,0,,,0,0,0,no_overlap
improve-11728aff1e58ee8d,0,0,0,,,0,0,0,no_overlap
improve-08260688d5bd3b5f,0,0,0,,,0,0,0,no_overlap
improve-e8f30cc483af00b2,0,0,0,,,0,0,0,no_overlap
improve-62749bca408cfab4,0,0,0,,,0,0,0,no_overlap
improve-28cb99029ddf6be3,0,0,0,,,0,0,0,no_overlap
improve-5f5f3d7a9375effd,0,0,0,,,0,0,0,no_overlap
improve-51aa0d984ddc8ef4,0,0,0,,,0,0,0,no_overlap
improve-483c9e4e90392739,0,0,0,,,0,0,0,no_overlap
improve-68aa7121e9ebd72f,0,0,0,,,0,0,0,no_overlap
improve-eace6ac811d1484b,0,0,0,,,0,0,0,no_overlap
improve-a3385ad2c8dac3cc,0,0,0,,,0,0,0,no_overlap
improve-ebce633aca67732c,0,0,0,,,0,0,0,no_overlap
improve-33bc511df231e9be,0,0,0,,,0,0,0,no_overlap
improve-cf08852f1f581f06,0,0,0,,,0,0,0,no_overlap
improve-e45ef5d504447749,0,0,0,,,0,0,0,no_overlap
improve-20fa63f97f9c97d1,0,0,0,,,0,0,0,no_overlap
improve-ec2f66849163a13a,0,0,0,,,0,0,0,no_overlap
improve-1962b148d25ce30a,0,0,0,,,0,0,0,no_overlap
improve-98041d56956f031e,0,0,0,,,0,0,0,no_overlap
improve-74c265181a6a4557,0,0,0,,,0,0,0,no_overlap
improve-81a03d313909ae96,0,0,0,,,0,0,0,no_overlap
improve-b4e1303418e0947a,0,0,0,,,0,0,0,no_overlap
improve-1432ceccdf78dccf,0,0,0,,,0,0,0,no_overlap
improve-2345140cff2ba2f0,0,0,0,,,0,0,0,no_overlap
improve-23d4b8f3dfd41dff,0,0,0,,,0,0,0,no_overlap
improve-05d27f7c8a0cfd2e,0,0,0,,,0,0,0,no_overlap
improve-903ebc078097be04,0,0,0,,,0,0,0,no_overlap
improve-9ce95290fb918908,0,0,0,,,0,0,0,no_overlap
improve-c1c5326c7e931ba8,0,0,0,,,0,0,0,no_overlap
improve-02b6e0cd59570aad,0,0,0,,,0,0,0,no_overlap
improve-439634ec063dda1d,0,0,0,,,0,0,0,no_overlap
improve-d2301587baef8d9f,0,0,0,,,0,0,0,no_overlap
improve-6a190f53be57fcdd,0,0,0,,,0,0,0,no_overlap
improve-6a4470a058d5e42a,0,0,0,,,0,0,0,no_overlap
improve-7d6388c68a6da3cc,0,0,0,,,0,0,0,no_overlap
improve-2798c64e97504fc3,0,0,0,,,0,0,0,no_overlap
improve-f90e7e909a5bbfc2,0,0,0,,,0,0,0,no_overlap
improve-a85488eb5b158e8c,0,0,0,,,0,0,0,no_overlap
improve-ed20bf8b2b8d7d3e,0,0,0,,,0,0,0,no_overlap
improve-e2c7dc3d7f0c6b40,0,0,0,,,0,0,0,no_overlap
improve-e537ec7cf7676196,0,0,0,,,0,0,0,no_overlap
improve-cbed2620f71be01b,0,0,0,,,0,0,0,no_overlap
improve-3f3b92b4e7fe6fc2,0,0,0,,,0,0,0,no_overlap
improve-7f10e62241ed8863,0,0,0,,,0,0,0,no_overlap
improve-34a8cf83e4a84a4d,0,0,0,,,0,0,0,no_overlap
improve-1ec21e5f30e74d50,0,0,0,,,0,0,0,no_overlap
improve-2b1f8b359aec501b,0,0,0,,,0,0,0,no_overlap
improve-190a3b2780fa8ea6,0,0,0,,,0,0,0,no_overlap
improve-c450f83044a9d221,0,0,0,,,0,0,0,no_overlap
improve-23559ba0ae63d984,0,0,0,,,0,0,0,no_overlap
improve-e295e6cb522f680c,0,0,0,,,0,0,0,no_overlap
improve-2972f684c234a65b,0,0,0,,,0,0,0,no_overlap
improve-9709bc0ed8b3c19b,0,0,0,,,0,0,0,no_overlap
improve-5fd2438dd6e8c9f4,0,0,0,,,0,0,0,no_overlap
improve-2c0b524a38b7532d,0,0,0,,,0,0,0,no_overlap
improve-e7a6ad54c74c71a1,0,0,0,,,0,0,0,no_overlap
improve-bb789d62a166ab4b,0,0,0,,,0,0,0,no_overlap
improve-cfdc3ddaee9ec0c4,0,0,0,,,0,0,0,no_overlap
improve-8948bc7203ce61ca,0,0,0,,,0,0,0,no_overlap
improve-70b128affbcaa70b,0,0,0,,,0,0,0,no_overlap
improve-561b5701056b47c1,0,0,0,,,0,0,0,no_overlap
improve-8fce9e89f96edb2a,0,0,0,,,0,0,0,no_overlap
improve-9148acaa257c9f6a,0,0,0,,,0,0,0,no_overlap
improve-979486201268e8e3,0,0,0,,,0,0,0,no_overlap
improve-712b107834fdff6d,0,0,0,,,0,0,0,no_overlap
improve-9055ef380e6b3f27,0,0,0,,,0,0,0,no_overlap
improve-30b639ee52409d83,0,0,0,,,0,0,0,no_overlap
improve-7ef51b1868f36f13,0,0,0,,,0,0,0,no_overlap
improve-9375188a0ed2fa43,0,0,0,,,0,0,0,no_overlap
improve-20a131dc67ae6c9b,0,0,0,,,0,0,0,no_overlap
improve-360c7395e895d017,0,0,0,,,0,0,0,no_overlap
improve-6a89ea815bba5c02,0,0,0,,,0,0,0,no_overlap
improve-00c4191c76bd0f2f,0,0,0,,,0,0,0,no_overlap
improve-08bc1f88560f2fe8,0,0,0,,,0,0,0,no_overlap
improve-5e0f3cb1ec10263c,0,0,0,,,0,0,0,no_overlap
improve-3873feda15539db0,0,0,0,,,0,0,0,no_overlap
improve-d8f88f3410371ec3,0,0,0,,,0,0,0,no_overlap
improve-c50812ad0b467b2a,0,0,0,,,0,0,0,no_overlap
improve-c78e97c746962007,0,0,0,,,0,0,0,no_overlap
improve-6a4a4f85954af49b,0,0,0,,,0,0,0,no_overlap
improve-228215cdce32441c,0,0,0,,,0,0,0,no_overlap
improve-f26755c7f1e50c62,0,0,0,,,0,0,0,no_overlap
improve-77129b18b1dc4964,0,0,0,,,0,0,0,no_overlap
improve-2d8ea57a89616670,0,0,0,,,0,0,0,no_overlap
improve-9beb44995e352190,0,0,0,,,0,0,0,no_overlap
improve-3a13a44e13eda77d,0,0,0,,,0,0,0,no_overlap
improve-118ef2a48b0d35ad,0,0,0,,,0,0,0,no_overlap
improve-1831eafc42246f23,0,0,0,,,0,0,0,no_overlap
improve-d0bfb1b959f167e7,0,0,0,,,0,0,0,no_overlap
improve-2c19b1fb03d1ead6,0,0,0,,,0,0,0,no_overlap
improve-c360ed1a14177e67,0,0,0,,,0,0,0,no_overlap
improve-f261d951ce692b4a,0,0,0,,,0,0,0,no_overlap
improve-1bcd2319536db7ef,0,0,0,,,0,0,0,no_overlap
improve-e117d40abd02d14c,0,0,0,,,0,0,0,no_overlap
improve-6fd8f4f87fca2222,0,0,0,,,0,0,0,no_overlap
improve-008d5eb6cee62087,0,0,0,,,0,0,0,no_overlap
improve-b8cb2a829b94b24a,0,0,0,,,0,0,0,no_overlap
improve-7749df88f8563991,0,0,0,,,0,0,0,no_overlap
improve-3bdef4e020dca0c2,0,0,0,,,0,0,0,no_overlap
improve-7aaed73dadfb3938,0,0,0,,,0,0,0,no_overlap
improve-e3e157254f09517c,0,0,0,,,0,0,0,no_overlap
improve-38fc5a3ffda7b769,0,0,0,,,0,0,0,no_overlap
improve-2e61bb16391db9bf,0,0,0,,,0,0,0,no_overlap
improve-4eaa89730de05b24,0,0,0,,,0,0,0,no_overlap
improve-e260935017a1325a,0,0,0,,,0,0,0,no_overlap
improve-4ed370a6fbe38cee,0,0,0,,,0,0,0,no_overlap
improve-bd68846b0a2ffc4d,0,0,0,,,0,0,0,no_overlap
improve-b46b6cf97b9e2572,0,0,0,,,0,0,0,no_overlap
improve-11209db57209535a,0,0,0,,,0,0,0,no_overlap
improve-f8f39ded238919e3,0,0,0,,,0,0,0,no_overlap
improve-964ef763e56473ec,0,0,0,,,0,0,0,no_overlap
improve-ee8cedd1958caeca,0,0,0,,,0,0,0,no_overlap
improve-87ea7523008e38c1,0,0,0,,,0,0,0,no_overlap
improve-b038045f801484db,0,0,0,,,0,0,0,no_overlap
improve-dfbea999304b7b0c,0,0,0,,,0,0,0,no_overlap
improve-23628c7ed640add4,0,0,0,,,0,0,0,no_overlap
improve-c5ace9f1ad7ac467,0,0,0,,,0,0,0,no_overlap
improve-20e79d6e5b1e043f,0,0,0,,,0,0,0,no_overlap
improve-1b1405623e6b9391,0,0,0,,,0,0,0,no_overlap
improve-3cd3bd69cfd2f700,0,0,0,,,0,0,0,no_overlap
improve-a16efc1fecf77de0,0,0,0,,,0,0,0,no_overlap
improve-2f85be0aff716846,0,0,0,,,0,0,0,no_overlap
improve-eebcf0ebe10083a5,0,0,0,,,0,0,0,no_overlap
improve-da3b98d371471ff9,0,0,0,,,0,0,0,no_overlap
improve-2b0503912ed492b3,0,0,0,,,0,0,0,no_overlap
improve-13ccda39b9998df8,0,0,0,,,0,0,0,no_overlap
improve-792a38ff6a81c1e1,0,0,0,,,0,0,0,no_overlap
improve-3d4f2e991b3f3cbf,0,0,0,,,0,0,0,no_overlap
improve-4a826b1504f6f0dc,0,0,0,,,0,0,0,no_overlap
improve-fd35f9b78ee8435c,0,0,0,,,0,0,0,no_overlap
improve-6a8047e89f0f6656,0,0,0,,,0,0,0,no_overlap
improve-e1ad06e5ec4ce6f7,0,0,0,,,0,0,0,no_overlap
improve-867d5109c25347b6,0,0,0,,,0,0,0,no_overlap
improve-c5f6097f675ac5b0,0,0,0,,,0,0,0,no_overlap
improve-67ae7e2cd4c470b1,0,0,0,,,0,0,0,no_overlap
improve-704a3c4a345a545c,0,0,0,,,0,0,0,no_overlap
improve-85cbe6566f45d0e9,0,0,0,,,0,0,0,no_overlap
improve-138d19c474251610,0,0,0,,,0,0,0,no_overlap
improve-f425fe74b07d51e7,0,0,0,,,0,0,0,no_overlap
improve-5b636ad6c1f66f77,0,0,0,,,0,0,0,no_overlap
improve-7f5e3b3facaa5cdf,0,0,0,,,0,0,0,no_overlap
improve-4a37d11a285f45c5,0,0,0,,,0,0,0,no_overlap
improve-797d4a6a04cd0996,0,0,0,,,0,0,0,no_overlap
improve-c791085f2e3bad71,0,0,0,,,0,0,0,no_overlap
improve-efb196cf26764b27,0,0,0,,,0,0,0,no_overlap
improve-94a9f7c368c4ff00,0,0,0,,,0,0,0,no_overlap
improve-1539241e22699d76,0,0,0,,,0,0,0,no_overlap
improve-8e6a4c93daefb90c,0,0,0,,,0,0,0,no_overlap
improve-6146e3b6a514189a,0,0,0,,,0,0,0,no_overlap
improve-e13598b70d95394a,0,0,0,,,0,0,0,no_overlap
improve-aeb70b4f8191f0ec,0,0,0,,,0,0,0,no_overlap
improve-cbd08e226410b401,0,0,0,,,0,0,0,no_overlap
improve-98336335a95ed857,0,0,0,,,0,0,0,no_overlap
improve-11eb8971b7499bed,0,0,0,,,0,0,0,no_overlap
improve-2fe21cb800e6541f,0,0,0,,,0,0,0,no_overlap
improve-502dba23ac3feced,0,0,0,,,0,0,0,no_overlap
improve-2461207f98bc028b,0,0,0,,,0,0,0,no_overlap
improve-909ad4f543dbf7a9,0,0,0,,,0,0,0,no_overlap
improve-e0d79170c21c6305,0,0,0,,,0,0,0,no_overlap
improve-40fd063965e790ea,0,0,0,,,0,0,0,no_overlap
improve-15840635b9801317,0,0,0,,,0,0,0,no_overlap
improve-6f7c8dbf87b46590,0,0,0,,,0,0,0,no_overlap
improve-7c998e5e446baa1b,0,0,0,,,0,0,0,no_overlap
improve-988d14795dc3e049,0,0,0,,,0,0,0,no_overlap
improve-e2d48029eefbfa09,0,0,0,,,0,0,0,no_overlap
improve-64d20e8f6c3e657c,0,0,0,,,0,0,0,no_overlap
improve-a5030ad71974c6e2,0,0,0,,,0,0,0,no_overlap
improve-8edabeaf441c9c2f,0,0,0,,,0,0,0,no_overlap
improve-f7612412ece312d9,0,0,0,,,0,0,0,no_overlap
improve-eb3a758a0e8848c5,0,0,0,,,0,0,0,no_overlap
improve-9d02f8a1d795806c,0,0,0,,,0,0,0,no_overlap
improve-ddf6279d3163061b,0,0,0,,,0,0,0,no_overlap
improve-62be7d676dab42e7,0,0,0,,,0,0,0,no_overlap
improve-dfc8be68a30eb59e,0,0,0,,,0,0,0,no_overlap
improve-c406c0a865622fc9,0,0,0,,,0,0,0,no_overlap
improve-f126cfd38738fae9,0,0,0,,,0,0,0,no_overlap
improve-4ef38e8be6bbc658,0,0,0,,,0,0,0,no_overlap
improve-a871eddfa6166232,0,0,0,,,0,0,0,no_overlap
improve-33b8cb69d88476e2,0,0,0,,,0,0,0,no_overlap
improve-8ff8f02c657494a8,0,0,0,,,0,0,0,no_overlap
improve-f128abc92beaa889,0,0,0,,,0,0,0,no_overlap
improve-c26b85780d158607,0,0,0,,,0,0,0,no_overlap
improve-a9e0628efe9708d3,0,0,0,,,0,0,0,no_overlap
improve-04c0597b39cc58cd,0,0,0,,,0,0,0,no_overlap
improve-d6ffd8673f1ca68c,0,0,0,,,0,0,0,no_overlap
improve-bd52d0db4bb61a28,0,0,0,,,0,0,0,no_overlap
improve-806789dc08cbc21f,0,0,0,,,0,0,0,no_overlap
improve-290be2821c3ec0b3,0,0,0,,,0,0,0,no_overlap
improve-d98612a3c421d0ea,0,0,0,,,0,0,0,no_overlap
improve-679bab5367955c9a,0,0,0,,,0,0,0,no_overlap
improve-ed251f52d15e10d8,0,0,0,,,0,0,0,no_overlap
improve-454cb99ee44fcaa9,0,0,0,,,0,0,0,no_overlap
improve-9d2e7c943193f64a,0,0,0,,,0,0,0,no_overlap
improve-2cf42bee53c01ebf,0,0,0,,,0,0,0,no_overlap
improve-a34a339230d66f37,0,0,0,,,0,0,0,no_overlap
improve-920bd026fbd5f2a0,0,0,0,,,0,0,0,no_overlap
improve-f8a550e34aa06cab,0,0,0,,,0,0,0,no_overlap
improve-8e457137c68bfe04,0,0,0,,,0,0,0,no_overlap
improve-0257396ffc4fba68,0,0,0,,,0,0,0,no_overlap
improve-38ef35ce6efe047a,0,0,0,,,0,0,0,no_overlap
improve-3445367eaf16f412,0,0,0,,,0,0,0,no_overlap
improve-69e3f93b02de3285,0,0,0,,,0,0,0,no_overlap
improve-e166d0371b4e0c7d,0,0,0,,,0,0,0,no_overlap
improve-59b4e2dae84618ef,0,0,0,,,0,0,0,no_overlap
improve-39c8193b772a8b4d,0,0,0,,,0,0,0,no_overlap
improve-60d837b3f114641a,0,0,0,,,0,0,0,no_overlap
improve-43c4a84a48d6deb1,0,0,0,,,0,0,0,no_overlap
improve-8dac1b835aa04086,0,0,0,,,0,0,0,no_overlap
improve-ce552b8fca52f222,0,0,0,,,0,0,0,no_overlap
improve-ab48d19ec4562564,0,0,0,,,0,0,0,no_overlap
improve-41e7e53e3c824d5a,0,0,0,,,0,0,0,no_overlap
improve-aeec7607d58c9aa9,0,0,0,,,0,0,0,no_overlap
improve-acdcaed1aacb3392,0,0,0,,,0,0,0,no_overlap
improve-28e886f9568bd2ea,0,0,0,,,0,0,0,no_overlap
improve-d70aa3be31ccfe6a,0,0,0,,,0,0,0,no_overlap
improve-2ff3cfcdc997109c,0,0,0,,,0,0,0,no_overlap
improve-29b0a38cd1058a87,0,0,0,,,0,0,0,no_overlap
improve-85f9f14492aacc61,0,0,0,,,0,0,0,no_overlap
improve-e4d9719e7532e609,0,0,0,,,0,0,0,no_overlap
improve-a08d8a518ab51a40,0,0,0,,,0,0,0,no_overlap
improve-ab19e77febfee32f,0,0,0,,,0,0,0,no_overlap
improve-e51ae5976727953a,0,0,0,,,0,0,0,no_overlap
improve-7d1bf830ba0b5296,0,0,0,,,0,0,0,no_overlap
improve-1146fdcdf4dfa20f,0,0,0,,,0,0,0,no_overlap
improve-0f7307f500e68e6d,0,0,0,,,0,0,0,no_overlap
improve-c31c027b8cd31a69,0,0,0,,,0,0,0,no_overlap
improve-518bca3f3037037d,0,0,0,,,0,0,0,no_overlap
improve-12af3dbd40d6e59a,0,0,0,,,0,0,0,no_overlap
improve-c20bb4fdc805a72c,0,0,0,,,0,0,0,no_overlap
improve-576403c5526f9d0a,0,0,0,,,0,0,0,no_overlap
improve-a2669d42e39944bf,0,0,0,,,0,0,0,no_overlap
improve-88393ad7937241a8,0,0,0,,,0,0,0,no_overlap
improve-023352a8ad69cce5,0,0,0,,,0,0,0,no_overlap
improve-7b135cd06cdba2a5,0,0,0,,,0,0,0,no_overlap
improve-ced59c98d4f6072d,0,0,0,,,0,0,0,no_overlap
improve-6925d7e90be07f41,0,0,0,,,0,0,0,no_overlap
improve-2a413f31a7d55dfc,0,0,0,,,0,0,0,no_overlap
improve-2543b8fee648e902,0,0,0,,,0,0,0,no_overlap
improve-2be977cb5282d811,0,0,0,,,0,0,0,no_overlap
improve-b22b056837412969,0,0,0,,,0,0,0,no_overlap
improve-8cd163bffc55c6bd,0,0,0,,,0,0,0,no_overlap
improve-36d471cda1ab2b00,0,0,0,,,0,0,0,no_overlap
improve-da6bc9444eed7053,0,0,0,,,0,0,0,no_overlap
improve-6bd8969a3faf648e,0,0,0,,,0,0,0,no_overlap
improve-06da2cc6294db3c7,0,0,0,,,0,0,0,no_overlap
improve-cf889688c84d479e,0,0,0,,,0,0,0,no_overlap
improve-b9d8dbca8cd3024a,0,0,0,,,0,0,0,no_overlap
improve-da090f3e224c92f2,0,0,0,,,0,0,0,no_overlap
improve-1bcd6c29fab5f71d,0,0,0,,,0,0,0,no_overlap
improve-d7534c44b185aa80,0,0,0,,,0,0,0,no_overlap
improve-e2ce512e83e4e07c,0,0,0,,,0,0,0,no_overlap
improve-2832a210cf89d380,0,0,0,,,0,0,0,no_overlap
improve-5082b66e554add1e,0,0,0,,,0,0,0,no_overlap
improve-fad1a49867438d7d,0,0,0,,,0,0,0,no_overlap
improve-8b47236e5dcf245f,0,0,0,,,0,0,0,no_overlap
improve-019152b8310766ec,0,0,0,,,0,0,0,no_overlap
improve-e8464ff013c267be,0,0,0,,,0,0,0,no_overlap
improve-df87b38338121605,0,0,0,,,0,0,0,no_overlap
improve-382c2c9897352e47,0,0,0,,,0,0,0,no_overlap
improve-6fc318d556b3f726,0,0,0,,,0,0,0,no_overlap
improve-ae796d6df8854f4f,0,0,0,,,0,0,0,no_overlap
improve-67c919d99fcb22fe,0,0,0,,,0,0,0,no_overlap
improve-74a702d5aff8c0de,0,0,0,,,0,0,0,no_overlap
improve-f8038d3a96bbb7ab,0,0,0,,,0,0,0,no_overlap
improve-b417ded3a3c722b5,0,0,0,,,0,0,0,no_overlap
improve-e5fe9d8525ccd3ee,0,0,0,,,0,0,0,no_overlap
improve-85b9963fa7dbfc0f,0,0,0,,,0,0,0,no_overlap
improve-0fb7ae1ca7f96b09,0,0,0,,,0,0,0,no_overlap
improve-92207c29ecaea298,0,0,0,,,0,0,0,no_overlap
improve-afdfcba382ecb6ae,0,0,0,,,0,0,0,no_overlap
improve-bda94b2bb2ef7253,0,0,0,,,0,0,0,no_overlap
improve-78300aeee4197334,0,0,0,,,0,0,0,no_overlap
improve-62128d29ca771aeb,0,0,0,,,0,0,0,no_overlap
improve-4e087d57cdf9a41d,0,0,0,,,0,0,0,no_overlap
improve-8e26e452acb87feb,0,0,0,,,0,0,0,no_overlap
improve-4c0b9bc482d0e4be,0,0,0,,,0,0,0,no_overlap
improve-eda4063f0fb9218e,0,0,0,,,0,0,0,no_overlap
improve-8f51914240f78bec,0,0,0,,,0,0,0,no_overlap
improve-95a4b3bad6639ecd,0,0,0,,,0,0,0,no_overlap
improve-532395bd9bcaeb78,0,0,0,,,0,0,0,no_overlap
improve-b30451508198447a,0,0,0,,,0,0,0,no_overlap
improve-356fccdd588b0360,0,0,0,,,0,0,0,no_overlap
improve-dfe9d468f5821228,0,0,0,,,0,0,0,no_overlap
improve-a0f970d5a40ac5f8,0,0,0,,,0,0,0,no_overlap
improve-9a286c63b3527105,0,0,0,,,0,0,0,no_overlap
improve-1a1f79c81dbecc7d,0,0,0,,,0,0,0,no_overlap
improve-b44f2defdac3ccd6,0,0,0,,,0,0,0,no_overlap
improve-dfbe6e0455375810,0,0,0,,,0,0,0,no_overlap
improve-6d9440837755ae72,0,0,0,,,0,0,0,no_overlap
improve-49ac2c0a36cd5585,0,0,0,,,0,0,0,no_overlap
improve-231d96548fa18626,0,0,0,,,0,0,0,no_overlap
improve-c203faa8e75917bc,0,0,0,,,0,0,0,no_overlap
improve-965524e9fb97003e,0,0,0,,,0,0,0,no_overlap
improve-ffd6073259a8aac6,0,0,0,,,0,0,0,no_overlap
improve-c6291291fb614368,0,0,0,,,0,0,0,no_overlap
improve-0cd49b2d60ebff98,0,0,0,,,0,0,0,no_overlap
improve-5b116bb7c2d1a4ec,0,0,0,,,0,0,0,no_overlap
improve-3963a408d1597ae6,0,0,0,,,0,0,0,no_overlap
improve-cbba226a07993ae7,0,0,0,,,0,0,0,no_overlap
improve-f259733f11b4e0d1,0,0,0,,,0,0,0,no_overlap
improve-e4e3fb01d50dc21f,0,0,0,,,0,0,0,no_overlap
improve-e7ac91692c552471,0,0,0,,,0,0,0,no_overlap
improve-4318d66e5e9e33cd,0,0,0,,,0,0,0,no_overlap
improve-c35dfcad1240a0ef,0,0,0,,,0,0,0,no_overlap
improve-696a7aa58da54740,0,0,0,,,0,0,0,no_overlap
improve-861d4ad04f3086a2,0,0,0,,,0,0,0,no_overlap
improve-c2f15dec184d4ded,0,0,0,,,0,0,0,no_overlap
improve-314c3bba2d8eb851,0,0,0,,,0,0,0,no_overlap
improve-b548d8d5f8d81549,0,0,0,,,0,0,0,no_overlap
improve-5eab812646aea6e5,0,0,0,,,0,0,0,no_overlap
improve-13152f609eac3252,0,0,0,,,0,0,0,no_overlap
improve-8f775114682649e1,0,0,0,,,0,0,0,no_overlap
improve-d3138c80413732f5,0,0,0,,,0,0,0,no_overlap
improve-f8c861fb2a6277af,0,0,0,,,0,0,0,no_overlap
improve-30244edfee17979a,0,0,0,,,0,0,0,no_overlap
improve-e96feea1c71ab435,0,0,0,,,0,0,0,no_overlap
improve-17416f1dc43bb289,0,0,0,,,0,0,0,no_overlap
improve-55bea9397eb0307e,0,0,0,,,0,0,0,no_overlap
improve-ee5d14d0596f615f,0,0,0,,,0,0,0,no_overlap
improve-d8459bb4a41b588d,0,0,0,,,0,0,0,no_overlap
improve-ec78bd5e850dcbca,0,0,0,,,0,0,0,no_overlap
improve-6a77ad724b00b60c,0,0,0,,,0,0,0,no_overlap
improve-3a3804d24434f22f,0,0,0,,,0,0,0,no_overlap
improve-c5a783c24932c3c4,0,0,0,,,0,0,0,no_overlap
improve-6570a04a53692a7d,0,0,0,,,0,0,0,no_overlap
improve-4ee5f456c0c5c0e1,0,0,0,,,0,0,0,no_overlap
improve-bdc608397a7795e2,0,0,0,,,0,0,0,no_overlap
improve-b0fb6dbc61dac2b1,0,0,0,,,0,0,0,no_overlap
improve-eb51a2d2153d5a43,0,0,0,,,0,0,0,no_overlap
improve-3609622c2a1c3964,0,0,0,,,0,0,0,no_overlap
improve-a55d112948ed12d2,0,0,0,,,0,0,0,no_overlap
improve-dbff5af1c49f9f44,0,0,0,,,0,0,0,no_overlap
improve-c5a959322388d8cf,0,0,0,,,0,0,0,no_overlap
improve-6607fb556b6f02cc,0,0,0,,,0,0,0,no_overlap
improve-c9badbeb47fdea6a,0,0,0,,,0,0,0,no_overlap
improve-47c30fd133b71ce0,0,0,0,,,0,0,0,no_overlap
improve-8905715348ff6753,0,0,0,,,0,0,0,no_overlap
improve-baa0544f49a64d45,0,0,0,,,0,0,0,no_overlap
improve-bd97db4f36b0170c,0,0,0,,,0,0,0,no_overlap
improve-d9a293b04ca678da,0,0,0,,,0,0,0,no_overlap
improve-8219f769d41fce50,0,0,0,,,0,0,0,no_overlap
improve-bf865742bf467ebc,0,0,0,,,0,0,0,no_overlap
improve-1d8d780cd851f12d,0,0,0,,,0,0,0,no_overlap
improve-7a53b0d7cf0e9ec0,0,0,0,,,0,0,0,no_overlap
improve-89487b620eebea6a,0,0,0,,,0,0,0,no_overlap
improve-7a03b5ea735063d3,0,0,0,,,0,0,0,no_overlap
improve-e92afef8628077d7,0,0,0,,,0,0,0,no_overlap
improve-28a06cad2abce62b,0,0,0,,,0,0,0,no_overlap
improve-31b16429b3764f13,0,0,0,,,0,0,0,no_overlap
improve-2b105353aeca6591,0,0,0,,,0,0,0,no_overlap
improve-56c972358a7d5bb8,0,0,0,,,0,0,0,no_overlap
improve-4d27cf6c78f7c92c,0,0,0,,,0,0,0,no_overlap
improve-ad9ca570982de7c5,0,0,0,,,0,0,0,no_overlap
improve-581f4a420a0cbbe8,0,0,0,,,0,0,0,no_overlap
improve-6f1459dcaa3fde61,0,0,0,,,0,0,0,no_overlap
improve-1c92e2481b60bb1a,0,0,0,,,0,0,0,no_overlap
improve-a593389c5794cf97,0,0,0,,,0,0,0,no_overlap
improve-35e2851b2b30ea94,0,0,0,,,0,0,0,no_overlap
improve-e730a6b8d271853d,0,0,0,,,0,0,0,no_overlap
improve-01cd2b8926502cea,0,0,0,,,0,0,0,no_overlap
improve-285f4b1f521d8e95,0,0,0,,,0,0,0,no_overlap
improve-fddd0fff11dd8108,0,0,0,,,0,0,0,no_overlap
improve-e0e814ebf1eae316,0,0,0,,,0,0,0,no_overlap
improve-d1ee7ac07dfa6db6,0,0,0,,,0,0,0,no_overlap
improve-c851e2fe04ff8dbd,0,0,0,,,0,0,0,no_overlap
improve-98ce59f7d30c3999,0,0,0,,,0,0,0,no_overlap
improve-3f544233036afc2c,0,0,0,,,0,0,0,no_overlap
improve-482748e397bd6a3b,0,0,0,,,0,0,0,no_overlap
improve-c8091bae829a9722,0,0,0,,,0,0,0,no_overlap
improve-48bdfc7dfcc24092,0,0,0,,,0,0,0,no_overlap
improve-b50be6d50bf91475,0,0,0,,,0,0,0,no_overlap
improve-55dd9c9a802130f3,0,0,0,,,0,0,0,no_overlap
improve-5930dbc9c268ae78,0,0,0,,,0,0,0,no_overlap
improve-fb2100a6341491b0,0,0,0,,,0,0,0,no_overlap
improve-fba5e8ab16c2bf47,0,0,0,,,0,0,0,no_overlap
improve-31f66fe2384b7505,0,0,0,,,0,0,0,no_overlap
improve-2b48a4157d293196,0,0,0,,,0,0,0,no_overlap
improve-eece3c57dd52fb41,0,0,0,,,0,0,0,no_overlap
improve-7b78aafa63d8008d,0,0,0,,,0,0,0,no_overlap
improve-d2dbc428bf77ef5a,0,0,0,,,0,0,0,no_overlap
improve-0f61424a307a9551,0,0,0,,,0,0,0,no_overlap
improve-ee1cc469c4040e5f,0,0,0,,,0,0,0,no_overlap
improve-b407a40fc45a637e,0,0,0,,,0,0,0,no_overlap
improve-96234f5f78ab49ce,0,0,0,,,0,0,0,no_overlap
improve-896a87872c5e2414,0,0,0,,,0,0,0,no_overlap
improve-8a624dce95f51427,0,0,0,,,0,0,0,no_overlap
improve-a17d55632545505d,0,0,0,,,0,0,0,no_overlap
improve-a97aa79baa4bfb46,0,0,0,,,0,0,0,no_overlap
improve-a23ad1f49c231713,0,0,0,,,0,0,0,no_overlap
improve-2b597f00a12e3de7,0,0,0,,,0,0,0,no_overlap
improve-362b4ea59bbab1dc,0,0,0,,,0,0,0,no_overlap
improve-4618317d0a93a4aa,0,0,0,,,0,0,0,no_overlap
improve-46c00b3ed74475a2,0,0,0,,,0,0,0,no_overlap
improve-92321a7cbb9360d8,0,0,0,,,0,0,0,no_overlap
improve-858f6a08aae985f7,0,0,0,,,0,0,0,no_overlap
improve-468f30779102d53f,0,0,0,,,0,0,0,no_overlap
improve-69e21cd7bd92f2ca,0,0,0,,,0,0,0,no_overlap
improve-ce81a892820ebdda,0,0,0,,,0,0,0,no_overlap
improve-86f9dcbd12b1f7c5,0,0,0,,,0,0,0,no_overlap
improve-dd1e7dd22b179b4f,0,0,0,,,0,0,0,no_overlap
improve-06bf8bd2fbc55f63,0,0,0,,,0,0,0,no_overlap
improve-74fb970c77025442,0,0,0,,,0,0,0,no_overlap
improve-9fb0929a788faba7,0,0,0,,,0,0,0,no_overlap
improve-72d366ae0d1263e1,0,0,0,,,0,0,0,no_overlap
improve-ee82ddd09cb46c15,0,0,0,,,0,0,0,no_overlap
improve-a1641cee69b11869,0,0,0,,,0,0,0,no_overlap
improve-34e3ecdcceb5635a,0,0,0,,,0,0,0,no_overlap
improve-f9c14f8adbe689d7,0,0,0,,,0,0,0,no_overlap
improve-0498f3edcace1c3a,0,0,0,,,0,0,0,no_overlap
improve-d480d8a23b4a59cc,0,0,0,,,0,0,0,no_overlap
improve-7979e3f0d0eac64b,0,0,0,,,0,0,0,no_overlap
improve-4cc3040e4fe5ef29,0,0,0,,,0,0,0,no_overlap
improve-8f185274d7bdc08e,0,0,0,,,0,0,0,no_overlap
improve-6f13b7e86b71c7df,0,0,0,,,0,0,0,no_overlap
improve-57aa35bbae661afc,0,0,0,,,0,0,0,no_overlap
improve-6d2b60248e5b6d9b,0,0,0,,,0,0,0,no_overlap
improve-0b72ff3056c3f5f6,0,0,0,,,0,0,0,no_overlap
improve-d05f9b2f16dde3cd,0,0,0,,,0,0,0,no_overlap
improve-3b64b0e155e2b781,0,0,0,,,0,0,0,no_overlap
improve-9d3cf7046736e49a,0,0,0,,,0,0,0,no_overlap
improve-c21e6e50976c88cb,0,0,0,,,0,0,0,no_overlap
improve-c1b6a6599d4678fb,0,0,0,,,0,0,0,no_overlap
improve-b56a78be81c2df17,0,0,0,,,0,0,0,no_overlap
improve-932189ad9ec43793,0,0,0,,,0,0,0,no_overlap
improve-114fb4549e335a8c,0,0,0,,,0,0,0,no_overlap
improve-0bdb0f5a14882104,0,0,0,,,0,0,0,no_overlap
improve-d553aa9681f8995d,0,0,0,,,0,0,0,no_overlap
improve-fa36deec8c0f4766,0,0,0,,,0,0,0,no_overlap
improve-ae12f5dc6b8bbee6,0,0,0,,,0,0,0,no_overlap
improve-c91b0b35c76d1351,0,0,0,,,0,0,0,no_overlap
improve-f22410df1b860a3d,0,0,0,,,0,0,0,no_overlap
improve-066d65a560f1ef74,0,0,0,,,0,0,0,no_overlap
improve-d318bf65283e7c50,0,0,0,,,0,0,0,no_overlap
improve-0c09aff930b016c5,0,0,0,,,0,0,0,no_overlap
improve-8269817d8553da49,0,0,0,,,0,0,0,no_overlap
improve-a2e692bfba3873e5,0,0,0,,,0,0,0,no_overlap
improve-c884f2b663dcb613,0,0,0,,,0,0,0,no_overlap
improve-5a674448121b6202,0,0,0,,,0,0,0,no_overlap
improve-469f77b20d1da883,0,0,0,,,0,0,0,no_overlap
improve-e705c50c003eab7d,0,0,0,,,0,0,0,no_overlap
improve-2a368ab8e61294f4,0,0,0,,,0,0,0,no_overlap
improve-9e0d853324a8f477,0,0,0,,,0,0,0,no_overlap
improve-a3e022c20ff59442,0,0,0,,,0,0,0,no_overlap
improve-36101baa6369def6,0,0,0,,,0,0,0,no_overlap
improve-177fc28698132b93,0,0,0,,,0,0,0,no_overlap
improve-f44d2610a5408070,0,0,0,,,0,0,0,no_overlap
improve-9e8a5c1decda15d0,0,0,0,,,0,0,0,no_overlap
improve-4c69cf326ae16e9e,0,0,0,,,0,0,0,no_overlap
improve-598b0938e9e976fe,0,0,0,,,0,0,0,no_overlap
improve-7e87212c5fefdfd3,0,0,0,,,0,0,0,no_overlap
improve-dc3c44c48993ba19,0,0,0,,,0,0,0,no_overlap
improve-37adbf8303a7d5ba,0,0,0,,,0,0,0,no_overlap
improve-674b2265c7f62169,0,0,0,,,0,0,0,no_overlap
improve-7837d8163fb56883,0,0,0,,,0,0,0,no_overlap
improve-7ac3e814cd8cfe40,0,0,0,,,0,0,0,no_overlap
improve-d0687e4861bed4e0,0,0,0,,,0,0,0,no_overlap
improve-f9553b7149b58a4a,0,0,0,,,0,0,0,no_overlap
improve-be27d4acc2ea91d2,0,0,0,,,0,0,0,no_overlap
improve-97e355a39f54d8f4,0,0,0,,,0,0,0,no_overlap
improve-2b81b4c5b361779d,0,0,0,,,0,0,0,no_overlap
improve-7f687a9c2806aebd,0,0,0,,,0,0,0,no_overlap
improve-aa26cd8daa117886,0,0,0,,,0,0,0,no_overlap
improve-9eb637be16776ebb,0,0,0,,,0,0,0,no_overlap
improve-f2817a2badf8be66,0,0,0,,,0,0,0,no_overlap
improve-9dd7dd7267a439ed,0,0,0,,,0,0,0,no_overlap
improve-b666851f0b9f64f2,0,0,0,,,0,0,0,no_overlap
improve-ed0bb77b826ca8e3,0,0,0,,,0,0,0,no_overlap
improve-f2508f05cc3df7e5,0,0,0,,,0,0,0,no_overlap
improve-89532e61bade9e0f,0,0,0,,,0,0,0,no_overlap
improve-796f9d6a8917204e,0,0,0,,,0,0,0,no_overlap
improve-439c09d409b8f43b,0,0,0,,,0,0,0,no_overlap
improve-22ecc26fbab4b459,0,0,0,,,0,0,0,no_overlap
improve-5461295b8cd25d40,0,0,0,,,0,0,0,no_overlap
improve-55a0ff0855faffed,0,0,0,,,0,0,0,no_overlap
improve-280ecdcc835197c9,0,0,0,,,0,0,0,no_overlap
improve-619c461a4e54bcde,0,0,0,,,0,0,0,no_overlap
improve-91b9290e88da49c9,0,0,0,,,0,0,0,no_overlap
improve-ed26870534c6d813,0,0,0,,,0,0,0,no_overlap
improve-034812335be485ae,0,0,0,,,0,0,0,no_overlap
improve-6fa2bb705889db13,0,0,0,,,0,0,0,no_overlap
improve-a3b2bfe453493202,0,0,0,,,0,0,0,no_overlap
improve-5aedb6887daae9ef,0,0,0,,,0,0,0,no_overlap
improve-5240ccb7f1b92a4b,0,0,0,,,0,0,0,no_overlap
improve-316a0d9991a1cc43,0,0,0,,,0,0,0,no_overlap
improve-cd2bfe6b773a0aa0,0,0,0,,,0,0,0,no_overlap
improve-dda50677569a3ab8,0,0,0,,,0,0,0,no_overlap
improve-0bfbe3ebe4f59735,0,0,0,,,0,0,0,no_overlap
improve-3d01a5856a58c99e,0,0,0,,,0,0,0,no_overlap
improve-20b06226175b22e7,0,0,0,,,0,0,0,no_overlap
improve-cf674ecf320c4de5,0,0,0,,,0,0,0,no_overlap
improve-686a7e931d1ffad4,0,0,0,,,0,0,0,no_overlap
improve-0e07beffca1bd8f2,0,0,0,,,0,0,0,no_overlap
improve-fc8f0dac57aaec38,0,0,0,,,0,0,0,no_overlap
improve-4beb5b650bb78ebf,0,0,0,,,0,0,0,no_overlap
improve-cbac26c693d17915,0,0,0,,,0,0,0,no_overlap
improve-5cd7ed1385f572a5,0,0,0,,,0,0,0,no_overlap
improve-7fda7749e372afb3,0,0,0,,,0,0,0,no_overlap
improve-94eb1724ee80fa04,0,0,0,,,0,0,0,no_overlap
improve-2b2e6ff24838cdc0,0,0,0,,,0,0,0,no_overlap
improve-db51fddc5df7c935,0,0,0,,,0,0,0,no_overlap
improve-da13873ec00f89df,0,0,0,,,0,0,0,no_overlap
improve-a3d8fcc6070eece7,0,0,0,,,0,0,0,no_overlap
improve-2982bc401354d7c8,0,0,0,,,0,0,0,no_overlap
improve-837d6c22aa2c3279,0,0,0,,,0,0,0,no_overlap
improve-ac1a761eb7435537,0,0,0,,,0,0,0,no_overlap
improve-8b0379a1ecca7f9b,0,0,0,,,0,0,0,no_overlap
improve-8883bda8bbfe06dc,0,0,0,,,0,0,0,no_overlap
improve-0d0b88ad21fa4fb7,0,0,0,,,0,0,0,no_overlap
improve-51b964772ce3c3d3,0,0,0,,,0,0,0,no_overlap
improve-75868cfe2350b4dd,0,0,0,,,0,0,0,no_overlap
improve-ddd9522f8bf40fe7,0,0,0,,,0,0,0,no_overlap
improve-b593502b982aa265,0,0,0,,,0,0,0,no_overlap
improve-094813afb5655872,0,0,0,,,0,0,0,no_overlap
improve-4fb90bf585940d67,0,0,0,,,0,0,0,no_overlap
improve-edd0ac0fd6b94c4b,0,0,0,,,0,0,0,no_overlap
improve-7a77bc04a86272f5,0,0,0,,,0,0,0,no_overlap
improve-6b354e5ba18c65f5,0,0,0,,,0,0,0,no_overlap
improve-fca70baeb1ef65cd,0,0,0,,,0,0,0,no_overlap
improve-57c79dd1eb0367f7,0,0,0,,,0,0,0,no_overlap
improve-e2863532b0a43aa7,0,0,0,,,0,0,0,no_overlap
improve-4a3d77902ce3c33a,0,0,0,,,0,0,0,no_overlap
improve-abd263d0b6f28b74,0,0,0,,,0,0,0,no_overlap
improve-96279a920841aee9,0,0,0,,,0,0,0,no_overlap
improve-ba3dbb74b9a22ba3,0,0,0,,,0,0,0,no_overlap
improve-90f038dfbc313e19,0,0,0,,,0,0,0,no_overlap
improve-ef049c120556e908,0,0,0,,,0,0,0,no_overlap
improve-bf9e9461649171f9,0,0,0,,,0,0,0,no_overlap
improve-5559a30932e8e29d,0,0,0,,,0,0,0,no_overlap
improve-a7a21a2768927a4e,0,0,0,,,0,0,0,no_overlap
improve-c6ddec09ef6e3487,0,0,0,,,0,0,0,no_overlap
improve-eb945bab72368892,0,0,0,,,0,0,0,no_overlap
improve-1b1361d61b25b9c4,0,0,0,,,0,0,0,no_overlap
improve-ce7ad9081261a706,0,0,0,,,0,0,0,no_overlap
improve-126e60b53fb9d190,0,0,0,,,0,0,0,no_overlap
improve-1b74e668c48dd612,0,0,0,,,0,0,0,no_overlap
improve-1fe19c6ba7102e67,0,0,0,,,0,0,0,no_overlap
improve-3d79e83933194211,0,0,0,,,0,0,0,no_overlap
improve-1a2cac67130325b9,0,0,0,,,0,0,0,no_overlap
improve-a285bdd989968d62,0,0,0,,,0,0,0,no_overlap
improve-bfe6f32c5aa474b6,0,0,0,,,0,0,0,no_overlap
improve-4507d7f92e30ee2c,0,0,0,,,0,0,0,no_overlap
improve-b73c437ab640c12f,0,0,0,,,0,0,0,no_overlap
improve-34f353d8bf36fd4c,0,0,0,,,0,0,0,no_overlap
improve-cfee28a84cdfb02f,0,0,0,,,0,0,0,no_overlap
improve-31506b36d6ddb9c5,0,0,0,,,0,0,0,no_overlap
improve-f1b3b39718217e17,0,0,0,,,0,0,0,no_overlap
improve-8b8782584e1f5f2c,0,0,0,,,0,0,0,no_overlap
improve-97efbff698a2dbc9,0,0,0,,,0,0,0,no_overlap
improve-925a28801764706d,0,0,0,,,0,0,0,no_overlap
improve-c3410e104d15877e,0,0,0,,,0,0,0,no_overlap
improve-0987784e026aaf72,0,0,0,,,0,0,0,no_overlap
improve-924edae45e6d8491,0,0,0,,,0,0,0,no_overlap
improve-f1ad261cb8b4f14a,0,0,0,,,0,0,0,no_overlap
improve-b80c8c8f2aab54eb,0,0,0,,,0,0,0,no_overlap
improve-99421704d6744d45,0,0,0,,,0,0,0,no_overlap
improve-c9a3b405fdbfec5d,0,0,0,,,0,0,0,no_overlap
improve-b0676fd2c1ed1c7c,0,0,0,,,0,0,0,no_overlap
improve-fbe488e63b0ab975,0,0,0,,,0,0,0,no_overlap
improve-e67f30557c8a4d1d,0,0,0,,,0,0,0,no_overlap
improve-934ccd4e105104db,0,0,0,,,0,0,0,no_overlap
improve-33193d1167ad6bfb,0,0,0,,,0,0,0,no_overlap
improve-cbf586ac9558325d,0,0,0,,,0,0,0,no_overlap
improve-5bebd113d306aef0,0,0,0,,,0,0,0,no_overlap
improve-a4f43c7799f37646,0,0,0,,,0,0,0,no_overlap
improve-50e682612f4152da,0,0,0,,,0,0,0,no_overlap
improve-d26c01e5845ab539,0,0,0,,,0,0,0,no_overlap
improve-90c1f866e54a71a4,0,0,0,,,0,0,0,no_overlap
improve-fb898cc7c28f2c92,0,0,0,,,0,0,0,no_overlap
improve-d6f645a4ae3e1735,0,0,0,,,0,0,0,no_overlap
improve-44dccd0ab153e33d,0,0,0,,,0,0,0,no_overlap
improve-66a2f26dc888169a,0,0,0,,,0,0,0,no_overlap
improve-1fb038edcbe8d16a,0,0,0,,,0,0,0,no_overlap
improve-036f768f5ea57b37,0,0,0,,,0,0,0,no_overlap
improve-c4e9380c8001e666,0,0,0,,,0,0,0,no_overlap
improve-97b9d7a60c750c05,0,0,0,,,0,0,0,no_overlap
improve-176bafe83a92aac3,0,0,0,,,0,0,0,no_overlap
improve-62175b543281787e,0,0,0,,,0,0,0,no_overlap
improve-e6cc3a15f30947c2,0,0,0,,,0,0,0,no_overlap
improve-86eae967222af44c,0,0,0,,,0,0,0,no_overlap
improve-916c6e648f92f5d1,0,0,0,,,0,0,0,no_overlap
improve-8435bde83cd18065,0,0,0,,,0,0,0,no_overlap
improve-11830d236686ddc4,0,0,0,,,0,0,0,no_overlap
improve-d80736f33e70e164,0,0,0,,,0,0,0,no_overlap
improve-62364759fd925e96,0,0,0,,,0,0,0,no_overlap
improve-aef256ab566213d5,0,0,0,,,0,0,0,no_overlap
improve-0e08f190bbc8e3a3,0,0,0,,,0,0,0,no_overlap
improve-3d3b45514efc3a44,0,0,0,,,0,0,0,no_overlap
improve-e8783aa7cee36b10,0,0,0,,,0,0,0,no_overlap
improve-858699e49bddc666,0,0,0,,,0,0,0,no_overlap
improve-7cdfd39c6001ccb3,0,0,1,,,0,0,0,peptide_only_different_hla
improve-9f1758da7a824fcf,0,0,0,,,0,0,0,no_overlap
improve-5b4d6c08eee308e1,0,0,0,,,0,0,0,no_overlap
improve-f258e6d1a2ce3c4c,0,0,0,,,0,0,0,no_overlap
improve-eb5b8361aa59e25a,0,0,0,,,0,0,0,no_overlap
improve-f25d1fd442ad727c,0,0,0,,,0,0,0,no_overlap
improve-0657ebc9d66ba191,0,0,0,,,0,0,0,no_overlap
improve-1b949d5a52cfe85c,0,0,0,,,0,0,0,no_overlap
improve-4a651a95055b1fc9,0,0,0,,,0,0,0,no_overlap
improve-628503abc0076446,0,0,0,,,0,0,0,no_overlap
improve-7d17d02cb5f35102,0,0,1,,,0,0,0,peptide_only_different_hla
improve-866545da95a00f95,0,0,0,,,0,0,0,no_overlap
improve-8f1fd6eadbf7ff24,0,0,0,,,0,0,0,no_overlap
improve-55f1de15085bbc1f,0,0,0,,,0,0,0,no_overlap
improve-8ad324122529fc27,0,0,0,,,0,0,0,no_overlap
improve-d961823704f88ec4,0,0,0,,,0,0,0,no_overlap
improve-a4cfe7b25c4b6bee,0,0,0,,,0,0,0,no_overlap
improve-b95f2e5ccfc1f0d1,0,0,0,,,0,0,0,no_overlap
improve-565aa0880ea84ea8,0,0,0,,,0,0,0,no_overlap
improve-987c086b8cf32e06,0,0,0,,,0,0,0,no_overlap
improve-85beb48d4a998a67,0,0,0,,,0,0,0,no_overlap
improve-38d2e6ef51e0d2a5,0,0,0,,,0,0,0,no_overlap
improve-1397587d6816855a,0,0,0,,,0,0,0,no_overlap
improve-fb8a1f61b4e29fe6,0,0,0,,,0,0,0,no_overlap
improve-8984a382580980d4,0,0,0,,,0,0,0,no_overlap
improve-2fe2771cc8ef245a,0,0,0,,,0,0,0,no_overlap
improve-1ee8e3bc23357038,0,0,0,,,0,0,0,no_overlap
improve-d278f82ce74d075d,0,0,0,,,0,0,0,no_overlap
improve-7441d6a2d31909a7,0,0,0,,,0,0,0,no_overlap
improve-087c55aa00306c48,0,0,0,,,0,0,0,no_overlap
improve-ac2de4caac97f479,0,0,0,,,0,0,0,no_overlap
improve-02f04b4f68cb71c9,0,0,0,,,0,0,0,no_overlap
improve-1089bce8cd04f0e5,0,0,0,,,0,0,0,no_overlap
improve-47d135a1a6667a95,0,0,0,,,0,0,0,no_overlap
improve-893a4301cffce0fb,0,0,0,,,0,0,0,no_overlap
improve-0257a7eef83dab95,0,0,0,,,0,0,0,no_overlap
improve-0282564b58c85bb2,0,0,0,,,0,0,0,no_overlap
improve-4aee2e5f1a63625b,0,0,0,,,0,0,0,no_overlap
improve-93e558069d7e258a,0,0,0,,,0,0,0,no_overlap
improve-d3b693d3a2c97d61,0,0,0,,,0,0,0,no_overlap
improve-3938d4c18875c680,0,0,0,,,0,0,0,no_overlap
improve-6211b1789e028489,0,0,0,,,0,0,0,no_overlap
improve-f2c13ce6e95d38f0,0,0,0,,,0,0,0,no_overlap
improve-ff358914b1f20adc,0,0,0,,,0,0,0,no_overlap
improve-ae5a4efef7b0c45c,0,0,0,,,0,0,0,no_overlap
improve-c8ce25ddd24cadc7,0,0,0,,,0,0,0,no_overlap
improve-3839d06eba2cdbee,0,0,0,,,0,0,0,no_overlap
improve-1ed7fc4ce0db6d60,0,0,0,,,0,0,0,no_overlap
improve-45bbec64bd462ac6,0,0,0,,,0,0,0,no_overlap
improve-d2625d8ef0ce2bcd,0,0,0,,,0,0,0,no_overlap
improve-712525597d5a58d0,0,0,0,,,0,0,0,no_overlap
improve-7ca9e58112fcaac5,0,0,0,,,0,0,0,no_overlap
improve-255d0fa8fc876663,0,0,0,,,0,0,0,no_overlap
improve-d03032c95db031ce,0,0,0,,,0,0,0,no_overlap
improve-92a9645b8a5eebbd,0,0,0,,,0,0,0,no_overlap
improve-4d5525476506c0ff,0,0,0,,,0,0,0,no_overlap
improve-bb99e0d3c7663715,0,0,0,,,0,0,0,no_overlap
improve-5020886484a8e096,0,0,0,,,0,0,0,no_overlap
improve-4aed673d599cf17f,0,0,0,,,0,0,0,no_overlap
improve-80a6a1eae26255d5,0,0,0,,,0,0,0,no_overlap
improve-f14095b5207dc738,0,0,0,,,0,0,0,no_overlap
improve-99f6a12b22cfe3e5,0,0,0,,,0,0,0,no_overlap
improve-7ed4081782643298,0,0,0,,,0,0,0,no_overlap
improve-3357c8cc29e584f8,0,0,0,,,0,0,0,no_overlap
improve-8a48b10c09bbd1db,0,0,0,,,0,0,0,no_overlap
improve-491c81561fadd263,0,0,0,,,0,0,0,no_overlap
improve-fe2c3db77433d5c8,0,0,0,,,0,0,0,no_overlap
improve-0b7b1bb74acd3621,0,0,0,,,0,0,0,no_overlap
improve-06cf04efd9df6512,0,0,0,,,0,0,0,no_overlap
improve-7f21277d99119506,0,0,0,,,0,0,0,no_overlap
improve-b1347404cdbb99d7,0,0,0,,,0,0,0,no_overlap
improve-519186dfb0be197c,0,0,0,,,0,0,0,no_overlap
improve-14a5164cfeeef073,0,0,0,,,0,0,0,no_overlap
improve-6c0c23885b76c67c,0,0,0,,,0,0,0,no_overlap
improve-aaa4ad06d6de4c4a,0,0,0,,,0,0,0,no_overlap
improve-8d98ee1b68d1cf7f,0,0,0,,,0,0,0,no_overlap
improve-c915c285ac274aae,0,0,0,,,0,0,0,no_overlap
improve-8c7ed1ef4bbe832d,0,0,0,,,0,0,0,no_overlap
improve-e92a24d88ddbcac9,0,0,0,,,0,0,0,no_overlap
improve-3b8c20a8208fd6da,0,0,0,,,0,0,0,no_overlap
improve-75cb845477df5de5,0,0,0,,,0,0,0,no_overlap
improve-e4f1c429ed5555e3,0,0,0,,,0,0,0,no_overlap
improve-51c76b49d6393b8b,0,0,0,,,0,0,0,no_overlap
improve-3970870b6830b44e,0,0,0,,,0,0,0,no_overlap
improve-2d6121563884f357,0,0,0,,,0,0,0,no_overlap
improve-497eebb003d199ef,0,0,0,,,0,0,0,no_overlap
improve-8a5e4cf2ced3376e,0,0,0,,,0,0,0,no_overlap
improve-3ac3a9713408ade9,0,0,0,,,0,0,0,no_overlap
improve-61f1728c4a034e9d,0,0,0,,,0,0,0,no_overlap
improve-5f21eceea3014d86,0,0,0,,,0,0,0,no_overlap
improve-7484de9f6ef55a32,0,0,0,,,0,0,0,no_overlap
improve-0af2045565909c77,0,0,0,,,0,0,0,no_overlap
improve-296a14ac8779d1e1,0,0,0,,,0,0,0,no_overlap
improve-122e7ce533b851b2,0,0,0,,,0,0,0,no_overlap
improve-4ca8f0f26e7f206e,0,0,0,,,0,0,0,no_overlap
improve-3048529c38e703cb,0,0,0,,,0,0,0,no_overlap
improve-adb81175ddc4c4b1,0,0,0,,,0,0,0,no_overlap
improve-f610ad30c7a9d465,0,0,0,,,0,0,0,no_overlap
improve-b80cea2de2b7749b,0,0,0,,,0,0,0,no_overlap
improve-a1ade937292a2706,0,0,0,,,0,0,0,no_overlap
improve-7cd4d29d214f1c0e,0,0,0,,,0,0,0,no_overlap
improve-fb10b5e71b63dcda,0,0,0,,,0,0,0,no_overlap
improve-31f4694e01d17424,0,0,0,,,0,0,0,no_overlap
improve-bb1000bc3cc895a2,0,0,0,,,0,0,0,no_overlap
improve-b25ba80a0ecd7e8c,0,0,0,,,0,0,0,no_overlap
improve-e9acae63dc8dd615,0,0,0,,,0,0,0,no_overlap
improve-2786bf0125c53560,0,0,0,,,0,0,0,no_overlap
improve-3f3c070eb79ff300,0,0,0,,,0,0,0,no_overlap
improve-f2c9208a142edab5,0,0,0,,,0,0,0,no_overlap
improve-5c16e3217f58b41e,0,0,0,,,0,0,0,no_overlap
improve-0bcb8cc4f52d7a00,0,0,0,,,0,0,0,no_overlap
improve-439b1120de6aabe9,0,0,0,,,0,0,0,no_overlap
improve-c4aecf4038bd840e,0,0,0,,,0,0,0,no_overlap
improve-8ca6dcd324ec29b3,0,0,0,,,0,0,0,no_overlap
improve-9c33974d0bfdff8f,0,0,0,,,0,0,0,no_overlap
improve-527e6d0d7515cd9c,0,0,0,,,0,0,0,no_overlap
improve-02b7ec42e112dec1,0,0,0,,,0,0,0,no_overlap
improve-3f24ced0b2d9313d,0,0,0,,,0,0,0,no_overlap
improve-e90357666c0f82cd,0,0,0,,,0,0,0,no_overlap
improve-803dc093ee8af61c,0,0,0,,,0,0,0,no_overlap
improve-7ec2f55cfa1dbfff,0,0,0,,,0,0,0,no_overlap
improve-e752e2b2d1179173,0,0,0,,,0,0,0,no_overlap
improve-873bbe34ce2e10b2,0,0,0,,,0,0,0,no_overlap
improve-4d42acea37bd71c9,0,0,0,,,0,0,0,no_overlap
improve-949ca410481a7107,0,0,0,,,0,0,0,no_overlap
improve-8f41e8958d26566c,0,0,0,,,0,0,0,no_overlap
improve-74cf2913d94eb618,0,0,0,,,0,0,0,no_overlap
improve-046b15490a2e996b,0,0,0,,,0,0,0,no_overlap
improve-89ee286dcaf36029,0,0,0,,,0,0,0,no_overlap
improve-7c4a46c0c11e1905,0,0,0,,,0,0,0,no_overlap
improve-db093db2ee090dba,0,0,0,,,0,0,0,no_overlap
improve-1cd85518fecc543e,0,0,0,,,0,0,0,no_overlap
improve-81088e4d25d2031e,0,0,0,,,0,0,0,no_overlap
improve-f288fa2468ce1a4e,0,0,0,,,0,0,0,no_overlap
improve-cb0070c48baf9f4b,0,0,0,,,0,0,0,no_overlap
improve-9cfde552c833ec01,0,0,0,,,0,0,0,no_overlap
improve-83c28f5f2dd22faa,0,0,0,,,0,0,0,no_overlap
improve-18b7a992b29bf181,0,0,0,,,0,0,0,no_overlap
improve-b344a28ce137654f,0,0,0,,,0,0,0,no_overlap
improve-d67f09b35baee59e,0,0,0,,,0,0,0,no_overlap
improve-0203c0ab04c11999,0,0,0,,,0,0,0,no_overlap
improve-64de85c004d3a8eb,0,0,0,,,0,0,0,no_overlap
improve-6a60cb47aa432968,0,0,0,,,0,0,0,no_overlap
improve-bf9ef386d5315ad8,0,0,0,,,0,0,0,no_overlap
improve-cadb0660c2b5f89a,0,0,0,,,0,0,0,no_overlap
improve-f626e3b7c93e53bb,0,0,0,,,0,0,0,no_overlap
improve-a7b63f1cf274b858,0,0,0,,,0,0,0,no_overlap
improve-976bfc0a897ed5f3,0,0,0,,,0,0,0,no_overlap
improve-c2d4d589e753ec09,0,0,0,,,0,0,0,no_overlap
improve-0225181406a4f2d7,0,0,0,,,0,0,0,no_overlap
improve-f6b549009abf6a25,0,0,0,,,0,0,0,no_overlap
improve-3b4d55b59b742a6f,0,0,0,,,0,0,0,no_overlap
improve-50c66b2feb8a801b,0,0,0,,,0,0,0,no_overlap
improve-756533131bc4c935,0,0,0,,,0,0,0,no_overlap
improve-6b4301455447c443,0,0,0,,,0,0,0,no_overlap
improve-8f223230a89433c2,0,0,0,,,0,0,0,no_overlap
improve-b1a53614906b396c,0,0,0,,,0,0,0,no_overlap
improve-ae53fb00f084411f,0,0,0,,,0,0,0,no_overlap
improve-3df96759beef6dcf,0,0,0,,,0,0,0,no_overlap
improve-35caab6c9bc2fc1f,0,0,0,,,0,0,0,no_overlap
improve-9daed6d240283b76,0,0,0,,,0,0,0,no_overlap
improve-35b0c89c12ab5d95,0,0,0,,,0,0,0,no_overlap
improve-291c8e7962c92624,0,0,0,,,0,0,0,no_overlap
improve-5e8a858e57a709a8,0,0,0,,,0,0,0,no_overlap
improve-c6a88131f9a77cfc,0,0,0,,,0,0,0,no_overlap
improve-acff975979b06391,0,0,0,,,0,0,0,no_overlap
improve-6344978bbae5b19a,0,0,0,,,0,0,0,no_overlap
improve-65a967782025219d,0,0,0,,,0,0,0,no_overlap
improve-e724bc8b23f10314,0,0,0,,,0,0,0,no_overlap
improve-cd656d6834ffd12e,0,0,0,,,0,0,0,no_overlap
improve-f6d09c8a98974992,0,0,0,,,0,0,0,no_overlap
improve-f851296ff00f917c,0,0,0,,,0,0,0,no_overlap
improve-ea8b6fdc4d10e415,0,0,0,,,0,0,0,no_overlap
improve-90342506d36babda,0,0,0,,,0,0,0,no_overlap
improve-ab0bb239c734325b,0,0,0,,,0,0,0,no_overlap
improve-952c1f867b6d4383,0,0,0,,,0,0,0,no_overlap
improve-c9b70b488bb502b3,0,0,0,,,0,0,0,no_overlap
improve-89c1b0ec5a6eb7cd,0,0,0,,,0,0,0,no_overlap
improve-5889f46bf8703290,0,0,0,,,0,0,0,no_overlap
improve-0a601e65b86a8d30,0,0,0,,,0,0,0,no_overlap
improve-7afb0b953cd709b9,0,0,0,,,0,0,0,no_overlap
improve-4e1e979ca1db6d61,0,0,0,,,0,0,0,no_overlap
improve-a87a3d11a46d4b8b,0,0,0,,,0,0,0,no_overlap
improve-14e368b4db8c070b,0,0,0,,,0,0,0,no_overlap
improve-84d28d7dd20988a4,0,0,0,,,0,0,0,no_overlap
improve-f0d1f42d47f5b92a,0,0,0,,,0,0,0,no_overlap
improve-689a4a351435cce2,0,0,0,,,0,0,0,no_overlap
improve-598824744858b22e,0,0,0,,,0,0,0,no_overlap
improve-049f2710f238d5c8,0,0,0,,,0,0,0,no_overlap
improve-9267cb700b48e86f,0,0,0,,,0,0,0,no_overlap
improve-495ea342d23fcb88,0,0,0,,,0,0,0,no_overlap
improve-ec5f2fbb0ce329be,0,0,0,,,0,0,0,no_overlap
improve-3652a0206ff13c9f,0,0,0,,,0,0,0,no_overlap
improve-21a8ab1152781c73,0,0,0,,,0,0,0,no_overlap
improve-6bdacd9622aab88d,0,0,0,,,0,0,0,no_overlap
improve-aea8991b0f6b107d,0,0,0,,,0,0,0,no_overlap
improve-bab3b5b30153898e,0,0,0,,,0,0,0,no_overlap
improve-0e0bf56602219d81,0,0,0,,,0,0,0,no_overlap
improve-96058aeb2063182b,0,0,0,,,0,0,0,no_overlap
improve-f8450e8b2aeb2a43,0,0,0,,,0,0,0,no_overlap
improve-a3ac8d38cb1e1885,0,0,0,,,0,0,0,no_overlap
improve-2c04920050796201,0,0,0,,,0,0,0,no_overlap
improve-8eb17dd66fca7119,0,0,0,,,0,0,0,no_overlap
improve-a2bb3a1faa46ef70,0,0,0,,,0,0,0,no_overlap
improve-4de11d2dbc631fbf,0,0,0,,,0,0,0,no_overlap
improve-1ca7b82bac7831d3,0,0,0,,,0,0,0,no_overlap
improve-4835c5b9bca0822e,0,0,0,,,0,0,0,no_overlap
improve-87516715f736699c,0,0,0,,,0,0,0,no_overlap
improve-bf8a84fb2cd30238,0,0,0,,,0,0,0,no_overlap
improve-b0d72630de3fc462,0,0,0,,,0,0,0,no_overlap
improve-02cb5ebd9ce4ec7c,0,0,0,,,0,0,0,no_overlap
improve-286e168e16de62f2,0,0,0,,,0,0,0,no_overlap
improve-aa1ae70afabe9fad,0,0,0,,,0,0,0,no_overlap
improve-6578c687464bbd60,0,0,0,,,0,0,0,no_overlap
improve-fe20a51dc09ed3c9,0,0,0,,,0,0,0,no_overlap
improve-2e818f0a2ae5784a,0,0,0,,,0,0,0,no_overlap
improve-a5ac0ff909442bbf,0,0,0,,,0,0,0,no_overlap
improve-f50189bb8d4a0ea1,0,0,0,,,0,0,0,no_overlap
improve-b5ac372acb5b6ada,0,0,0,,,0,0,0,no_overlap
improve-8a0d4504be34d2a0,0,0,0,,,0,0,0,no_overlap
improve-d9fb2d8b0d1bce68,0,0,0,,,0,0,0,no_overlap
improve-4dbcfbd45b674959,0,0,0,,,0,0,0,no_overlap
improve-e278088d1770c340,0,0,0,,,0,0,0,no_overlap
improve-086728c0f3966df6,0,0,0,,,0,0,0,no_overlap
improve-f13b7ee69e2aeda6,0,0,0,,,0,0,0,no_overlap
improve-3fc03abccf4b392a,0,0,0,,,0,0,0,no_overlap
improve-15e395b66303a791,0,0,0,,,0,0,0,no_overlap
improve-694f4ff304b01f45,0,0,0,,,0,0,0,no_overlap
improve-7e618d78bf7c9377,0,0,0,,,0,0,0,no_overlap
improve-3d00dee6abbb0ce5,0,0,0,,,0,0,0,no_overlap
improve-1bf71b48606fb64a,0,0,0,,,0,0,0,no_overlap
improve-d50ff74e5a58ef7f,0,0,0,,,0,0,0,no_overlap
improve-35edaf33005a2e12,0,0,0,,,0,0,0,no_overlap
improve-5b0f4dadda72682c,0,0,0,,,0,0,0,no_overlap
improve-87aa93c05f33bcc0,0,0,0,,,0,0,0,no_overlap
improve-c679902adf12178d,0,0,0,,,0,0,0,no_overlap
improve-b8584cdccc52d506,0,0,0,,,0,0,0,no_overlap
improve-da5e3f68667a8e7c,0,0,0,,,0,0,0,no_overlap
improve-69fa6693fda72e99,0,0,0,,,0,0,0,no_overlap
improve-f66cc1207d7c6553,0,0,0,,,0,0,0,no_overlap
improve-08b6596c951d097d,0,0,0,,,0,0,0,no_overlap
improve-343b6649e23c734a,0,0,0,,,0,0,0,no_overlap
improve-44e5d6dcb3bbd484,0,0,0,,,0,0,0,no_overlap
improve-35f732a164236513,0,0,0,,,0,0,0,no_overlap
improve-8acf16a8e65792e1,0,0,0,,,0,0,0,no_overlap
improve-3b08507e958b70f4,0,0,0,,,0,0,0,no_overlap
improve-430052f7eb9c3bbe,0,0,0,,,0,0,0,no_overlap
improve-f6649b9b98dfc767,0,0,0,,,0,0,0,no_overlap
improve-25345364c64dd633,0,0,0,,,0,0,0,no_overlap
improve-dd3ba97537fe5c5c,0,0,0,,,0,0,0,no_overlap
improve-02c22b1673cf200a,0,0,0,,,0,0,0,no_overlap
improve-1f68e941f65cccc9,0,0,0,,,0,0,0,no_overlap
improve-e0dd130dd0b3ff56,0,0,0,,,0,0,0,no_overlap
improve-88db3d63856a08b4,0,0,0,,,0,0,0,no_overlap
improve-e73dde901bf5a206,0,0,0,,,0,0,0,no_overlap
improve-e7f1f469ab5f9c22,0,0,0,,,0,0,0,no_overlap
improve-030b7c094f66fa04,0,0,0,,,0,0,0,no_overlap
improve-1fc1faabeef46078,0,0,0,,,0,0,0,no_overlap
improve-fd417468b7ae5d6b,0,0,0,,,0,0,0,no_overlap
improve-2c6ed9d2eb65d915,0,0,0,,,0,0,0,no_overlap
improve-433e696dcb634276,0,0,0,,,0,0,0,no_overlap
improve-14ce23c5131bffd6,0,0,0,,,0,0,0,no_overlap
improve-491400cced21680b,0,0,0,,,0,0,0,no_overlap
improve-be6df09c96585783,0,0,0,,,0,0,0,no_overlap
improve-f6b4d0fb17db1a3a,0,0,0,,,0,0,0,no_overlap
improve-9804259b478f5836,0,0,0,,,0,0,0,no_overlap
improve-78b40396cfa3f680,0,0,0,,,0,0,0,no_overlap
improve-11816b788ae6e252,0,0,0,,,0,0,0,no_overlap
improve-f0ea553e0c74e752,0,0,0,,,0,0,0,no_overlap
improve-f993c7e168a09281,0,0,0,,,0,0,0,no_overlap
improve-ba27b53aacca13c8,0,0,0,,,0,0,0,no_overlap
improve-e7ff9cb833201481,0,0,0,,,0,0,0,no_overlap
improve-73917863dc65be74,0,0,0,,,0,0,0,no_overlap
improve-a9a49cc7fbcec127,0,0,0,,,0,0,0,no_overlap
improve-5849d3f4b7e2f7de,0,0,0,,,0,0,0,no_overlap
improve-bfd0dc0d5e7bc401,0,0,0,,,0,0,0,no_overlap
improve-90a4a2b9c91ecddc,0,0,0,,,0,0,0,no_overlap
improve-f356c615f7e6b273,0,0,0,,,0,0,0,no_overlap
improve-6c38205201379ac3,0,0,0,,,0,0,0,no_overlap
improve-246fd5ca5e34dd49,0,0,0,,,0,0,0,no_overlap
improve-1f0aa8fa30624368,0,0,0,,,0,0,0,no_overlap
improve-097c87fa6466f6d6,0,0,0,,,0,0,0,no_overlap
improve-9c0860a0a6592579,0,0,0,,,0,0,0,no_overlap
improve-19330b8c565edb77,0,0,0,,,0,0,0,no_overlap
improve-a1fe9782db5899bc,0,0,0,,,0,0,0,no_overlap
improve-f1cbb556378fec3e,0,0,0,,,0,0,0,no_overlap
improve-40346589931ec52b,0,0,0,,,0,0,0,no_overlap
improve-6d371de3933b688b,0,0,0,,,0,0,0,no_overlap
improve-97b76561500aef26,0,0,0,,,0,0,0,no_overlap
improve-bc5665e61266ada7,0,0,0,,,0,0,0,no_overlap
improve-bfddfa6f09ef4f40,0,0,0,,,0,0,0,no_overlap
improve-16d37f641c47dd29,0,0,0,,,0,0,0,no_overlap
improve-3b730aad8968d256,0,0,0,,,0,0,0,no_overlap
improve-f74a0baff4e16a1d,0,0,0,,,0,0,0,no_overlap
improve-83d2fee0983dd633,0,0,0,,,0,0,0,no_overlap
improve-c9751bf3937b2333,0,0,0,,,0,0,0,no_overlap
improve-325d79db44f9326e,0,0,0,,,0,0,0,no_overlap
improve-46b0e4f9960fb2d5,0,0,0,,,0,0,0,no_overlap
improve-3d63de7a77c4398a,0,0,0,,,0,0,0,no_overlap
improve-5cf5d0be2719931f,0,0,0,,,0,0,0,no_overlap
improve-77777a25e7937a79,0,0,0,,,0,0,0,no_overlap
improve-bff71cbbbfd38a42,0,0,0,,,0,0,0,no_overlap
improve-eeb353907c0620b1,0,0,0,,,0,0,0,no_overlap
improve-922190441dee9390,0,0,0,,,0,0,0,no_overlap
improve-831b24ac91032b8f,0,0,0,,,0,0,0,no_overlap
improve-4f2ab218f6934669,0,0,0,,,0,0,0,no_overlap
improve-4459783ba634109c,0,0,0,,,0,0,0,no_overlap
improve-5cdb1bec8997a64a,0,0,0,,,0,0,0,no_overlap
improve-65d381ffecf3433d,0,0,0,,,0,0,0,no_overlap
improve-1df8d161e80f94e7,0,0,0,,,0,0,0,no_overlap
improve-6b55f77f3e45f351,0,0,0,,,0,0,0,no_overlap
improve-a0316471b931ad94,0,0,0,,,0,0,0,no_overlap
improve-742b9c5cd6981b02,0,0,0,,,0,0,0,no_overlap
improve-b21312ecc9fce8e5,0,0,0,,,0,0,0,no_overlap
improve-198518c1b4ad272a,0,0,0,,,0,0,0,no_overlap
improve-c1960187ea88a975,0,0,0,,,0,0,0,no_overlap
improve-2b2015a97d75b331,0,0,0,,,0,0,0,no_overlap
improve-846d423a3833b074,0,0,0,,,0,0,0,no_overlap
improve-fb88fd08db87ac8c,0,0,0,,,0,0,0,no_overlap
improve-2a4d7683df081c0f,0,0,0,,,0,0,0,no_overlap
improve-90f98dce73563ebe,0,0,0,,,0,0,0,no_overlap
improve-1bfb7edc7593e01a,0,0,0,,,0,0,0,no_overlap
improve-52c8328b3ede5e85,0,0,0,,,0,0,0,no_overlap
improve-e18b5f4a43526d15,0,0,0,,,0,0,0,no_overlap
improve-8f1ab39876728a9e,0,0,0,,,0,0,0,no_overlap
improve-960acc7985cf00f9,0,0,0,,,0,0,0,no_overlap
improve-90610895512a028d,0,0,0,,,0,0,0,no_overlap
improve-3bdafb780de154c4,0,0,0,,,0,0,0,no_overlap
improve-6f554f8847b335f3,0,0,0,,,0,0,0,no_overlap
improve-507106373522919c,0,0,0,,,0,0,0,no_overlap
improve-7723b9db67cc53a8,0,0,0,,,0,0,0,no_overlap
improve-2222694efeecb9a6,0,0,0,,,0,0,0,no_overlap
improve-73163492ffa37a50,0,0,0,,,0,0,0,no_overlap
improve-e1af4b2cddf69527,0,0,0,,,0,0,0,no_overlap
improve-91ec9b4f539bc24b,0,0,0,,,0,0,0,no_overlap
improve-39b33cb08f2228b8,0,0,0,,,0,0,0,no_overlap
improve-6e2705cdaaec6701,0,0,0,,,0,0,0,no_overlap
improve-8ce15551353a4a6b,0,0,0,,,0,0,0,no_overlap
improve-4f5e4c8841ce7edc,0,0,0,,,0,0,0,no_overlap
improve-51d7c18582a82b2d,0,0,0,,,0,0,0,no_overlap
improve-ec199138f1026d8d,0,0,0,,,0,0,0,no_overlap
improve-410ba13f84b353b9,0,0,0,,,0,0,0,no_overlap
improve-f8145b8f0f6b44a8,0,0,0,,,0,0,0,no_overlap
improve-c97b811d7974db7e,0,0,0,,,0,0,0,no_overlap
improve-5f2f3f3f63c7e852,0,0,0,,,0,0,0,no_overlap
improve-095c2d2ac31db44d,0,0,0,,,0,0,0,no_overlap
improve-a6cc8047ba379134,0,0,0,,,0,0,0,no_overlap
improve-8fd0b049b4759776,0,0,0,,,0,0,0,no_overlap
improve-49520475560c34ae,0,0,0,,,0,0,0,no_overlap
improve-159da64c4af6165c,0,0,0,,,0,0,0,no_overlap
improve-01d351d795a3c370,0,0,0,,,0,0,0,no_overlap
improve-908b3a000f3a3f3d,0,0,0,,,0,0,0,no_overlap
improve-e31ad5de217986fa,0,0,0,,,0,0,0,no_overlap
improve-107e80e611ce45ae,0,0,0,,,0,0,0,no_overlap
improve-442c0d82269b6468,0,0,0,,,0,0,0,no_overlap
improve-47058986b09e85c9,0,0,0,,,0,0,0,no_overlap
improve-d6a0498eb66879d0,0,0,0,,,0,0,0,no_overlap
improve-1eeae8a5effa9379,0,0,0,,,0,0,0,no_overlap
improve-9a154a0bc2f0f28d,0,0,0,,,0,0,0,no_overlap
improve-5c27d54d987d2cd6,0,0,0,,,0,0,0,no_overlap
improve-797c6d28fdff2819,0,0,0,,,0,0,0,no_overlap
improve-7de591299bd4af33,0,0,0,,,0,0,0,no_overlap
improve-27ce04396858d56c,0,0,0,,,0,0,0,no_overlap
improve-442aa3ee1badd6c8,0,0,0,,,0,0,0,no_overlap
improve-a1679b32b1260454,0,0,0,,,0,0,0,no_overlap
improve-292523545c156089,0,0,0,,,0,0,0,no_overlap
improve-f455f850b64b0b4f,0,0,0,,,0,0,0,no_overlap
improve-c385d13fb20fe61e,0,0,0,,,0,0,0,no_overlap
improve-bc5dc1b9af0a5ad1,0,0,0,,,0,0,0,no_overlap
improve-9b8eafa173b88618,0,0,0,,,0,0,0,no_overlap
improve-77b4790f03cd3093,0,0,0,,,0,0,0,no_overlap
improve-aa4f64b6eebf6b66,0,0,0,,,0,0,0,no_overlap
improve-ff36667d7848075c,0,0,0,,,0,0,0,no_overlap
improve-b9a92704a7fd5b93,0,0,0,,,0,0,0,no_overlap
improve-833dfa52bd1586ff,0,0,0,,,0,0,0,no_overlap
improve-5ef12044aa5304f2,0,0,0,,,0,0,0,no_overlap
improve-81c71f52aa2f9a8b,0,0,0,,,0,0,0,no_overlap
improve-efd152e490504cdf,0,0,0,,,0,0,0,no_overlap
improve-45dc3cd374cc4872,0,0,0,,,0,0,0,no_overlap
improve-6f298851b6f82124,0,0,0,,,0,0,0,no_overlap
improve-d2628910df85f5c8,0,0,0,,,0,0,0,no_overlap
improve-0b98b4107e9608d4,0,0,0,,,0,0,0,no_overlap
improve-1daf1dd09b59e573,0,0,0,,,0,0,0,no_overlap
improve-db9a5e521b190590,0,0,0,,,0,0,0,no_overlap
improve-812260f0d22d570f,0,0,0,,,0,0,0,no_overlap
improve-d3458e5968221db3,0,0,0,,,0,0,0,no_overlap
improve-f7a78d392bf97c70,0,0,0,,,0,0,0,no_overlap
improve-687fba24af0bfb29,0,0,0,,,0,0,0,no_overlap
improve-1080d096c48e7582,0,0,0,,,0,0,0,no_overlap
improve-80cebbe543f91bec,0,0,0,,,0,0,0,no_overlap
improve-1afdb7c6b11afc89,0,0,0,,,0,0,0,no_overlap
improve-c013f1d869fe8490,0,0,0,,,0,0,0,no_overlap
improve-8a3974a1c29ec8b6,0,0,0,,,0,0,0,no_overlap
improve-2a0d3771321a75a2,0,0,0,,,0,0,0,no_overlap
improve-47a72670aa6f9b07,0,0,0,,,0,0,0,no_overlap
improve-0ff57ed444cf5247,0,0,0,,,0,0,0,no_overlap
improve-18eaa426411e3298,0,0,0,,,0,0,0,no_overlap
improve-5153e4582a82a1e8,0,0,0,,,0,0,0,no_overlap
improve-9aea09f4ee423346,0,0,0,,,0,0,0,no_overlap
improve-6b1d91ea80b6eb27,0,0,0,,,0,0,0,no_overlap
improve-aacd79c2a9e04b18,0,0,0,,,0,0,0,no_overlap
improve-bfcbf09a9745e576,0,0,0,,,0,0,0,no_overlap
improve-ddb1f1ecfbfbbf09,0,0,0,,,0,0,0,no_overlap
improve-8e07e25cbb54fd84,0,0,0,,,0,0,0,no_overlap
improve-efbac208802e038e,0,0,0,,,0,0,0,no_overlap
improve-0e0a3631a68cab7d,0,0,0,,,0,0,0,no_overlap
improve-8df0e6e52a1b2c78,0,0,0,,,0,0,0,no_overlap
improve-65b65b37ae689b39,0,0,0,,,0,0,0,no_overlap
improve-a9cf99bb0d7dfa76,0,0,0,,,0,0,0,no_overlap
improve-b7e98502a2e2b891,0,0,0,,,0,0,0,no_overlap
improve-ec84118de25206b1,0,0,0,,,0,0,0,no_overlap
improve-6e2ced16ee4c7319,0,0,0,,,0,0,0,no_overlap
improve-65734753122f349c,0,0,0,,,0,0,0,no_overlap
improve-d68c8ce64511c8b2,0,0,0,,,0,0,0,no_overlap
improve-9bb1c52c4f595f5c,0,0,0,,,0,0,0,no_overlap
improve-3c6a5ea6952e3cd8,0,0,0,,,0,0,0,no_overlap
improve-164933c68cd485c4,0,0,0,,,0,0,0,no_overlap
improve-6c9441a2d3556520,0,0,0,,,0,0,0,no_overlap
improve-101290ed58ab550a,0,0,0,,,0,0,0,no_overlap
improve-82ded240689e7775,0,0,0,,,0,0,0,no_overlap
improve-136ad42f1d921f63,0,0,0,,,0,0,0,no_overlap
improve-bd5e266e677edeaf,0,0,0,,,0,0,0,no_overlap
improve-e12d77fb918f4c51,0,0,0,,,0,0,0,no_overlap
improve-c0df55edb2e45a0f,0,0,0,,,0,0,0,no_overlap
improve-65bb09f74d116976,0,0,0,,,0,0,0,no_overlap
improve-82d41ad5b3876384,0,0,0,,,0,0,0,no_overlap
improve-a2daa06ca69c6810,0,0,0,,,0,0,0,no_overlap
improve-a64f552dbdde9a2f,0,0,0,,,0,0,0,no_overlap
improve-061bfdef42bc551a,0,0,0,,,0,0,0,no_overlap
improve-50158f8fdcb3d07e,0,0,0,,,0,0,0,no_overlap
improve-1cadf5e887d472c9,0,0,0,,,0,0,0,no_overlap
improve-5749f79a16225274,0,0,0,,,0,0,0,no_overlap
improve-9a6ffa7fabe0e652,0,0,0,,,0,0,0,no_overlap
improve-7535250f9bf017c6,0,0,0,,,0,0,0,no_overlap
improve-9e6dab69a66fef1f,0,0,0,,,0,0,0,no_overlap
improve-3c1a43a15f368ca1,0,0,0,,,0,0,0,no_overlap
improve-78ecf42cc1c2a2e0,0,0,0,,,0,0,0,no_overlap
improve-12182182f56b227f,0,0,0,,,0,0,0,no_overlap
improve-c9718e2401d56c47,0,0,0,,,0,0,0,no_overlap
improve-62e0373fdb864d3e,0,0,0,,,0,0,0,no_overlap
improve-8313819755cd4b20,0,0,0,,,0,0,0,no_overlap
improve-686db305e1ec4e76,0,0,0,,,0,0,0,no_overlap
improve-f87dcb7265c838a6,0,0,0,,,0,0,0,no_overlap
improve-f7eab4125bba2094,0,0,0,,,0,0,0,no_overlap
improve-94be30694e7c4988,0,0,0,,,0,0,0,no_overlap
improve-4c9a541ea8692833,0,0,0,,,0,0,0,no_overlap
improve-1f31c70968a9168d,0,0,0,,,0,0,0,no_overlap
improve-159889e2af43a952,0,0,0,,,0,0,0,no_overlap
improve-49cfccd4a72f2259,0,0,0,,,0,0,0,no_overlap
improve-3424ebd43d3d979d,0,0,0,,,0,0,0,no_overlap
improve-380424b06779a193,0,0,0,,,0,0,0,no_overlap
improve-d830d0f9781d1e02,0,0,0,,,0,0,0,no_overlap
improve-301491d71d557776,0,0,0,,,0,0,0,no_overlap
improve-d77ecb5530b75ead,0,0,0,,,0,0,0,no_overlap
improve-f028a1219c93abaf,0,0,0,,,0,0,0,no_overlap
improve-b2915e00c0d11a02,0,0,0,,,0,0,0,no_overlap
improve-8c9a511445773743,0,0,0,,,0,0,0,no_overlap
improve-3aeed9998723b0a6,0,0,0,,,0,0,0,no_overlap
improve-b1aba7338eff0930,0,0,0,,,0,0,0,no_overlap
improve-a5771db1e387992c,0,0,0,,,0,0,0,no_overlap
improve-93f84e9d8e20f892,0,0,0,,,0,0,0,no_overlap
improve-93f6a39c5a18db27,0,0,0,,,0,0,0,no_overlap
improve-cc361799bc39b017,0,0,0,,,0,0,0,no_overlap
improve-b860959c75af880f,0,0,0,,,0,0,0,no_overlap
improve-6cb88e9c98530c05,0,0,0,,,0,0,0,no_overlap
improve-13d484f189d3c7d3,0,0,0,,,0,0,0,no_overlap
improve-ef27c1875f347fd8,0,0,0,,,0,0,0,no_overlap
improve-8db6eb4cac7788c2,0,0,0,,,0,0,0,no_overlap
improve-12c783234516cf0a,0,0,0,,,0,0,0,no_overlap
improve-4fc4bbd5680a7f3c,0,0,0,,,0,0,0,no_overlap
improve-6317a9a6ca4ab11e,0,0,0,,,0,0,0,no_overlap
improve-38d368ed7d9d639e,0,0,0,,,0,0,0,no_overlap
improve-f457944057435e13,0,0,0,,,0,0,0,no_overlap
improve-a6bd3418c1de1420,0,0,0,,,0,0,0,no_overlap
improve-ce7478d6f22998c8,0,0,0,,,0,0,0,no_overlap
improve-a4dc77ad18b88d4b,0,0,0,,,0,0,0,no_overlap
improve-977b1e82d0bfd4d4,0,0,0,,,0,0,0,no_overlap
improve-e72a8f24b211f25f,0,0,0,,,0,0,0,no_overlap
improve-c24ae6a2744caf40,0,0,0,,,0,0,0,no_overlap
improve-6c064469cced378b,0,0,0,,,0,0,0,no_overlap
improve-324e4448ba145674,0,0,0,,,0,0,0,no_overlap
improve-55218ded09f432c3,0,0,0,,,0,0,0,no_overlap
improve-63fb22f27b649674,0,0,0,,,0,0,0,no_overlap
improve-189ce75f8a519815,0,0,0,,,0,0,0,no_overlap
improve-697f8d010033d284,0,0,0,,,0,0,0,no_overlap
improve-fad95185ad525e55,0,0,0,,,0,0,0,no_overlap
improve-262a95f13d8d5e11,0,0,0,,,0,0,0,no_overlap
improve-d9eb1d6b763ae25b,0,0,0,,,0,0,0,no_overlap
improve-5b3812d63d87ddf7,0,0,0,,,0,0,0,no_overlap
improve-d881dcda4be50eea,0,0,0,,,0,0,0,no_overlap
improve-7d181c8d20fb3994,0,0,0,,,0,0,0,no_overlap
improve-11d77d1456fdc315,0,0,0,,,0,0,0,no_overlap
improve-95ef521985cc47b5,0,0,0,,,0,0,0,no_overlap
improve-624a8656cef5e7bc,0,0,0,,,0,0,0,no_overlap
improve-187ecdf9654a7791,0,0,0,,,0,0,0,no_overlap
improve-2844cd7f4c4ddcc8,0,0,0,,,0,0,0,no_overlap
improve-9ad8ec13eac08ecf,0,0,0,,,0,0,0,no_overlap
improve-f9b365e938897355,0,0,0,,,0,0,0,no_overlap
improve-fe28b9ffc1ab142e,0,0,0,,,0,0,0,no_overlap
improve-9061fa7683d46460,0,0,0,,,0,0,0,no_overlap
improve-596694a47b43cd7b,0,0,0,,,0,0,0,no_overlap
improve-0596de1d77a9dffc,0,0,0,,,0,0,0,no_overlap
improve-5d855deee3f56020,0,0,0,,,0,0,0,no_overlap
improve-6a837db9c34e9b1c,0,0,0,,,0,0,0,no_overlap
improve-a719d75191da09d3,0,0,0,,,0,0,0,no_overlap
improve-7ddcfe774097477b,0,0,0,,,0,0,0,no_overlap
improve-69a2978b6afbee9c,0,0,0,,,0,0,0,no_overlap
improve-aa542c4374f9dd28,0,0,0,,,0,0,0,no_overlap
improve-6478f84e0421fa3c,0,0,0,,,0,0,0,no_overlap
improve-a98a714490fc009b,0,0,0,,,0,0,0,no_overlap
improve-c8fb603c45272c2a,0,0,0,,,0,0,0,no_overlap
improve-528df9e325e67b9a,0,0,0,,,0,0,0,no_overlap
improve-dc5452fa5e3bca66,0,0,0,,,0,0,0,no_overlap
improve-a2e524649b7632a5,0,0,0,,,0,0,0,no_overlap
improve-ce569057ea53e250,0,0,0,,,0,0,0,no_overlap
improve-64cfd81a85483eee,0,0,1,,,0,0,0,peptide_only_different_hla
improve-44424dd5a0175191,0,0,0,,,0,0,0,no_overlap
improve-d1ea79dc4bb92af0,0,0,0,,,0,0,0,no_overlap
improve-214bf372f760a0a1,0,0,0,,,0,0,0,no_overlap
improve-24de6806ed2f296e,0,0,0,,,0,0,0,no_overlap
improve-4842ba8988782569,0,0,0,,,0,0,0,no_overlap
improve-46946871aab5321a,0,0,0,,,0,0,0,no_overlap
improve-6debc85053152ffc,0,0,0,,,0,0,0,no_overlap
improve-26bda25454cb7f60,0,0,0,,,0,0,0,no_overlap
improve-114106ba9d86bcfa,0,0,0,,,0,0,0,no_overlap
improve-3399f8f512b0c689,0,0,0,,,0,0,0,no_overlap
improve-bd57aec35e2cbff4,0,0,0,,,0,0,0,no_overlap
improve-0c3b3fd66911eb0b,0,0,0,,,0,0,0,no_overlap
improve-cd80315ca61f530b,0,0,0,,,0,0,0,no_overlap
improve-c997259a0fecfb46,0,0,0,,,0,0,0,no_overlap
improve-ca1f4ec08fe83a69,0,0,0,,,0,0,0,no_overlap
improve-eed51996b01ee6b4,0,0,0,,,0,0,0,no_overlap
improve-f8deeea88a1d62e5,0,0,0,,,0,0,0,no_overlap
improve-90cfea82c226c8ce,0,0,0,,,0,0,0,no_overlap
improve-b3775855dbf01d7f,0,0,0,,,0,0,0,no_overlap
improve-a95b2879adaa8ccf,0,0,0,,,0,0,0,no_overlap
improve-162bc038c44b73d7,0,0,0,,,0,0,0,no_overlap
improve-a49fc5aad58d134d,0,0,0,,,0,0,0,no_overlap
improve-5ad199fe164fba77,0,0,0,,,0,0,0,no_overlap
improve-6c2e08929bd2ac71,0,0,0,,,0,0,0,no_overlap
improve-69d30b2ac7c77552,0,0,0,,,0,0,0,no_overlap
improve-4e2a9bb9f10d8faa,0,0,0,,,0,0,0,no_overlap
improve-cf16480e28ffee89,0,0,0,,,0,0,0,no_overlap
improve-8acfca88665a5296,0,0,0,,,0,0,0,no_overlap
improve-264e63ea731e8bf3,0,0,0,,,0,0,0,no_overlap
improve-a60e1ec2498909d7,0,0,0,,,0,0,0,no_overlap
improve-92a898d9fad4e8c5,0,0,0,,,0,0,0,no_overlap
improve-631eed7c89880975,0,0,0,,,0,0,0,no_overlap
improve-57178eadeab0a85a,0,0,0,,,0,0,0,no_overlap
improve-80bc3bdb1331a0e5,0,0,0,,,0,0,0,no_overlap
improve-b232e145d5ccc033,0,0,0,,,0,0,0,no_overlap
improve-188f9878492b3b8f,0,0,0,,,0,0,0,no_overlap
improve-7c934d3caa66416c,0,0,0,,,0,0,0,no_overlap
improve-ae7441af3a0d929e,0,0,0,,,0,0,0,no_overlap
improve-7c4ee599f98ff3fc,0,0,0,,,0,0,0,no_overlap
improve-a06be542c7e994c8,0,0,0,,,0,0,0,no_overlap
improve-926989967763cbb3,0,0,0,,,0,0,0,no_overlap
improve-37912b60099fcd03,0,0,0,,,0,0,0,no_overlap
improve-d7e5ccd46ed489b8,0,0,0,,,0,0,0,no_overlap
improve-f82437be6f25defc,0,0,0,,,0,0,0,no_overlap
improve-7defc94ccb051d27,0,0,0,,,0,0,0,no_overlap
improve-10f6b5b667eddb42,0,0,0,,,0,0,0,no_overlap
improve-45fe6daae7f8d538,0,0,0,,,0,0,0,no_overlap
improve-d65ab1887f394053,0,0,0,,,0,0,0,no_overlap
improve-c6218df0854ac50b,0,0,0,,,0,0,0,no_overlap
improve-6191d9ff0656cd9d,0,0,0,,,0,0,0,no_overlap
improve-00ed9b9012f87b95,0,0,0,,,0,0,0,no_overlap
improve-9672158a34c1af0c,0,0,0,,,0,0,0,no_overlap
improve-18d1bb36c202723f,0,0,0,,,0,0,0,no_overlap
improve-57b0fad1d1267324,0,0,0,,,0,0,0,no_overlap
improve-029c9d5e4b638446,0,0,0,,,0,0,0,no_overlap
improve-c887822bb08c9070,0,0,0,,,0,0,0,no_overlap
improve-e467b13ff5e2edd4,0,0,0,,,0,0,0,no_overlap
improve-f9c4b23f61746852,0,0,0,,,0,0,0,no_overlap
improve-2ea4fe47d25223e8,0,0,0,,,0,0,0,no_overlap
improve-962f1f8ca73cad6d,0,0,0,,,0,0,0,no_overlap
improve-6227a295cf78ae6d,0,0,0,,,0,0,0,no_overlap
improve-951b1385c0026b03,0,0,0,,,0,0,0,no_overlap
improve-2fc5b8abaa2d5fa3,0,0,0,,,0,0,0,no_overlap
improve-55897634cb8586f5,0,0,0,,,0,0,0,no_overlap
improve-2a147c75bffa1856,0,0,0,,,0,0,0,no_overlap
improve-93b2d911d58f73dd,0,0,0,,,0,0,0,no_overlap
improve-c84fe6554f488543,0,0,0,,,0,0,0,no_overlap
improve-db0db8e2a3292c5e,0,0,0,,,0,0,0,no_overlap
improve-ecfd1318336c34b9,0,0,0,,,0,0,0,no_overlap
improve-c600a3f3b068d960,0,0,0,,,0,0,0,no_overlap
improve-7b474041f6dedf48,0,0,0,,,0,0,0,no_overlap
improve-041792558649c503,0,0,0,,,0,0,0,no_overlap
improve-b8785839de99fee9,0,0,0,,,0,0,0,no_overlap
improve-e3447a098b395c24,0,0,0,,,0,0,0,no_overlap
improve-a2b810684749ce9f,0,0,0,,,0,0,0,no_overlap
improve-ca03d95f4f1a4cea,0,0,0,,,0,0,0,no_overlap
improve-29ecc208319eced3,0,0,0,,,0,0,0,no_overlap
improve-f3050b6aae29c3bf,0,0,0,,,0,0,0,no_overlap
improve-a1026a898389aaf3,0,0,0,,,0,0,0,no_overlap
improve-94c874c051258388,0,0,0,,,0,0,0,no_overlap
improve-d0d7ac0087b83496,0,0,0,,,0,0,0,no_overlap
improve-604d9da69628982e,0,0,0,,,0,0,0,no_overlap
improve-e669793c8ea9b726,0,0,0,,,0,0,0,no_overlap
improve-3f5b3ce018bab2fa,0,0,0,,,0,0,0,no_overlap
improve-b0d1351a6d0faa24,0,0,0,,,0,0,0,no_overlap
improve-22ff79ef13a8bff0,0,0,0,,,0,0,0,no_overlap
improve-df52ea8a0c6a1c8b,0,0,0,,,0,0,0,no_overlap
improve-8dabb96fee7efe22,0,0,0,,,0,0,0,no_overlap
improve-f8abb5f860258b07,0,0,0,,,0,0,0,no_overlap
improve-1bda10eacbad8604,0,0,0,,,0,0,0,no_overlap
improve-dbf5f5006b1721ee,0,0,0,,,0,0,0,no_overlap
improve-cc2c6f2b48294a3b,0,0,0,,,0,0,0,no_overlap
improve-567a9660d0332a61,0,0,0,,,0,0,0,no_overlap
improve-6ac6a4ae6f1e8055,0,0,0,,,0,0,0,no_overlap
improve-a8d5391af5538e6f,0,0,0,,,0,0,0,no_overlap
improve-982bbe6b853b5ed0,0,0,0,,,0,0,0,no_overlap
improve-12f130b2e138a484,0,0,0,,,0,0,0,no_overlap
improve-8079a89ff2de2cf2,0,0,0,,,0,0,0,no_overlap
improve-88ec8e286a29144f,0,0,0,,,0,0,0,no_overlap
improve-606a1dbfca705ad4,0,0,0,,,0,0,0,no_overlap
improve-9390d7b77af7570b,0,0,0,,,0,0,0,no_overlap
improve-ad2bfee45105478a,0,0,0,,,0,0,0,no_overlap
improve-3504d397daa2d7c8,0,0,0,,,0,0,0,no_overlap
improve-8616214745eb0d11,0,0,0,,,0,0,0,no_overlap
improve-9e50e35961bcb925,0,0,0,,,0,0,0,no_overlap
improve-7052e38d5f4f6ca6,0,0,0,,,0,0,0,no_overlap
improve-9b62aac7bec17a12,0,0,0,,,0,0,0,no_overlap
improve-e5ae269017cd6496,0,0,0,,,0,0,0,no_overlap
improve-59960058fee760f1,0,0,0,,,0,0,0,no_overlap
improve-18593efc36e5d71c,0,0,0,,,0,0,0,no_overlap
improve-89afc534f57369a4,0,0,0,,,0,0,0,no_overlap
improve-62e80830f8e30242,0,0,0,,,0,0,0,no_overlap
improve-7a72966915fe7979,0,0,0,,,0,0,0,no_overlap
improve-305915a8703ffd44,0,0,0,,,0,0,0,no_overlap
improve-8d83b5ec52fc9c87,0,0,0,,,0,0,0,no_overlap
improve-95ef6a69fcd1ed5a,0,0,0,,,0,0,0,no_overlap
improve-55765bbbd2e4b22c,0,0,0,,,0,0,0,no_overlap
improve-30a482e5d5aa16b2,0,0,0,,,0,0,0,no_overlap
improve-93a229eb9e55fcb5,0,0,0,,,0,0,0,no_overlap
improve-7182b9bda38b2b4e,0,0,0,,,0,0,0,no_overlap
improve-f48e52b7b38aee61,0,0,0,,,0,0,0,no_overlap
improve-2ff1d6ba483a5fd8,0,0,0,,,0,0,0,no_overlap
improve-5059f4173dc8e507,0,0,0,,,0,0,0,no_overlap
improve-c5d6e58e202c3019,0,0,0,,,0,0,0,no_overlap
improve-37fc2876e895f3e2,0,0,0,,,0,0,0,no_overlap
improve-f9b9e5e668ee5dd4,0,0,0,,,0,0,0,no_overlap
improve-d88fd1921256345f,0,0,0,,,0,0,0,no_overlap
improve-a2c7e4e49269a9d3,0,0,0,,,0,0,0,no_overlap
improve-cf3abf9321514348,0,0,0,,,0,0,0,no_overlap
improve-ddf35d70a71408db,0,0,0,,,0,0,0,no_overlap
improve-64f1d6d3b72d2c7c,0,0,0,,,0,0,0,no_overlap
improve-a86274958893fc57,0,0,0,,,0,0,0,no_overlap
improve-7d27546b42760811,0,0,0,,,0,0,0,no_overlap
improve-9bc1a7447d561772,0,0,0,,,0,0,0,no_overlap
improve-d1e7d7c0f3004db7,0,0,0,,,0,0,0,no_overlap
improve-86684b05a63d464b,0,0,0,,,0,0,0,no_overlap
improve-68064ac36da92b00,0,0,0,,,0,0,0,no_overlap
improve-d9d82c9899616fcd,0,0,0,,,0,0,0,no_overlap
improve-86cee153d51f6209,0,0,0,,,0,0,0,no_overlap
improve-5a23a376138fb058,0,0,0,,,0,0,0,no_overlap
improve-02b19ddfaf2449bd,0,0,0,,,0,0,0,no_overlap
improve-2083881bf4bf587e,0,0,0,,,0,0,0,no_overlap
improve-8a02a4285b05aff7,0,0,0,,,0,0,0,no_overlap
improve-1048319b385024da,0,0,0,,,0,0,0,no_overlap
improve-acc96601c9ee2bb5,0,0,0,,,0,0,0,no_overlap
improve-13b50c318e2bd6c5,0,0,0,,,0,0,0,no_overlap
improve-876077079a1e889a,0,0,0,,,0,0,0,no_overlap
improve-4a1626f74d18c413,0,0,0,,,0,0,0,no_overlap
improve-0ac0299b6f09622c,0,0,0,,,0,0,0,no_overlap
improve-752da64bb6063fe0,0,0,0,,,0,0,0,no_overlap
improve-a3bb7f464dd0c695,0,0,0,,,0,0,0,no_overlap
improve-5eefe9f72f35468a,0,0,0,,,0,0,0,no_overlap
improve-9a9f29d41d02eb19,0,0,0,,,0,0,0,no_overlap
improve-82b019050204727d,0,0,0,,,0,0,0,no_overlap
improve-6ad19c48b73f759d,0,0,0,,,0,0,0,no_overlap
improve-e205d125fff2885e,0,0,0,,,0,0,0,no_overlap
improve-3dac9d44f095ee1a,0,0,0,,,0,0,0,no_overlap
improve-d408c7d89003307e,0,0,0,,,0,0,0,no_overlap
improve-2e054f20dd1e6a9d,0,0,0,,,0,0,0,no_overlap
improve-947c5a8934a156c7,0,0,0,,,0,0,0,no_overlap
improve-705b8760345eab96,0,0,0,,,0,0,0,no_overlap
improve-deeabfb169cfa3ad,0,0,0,,,0,0,0,no_overlap
improve-98d907a3fde317aa,0,0,0,,,0,0,0,no_overlap
improve-911e3574cd552f48,0,0,0,,,0,0,0,no_overlap
improve-90342ac7b8338b3b,0,0,0,,,0,0,0,no_overlap
improve-07176bb93c8e8510,0,0,0,,,0,0,0,no_overlap
improve-a6eb7391d0cda2f3,0,0,0,,,0,0,0,no_overlap
improve-fb7969a17d233535,0,0,0,,,0,0,0,no_overlap
improve-63ffe2b42b370cb2,0,0,0,,,0,0,0,no_overlap
improve-8eddb6567296b798,0,0,0,,,0,0,0,no_overlap
improve-e144b2306543a949,0,0,0,,,0,0,0,no_overlap
improve-d621c1d94678805d,0,0,0,,,0,0,0,no_overlap
improve-2b74c16239a3b27e,0,0,0,,,0,0,0,no_overlap
improve-acf9a119deb17ae7,0,0,0,,,0,0,0,no_overlap
improve-6b062b4dd4bc0a29,0,0,0,,,0,0,0,no_overlap
improve-e0b7b0ac6f7a1a61,0,0,0,,,0,0,0,no_overlap
improve-f4d4e3ece6f1ae7f,0,0,0,,,0,0,0,no_overlap
improve-332f1df9be98d39e,0,0,0,,,0,0,0,no_overlap
improve-bb786df420f62f6f,0,0,0,,,0,0,0,no_overlap
improve-e6928dc6e9c46370,0,0,0,,,0,0,0,no_overlap
improve-ee33a82c27937520,0,0,0,,,0,0,0,no_overlap
improve-0d58ffae6029a366,0,0,0,,,0,0,0,no_overlap
improve-91232401e7ad7883,0,0,0,,,0,0,0,no_overlap
improve-7982e8b9d49afcd5,0,0,0,,,0,0,0,no_overlap
improve-531018c6c1137676,0,0,0,,,0,0,0,no_overlap
improve-160c3e1089d4ff42,0,0,0,,,0,0,0,no_overlap
improve-b210175d249753b0,0,0,0,,,0,0,0,no_overlap
improve-4875dfaae1b5ecba,0,0,0,,,0,0,0,no_overlap
improve-a0b9c0d8e18e8c6c,0,0,0,,,0,0,0,no_overlap
improve-74cf9978605f0537,0,0,0,,,0,0,0,no_overlap
improve-4f024bd86ce59767,0,0,0,,,0,0,0,no_overlap
improve-618293e07b189cf2,0,0,0,,,0,0,0,no_overlap
improve-77659fdf61d9d81c,0,0,0,,,0,0,0,no_overlap
improve-2a35a855c9b901c0,0,0,0,,,0,0,0,no_overlap
improve-1d5cf351b1cbe1d4,0,0,0,,,0,0,0,no_overlap
improve-da096cca28d42ac1,0,0,0,,,0,0,0,no_overlap
improve-12bde4b803cf5dbf,0,0,0,,,0,0,0,no_overlap
improve-cb897338dec4b324,0,0,0,,,0,0,0,no_overlap
improve-15f1d00273aa4d93,0,0,0,,,0,0,0,no_overlap
improve-bffb113c8f05883f,0,0,0,,,0,0,0,no_overlap
improve-2c5fad5f169799cc,0,0,0,,,0,0,0,no_overlap
improve-5458c43ed64fcda0,0,0,0,,,0,0,0,no_overlap
improve-6c7eb9fdbd66a338,0,0,0,,,0,0,0,no_overlap
improve-571ed81ff7df8ba1,0,0,0,,,0,0,0,no_overlap
improve-7d6db3ff0666ce04,0,0,0,,,0,0,0,no_overlap
improve-45e25cc398e9ee48,0,0,0,,,0,0,0,no_overlap
improve-f80593c7cb942449,0,0,0,,,0,0,0,no_overlap
improve-7e680a2d6d061439,0,0,0,,,0,0,0,no_overlap
improve-e1d9d05e34723c90,0,0,0,,,0,0,0,no_overlap
improve-4e8a8d20d494d661,0,0,0,,,0,0,0,no_overlap
improve-46149d26516a7f7e,0,0,0,,,0,0,0,no_overlap
improve-5b7dfe2e1e705198,0,0,0,,,0,0,0,no_overlap
improve-e4976f845afd4cef,0,0,0,,,0,0,0,no_overlap
improve-e5e7918234ed46ec,0,0,0,,,0,0,0,no_overlap
improve-de8674c7ff2d4046,0,0,0,,,0,0,0,no_overlap
improve-7e68cfba462862c6,0,0,0,,,0,0,0,no_overlap
improve-0c1edfc10346168c,0,0,0,,,0,0,0,no_overlap
improve-a8a86fa753b75deb,0,0,0,,,0,0,0,no_overlap
improve-e8fc10f685bfc00b,0,0,0,,,0,0,0,no_overlap
improve-36d6585ff4142643,0,0,0,,,0,0,0,no_overlap
improve-d6553b24601a8097,0,0,0,,,0,0,0,no_overlap
improve-f30f2dd57d8a8be6,0,0,0,,,0,0,0,no_overlap
improve-4b5f767b98879a9e,0,0,0,,,0,0,0,no_overlap
improve-149a8dcb36eb200b,0,0,0,,,0,0,0,no_overlap
improve-760ad697aa76ab38,0,0,0,,,0,0,0,no_overlap
improve-fb9e4fe940a7d4f7,0,0,0,,,0,0,0,no_overlap
improve-ccf2b6dd402d7bf7,0,0,0,,,0,0,0,no_overlap
improve-776e316dffe6100b,0,0,0,,,0,0,0,no_overlap
improve-fa8365e521d3cb7d,0,0,0,,,0,0,0,no_overlap
improve-f3cc14581e648797,0,0,0,,,0,0,0,no_overlap
improve-120bd38ad51420b4,0,0,0,,,0,0,0,no_overlap
improve-2fbf4bfa7640c2db,0,0,0,,,0,0,0,no_overlap
improve-b28c3ec9f8cbe96d,0,0,0,,,0,0,0,no_overlap
improve-9e70de7be1136873,0,0,0,,,0,0,0,no_overlap
improve-4968206dc4b61e7e,0,0,0,,,0,0,0,no_overlap
improve-711768581b547b18,0,0,0,,,0,0,0,no_overlap
improve-c235ab06a7137b87,0,0,0,,,0,0,0,no_overlap
improve-238483b8fceb9819,0,0,0,,,0,0,0,no_overlap
improve-c4e37f336272fe73,0,0,0,,,0,0,0,no_overlap
improve-8f38dbcb8c7d6283,0,0,0,,,0,0,0,no_overlap
improve-f3035ada44168428,0,0,0,,,0,0,0,no_overlap
improve-15ca7e845d3433f5,0,0,0,,,0,0,0,no_overlap
improve-65da1a49f14c793b,0,0,0,,,0,0,0,no_overlap
improve-c92b66f738811b2a,0,0,0,,,0,0,0,no_overlap
improve-37180f227741fef2,0,0,0,,,0,0,0,no_overlap
improve-15e61c021f6fdb6d,0,0,0,,,0,0,0,no_overlap
improve-154e594e0d128a19,0,0,0,,,0,0,0,no_overlap
improve-92afb406d6b89c9e,0,0,0,,,0,0,0,no_overlap
improve-e8eb17634109c733,0,0,0,,,0,0,0,no_overlap
improve-106f53ec11f5d39d,0,0,0,,,0,0,0,no_overlap
improve-c4beec976d8e0703,0,0,0,,,0,0,0,no_overlap
improve-bd2c2a1e7d308f1c,0,0,0,,,0,0,0,no_overlap
improve-d1468d74f20cd224,0,0,0,,,0,0,0,no_overlap
improve-a1ddafe3d84b1fec,0,0,0,,,0,0,0,no_overlap
improve-79c46baf9aaae625,0,0,0,,,0,0,0,no_overlap
improve-48cc96c573e7370e,0,0,0,,,0,0,0,no_overlap
improve-1a0bb74f991dc66a,0,0,0,,,0,0,0,no_overlap
improve-50e110c47e9e5a5c,0,0,0,,,0,0,0,no_overlap
improve-616e846769abc352,0,0,0,,,0,0,0,no_overlap
improve-f95d35eac8ae33e4,0,0,0,,,0,0,0,no_overlap
improve-2d71e13688fd4efd,0,0,0,,,0,0,0,no_overlap
improve-69959cd5bc6cbe4f,0,0,0,,,0,0,0,no_overlap
improve-9052c98ab2a0e372,0,0,0,,,0,0,0,no_overlap
improve-a7eca00acf2ab9d9,0,0,0,,,0,0,0,no_overlap
improve-b5d27a0894e3a2c0,0,0,0,,,0,0,0,no_overlap
improve-246178b0327b5d9d,0,0,0,,,0,0,0,no_overlap
improve-f90d8268fbce8bf0,0,0,0,,,0,0,0,no_overlap
improve-e3246ad3c289606c,0,0,0,,,0,0,0,no_overlap
improve-bacde4aea994d73b,0,0,0,,,0,0,0,no_overlap
improve-7346a1825ec55250,0,0,0,,,0,0,0,no_overlap
improve-7b7dc2adfb3e6418,0,0,0,,,0,0,0,no_overlap
improve-e84688583e18a974,0,0,0,,,0,0,0,no_overlap
improve-d90f0e3a1655f32b,0,0,0,,,0,0,0,no_overlap
improve-39aefb0100596d81,0,0,0,,,0,0,0,no_overlap
improve-5d7d2c7a521a838f,0,0,0,,,0,0,0,no_overlap
improve-aed1f5b85536136a,0,0,0,,,0,0,0,no_overlap
improve-ee60e30f70fd8e42,0,0,0,,,0,0,0,no_overlap
improve-0d2e389a8817df00,0,0,0,,,0,0,0,no_overlap
improve-1d3bdd376ceb1c45,0,0,0,,,0,0,0,no_overlap
improve-a1e89d392c8c0bdc,0,0,0,,,0,0,0,no_overlap
improve-2a16e1c2223ae4c3,0,0,0,,,0,0,0,no_overlap
improve-c73dd4422877ca14,0,0,0,,,0,0,0,no_overlap
improve-6ea660c13463b052,0,0,0,,,0,0,0,no_overlap
improve-5f8e9e235b6a97e7,0,0,0,,,0,0,0,no_overlap
improve-1b902cf2395fbb4d,0,0,0,,,0,0,0,no_overlap
improve-e003f1f78357e71d,0,0,0,,,0,0,0,no_overlap
improve-a7b267149928d048,0,0,0,,,0,0,0,no_overlap
improve-92c6b99752eb1d49,0,0,0,,,0,0,0,no_overlap
improve-22feecb1e29b855f,0,0,0,,,0,0,0,no_overlap
improve-11ed48ab50d659d6,0,0,0,,,0,0,0,no_overlap
improve-edfcd56fc98a3e5b,0,0,0,,,0,0,0,no_overlap
improve-dd791b619f027a2b,0,0,0,,,0,0,0,no_overlap
improve-7ce9c4003db4d600,0,0,0,,,0,0,0,no_overlap
improve-1b0084b81e736574,0,0,0,,,0,0,0,no_overlap
improve-63a60610d6e2df8c,0,0,0,,,0,0,0,no_overlap
improve-9f3cde06f3bd3f48,0,0,0,,,0,0,0,no_overlap
improve-f8dd30befde2393b,0,0,0,,,0,0,0,no_overlap
improve-c87e691516b8fc36,0,0,0,,,0,0,0,no_overlap
improve-7576fd1fd8a9834f,0,0,0,,,0,0,0,no_overlap
improve-104d432b28d2d0a9,0,0,0,,,0,0,0,no_overlap
improve-0317ced8834fd011,0,0,0,,,0,0,0,no_overlap
improve-52256ba57f444448,0,0,0,,,0,0,0,no_overlap
improve-4934a3f75f3e53bb,0,0,0,,,0,0,0,no_overlap
improve-1ec81ff23c16a2d3,0,0,0,,,0,0,0,no_overlap
improve-3d783e82fb80705d,0,0,0,,,0,0,0,no_overlap
improve-a157eada4dea3699,0,0,0,,,0,0,0,no_overlap
improve-5e9b7bf2b920e0a7,0,0,0,,,0,0,0,no_overlap
improve-e08400f2cd3e2c97,0,0,0,,,0,0,0,no_overlap
improve-7ca8ad737dac2a95,0,0,0,,,0,0,0,no_overlap
improve-a89a8ac63614c9fc,0,0,0,,,0,0,0,no_overlap
improve-36944fb98ff1fcb1,0,0,0,,,0,0,0,no_overlap
improve-81163b0fd6101f73,0,0,0,,,0,0,0,no_overlap
improve-fea14a8817f759bf,0,0,0,,,0,0,0,no_overlap
improve-d0643e60baa40976,0,0,0,,,0,0,0,no_overlap
improve-3b466e7f59243063,0,0,0,,,0,0,0,no_overlap
improve-2dffcc07b1c74b25,0,0,0,,,0,0,0,no_overlap
improve-0e61671f889bd0c4,0,0,0,,,0,0,0,no_overlap
improve-6c6283e6ae9c35fb,0,0,0,,,0,0,0,no_overlap
improve-7764a51e073ae5b3,0,0,0,,,0,0,0,no_overlap
improve-577b0684cda7e7b7,0,0,0,,,0,0,0,no_overlap
improve-d893ce5ea3417446,0,0,0,,,0,0,0,no_overlap
improve-189d02b2338b9744,0,0,0,,,0,0,0,no_overlap
improve-5db82f6987f16730,0,0,0,,,0,0,0,no_overlap
improve-ce19c73babbebf0d,0,0,0,,,0,0,0,no_overlap
improve-3ad62b9755cb6cdd,0,0,0,,,0,0,0,no_overlap
improve-6851c03bfd508214,0,0,0,,,0,0,0,no_overlap
improve-c9fa26217612a175,0,0,0,,,0,0,0,no_overlap
improve-c718a503e5dfb51a,0,0,0,,,0,0,0,no_overlap
improve-c52cf860dca77834,0,0,0,,,0,0,0,no_overlap
improve-e712f3c4e81b4602,0,0,0,,,0,0,0,no_overlap
improve-6da4665d5d5dfd8c,0,0,0,,,0,0,0,no_overlap
improve-55835fd02d8b0157,0,0,0,,,0,0,0,no_overlap
improve-2b574b7a4f6555ba,0,0,0,,,0,0,0,no_overlap
improve-b77e12c4fa2b2b9e,0,0,0,,,0,0,0,no_overlap
improve-ed10073a34dc9aa7,0,0,0,,,0,0,0,no_overlap
improve-cb98ac30909f853e,0,0,0,,,0,0,0,no_overlap
improve-d2100ea954729567,0,0,0,,,0,0,0,no_overlap
improve-0b770124ef9b174b,0,0,0,,,0,0,0,no_overlap
improve-cc2037967a317e26,0,0,0,,,0,0,0,no_overlap
improve-2f2ad132307bd4e4,0,0,0,,,0,0,0,no_overlap
improve-bad81e608ddfa88c,0,0,0,,,0,0,0,no_overlap
improve-1bb9afed803146b8,0,0,0,,,0,0,0,no_overlap
improve-28c8f431af8f524a,0,0,0,,,0,0,0,no_overlap
improve-8ccf459b27b2486c,0,0,0,,,0,0,0,no_overlap
improve-cb73e9e5a0d8eafb,0,0,0,,,0,0,0,no_overlap
improve-5fb40c727bc5fe4d,0,0,0,,,0,0,0,no_overlap
improve-a95f5bb6196eb065,0,0,0,,,0,0,0,no_overlap
improve-4111b48be4bcc0e2,0,0,0,,,0,0,0,no_overlap
improve-4a60cf428f9a8183,0,0,0,,,0,0,0,no_overlap
improve-260ee0d21f165df8,0,0,0,,,0,0,0,no_overlap
improve-12710219681542d2,0,0,0,,,0,0,0,no_overlap
improve-a3791bbb044ff69f,0,0,0,,,0,0,0,no_overlap
improve-f6d335d560e1dfb9,0,0,0,,,0,0,0,no_overlap
improve-6060de546f2d5bde,0,0,0,,,0,0,0,no_overlap
improve-4fc67470f9b2c907,0,0,0,,,0,0,0,no_overlap
improve-72182e53a3d3b6e5,0,0,0,,,0,0,0,no_overlap
improve-52bbcca737ce4671,0,0,0,,,0,0,0,no_overlap
improve-c6dee4258bb4f385,0,0,0,,,0,0,0,no_overlap
improve-a7a39d2818a7cf28,0,0,0,,,0,0,0,no_overlap
improve-eba4c0dda53bc68b,0,0,0,,,0,0,0,no_overlap
improve-6d5ef7d7fd06be91,0,0,0,,,0,0,0,no_overlap
improve-af782d9afd6299c0,0,0,0,,,0,0,0,no_overlap
improve-9ef6a33a5f61ad4c,0,0,0,,,0,0,0,no_overlap
improve-84b42d847792bf22,0,0,0,,,0,0,0,no_overlap
improve-767a9d2e52ef6595,0,0,0,,,0,0,0,no_overlap
improve-072f79d1ac31b192,0,0,0,,,0,0,0,no_overlap
improve-05af0bd8b4061cbd,0,0,0,,,0,0,0,no_overlap
improve-50ff829a194c9523,0,0,0,,,0,0,0,no_overlap
improve-e4748aa9312d98b4,0,0,0,,,0,0,0,no_overlap
improve-9983aeefe534022c,0,0,0,,,0,0,0,no_overlap
improve-4af8bebe128ed716,0,0,0,,,0,0,0,no_overlap
improve-720ba542bde3c50d,0,0,0,,,0,0,0,no_overlap
improve-5841036d5bcd2167,0,0,0,,,0,0,0,no_overlap
improve-1d13462f00dc972d,0,0,0,,,0,0,0,no_overlap
improve-64b78fb364f7adbd,0,0,0,,,0,0,0,no_overlap
improve-c3e4bddfc7264fda,0,0,0,,,0,0,0,no_overlap
improve-9329e800df5a7de2,0,0,0,,,0,0,0,no_overlap
improve-de1a50f8ac840d0b,0,0,0,,,0,0,0,no_overlap
improve-0fc4560e4bdba2f0,0,0,0,,,0,0,0,no_overlap
improve-59bd1c249648119e,0,0,0,,,0,0,0,no_overlap
improve-fbcb69d30e5f3811,0,0,0,,,0,0,0,no_overlap
improve-469a32aed30272e9,0,0,0,,,0,0,0,no_overlap
improve-359667cbb49048c2,0,0,0,,,0,0,0,no_overlap
improve-c76dfad9b48e6305,0,0,0,,,0,0,0,no_overlap
improve-585d6dc69567a583,0,0,0,,,0,0,0,no_overlap
improve-5d59159bc4f89eb9,0,0,0,,,0,0,0,no_overlap
improve-582c9604aa5f491b,0,0,0,,,0,0,0,no_overlap
improve-7c7dbf9e38413f30,0,0,0,,,0,0,0,no_overlap
improve-62f4506805ee83c5,0,0,0,,,0,0,0,no_overlap
improve-6af84e13d8b24f25,0,0,0,,,0,0,0,no_overlap
improve-955cd393613f3bfe,0,0,0,,,0,0,0,no_overlap
improve-bccaf7d8a668a53b,0,0,0,,,0,0,0,no_overlap
improve-5397d2965367672f,0,0,0,,,0,0,0,no_overlap
improve-357ed7f9133f3e80,0,0,0,,,0,0,0,no_overlap
improve-bc387c1c91a5bc2c,0,0,0,,,0,0,0,no_overlap
improve-de384d89b5a3adc3,0,0,0,,,0,0,0,no_overlap
improve-0ae043ff5e90c49a,0,0,0,,,0,0,0,no_overlap
improve-318059315ef01929,0,0,0,,,0,0,0,no_overlap
improve-b4bbcc0b567766d5,0,0,0,,,0,0,0,no_overlap
improve-5f8fee058fc4d638,0,0,0,,,0,0,0,no_overlap
improve-e8bc6a3d70d3eeef,0,0,0,,,0,0,0,no_overlap
improve-1ffe67d12c2ee8ab,0,0,0,,,0,0,0,no_overlap
improve-ac0a5b8dcd7a2009,0,0,0,,,0,0,0,no_overlap
improve-ea68b7b1e3c9ec70,0,0,0,,,0,0,0,no_overlap
improve-4fe1f37e62ac203d,0,0,0,,,0,0,0,no_overlap
improve-0a5d84b34a98dbe9,0,0,0,,,0,0,0,no_overlap
improve-c229a29bd8a92f9a,0,0,0,,,0,0,0,no_overlap
improve-854b490ce4b1949c,0,0,0,,,0,0,0,no_overlap
improve-ec20ece7c1e8524e,0,0,0,,,0,0,0,no_overlap
improve-82c426c26fe71ce4,0,0,0,,,0,0,0,no_overlap
improve-140b92e6558d6ae5,0,0,0,,,0,0,0,no_overlap
improve-88912874f00e6d90,0,0,0,,,0,0,0,no_overlap
improve-3898bb950a4ebe81,0,0,0,,,0,0,0,no_overlap
improve-9c5379f60f496993,0,0,0,,,0,0,0,no_overlap
improve-1f5c355017b4c160,0,0,0,,,0,0,0,no_overlap
improve-b65f7aa2cde53ae8,0,0,0,,,0,0,0,no_overlap
improve-42a4f6571d513a44,0,0,0,,,0,0,0,no_overlap
improve-135b50d364bc797a,0,0,0,,,0,0,0,no_overlap
improve-fd53266018718e14,0,0,0,,,0,0,0,no_overlap
improve-d45b9dba141dd346,0,0,0,,,0,0,0,no_overlap
improve-7d42492392c6b754,0,0,0,,,0,0,0,no_overlap
improve-e0b8656d9bfa1b04,0,0,0,,,0,0,0,no_overlap
improve-c02e4e71a80e1330,0,0,0,,,0,0,0,no_overlap
improve-784e21906b07a76a,0,0,0,,,0,0,0,no_overlap
improve-b71d6871624665f6,0,0,0,,,0,0,0,no_overlap
improve-ae19e9f1f69aa3d2,0,0,0,,,0,0,0,no_overlap
improve-7bdd745a84392e17,0,0,0,,,0,0,0,no_overlap
improve-99de6fa50d17fd55,0,0,0,,,0,0,0,no_overlap
improve-d1070d7e75bae352,0,0,0,,,0,0,0,no_overlap
improve-36d4aae1d37c1507,0,0,0,,,0,0,0,no_overlap
improve-fb304bf8d3aef525,0,0,0,,,0,0,0,no_overlap
improve-dee210ed407342b2,0,0,0,,,0,0,0,no_overlap
improve-91157e8bffddb002,0,0,0,,,0,0,0,no_overlap
improve-9242607eef05ef1e,0,0,0,,,0,0,0,no_overlap
improve-655f801a8dfaa229,0,0,0,,,0,0,0,no_overlap
improve-8056f85d921378cc,0,0,0,,,0,0,0,no_overlap
improve-1c374a0973b55c76,0,0,0,,,0,0,0,no_overlap
improve-d4b737eccd8e1fa5,0,0,0,,,0,0,0,no_overlap
improve-8be0bd4ef020ac5b,0,0,0,,,0,0,0,no_overlap
improve-08c8cc61ab774ac1,0,0,0,,,0,0,0,no_overlap
improve-392eaf5168ee1fe9,0,0,0,,,0,0,0,no_overlap
improve-793dc5a25a6587a6,0,0,0,,,0,0,0,no_overlap
improve-ca07fa6b7c1c19fb,0,0,0,,,0,0,0,no_overlap
improve-d9673d0d76c0c349,0,0,0,,,0,0,0,no_overlap
improve-79c1f2674ed3159d,0,0,0,,,0,0,0,no_overlap
improve-b3f0d45657d384cf,0,0,0,,,0,0,0,no_overlap
improve-85e3a952cf705412,0,0,0,,,0,0,0,no_overlap
improve-824fbd3e1cdf9f6e,0,0,0,,,0,0,0,no_overlap
improve-671bab7c98be6765,0,0,0,,,0,0,0,no_overlap
improve-78523058c858d249,0,0,0,,,0,0,0,no_overlap
improve-acfbb7d1dd9a396a,0,0,0,,,0,0,0,no_overlap
improve-d787d96c6960327f,0,0,0,,,0,0,0,no_overlap
improve-924eb7a60bea1b9e,0,0,0,,,0,0,0,no_overlap
improve-8f2e74aae4a5d8e5,0,0,0,,,0,0,0,no_overlap
improve-7ce8a4f71ed1266e,0,0,0,,,0,0,0,no_overlap
improve-6b97df870b389042,0,0,0,,,0,0,0,no_overlap
improve-a701e81b19b355e5,0,0,0,,,0,0,0,no_overlap
improve-1ae2cf13c1f803d9,0,0,0,,,0,0,0,no_overlap
improve-572d814076c91ac8,0,0,0,,,0,0,0,no_overlap
improve-029b7e7515678142,0,0,0,,,0,0,0,no_overlap
improve-30eee88e4a8d96f4,0,0,0,,,0,0,0,no_overlap
improve-06a548f1d38e9d80,0,0,0,,,0,0,0,no_overlap
improve-2e723fcede860c46,0,0,0,,,0,0,0,no_overlap
improve-5ca8baf741f63f65,0,0,0,,,0,0,0,no_overlap
improve-52ef78eecbe1ea15,0,0,0,,,0,0,0,no_overlap
improve-b64210b496dc90f1,0,0,0,,,0,0,0,no_overlap
improve-cc8fd484c241be93,0,0,0,,,0,0,0,no_overlap
improve-f2fff08af9ee482e,0,0,0,,,0,0,0,no_overlap
improve-f55d53a9992e7112,0,0,0,,,0,0,0,no_overlap
improve-91a6eb04889fa4ca,0,0,0,,,0,0,0,no_overlap
improve-f558be96ea6e3130,0,0,0,,,0,0,0,no_overlap
improve-69b2c6cbfaaf8327,0,0,0,,,0,0,0,no_overlap
improve-a1bacdf26b21637e,0,0,0,,,0,0,0,no_overlap
improve-c1c0a5dfc22923af,0,0,0,,,0,0,0,no_overlap
improve-22f2b94adf453586,0,0,0,,,0,0,0,no_overlap
improve-f314e52c489accd3,0,0,0,,,0,0,0,no_overlap
improve-61b962f7d8db1ac0,0,0,0,,,0,0,0,no_overlap
improve-07977052f2ac9e22,0,0,0,,,0,0,0,no_overlap
improve-f00c2598272a41b2,0,0,0,,,0,0,0,no_overlap
improve-a44ec83857ccd40d,0,0,0,,,0,0,0,no_overlap
improve-6ebb0a2a7fc825f8,0,0,0,,,0,0,0,no_overlap
improve-32708aa8a7739bf3,0,0,0,,,0,0,0,no_overlap
improve-ef4644ab91931b7e,0,0,0,,,0,0,0,no_overlap
improve-157091468aed8cec,0,0,0,,,0,0,0,no_overlap
improve-1c62176c2391306c,0,0,0,,,0,0,0,no_overlap
improve-f80848f27e74983e,0,0,0,,,0,0,0,no_overlap
improve-84b3bd766ea9aae1,0,0,0,,,0,0,0,no_overlap
improve-2e0d141be0566eb7,0,0,0,,,0,0,0,no_overlap
improve-4ffec9f122558a5f,0,0,0,,,0,0,0,no_overlap
improve-9517a7bc6bdfb5cf,0,0,0,,,0,0,0,no_overlap
improve-073a62466b3d3757,0,0,0,,,0,0,0,no_overlap
improve-e0cc299841ef6fb7,0,0,0,,,0,0,0,no_overlap
improve-d8f29c0d97dfd278,0,0,0,,,0,0,0,no_overlap
improve-0bf2fef00359d903,0,0,0,,,0,0,0,no_overlap
improve-edabbbd14a83196a,0,0,0,,,0,0,0,no_overlap
improve-c223c9d4522cc954,0,0,0,,,0,0,0,no_overlap
improve-651713b5862a2c53,0,0,0,,,0,0,0,no_overlap
improve-0a1bf54bad9f6744,0,0,0,,,0,0,0,no_overlap
improve-626afbea55369d1c,0,0,0,,,0,0,0,no_overlap
improve-d80b875e2797c4a4,0,0,0,,,0,0,0,no_overlap
improve-d9dc2671556f4602,0,0,0,,,0,0,0,no_overlap
improve-e5266c4ec7ca2824,0,0,0,,,0,0,0,no_overlap
improve-1158e5fc4027d6bb,0,0,0,,,0,0,0,no_overlap
improve-fd31c0181a5e6891,0,0,0,,,0,0,0,no_overlap
improve-798bce0860cb0f21,0,0,0,,,0,0,0,no_overlap
improve-2414d4f0955fdf4e,0,0,0,,,0,0,0,no_overlap
improve-a1ab28aacc5a1435,0,0,0,,,0,0,0,no_overlap
improve-1d799e0ae65dc654,0,0,0,,,0,0,0,no_overlap
improve-9e41af2dc7ea745d,0,0,0,,,0,0,0,no_overlap
improve-3dc1ae36d13863c1,0,0,0,,,0,0,0,no_overlap
improve-9293b124031b0863,0,0,0,,,0,0,0,no_overlap
improve-1a30a208aa683b9c,0,0,0,,,0,0,0,no_overlap
improve-79c9449b8e245efe,0,0,0,,,0,0,0,no_overlap
improve-500d2cc818ffa7f2,0,0,0,,,0,0,0,no_overlap
improve-36da592836e5df05,0,0,0,,,0,0,0,no_overlap
improve-fdf5a73e0b2bc47e,0,0,0,,,0,0,0,no_overlap
improve-1faae2dcc413f6aa,0,0,0,,,0,0,0,no_overlap
improve-0fc8b49651981868,0,0,0,,,0,0,0,no_overlap
improve-b262a6665ba3a14b,0,0,0,,,0,0,0,no_overlap
improve-4e4a4cff5020fef6,0,0,0,,,0,0,0,no_overlap
improve-16cdde2b5b9aa488,0,0,0,,,0,0,0,no_overlap
improve-4eca7adf177a6613,0,0,0,,,0,0,0,no_overlap
improve-85a654415b956208,0,0,0,,,0,0,0,no_overlap
improve-5efd6efedcbc7bbc,0,0,0,,,0,0,0,no_overlap
improve-54e9ba41d13b005b,0,0,0,,,0,0,0,no_overlap
improve-ee3d392bc8169374,0,0,0,,,0,0,0,no_overlap
improve-e0a68c2d888e005d,0,0,0,,,0,0,0,no_overlap
improve-0baa1eb58c2fc525,0,0,0,,,0,0,0,no_overlap
improve-c082928e3b91a91c,0,0,0,,,0,0,0,no_overlap
improve-2653b304f507aea6,0,0,0,,,0,0,0,no_overlap
improve-a321b4c52080f52e,0,0,0,,,0,0,0,no_overlap
improve-d3120f8b9033daa5,0,0,0,,,0,0,0,no_overlap
improve-3a9b080670987a2e,0,0,0,,,0,0,0,no_overlap
improve-123d810425d69f96,0,0,0,,,0,0,0,no_overlap
improve-e4ee4fba508fb48f,0,0,0,,,0,0,0,no_overlap
improve-2b8edbd7701d48be,0,0,0,,,0,0,0,no_overlap
improve-50322717cad324ea,0,0,0,,,0,0,0,no_overlap
improve-fd7ca1720c816e4e,0,0,0,,,0,0,0,no_overlap
improve-d4159876d0624638,0,0,0,,,0,0,0,no_overlap
improve-47c1b5a392b35e9f,0,0,0,,,0,0,0,no_overlap
improve-a8421bb9deb66ae2,0,0,0,,,0,0,0,no_overlap
improve-dac0dad89b38d57e,0,0,0,,,0,0,0,no_overlap
improve-7dc4d7598054d5b9,0,0,0,,,0,0,0,no_overlap
improve-c6090626ff1ebd10,0,0,0,,,0,0,0,no_overlap
improve-9126beadb9838125,0,0,0,,,0,0,0,no_overlap
improve-f07890a6289dd416,0,0,0,,,0,0,0,no_overlap
improve-23d185cae3782113,0,0,0,,,0,0,0,no_overlap
improve-e9aca3da77f91b73,0,0,0,,,0,0,0,no_overlap
improve-3cccd55dc77aba2f,0,0,0,,,0,0,0,no_overlap
improve-f24c08efe9516bbd,0,0,0,,,0,0,0,no_overlap
improve-01b77ab458d667e1,0,0,0,,,0,0,0,no_overlap
improve-fb6c2881297460e6,0,0,0,,,0,0,0,no_overlap
improve-85f7707f83bbe7ab,0,0,0,,,0,0,0,no_overlap
improve-c08beb78aaec8346,0,0,0,,,0,0,0,no_overlap
improve-3d2f76cc1cb1c9d5,0,0,0,,,0,0,0,no_overlap
improve-a3c1709cb8f57438,0,0,0,,,0,0,0,no_overlap
improve-0ec71fb9070ebc8f,0,0,0,,,0,0,0,no_overlap
improve-0b88349e4d539187,0,0,0,,,0,0,0,no_overlap
improve-9b54e34d88337cb7,0,0,0,,,0,0,0,no_overlap
improve-df8daa2d5f6a0a6b,0,0,0,,,0,0,0,no_overlap
improve-0e66e0dbbde11c61,0,0,0,,,0,0,0,no_overlap
improve-d8c98fd07b9c32f3,0,0,0,,,0,0,0,no_overlap
improve-55e970efc52e60f1,0,0,0,,,0,0,0,no_overlap
improve-0b31f3f4b7289d9c,0,0,0,,,0,0,0,no_overlap
improve-01f9f3164b425c61,0,0,0,,,0,0,0,no_overlap
improve-fc176ba7541e43d1,0,0,0,,,0,0,0,no_overlap
improve-aaca9de8cc0beac9,0,0,0,,,0,0,0,no_overlap
improve-1ed7ecb2194214e4,0,0,0,,,0,0,0,no_overlap
improve-8a5ff0eeff20520b,0,0,0,,,0,0,0,no_overlap
improve-415dfa6ae53b3f2b,0,0,0,,,0,0,0,no_overlap
improve-00340a6fea86a03e,0,0,0,,,0,0,0,no_overlap
improve-40c1e9d67802f6f5,0,0,0,,,0,0,0,no_overlap
improve-dcb3a638941739c2,0,0,0,,,0,0,0,no_overlap
improve-ca24d78b7df31ded,0,0,0,,,0,0,0,no_overlap
improve-a18c722fabea83c9,0,0,0,,,0,0,0,no_overlap
improve-36f0bac0b4bf39ae,0,0,0,,,0,0,0,no_overlap
improve-8a66d5a9439e0985,0,0,0,,,0,0,0,no_overlap
improve-b1504c84d3095229,0,0,0,,,0,0,0,no_overlap
improve-60ed7746e5092cb0,0,0,0,,,0,0,0,no_overlap
improve-9f630c077e7eae0b,0,0,0,,,0,0,0,no_overlap
improve-96f02203fa8540f8,0,0,0,,,0,0,0,no_overlap
improve-c73419e43cbe9233,0,0,0,,,0,0,0,no_overlap
improve-a8de305b1dd5be99,0,0,0,,,0,0,0,no_overlap
improve-3324c7bda5578f2b,0,0,0,,,0,0,0,no_overlap
improve-c056de94283b89e3,0,0,0,,,0,0,0,no_overlap
improve-960cf69f0989def2,0,0,0,,,0,0,0,no_overlap
improve-aa6bef0ed8d09556,0,0,0,,,0,0,0,no_overlap
improve-d103f8183db96b93,0,0,0,,,0,0,0,no_overlap
improve-46c9e8963bee0a4a,0,0,0,,,0,0,0,no_overlap
improve-7b2a12927fde7fab,0,0,0,,,0,0,0,no_overlap
improve-4c1469e992dd1913,0,0,0,,,0,0,0,no_overlap
improve-3aefc940509420e5,0,0,0,,,0,0,0,no_overlap
improve-2f1678bb378fa1bd,0,0,0,,,0,0,0,no_overlap
improve-e464d623a9c9be6f,0,0,0,,,0,0,0,no_overlap
improve-7083eff344c8e987,0,0,0,,,0,0,0,no_overlap
improve-9d8ac75180198ea4,0,0,0,,,0,0,0,no_overlap
improve-052f8cf63f331227,0,0,0,,,0,0,0,no_overlap
improve-3687c8f37a94ced3,0,0,0,,,0,0,0,no_overlap
improve-ac46de555c1d11ee,0,0,0,,,0,0,0,no_overlap
improve-2e1c22a5bf06f90b,0,0,0,,,0,0,0,no_overlap
improve-70f8de8437539699,0,0,0,,,0,0,0,no_overlap
improve-97e12d6a0fbd67be,0,0,0,,,0,0,0,no_overlap
improve-390778b4f27e7f7d,0,0,0,,,0,0,0,no_overlap
improve-473405e13ceb5f7a,0,0,0,,,0,0,0,no_overlap
improve-043a6cab9aa757c5,0,0,0,,,0,0,0,no_overlap
improve-0a6048485c21432b,0,0,0,,,0,0,0,no_overlap
improve-f49cce8279821efa,0,0,0,,,0,0,0,no_overlap
improve-8cb1a89c76debead,0,0,0,,,0,0,0,no_overlap
improve-44aba571d19a78bc,0,0,0,,,0,0,0,no_overlap
improve-51ebddddca5889bf,0,0,0,,,0,0,0,no_overlap
improve-4cea8bda2dafc8be,0,0,0,,,0,0,0,no_overlap
improve-755951e71e4fa2f9,0,0,0,,,0,0,0,no_overlap
improve-cc7833fba41d4582,0,0,0,,,0,0,0,no_overlap
improve-3297d386b6ae9238,0,0,0,,,0,0,0,no_overlap
improve-b8c0403813e2bd86,0,0,0,,,0,0,0,no_overlap
improve-0e7e6bf7778e242d,0,0,0,,,0,0,0,no_overlap
improve-f19350377d0a2c34,0,0,0,,,0,0,0,no_overlap
improve-51f1f21b66b8fb87,0,0,0,,,0,0,0,no_overlap
improve-92aa1c5ab7db36af,0,0,0,,,0,0,0,no_overlap
improve-6abd087c519dcc2c,0,0,0,,,0,0,0,no_overlap
improve-bf156828db17f7eb,0,0,0,,,0,0,0,no_overlap
improve-af741b0e70ffc840,0,0,0,,,0,0,0,no_overlap
improve-0209fe77f9028bae,0,0,0,,,0,0,0,no_overlap
improve-07c55136a76fc016,0,0,0,,,0,0,0,no_overlap
improve-f18a171e8b81c62c,0,0,0,,,0,0,0,no_overlap
improve-b3424f45930d0357,0,0,0,,,0,0,0,no_overlap
improve-6b83ccf13bed4bfa,0,0,0,,,0,0,0,no_overlap
improve-df863cd00bb46ad1,0,0,0,,,0,0,0,no_overlap
improve-2fd0ebf21608d2f2,0,0,0,,,0,0,0,no_overlap
improve-4d4b629f52083614,0,0,0,,,0,0,0,no_overlap
improve-93857f73ddaaf235,0,0,0,,,0,0,0,no_overlap
improve-065144f796ea7938,0,0,0,,,0,0,0,no_overlap
improve-dc8dae522b96d208,0,0,0,,,0,0,0,no_overlap
improve-600f55f9b423b324,0,0,0,,,0,0,0,no_overlap
improve-dd6b13f53b2ab3b5,0,0,0,,,0,0,0,no_overlap
improve-c35a4ef29ebdf289,0,0,0,,,0,0,0,no_overlap
improve-babeb7a23a86d322,0,0,0,,,0,0,0,no_overlap
improve-c8760525887fdf32,0,0,0,,,0,0,0,no_overlap
improve-bd8ee15816456b89,0,0,0,,,0,0,0,no_overlap
improve-b34d886c1028b840,0,0,0,,,0,0,0,no_overlap
improve-13f92e2359a49659,0,0,0,,,0,0,0,no_overlap
improve-bf6064e1491116f7,0,0,0,,,0,0,0,no_overlap
improve-374f7d7cd9c13ee2,0,0,0,,,0,0,0,no_overlap
improve-fa6c08a97b7fb441,0,0,0,,,0,0,0,no_overlap
improve-b3b81f929cfb4256,0,0,0,,,0,0,0,no_overlap
improve-c04f769aa969c829,0,0,0,,,0,0,0,no_overlap
improve-f4e5c5a13a947b72,0,0,0,,,0,0,0,no_overlap
improve-a113883ce8dd95df,0,0,0,,,0,0,0,no_overlap
improve-0bf05f10e10dfea8,0,0,0,,,0,0,0,no_overlap
improve-9d3efe260c27f0f7,0,0,0,,,0,0,0,no_overlap
improve-02f6c3203ae2cb45,0,0,0,,,0,0,0,no_overlap
improve-8b26f382b382c376,0,0,0,,,0,0,0,no_overlap
improve-f699c0419520c6f9,0,0,0,,,0,0,0,no_overlap
improve-44501835cc364619,0,0,0,,,0,0,0,no_overlap
improve-d6de9f177bbc831d,0,0,0,,,0,0,0,no_overlap
improve-d02ab98585dd6cf4,0,0,0,,,0,0,0,no_overlap
improve-e4fe634af6109eb0,0,0,0,,,0,0,0,no_overlap
improve-71480938b4dbcb01,0,0,0,,,0,0,0,no_overlap
improve-6d21c8660be76d4b,0,0,0,,,0,0,0,no_overlap
improve-510f73df5f209189,0,0,0,,,0,0,0,no_overlap
improve-390039c961de4a9b,0,0,0,,,0,0,0,no_overlap
improve-a321bf719094ad39,0,0,0,,,0,0,0,no_overlap
improve-8d96eef6d3cc38d0,0,0,0,,,0,0,0,no_overlap
improve-3d65b359c3f7d769,0,0,0,,,0,0,0,no_overlap
improve-126d8e3fb7b7cc02,0,0,0,,,0,0,0,no_overlap
improve-d3ae41141e9a9324,0,0,0,,,0,0,0,no_overlap
improve-674445bde90d1e8c,0,0,0,,,0,0,0,no_overlap
improve-53ff81af8fbfe8c8,0,0,0,,,0,0,0,no_overlap
improve-e8cdd83da9806f22,0,0,0,,,0,0,0,no_overlap
improve-bf94a2c3a64cb2fe,0,0,0,,,0,0,0,no_overlap
improve-416fcfe391aa2dca,0,0,0,,,0,0,0,no_overlap
improve-15f13a8c3f0549de,0,0,0,,,0,0,0,no_overlap
improve-3632b6d171ccd01f,0,0,0,,,0,0,0,no_overlap
improve-da6a3796b743bd1d,0,0,0,,,0,0,0,no_overlap
improve-4223a8461a06649c,0,0,0,,,0,0,0,no_overlap
improve-f0c6cece2de85770,0,0,0,,,0,0,0,no_overlap
improve-ad296ae0c9032a46,0,0,0,,,0,0,0,no_overlap
improve-46d2c917fca61b06,0,0,0,,,0,0,0,no_overlap
improve-c3e21bde6d6d0ff4,0,0,0,,,0,0,0,no_overlap
improve-582dc3b0a15f2743,0,0,0,,,0,0,0,no_overlap
improve-539f52cfe474c366,0,0,0,,,0,0,0,no_overlap
improve-f72a8ccf4ef282c7,0,0,0,,,0,0,0,no_overlap
improve-b556bc0bba5c4294,0,0,0,,,0,0,0,no_overlap
improve-08c459d8014d92dc,0,0,0,,,0,0,0,no_overlap
improve-fd8043e67fb523e8,0,0,0,,,0,0,0,no_overlap
improve-7041d3c14b0e4af7,0,0,0,,,0,0,0,no_overlap
improve-01c5ac906fb7b503,0,0,0,,,0,0,0,no_overlap
improve-1d308f5f131bf78e,0,0,0,,,0,0,0,no_overlap
improve-6deba23fe6ee26e3,0,0,0,,,0,0,0,no_overlap
improve-7df68d7391b24da8,0,0,0,,,0,0,0,no_overlap
improve-7c5f77363372452b,0,0,0,,,0,0,0,no_overlap
improve-9c6722a6c1a71fc0,0,0,0,,,0,0,0,no_overlap
improve-e585697c8f951dbe,0,0,0,,,0,0,0,no_overlap
improve-c0e7ea7c78c992f1,0,0,0,,,0,0,0,no_overlap
improve-d4cfaf67e3813adf,0,0,0,,,0,0,0,no_overlap
improve-c928c0784d23fa40,0,0,0,,,0,0,0,no_overlap
improve-0364542601288530,0,0,0,,,0,0,0,no_overlap
improve-0a29f1214dd88877,0,0,0,,,0,0,0,no_overlap
improve-4d697600a3fd1304,0,0,0,,,0,0,0,no_overlap
improve-25609d29f7245e42,0,0,0,,,0,0,0,no_overlap
improve-23c9bc5db653e6b4,0,0,0,,,0,0,0,no_overlap
improve-9d7b1d7f81e5b4dd,0,0,0,,,0,0,0,no_overlap
improve-b32ff56689e70291,0,0,0,,,0,0,0,no_overlap
improve-ca50d892079c8c61,0,0,0,,,0,0,0,no_overlap
improve-57797b26b654269b,0,0,0,,,0,0,0,no_overlap
improve-5d79b3b903763609,0,0,0,,,0,0,0,no_overlap
improve-6876746574fe8b19,0,0,0,,,0,0,0,no_overlap
improve-d6fc324ffa26e287,0,0,0,,,0,0,0,no_overlap
improve-8607f0da78b69bd4,0,0,0,,,0,0,0,no_overlap
improve-f8cb4c851c4723e3,0,0,0,,,0,0,0,no_overlap
improve-3415f3814cf0f755,0,0,0,,,0,0,0,no_overlap
improve-e5eb81bbb20595d8,0,0,0,,,0,0,0,no_overlap
improve-2ae50134801c32de,0,0,0,,,0,0,0,no_overlap
improve-844c7b8bb02a7c68,0,0,0,,,0,0,0,no_overlap
improve-890be91892785682,0,0,0,,,0,0,0,no_overlap
improve-b7536bd4de4ce4e6,0,0,0,,,0,0,0,no_overlap
improve-d0e5ed837da30cc0,0,0,0,,,0,0,0,no_overlap
improve-372ce80238a9a56e,0,0,0,,,0,0,0,no_overlap
improve-485f95c803b381fc,0,0,0,,,0,0,0,no_overlap
improve-469b2d3b23e3112b,0,0,0,,,0,0,0,no_overlap
improve-4acbd4e37cda2ff1,0,0,0,,,0,0,0,no_overlap
improve-f452e116b685519f,0,0,0,,,0,0,0,no_overlap
improve-c781c65ad25959c5,0,0,0,,,0,0,0,no_overlap
improve-7d0d46fc81a08ca5,0,0,0,,,0,0,0,no_overlap
improve-c1a0c7a32ec5cd5a,0,0,0,,,0,0,0,no_overlap
improve-e925e49f4258b805,0,0,0,,,0,0,0,no_overlap
improve-7b7f1cd1dba3e08d,0,0,0,,,0,0,0,no_overlap
improve-0901ce5ab766157b,0,0,0,,,0,0,0,no_overlap
improve-d0de7a8f1d86bf60,0,0,0,,,0,0,0,no_overlap
improve-711dbbd6b2c86dbe,0,0,0,,,0,0,0,no_overlap
improve-819eceb284879fdc,0,0,0,,,0,0,0,no_overlap
improve-f4ba4bd08b703e1b,0,0,0,,,0,0,0,no_overlap
improve-61a3af7d9d559d5e,0,0,0,,,0,0,0,no_overlap
improve-30774fe92e3c2f4b,0,0,0,,,0,0,0,no_overlap
improve-9e432dcc8e630973,0,0,0,,,0,0,0,no_overlap
improve-dc770de3a82a548d,0,0,0,,,0,0,0,no_overlap
improve-cfde5ee107524263,0,0,0,,,0,0,0,no_overlap
improve-6fa6aa40d0be00ab,0,0,0,,,0,0,0,no_overlap
improve-fbd9020ae59e1d93,0,0,0,,,0,0,0,no_overlap
improve-54cc68b3bc32ec8b,0,0,0,,,0,0,0,no_overlap
improve-7ce0fc9bb64f7050,0,0,0,,,0,0,0,no_overlap
improve-d5169f5470126701,0,0,0,,,0,0,0,no_overlap
improve-bfb28e54d3e0b446,0,0,0,,,0,0,0,no_overlap
improve-648c7a13fba4176d,0,0,0,,,0,0,0,no_overlap
improve-da81c3a2a072cbe6,0,0,0,,,0,0,0,no_overlap
improve-09807a6d9280e714,0,0,0,,,0,0,0,no_overlap
improve-b61127269ffcc067,0,0,0,,,0,0,0,no_overlap
improve-703329c072b4c3ee,0,0,0,,,0,0,0,no_overlap
improve-35ae2b6fe2c13c4d,0,0,0,,,0,0,0,no_overlap
improve-8bff1f578f2d8096,0,0,0,,,0,0,0,no_overlap
improve-680bf5e7457c2b54,0,0,0,,,0,0,0,no_overlap
improve-5647088266256c13,0,0,0,,,0,0,0,no_overlap
improve-c4eafc84ea34cd33,0,0,0,,,0,0,0,no_overlap
improve-7e1e32497d9bdd0d,0,0,0,,,0,0,0,no_overlap
improve-c4cb04e0a07d758c,0,0,0,,,0,0,0,no_overlap
improve-90142786139a088b,0,0,0,,,0,0,0,no_overlap
improve-6e6f68ec430b5d86,0,0,0,,,0,0,0,no_overlap
improve-f738ffd758df46e1,0,0,0,,,0,0,0,no_overlap
improve-639006059481d487,0,0,0,,,0,0,0,no_overlap
improve-d3c1d48593c60e7e,0,0,0,,,0,0,0,no_overlap
improve-7c0ce096084c5f2c,0,0,0,,,0,0,0,no_overlap
improve-8cf75b4d54a36c17,0,0,0,,,0,0,0,no_overlap
improve-75ef59aaf6fd30c8,0,0,0,,,0,0,0,no_overlap
improve-57d099a903d8cb11,0,0,0,,,0,0,0,no_overlap
improve-e3b7db77b3dae890,0,0,0,,,0,0,0,no_overlap
improve-7272ae169108b5b9,0,0,0,,,0,0,0,no_overlap
improve-caa74672acdbd3be,0,0,0,,,0,0,0,no_overlap
improve-bff90a8a3c0a1969,0,0,0,,,0,0,0,no_overlap
improve-80416c04de2b7b62,0,0,0,,,0,0,0,no_overlap
improve-9fc211e4032452ea,0,0,0,,,0,0,0,no_overlap
improve-a0086751ea60df5e,0,0,0,,,0,0,0,no_overlap
improve-d3b7693cec7f001e,0,0,0,,,0,0,0,no_overlap
improve-4775b3d1c425ae6f,0,0,0,,,0,0,0,no_overlap
improve-2eae36df5344039e,0,0,0,,,0,0,0,no_overlap
improve-910fe8c11d550541,0,0,0,,,0,0,0,no_overlap
improve-5e4f657b660e38e9,0,0,0,,,0,0,0,no_overlap
improve-621eea216bb10680,0,0,0,,,0,0,0,no_overlap
improve-47485a0d117751cc,0,0,0,,,0,0,0,no_overlap
improve-e47017c26bd3ea67,0,0,0,,,0,0,0,no_overlap
improve-dbe5ebd0f87912ce,0,0,0,,,0,0,0,no_overlap
improve-10e1a9dd66adc2bb,0,0,0,,,0,0,0,no_overlap
improve-8c78e791731fd983,0,0,0,,,0,0,0,no_overlap
improve-e979bdac5f6b1d63,0,0,0,,,0,0,0,no_overlap
improve-d0d240c2efab950d,0,0,0,,,0,0,0,no_overlap
improve-ba87225a19187712,0,0,0,,,0,0,0,no_overlap
improve-7fa6f40d8cde1235,0,0,0,,,0,0,0,no_overlap
improve-aa1f5a106ff6e7f8,0,0,0,,,0,0,0,no_overlap
improve-88aa377e5e40a225,0,0,0,,,0,0,0,no_overlap
improve-94ceb50851277e52,0,0,0,,,0,0,0,no_overlap
improve-f1506238751e9550,0,0,0,,,0,0,0,no_overlap
improve-7199e898cf9b306a,0,0,0,,,0,0,0,no_overlap
improve-8448fa699fa066f3,0,0,0,,,0,0,0,no_overlap
improve-327a4fafdbe3e4f9,0,0,0,,,0,0,0,no_overlap
improve-23c292a3f3bcaa4b,0,0,0,,,0,0,0,no_overlap
improve-597e0ff090405098,0,0,0,,,0,0,0,no_overlap
improve-be0c6ada60f4d21d,0,0,0,,,0,0,0,no_overlap
improve-85ecb7547ac42374,0,0,0,,,0,0,0,no_overlap
improve-42b1df38ae7c2ee9,0,0,0,,,0,0,0,no_overlap
improve-f2b8979cdcb2ef8d,0,0,0,,,0,0,0,no_overlap
improve-04648ebaaba9fefa,0,0,0,,,0,0,0,no_overlap
improve-fa170083fcd31e12,0,0,0,,,0,0,0,no_overlap
improve-055e2d76816a882a,0,0,0,,,0,0,0,no_overlap
improve-31b50b3c92d4e8ea,0,0,0,,,0,0,0,no_overlap
improve-df0806ff3d56d969,0,0,0,,,0,0,0,no_overlap
improve-448348496224636a,0,0,0,,,0,0,0,no_overlap
improve-56733eb5eada1398,0,0,0,,,0,0,0,no_overlap
improve-61cf7d59569d61b1,0,0,0,,,0,0,0,no_overlap
improve-541a2372731dfe95,0,0,0,,,0,0,0,no_overlap
improve-7bf827dc5f707bbc,0,0,0,,,0,0,0,no_overlap
improve-1a58e26c8cd6c997,0,0,0,,,0,0,0,no_overlap
improve-1d95e54c15e0c291,0,0,0,,,0,0,0,no_overlap
improve-725b8909d9c14865,0,0,0,,,0,0,0,no_overlap
improve-d649259db3f5962f,0,0,0,,,0,0,0,no_overlap
improve-828e93e59c030387,0,0,0,,,0,0,0,no_overlap
improve-e11c65d23963525a,0,0,0,,,0,0,0,no_overlap
improve-527c56320764c5b6,0,0,0,,,0,0,0,no_overlap
improve-d0ce86ef4277ab64,0,0,0,,,0,0,0,no_overlap
improve-fefd432caa443494,0,0,0,,,0,0,0,no_overlap
improve-c7173120e339422a,0,0,0,,,0,0,0,no_overlap
improve-c47bde154ae1c674,0,0,0,,,0,0,0,no_overlap
improve-b8d081542ce3b8f5,0,0,0,,,0,0,0,no_overlap
improve-2b9b6d74841cf044,0,0,0,,,0,0,0,no_overlap
improve-007a69ddbed33ec9,0,0,0,,,0,0,0,no_overlap
improve-f8246602581122c5,0,0,0,,,0,0,0,no_overlap
improve-009c1a6cc1025582,0,0,0,,,0,0,0,no_overlap
improve-7c0c90fedbd76797,0,0,0,,,0,0,0,no_overlap
improve-6176e99c3c6f6523,0,0,0,,,0,0,0,no_overlap
improve-a12f54f800aed76a,0,0,0,,,0,0,0,no_overlap
improve-e73a009a83f773ac,0,0,0,,,0,0,0,no_overlap
improve-42e7d06c173baf52,0,0,0,,,0,0,0,no_overlap
improve-ccf0f5d2843bad56,0,0,0,,,0,0,0,no_overlap
improve-9926bd8ac9479bff,0,0,0,,,0,0,0,no_overlap
improve-e11cce3d879f1562,0,0,0,,,0,0,0,no_overlap
improve-2229993f9d52222a,0,0,0,,,0,0,0,no_overlap
improve-c93588264cc66a76,0,0,0,,,0,0,0,no_overlap
improve-0fab8abaaee81d62,0,0,0,,,0,0,0,no_overlap
improve-9014d9df8dc0ed5d,0,0,0,,,0,0,0,no_overlap
improve-9794ea05aed1701a,0,0,0,,,0,0,0,no_overlap
improve-90ecb56e0c018cc8,0,0,0,,,0,0,0,no_overlap
improve-913b6cb86a34624c,0,0,0,,,0,0,0,no_overlap
improve-066088c38bc2c693,0,0,0,,,0,0,0,no_overlap
improve-6f3b9861855ea1ac,0,0,0,,,0,0,0,no_overlap
improve-a01e017a9c4b281f,0,0,0,,,0,0,0,no_overlap
improve-5bdfec9c6645254e,0,0,0,,,0,0,0,no_overlap
improve-f5d73af24a4e4d0b,0,0,0,,,0,0,0,no_overlap
improve-562f81b0daa30a49,0,0,0,,,0,0,0,no_overlap
improve-5216642e8787469d,0,0,0,,,0,0,0,no_overlap
improve-f7dbc88e8f6ccd78,0,0,0,,,0,0,0,no_overlap
improve-235ebf774146a8ee,0,0,0,,,0,0,0,no_overlap
improve-f4aab9c56715a9b7,0,0,0,,,0,0,0,no_overlap
improve-f99165f685d3b0f7,0,0,0,,,0,0,0,no_overlap
improve-349ef10735e728e9,0,0,0,,,0,0,0,no_overlap
improve-6a52a074ed5ed8b1,0,0,0,,,0,0,0,no_overlap
improve-1ed99db20a35b487,0,0,0,,,0,0,0,no_overlap
improve-d58a39a0eccc1784,0,0,0,,,0,0,0,no_overlap
improve-260d5faa6bf51eab,0,0,0,,,0,0,0,no_overlap
improve-46f3a22704c8cdd1,0,0,0,,,0,0,0,no_overlap
improve-515bcd326e12b668,0,0,0,,,0,0,0,no_overlap
improve-d53fedb43c89d2ee,0,0,0,,,0,0,0,no_overlap
improve-843c55dc79993272,0,0,0,,,0,0,0,no_overlap
improve-20ec9e4721bdf301,0,0,0,,,0,0,0,no_overlap
improve-ad52ee1077065c18,0,0,0,,,0,0,0,no_overlap
improve-9cc47b66115a21e0,0,0,0,,,0,0,0,no_overlap
improve-80df1817fec41505,0,0,0,,,0,0,0,no_overlap
improve-4eae32b9e241733b,0,0,0,,,0,0,0,no_overlap
improve-bc3af51cac663b7a,0,0,0,,,0,0,0,no_overlap
improve-680a0c143cd322f3,0,0,0,,,0,0,0,no_overlap
improve-0e41fcaf895bc67d,0,0,0,,,0,0,0,no_overlap
improve-e454ca4565a7b47e,0,0,0,,,0,0,0,no_overlap
improve-9217a04378c117eb,0,0,0,,,0,0,0,no_overlap
improve-8e00a564e1e34398,0,0,0,,,0,0,0,no_overlap
improve-7c5b944493d6dc9d,0,0,0,,,0,0,0,no_overlap
improve-3a83019b9e19cf6b,0,0,0,,,0,0,0,no_overlap
improve-f6e63372628221ed,0,0,0,,,0,0,0,no_overlap
improve-6bbe468587aafa37,0,0,0,,,0,0,0,no_overlap
improve-e94cb13cab2e47b1,0,0,0,,,0,0,0,no_overlap
improve-f8d3bf709fb1e8b6,0,0,0,,,0,0,0,no_overlap
improve-09c2f766de63a157,0,0,0,,,0,0,0,no_overlap
improve-eab2cef61ba23af1,0,0,0,,,0,0,0,no_overlap
improve-d31ad11d89a8c477,0,0,0,,,0,0,0,no_overlap
improve-b66fa0d5504c9f45,0,0,0,,,0,0,0,no_overlap
improve-e31c1d13699a2801,0,0,0,,,0,0,0,no_overlap
improve-426760658abf2fc0,0,0,0,,,0,0,0,no_overlap
improve-872a1587c187246c,0,0,0,,,0,0,0,no_overlap
improve-1ffacb3301b337b9,0,0,0,,,0,0,0,no_overlap
improve-dd2138a2d5fab0cb,0,0,0,,,0,0,0,no_overlap
improve-d27ff969c6d2a44b,0,0,0,,,0,0,0,no_overlap
improve-91e07027239ec98d,0,0,0,,,0,0,0,no_overlap
improve-ce2ad3e05409adf2,0,0,0,,,0,0,0,no_overlap
improve-cba8c70c7e0ae1ec,0,0,0,,,0,0,0,no_overlap
improve-c96bace7e002895b,0,0,0,,,0,0,0,no_overlap
improve-221aa92d791ac1a3,0,0,0,,,0,0,0,no_overlap
improve-7272ba71655fbc17,0,0,0,,,0,0,0,no_overlap
improve-8effd9ee3d255f7f,0,0,0,,,0,0,0,no_overlap
improve-ec26683b3521cd25,0,0,0,,,0,0,0,no_overlap
improve-e3e9fff90182b88c,0,0,0,,,0,0,0,no_overlap
improve-442318d4ef0ca846,0,0,0,,,0,0,0,no_overlap
improve-f9981c985526fc0b,0,0,0,,,0,0,0,no_overlap
improve-0e692e92b7735042,0,0,0,,,0,0,0,no_overlap
improve-8e593d792c8ba892,0,0,0,,,0,0,0,no_overlap
improve-dd75bec100d9ae03,0,0,0,,,0,0,0,no_overlap
improve-da9fb772f0af8a9f,0,0,0,,,0,0,0,no_overlap
improve-1bb261b72e8b0131,0,0,0,,,0,0,0,no_overlap
improve-76cd5831c614121c,0,0,0,,,0,0,0,no_overlap
improve-a4c61641f4b6242a,0,0,0,,,0,0,0,no_overlap
improve-0a67905c49273204,0,0,0,,,0,0,0,no_overlap
improve-7ade59e54dedb160,0,0,0,,,0,0,0,no_overlap
improve-a27b3f8b0e2f60f2,0,0,0,,,0,0,0,no_overlap
improve-8cbfb3402aaf276b,0,0,0,,,0,0,0,no_overlap
improve-376ddf373fd2095e,0,0,0,,,0,0,0,no_overlap
improve-3b22b398aae4efb3,0,0,0,,,0,0,0,no_overlap
improve-d0e6d2fc246aefac,0,0,0,,,0,0,0,no_overlap
improve-560471a2fa527140,0,0,0,,,0,0,0,no_overlap
improve-9bfbbcba81817a0d,0,0,0,,,0,0,0,no_overlap
improve-85ffbcd49a2e8a21,0,0,0,,,0,0,0,no_overlap
improve-4134eaf25601d78a,0,0,0,,,0,0,0,no_overlap
improve-bfaeaed6af96e969,0,0,0,,,0,0,0,no_overlap
improve-e5d4e449bc5aa513,0,0,0,,,0,0,0,no_overlap
improve-19f7a4e8f29415d9,0,0,1,,,0,0,0,peptide_only_different_hla
improve-c091b6cfa171d706,0,0,0,,,0,0,0,no_overlap
improve-86ad971038b02507,0,0,0,,,0,0,0,no_overlap
improve-0e2f427833788526,0,0,0,,,0,0,0,no_overlap
improve-a7146f1bb9bd634f,0,0,0,,,0,0,0,no_overlap
improve-371699095dc46361,0,0,0,,,0,0,0,no_overlap
improve-05cb3f487d21dac0,0,0,0,,,0,0,0,no_overlap
improve-e0a37b765846eee9,0,0,0,,,0,0,0,no_overlap
improve-5bc3db20f84a1446,0,0,0,,,0,0,0,no_overlap
improve-43c6c3f48e9674d7,0,0,1,,,0,0,0,peptide_only_different_hla
improve-ef38734c86fdb31f,0,0,0,,,0,0,0,no_overlap
improve-4cb3cf56e02cbd7c,0,0,0,,,0,0,0,no_overlap
improve-d8dafce901a06488,0,0,0,,,0,0,0,no_overlap
improve-dcb35fff50382e0c,0,0,0,,,0,0,0,no_overlap
improve-ecc20a670e1e33e8,0,0,0,,,0,0,0,no_overlap
improve-36401c0eddb4d18b,0,0,0,,,0,0,0,no_overlap
improve-d23abf0ae0d34ff1,0,0,0,,,0,0,0,no_overlap
improve-a7ba90951762146b,0,0,0,,,0,0,0,no_overlap
improve-8bc6c8e7e2bc6a4f,0,0,0,,,0,0,0,no_overlap
improve-6817e6f94cb1be88,0,0,0,,,0,0,0,no_overlap
improve-955387fc873d6119,0,0,0,,,0,0,0,no_overlap
improve-deb6efce80c3c9c7,0,0,0,,,0,0,0,no_overlap
improve-c44ffc7f235f634b,0,0,0,,,0,0,0,no_overlap
improve-bea1e395fa8b5499,0,0,0,,,0,0,0,no_overlap
improve-fce6d3a5e55fe0d4,0,0,0,,,0,0,0,no_overlap
improve-1884a0e601f89dff,0,0,0,,,0,0,0,no_overlap
improve-e8e9a2ad7557d4dd,0,0,0,,,0,0,0,no_overlap
improve-d0e136fbd1fab94a,0,0,0,,,0,0,0,no_overlap
improve-d6b2d6299a600afe,0,0,0,,,0,0,0,no_overlap
improve-0a62d30b36340c9c,0,0,0,,,0,0,0,no_overlap
improve-26a363dfdba39bc3,0,0,0,,,0,0,0,no_overlap
improve-0b3ed296604f9672,0,0,0,,,0,0,0,no_overlap
improve-abe8bbc056536f6d,0,0,0,,,0,0,0,no_overlap
improve-53ac068e732554ff,0,0,0,,,0,0,0,no_overlap
improve-d6980caa72ae8f7d,0,0,0,,,0,0,0,no_overlap
improve-5d51de941eed3974,0,0,0,,,0,0,0,no_overlap
improve-4e249cc445340ecc,0,0,0,,,0,0,0,no_overlap
improve-63020fed4be29a4e,0,0,0,,,0,0,0,no_overlap
improve-5bad7dc5df91d1d1,0,0,0,,,0,0,0,no_overlap
improve-665e7e9f0ffd5540,0,0,0,,,0,0,0,no_overlap
improve-f8b54610300220ec,0,0,0,,,0,0,0,no_overlap
improve-04c4a04532b88847,0,0,0,,,0,0,0,no_overlap
improve-82855a92b59cf8a8,0,0,0,,,0,0,0,no_overlap
improve-5e966cb7a5f1dd0e,0,0,0,,,0,0,0,no_overlap
improve-8c05c7c74ee0c7d1,0,0,0,,,0,0,0,no_overlap
improve-1c3b7358ae79896d,0,0,0,,,0,0,0,no_overlap
improve-270da6a1c064dc86,0,0,0,,,0,0,0,no_overlap
improve-08c2cfcbb17f6f47,0,0,0,,,0,0,0,no_overlap
improve-5d13b5e972569f0b,0,0,0,,,0,0,0,no_overlap
improve-020e4316afae4fd9,0,0,0,,,0,0,0,no_overlap
improve-d26daf98f6d899e1,0,0,0,,,0,0,0,no_overlap
improve-8241703aeaa16305,0,0,0,,,0,0,0,no_overlap
improve-5020abe0ead6df11,0,0,0,,,0,0,0,no_overlap
improve-882ef5d04c4f62ca,0,0,0,,,0,0,0,no_overlap
improve-488ed482bbee3d30,0,0,0,,,0,0,0,no_overlap
improve-6e57940a1c7a83b9,0,0,0,,,0,0,0,no_overlap
improve-e50155a531c950a0,0,0,0,,,0,0,0,no_overlap
improve-f356a5a188d8d1b0,0,0,0,,,0,0,0,no_overlap
improve-fedf402105f526cc,0,0,0,,,0,0,0,no_overlap
improve-d6f15af0432f0743,0,0,0,,,0,0,0,no_overlap
improve-086416d67b932a4b,0,0,0,,,0,0,0,no_overlap
improve-e3747b285b422c02,0,0,0,,,0,0,0,no_overlap
improve-99b8c854406689bb,0,0,0,,,0,0,0,no_overlap
improve-cc0324bcaff35b84,0,0,0,,,0,0,0,no_overlap
improve-511de902e07b4060,0,0,0,,,0,0,0,no_overlap
improve-2d2a3fbb4c679394,0,0,0,,,0,0,0,no_overlap
improve-c807d0c47516d74f,0,0,0,,,0,0,0,no_overlap
improve-54e0ecbd2956ba33,0,0,0,,,0,0,0,no_overlap
improve-08781945bfdf1841,0,0,0,,,0,0,0,no_overlap
improve-a046ae9ab5da360e,0,0,0,,,0,0,0,no_overlap
improve-ac435da3cfa4a71b,0,0,0,,,0,0,0,no_overlap
improve-a476e39aabcb845a,0,0,0,,,0,0,0,no_overlap
improve-6e399c3f1ab0301c,0,0,0,,,0,0,0,no_overlap
improve-947a20926bc4ca16,0,0,0,,,0,0,0,no_overlap
improve-c89162a2e2e91b5b,0,0,0,,,0,0,0,no_overlap
improve-8f45186988144c12,0,0,0,,,0,0,0,no_overlap
improve-2642b34a27e08cd2,0,0,0,,,0,0,0,no_overlap
improve-8cf93345ff85cb4e,0,0,0,,,0,0,0,no_overlap
improve-3e5b7da510babac0,0,0,0,,,0,0,0,no_overlap
improve-f9354ecf37a5b7df,0,0,0,,,0,0,0,no_overlap
improve-3c6ca84629508b87,0,0,0,,,0,0,0,no_overlap
improve-f90636c420073d43,0,0,0,,,0,0,0,no_overlap
improve-103a8ed46763e0f7,0,0,0,,,0,0,0,no_overlap
improve-e1dd00493bf65d19,0,0,0,,,0,0,0,no_overlap
improve-0a8954f361993587,0,0,0,,,0,0,0,no_overlap
improve-a30f913c3e00b218,0,0,0,,,0,0,0,no_overlap
improve-aa067da0b928e138,0,0,0,,,0,0,0,no_overlap
improve-bdeafefaf1db3f4d,0,0,0,,,0,0,0,no_overlap
improve-90e9eb27b153fb4c,0,0,0,,,0,0,0,no_overlap
improve-d6119ea596e29718,0,0,0,,,0,0,0,no_overlap
improve-72672f42fb7e6517,0,0,0,,,0,0,0,no_overlap
improve-e75e7490786e6264,0,0,0,,,0,0,0,no_overlap
improve-2c6a5b049572525a,0,0,0,,,0,0,0,no_overlap
improve-df1657785f6f3443,0,0,0,,,0,0,0,no_overlap
improve-c87a0ee02241ff63,0,0,0,,,0,0,0,no_overlap
improve-07f671ce008f6481,0,0,0,,,0,0,0,no_overlap
improve-27693958c1a8c947,0,0,0,,,0,0,0,no_overlap
improve-70e5de62094ffb9d,0,0,0,,,0,0,0,no_overlap
improve-ea3d4a13534d2bf4,0,0,0,,,0,0,0,no_overlap
improve-628f61e46d25bd32,0,0,0,,,0,0,0,no_overlap
improve-d6599b7c86073617,0,0,0,,,0,0,0,no_overlap
improve-17c7e9731e750759,0,0,0,,,0,0,0,no_overlap
improve-0fc06e63547b1d98,0,0,0,,,0,0,0,no_overlap
improve-83df750cb3c3a95e,0,0,0,,,0,0,0,no_overlap
improve-5157c00efe681376,0,0,0,,,0,0,0,no_overlap
improve-9d0f8c502175cfa0,0,0,0,,,0,0,0,no_overlap
improve-986de3b59f4f1ec3,0,0,0,,,0,0,0,no_overlap
improve-22f2d99e8461da16,0,0,0,,,0,0,0,no_overlap
improve-1f0b377cd4b3c2c9,0,0,0,,,0,0,0,no_overlap
improve-3e2f23c08f0b663b,0,0,0,,,0,0,0,no_overlap
improve-3cf5851d13300c5d,0,0,0,,,0,0,0,no_overlap
improve-002932e22dae09cd,0,0,0,,,0,0,0,no_overlap
improve-555e648c4b4961cd,0,0,0,,,0,0,0,no_overlap
improve-269e1554636428be,0,0,0,,,0,0,0,no_overlap
improve-160a8057982a4f98,0,0,0,,,0,0,0,no_overlap
improve-fdaac3e7fbe76ec9,0,0,0,,,0,0,0,no_overlap
improve-051aceb23aadd63f,0,0,0,,,0,0,0,no_overlap
improve-54df1606d8851df3,0,0,0,,,0,0,0,no_overlap
improve-59318547bbf46583,0,0,0,,,0,0,0,no_overlap
improve-998d2a79ff0a566f,0,0,0,,,0,0,0,no_overlap
improve-901c2e04859b599a,0,0,0,,,0,0,0,no_overlap
improve-86ef5faccb35f9eb,0,0,0,,,0,0,0,no_overlap
improve-6be717bef7c51876,0,0,0,,,0,0,0,no_overlap
improve-33ab2fab72719970,0,0,0,,,0,0,0,no_overlap
improve-c69f48023e06c1cf,0,0,0,,,0,0,0,no_overlap
improve-41bf0855e0d9be6b,0,0,0,,,0,0,0,no_overlap
improve-491ad8c938170f8e,0,0,0,,,0,0,0,no_overlap
improve-26517c706f915e17,0,0,0,,,0,0,0,no_overlap
improve-d713c7b8890944f6,0,0,0,,,0,0,0,no_overlap
improve-7714fdde04908f2d,0,0,0,,,0,0,0,no_overlap
improve-1bd07b3a39f2939a,0,0,0,,,0,0,0,no_overlap
improve-d910ecdb86c49544,0,0,0,,,0,0,0,no_overlap
improve-070ac0e33fb088dc,0,0,0,,,0,0,0,no_overlap
improve-d5814e2615d92a36,0,0,0,,,0,0,0,no_overlap
improve-5970d978f3ceb207,0,0,0,,,0,0,0,no_overlap
improve-0b971dfd5a5acddc,0,0,0,,,0,0,0,no_overlap
improve-7faeee65eacaded2,0,0,0,,,0,0,0,no_overlap
improve-1442b0995536ee01,0,0,0,,,0,0,0,no_overlap
improve-550106558a3b6e5a,0,0,0,,,0,0,0,no_overlap
improve-eb1d8338934dee20,0,0,0,,,0,0,0,no_overlap
improve-dae651cb897492f2,0,0,0,,,0,0,0,no_overlap
improve-94a54b4c6c0e3bfd,0,0,0,,,0,0,0,no_overlap
improve-7f43abd37e02da6b,0,0,0,,,0,0,0,no_overlap
improve-6c2a8ed33d6758c5,0,0,0,,,0,0,0,no_overlap
improve-9d84a686319e94a2,0,0,0,,,0,0,0,no_overlap
improve-ef775005cd3a3d62,0,0,0,,,0,0,0,no_overlap
improve-67b4f80c0e863f79,0,0,0,,,0,0,0,no_overlap
improve-d5f655fb265392f3,0,0,0,,,0,0,0,no_overlap
improve-a9530bd135d8937f,0,0,0,,,0,0,0,no_overlap
improve-52326adddd7e7cfe,0,0,0,,,0,0,0,no_overlap
improve-48a37f65fe45f406,0,0,0,,,0,0,0,no_overlap
improve-a81870ee414cece2,0,0,0,,,0,0,0,no_overlap
improve-64f2bed749cf8036,0,0,0,,,0,0,0,no_overlap
improve-bcad51f15673fa61,0,0,0,,,0,0,0,no_overlap
improve-005340806f0cf643,0,0,0,,,0,0,0,no_overlap
improve-8a967a67ff5b99a3,0,0,0,,,0,0,0,no_overlap
improve-631404b33aa7077c,0,0,0,,,0,0,0,no_overlap
improve-04a3a5f320118973,0,0,0,,,0,0,0,no_overlap
improve-41365b790b299886,0,0,0,,,0,0,0,no_overlap
improve-9daba91e2f30a76d,0,0,0,,,0,0,0,no_overlap
improve-13b9381be1579ba5,0,0,0,,,0,0,0,no_overlap
improve-a23beccc0e2cecc8,0,0,0,,,0,0,0,no_overlap
improve-120fadf31fc10f56,0,0,0,,,0,0,0,no_overlap
improve-71cdb84792a75468,0,0,0,,,0,0,0,no_overlap
improve-8d117112c435dd11,0,0,0,,,0,0,0,no_overlap
improve-6827680170b2ecf1,0,0,0,,,0,0,0,no_overlap
improve-e0ed76febf65387d,0,0,0,,,0,0,0,no_overlap
improve-428551b8b9185d3a,0,0,0,,,0,0,0,no_overlap
improve-bb6d37b0f7156bff,0,0,0,,,0,0,0,no_overlap
improve-5b8a6bdc83bb57a1,0,0,0,,,0,0,0,no_overlap
improve-53a3712726457701,0,0,0,,,0,0,0,no_overlap
improve-01c27baa255eafe3,0,0,0,,,0,0,0,no_overlap
improve-7b59c61e73bf5abb,0,0,0,,,0,0,0,no_overlap
improve-ba91093c3bc9940b,0,0,0,,,0,0,0,no_overlap
improve-39d3e01994ee5333,0,0,0,,,0,0,0,no_overlap
improve-3fd352b38070747c,0,0,0,,,0,0,0,no_overlap
improve-8a9c95363d58719b,0,0,0,,,0,0,0,no_overlap
improve-318f9667a14056a0,0,0,0,,,0,0,0,no_overlap
improve-826f58cff573da06,0,0,0,,,0,0,0,no_overlap
improve-1135f7d16b77a463,0,0,0,,,0,0,0,no_overlap
improve-0492a36cb4d37eec,0,0,0,,,0,0,0,no_overlap
improve-d74b548274955d92,0,0,0,,,0,0,0,no_overlap
improve-558488cd584cf515,0,0,0,,,0,0,0,no_overlap
improve-b9d784ab024b0584,0,0,0,,,0,0,0,no_overlap
improve-39673898e137ed37,0,0,0,,,0,0,0,no_overlap
improve-86bd40f15e75f8b6,0,0,0,,,0,0,0,no_overlap
improve-8016df9f86428768,0,0,0,,,0,0,0,no_overlap
improve-6ebb1bd7bd6d237c,0,0,0,,,0,0,0,no_overlap
improve-a67b805e193a2884,0,0,0,,,0,0,0,no_overlap
improve-36f789c029cca041,0,0,0,,,0,0,0,no_overlap
improve-fc623b2b24cf2365,0,0,0,,,0,0,0,no_overlap
improve-815d837b2929a951,0,0,0,,,0,0,0,no_overlap
improve-42107ed36ca073cb,0,0,0,,,0,0,0,no_overlap
improve-b8d9121169a622fd,0,0,0,,,0,0,0,no_overlap
improve-c9dc094efb6953b8,0,0,0,,,0,0,0,no_overlap
improve-41e466a2a2a3c2ee,0,0,0,,,0,0,0,no_overlap
improve-a1d23f620827130d,0,0,0,,,0,0,0,no_overlap
improve-b975cd5f4b5aafae,0,0,0,,,0,0,0,no_overlap
improve-68e9d23c74156a85,0,0,0,,,0,0,0,no_overlap
improve-f547061ae5fae03f,0,0,0,,,0,0,0,no_overlap
improve-48dc49b52e9f919e,0,0,0,,,0,0,0,no_overlap
improve-f61f16345be342b2,0,0,0,,,0,0,0,no_overlap
improve-521b4fcbb95de66d,0,0,0,,,0,0,0,no_overlap
improve-c9082fd7f895d02f,0,0,0,,,0,0,0,no_overlap
improve-fdb714fd487f9f79,0,0,0,,,0,0,0,no_overlap
improve-b862c9ba4550f0df,0,0,0,,,0,0,0,no_overlap
improve-75b2083c991c4175,0,0,0,,,0,0,0,no_overlap
improve-c56568aea4e87e72,0,0,0,,,0,0,0,no_overlap
improve-e1420dcebffd14dd,0,0,0,,,0,0,0,no_overlap
improve-9087190d9de02633,0,0,0,,,0,0,0,no_overlap
improve-bf15fd23987d9b6d,0,0,0,,,0,0,0,no_overlap
improve-61354f517b5fddf2,0,0,0,,,0,0,0,no_overlap
improve-e489b32819011918,0,0,0,,,0,0,0,no_overlap
improve-50e2d2f83172d855,0,0,0,,,0,0,0,no_overlap
improve-b4ca2f725dd7de79,0,0,0,,,0,0,0,no_overlap
improve-599893f267451afb,0,0,0,,,0,0,0,no_overlap
improve-e7f71eda78fc3dcc,0,0,0,,,0,0,0,no_overlap
improve-90734d22e1f65a3d,0,0,0,,,0,0,0,no_overlap
improve-41170874de3a001f,0,0,0,,,0,0,0,no_overlap
improve-0c33108599a1fe63,0,0,0,,,0,0,0,no_overlap
improve-8551353b116065e0,0,0,0,,,0,0,0,no_overlap
improve-5ce678ac1904c77e,0,0,0,,,0,0,0,no_overlap
improve-fa1b6a03a4f686eb,0,0,0,,,0,0,0,no_overlap
improve-d613c7855531cacd,0,0,0,,,0,0,0,no_overlap
improve-914797c844be2d98,0,0,0,,,0,0,0,no_overlap
improve-885db0cc765a0f33,0,0,0,,,0,0,0,no_overlap
improve-70d8b61c389ba65b,0,0,0,,,0,0,0,no_overlap
improve-42c3d4f70d9e602f,0,0,0,,,0,0,0,no_overlap
improve-a53ce329945c7b9b,0,0,0,,,0,0,0,no_overlap
improve-478c7ce7681af6fc,0,0,0,,,0,0,0,no_overlap
improve-5d01f3898eac7b05,0,0,0,,,0,0,0,no_overlap
improve-b9b290ea03ca315a,0,0,0,,,0,0,0,no_overlap
improve-d4651e4efece8070,0,0,0,,,0,0,0,no_overlap
improve-68a78641b95194c8,0,0,0,,,0,0,0,no_overlap
improve-2ec4aff68f0e73e9,0,0,0,,,0,0,0,no_overlap
improve-7bd48e879d508311,0,0,0,,,0,0,0,no_overlap
improve-0b8d6c67a997c9f7,0,0,0,,,0,0,0,no_overlap
improve-2f5b5e56da344c7b,0,0,0,,,0,0,0,no_overlap
improve-0436a2cd6dabc858,0,0,0,,,0,0,0,no_overlap
improve-2a0cbc19390e7634,0,0,0,,,0,0,0,no_overlap
improve-d1f82e3089214fb2,0,0,0,,,0,0,0,no_overlap
improve-cbb0c4c06c28bf20,0,0,0,,,0,0,0,no_overlap
improve-bfd233a527c23d2f,0,0,0,,,0,0,0,no_overlap
improve-c72cf779244dc5e3,0,0,0,,,0,0,0,no_overlap
improve-4922c63dcd7e9572,0,0,0,,,0,0,0,no_overlap
improve-d37a4008536087df,0,0,0,,,0,0,0,no_overlap
improve-2a3d69becd82ba58,0,0,0,,,0,0,0,no_overlap
improve-02c64cbf6739cbd0,0,0,0,,,0,0,0,no_overlap
improve-f6e723901c0812d5,0,0,0,,,0,0,0,no_overlap
improve-03cffa8e14c47010,0,0,0,,,0,0,0,no_overlap
improve-11fb56065a9edc0e,0,0,0,,,0,0,0,no_overlap
improve-8003d287102dabb1,0,0,0,,,0,0,0,no_overlap
improve-80584fbae37c839f,0,0,0,,,0,0,0,no_overlap
improve-e3914a2abba320ac,0,0,0,,,0,0,0,no_overlap
improve-d8b21b419b72eb56,0,0,0,,,0,0,0,no_overlap
improve-636b4e9afd50c8b6,0,0,0,,,0,0,0,no_overlap
improve-40e6e6ee2078a80e,0,0,0,,,0,0,0,no_overlap
improve-47a447da582571fc,0,0,0,,,0,0,0,no_overlap
improve-f1f583e3f812cc47,0,0,0,,,0,0,0,no_overlap
improve-e20ccffc1636db2b,0,0,0,,,0,0,0,no_overlap
improve-90793c9a325639e8,0,0,0,,,0,0,0,no_overlap
improve-42c6b16dd620d366,0,0,0,,,0,0,0,no_overlap
improve-bd96dd03f895475b,0,0,0,,,0,0,0,no_overlap
improve-8c6a62abe74da3e0,0,0,0,,,0,0,0,no_overlap
improve-07d04f3f87269d01,0,0,0,,,0,0,0,no_overlap
improve-6dd15708b79245ec,0,0,0,,,0,0,0,no_overlap
improve-8d082c3bdbc10beb,0,0,0,,,0,0,0,no_overlap
improve-43804626b78b655d,0,0,0,,,0,0,0,no_overlap
improve-0039ee775e4cd361,0,0,0,,,0,0,0,no_overlap
improve-b0878dc2553598a6,0,0,0,,,0,0,0,no_overlap
improve-8ec313b9f153cb3a,0,0,0,,,0,0,0,no_overlap
improve-672934208e96d215,0,0,0,,,0,0,0,no_overlap
improve-f72ff0be9ec03ef5,0,0,0,,,0,0,0,no_overlap
improve-17c6fa665de1385f,0,0,0,,,0,0,0,no_overlap
improve-4f6e24f7fd118e9a,0,0,0,,,0,0,0,no_overlap
improve-626532ac464c5ffe,0,0,0,,,0,0,0,no_overlap
improve-56444850e3a70dfb,0,0,0,,,0,0,0,no_overlap
improve-cde2b761e47c386b,0,0,0,,,0,0,0,no_overlap
improve-01d767e502db53cd,0,0,0,,,0,0,0,no_overlap
improve-62cb3872445c7f1a,0,0,0,,,0,0,0,no_overlap
improve-1c55cd516a5f382a,0,0,0,,,0,0,0,no_overlap
improve-15c1ebf93fc6a13b,0,0,0,,,0,0,0,no_overlap
improve-6166d6e8ee5fd4e1,0,0,0,,,0,0,0,no_overlap
improve-0aef523685613b65,0,0,0,,,0,0,0,no_overlap
improve-76bb48402cc9c667,0,0,0,,,0,0,0,no_overlap
improve-24ef33b369ed23ed,0,0,0,,,0,0,0,no_overlap
improve-638a3ba7362d2233,0,0,0,,,0,0,0,no_overlap
improve-c47ba2bc273663c7,0,0,0,,,0,0,0,no_overlap
improve-2fbd12a022eb04aa,0,0,0,,,0,0,0,no_overlap
improve-09dca3463eab926f,0,0,0,,,0,0,0,no_overlap
improve-5231b7f3cb4b7add,0,0,0,,,0,0,0,no_overlap
improve-d4f1f2db7c621456,0,0,0,,,0,0,0,no_overlap
improve-533fe1efd7df49d4,0,0,0,,,0,0,0,no_overlap
improve-21e1aa414be05fb6,0,0,0,,,0,0,0,no_overlap
improve-0ffa258b015946aa,0,0,0,,,0,0,0,no_overlap
improve-1b4ca4c1177e64da,0,0,0,,,0,0,0,no_overlap
improve-c05b0283bc51a0d4,0,0,0,,,0,0,0,no_overlap
improve-9a7384b9725e610f,0,0,0,,,0,0,0,no_overlap
improve-ffe2137b848b89d5,0,0,0,,,0,0,0,no_overlap
improve-92128262ae367333,0,0,0,,,0,0,0,no_overlap
improve-997fd7b5c0fa30ec,0,0,0,,,0,0,0,no_overlap
improve-b83630f6fda5d09c,0,0,0,,,0,0,0,no_overlap
improve-e9c3acec9b946bb1,0,0,0,,,0,0,0,no_overlap
improve-309d5d2e279c6996,0,0,0,,,0,0,0,no_overlap
improve-2a22203e2ddb72ba,0,0,0,,,0,0,0,no_overlap
improve-98f0389dc2cb0ab5,0,0,0,,,0,0,0,no_overlap
improve-9974535612dd1c1c,0,0,0,,,0,0,0,no_overlap
improve-559f5d0052bd6554,0,0,0,,,0,0,0,no_overlap
improve-06ea7507da986214,0,0,0,,,0,0,0,no_overlap
improve-57917bac685698c8,0,0,0,,,0,0,0,no_overlap
improve-bcf6b7caf2a609b1,0,0,0,,,0,0,0,no_overlap
improve-79e9be68095252ee,0,0,0,,,0,0,0,no_overlap
improve-d11c0b05184fb17a,0,0,0,,,0,0,0,no_overlap
improve-2c1b11b64b8d8af3,0,0,0,,,0,0,0,no_overlap
improve-fe5a5713c54edfc7,0,0,0,,,0,0,0,no_overlap
improve-8c6eacd10cfddcca,0,0,0,,,0,0,0,no_overlap
improve-221c21aa5b96166f,0,0,0,,,0,0,0,no_overlap
improve-cf30183602e9efc2,0,0,0,,,0,0,0,no_overlap
improve-58aa941212980680,0,0,0,,,0,0,0,no_overlap
improve-5775961b88d317af,0,0,0,,,0,0,0,no_overlap
improve-c52f2286c822b07e,0,0,0,,,0,0,0,no_overlap
improve-8835a8a7f503294f,0,0,0,,,0,0,0,no_overlap
improve-34919933dfd3cb3a,0,0,0,,,0,0,0,no_overlap
improve-1832b946ad60b312,0,0,0,,,0,0,0,no_overlap
improve-4f30cc8e2813a7c7,0,0,0,,,0,0,0,no_overlap
improve-c8c7dad684fedf69,0,0,0,,,0,0,0,no_overlap
improve-fad00886b5007221,0,0,0,,,0,0,0,no_overlap
improve-1c9b727b2377248d,0,0,0,,,0,0,0,no_overlap
improve-05fe0471d665d532,0,0,0,,,0,0,0,no_overlap
improve-060595eab8326bf3,0,0,0,,,0,0,0,no_overlap
improve-8dc7e6fbfc1d8b51,0,0,0,,,0,0,0,no_overlap
improve-36415588351d1443,0,0,0,,,0,0,0,no_overlap
improve-1f2d8ae55043b7c2,0,0,0,,,0,0,0,no_overlap
improve-f3c736257685994b,0,0,0,,,0,0,0,no_overlap
improve-16b91ae086e1d31a,0,0,0,,,0,0,0,no_overlap
improve-69ea5f34ec1a0e62,0,0,0,,,0,0,0,no_overlap
improve-8410c7189f2ba6a6,0,0,0,,,0,0,0,no_overlap
improve-6421871c3a830e14,0,0,0,,,0,0,0,no_overlap
improve-08998ae912ba32e6,0,0,0,,,0,0,0,no_overlap
improve-7810e72adb8a434a,0,0,0,,,0,0,0,no_overlap
improve-dd51c066156f3e1d,0,0,0,,,0,0,0,no_overlap
improve-f906cc49640796c7,0,0,0,,,0,0,0,no_overlap
improve-58c619163f825df4,0,0,0,,,0,0,0,no_overlap
improve-e4602bd475e57276,0,0,0,,,0,0,0,no_overlap
improve-1380d2f79e1f7ae1,0,0,0,,,0,0,0,no_overlap
improve-b54a41ec29968aa5,0,0,0,,,0,0,0,no_overlap
improve-4755c92c398199ef,0,0,0,,,0,0,0,no_overlap
improve-786ea0e7a107e17a,0,0,0,,,0,0,0,no_overlap
improve-f213ccca311227f8,0,0,0,,,0,0,0,no_overlap
improve-e9b4a2db6816c5eb,0,0,0,,,0,0,0,no_overlap
improve-505a2f5210557734,0,0,0,,,0,0,0,no_overlap
improve-ad27a3322641a1d5,0,0,0,,,0,0,0,no_overlap
improve-29d5bc9ed63b17f2,0,0,0,,,0,0,0,no_overlap
improve-67c4f37ec4914071,0,0,0,,,0,0,0,no_overlap
improve-c065978862695aee,0,0,0,,,0,0,0,no_overlap
improve-70957c95ca4d6bfc,0,0,0,,,0,0,0,no_overlap
improve-6b692388014fb7b9,0,0,0,,,0,0,0,no_overlap
improve-b2e9ef7fd64251cc,0,0,0,,,0,0,0,no_overlap
improve-31d9f6d7a0fbbd57,0,0,0,,,0,0,0,no_overlap
improve-578d6cdf13773a29,0,0,0,,,0,0,0,no_overlap
improve-1c89365621b1aa25,0,0,0,,,0,0,0,no_overlap
improve-83191bf28e048db0,0,0,0,,,0,0,0,no_overlap
improve-f005690ef27194bc,0,0,0,,,0,0,0,no_overlap
improve-62dd15955142e91a,0,0,0,,,0,0,0,no_overlap
improve-5b55aa17dedd8d61,0,0,0,,,0,0,0,no_overlap
improve-4d51be0891d72a6f,0,0,0,,,0,0,0,no_overlap
improve-15c1a9223e24f805,0,0,0,,,0,0,0,no_overlap
improve-d2d071d6f13e499a,0,0,0,,,0,0,0,no_overlap
improve-1c8bf45dfdf6386d,0,0,0,,,0,0,0,no_overlap
improve-234258c17f96d009,0,0,0,,,0,0,0,no_overlap
improve-797cae926f30980a,0,0,0,,,0,0,0,no_overlap
improve-66ee1bfb0b2d23cc,0,0,0,,,0,0,0,no_overlap
improve-8f46b5e8a82e64d6,0,0,0,,,0,0,0,no_overlap
improve-00ec1728dc52fcff,0,0,0,,,0,0,0,no_overlap
improve-eaad2cd036d2efee,0,0,0,,,0,0,0,no_overlap
improve-57d592b3a57c39f8,0,0,0,,,0,0,0,no_overlap
improve-bea58725a285ac03,0,0,0,,,0,0,0,no_overlap
improve-0a3d33abb2e69bd4,0,0,0,,,0,0,0,no_overlap
improve-31a5a6edd9e7dfb5,0,0,0,,,0,0,0,no_overlap
improve-a7c746490e405c8f,0,0,0,,,0,0,0,no_overlap
improve-0eedbe5abf0d9b16,0,0,0,,,0,0,0,no_overlap
improve-b745727ed0cd9ed1,0,0,0,,,0,0,0,no_overlap
improve-1dd5c101ea2e1519,0,0,0,,,0,0,0,no_overlap
improve-dbd617170be85943,0,0,0,,,0,0,0,no_overlap
improve-9bc19d4073a76230,0,0,0,,,0,0,0,no_overlap
improve-c40737253fc2662e,0,0,0,,,0,0,0,no_overlap
improve-8803e8bcfb8316cc,0,0,0,,,0,0,0,no_overlap
improve-ef9e27b4e848c3e6,0,0,0,,,0,0,0,no_overlap
improve-302df54aa78da6d0,0,0,0,,,0,0,0,no_overlap
improve-56e3141cb361c7a4,0,0,0,,,0,0,0,no_overlap
improve-04a5d3f92564d45a,0,0,0,,,0,0,0,no_overlap
improve-075d01beadacf351,0,0,0,,,0,0,0,no_overlap
improve-fa9f9a448a4d7055,0,0,0,,,0,0,0,no_overlap
improve-441bd4ef9a86aef0,0,0,0,,,0,0,0,no_overlap
improve-b0d6fc1a01b80a5b,0,0,0,,,0,0,0,no_overlap
improve-ec712402c71ffe64,0,0,0,,,0,0,0,no_overlap
improve-9fe1c4f6a1dbd1d5,0,0,0,,,0,0,0,no_overlap
improve-debc365f794cd61f,0,0,0,,,0,0,0,no_overlap
improve-f02497cc8c0c497f,0,0,0,,,0,0,0,no_overlap
improve-e4767cc3e361f9d0,0,0,0,,,0,0,0,no_overlap
improve-5de1e097501fb838,0,0,0,,,0,0,0,no_overlap
improve-2955329fc784b009,0,0,0,,,0,0,0,no_overlap
improve-12b63d99136046aa,0,0,0,,,0,0,0,no_overlap
improve-48b1fbb3fb63afdb,0,0,0,,,0,0,0,no_overlap
improve-288bb30a4a0ed233,0,0,0,,,0,0,0,no_overlap
improve-2241f5d25a2a2adb,0,0,0,,,0,0,0,no_overlap
improve-a251061da8c7ddde,0,0,0,,,0,0,0,no_overlap
improve-a92131b0fad2c5b8,0,0,0,,,0,0,0,no_overlap
improve-32239299101d7a24,0,0,0,,,0,0,0,no_overlap
improve-8231e59ef2dbe1b4,0,0,0,,,0,0,0,no_overlap
improve-b4604c4a29557ff2,0,0,0,,,0,0,0,no_overlap
improve-7b9027dcd430aa3b,0,0,0,,,0,0,0,no_overlap
improve-d029d35e87116d9e,0,0,0,,,0,0,0,no_overlap
improve-de81f9209acfdb79,0,0,0,,,0,0,0,no_overlap
improve-cd01d00d0c22dc4c,0,0,0,,,0,0,0,no_overlap
improve-b1a98612442ab2f0,0,0,0,,,0,0,0,no_overlap
improve-34f2fa18b0a76d9c,0,0,0,,,0,0,0,no_overlap
improve-a40732eab9790a23,0,0,0,,,0,0,0,no_overlap
improve-ed42be0539ecf40c,0,0,0,,,0,0,0,no_overlap
improve-31cdac4df5db102e,0,0,0,,,0,0,0,no_overlap
improve-81cee916e666198a,0,0,0,,,0,0,0,no_overlap
improve-83aefe45c14f1d70,0,0,0,,,0,0,0,no_overlap
improve-ba95e2905211d2b3,0,0,0,,,0,0,0,no_overlap
improve-519a160f97ab29ec,0,0,0,,,0,0,0,no_overlap
improve-ca3c231abf005221,0,0,0,,,0,0,0,no_overlap
improve-27fee190c1830ca3,0,0,0,,,0,0,0,no_overlap
improve-5f191a31d7340df4,0,0,0,,,0,0,0,no_overlap
improve-c48a298dcf8c667b,0,0,0,,,0,0,0,no_overlap
improve-0720129c57989fc3,0,0,0,,,0,0,0,no_overlap
improve-e9066915e5a9d5df,0,0,0,,,0,0,0,no_overlap
improve-4ed015fce784906c,0,0,0,,,0,0,0,no_overlap
improve-0b2e2cc9f1ca9dfb,0,0,0,,,0,0,0,no_overlap
improve-bb545602a832269c,0,0,0,,,0,0,0,no_overlap
improve-46f93615401312ae,0,0,0,,,0,0,0,no_overlap
improve-b448478254173112,0,0,0,,,0,0,0,no_overlap
improve-68beaf2bbd6aac68,0,0,0,,,0,0,0,no_overlap
improve-ae9488a2912f7e84,0,0,0,,,0,0,0,no_overlap
improve-b2ccee0ad7e99408,0,0,0,,,0,0,0,no_overlap
improve-48b564a846b0f718,0,0,0,,,0,0,0,no_overlap
improve-f862bffbc229f538,0,0,0,,,0,0,0,no_overlap
improve-59d5375b81988b37,0,0,0,,,0,0,0,no_overlap
improve-828f0c34ba10799a,0,0,0,,,0,0,0,no_overlap
improve-f0a17a702f9ddb9f,0,0,0,,,0,0,0,no_overlap
improve-61eae3c465a51a9b,0,0,0,,,0,0,0,no_overlap
improve-e0a6ff69e9454411,0,0,0,,,0,0,0,no_overlap
improve-dbd621218fbd0b70,0,0,0,,,0,0,0,no_overlap
improve-8dcc0d4b25c99789,0,0,0,,,0,0,0,no_overlap
improve-bd8813245a6b12ba,0,0,0,,,0,0,0,no_overlap
improve-03580eb857a5c238,0,0,0,,,0,0,0,no_overlap
improve-7d091215a792ca35,0,0,0,,,0,0,0,no_overlap
improve-b1617d4705522b53,0,0,0,,,0,0,0,no_overlap
improve-cd5ff70683a2ce58,0,0,0,,,0,0,0,no_overlap
improve-0a566fb3b6ac5db0,0,0,0,,,0,0,0,no_overlap
improve-b1850dd62d247636,0,0,0,,,0,0,0,no_overlap
improve-65065b2962d609cd,0,0,0,,,0,0,0,no_overlap
improve-361858b969ee25c0,0,0,0,,,0,0,0,no_overlap
improve-43c88931bcf0c4b5,0,0,0,,,0,0,0,no_overlap
improve-ac27d0ba0dfa5e56,0,0,0,,,0,0,0,no_overlap
improve-1b7ae682bc39325b,0,0,0,,,0,0,0,no_overlap
improve-3960760b85d21245,0,0,0,,,0,0,0,no_overlap
improve-954d9009d5d49674,0,0,0,,,0,0,0,no_overlap
improve-d705319a6589f419,0,0,0,,,0,0,0,no_overlap
improve-24defdc269b5f159,0,0,0,,,0,0,0,no_overlap
improve-4614685c69c94e0d,0,0,0,,,0,0,0,no_overlap
improve-faadead6cddd9144,0,0,0,,,0,0,0,no_overlap
improve-17923229afc5e9bb,0,0,0,,,0,0,0,no_overlap
improve-271bdf45c4fa8487,0,0,0,,,0,0,0,no_overlap
improve-8284682f5ab6a174,0,0,0,,,0,0,0,no_overlap
improve-d0af16b6565d97c6,0,0,0,,,0,0,0,no_overlap
improve-663c81a791e3e6ed,0,0,0,,,0,0,0,no_overlap
improve-9687441510496932,0,0,0,,,0,0,0,no_overlap
improve-e890f487f4d829f9,0,0,0,,,0,0,0,no_overlap
improve-481fdd9a2e2c96cd,0,0,0,,,0,0,0,no_overlap
improve-607d0af0cc4a3c55,0,0,0,,,0,0,0,no_overlap
improve-f88c3f8b286fafa0,0,0,0,,,0,0,0,no_overlap
improve-3ae97271b22166e3,0,0,0,,,0,0,0,no_overlap
improve-808a53cae10fe070,0,0,0,,,0,0,0,no_overlap
improve-f27a910e344c291a,0,0,0,,,0,0,0,no_overlap
improve-5c06bc81037ef81b,0,0,0,,,0,0,0,no_overlap
improve-f76a54a38960633b,0,0,0,,,0,0,0,no_overlap
improve-145c10164103415f,0,0,0,,,0,0,0,no_overlap
improve-ec8008e1a8a94ad9,0,0,0,,,0,0,0,no_overlap
improve-a74f1e3174b218ff,0,0,0,,,0,0,0,no_overlap
improve-1acd5b74229f2ac5,0,0,0,,,0,0,0,no_overlap
improve-42db113fe282ddbd,0,0,0,,,0,0,0,no_overlap
improve-8161186d6d3566d3,0,0,0,,,0,0,0,no_overlap
improve-af7bf8b2e0decbe1,0,0,0,,,0,0,0,no_overlap
improve-36fbd7c91486c94d,0,0,0,,,0,0,0,no_overlap
improve-8bae28a238eec72d,0,0,0,,,0,0,0,no_overlap
improve-b85211f1e1d6805b,0,0,0,,,0,0,0,no_overlap
improve-8c844bcc5746b9be,0,0,0,,,0,0,0,no_overlap
improve-0b0558cd522898ea,0,0,0,,,0,0,0,no_overlap
improve-0fd38d4b06b94e75,0,0,0,,,0,0,0,no_overlap
improve-4ea9882f7fbb04e3,0,0,0,,,0,0,0,no_overlap
improve-32a587d6c34b3e18,0,0,0,,,0,0,0,no_overlap
improve-e6407f8243067e59,0,0,0,,,0,0,0,no_overlap
improve-2c9da9edc5c523ca,0,0,0,,,0,0,0,no_overlap
improve-e7a3a892e822053f,0,0,0,,,0,0,0,no_overlap
improve-449f78fe612ac14c,0,0,0,,,0,0,0,no_overlap
improve-56665c96c56e6894,0,0,0,,,0,0,0,no_overlap
improve-76a9618c04d34577,0,0,0,,,0,0,0,no_overlap
improve-9acd40af16b9dbe9,0,0,0,,,0,0,0,no_overlap
improve-c10bc91c87f0019b,0,0,0,,,0,0,0,no_overlap
improve-5d146aaec613a041,0,0,0,,,0,0,0,no_overlap
improve-9f9390e818406e2e,0,0,0,,,0,0,0,no_overlap
improve-9a156d885ea9f421,0,0,0,,,0,0,0,no_overlap
improve-8a56471ad7e789e1,0,0,0,,,0,0,0,no_overlap
improve-9ee058a075e79c1f,0,0,0,,,0,0,0,no_overlap
improve-1a97d8369fa639cd,0,0,0,,,0,0,0,no_overlap
improve-1aba06d5eedc96d3,0,0,0,,,0,0,0,no_overlap
improve-93d425326c5c6043,0,0,0,,,0,0,0,no_overlap
improve-91fd6e92ece3084a,0,0,0,,,0,0,0,no_overlap
improve-ca5a8d677ab7d426,0,0,0,,,0,0,0,no_overlap
improve-968fcc68cf15bfef,0,0,0,,,0,0,0,no_overlap
improve-a3618fa66df9266d,0,0,0,,,0,0,0,no_overlap
improve-d093d87f9e61bfcc,0,0,0,,,0,0,0,no_overlap
improve-0cc92756fa9ccf7f,0,0,0,,,0,0,0,no_overlap
improve-7290a31ecf851d06,0,0,0,,,0,0,0,no_overlap
improve-7e93042184d147d6,0,0,0,,,0,0,0,no_overlap
improve-a480d1a659e67703,0,0,0,,,0,0,0,no_overlap
improve-eb4210fcd798e109,0,0,0,,,0,0,0,no_overlap
improve-b24fa1e2f330c434,0,0,0,,,0,0,0,no_overlap
improve-ecd8442e00ef2981,0,0,0,,,0,0,0,no_overlap
improve-835a2a5183b3db20,0,0,0,,,0,0,0,no_overlap
improve-affd328631e3c0f2,0,0,0,,,0,0,0,no_overlap
improve-022a11567df1afd6,0,0,0,,,0,0,0,no_overlap
improve-303327edaf1f4233,0,0,0,,,0,0,0,no_overlap
improve-cae939dcb27fb515,0,0,0,,,0,0,0,no_overlap
improve-237c45df8d58bfdc,0,0,0,,,0,0,0,no_overlap
improve-9c635c814fab664b,0,0,0,,,0,0,0,no_overlap
improve-854ff96050715def,0,0,0,,,0,0,0,no_overlap
improve-eeeb576514b2f9dd,0,0,0,,,0,0,0,no_overlap
improve-4584c8ce6e1e92a8,0,0,0,,,0,0,0,no_overlap
improve-05875814874a369d,0,0,0,,,0,0,0,no_overlap
improve-b424d6997918a506,0,0,0,,,0,0,0,no_overlap
improve-e6840fa2d7793137,0,0,0,,,0,0,0,no_overlap
improve-dad93f444bb403c9,0,0,0,,,0,0,0,no_overlap
improve-025faf38491ec28e,0,0,0,,,0,0,0,no_overlap
improve-5d42eae0f4c9bf60,0,0,0,,,0,0,0,no_overlap
improve-779240337551d43b,0,0,0,,,0,0,0,no_overlap
improve-2888f3c08fae0b41,0,0,0,,,0,0,0,no_overlap
improve-9787497756954b9c,0,0,0,,,0,0,0,no_overlap
improve-6770e5c4d17d4e35,0,0,0,,,0,0,0,no_overlap
improve-93ee45cf3e2bb42c,0,0,0,,,0,0,0,no_overlap
improve-19a705f845645d70,0,0,0,,,0,0,0,no_overlap
improve-62a46845de39d1b2,0,0,0,,,0,0,0,no_overlap
improve-517682992721d047,0,0,0,,,0,0,0,no_overlap
improve-0a99e51be12f493b,0,0,0,,,0,0,0,no_overlap
improve-d523acdc8bce0b3d,0,0,0,,,0,0,0,no_overlap
improve-7624844c179179a9,0,0,0,,,0,0,0,no_overlap
improve-ff58c48916ae2f54,0,0,0,,,0,0,0,no_overlap
improve-f108e47a31cfc47a,0,0,0,,,0,0,0,no_overlap
improve-dcc0720c28c7e1b1,0,0,0,,,0,0,0,no_overlap
improve-23d2e1cc5d35abc9,0,0,0,,,0,0,0,no_overlap
improve-5b6607e3c02e9f1c,0,0,0,,,0,0,0,no_overlap
improve-f3c7b655344d765c,0,0,0,,,0,0,0,no_overlap
improve-e60efe048178447c,0,0,0,,,0,0,0,no_overlap
improve-c0ae9ffa065e708f,0,0,0,,,0,0,0,no_overlap
improve-28b28236e159a30c,0,0,0,,,0,0,0,no_overlap
improve-e81e58ba5f9cabe2,0,0,0,,,0,0,0,no_overlap
improve-88f9c00a13f7b69f,0,0,0,,,0,0,0,no_overlap
improve-18f76c4787cffda7,0,0,0,,,0,0,0,no_overlap
improve-75876c79cf0fc2f1,0,0,0,,,0,0,0,no_overlap
improve-205925fcaf4af493,0,0,0,,,0,0,0,no_overlap
improve-5640669f2bc50a02,0,0,0,,,0,0,0,no_overlap
improve-d89b250bc1326e29,0,0,0,,,0,0,0,no_overlap
improve-6da7c3f5af6a09b5,0,0,0,,,0,0,0,no_overlap
improve-fd1e03f40a5ec599,0,0,0,,,0,0,0,no_overlap
improve-323011176f6a6d69,0,0,0,,,0,0,0,no_overlap
improve-52874356dac732ca,0,0,0,,,0,0,0,no_overlap
improve-a71f52b7838e0690,0,0,0,,,0,0,0,no_overlap
improve-83206a10e713c92b,0,0,0,,,0,0,0,no_overlap
improve-1c806e85b02c8d4a,0,0,0,,,0,0,0,no_overlap
improve-f5f1397f7c55784f,0,0,0,,,0,0,0,no_overlap
improve-9e186e941a878366,0,0,0,,,0,0,0,no_overlap
improve-f088dc83767a375f,0,0,0,,,0,0,0,no_overlap
improve-461373b027f4952d,0,0,0,,,0,0,0,no_overlap
improve-aa3acd728de52723,0,0,0,,,0,0,0,no_overlap
improve-414e930659be2f57,0,0,0,,,0,0,0,no_overlap
improve-f4795f5898c167f5,0,0,0,,,0,0,0,no_overlap
improve-eb26f28bf9f6dcc7,0,0,0,,,0,0,0,no_overlap
improve-f03bd4b2530aefd3,0,0,0,,,0,0,0,no_overlap
improve-7f2b9543b59019a8,0,0,0,,,0,0,0,no_overlap
improve-bb3cf7ae4394e37c,0,0,0,,,0,0,0,no_overlap
improve-8a335a67fd3ee5fc,0,0,0,,,0,0,0,no_overlap
improve-fd915ffffbe9d0ee,0,0,0,,,0,0,0,no_overlap
improve-89ab54a517097562,0,0,0,,,0,0,0,no_overlap
improve-9655eab431bd85b4,0,0,0,,,0,0,0,no_overlap
improve-55b8e31a0b72450b,0,0,0,,,0,0,0,no_overlap
improve-591c29c1b908965c,0,0,0,,,0,0,0,no_overlap
improve-e567ddd66f03a277,0,0,0,,,0,0,0,no_overlap
improve-4d713f6fc7d35dcd,0,0,0,,,0,0,0,no_overlap
improve-e35f2abe70a97789,0,0,0,,,0,0,0,no_overlap
improve-9e4fc24e56187701,0,0,0,,,0,0,0,no_overlap
improve-8141b8eb94a43df2,0,0,0,,,0,0,0,no_overlap
improve-f1007539a1604a37,0,0,0,,,0,0,0,no_overlap
improve-335ad06e9c2c30b3,0,0,0,,,0,0,0,no_overlap
improve-615e0e72d85ef58f,0,0,0,,,0,0,0,no_overlap
improve-3a995f1068afceca,0,0,0,,,0,0,0,no_overlap
improve-3433aff0fc28c9fc,0,0,0,,,0,0,0,no_overlap
improve-31818d5740c94fe2,0,0,0,,,0,0,0,no_overlap
improve-3415d7300c24fd2d,0,0,0,,,0,0,0,no_overlap
improve-39744d343de1e13c,0,0,0,,,0,0,0,no_overlap
improve-db88846cfd629d2c,0,0,0,,,0,0,0,no_overlap
improve-2468f2981a3c9d1b,0,0,0,,,0,0,0,no_overlap
improve-6449fb92a963d713,0,0,0,,,0,0,0,no_overlap
improve-89ce589f38a88d25,0,0,0,,,0,0,0,no_overlap
improve-533ab9cdd454f2fe,0,0,0,,,0,0,0,no_overlap
improve-d586f999849b4d2a,0,0,0,,,0,0,0,no_overlap
improve-4105ad033d608678,0,0,0,,,0,0,0,no_overlap
improve-f1980c520f21cc1b,0,0,0,,,0,0,0,no_overlap
improve-b89a9f5d83023e94,0,0,0,,,0,0,0,no_overlap
improve-a7de197eb783183d,0,0,0,,,0,0,0,no_overlap
improve-85177f8bb9513977,0,0,0,,,0,0,0,no_overlap
improve-52125f8b3021b8ea,0,0,0,,,0,0,0,no_overlap
improve-2ced83d84b1d34fe,0,0,0,,,0,0,0,no_overlap
improve-093b440eb3070337,0,0,0,,,0,0,0,no_overlap
improve-6cf1fff6599cc71f,0,0,0,,,0,0,0,no_overlap
improve-90efcefdaeebfdb0,0,0,0,,,0,0,0,no_overlap
improve-4c1bddf367111017,0,0,0,,,0,0,0,no_overlap
improve-3f7693dc1ab97caa,0,0,0,,,0,0,0,no_overlap
improve-558e7f3d07b06bfb,0,0,0,,,0,0,0,no_overlap
improve-6973b1df3811f8e6,0,0,0,,,0,0,0,no_overlap
improve-4af996045fb51a55,0,0,0,,,0,0,0,no_overlap
improve-2b23f32ba2837c99,0,0,0,,,0,0,0,no_overlap
improve-a43ae7c710fc7aad,0,0,0,,,0,0,0,no_overlap
improve-b23600f1752289c8,0,0,0,,,0,0,0,no_overlap
improve-c38b2d4fc6e16135,0,0,0,,,0,0,0,no_overlap
improve-1ad3bfdf0251715a,0,0,0,,,0,0,0,no_overlap
improve-16dc7283e01ec900,0,0,0,,,0,0,0,no_overlap
improve-a2d6218ac2016699,0,0,0,,,0,0,0,no_overlap
improve-dcb9547d3ee9faed,0,0,0,,,0,0,0,no_overlap
improve-eb4db225b51305b8,0,0,0,,,0,0,0,no_overlap
improve-393ccb26e42ee8ea,0,0,0,,,0,0,0,no_overlap
improve-c4fe2d1afd04d19e,0,0,0,,,0,0,0,no_overlap
improve-126336470235f04d,0,0,0,,,0,0,0,no_overlap
improve-541b075ca4e9828f,0,0,0,,,0,0,0,no_overlap
improve-ddb8774598385fb4,0,0,0,,,0,0,0,no_overlap
improve-cdc50ec8cd116901,0,0,0,,,0,0,0,no_overlap
improve-ee4016e1eba11203,0,0,0,,,0,0,0,no_overlap
improve-2cde63ee9eca387e,0,0,0,,,0,0,0,no_overlap
improve-52d253f38fdff4ab,0,0,0,,,0,0,0,no_overlap
improve-2497c3e535024fa2,0,0,0,,,0,0,0,no_overlap
improve-d93e804e6550b6b4,0,0,0,,,0,0,0,no_overlap
improve-9942ce32920abed1,0,0,0,,,0,0,0,no_overlap
improve-66433a4cf90f8f22,0,0,0,,,0,0,0,no_overlap
improve-2d9ca90e37abd7c2,0,0,0,,,0,0,0,no_overlap
improve-64b0f110e61423d7,0,0,0,,,0,0,0,no_overlap
improve-9e3e3582c6bf0c32,0,0,0,,,0,0,0,no_overlap
improve-b88d898bda219ee3,0,0,0,,,0,0,0,no_overlap
improve-3cdf2971f3e0e23d,0,0,0,,,0,0,0,no_overlap
improve-c89fdc30227c268a,0,0,0,,,0,0,0,no_overlap
improve-df745200914af780,0,0,0,,,0,0,0,no_overlap
improve-322de3d5f16767b3,0,0,0,,,0,0,0,no_overlap
improve-5ce654fe64291d83,0,0,0,,,0,0,0,no_overlap
improve-fa93ba2da9215722,0,0,0,,,0,0,0,no_overlap
improve-c1871ba188a0d0a6,0,0,0,,,0,0,0,no_overlap
improve-86cc9a4b1ed8ad20,0,0,0,,,0,0,0,no_overlap
improve-7713e81181aa12eb,0,0,0,,,0,0,0,no_overlap
improve-d0bfe8d8040d8f93,0,0,0,,,0,0,0,no_overlap
improve-d93f50a5063b8f00,0,0,0,,,0,0,0,no_overlap
improve-90c16d05cf464c98,0,0,0,,,0,0,0,no_overlap
improve-87693d8fed53d292,0,0,0,,,0,0,0,no_overlap
improve-a393e2ae9dc742f3,0,0,0,,,0,0,0,no_overlap
improve-7b8b23f9b2e26f09,0,0,0,,,0,0,0,no_overlap
improve-34ae813ed56edbf4,0,0,0,,,0,0,0,no_overlap
improve-bb73456b84d158c7,0,0,0,,,0,0,0,no_overlap
improve-75a6250c011f7d5f,0,0,0,,,0,0,0,no_overlap
improve-16420714da36ba7a,0,0,0,,,0,0,0,no_overlap
improve-b79c65fe2d691334,0,0,0,,,0,0,0,no_overlap
improve-a21ebfe1a66514db,0,0,0,,,0,0,0,no_overlap
improve-cc5dd8118c6da2f7,0,0,0,,,0,0,0,no_overlap
improve-3630a0b99d1cf692,0,0,0,,,0,0,0,no_overlap
improve-8ce096647a08b287,0,0,0,,,0,0,0,no_overlap
improve-2908d276bdad450e,0,0,0,,,0,0,0,no_overlap
improve-c14bc8734f996b80,0,0,0,,,0,0,0,no_overlap
improve-a08008a1f81cf703,0,0,0,,,0,0,0,no_overlap
improve-c8fc054e68816ec1,0,0,0,,,0,0,0,no_overlap
improve-14a57c7b5195ed53,0,0,0,,,0,0,0,no_overlap
improve-6d343f7bb545f979,0,0,0,,,0,0,0,no_overlap
improve-f28992dad931fe71,0,0,0,,,0,0,0,no_overlap
improve-247e6439930b0eaf,0,0,0,,,0,0,0,no_overlap
improve-2d4e8e0d8c2b168c,0,0,0,,,0,0,0,no_overlap
improve-acc15e0d6a91e45d,0,0,0,,,0,0,0,no_overlap
improve-5ef833e56b21e8a6,0,0,0,,,0,0,0,no_overlap
improve-333956f79f44aa3c,0,0,0,,,0,0,0,no_overlap
improve-4cb47f5a32596e6d,0,0,0,,,0,0,0,no_overlap
improve-c6213893ea851b9a,0,0,0,,,0,0,0,no_overlap
improve-cf3e094f1328e6da,0,0,0,,,0,0,0,no_overlap
improve-f586dbefca146665,0,0,0,,,0,0,0,no_overlap
improve-780f8f404c28a1a1,0,0,0,,,0,0,0,no_overlap
improve-7b5ad26a6b3103d3,0,0,0,,,0,0,0,no_overlap
improve-8c9f5e6e3756888d,0,0,0,,,0,0,0,no_overlap
improve-d45e5c81cdfccb5b,0,0,0,,,0,0,0,no_overlap
improve-490b29bb06947366,0,0,0,,,0,0,0,no_overlap
improve-ae778dd72cd92c58,0,0,0,,,0,0,0,no_overlap
improve-0a7cfc3c5fc06f73,0,0,0,,,0,0,0,no_overlap
improve-d39997f9f319e19c,0,0,0,,,0,0,0,no_overlap
improve-b5a5828a2ef0cda6,0,0,0,,,0,0,0,no_overlap
improve-a2b80629499aa3f2,0,0,0,,,0,0,0,no_overlap
improve-25494b2190162414,0,0,0,,,0,0,0,no_overlap
improve-0e556e8bd1a8366f,0,0,0,,,0,0,0,no_overlap
improve-2beaad9f9b981424,0,0,0,,,0,0,0,no_overlap
improve-6e7380dfbf9e5fdc,0,0,0,,,0,0,0,no_overlap
improve-b3c3fb6ae2f234a5,0,0,0,,,0,0,0,no_overlap
improve-3f8bf1a0a9b567e9,0,0,0,,,0,0,0,no_overlap
improve-9dd764a6540e4b78,0,0,0,,,0,0,0,no_overlap
improve-abaee0d01fb22689,0,0,0,,,0,0,0,no_overlap
improve-863c4c668c54a9d8,0,0,0,,,0,0,0,no_overlap
improve-b9802cc01ffae3fa,0,0,0,,,0,0,0,no_overlap
improve-abcc42c49ec0b36e,0,0,0,,,0,0,0,no_overlap
improve-f27c0d9935a74fd4,0,0,0,,,0,0,0,no_overlap
improve-537caaf1fee8a27d,0,0,0,,,0,0,0,no_overlap
improve-5e36bab4410189a0,0,0,0,,,0,0,0,no_overlap
improve-529ffa47eea2e2bf,0,0,0,,,0,0,0,no_overlap
improve-6cc5556b804f3a77,0,0,0,,,0,0,0,no_overlap
improve-0b707c3b3e3c7fcc,0,0,0,,,0,0,0,no_overlap
improve-c3d3762eb60d4a09,0,0,0,,,0,0,0,no_overlap
improve-f03a4b3bd87fb7da,0,0,0,,,0,0,0,no_overlap
improve-212051a03d8758b3,0,0,0,,,0,0,0,no_overlap
improve-a1f9c030e1593409,0,0,0,,,0,0,0,no_overlap
improve-bcd998929c7d7572,0,0,0,,,0,0,0,no_overlap
improve-cbaac4762733ce51,0,0,0,,,0,0,0,no_overlap
improve-f639662c0bdf8169,0,0,0,,,0,0,0,no_overlap
improve-30f3119823f6a418,0,0,0,,,0,0,0,no_overlap
improve-519eed0cfb6fb2fd,0,0,0,,,0,0,0,no_overlap
improve-c82feb6bc40ca5b1,0,0,0,,,0,0,0,no_overlap
improve-418d90cd5102ebe5,0,0,0,,,0,0,0,no_overlap
improve-917f9f665493a094,0,0,0,,,0,0,0,no_overlap
improve-70b61d7ab384a2ce,0,0,0,,,0,0,0,no_overlap
improve-2ad777b275a0cc9d,0,0,0,,,0,0,0,no_overlap
improve-4adc73b4ccf2025c,0,0,0,,,0,0,0,no_overlap
improve-30b2ace94cb7c75f,0,0,0,,,0,0,0,no_overlap
improve-55c47f0c3d8ca560,0,0,0,,,0,0,0,no_overlap
improve-ad7f87c9018cab0d,0,0,0,,,0,0,0,no_overlap
improve-d2f58d256e41d9ba,0,0,0,,,0,0,0,no_overlap
improve-3fe1140ddb5b4500,0,0,0,,,0,0,0,no_overlap
improve-ae33f2e6ec689d1b,0,0,0,,,0,0,0,no_overlap
improve-84c0c1568e179a64,0,0,0,,,0,0,0,no_overlap
improve-11ad416698160d44,0,0,0,,,0,0,0,no_overlap
improve-0a314948e93dbaf5,0,0,0,,,0,0,0,no_overlap
improve-967f8d8b394da1a9,0,0,0,,,0,0,0,no_overlap
improve-e1adbae80adf70e6,0,0,0,,,0,0,0,no_overlap
improve-76a10a476434fc12,0,0,0,,,0,0,0,no_overlap
improve-cd122c391a993fdd,0,0,0,,,0,0,0,no_overlap
improve-df24abe5d6c18a97,0,0,0,,,0,0,0,no_overlap
improve-a12c653ab19e3d4d,0,0,0,,,0,0,0,no_overlap
improve-64332f27a6e1841c,0,0,0,,,0,0,0,no_overlap
improve-baff42e61ce71f72,0,0,0,,,0,0,0,no_overlap
improve-6e30e3ff288fb1d4,0,0,0,,,0,0,0,no_overlap
improve-6d90b433f9d598c5,0,0,0,,,0,0,0,no_overlap
improve-38519843e6c085dd,0,0,0,,,0,0,0,no_overlap
improve-1ab52be001b00bde,0,0,0,,,0,0,0,no_overlap
improve-1db9b185ef60db08,0,0,0,,,0,0,0,no_overlap
improve-846088c9a826043b,0,0,0,,,0,0,0,no_overlap
improve-8888e485fd46f520,0,0,0,,,0,0,0,no_overlap
improve-d1f4ab34c9185019,0,0,0,,,0,0,0,no_overlap
improve-48ccb2a6b16b9e76,0,0,0,,,0,0,0,no_overlap
improve-caceeacf4f9b5da4,0,0,0,,,0,0,0,no_overlap
improve-0b6727ed14722b64,0,0,0,,,0,0,0,no_overlap
improve-b296d1f7ed41ea70,0,0,0,,,0,0,0,no_overlap
improve-5b64e476c03bdf97,0,0,0,,,0,0,0,no_overlap
improve-8f03509cae51ac1e,0,0,0,,,0,0,0,no_overlap
improve-9d22046681c31280,0,0,0,,,0,0,0,no_overlap
improve-2008ba78c3f6125b,0,0,0,,,0,0,0,no_overlap
improve-3aa3d460b5e50b2c,0,0,0,,,0,0,0,no_overlap
improve-28cf38b80278df85,0,0,0,,,0,0,0,no_overlap
improve-cdb1070b4feeb679,0,0,0,,,0,0,0,no_overlap
improve-302772690fc6e5f5,0,0,0,,,0,0,0,no_overlap
improve-3a006f6c854645b0,0,0,0,,,0,0,0,no_overlap
improve-c8c16a0ca7009dc0,0,0,0,,,0,0,0,no_overlap
improve-2987d9b624ca76a9,0,0,0,,,0,0,0,no_overlap
improve-ed1dafc6ccbe2957,0,0,0,,,0,0,0,no_overlap
improve-74f4ee7c83e0a9a3,0,0,0,,,0,0,0,no_overlap
improve-fd505fd340146097,0,0,0,,,0,0,0,no_overlap
improve-a9c9b24b8ce9ad53,0,0,0,,,0,0,0,no_overlap
improve-7e3a2829b2d5c07d,0,0,0,,,0,0,0,no_overlap
improve-22aa7dfe11667b51,0,0,0,,,0,0,0,no_overlap
improve-760f824e8890f978,0,0,0,,,0,0,0,no_overlap
improve-d6ae61dfb6a2f2e7,0,0,0,,,0,0,0,no_overlap
improve-ea5b34eb44a6e7dd,0,0,0,,,0,0,0,no_overlap
improve-22c0ba5ecebf92a2,0,0,0,,,0,0,0,no_overlap
improve-e7c4e916cad93999,0,0,0,,,0,0,0,no_overlap
improve-d9e0380fa2729def,0,0,0,,,0,0,0,no_overlap
improve-69b36ca459f14f40,0,0,0,,,0,0,0,no_overlap
improve-4710d852188172be,0,0,0,,,0,0,0,no_overlap
improve-3606e09c6d4b3807,0,0,0,,,0,0,0,no_overlap
improve-640e370456b2df16,0,0,0,,,0,0,0,no_overlap
improve-4a98ad435e2348bb,0,0,0,,,0,0,0,no_overlap
improve-0598b277e60fd486,0,0,0,,,0,0,0,no_overlap
improve-e1cbc36621c11598,0,0,0,,,0,0,0,no_overlap
improve-3f6332e0cb0116e9,0,0,0,,,0,0,0,no_overlap
improve-2e2689826ff6fb0e,0,0,0,,,0,0,0,no_overlap
improve-af06be56d604ebe2,0,0,0,,,0,0,0,no_overlap
improve-05be8cd88b6dbbfe,0,0,0,,,0,0,0,no_overlap
improve-876f990639b84376,0,0,0,,,0,0,0,no_overlap
improve-d6640211dfa9393c,0,0,0,,,0,0,0,no_overlap
improve-9aa3fe5058e169f3,0,0,0,,,0,0,0,no_overlap
improve-e699ecc6d3a5015c,0,0,0,,,0,0,0,no_overlap
improve-1a6ee753ea41ca3a,0,0,0,,,0,0,0,no_overlap
improve-10440866ce7a9fb4,0,0,0,,,0,0,0,no_overlap
improve-da9edd18c74df9ee,0,0,0,,,0,0,0,no_overlap
improve-36d2cb203837b0d5,0,0,0,,,0,0,0,no_overlap
improve-dfa87d5c330bd9ce,0,0,0,,,0,0,0,no_overlap
improve-93e37f5b5c0700c0,0,0,0,,,0,0,0,no_overlap
improve-a33c81860d4131e8,0,0,0,,,0,0,0,no_overlap
improve-6364d675e40d03ac,0,0,0,,,0,0,0,no_overlap
improve-6c3d1468395e59ed,0,0,0,,,0,0,0,no_overlap
improve-a79501e02892c49a,0,0,0,,,0,0,0,no_overlap
improve-f481f81303ddaceb,0,0,0,,,0,0,0,no_overlap
improve-f3d396507e495ccb,0,0,0,,,0,0,0,no_overlap
improve-1b201e0a008071c9,0,0,0,,,0,0,0,no_overlap
improve-a3864b791bc5292a,0,0,0,,,0,0,0,no_overlap
improve-86e961dbf55f6ef9,0,0,0,,,0,0,0,no_overlap
improve-076f9a3868ada052,0,0,0,,,0,0,0,no_overlap
improve-e0e8f916b97e1600,0,0,0,,,0,0,0,no_overlap
improve-789259dd2d7946fb,0,0,0,,,0,0,0,no_overlap
improve-5c3422cf69850aeb,0,0,0,,,0,0,0,no_overlap
improve-d5cc18a52db5da79,0,0,0,,,0,0,0,no_overlap
improve-2de7fd2e059cffbc,0,0,0,,,0,0,0,no_overlap
improve-0d499473775724d8,0,0,0,,,0,0,0,no_overlap
improve-889dd6fd6f1afde1,0,0,0,,,0,0,0,no_overlap
improve-250363ee6144f15d,0,0,0,,,0,0,0,no_overlap
improve-7f2b83db705ea25b,0,0,0,,,0,0,0,no_overlap
improve-73e1027febf0841d,0,0,0,,,0,0,0,no_overlap
improve-2f7cd394cf150370,0,0,0,,,0,0,0,no_overlap
improve-cea0a216610a9c28,0,0,0,,,0,0,0,no_overlap
improve-6e31e66ea252e6fc,0,0,0,,,0,0,0,no_overlap
improve-eabdb32e50db4a31,0,0,0,,,0,0,0,no_overlap
improve-d8459ae1d73b531c,0,0,0,,,0,0,0,no_overlap
improve-7fd1215c7b1c53ca,0,0,0,,,0,0,0,no_overlap
improve-e2acbc6561e4042f,0,0,0,,,0,0,0,no_overlap
improve-5b3ba38ae2cdb517,0,0,0,,,0,0,0,no_overlap
improve-740f63d3f201e6dc,0,0,0,,,0,0,0,no_overlap
improve-507b436b092a4c6a,0,0,0,,,0,0,0,no_overlap
improve-708b07258a01721d,0,0,0,,,0,0,0,no_overlap
improve-eaa2d5ef01c00dc1,0,0,0,,,0,0,0,no_overlap
improve-a3a1c8e8ff654417,0,0,0,,,0,0,0,no_overlap
improve-74fe812114988e06,0,0,0,,,0,0,0,no_overlap
improve-fcb12e234dcd13bc,0,0,0,,,0,0,0,no_overlap
improve-200c71a055845140,0,0,0,,,0,0,0,no_overlap
improve-15c0c23e8f5ad2cd,0,0,0,,,0,0,0,no_overlap
improve-c5cde8086603c3b8,0,0,0,,,0,0,0,no_overlap
improve-5b5ef36e33e865f7,0,0,0,,,0,0,0,no_overlap
improve-e1689bfd4486dd73,0,0,0,,,0,0,0,no_overlap
improve-2780879617a6eb57,0,0,0,,,0,0,0,no_overlap
improve-a32d20b228eef11c,0,0,0,,,0,0,0,no_overlap
improve-5c146148caf7ebec,0,0,0,,,0,0,0,no_overlap
improve-9bfd3a10b4bc9f38,0,0,0,,,0,0,0,no_overlap
improve-fa6d7570e7bd04ac,0,0,0,,,0,0,0,no_overlap
improve-b22bcd2ac42f9e3e,0,0,0,,,0,0,0,no_overlap
improve-bcffa1c255f21325,0,0,0,,,0,0,0,no_overlap
improve-fcc0960cb772ed2b,0,0,0,,,0,0,0,no_overlap
improve-d5f6ef05253c1102,0,0,0,,,0,0,0,no_overlap
improve-fa952c6ff844466e,0,0,0,,,0,0,0,no_overlap
improve-d11440ea03eda4fb,0,0,0,,,0,0,0,no_overlap
improve-e953804347e872a9,0,0,0,,,0,0,0,no_overlap
improve-cd29c05e0b433ee0,0,0,0,,,0,0,0,no_overlap
improve-ed1e993b25f9c244,0,0,0,,,0,0,0,no_overlap
improve-e78569a9bc0e4ad9,0,0,0,,,0,0,0,no_overlap
improve-bbd174b828cc2dbf,0,0,0,,,0,0,0,no_overlap
improve-94b96c69ce96d4fd,0,0,0,,,0,0,0,no_overlap
improve-9dc23269fa7dfc67,0,0,0,,,0,0,0,no_overlap
improve-12187985f2a1a1be,0,0,0,,,0,0,0,no_overlap
improve-e7d1599d9af1982d,0,0,0,,,0,0,0,no_overlap
improve-70ed8c3d699d63f8,0,0,0,,,0,0,0,no_overlap
improve-c9d9d4edafcf395d,0,0,0,,,0,0,0,no_overlap
improve-1fe04e0158e3a08c,0,0,0,,,0,0,0,no_overlap
improve-1cc59439b05894da,0,0,0,,,0,0,0,no_overlap
improve-f664a358e77597ad,0,0,0,,,0,0,0,no_overlap
improve-729d6344f48bee58,0,0,0,,,0,0,0,no_overlap
improve-907c4cf39e2785f4,0,0,0,,,0,0,0,no_overlap
improve-c6ea9e796a22c1f2,0,0,0,,,0,0,0,no_overlap
improve-40b5875189fab34e,0,0,0,,,0,0,0,no_overlap
improve-905c82f003268d13,0,0,0,,,0,0,0,no_overlap
improve-3b4aba62fbdfe282,0,0,0,,,0,0,0,no_overlap
improve-da36b17c6a3ef617,0,0,0,,,0,0,0,no_overlap
improve-ca5122d04d9b2aab,0,0,0,,,0,0,0,no_overlap
improve-31ef44c3f1f9f518,0,0,0,,,0,0,0,no_overlap
improve-5837b46c6012d657,0,0,0,,,0,0,0,no_overlap
improve-87f7ad22885a7ea8,0,0,0,,,0,0,0,no_overlap
improve-033eacc1aa9f7480,0,0,0,,,0,0,0,no_overlap
improve-a421db3cd7281060,0,0,0,,,0,0,0,no_overlap
improve-a4d9d57cff0a54fa,0,0,0,,,0,0,0,no_overlap
improve-95be8e2cffb9b209,0,0,0,,,0,0,0,no_overlap
improve-ee04bfa92300e825,0,0,0,,,0,0,0,no_overlap
improve-95773b9aeaad29a2,0,0,0,,,0,0,0,no_overlap
improve-1a68cbd503faaa31,0,0,0,,,0,0,0,no_overlap
improve-260414b947efd003,0,0,0,,,0,0,0,no_overlap
improve-e48de69db6f2cb88,0,0,0,,,0,0,0,no_overlap
improve-db37f0ca439f7429,0,0,0,,,0,0,0,no_overlap
improve-ded06305d7a0d77e,0,0,0,,,0,0,0,no_overlap
improve-ac70bde926e622ed,0,0,0,,,0,0,0,no_overlap
improve-7baa6acdb51c532b,0,0,0,,,0,0,0,no_overlap
improve-e1e24e10c44cf07d,0,0,0,,,0,0,0,no_overlap
improve-2dbfbecf5b6a2d1a,0,0,0,,,0,0,0,no_overlap
improve-252c5d4ecccde7d3,0,0,0,,,0,0,0,no_overlap
improve-588fb3a98fb01219,0,0,0,,,0,0,0,no_overlap
improve-fe0f572457710442,0,0,0,,,0,0,0,no_overlap
improve-e9ab0b2533749371,0,0,0,,,0,0,0,no_overlap
improve-f7435803c95f5df3,0,0,0,,,0,0,0,no_overlap
improve-7ccf849b2dd187e7,0,0,0,,,0,0,0,no_overlap
improve-9d6d434a080ff3d7,0,0,0,,,0,0,0,no_overlap
improve-02a76072e0b25871,0,0,0,,,0,0,0,no_overlap
improve-f61ab5ab219d45f2,0,0,0,,,0,0,0,no_overlap
improve-4b602de8b2300e41,0,0,0,,,0,0,0,no_overlap
improve-e1d8028fdff02301,0,0,0,,,0,0,0,no_overlap
improve-54419d5a625c1d2f,0,0,0,,,0,0,0,no_overlap
improve-df3adadc6b55e606,0,0,0,,,0,0,0,no_overlap
improve-79b3d11f8b07ffd2,0,0,0,,,0,0,0,no_overlap
improve-2453d6bd9cf030fd,0,0,0,,,0,0,0,no_overlap
improve-f14ff6fdeba569c4,0,0,0,,,0,0,0,no_overlap
improve-f2fcade5ba28be55,0,0,0,,,0,0,0,no_overlap
improve-0695bdeeb9511e38,0,0,0,,,0,0,0,no_overlap
improve-6c41c0b7799c3b24,0,0,0,,,0,0,0,no_overlap
improve-0603573d45188082,0,0,0,,,0,0,0,no_overlap
improve-d22072c6b4913f11,0,0,0,,,0,0,0,no_overlap
improve-abe8994b1f0bb4fa,0,0,0,,,0,0,0,no_overlap
improve-497cc76200071740,0,0,0,,,0,0,0,no_overlap
improve-e8308817697f836c,0,0,0,,,0,0,0,no_overlap
improve-ecece0327ce5d347,0,0,0,,,0,0,0,no_overlap
improve-318a9e2a12755f2e,0,0,0,,,0,0,0,no_overlap
improve-0e94bfed1fd920ac,0,0,0,,,0,0,0,no_overlap
improve-4cedea62d2d8849d,0,0,0,,,0,0,0,no_overlap
improve-cb53f6d7ea476a44,0,0,0,,,0,0,0,no_overlap
improve-21b923e33cd5b1dd,0,0,0,,,0,0,0,no_overlap
improve-c0009aa1cc8d3c24,0,0,0,,,0,0,0,no_overlap
improve-b526e361c45f5278,0,0,0,,,0,0,0,no_overlap
improve-eefff19a4a8fcc27,0,0,0,,,0,0,0,no_overlap
improve-8de9192b5e43197f,0,0,0,,,0,0,0,no_overlap
improve-867aa473a3e90c24,0,0,0,,,0,0,0,no_overlap
improve-dcea9627a905464a,0,0,0,,,0,0,0,no_overlap
improve-8b5e37bb25a5fbeb,0,0,0,,,0,0,0,no_overlap
improve-16955107f7d0ea96,0,0,0,,,0,0,0,no_overlap
improve-aa65f8b37e9212a1,0,0,0,,,0,0,0,no_overlap
improve-8a5d2206825fc6d8,1,0,0,,,0,0,0,no_overlap
improve-2d1df2b9a97e0eb1,0,1,1,0,0,1,0,0,exact_label_concordant
improve-b186a56aabddbc74,0,1,1,0,0,1,0,0,exact_label_concordant
improve-2962e15dc3cf3ac6,1,0,0,,,0,0,0,no_overlap
improve-151167402ef81da0,0,0,0,,,0,0,0,no_overlap
improve-21d1b57eed0c2401,0,0,0,,,0,0,0,no_overlap
improve-c114870f6e6f637c,0,0,0,,,0,0,0,no_overlap
improve-0aff9a53463b109a,0,0,0,,,0,0,0,no_overlap
improve-2bc0d483d118dbf6,0,0,0,,,0,0,0,no_overlap
improve-4d8a9f943fda7b81,0,0,0,,,0,0,0,no_overlap
improve-4bcc4c7f105365c8,0,0,0,,,0,0,0,no_overlap
improve-91084b8b3a432950,0,0,0,,,0,0,0,no_overlap
improve-866c44b99a3fb9f9,0,0,0,,,0,0,0,no_overlap
improve-6ef152a68c1af75f,0,0,0,,,0,0,0,no_overlap
improve-9b07403b7ced2a30,0,0,0,,,0,0,0,no_overlap
improve-2ad0e607b041a1f4,0,0,0,,,0,0,0,no_overlap
improve-48db1c84133fab67,0,0,0,,,0,0,0,no_overlap
improve-aab1b3c9a1f92f0e,0,0,0,,,0,0,0,no_overlap
improve-a3a9357798b2c596,0,0,0,,,0,0,0,no_overlap
improve-e7ce87a85aab2f7c,0,0,0,,,0,0,0,no_overlap
improve-2abb365a0b90491b,0,0,0,,,0,0,0,no_overlap
improve-be9d16342eb23398,0,0,0,,,0,0,0,no_overlap
improve-c0f96231abb7a5e3,0,0,0,,,0,0,0,no_overlap
improve-b3b75b5baff36095,0,0,0,,,0,0,0,no_overlap
improve-392c1d1588b182d7,0,0,0,,,0,0,0,no_overlap
improve-f2cf39e308ec9bca,0,0,0,,,0,0,0,no_overlap
improve-eff5dc83223d2e8e,0,0,0,,,0,0,0,no_overlap
improve-98f9cb9528f25b08,0,0,0,,,0,0,0,no_overlap
improve-9e410f8ba90eee2c,0,0,0,,,0,0,0,no_overlap
improve-19c027f7ea0ae39f,0,0,0,,,0,0,0,no_overlap
improve-d5ac33a816aa0862,0,0,0,,,0,0,0,no_overlap
improve-829bb553ed7ef232,0,0,0,,,0,0,0,no_overlap
improve-9c5b2a9ec99a0ab8,0,0,0,,,0,0,0,no_overlap
improve-75e8034296458b63,0,0,0,,,0,0,0,no_overlap
improve-5fe7afaa7d70c2e8,0,0,0,,,0,0,0,no_overlap
improve-fd9890711423f159,0,0,0,,,0,0,0,no_overlap
improve-bed05cd06e1d390d,0,0,0,,,0,0,0,no_overlap
improve-5e478eb0d25a3a66,0,0,0,,,0,0,0,no_overlap
improve-73fb3cb790e167ef,0,0,0,,,0,0,0,no_overlap
improve-37a489584edbc07a,0,0,0,,,0,0,0,no_overlap
improve-8a61f7878e7eebba,0,0,0,,,0,0,0,no_overlap
improve-ab54d661eee85667,0,0,0,,,0,0,0,no_overlap
improve-24c64e09f4adddf8,0,0,0,,,0,0,0,no_overlap
improve-f8ba2090a53ab1fe,0,0,0,,,0,0,0,no_overlap
improve-bccb7d38eff0c4ba,0,0,0,,,0,0,0,no_overlap
improve-87a5cb22c833d97e,0,0,0,,,0,0,0,no_overlap
improve-eea1c0aa33ddcdb2,0,0,0,,,0,0,0,no_overlap
improve-369e3b7dcb3a2985,0,0,0,,,0,0,0,no_overlap
improve-e9ca07b4329a6f8e,0,0,0,,,0,0,0,no_overlap
improve-e3fbb9c9c21ef208,0,0,0,,,0,0,0,no_overlap
improve-78e48de78c2e24c4,0,0,0,,,0,0,0,no_overlap
improve-d59650d3a59305f7,0,0,0,,,0,0,0,no_overlap
improve-25019fc46d823dcf,0,0,0,,,0,0,0,no_overlap
improve-cef5f459f69bc4f5,0,1,1,1,0,1,0,0,exact_label_conflict
improve-eeb37ca1f5c36eb2,0,0,0,,,0,0,0,no_overlap
improve-507352f40fc9e953,0,0,0,,,0,0,0,no_overlap
improve-49fe30483a6680f5,0,0,0,,,0,0,0,no_overlap
improve-bd62ea04e1b9d8d6,0,0,0,,,0,0,0,no_overlap
improve-ec0b75f672e2aed9,0,0,0,,,0,0,0,no_overlap
improve-dd0db0a025ad9c9b,0,0,0,,,0,0,0,no_overlap
improve-6377ab2c8820732b,0,0,0,,,0,0,0,no_overlap
improve-25805ef3ff01553a,0,0,0,,,0,0,0,no_overlap
improve-2799fc566cc7ac41,0,0,0,,,0,0,0,no_overlap
improve-7b95a1f8a52e4343,0,0,0,,,0,0,0,no_overlap
improve-c6e1589e6b0ad02f,0,0,0,,,0,0,0,no_overlap
improve-6c45bffd07e050b5,0,0,0,,,0,0,0,no_overlap
improve-8ae541c3a9232394,1,0,0,,,0,0,0,no_overlap
improve-2ac8a0e6e46275fe,0,0,0,,,0,0,0,no_overlap
improve-8a730d26c549fe72,0,0,0,,,0,0,0,no_overlap
improve-fe27ebc01ac08b2f,0,0,0,,,0,0,0,no_overlap
improve-435f3a0105e4cb06,0,0,0,,,0,0,0,no_overlap
improve-e6c5a62916296765,0,0,0,,,0,0,0,no_overlap
improve-d2843bed509c3b6b,0,0,0,,,0,0,0,no_overlap
improve-2b65cdcbbdf559bc,0,0,0,,,0,0,0,no_overlap
improve-fa227a918c0fb9ca,0,0,0,,,0,0,0,no_overlap
improve-67b2bb373470cd34,0,0,0,,,0,0,0,no_overlap
improve-19eb3ec8f043058e,0,0,0,,,0,0,0,no_overlap
improve-bd70e0654cfbe1a5,0,0,0,,,0,0,0,no_overlap
improve-8b323d82ebc82296,1,0,0,,,0,0,0,no_overlap
improve-cb5a6102823c1be0,0,0,0,,,0,0,0,no_overlap
improve-2f6e18826dd7a59e,0,0,0,,,0,0,0,no_overlap
improve-b81e330cd02ec723,0,0,0,,,0,0,0,no_overlap
improve-0eed94bf75233e4c,0,0,0,,,0,0,0,no_overlap
improve-bac1f30cde4f9583,0,0,0,,,0,0,0,no_overlap
improve-49b1878dc9294b8f,0,0,0,,,0,0,0,no_overlap
improve-0ccf3fa6f1718d00,0,0,0,,,0,0,0,no_overlap
improve-fe48ba4b66cc506b,0,0,0,,,0,0,0,no_overlap
improve-a51d3ad9e84bb47f,0,0,0,,,0,0,0,no_overlap
improve-d258d8d02b037888,0,0,0,,,0,0,0,no_overlap
improve-ac51aaa365482b7d,0,0,0,,,0,0,0,no_overlap
improve-2fb8680918c1211b,0,0,0,,,0,0,0,no_overlap
improve-af3fd2f92c6e6aa7,0,0,0,,,0,0,0,no_overlap
improve-92599d45841786be,0,0,0,,,0,0,0,no_overlap
improve-a26af5c36155c449,0,0,0,,,0,0,0,no_overlap
improve-ce16b7213797fae8,0,0,0,,,0,0,0,no_overlap
improve-46349c103690d787,0,0,0,,,0,0,0,no_overlap
improve-65ce2a9f835eecb4,0,0,0,,,0,0,0,no_overlap
improve-a966a86320acaf72,0,0,0,,,0,0,0,no_overlap
improve-e2876b877d796ce2,0,0,0,,,0,0,0,no_overlap
improve-de60e96e0247d4a5,0,0,0,,,0,0,0,no_overlap
improve-8789b84086ae0757,0,0,0,,,0,0,0,no_overlap
improve-6aee20ae219aa590,0,0,0,,,0,0,0,no_overlap
improve-77fff5c172ebbf87,0,1,1,1,0,1,0,0,exact_label_conflict
improve-b0ffa01a826e8deb,1,0,0,,,0,0,0,no_overlap
improve-7b065779c499e624,0,1,1,1,0,1,0,0,exact_label_conflict
improve-d3b88462c779b171,0,0,0,,,0,0,0,no_overlap
improve-5567b1b498b1bec6,0,0,0,,,0,0,0,no_overlap
improve-6943c7e69aba8bff,0,0,0,,,0,0,0,no_overlap
improve-f00f5ca2fb14ebfb,0,0,0,,,0,0,0,no_overlap
improve-f9ec88d2cec0bf2f,0,0,0,,,0,0,0,no_overlap
improve-af57068f743bc06f,0,0,0,,,0,0,0,no_overlap
improve-60d47be11591d48d,0,0,0,,,0,0,0,no_overlap
improve-8cbc14da8e00d344,0,0,0,,,0,0,0,no_overlap
improve-2fdcc12de4708dc1,0,0,0,,,0,0,0,no_overlap
improve-d0c428307b0d3cca,0,0,0,,,0,0,0,no_overlap
improve-5d388d911d10601a,0,0,0,,,0,0,0,no_overlap
improve-1fe78d1e528e1c2a,0,0,0,,,0,0,0,no_overlap
improve-8bbbd6f201a5c075,0,0,0,,,0,0,0,no_overlap
improve-44f9799311a05882,0,0,0,,,0,0,0,no_overlap
improve-6caddcc98469c4e3,0,0,0,,,0,0,0,no_overlap
improve-381cfe0961a0d93a,0,0,0,,,0,0,0,no_overlap
improve-9b99afec570666ab,0,0,0,,,0,0,0,no_overlap
improve-7bee9706ab346670,0,0,0,,,0,0,0,no_overlap
improve-defc3e734b55436b,0,0,0,,,0,0,0,no_overlap
improve-047233fc093b1358,0,0,0,,,0,0,0,no_overlap
improve-ce3e26e61ead4951,0,0,0,,,0,0,0,no_overlap
improve-1bb9d483cb0cb635,0,0,0,,,0,0,0,no_overlap
improve-9b99cc14dcf8c0ba,0,0,0,,,0,0,0,no_overlap
improve-e32bc43da5729225,0,0,0,,,0,0,0,no_overlap
improve-30c922e8af7ff077,0,0,0,,,0,0,0,no_overlap
improve-bb5c72fe91309bf3,0,0,0,,,0,0,0,no_overlap
improve-43285b0b800abc49,0,0,0,,,0,0,0,no_overlap
improve-df0e37e578339174,0,0,0,,,0,0,0,no_overlap
improve-7019e633d93a3e23,1,0,0,,,0,0,0,no_overlap
improve-c53989f1a6cd2693,0,0,0,,,0,0,0,no_overlap
improve-61d57cd1cdc65efe,0,0,0,,,0,0,0,no_overlap
improve-20170d1e8290a21a,0,0,0,,,0,0,0,no_overlap
improve-6ed362a47d1dab7a,0,0,0,,,0,0,0,no_overlap
improve-200af98fbecccd6a,0,0,0,,,0,0,0,no_overlap
improve-c8c9294a416bfd39,0,0,0,,,0,0,0,no_overlap
improve-f876bf229e6f7762,0,0,0,,,0,0,0,no_overlap
improve-453919c1eef73e2d,0,0,0,,,0,0,0,no_overlap
improve-9e3506da15fc5a45,1,0,0,,,0,0,0,no_overlap
improve-d133cdcab3c77edb,0,0,0,,,0,0,0,no_overlap
improve-b488b2f0b7faf60a,0,0,0,,,0,0,0,no_overlap
improve-f3e10ba907e00dda,0,0,0,,,0,0,0,no_overlap
improve-4d19da34eef329f6,0,0,0,,,0,0,0,no_overlap
improve-aefacf7ecdb98892,0,0,0,,,0,0,0,no_overlap
improve-ec880f5445d50092,0,0,0,,,0,0,0,no_overlap
improve-fbaa9d33f7cddd2a,0,0,0,,,0,0,0,no_overlap
improve-9c8e3f49be4c39a4,0,0,0,,,0,0,0,no_overlap
improve-5b58d0694e4815dd,0,0,0,,,0,0,0,no_overlap
improve-0f1f5acfa7593755,0,0,0,,,0,0,0,no_overlap
improve-6da47d2dca88434c,0,0,0,,,0,0,0,no_overlap
improve-d4603ae5c782e5d7,0,0,0,,,0,0,0,no_overlap
improve-8a5fb4951a0a1363,0,0,0,,,0,0,0,no_overlap
improve-9b172459110b8fec,0,0,0,,,0,0,0,no_overlap
improve-3d550f2ae696f759,0,0,0,,,0,0,0,no_overlap
improve-3f6b94f1eea4a51a,0,0,0,,,0,0,0,no_overlap
improve-c0fc8cd69219c2b4,0,0,0,,,0,0,0,no_overlap
improve-d88467d06a6145ff,1,0,0,,,0,0,0,no_overlap
improve-fc9a29d160f2f190,0,0,0,,,0,0,0,no_overlap
improve-fa3e81782d6b763a,0,0,0,,,0,0,0,no_overlap
improve-849fe3e27a1db965,0,0,0,,,0,0,0,no_overlap
improve-e094a3f1273402ff,0,0,1,,,0,0,0,peptide_only_different_hla
improve-ebed098791f78597,0,0,0,,,0,0,0,no_overlap
improve-f1f4bb777e1279be,0,0,0,,,0,0,0,no_overlap
improve-c5bba8814d9375d3,0,0,0,,,0,0,0,no_overlap
improve-c4b8c476b45525c7,0,0,0,,,0,0,0,no_overlap
improve-c3ed5486cff333d3,0,0,1,,,0,0,0,peptide_only_different_hla
improve-7d9e072984159399,0,0,0,,,0,0,0,no_overlap
improve-5d5765c463cceaa1,0,0,0,,,0,0,0,no_overlap
improve-2d211d117c2e45c4,0,0,0,,,0,0,0,no_overlap
improve-553c619e816ae6fe,0,0,0,,,0,0,0,no_overlap
improve-7f35ed5db8a89f0a,0,0,0,,,0,0,0,no_overlap
improve-bf614b2e24d44eff,0,0,0,,,0,0,0,no_overlap
improve-f4c34a9c89efbb59,0,0,0,,,0,0,0,no_overlap
improve-50dfc7c97f7ea5c9,0,0,0,,,0,0,0,no_overlap
improve-e68f1283144ff576,0,0,0,,,0,0,0,no_overlap
improve-2e1ac8a055b1cfbd,0,0,0,,,0,0,0,no_overlap
improve-a1324b825de84483,0,0,0,,,0,0,0,no_overlap
improve-f00206969abc6b03,0,0,0,,,0,0,0,no_overlap
improve-ac9b6ba83be18fd5,0,0,0,,,0,0,0,no_overlap
improve-fbfc5a12904c9cd0,0,0,0,,,0,0,0,no_overlap
improve-b96ba893b6aa62fc,0,0,0,,,0,0,0,no_overlap
improve-4c00d2ba6d73e3db,0,0,0,,,0,0,0,no_overlap
improve-7a9a02de111d1c5d,0,0,0,,,0,0,0,no_overlap
improve-26dd05d3ff3ea0f4,0,0,0,,,0,0,0,no_overlap
improve-39b86dfc9a337b15,0,0,0,,,0,0,0,no_overlap
improve-a80af809e2ffe4bb,0,0,0,,,0,0,0,no_overlap
improve-154ecef2dc4be05c,0,0,0,,,0,0,0,no_overlap
improve-657fb0dd44a71c7c,0,0,0,,,0,0,0,no_overlap
improve-411ccb8adddc31f5,0,0,0,,,0,0,0,no_overlap
improve-9a1d09b8c383cd28,0,0,0,,,0,0,0,no_overlap
improve-38b05671744cdbc6,0,0,0,,,0,0,0,no_overlap
improve-e46fcea86da0dfc1,0,0,0,,,0,0,0,no_overlap
improve-f93a2b2f52a9b06d,0,0,0,,,0,0,0,no_overlap
improve-aa5950d7a4c627b6,0,0,0,,,0,0,0,no_overlap
improve-8aea97499a07051a,0,0,0,,,0,0,0,no_overlap
improve-31b34f46c87bf799,0,0,0,,,0,0,0,no_overlap
improve-bd6147881a9819df,1,0,0,,,0,0,0,no_overlap
improve-d7b6d9932aaffc74,0,0,0,,,0,0,0,no_overlap
improve-bc2bd36ca441323a,0,0,0,,,0,0,0,no_overlap
improve-c19a58aa5b34ccaf,0,0,0,,,0,0,0,no_overlap
improve-991db3dbdc6b4f6f,0,0,0,,,0,0,0,no_overlap
improve-b3b16e005eb0f249,0,0,0,,,0,0,0,no_overlap
improve-02f3a37479054a0d,0,0,0,,,0,0,0,no_overlap
improve-f50a89fcac7f85df,0,0,0,,,0,0,0,no_overlap
improve-efee0d4725ded087,0,0,0,,,0,0,0,no_overlap
improve-dc0a67bbc66499da,0,0,0,,,0,0,0,no_overlap
improve-6de9abaeb09aa293,0,0,0,,,0,0,0,no_overlap
improve-6397b8d325451979,0,0,0,,,0,0,0,no_overlap
improve-4aee4af8129f2d1f,0,0,0,,,0,0,0,no_overlap
improve-5c8f61f6fdb80d8a,0,0,0,,,0,0,0,no_overlap
improve-2fca9843f98f8d40,0,0,0,,,0,0,0,no_overlap
improve-ec5ff56e90ca180d,0,0,0,,,0,0,0,no_overlap
improve-286b4784e1354ec5,0,0,0,,,0,0,0,no_overlap
improve-63b0808548e37523,0,0,0,,,0,0,0,no_overlap
improve-3db38e4a98d22d98,0,0,0,,,0,0,0,no_overlap
improve-457f720e8e628c18,0,0,0,,,0,0,0,no_overlap
improve-ad0d5d349dd86857,0,0,0,,,0,0,0,no_overlap
improve-9be5d44a15de0000,0,0,0,,,0,0,0,no_overlap
improve-745109d18daa27fd,0,0,0,,,0,0,0,no_overlap
improve-b1f9b83db9606cc3,0,0,0,,,0,0,0,no_overlap
improve-e07ef0530fc10197,0,0,0,,,0,0,0,no_overlap
improve-aaad0ebcead156db,0,0,0,,,0,0,0,no_overlap
improve-059a4f973d732dc6,0,0,0,,,0,0,0,no_overlap
improve-c4671a5481dc8d0e,0,0,0,,,0,0,0,no_overlap
improve-390cdadb68633365,0,0,0,,,0,0,0,no_overlap
improve-bd97358548cdebbb,0,0,0,,,0,0,0,no_overlap
improve-59ebfecc769418a3,0,0,0,,,0,0,0,no_overlap
improve-48d32b9fb1c693e1,0,0,0,,,0,0,0,no_overlap
improve-8bed0061b9bab2bc,0,0,0,,,0,0,0,no_overlap
improve-685852df2412f223,0,0,0,,,0,0,0,no_overlap
improve-57d15b8176002c60,0,0,0,,,0,0,0,no_overlap
improve-65c1b9a8804172f4,0,0,0,,,0,0,0,no_overlap
improve-afb66c607922cf63,0,0,0,,,0,0,0,no_overlap
improve-d9536af7dd5a835a,0,0,0,,,0,0,0,no_overlap
improve-b9ff26ec612d6325,0,0,0,,,0,0,0,no_overlap
improve-34e17a322f8ee07e,0,0,0,,,0,0,0,no_overlap
improve-8534fad980bda92c,0,0,0,,,0,0,0,no_overlap
improve-5f2fab989ff1ea98,0,0,0,,,0,0,0,no_overlap
improve-17b1acf75305b776,0,0,0,,,0,0,0,no_overlap
improve-97e3ab64ea8367b7,0,0,0,,,0,0,0,no_overlap
improve-8f4e683309d911de,0,0,0,,,0,0,0,no_overlap
improve-2aa906d8aa5edb40,0,0,0,,,0,0,0,no_overlap
improve-6048c5ead64ae34f,0,0,0,,,0,0,0,no_overlap
improve-d86400c459bb0216,0,0,0,,,0,0,0,no_overlap
improve-61a0f0f6af325f7f,0,0,0,,,0,0,0,no_overlap
improve-1f5d1434ffcab38c,0,0,0,,,0,0,0,no_overlap
improve-740599ef6befd68c,1,0,0,,,0,0,0,no_overlap
improve-75940ffb2b2ec7ff,0,0,0,,,0,0,0,no_overlap
improve-5e5e5a83e0849981,0,0,0,,,0,0,0,no_overlap
improve-a54791e026089d87,1,0,0,,,0,0,0,no_overlap
improve-2b79c98748f3959a,0,0,0,,,0,0,0,no_overlap
improve-467bcda311e71471,0,0,0,,,0,0,0,no_overlap
improve-3e8dd574ad29bf3e,0,0,0,,,0,0,0,no_overlap
improve-019ce5ad25137b2d,0,0,0,,,0,0,0,no_overlap
improve-9601e70eb3d27e51,0,0,0,,,0,0,0,no_overlap
improve-6a7788ff092206b8,0,0,0,,,0,0,0,no_overlap
improve-997d72f3cd1a9bb0,0,0,0,,,0,0,0,no_overlap
improve-7f197b61c35818fa,0,0,0,,,0,0,0,no_overlap
improve-afc5c4049619a946,0,0,0,,,0,0,0,no_overlap
improve-5c5c75c0ab1f9fd0,0,0,0,,,0,0,0,no_overlap
improve-b60006c099e6088f,0,0,0,,,0,0,0,no_overlap
improve-b45803e2c1fb163b,0,0,0,,,0,0,0,no_overlap
improve-8af0d01f20408a87,0,0,0,,,0,0,0,no_overlap
improve-589a69f4358d7a65,0,0,0,,,0,0,0,no_overlap
improve-526b9ba19b40da0f,0,1,1,0,0,1,0,0,exact_label_concordant
improve-5a08c35792276bc3,0,0,0,,,0,0,0,no_overlap
improve-b348fd8a08775193,0,0,0,,,0,0,0,no_overlap
improve-15e460617a4d85b2,0,0,0,,,0,0,0,no_overlap
improve-09fad62b6572b312,0,0,0,,,0,0,0,no_overlap
improve-54dd3b1408275c71,0,0,0,,,0,0,0,no_overlap
improve-9893324ce9ec5f6d,0,0,0,,,0,0,0,no_overlap
improve-9f95e50fa47582b3,0,0,0,,,0,0,0,no_overlap
improve-30f6820cfc176dba,0,0,0,,,0,0,0,no_overlap
improve-d3b0afcd30f9249b,0,0,0,,,0,0,0,no_overlap
improve-05984c983e2eb805,0,0,0,,,0,0,0,no_overlap
improve-92604a12bd6832bd,0,0,0,,,0,0,0,no_overlap
improve-be233f7bb49d5189,0,0,0,,,0,0,0,no_overlap
improve-c3c1cd33ec61c084,0,0,0,,,0,0,0,no_overlap
improve-214360da696221bc,0,0,0,,,0,0,0,no_overlap
improve-69babd5844a0578c,0,0,0,,,0,0,0,no_overlap
improve-bd6ae962d41eaed3,0,0,0,,,0,0,0,no_overlap
improve-bbfa072dced765d9,0,0,0,,,0,0,0,no_overlap
improve-817910c3f368c04b,0,0,0,,,0,0,0,no_overlap
improve-1491ed4b4b6031b8,0,0,0,,,0,0,0,no_overlap
improve-a59fe5e72f91e156,0,0,0,,,0,0,0,no_overlap
improve-afe0ff5d726ba549,0,0,0,,,0,0,0,no_overlap
improve-0207f1f0b7c79644,0,0,0,,,0,0,0,no_overlap
improve-650e8c1e44c1af9d,0,0,0,,,0,0,0,no_overlap
improve-1a6261b69849f74a,0,0,0,,,0,0,0,no_overlap
improve-885b1165164956da,0,0,0,,,0,0,0,no_overlap
improve-44431d259aff02ba,0,0,0,,,0,0,0,no_overlap
improve-b39a7dae0e0108f8,1,0,0,,,0,0,0,no_overlap
improve-c9734ef9b96d3ffa,1,0,0,,,0,0,0,no_overlap
improve-f1cd237e3665287e,0,0,0,,,0,0,0,no_overlap
improve-a9f54de4d5513133,0,0,0,,,0,0,0,no_overlap
improve-1768cb0818b8e85a,0,0,0,,,0,0,0,no_overlap
improve-f2f0d6c15d07663a,0,0,0,,,0,0,0,no_overlap
improve-ccd5cadd346e793a,0,0,0,,,0,0,0,no_overlap
improve-cc473694ec44314d,0,0,0,,,0,0,0,no_overlap
improve-ad9a482018866852,0,0,0,,,0,0,0,no_overlap
improve-1da3bf9771422ea2,0,0,0,,,0,0,0,no_overlap
improve-76f480b4b6c1a75d,0,0,0,,,0,0,0,no_overlap
improve-10ee9e793ecbff5a,0,0,0,,,0,0,0,no_overlap
improve-3bd336461a4de2eb,0,0,0,,,0,0,0,no_overlap
improve-c0ab3fcf59c41475,0,0,0,,,0,0,0,no_overlap
improve-d4999dfbd10fa42c,0,0,0,,,0,0,0,no_overlap
improve-725215d2a3aff9af,0,0,0,,,0,0,0,no_overlap
improve-0cf6ee53810c8ca6,0,0,0,,,0,0,0,no_overlap
improve-75354442d5d49a3e,0,0,0,,,0,0,0,no_overlap
improve-a9747f2d3547d559,0,0,0,,,0,0,0,no_overlap
improve-06ddc03a9b2f8ec5,0,0,0,,,0,0,0,no_overlap
improve-c87f9b5ba961ba45,0,0,0,,,0,0,0,no_overlap
improve-51654bde4fd671f4,0,0,0,,,0,0,0,no_overlap
improve-6bd423878c2466c0,0,0,0,,,0,0,0,no_overlap
improve-a3236141d4de206d,1,0,0,,,0,0,0,no_overlap
improve-0ee9327efa1eb8a1,0,0,0,,,0,0,0,no_overlap
improve-0d55f9ba9284ddf3,0,0,0,,,0,0,0,no_overlap
improve-ee88f7585bb58118,0,0,0,,,0,0,0,no_overlap
improve-a7871afb3c2aa9f5,0,0,0,,,0,0,0,no_overlap
improve-bb80549cb239789a,0,0,0,,,0,0,0,no_overlap
improve-33c020bc10c99429,0,0,0,,,0,0,0,no_overlap
improve-93e95b78ebfc1469,0,0,0,,,0,0,0,no_overlap
improve-694c4a9640b80070,0,0,0,,,0,0,0,no_overlap
improve-0f8322bd3939d9e0,0,0,0,,,0,0,0,no_overlap
improve-b75316b642a1752d,0,0,0,,,0,0,0,no_overlap
improve-74baec058c45a2a0,0,0,0,,,0,0,0,no_overlap
improve-5accc612e9a803a2,0,0,0,,,0,0,0,no_overlap
improve-ec5343082c163eda,0,0,0,,,0,0,0,no_overlap
improve-5cf33e53774e497a,0,1,1,0,0,1,0,0,exact_label_concordant
improve-2794a28cb6dcc74f,0,0,0,,,0,0,0,no_overlap
improve-7ce63c2de0343955,0,0,0,,,0,0,0,no_overlap
improve-1b525adb3e3577e3,0,0,0,,,0,0,0,no_overlap
improve-079999f15097dc71,0,0,0,,,0,0,0,no_overlap
improve-520f83bd3a490bf0,0,0,0,,,0,0,0,no_overlap
improve-7b8af4f202b30737,0,0,0,,,0,0,0,no_overlap
improve-929c3303b7e9cd87,0,0,0,,,0,0,0,no_overlap
improve-2bfc6a9ac1132071,0,0,0,,,0,0,0,no_overlap
improve-441cdcefb14caf3c,0,0,0,,,0,0,0,no_overlap
improve-1b6c0da58c1f7b83,0,0,0,,,0,0,0,no_overlap
improve-aa149b29e6a18a7c,0,0,0,,,0,0,0,no_overlap
improve-9cb362407455e230,0,0,0,,,0,0,0,no_overlap
improve-f88b4bdfe09bf14e,0,0,0,,,0,0,0,no_overlap
improve-3fe0673a88a67613,0,0,0,,,0,0,0,no_overlap
improve-65bf8e6be3e46621,0,0,0,,,0,0,0,no_overlap
improve-3ec33b08664e82bc,1,0,0,,,0,0,0,no_overlap
improve-8a65490f832bbb78,0,0,0,,,0,0,0,no_overlap
improve-a1add5cee639f3b0,0,0,0,,,0,0,0,no_overlap
improve-1f05e20b0d645701,0,0,0,,,0,0,0,no_overlap
improve-f0eb5d00986e92e4,0,0,0,,,0,0,0,no_overlap
improve-e9284ab1d0405a9d,0,0,0,,,0,0,0,no_overlap
improve-1684755a44a58352,0,0,0,,,0,0,0,no_overlap
improve-717a9a2b6c287ae9,0,0,0,,,0,0,0,no_overlap
improve-c2a602d0f372aaad,0,0,0,,,0,0,0,no_overlap
improve-93dc464a2c1fa5f7,0,0,0,,,0,0,0,no_overlap
improve-3bc9aa477d6157b6,0,0,0,,,0,0,0,no_overlap
improve-583f45eec9cfbc9c,0,0,1,,,0,0,0,peptide_only_different_hla
improve-cd39b540bff8ce3f,0,0,0,,,0,0,0,no_overlap
improve-b5ac2e0132a911ed,0,0,0,,,0,0,0,no_overlap
improve-1e6146e8c339e67c,0,0,0,,,0,0,0,no_overlap
improve-c01e517952e38c2e,0,0,1,,,0,0,0,peptide_only_different_hla
improve-a897c611912479e8,0,0,1,,,0,0,0,peptide_only_different_hla
improve-d8f563bb5f8cdb8b,0,0,0,,,0,0,0,no_overlap
improve-098628b809feb72e,0,0,0,,,0,0,0,no_overlap
improve-4dca507ff49f1013,0,0,0,,,0,0,0,no_overlap
improve-27dd7f20af56b513,0,0,0,,,0,0,0,no_overlap
improve-52b07cda12efe79e,0,0,0,,,0,0,0,no_overlap
improve-bf7598e61d4dd769,0,0,0,,,0,0,0,no_overlap
improve-f7ec595de2f149cb,0,0,0,,,0,0,0,no_overlap
improve-9817cff54bede70f,0,0,0,,,0,0,0,no_overlap
improve-3f658e5db378b602,0,0,0,,,0,0,0,no_overlap
improve-28da0c08a5e69af3,0,0,0,,,0,0,0,no_overlap
improve-7352ba75397bfa7c,0,0,0,,,0,0,0,no_overlap
improve-a578196c646d65a2,0,0,0,,,0,0,0,no_overlap
improve-4555f6375020ece7,0,0,0,,,0,0,0,no_overlap
improve-73bcdf25913c9b8e,0,0,0,,,0,0,0,no_overlap
improve-339f38090ee42056,0,0,0,,,0,0,0,no_overlap
improve-0362e44d74827eaa,0,0,0,,,0,0,0,no_overlap
improve-14f244a772545b31,0,0,0,,,0,0,0,no_overlap
improve-57336ab3ef8273f7,0,0,0,,,0,0,0,no_overlap
improve-08a4a30df3a5243c,0,0,0,,,0,0,0,no_overlap
improve-a03a84f740093735,0,0,0,,,0,0,0,no_overlap
improve-228f9ac7dccae61c,0,0,0,,,0,0,0,no_overlap
improve-c685cdab553232d3,0,0,0,,,0,0,0,no_overlap
improve-aebd715041879d87,0,0,0,,,0,0,0,no_overlap
improve-f7857584b676a4b2,0,0,0,,,0,0,0,no_overlap
improve-141853d9f4be2f02,0,0,0,,,0,0,0,no_overlap
improve-25f279e43aa30639,0,0,0,,,0,0,0,no_overlap
improve-0d4231e050983290,0,0,0,,,0,0,0,no_overlap
improve-3636b45c442b3d89,0,0,0,,,0,0,0,no_overlap
improve-8a45f7d60ec0b060,0,0,0,,,0,0,0,no_overlap
improve-707d51226b6accae,0,0,0,,,0,0,0,no_overlap
improve-867dfabde0f6dc9d,0,0,0,,,0,0,0,no_overlap
improve-84fd1d5d3bd16edb,0,0,0,,,0,0,0,no_overlap
improve-bfab3e44cc1a4a3d,0,0,0,,,0,0,0,no_overlap
improve-d6a5f47768e42c79,0,0,0,,,0,0,0,no_overlap
improve-d9adb2853bd7ffdf,0,0,0,,,0,0,0,no_overlap
improve-7402170b6b382d85,0,0,0,,,0,0,0,no_overlap
improve-814703256ada8ee2,0,0,0,,,0,0,0,no_overlap
improve-d757051769b17cf1,0,0,0,,,0,0,0,no_overlap
improve-286f17e564fa8e5d,0,0,0,,,0,0,0,no_overlap
improve-bea682a4d57cd431,0,0,0,,,0,0,0,no_overlap
improve-3bbdaeb61278cf32,0,0,0,,,0,0,0,no_overlap
improve-a1d9de6b5fccaafc,1,1,1,1,0,1,0,0,exact_label_concordant
improve-50948fe066113089,0,0,0,,,0,0,0,no_overlap
improve-865cb7af8132499a,0,0,0,,,0,0,0,no_overlap
improve-5c93b3dda45043d5,0,0,0,,,0,0,0,no_overlap
improve-2c69f77196c2ebd6,0,0,0,,,0,0,0,no_overlap
improve-6bbbbbcb300dba12,0,0,0,,,0,0,0,no_overlap
improve-8eb1d1797a8c36ed,0,0,0,,,0,0,0,no_overlap
improve-06fde2daed9f5664,0,0,0,,,0,0,0,no_overlap
improve-a708e5a235e9f577,0,0,0,,,0,0,0,no_overlap
improve-fb25042acdd6ddff,0,1,1,1,0,1,0,0,exact_label_conflict
improve-632ca3b62f55c06f,0,0,0,,,0,0,0,no_overlap
improve-903714c11b7b4357,0,0,0,,,0,0,0,no_overlap
improve-eb99afecc8899b82,0,0,0,,,0,0,0,no_overlap
improve-72c57cddb466881b,0,0,0,,,0,0,0,no_overlap
improve-df1bbd7c728d4877,0,0,0,,,0,0,0,no_overlap
improve-b4240fa88db99600,0,0,0,,,0,0,0,no_overlap
improve-aaf6ace25b7045e2,0,0,0,,,0,0,0,no_overlap
improve-546b11892f757ddf,0,0,0,,,0,0,0,no_overlap
improve-6b70d37cdf388f06,1,0,0,,,0,1,2,no_overlap
improve-10f3b9d7e0f38c88,0,0,0,,,0,0,0,no_overlap
improve-f5ecdce23dca65c4,0,0,0,,,0,0,0,no_overlap
improve-545546b8dba0213d,0,0,0,,,0,0,0,no_overlap
improve-3141ad5366ce92ea,0,0,0,,,0,0,0,no_overlap
improve-10e584be3456f36a,0,0,0,,,0,0,0,no_overlap
improve-306753934515b6dd,0,0,0,,,0,0,0,no_overlap
improve-4b6cc7ede5c9e80a,0,0,0,,,0,0,0,no_overlap
improve-b688c145fc5ad9e2,0,0,0,,,0,0,0,no_overlap
improve-7c0cd392da7dddb4,0,0,0,,,0,0,0,no_overlap
improve-826bb76a7455368b,0,0,0,,,0,0,0,no_overlap
improve-6610c06a02ee1d3c,0,0,0,,,0,0,0,no_overlap
improve-f407c2f769b3bf80,0,0,0,,,0,0,0,no_overlap
improve-d1135bb60f29bcfa,0,0,0,,,0,0,0,no_overlap
improve-9aa127fd73994015,0,0,0,,,0,0,0,no_overlap
improve-76fd6d51a23a2386,0,0,0,,,0,0,0,no_overlap
improve-4af1989c5a5afb72,0,0,0,,,0,0,0,no_overlap
improve-4b6834522009eb22,0,0,0,,,0,0,0,no_overlap
improve-36f5728846989883,0,0,0,,,0,0,0,no_overlap
improve-33c74e32684ca13e,0,1,1,0,0,1,0,0,exact_label_concordant
improve-e62bb9adc043eec6,0,0,0,,,0,0,0,no_overlap
improve-9c3bc6f3cfef5b4c,0,1,1,0,0,1,0,0,exact_label_concordant
improve-74c53f812aa7a3f3,0,0,0,,,0,0,0,no_overlap
improve-844c3eeb57b30eba,0,0,0,,,0,0,0,no_overlap
improve-d0646b094900ba09,0,0,0,,,0,0,0,no_overlap
improve-587f5146ecd2e9d4,0,0,0,,,0,0,0,no_overlap
improve-3b108ff2da3f4c3e,0,0,0,,,0,0,0,no_overlap
improve-0cbb23de48064d96,0,0,0,,,0,0,0,no_overlap
improve-73d61a8fb5009f17,0,0,0,,,0,0,0,no_overlap
improve-b088b8cdbfda02bf,0,0,0,,,0,0,0,no_overlap
improve-176e26838d2dfea2,0,0,0,,,0,0,0,no_overlap
improve-9d647f548a79891f,0,0,0,,,0,0,0,no_overlap
improve-2d0ba17e682eb04b,0,0,0,,,0,0,0,no_overlap
improve-737bb56a39f310f1,0,0,0,,,0,0,0,no_overlap
improve-648f8dde1a8eca14,0,0,0,,,0,0,0,no_overlap
improve-3deba8ae2c5ac2aa,0,0,0,,,0,0,0,no_overlap
improve-e0eb17ae6297dcc1,0,0,0,,,0,0,0,no_overlap
improve-74c63b8611729afc,0,0,0,,,0,0,0,no_overlap
improve-ae8b5d2ec2d2d853,0,0,0,,,0,0,0,no_overlap
improve-e31d3c8fdb47cc28,0,0,0,,,0,0,0,no_overlap
improve-f0c38d882850420f,0,0,0,,,0,0,0,no_overlap
improve-c8a661f64f7d34f5,0,0,0,,,0,0,0,no_overlap
improve-50f5f2ca81a8986b,0,0,0,,,0,0,0,no_overlap
improve-b07a051700da590e,0,0,0,,,0,0,0,no_overlap
improve-2c03727429359219,0,0,0,,,0,0,0,no_overlap
improve-0ef4220d855005e4,0,0,0,,,0,0,0,no_overlap
improve-03d6e6a6edd7a769,0,0,0,,,0,0,0,no_overlap
improve-8c5ea167c42c59d6,0,0,0,,,0,0,0,no_overlap
improve-94cadd72413105a5,0,0,0,,,0,0,0,no_overlap
improve-6cd77a91aabb2b34,0,0,0,,,0,0,0,no_overlap
improve-67b8266bca70a810,0,0,0,,,0,0,0,no_overlap
improve-20da01e0f1abec9d,0,0,0,,,0,0,0,no_overlap
improve-9f4f16f0b11dcd03,0,0,0,,,0,0,0,no_overlap
improve-a3990ea2d5894527,0,0,0,,,0,0,0,no_overlap
improve-f1c079d06b4e3701,0,0,0,,,0,0,0,no_overlap
improve-04d9af0aa0aab03a,0,0,0,,,0,0,0,no_overlap
improve-0d540932d8d534a0,0,0,0,,,0,0,0,no_overlap
improve-1d0591ee82c62b0d,0,0,0,,,0,0,0,no_overlap
improve-891618432d0b96b8,0,0,0,,,0,0,0,no_overlap
improve-ce1aedf500644074,0,0,0,,,0,0,0,no_overlap
improve-1315cf0e910740a7,0,0,0,,,0,0,0,no_overlap
improve-4701a01f25269b72,0,0,0,,,0,0,0,no_overlap
improve-c57745e552ddf0e7,0,0,0,,,0,0,0,no_overlap
improve-2c954952bf6af03b,0,0,0,,,0,0,0,no_overlap
improve-b9e769f1111e62e7,0,0,0,,,0,0,0,no_overlap
improve-5d482440f25a474a,0,0,0,,,0,0,0,no_overlap
improve-60cb3a36f0892e95,0,0,0,,,0,0,0,no_overlap
improve-6a9365fb213ad1d4,0,0,0,,,0,0,0,no_overlap
improve-9249a534ff42347d,0,0,0,,,0,0,0,no_overlap
improve-a5cf5211e9b66b6f,0,0,0,,,0,0,0,no_overlap
improve-8ffc18607eb14885,0,0,0,,,0,0,0,no_overlap
improve-25be82126bd40d8b,0,0,0,,,0,0,0,no_overlap
improve-ebd6aaa6e41e387f,0,0,0,,,0,0,0,no_overlap
improve-74f88e92b164e6de,1,1,1,1,0,1,0,0,exact_label_concordant
improve-58c04d0a2aae72b0,0,0,0,,,0,0,0,no_overlap
improve-02c2e7a9e3db28a6,1,0,0,,,0,0,0,no_overlap
improve-1bc317228eaceb1a,0,0,0,,,0,0,0,no_overlap
improve-c9cde3bf884c1a9f,0,0,0,,,0,0,0,no_overlap
improve-a395f3d9ff7be27e,0,0,0,,,0,0,0,no_overlap
improve-413e092695cd9faf,0,0,0,,,0,0,0,no_overlap
improve-209fd287cd701ca6,0,0,0,,,0,0,0,no_overlap
improve-fe2833adbbacc252,0,0,0,,,0,0,0,no_overlap
improve-d64b0ea605fd00f9,0,0,0,,,0,0,0,no_overlap
improve-039c7fb1dad14014,0,0,0,,,0,0,0,no_overlap
improve-0b5c456bdc21074d,1,0,0,,,0,0,0,no_overlap
improve-ff5b8293b9d99ab8,0,0,0,,,0,0,0,no_overlap
improve-ace9a5eb5e361e22,0,0,0,,,0,0,0,no_overlap
improve-ee89e1c9e2f78bae,0,0,0,,,0,0,0,no_overlap
improve-3b3018e1281a9105,1,0,0,,,0,0,0,no_overlap
improve-8f1851a62687b333,1,0,0,,,0,0,0,no_overlap
improve-b3dfc918b1f918ce,0,0,0,,,0,0,0,no_overlap
improve-bd887c58f81b60a4,0,0,0,,,0,0,0,no_overlap
improve-deba4817dd47fca6,0,0,0,,,0,0,0,no_overlap
improve-6d63677c2d086ad0,0,0,0,,,0,0,0,no_overlap
improve-5591f06e14f2b7c6,0,0,0,,,0,0,0,no_overlap
improve-91d1ceb4e008bee3,0,1,1,0,0,1,0,0,exact_label_concordant
improve-2abbbca6dd5469b9,0,0,0,,,0,0,0,no_overlap
improve-6790757202a889b6,0,0,0,,,0,0,0,no_overlap
improve-8c21abb4d6f77928,0,0,0,,,0,0,0,no_overlap
improve-7ddf3ebb04009c82,0,0,0,,,0,0,0,no_overlap
improve-bbb87c12196ae2e3,0,0,0,,,0,0,0,no_overlap
improve-d375e3f12973669f,0,0,0,,,0,0,0,no_overlap
improve-71e463ab3467331d,0,0,0,,,0,0,0,no_overlap
improve-dfeb676e8e18ae91,0,0,0,,,0,0,0,no_overlap
improve-c2188308b6b19e60,0,0,0,,,0,0,0,no_overlap
improve-45ff35b8055d386f,0,0,0,,,0,0,0,no_overlap
improve-831f20d743c8ea23,0,0,0,,,0,0,0,no_overlap
improve-4aaed2f93360cb2b,0,0,0,,,0,0,0,no_overlap
improve-ae0c89b278bf2f74,0,0,0,,,0,0,0,no_overlap
improve-32c5232afca88369,0,0,0,,,0,0,0,no_overlap
improve-9cced187b9659f13,0,0,0,,,0,0,0,no_overlap
improve-7a9cf463daf8f6e4,0,0,0,,,0,0,0,no_overlap
improve-d1bc6e8dd46e3480,0,0,0,,,0,0,0,no_overlap
improve-df1601a246b0b85c,0,0,0,,,0,0,0,no_overlap
improve-fe13f8f7b7e8e616,1,0,0,,,0,0,0,no_overlap
improve-4166f3917a3688e7,0,0,0,,,0,0,0,no_overlap
improve-9adcbd21d0030d4e,0,0,0,,,0,0,0,no_overlap
improve-70c86770b0aebd16,0,0,0,,,0,0,0,no_overlap
improve-3fe6568efcf4a6c0,0,0,0,,,0,0,0,no_overlap
improve-0e4c4dc27808e837,0,0,0,,,0,0,0,no_overlap
improve-a6dbd5d48c645618,0,0,0,,,0,0,0,no_overlap
improve-7143ae207a22ba06,1,0,0,,,0,0,0,no_overlap
improve-5b4afbbc006fd20c,1,0,0,,,0,0,0,no_overlap
improve-5f792e239c6f0b24,0,0,0,,,0,0,0,no_overlap
improve-6e9097bf01dcff5d,0,0,0,,,0,0,0,no_overlap
improve-4158d16c6c763c43,0,0,0,,,0,0,0,no_overlap
improve-a20921f1ff5bb32b,0,0,0,,,0,0,0,no_overlap
improve-0120cb9615dc6364,0,0,0,,,0,0,0,no_overlap
improve-0ae8033abb317817,0,0,0,,,0,0,0,no_overlap
improve-fc205dc961dde09a,0,0,0,,,0,0,0,no_overlap
improve-4a59882a8858b358,0,0,0,,,0,0,0,no_overlap
improve-c902e9609963491c,0,0,0,,,0,0,0,no_overlap
improve-28bdb621f88ad6b1,0,0,0,,,0,0,0,no_overlap
improve-82145c197a251e0c,0,0,0,,,0,0,0,no_overlap
improve-1e2dd60c1f4d8bc9,0,0,0,,,0,0,0,no_overlap
improve-373eff01f2755673,0,0,0,,,0,0,0,no_overlap
improve-de5dbcc223ffe311,0,0,0,,,0,0,0,no_overlap
improve-3cc3dea10e1411ad,0,1,1,0,0,1,0,0,exact_label_concordant
improve-56283d821fe3065e,1,0,0,,,0,0,0,no_overlap
improve-07760945a68b93a8,0,0,0,,,0,0,0,no_overlap
improve-e3607936addc4bc0,0,0,0,,,0,0,0,no_overlap
improve-e8126e71e3055e09,0,0,0,,,0,0,0,no_overlap
improve-4712161392885bd2,1,0,0,,,0,0,0,no_overlap
improve-3960e096c6636f12,0,0,0,,,0,0,0,no_overlap
improve-164cafa9fd60daac,0,0,0,,,0,0,0,no_overlap
improve-67840ecb3f0186b1,0,0,0,,,0,0,0,no_overlap
improve-ea62de9c35cf14ad,0,0,0,,,0,0,0,no_overlap
improve-e7377bed043c68b6,0,0,0,,,0,0,0,no_overlap
improve-979414f7ed662278,0,0,0,,,0,0,0,no_overlap
improve-cde09db8ccdd0d1b,0,0,0,,,0,0,0,no_overlap
improve-b0cffbc5b44b0689,0,0,0,,,0,0,0,no_overlap
improve-9acf4411f523adbc,0,0,0,,,0,0,0,no_overlap
improve-f613670cc04f3e56,0,0,0,,,0,0,0,no_overlap
improve-2103867126b752b7,0,0,0,,,0,0,0,no_overlap
improve-f69cc5f6d306e82f,0,0,0,,,0,0,0,no_overlap
improve-17bdf60227f4f3b2,0,0,0,,,0,0,0,no_overlap
improve-1c01e5510b0eda20,0,0,0,,,0,0,0,no_overlap
improve-f47c5afcdb7cdd2b,0,0,0,,,0,0,0,no_overlap
improve-a609d90034603e80,0,0,0,,,0,0,0,no_overlap
improve-7ed065a83f1cb365,0,0,0,,,0,0,0,no_overlap
improve-597781d28e725afa,0,0,0,,,0,0,0,no_overlap
improve-b7fbf2e18f759344,0,0,0,,,0,0,0,no_overlap
improve-a8409ea78f6ac8a7,0,0,0,,,0,0,0,no_overlap
improve-46768ab0b45c9491,0,0,0,,,0,0,0,no_overlap
improve-0bdd96b7b1378f83,0,0,0,,,0,0,0,no_overlap
improve-6e9a216c262a7eea,0,0,0,,,0,0,0,no_overlap
improve-592298e6f09b0351,0,0,0,,,0,0,0,no_overlap
improve-3fa894030818eb51,0,0,0,,,0,0,0,no_overlap
improve-4d65a646ee8cc8b9,0,0,0,,,0,0,0,no_overlap
improve-fa0a7d1b3967cd56,0,0,0,,,0,0,0,no_overlap
improve-9253e73cbb3dcdbd,0,0,0,,,0,0,0,no_overlap
improve-ba786426ca5d61ff,0,0,0,,,0,0,0,no_overlap
improve-1796d94e73fc6383,0,0,0,,,0,0,0,no_overlap
improve-e32a765fa713810c,0,0,0,,,0,0,0,no_overlap
improve-f84eba29de34f0f0,0,0,0,,,0,0,0,no_overlap
improve-c9a68830bf5e7c50,0,0,0,,,0,0,0,no_overlap
improve-44881395a139cc3d,0,0,0,,,0,0,0,no_overlap
improve-2bf83badd69d10b5,0,0,0,,,0,0,0,no_overlap
improve-ba65f6f8b6df1fff,0,0,0,,,0,0,0,no_overlap
improve-e84fe1ce683a7ff4,0,0,0,,,0,0,0,no_overlap
improve-04ea91ec02639389,0,0,0,,,0,0,0,no_overlap
improve-5afddc03e978db40,0,0,0,,,0,0,0,no_overlap
improve-c9d2cfc4725e6a0f,0,0,0,,,0,0,0,no_overlap
improve-2edb227dfcb6b3a5,0,0,0,,,0,0,0,no_overlap
improve-9c85bffc83b6f686,0,0,0,,,0,0,0,no_overlap
improve-99b89a5500df12af,0,0,0,,,0,0,0,no_overlap
improve-7fb68f4c9118f410,0,0,0,,,0,0,0,no_overlap
improve-a5bf27938825a4a5,0,0,0,,,0,0,0,no_overlap
improve-d5b2e93278409a47,0,0,0,,,0,0,0,no_overlap
improve-e0f8a4f2214d80b5,0,0,0,,,0,0,0,no_overlap
improve-7730fe91f38bd0f1,0,0,0,,,0,0,0,no_overlap
improve-c65d13bd220fc70c,0,0,0,,,0,0,0,no_overlap
improve-f371cac969a94c3f,0,0,0,,,0,0,0,no_overlap
improve-1c93040afb3de1dd,0,0,0,,,0,0,0,no_overlap
improve-4cabda1524bb5d55,0,0,0,,,0,0,0,no_overlap
improve-86388f8b7d8144a4,0,0,0,,,0,0,0,no_overlap
improve-57eb448576dcc8c5,0,0,1,,,0,0,0,peptide_only_different_hla
improve-13eb475c0ed93d53,0,0,0,,,0,0,0,no_overlap
improve-76c41514885ce8e0,0,0,0,,,0,0,0,no_overlap
improve-107a25dcbbd5b4df,0,0,0,,,0,0,0,no_overlap
improve-87824fb20399a529,0,0,0,,,0,0,0,no_overlap
improve-7239538237faa07e,0,0,0,,,0,0,0,no_overlap
improve-dcbb08cccf746abc,0,0,0,,,0,0,0,no_overlap
improve-5780a667f65c9868,0,0,0,,,0,0,0,no_overlap
improve-8852a7c043a47750,0,0,0,,,0,0,0,no_overlap
improve-18182f378cbfb6f3,0,0,0,,,0,0,0,no_overlap
improve-51549063f2e49958,1,0,0,,,0,0,0,no_overlap
improve-be7756b8df84f841,0,0,0,,,0,0,0,no_overlap
improve-909c762533963097,0,0,0,,,0,0,0,no_overlap
improve-2dfa0d66d00285ae,0,0,0,,,0,0,0,no_overlap
improve-469999bdc6aa7ba3,0,0,0,,,0,0,0,no_overlap
improve-ef2d594b4788685b,0,1,1,0,0,1,0,0,exact_label_concordant
improve-c0185597636c75a1,0,0,0,,,0,0,0,no_overlap
improve-5372d8dd40683e57,0,0,0,,,0,0,0,no_overlap
improve-c4f9582c98cd18b0,0,0,0,,,0,0,0,no_overlap
improve-a275bf142bdef690,0,0,0,,,0,0,0,no_overlap
improve-bcecd56d9c2e181b,0,0,0,,,0,0,0,no_overlap
improve-e75ac3c4a311e32e,0,0,0,,,0,0,0,no_overlap
improve-b369bbcb03ef41d9,0,0,0,,,0,0,0,no_overlap
improve-dc34e952290194df,0,0,0,,,0,0,0,no_overlap
improve-75600c081ed0092e,0,0,0,,,0,0,0,no_overlap
improve-53ca41e4be12d9c6,0,0,0,,,0,0,0,no_overlap
improve-e8e21e459084fbed,0,0,0,,,0,0,0,no_overlap
improve-4f4be71510513a2d,0,0,0,,,0,0,0,no_overlap
improve-87806a21814634de,0,0,0,,,0,0,0,no_overlap
improve-cc977ce558ef4be3,0,0,0,,,0,0,0,no_overlap
improve-f61038e39a8ddb6f,0,0,0,,,0,0,0,no_overlap
improve-cd6a2539a16d15f4,0,0,0,,,0,0,0,no_overlap
improve-6144c684702c613e,0,0,0,,,0,0,0,no_overlap
improve-fa8590e2c105c806,0,0,0,,,0,0,0,no_overlap
improve-ab9f8274c1b898bc,0,0,0,,,0,0,0,no_overlap
improve-82246c2efb03e76b,0,0,0,,,0,0,0,no_overlap
improve-2630c18a610c0cb8,0,0,0,,,0,0,0,no_overlap
improve-d185f038d4572b2a,0,0,0,,,0,0,0,no_overlap
improve-6804f58bd205f97f,0,0,0,,,0,0,0,no_overlap
improve-25d5a57092829aea,0,0,0,,,0,0,0,no_overlap
improve-00d93859572f3c66,0,0,0,,,0,0,0,no_overlap
improve-e3cd40a67fbe9f61,0,0,0,,,0,0,0,no_overlap
improve-e3d2498d86441d84,0,0,0,,,0,0,0,no_overlap
improve-8bf15b5bd8b13225,0,0,0,,,0,0,0,no_overlap
improve-747296be070ef1de,0,0,0,,,0,0,0,no_overlap
improve-1cbb6bb160b7e805,0,0,0,,,0,0,0,no_overlap
improve-6d450914d7889466,0,0,0,,,0,0,0,no_overlap
improve-eefc419f8614cfea,0,0,0,,,0,0,0,no_overlap
improve-7c194bb11eeed1a6,0,0,0,,,0,0,0,no_overlap
improve-3ee1026768afc313,0,0,0,,,0,0,0,no_overlap
improve-8cd0922925d38bac,0,0,0,,,0,0,0,no_overlap
improve-fed1a1869c280cb7,0,0,0,,,0,0,0,no_overlap
improve-1a770406c16130ed,0,0,0,,,0,0,0,no_overlap
improve-97bf3f4dbc5c13b3,0,0,0,,,0,0,0,no_overlap
improve-22aafc64c726f71b,0,0,0,,,0,0,0,no_overlap
improve-2482ff0aa8468753,0,0,0,,,0,0,0,no_overlap
improve-559f9929ee9e374e,0,0,0,,,0,0,0,no_overlap
improve-1346f813a3b2322e,0,0,0,,,0,0,0,no_overlap
improve-6bdbebcb1e5faa34,0,0,0,,,0,0,0,no_overlap
improve-91d7a679c77dcef4,0,0,0,,,0,0,0,no_overlap
improve-5f2cc8ceedeac201,0,0,0,,,0,0,0,no_overlap
improve-1d9de59bf6e3618f,0,0,0,,,0,0,0,no_overlap
improve-0d1df053bb29c95d,0,0,0,,,0,0,0,no_overlap
improve-800e9540ff5db6aa,0,0,0,,,0,0,0,no_overlap
improve-96e18284c55f5a92,0,1,1,1,0,1,0,0,exact_label_conflict
improve-a317ee4c306b4c64,0,1,1,0,0,1,0,0,exact_label_concordant
improve-4d82f7fb93b26b62,0,0,0,,,0,0,0,no_overlap
improve-29df4fb0b67e33fd,0,0,0,,,0,0,0,no_overlap
improve-6e80f95e36144e91,0,0,0,,,0,0,0,no_overlap
improve-40647baea6b4f7ae,0,0,0,,,0,0,0,no_overlap
improve-9960f0ad0793d5d8,0,0,0,,,0,0,0,no_overlap
improve-c628c76e0862d2d7,0,0,0,,,0,0,0,no_overlap
improve-2f6f6a22e8a7e254,0,0,0,,,0,0,0,no_overlap
improve-505df3fd0a886840,0,0,0,,,0,0,0,no_overlap
improve-536302c523b5bbde,0,0,0,,,0,0,0,no_overlap
improve-051180089de2d2a0,0,0,0,,,0,0,0,no_overlap
improve-76e3f58c7235ec27,0,0,0,,,0,0,0,no_overlap
improve-8688afcc247a72b5,0,0,0,,,0,0,0,no_overlap
improve-8abfe8623e9fe845,0,0,0,,,0,0,0,no_overlap
improve-0c103d142dab0925,0,0,0,,,0,0,0,no_overlap
improve-f9b5f56577c2bed3,0,0,0,,,0,0,0,no_overlap
improve-deda234f3cdc43f5,0,0,0,,,0,0,0,no_overlap
improve-97a2082e75bf78a2,0,0,0,,,0,0,0,no_overlap
improve-a9f353eadf594d18,0,0,0,,,0,0,0,no_overlap
improve-df52eadc07a172dd,0,0,0,,,0,0,0,no_overlap
improve-a1e68935b365a6ee,0,0,0,,,0,0,0,no_overlap
improve-b19e545adf8f85a1,0,0,0,,,0,0,0,no_overlap
improve-8b1953b3fba7d439,0,0,0,,,0,0,0,no_overlap
improve-145e784a30dcab57,0,0,0,,,0,0,0,no_overlap
improve-5dd06c1492f6e1ee,1,0,0,,,0,0,0,no_overlap
improve-02fae9bde274f0b7,0,0,0,,,0,0,0,no_overlap
improve-ffa1300cc1f8b5d3,0,0,0,,,0,0,0,no_overlap
improve-03fe73f71996ec6c,0,0,0,,,0,0,0,no_overlap
improve-9818df6722a78892,0,0,0,,,0,0,0,no_overlap
improve-ccd6ec332a220bf0,0,0,0,,,0,0,0,no_overlap
improve-18827c8f8b6d5b24,0,0,0,,,0,0,0,no_overlap
improve-4a3fb0d0ac2c6d07,0,0,0,,,0,0,0,no_overlap
improve-b766e93b0d2ed0eb,0,0,0,,,0,0,0,no_overlap
improve-a21c9b452b776f85,0,0,0,,,0,0,0,no_overlap
improve-876a2eee84b750a6,0,0,0,,,0,0,0,no_overlap
improve-422ff4a256b9b1e8,0,0,0,,,0,0,0,no_overlap
improve-52a3227370d6877c,0,0,0,,,0,0,0,no_overlap
improve-b3ed77286f3e97d8,0,0,0,,,0,0,0,no_overlap
improve-a355f3d247e3d32a,0,0,0,,,0,0,0,no_overlap
improve-c76520ce8f59ff13,0,0,0,,,0,0,0,no_overlap
improve-b27b5730fad3255b,0,0,0,,,0,0,0,no_overlap
improve-f4c469e6a07135d8,0,0,0,,,0,0,0,no_overlap
improve-ae4ec8c73ec58f5b,0,0,0,,,0,0,0,no_overlap
improve-3c99320b137aeada,0,0,0,,,0,0,0,no_overlap
improve-971b346b6bb042f3,0,0,0,,,0,0,0,no_overlap
improve-a3ca472664547df7,0,0,0,,,0,0,0,no_overlap
improve-b191ea2c6c4ea57c,0,0,0,,,0,0,0,no_overlap
improve-637a7c7e65a0ea5f,0,0,0,,,0,0,0,no_overlap
improve-19ceba779192ac7c,0,0,0,,,0,0,0,no_overlap
improve-fac27f01a60eb09e,0,0,0,,,0,0,0,no_overlap
improve-808abb54231cb70a,0,0,0,,,0,0,0,no_overlap
improve-9e37b99939424eed,0,0,0,,,0,0,0,no_overlap
improve-b83ba4546ca93156,1,0,0,,,0,0,0,no_overlap
improve-3d21c6313d328768,0,0,0,,,0,0,0,no_overlap
improve-e51a637822c847d5,0,0,0,,,0,0,0,no_overlap
improve-03d4b50f1e487066,0,0,0,,,0,0,0,no_overlap
improve-db019b7cd38a89c4,0,0,0,,,0,0,0,no_overlap
improve-e1663f1ebd6bb154,0,0,0,,,0,0,0,no_overlap
improve-6eef617ddd875bd5,0,0,0,,,0,0,0,no_overlap
improve-63e82168c76b1b1a,0,0,0,,,0,0,0,no_overlap
improve-83a6e32fea92ab30,0,0,0,,,0,0,0,no_overlap
improve-4ee3352496e053be,0,0,0,,,0,0,0,no_overlap
improve-397321a8a607be52,0,0,0,,,0,0,0,no_overlap
improve-8abb984cedfc6756,0,0,0,,,0,0,0,no_overlap
improve-1c1892c5f76a1fb4,0,0,0,,,0,0,0,no_overlap
improve-dd1e7e42ca3416ea,0,0,0,,,0,0,0,no_overlap
improve-e235e7859ad37bbf,0,0,0,,,0,0,0,no_overlap
improve-505e312150cb76ef,0,0,0,,,0,0,0,no_overlap
improve-426526ebe2a9f539,0,0,0,,,0,0,0,no_overlap
improve-828a2bb422e8e1fa,0,0,0,,,0,0,0,no_overlap
improve-5767d33cdf4e1766,0,0,0,,,0,0,0,no_overlap
improve-440d2d1e77abc2bc,0,0,0,,,0,0,0,no_overlap
improve-0fe3b6f632938448,0,0,0,,,0,0,0,no_overlap
improve-5b01a633c7a143af,0,0,0,,,0,0,0,no_overlap
improve-edc98140fc4beb30,0,0,0,,,0,0,0,no_overlap
improve-498203ead7557036,0,0,0,,,0,0,0,no_overlap
improve-d5a2747bd1fed2c2,1,0,0,,,0,0,0,no_overlap
improve-adfba0e3019a4ce7,0,0,0,,,0,0,0,no_overlap
improve-6daef80f8c41ef65,0,0,0,,,0,0,0,no_overlap
improve-9b00bf77580ff82a,1,0,0,,,0,0,0,no_overlap
improve-f31c078d4a38dc26,0,0,0,,,0,0,0,no_overlap
improve-72681ef47dcd0c63,0,0,0,,,0,0,0,no_overlap
improve-c74995daa61a7ac7,0,0,0,,,0,0,0,no_overlap
improve-f143eaa65331bde2,0,0,0,,,0,0,0,no_overlap
improve-5d78fc28137d0752,0,0,0,,,0,0,0,no_overlap
improve-b3012964377abf28,0,0,0,,,0,0,0,no_overlap
improve-8e87f498eea64026,0,0,0,,,0,0,0,no_overlap
improve-9f6879149d19d76b,0,0,0,,,0,0,0,no_overlap
improve-87b30c4f44c5345d,0,0,0,,,0,0,0,no_overlap
improve-8f26c19ecfa0b2e8,0,0,0,,,0,0,0,no_overlap
improve-ab41810c27b76a41,0,0,0,,,0,0,0,no_overlap
improve-0625f535ab227ef4,1,0,0,,,0,0,0,no_overlap
improve-aae76ff6a2d84805,0,0,0,,,0,0,0,no_overlap
improve-4a106a48c0c159e0,0,0,0,,,0,0,0,no_overlap
improve-b3512e08e61a9408,0,0,0,,,0,0,0,no_overlap
improve-9ea9aba2c2bb34c0,0,0,0,,,0,0,0,no_overlap
improve-63d3788e50f15893,0,0,0,,,0,0,0,no_overlap
improve-77848699b99ebb02,0,0,0,,,0,0,0,no_overlap
improve-838632f0ea6bb409,0,0,0,,,0,0,0,no_overlap
improve-2fc7aa8394fcc48d,0,0,0,,,0,0,0,no_overlap
improve-2c8a4aed0c804528,0,0,0,,,0,0,0,no_overlap
improve-5d4351cac529db81,0,0,0,,,0,0,0,no_overlap
improve-ff235b376f66ae37,0,0,0,,,0,0,0,no_overlap
improve-59d92f3c4e24bc62,0,0,0,,,0,0,0,no_overlap
improve-0144a4229288040f,0,0,0,,,0,0,0,no_overlap
improve-a3cb04b2abba38c7,0,0,0,,,0,0,0,no_overlap
improve-043eac3e97b6208d,0,0,0,,,0,0,0,no_overlap
improve-bd041f011c7d8729,0,0,0,,,0,0,0,no_overlap
improve-d4c00dbd2619d7f0,0,0,0,,,0,0,0,no_overlap
improve-83062a296e040934,0,0,0,,,0,0,0,no_overlap
improve-fbdec8f4454db5b2,0,0,0,,,0,0,0,no_overlap
improve-28919fe6f9abab70,0,0,0,,,0,0,0,no_overlap
improve-58b417e0463b1f50,0,0,0,,,0,0,0,no_overlap
improve-127a10aa76cf27f0,0,0,0,,,0,0,0,no_overlap
improve-84f17114f6f08ce5,0,0,0,,,0,0,0,no_overlap
improve-fb695b3fc5c1ff89,0,0,0,,,0,0,0,no_overlap
improve-3b520e5d5d3355c7,0,0,0,,,0,0,0,no_overlap
improve-fae33abe1b6e5890,0,0,0,,,0,0,0,no_overlap
improve-4aeae49097e3f43c,0,0,0,,,0,0,0,no_overlap
improve-688c4a874c89909c,0,0,0,,,0,0,0,no_overlap
improve-9269e99cd8e20904,0,0,0,,,0,0,0,no_overlap
improve-9c27e002deec568e,0,0,0,,,0,0,0,no_overlap
improve-3791acdc6b4b420b,0,0,0,,,0,0,0,no_overlap
improve-28c7e2a05bbdca55,0,0,0,,,0,0,0,no_overlap
improve-a18157be3a3742f7,0,0,0,,,0,0,0,no_overlap
improve-5ca44845972ab934,0,0,0,,,0,0,0,no_overlap
improve-0cf92ab8ae1e7df6,0,0,0,,,0,0,0,no_overlap
improve-f4509c5700baef91,0,0,0,,,0,0,0,no_overlap
improve-39389451dd8450d2,0,0,0,,,0,0,0,no_overlap
improve-f90ba0a5ef859763,0,0,0,,,0,0,0,no_overlap
improve-8347ad460f579017,0,0,0,,,0,0,0,no_overlap
improve-e686c947dabfaa41,0,0,0,,,0,0,0,no_overlap
improve-e51811cee000dd44,0,0,0,,,0,0,0,no_overlap
improve-5720520770cd1d74,0,0,0,,,0,0,0,no_overlap
improve-b6bd64c119001572,0,0,0,,,0,0,0,no_overlap
improve-6e30fd3febf3b048,0,0,0,,,0,0,0,no_overlap
improve-cba4cbbeb3827188,0,0,0,,,0,0,0,no_overlap
improve-2c11909a72854a7e,0,0,0,,,0,0,0,no_overlap
improve-9d9395d940a3ce75,0,0,0,,,0,0,0,no_overlap
improve-761ab3d664188b4f,0,0,0,,,0,0,0,no_overlap
improve-22bc21f67577af6e,0,0,0,,,0,0,0,no_overlap
improve-7c44bf460ae17ae3,0,0,0,,,0,0,0,no_overlap
improve-2b344ab8bc8b4ac7,0,0,0,,,0,0,0,no_overlap
improve-071a84e4e7c491a2,0,0,0,,,0,0,0,no_overlap
improve-54853ad63787806f,0,0,0,,,0,0,0,no_overlap
improve-266107fb813ce91d,0,0,0,,,0,0,0,no_overlap
improve-e3e866a483be80f1,0,0,0,,,0,0,0,no_overlap
improve-5e28bf04f981b4ba,0,0,0,,,0,0,0,no_overlap
improve-e5d6f6b46f9c8733,0,0,0,,,0,0,0,no_overlap
improve-7b0c877d84f971cc,0,0,0,,,0,0,0,no_overlap
improve-fc5f23481cf88675,0,0,0,,,0,0,0,no_overlap
improve-7cdfee88a6012c92,0,0,0,,,0,0,0,no_overlap
improve-bb6b8edd7477a3b0,0,0,0,,,0,0,0,no_overlap
improve-d29e34d4d90c06e2,0,0,0,,,0,0,0,no_overlap
improve-6fd28730b9ed1ba6,0,0,0,,,0,0,0,no_overlap
improve-0c8de69ba56089fb,0,0,0,,,0,0,0,no_overlap
improve-300c25390db56586,0,0,0,,,0,0,0,no_overlap
improve-d2a6c856010aac53,0,0,0,,,0,0,0,no_overlap
improve-4610dbfa8a742d6b,0,0,0,,,0,0,0,no_overlap
improve-fa939274fe33d666,0,0,0,,,0,0,0,no_overlap
improve-ebbd47f3dd05ba3b,0,0,0,,,0,0,0,no_overlap
improve-ee63c4a5ff153947,0,0,0,,,0,0,0,no_overlap
improve-3c03344bf8719aea,0,0,0,,,0,0,0,no_overlap
improve-e898cbaae264d23f,0,0,0,,,0,0,0,no_overlap
improve-4a55593243d50f64,0,0,0,,,0,0,0,no_overlap
improve-77cfa9b25ca15e46,0,0,0,,,0,0,0,no_overlap
improve-3a39b3878036e1b8,0,0,0,,,0,0,0,no_overlap
improve-656c6afe0e24e746,0,0,0,,,0,0,0,no_overlap
improve-ad2ab0ddc62505fa,0,0,0,,,0,0,0,no_overlap
improve-a5f7472df0335a42,0,0,0,,,0,0,0,no_overlap
improve-8be00cac31f1d2d3,0,0,0,,,0,0,0,no_overlap
improve-2f4dc3f1a4ed0ce6,0,0,0,,,0,0,0,no_overlap
improve-7b61d39349b8562a,0,0,0,,,0,0,0,no_overlap
improve-beead7e951130d81,0,0,0,,,0,0,0,no_overlap
improve-8f33e9e1fb7be411,0,0,0,,,0,0,0,no_overlap
improve-50cf9e2c8a545530,0,0,0,,,0,0,0,no_overlap
improve-c7014fd2f66f797f,0,0,0,,,0,0,0,no_overlap
improve-ed580aec92c7898b,0,0,0,,,0,0,0,no_overlap
improve-49545031bedee231,0,0,0,,,0,0,0,no_overlap
improve-2050181e64022c01,0,0,0,,,0,0,0,no_overlap
improve-ba7edf8cd67d3d82,0,0,0,,,0,0,0,no_overlap
improve-b9ad8aaa26a43a50,0,0,0,,,0,0,0,no_overlap
improve-d40602ca114fe033,0,0,0,,,0,0,0,no_overlap
improve-394508547139ffc8,0,0,0,,,0,0,0,no_overlap
improve-be296f4a175f569c,0,0,0,,,0,0,0,no_overlap
improve-4f9691fc83f5a1df,0,0,0,,,0,0,0,no_overlap
improve-30a3cefb9503b154,0,0,0,,,0,0,0,no_overlap
improve-dabdd87dbf580f33,0,0,0,,,0,0,0,no_overlap
improve-c79eb974aecb3e2c,0,0,0,,,0,0,0,no_overlap
improve-b65871dd2b11272e,0,0,0,,,0,0,0,no_overlap
improve-2be4dd7dcac8a0fa,0,0,0,,,0,0,0,no_overlap
improve-4ef018007a396282,0,0,0,,,0,0,0,no_overlap
improve-cdfa9949c0f2d77f,0,0,0,,,0,0,0,no_overlap
improve-a2c750eba340f9ae,0,0,0,,,0,0,0,no_overlap
improve-a3b97e87d90cd85c,0,0,0,,,0,0,0,no_overlap
improve-697cfb76dd6f3f13,0,0,0,,,0,0,0,no_overlap
improve-7f1fb353174c4d85,0,0,0,,,0,0,0,no_overlap
improve-de564d3243b442b1,0,0,0,,,0,0,0,no_overlap
improve-44e009f6de31c5a3,0,0,0,,,0,0,0,no_overlap
improve-8ed1e078ee3ee849,0,0,0,,,0,0,0,no_overlap
improve-001c4e4ec84d17e0,0,0,0,,,0,0,0,no_overlap
improve-d636c5129e0b3f8e,0,0,0,,,0,0,0,no_overlap
improve-127c4926bb53e213,0,0,0,,,0,0,0,no_overlap
improve-4e14c9ad75bd0f7d,0,0,0,,,0,0,0,no_overlap
improve-73da74c9c4e32f30,0,0,0,,,0,0,0,no_overlap
improve-22cc0eaed18d75b8,0,0,0,,,0,0,0,no_overlap
improve-eb11818cf755e5ab,0,0,0,,,0,0,0,no_overlap
improve-90710b15ef9e05b7,0,0,0,,,0,0,0,no_overlap
improve-c59951d0761601a9,0,0,0,,,0,0,0,no_overlap
improve-546b4487eb9161dc,1,0,0,,,0,0,0,no_overlap
improve-d459aa25ac84895d,0,0,0,,,0,0,0,no_overlap
improve-562ec096c90120a1,1,0,0,,,0,0,0,no_overlap
improve-5277da11c1a64f61,0,0,0,,,0,0,0,no_overlap
improve-1803a5f26136b2b9,0,0,0,,,0,0,0,no_overlap
improve-4944bf876ebd9435,0,0,0,,,0,0,0,no_overlap
improve-f0f35d2dd8c98e29,0,0,0,,,0,0,0,no_overlap
improve-c4f2c39114bcc862,0,0,0,,,0,0,0,no_overlap
improve-577e536517d6f783,0,0,0,,,0,0,0,no_overlap
improve-ff7e428604791bf1,0,0,0,,,0,0,0,no_overlap
improve-22cecd85dcae8e5e,0,0,0,,,0,0,0,no_overlap
improve-107145555353ece7,0,0,0,,,0,0,0,no_overlap
improve-06eca2e59a7a14db,0,0,0,,,0,0,0,no_overlap
improve-0e70fd9c847f7fb4,0,0,0,,,0,0,0,no_overlap
improve-02d98d72a42cbd2d,0,0,0,,,0,0,0,no_overlap
improve-e148e56ffbc279b2,0,0,0,,,0,0,0,no_overlap
improve-47745f40839d4398,0,0,0,,,0,0,0,no_overlap
improve-a0cdf3e3bdbb5385,0,0,0,,,0,0,0,no_overlap
improve-9954d4ce16c2edac,0,0,0,,,0,0,0,no_overlap
improve-af11ab38ec205dbe,0,0,0,,,0,0,0,no_overlap
improve-e7943f8e67ccfed1,0,0,0,,,0,0,0,no_overlap
improve-d24ea966340f7503,0,0,0,,,0,0,0,no_overlap
improve-a99674f32ed1656a,0,0,0,,,0,0,0,no_overlap
improve-1aefd2a6f7082bca,0,0,0,,,0,0,0,no_overlap
improve-37c642f339631e0d,0,0,0,,,0,0,0,no_overlap
improve-cdd373fb1ba0d0ad,0,0,0,,,0,0,0,no_overlap
improve-89505e7f2f96a090,0,0,0,,,0,0,0,no_overlap
improve-5baf3cb3e57927ed,0,0,0,,,0,0,0,no_overlap
improve-45fa131e4eb43db6,0,0,0,,,0,0,0,no_overlap
improve-125e31d29cbec8d5,0,0,0,,,0,0,0,no_overlap
improve-2e88ef4e72c82808,0,0,0,,,0,0,0,no_overlap
improve-10eadf5a65c54d03,0,0,0,,,0,0,0,no_overlap
improve-eed86bd912ef3c94,0,0,0,,,0,0,0,no_overlap
improve-a034fbb2ee838e46,0,0,0,,,0,0,0,no_overlap
improve-9821c76238700cb1,0,0,0,,,0,0,0,no_overlap
improve-d371a33e2f1b95e1,0,0,0,,,0,0,0,no_overlap
improve-442a78b6a2b744ee,0,0,0,,,0,0,0,no_overlap
improve-80058ddbd5819c58,0,0,0,,,0,0,0,no_overlap
improve-ac025b9b96790818,0,0,0,,,0,0,0,no_overlap
improve-676d05c397389c45,0,0,0,,,0,0,0,no_overlap
improve-97e49bd74b5eb962,0,0,0,,,0,0,0,no_overlap
improve-d0d9742e944dee5d,0,0,0,,,0,0,0,no_overlap
improve-7ed386dcc2734c6f,0,0,0,,,0,0,0,no_overlap
improve-5c6eeea102a13e02,0,0,0,,,0,0,0,no_overlap
improve-33385557f11816b0,0,0,0,,,0,0,0,no_overlap
improve-4ac71511e9bb76f4,0,0,0,,,0,0,0,no_overlap
improve-607a5d1f7b116d88,0,0,0,,,0,0,0,no_overlap
improve-2cd4653058186427,0,0,0,,,0,0,0,no_overlap
improve-70f6738b5012d115,0,0,0,,,0,0,0,no_overlap
improve-f1db80c9f242af08,0,0,0,,,0,0,0,no_overlap
improve-f221e38d5fcd48cd,0,0,0,,,0,0,0,no_overlap
improve-5a4f8bd7a488bbac,0,0,0,,,0,0,0,no_overlap
improve-3047ef5e602c694d,0,0,0,,,0,0,0,no_overlap
improve-6172711b2d2d11ee,0,0,0,,,0,0,0,no_overlap
improve-b6fb18f03b68b160,0,0,0,,,0,0,0,no_overlap
improve-ca69555373500462,0,0,0,,,0,0,0,no_overlap
improve-f13d647a6fc970c9,1,0,0,,,0,0,0,no_overlap
improve-50df6451abe22e3e,0,0,0,,,0,0,0,no_overlap
improve-5c8c5e0b7c1ae627,0,0,0,,,0,0,0,no_overlap
improve-eacdb759a7db8719,0,0,0,,,0,0,0,no_overlap
improve-52a4619adcabf5e8,0,0,0,,,0,0,0,no_overlap
improve-b0f167b77badb2bc,0,0,0,,,0,0,0,no_overlap
improve-294f32b35dfccb05,0,0,0,,,0,0,0,no_overlap
improve-a2b5b259bc4f328a,0,0,0,,,0,0,0,no_overlap
improve-b959b632c1d2617e,0,0,0,,,0,0,0,no_overlap
improve-0102689e99ce7025,0,0,0,,,0,0,0,no_overlap
improve-0cb5752a78b86af6,0,0,0,,,0,0,0,no_overlap
improve-7ba69718ce793f68,0,0,0,,,0,0,0,no_overlap
improve-9d403f8e49697402,0,0,0,,,0,0,0,no_overlap
improve-7f91651c8b0e00c3,0,0,0,,,0,0,0,no_overlap
improve-40176572232189a1,0,0,0,,,0,0,0,no_overlap
improve-bfbba840dddd88ed,0,0,0,,,0,0,0,no_overlap
improve-c3c52c8e58590015,0,0,0,,,0,0,0,no_overlap
improve-0139f98294d37c79,0,0,0,,,0,0,0,no_overlap
improve-325c369cae9be012,0,0,0,,,0,0,0,no_overlap
improve-88456b982ee5a2ea,0,0,0,,,0,0,0,no_overlap
improve-b9247376fc333c90,0,0,0,,,0,0,0,no_overlap
improve-3f0c86e80d9442d7,0,0,0,,,0,0,0,no_overlap
improve-be13ae63d8890442,0,0,0,,,0,0,0,no_overlap
improve-29ec3dbd0074be56,0,0,0,,,0,0,0,no_overlap
improve-057728eb5e5e2acb,0,0,0,,,0,0,0,no_overlap
improve-5825a6934391a54f,0,0,0,,,0,1,2,no_overlap
improve-751319df02ccf5fd,0,0,0,,,0,0,0,no_overlap
improve-fe770ad512722d5c,0,0,0,,,0,0,0,no_overlap
improve-b748b12df7ab0a89,0,0,0,,,0,0,0,no_overlap
improve-9ab1dc00ab4119ee,0,0,0,,,0,0,0,no_overlap
improve-67a0710e1e28cbad,0,0,0,,,0,0,0,no_overlap
improve-055ddcd6fb0fbfa3,0,0,0,,,0,0,0,no_overlap
improve-6ff86fb78c42b3a7,0,0,0,,,0,0,0,no_overlap
improve-00ce7c0b3b904ec3,0,0,0,,,0,0,0,no_overlap
improve-3f0c8295bd74c3c5,0,0,0,,,0,0,0,no_overlap
improve-14188f7193991d1a,0,0,0,,,0,0,0,no_overlap
improve-c9b51978f68e0a2d,0,0,0,,,0,0,0,no_overlap
improve-bbc09cc8afef5bfb,0,0,0,,,0,0,0,no_overlap
improve-70c48dfa36f7e504,0,0,0,,,0,0,0,no_overlap
improve-a55fe0a7a04635b6,0,0,0,,,0,0,0,no_overlap
improve-41771239b273bcbd,0,0,0,,,0,0,0,no_overlap
improve-b85a375b3a55a768,0,0,0,,,0,0,0,no_overlap
improve-b04118bb19058fe4,0,0,0,,,0,0,0,no_overlap
improve-2774cf616cb33c79,0,0,0,,,0,0,0,no_overlap
improve-07eec991ac8d7e4c,0,0,0,,,0,0,0,no_overlap
improve-236e22c876aaf328,0,0,0,,,0,0,0,no_overlap
improve-1fa78363ef9cc1e5,0,0,0,,,0,0,0,no_overlap
improve-3166e98c1e3fb287,0,0,0,,,0,0,0,no_overlap
improve-30813af470369034,0,0,0,,,0,0,0,no_overlap
improve-fc4279bbe0866a2d,0,0,0,,,0,0,0,no_overlap
improve-e9badc6d24868064,0,0,0,,,0,0,0,no_overlap
improve-39a3b616bb93e6d7,0,0,0,,,0,0,0,no_overlap
improve-c581bd82f013c2e6,0,0,0,,,0,0,0,no_overlap
improve-f67680caa630a6ca,0,0,0,,,0,0,0,no_overlap
improve-2a826a3157b8b249,0,1,1,0,0,0,0,0,exact_label_concordant
improve-b74bf2fa675faa53,0,0,0,,,0,0,0,no_overlap
improve-41af9f4cb154c028,0,0,0,,,0,0,0,no_overlap
improve-0e560409624da2c9,0,0,0,,,0,0,0,no_overlap
improve-f7e0ccc8294b4bfe,0,0,0,,,0,0,0,no_overlap
improve-b4a88b7388127b84,0,0,0,,,0,0,0,no_overlap
improve-6172b01b16b1eb4e,0,0,0,,,0,0,0,no_overlap
improve-93ff32e8d4b1b07b,0,0,0,,,0,0,0,no_overlap
improve-13e060852034f076,0,0,0,,,0,0,0,no_overlap
improve-d7da97213dbdf662,0,0,0,,,0,0,0,no_overlap
improve-2e163f6cb6ea78d2,0,0,0,,,0,0,0,no_overlap
improve-9b0c97270245957a,0,0,0,,,0,0,0,no_overlap
improve-1e5ef6f790b9ceb9,0,0,0,,,0,0,0,no_overlap
improve-edfce8c8ebe5bc2e,0,0,0,,,0,0,0,no_overlap
improve-f56424360b74893e,0,0,0,,,0,0,0,no_overlap
improve-335bad15e719b858,0,0,0,,,0,0,0,no_overlap
improve-91d6c467f590d01d,1,0,0,,,0,0,0,no_overlap
improve-6c7de244aa2a8986,0,0,0,,,0,0,0,no_overlap
improve-70eeeb70b292ba7f,0,0,0,,,0,0,0,no_overlap
improve-70e1f03073ebddc7,0,0,0,,,0,0,0,no_overlap
improve-a084524c25b66f2b,0,0,0,,,0,0,0,no_overlap
improve-853617c17063b106,0,0,0,,,0,0,0,no_overlap
improve-4d9bf680560f138b,0,0,0,,,0,0,0,no_overlap
improve-9967b0152205d9a6,0,0,0,,,0,0,0,no_overlap
improve-785630ffac16141b,0,0,0,,,0,0,0,no_overlap
improve-9c6b1189d0bd6f3d,0,0,0,,,0,0,0,no_overlap
improve-a06d2b0ce6eff0fe,0,0,0,,,0,0,0,no_overlap
improve-0d0258a6093d65bc,0,0,0,,,0,0,0,no_overlap
improve-8175299cd77456ba,0,0,0,,,0,0,0,no_overlap
improve-b005bade527f6fe3,0,0,0,,,0,0,0,no_overlap
improve-d25535b154b4aa79,0,0,0,,,0,0,0,no_overlap
improve-b4da0aaadd3694e7,0,0,0,,,0,0,0,no_overlap
improve-759c3bcf602f38a8,0,0,0,,,0,0,0,no_overlap
improve-89348b4ec6c71a8a,0,0,0,,,0,0,0,no_overlap
improve-9d7cd5b8e6fb0ead,0,0,0,,,0,0,0,no_overlap
improve-0776638af841bd64,0,0,0,,,0,0,0,no_overlap
improve-47b4a9f826659e49,1,0,0,,,0,0,0,no_overlap
improve-5f6a6ac0f847899c,1,0,0,,,0,0,0,no_overlap
improve-7c6bd2013667393f,0,0,0,,,0,0,0,no_overlap
improve-7b77252322137a68,0,0,0,,,0,0,0,no_overlap
improve-e06daebfe70b1ca5,0,0,0,,,0,0,0,no_overlap
improve-89a950f94e9e1cb1,0,0,0,,,0,0,0,no_overlap
improve-9b10df124ce2d4c8,1,0,0,,,0,0,0,no_overlap
improve-2532b0be22d7d314,0,0,0,,,0,0,0,no_overlap
improve-3c43392fb76d65e8,0,0,0,,,0,0,0,no_overlap
improve-14a49a785741d0d0,0,0,0,,,0,0,0,no_overlap
improve-c817c54c7f2ad1be,0,0,0,,,0,0,0,no_overlap
improve-79a473b134425bce,0,0,0,,,0,0,0,no_overlap
improve-08add258593d9411,0,0,0,,,0,0,0,no_overlap
improve-0043417fd24e4020,0,0,0,,,0,0,0,no_overlap
improve-d604869e2c79bf16,0,0,0,,,0,0,0,no_overlap
improve-f5db7fc91ecdca76,0,0,0,,,0,0,0,no_overlap
improve-0bbce1ee2d886129,0,0,0,,,0,0,0,no_overlap
improve-097e81479c703d68,0,0,0,,,0,0,0,no_overlap
improve-b1ce3dd6259eb648,0,0,0,,,0,0,0,no_overlap
improve-f576b8fd84f11d5d,1,0,0,,,0,0,0,no_overlap
improve-7dce26fd74a977ad,0,0,0,,,0,0,0,no_overlap
improve-188883901376651f,0,0,0,,,0,0,0,no_overlap
improve-c38cd382f36b257d,0,0,0,,,0,0,0,no_overlap
improve-dc5355d7e198f5c4,1,0,0,,,0,0,0,no_overlap
improve-690b6d0bba0813ac,0,0,0,,,0,0,0,no_overlap
improve-78284a53ef30ecba,0,0,0,,,0,0,0,no_overlap
improve-ebb4e21ec1e76865,0,0,0,,,0,0,0,no_overlap
improve-46f6090e0c319741,0,0,0,,,0,0,0,no_overlap
improve-fc0de46ec1e7ed5f,0,0,0,,,0,0,0,no_overlap
improve-10c69e90854f962c,1,0,0,,,0,0,0,no_overlap
improve-aa118f14cc81ad75,0,0,0,,,0,0,0,no_overlap
improve-bcaeb9baf10ae5c1,0,0,0,,,0,0,0,no_overlap
improve-eda5a8612ef01da3,0,0,0,,,0,0,0,no_overlap
improve-3ebaf37fa9d51b79,0,0,0,,,0,0,0,no_overlap
improve-a3b457881f8e8291,0,0,0,,,0,0,0,no_overlap
improve-0fc67b1c4e1b7f85,0,0,0,,,0,0,0,no_overlap
improve-0a73a0dca8f62ee6,0,0,0,,,0,0,0,no_overlap
improve-00131985e1b34a60,0,0,0,,,0,0,0,no_overlap
improve-f612841670123072,0,0,0,,,0,0,0,no_overlap
improve-7253b522ddb85f34,0,0,0,,,0,0,0,no_overlap
improve-4f5b1174e7935251,0,0,0,,,0,0,0,no_overlap
improve-218361c8ee50bc24,0,0,0,,,0,0,0,no_overlap
improve-bee985ec6aec6c9d,0,0,0,,,0,0,0,no_overlap
improve-3782ca7fd6666d74,0,0,0,,,0,0,0,no_overlap
improve-10f530680892b52a,0,0,0,,,0,0,0,no_overlap
improve-cd00db9243aeb9a5,0,0,0,,,0,0,0,no_overlap
improve-ce798eab11fa7065,0,0,0,,,0,0,0,no_overlap
improve-933fc8a3b9dc23af,0,0,0,,,0,0,0,no_overlap
improve-e55ecf5793e8b863,0,0,0,,,0,0,0,no_overlap
improve-f07b9538d22d7b16,0,0,0,,,0,0,0,no_overlap
improve-a6f13cd48fd3c096,1,0,0,,,0,0,0,no_overlap
improve-e3fbc49934839f10,0,0,0,,,0,0,0,no_overlap
improve-edd9f15e426f9c8c,0,0,0,,,0,0,0,no_overlap
improve-0b8a2e0f5e547fa7,0,0,0,,,0,0,0,no_overlap
improve-ccc4a13886bea7f9,0,0,0,,,0,0,0,no_overlap
improve-04f75f712d7b2146,0,0,0,,,0,0,0,no_overlap
improve-0eac343adc81907e,0,0,0,,,0,0,0,no_overlap
improve-5f20a0caba26fa1b,0,0,0,,,0,0,0,no_overlap
improve-c26085b2aaa44656,0,0,0,,,0,0,0,no_overlap
improve-87d826428bf6d3f2,0,0,0,,,0,0,0,no_overlap
improve-67da74caea20a177,0,0,0,,,0,0,0,no_overlap
improve-980fee11edbe331d,0,0,0,,,0,0,0,no_overlap
improve-c35ff9e3ee29b4e0,0,0,0,,,0,0,0,no_overlap
improve-338c21828683f33b,0,0,0,,,0,0,0,no_overlap
improve-9032ad0690d34a46,0,0,0,,,0,0,0,no_overlap
improve-98dcaffb6dbd0590,0,0,0,,,0,0,0,no_overlap
improve-2c2917c686dd635c,0,0,0,,,0,0,0,no_overlap
improve-c209c55bf1de2683,0,0,0,,,0,0,0,no_overlap
improve-765b460ed3fd968d,0,0,0,,,0,0,0,no_overlap
improve-4c0eacc335595ef4,0,0,0,,,0,0,0,no_overlap
improve-5770936ec37e4788,0,0,0,,,0,0,0,no_overlap
improve-efb187467c03d9d7,0,0,0,,,0,0,0,no_overlap
improve-0e1c619ffe372af9,0,0,0,,,0,0,0,no_overlap
improve-5336723cad1ca82e,0,0,0,,,0,0,0,no_overlap
improve-a614e43b38029ea5,0,0,0,,,0,0,0,no_overlap
improve-149f9c83420299cb,0,0,0,,,0,0,0,no_overlap
improve-e42b86c1aa6e8054,0,0,0,,,0,0,0,no_overlap
improve-b96b502e9e67bbc7,0,0,0,,,0,0,0,no_overlap
improve-1dcec642d47e1cc2,0,0,0,,,0,0,0,no_overlap
improve-24b8dbb5891c7a6a,0,0,0,,,0,0,0,no_overlap
improve-06229c3500ed2d9f,0,0,0,,,0,0,0,no_overlap
improve-9c04b7e225b9bc9c,0,0,0,,,0,0,0,no_overlap
improve-be23dd4547f37913,0,0,0,,,0,0,0,no_overlap
improve-b3cef14e585150c0,0,0,0,,,0,0,0,no_overlap
improve-f06b9c45451f731b,0,0,0,,,0,0,0,no_overlap
improve-b79ac8aefed6e1ee,0,0,0,,,0,0,0,no_overlap
improve-3c70685bfa52c7b5,0,1,1,0,0,1,0,0,exact_label_concordant
improve-8271d00f946c5c68,0,0,0,,,0,0,0,no_overlap
improve-f71a462348f14aa4,0,0,0,,,0,0,0,no_overlap
improve-77123216e696c880,0,0,0,,,0,0,0,no_overlap
improve-25b5884bf9c6cd76,0,0,0,,,0,0,0,no_overlap
improve-19399768b8872943,0,0,0,,,0,0,0,no_overlap
improve-e9fb91c01d7c7712,0,0,0,,,0,0,0,no_overlap
improve-40dca809ceec6d5f,0,0,0,,,0,0,0,no_overlap
improve-96779d2f0b67be62,0,0,0,,,0,0,0,no_overlap
improve-4a15cccf56197f79,0,0,0,,,0,0,0,no_overlap
improve-8b7c67502924ff80,0,0,0,,,0,0,0,no_overlap
improve-1202fbe5e7f241f1,0,0,0,,,0,0,0,no_overlap
improve-669638b015590ed3,0,0,0,,,0,0,0,no_overlap
improve-ca8d97d12b8e335b,0,0,0,,,0,0,0,no_overlap
improve-83865ec7aaaa48b8,0,0,0,,,0,0,0,no_overlap
improve-b7f10b5d5a40c462,0,0,0,,,0,0,0,no_overlap
improve-572230154c62e433,0,0,0,,,0,0,0,no_overlap
improve-0e60936a41806aff,0,0,0,,,0,0,0,no_overlap
improve-7cfcfd337c9c666a,0,0,0,,,0,0,0,no_overlap
improve-e702014416d79b50,0,0,0,,,0,0,0,no_overlap
improve-3410de55c6cef03a,0,0,0,,,0,0,0,no_overlap
improve-454ada74ffd9b516,0,0,0,,,0,0,0,no_overlap
improve-0befd8b432210712,0,0,0,,,0,0,0,no_overlap
improve-738e70d4a121a85c,1,0,0,,,0,0,0,no_overlap
improve-e5d22c6bce7f257d,0,0,0,,,0,0,0,no_overlap
improve-907be117a39507f4,0,0,0,,,0,0,0,no_overlap
improve-d1f27151c99f756c,0,0,0,,,0,0,0,no_overlap
improve-df7825f86793aa2e,1,0,0,,,0,0,0,no_overlap
improve-795dde9b30680913,1,0,0,,,0,0,0,no_overlap
improve-58a3a9c63caad81c,0,0,0,,,0,0,0,no_overlap
improve-c6bc9790e51f9ba4,0,0,0,,,0,0,0,no_overlap
improve-729e35088794ca0e,0,0,0,,,0,0,0,no_overlap
improve-1fc0356ef932e331,0,0,0,,,0,0,0,no_overlap
improve-083d928dafdac7f0,0,0,0,,,0,0,0,no_overlap
improve-1a9f99a63213ffc0,0,0,0,,,0,0,0,no_overlap
improve-a8b144446e1dc37f,0,0,0,,,0,0,0,no_overlap
improve-53ee21981a27d25f,0,0,0,,,0,0,0,no_overlap
improve-efe1e90767894355,0,0,0,,,0,0,0,no_overlap
improve-07ef8179a180c923,0,0,0,,,0,0,0,no_overlap
improve-1e254d8c8a25b48b,0,0,0,,,0,0,0,no_overlap
improve-7634200f2e0f128b,0,0,0,,,0,0,0,no_overlap
improve-f595515ea4e6ea6d,0,0,0,,,0,0,0,no_overlap
improve-34e7a005af3bf7c1,0,0,0,,,0,0,0,no_overlap
improve-ad90bc7f60fe61a7,0,0,0,,,0,0,0,no_overlap
improve-6b58fa296aab11f7,0,0,0,,,0,0,0,no_overlap
improve-0a234e9fe8a02498,0,0,0,,,0,0,0,no_overlap
improve-2d348036ad978832,0,1,1,0,0,1,0,0,exact_label_concordant
improve-671c4b6dd7f0f4f6,0,0,0,,,0,0,0,no_overlap
improve-1700693921150ccd,0,0,0,,,0,0,0,no_overlap
improve-bdffb3f69bc2685f,0,0,1,,,0,0,0,peptide_only_different_hla
improve-da4f960036c2b97a,0,0,0,,,0,0,0,no_overlap
improve-a8f8daf2bcbc190e,0,0,0,,,0,0,0,no_overlap
improve-8175c17a7afae513,1,0,0,,,0,0,0,no_overlap
improve-cb81e52b9ad937a7,0,0,0,,,0,0,0,no_overlap
improve-c0edd712cf4f0bb2,0,0,0,,,0,0,0,no_overlap
improve-e42f1c662347fa24,0,0,0,,,0,0,0,no_overlap
improve-28ac45fc48247cd4,0,1,1,0,0,1,0,0,exact_label_concordant
improve-04f88241a3f22a40,0,0,0,,,0,0,0,no_overlap
improve-09635075348768d5,0,0,0,,,0,0,0,no_overlap
improve-7da3a882c776ed88,0,0,0,,,0,0,0,no_overlap
improve-baf380c0aadf289f,0,0,0,,,0,0,0,no_overlap
improve-9b023915025580e0,0,0,0,,,0,0,0,no_overlap
improve-5b8461613acc925c,0,0,0,,,0,0,0,no_overlap
improve-3c864d046f92fe6b,0,0,0,,,0,0,0,no_overlap
improve-9a282d153886ac96,0,0,0,,,0,0,0,no_overlap
improve-40bd48a52fc77306,0,0,0,,,0,0,0,no_overlap
improve-852098ee549ee9fd,0,0,0,,,0,0,0,no_overlap
improve-9a90a480070691b5,0,0,0,,,0,0,0,no_overlap
improve-1d07cf53a23ff4eb,0,0,0,,,0,0,0,no_overlap
improve-eafb3bd35c3a3b5e,0,0,0,,,0,0,0,no_overlap
improve-74ae48be2cf29685,0,0,0,,,0,0,0,no_overlap
improve-8d7b63f7e15dfac9,0,0,0,,,0,0,0,no_overlap
improve-e17881b353ff6dd1,0,0,0,,,0,0,0,no_overlap
improve-b57134f996c5c689,0,0,0,,,0,0,0,no_overlap
improve-7dd7fe5d3594c829,0,0,0,,,0,0,0,no_overlap
improve-f64ac9c6bfec7514,0,0,0,,,0,0,0,no_overlap
improve-5d782c4fc601ce9f,0,0,0,,,0,0,0,no_overlap
improve-70e291e8b81d0d0d,0,0,0,,,0,0,0,no_overlap
improve-8ffcd29e01edf568,0,0,0,,,0,0,0,no_overlap
improve-a08b2ea9fa42225e,0,0,0,,,0,0,0,no_overlap
improve-077f7ab93266de9c,0,0,0,,,0,0,0,no_overlap
improve-87e4e9d80df74389,0,0,0,,,0,0,0,no_overlap
improve-d62b1c52327b74b0,0,0,0,,,0,0,0,no_overlap
improve-9c8503fc7ff3c005,0,0,0,,,0,0,0,no_overlap
improve-1c09a4e72d89faba,0,0,0,,,0,0,0,no_overlap
improve-5f73f1945edfd135,1,0,0,,,0,0,0,no_overlap
improve-906ed3b3e7e953d8,0,0,0,,,0,0,0,no_overlap
improve-a854faaf32c401be,0,0,0,,,0,0,0,no_overlap
improve-7f31c1488e73033f,0,0,0,,,0,0,0,no_overlap
improve-e975da2c7c01dbfa,0,0,0,,,0,0,0,no_overlap
improve-862c2e8bbfc81597,0,0,0,,,0,0,0,no_overlap
improve-961d3201db37703a,0,0,0,,,0,0,0,no_overlap
improve-9c6cf8621af09a8a,0,0,0,,,0,0,0,no_overlap
improve-6aee217356dc5e13,0,0,0,,,0,0,0,no_overlap
improve-ca9e9fa1ae9e0ff2,0,0,0,,,0,0,0,no_overlap
improve-bc4a3355c10abc27,0,0,0,,,0,0,0,no_overlap
improve-2e86cb19519a9123,0,0,0,,,0,0,0,no_overlap
improve-52838417fc31d19e,0,0,0,,,0,0,0,no_overlap
improve-ec8e163282d7d190,0,0,0,,,0,0,0,no_overlap
improve-f2578daa02ff7190,0,0,0,,,0,0,0,no_overlap
improve-3020bf4ee3e83393,0,0,0,,,0,0,0,no_overlap
improve-0e9ac373c9052a09,0,0,0,,,0,0,0,no_overlap
improve-d23171ab669d04d8,0,0,0,,,0,0,0,no_overlap
improve-b11907fb23cc87a6,0,0,0,,,0,0,0,no_overlap
improve-7cdf96473c538e2a,1,0,0,,,0,0,0,no_overlap
improve-61dd81325a6cb602,0,0,0,,,0,0,0,no_overlap
improve-142d43c70aed2abf,0,0,0,,,0,0,0,no_overlap
improve-78f24b578392f7e6,0,0,0,,,0,0,0,no_overlap
improve-6ca5168a7149199f,0,0,0,,,0,0,0,no_overlap
improve-8ad59aaa16ae882d,0,0,0,,,0,0,0,no_overlap
improve-8a3d8425db4fba05,0,0,0,,,0,0,0,no_overlap
improve-9121fbcfb71841ac,0,0,0,,,0,0,0,no_overlap
improve-f447eb8a840a2ece,0,0,0,,,0,0,0,no_overlap
improve-06a8bfbd03fd0607,0,0,0,,,0,0,0,no_overlap
improve-ca1e0cce568a5ae8,0,0,0,,,0,0,0,no_overlap
improve-ab59b742fb6a49f1,0,0,0,,,0,0,0,no_overlap
improve-fb6afc39c1bef92b,0,0,0,,,0,0,0,no_overlap
improve-0b1f78ac9ac0b73d,0,0,0,,,0,0,0,no_overlap
improve-adf4a3e91bfefef8,0,0,0,,,0,0,0,no_overlap
improve-a9bd53ecfb0e4b25,0,0,0,,,0,0,0,no_overlap
improve-815a9759828175e2,0,0,0,,,0,0,0,no_overlap
improve-da91e9af5b35850a,0,0,0,,,0,0,0,no_overlap
improve-04709d86f98e580c,0,0,0,,,0,0,0,no_overlap
improve-bc592038f1f9c565,0,0,0,,,0,0,0,no_overlap
improve-37b395b7f891e783,0,0,0,,,0,0,0,no_overlap
improve-8e2487690df2afc5,0,0,0,,,0,0,0,no_overlap
improve-df477eb88f7c7a6b,0,0,0,,,0,0,0,no_overlap
improve-d63c9d94b438401d,0,0,0,,,0,0,0,no_overlap
improve-23a9ec0e566fd466,0,0,0,,,0,0,0,no_overlap
improve-9463d0192688da1f,0,0,0,,,0,0,0,no_overlap
improve-ca9143ddea15c082,0,0,0,,,0,0,0,no_overlap
improve-6f99a4174a3b2fc2,0,0,0,,,0,0,0,no_overlap
improve-842d1e98a83fb780,0,0,0,,,0,0,0,no_overlap
improve-bd1fb9c37a737331,0,0,0,,,0,0,0,no_overlap
improve-a3d7bbc9f34d997e,0,0,0,,,0,0,0,no_overlap
improve-c93fe5515c4604b9,0,0,0,,,0,0,0,no_overlap
improve-9617814a002b0670,0,0,0,,,0,0,0,no_overlap
improve-0aad9d85c4ac35f7,0,0,0,,,0,0,0,no_overlap
improve-cf6b3fdbedc9ae34,0,0,0,,,0,0,0,no_overlap
improve-5f60fd09669d159e,0,0,0,,,0,0,0,no_overlap
improve-072104f67641714c,0,0,0,,,0,0,0,no_overlap
improve-348a0929eea1f8fc,0,0,0,,,0,0,0,no_overlap
improve-14d20c09bc79e84d,0,0,0,,,0,0,0,no_overlap
improve-9472d600755177ee,0,0,0,,,0,0,0,no_overlap
improve-456e054b971794ee,0,0,0,,,0,0,0,no_overlap
improve-4b768511a33109b4,0,0,0,,,0,0,0,no_overlap
improve-6e1d6837879f072a,0,0,0,,,0,0,0,no_overlap
improve-f3954bcee36c3e5a,0,0,0,,,0,0,0,no_overlap
improve-1f9562634e6a8acc,0,0,0,,,0,0,0,no_overlap
improve-cc413092b6a4eb66,0,0,0,,,0,0,0,no_overlap
improve-2eb9078a863597b5,0,0,0,,,0,0,0,no_overlap
improve-319cdda908ec7832,0,0,0,,,0,0,0,no_overlap
improve-8231e314c48e3caf,0,0,0,,,0,0,0,no_overlap
improve-46725f672d31aad5,0,0,0,,,0,0,0,no_overlap
improve-e449c01338e4ae96,0,0,0,,,0,0,0,no_overlap
improve-d1b1283b2c59c8b7,0,0,0,,,0,0,0,no_overlap
improve-931c115e8199b372,0,0,0,,,0,0,0,no_overlap
improve-ab5c2b68d94e99c7,0,0,0,,,0,0,0,no_overlap
improve-aebb87ba3d805316,0,0,0,,,0,0,0,no_overlap
improve-8d80680c2acaac93,0,0,0,,,0,0,0,no_overlap
improve-0723ba7b24226c65,0,0,0,,,0,0,0,no_overlap
improve-5acc2daf2eb25de9,0,0,0,,,0,0,0,no_overlap
improve-e886b1cd8adb6419,0,0,0,,,0,0,0,no_overlap
improve-1515aa04283e8946,0,0,0,,,0,0,0,no_overlap
improve-5ede408741b0b862,0,0,0,,,0,0,0,no_overlap
improve-9a1d3ac28907b2e0,0,0,0,,,0,0,0,no_overlap
improve-67920b032cb74fa4,0,0,0,,,0,0,0,no_overlap
improve-8a3424c8f94fb418,0,0,0,,,0,0,0,no_overlap
improve-5010392231baf35a,0,0,0,,,0,0,0,no_overlap
improve-23d154e138e325ef,0,0,0,,,0,0,0,no_overlap
improve-5af61a4928598c74,0,0,0,,,0,0,0,no_overlap
improve-969490ab86509f82,0,0,0,,,0,0,0,no_overlap
improve-09773e058cde7c69,0,0,0,,,0,0,0,no_overlap
improve-b4d816ee7792cce1,0,0,0,,,0,0,0,no_overlap
improve-b025f516dda7e6ba,0,0,0,,,0,0,0,no_overlap
improve-8438e78e9f9e870f,0,0,0,,,0,0,0,no_overlap
improve-79fcb3870c74ba10,0,0,0,,,0,0,0,no_overlap
improve-e80c68e3db47de94,0,0,0,,,0,0,0,no_overlap
improve-28210e6ea8d1d4d5,0,0,0,,,0,0,0,no_overlap
improve-673d43c4554b10a7,0,0,0,,,0,0,0,no_overlap
improve-6e7fd067108e8527,0,0,0,,,0,0,0,no_overlap
improve-7d83b04169f3b3ee,0,0,0,,,0,0,0,no_overlap
improve-6defc11d166649c5,0,0,0,,,0,0,0,no_overlap
improve-e025560c289872fc,0,0,0,,,0,0,0,no_overlap
improve-9509b525d9dec22a,0,0,0,,,0,0,0,no_overlap
improve-0c8bbb5ca3035ea0,0,0,0,,,0,0,0,no_overlap
improve-8d3c6086e0254a31,0,0,1,,,0,0,0,peptide_only_different_hla
improve-d944971cd5512e4b,0,0,0,,,0,0,0,no_overlap
improve-fb4533217ca5b811,0,0,0,,,0,0,0,no_overlap
improve-b59fc63f3d0e4076,0,0,0,,,0,0,0,no_overlap
improve-bf481ff01f721b6e,0,0,0,,,0,0,0,no_overlap
improve-4dbde3a0591177db,0,0,0,,,0,0,0,no_overlap
improve-50c789bc36f973b0,0,0,0,,,0,0,0,no_overlap
improve-f7e08f298081e161,0,0,0,,,0,0,0,no_overlap
improve-7107752c071592aa,0,0,0,,,0,0,0,no_overlap
improve-08e55be2db9096e2,0,0,0,,,0,0,0,no_overlap
improve-3f85a998c96e25d5,0,0,0,,,0,0,0,no_overlap
improve-6618226600cba49b,0,0,0,,,0,0,0,no_overlap
improve-9a4fc25a509c46e2,0,0,0,,,0,0,0,no_overlap
improve-9f2a47734070de4f,0,0,0,,,0,0,0,no_overlap
improve-02a58d752cc7a531,1,0,0,,,0,0,0,no_overlap
improve-b6bff29b7d601e6e,0,0,0,,,0,0,0,no_overlap
improve-f32db1b2b7589ea7,0,0,0,,,0,0,0,no_overlap
improve-2d0f9139eaf729fe,0,0,0,,,0,0,0,no_overlap
improve-2232f65a9d8a4b11,0,0,0,,,0,0,0,no_overlap
improve-def01dfdf0680747,1,0,0,,,0,0,0,no_overlap
improve-ba0f3aad49ffc32f,0,0,0,,,0,0,0,no_overlap
improve-b7742529628b0ba2,0,0,0,,,0,0,0,no_overlap
improve-5f9545d1a3b46983,0,0,0,,,0,0,0,no_overlap
improve-34548bde08d50b2e,0,0,0,,,0,0,0,no_overlap
improve-d4547a7ca8633d92,0,0,0,,,0,0,0,no_overlap
improve-f20d51a654f866d1,0,0,0,,,0,0,0,no_overlap
improve-860f9c21523b6cee,0,0,0,,,0,0,0,no_overlap
improve-b811e2066c3a605c,0,0,0,,,0,0,0,no_overlap
improve-de62269c82db5049,0,0,0,,,0,0,0,no_overlap
improve-f44b7ef88024f129,0,0,0,,,0,0,0,no_overlap
improve-f1d03916bb8fe0bc,0,0,0,,,0,0,0,no_overlap
improve-8a4b0a2b87c1fb5e,0,0,0,,,0,0,0,no_overlap
improve-5237b81d184e08bf,0,0,0,,,0,0,0,no_overlap
improve-9d85eb962a5eca6b,0,0,0,,,0,0,0,no_overlap
improve-6b20a617e63f98a3,0,0,0,,,0,0,0,no_overlap
improve-8afc4ee68f6e3c1b,0,0,0,,,0,0,0,no_overlap
improve-50bda8f526b9d9a3,0,0,0,,,0,0,0,no_overlap
improve-7cdcb15b7dcb2320,0,0,0,,,0,0,0,no_overlap
improve-c6f67104f79308f6,1,0,0,,,0,0,0,no_overlap
improve-7d4f7a4b792aec50,0,0,0,,,0,0,0,no_overlap
improve-72d2b3e97194108c,0,0,0,,,0,0,0,no_overlap
improve-2672b5a98bfa40e7,0,0,0,,,0,0,0,no_overlap
improve-f329c5fed26f8040,0,0,0,,,0,0,0,no_overlap
improve-64a47044acbbb6e1,0,0,0,,,0,0,0,no_overlap
improve-c5700bdcc85850a8,0,0,0,,,0,0,0,no_overlap
improve-61c3c7f75c799d0c,0,0,0,,,0,0,0,no_overlap
improve-a3deeccf44d55d57,0,0,1,,,0,0,0,peptide_only_different_hla
improve-2b52f4084225e13f,0,0,0,,,0,0,0,no_overlap
improve-731bff89dc879c57,0,0,0,,,0,0,0,no_overlap
improve-f43ce6d8c9685504,0,0,0,,,0,0,0,no_overlap
improve-78459843f17aea10,0,0,0,,,0,0,0,no_overlap
improve-d54c51fec4a78166,0,0,0,,,0,0,0,no_overlap
improve-12e9c5ead18a98e0,0,0,0,,,0,0,0,no_overlap
improve-0a9211f4289a66d1,0,0,0,,,0,0,0,no_overlap
improve-18867760eababd71,0,0,0,,,0,0,0,no_overlap
improve-7c4dd8fe778b3837,0,0,0,,,0,0,0,no_overlap
improve-018cda9554b3247e,0,0,0,,,0,0,0,no_overlap
improve-2cd13a5e3b61d258,0,0,0,,,0,0,0,no_overlap
improve-8c59c856cf74262f,0,0,0,,,0,0,0,no_overlap
improve-49fc5b8a58198db3,0,0,0,,,0,0,0,no_overlap
improve-1f654ee2bd47e3f9,0,0,0,,,0,0,0,no_overlap
improve-e730267615d3ae5c,0,0,0,,,0,0,0,no_overlap
improve-6e361ec499a33f67,0,0,0,,,0,0,0,no_overlap
improve-9553ae3595a9268c,0,0,0,,,0,0,0,no_overlap
improve-f37302e0aef77836,0,0,0,,,0,0,0,no_overlap
improve-2f623f5d59380106,1,0,0,,,0,0,0,no_overlap
improve-d7ecaf995893f406,0,0,0,,,0,0,0,no_overlap
improve-cf0c80ad91b89823,0,0,0,,,0,0,0,no_overlap
improve-3b0c4d3507b4f45c,0,0,0,,,0,0,0,no_overlap
improve-c16963ccbb06ac1a,0,0,0,,,0,0,0,no_overlap
improve-9e323e5ecabc68fe,0,0,0,,,0,0,0,no_overlap
improve-6e834b3021ee13b5,0,0,0,,,0,0,0,no_overlap
improve-6db59345962be805,0,0,0,,,0,0,0,no_overlap
improve-7732aef52f2d4133,0,0,0,,,0,0,0,no_overlap
improve-e8d36fe972fcb280,0,0,0,,,0,0,0,no_overlap
improve-d6be0361ea52901e,0,0,0,,,0,0,0,no_overlap
improve-1ae04a1330ed25b2,0,0,0,,,0,0,0,no_overlap
improve-c17b1c2d166befbb,1,0,0,,,0,0,0,no_overlap
improve-bdeeae5cc4318714,0,0,0,,,0,0,0,no_overlap
improve-6169e82a9d3e2018,0,0,0,,,0,0,0,no_overlap
improve-b80f0e430f6456e8,1,0,0,,,0,0,0,no_overlap
improve-ccf5cebb375b1d5b,0,0,0,,,0,0,0,no_overlap
improve-f3a14d0feba2451c,1,0,0,,,0,0,0,no_overlap
improve-6b49b7fbf5a3a4ff,0,0,0,,,0,0,0,no_overlap
improve-ffd41e774f6b442b,0,0,0,,,0,0,0,no_overlap
improve-a411a65d61ce6d19,0,0,0,,,0,0,0,no_overlap
improve-6966ad67f5106fb2,0,0,0,,,0,0,0,no_overlap
improve-6f42926bba042cdb,0,0,0,,,0,0,0,no_overlap
improve-b270238e177842bc,0,0,0,,,0,0,0,no_overlap
improve-2e9b3c04690c0f5a,0,0,0,,,0,0,0,no_overlap
improve-c528265151a54f33,0,0,0,,,0,0,0,no_overlap
improve-1d2a1e3b6d595391,0,0,0,,,0,0,0,no_overlap
improve-1e5f230d87d1d76f,0,0,0,,,0,0,0,no_overlap
improve-4d97dbba00e6a433,0,0,0,,,0,0,0,no_overlap
improve-69323dc74fcf6622,0,0,0,,,0,0,0,no_overlap
improve-b5f9ff0ace9024a0,0,0,0,,,0,0,0,no_overlap
improve-7342d8ec281d8237,0,0,0,,,0,0,0,no_overlap
improve-0d86df4f463f31d3,0,0,0,,,0,0,0,no_overlap
improve-caa511c813e8e961,0,1,1,0,0,1,0,0,exact_label_concordant
improve-ddcc7970e9b94ca8,0,0,0,,,0,0,0,no_overlap
improve-cf9a81166845aa4a,0,0,0,,,0,0,0,no_overlap
improve-bc77d61dee723059,0,1,1,0,0,1,0,0,exact_label_concordant
improve-96f0027be76a9167,1,0,0,,,0,0,0,no_overlap
improve-d4764bfe76098a5a,1,0,0,,,0,0,0,no_overlap
improve-debdb0e89a0b4823,0,0,0,,,0,0,0,no_overlap
improve-9f11b10393d0a9f0,0,0,0,,,0,0,0,no_overlap
improve-0b9cf371b0929491,0,0,0,,,0,0,0,no_overlap
improve-dafba0b867dd9d57,0,0,0,,,0,0,0,no_overlap
improve-e293d0428a284b85,0,0,0,,,0,0,0,no_overlap
improve-cd3781f5ecaa00b3,0,0,0,,,0,0,0,no_overlap
improve-ce06b69f4104a1a7,0,0,0,,,0,0,0,no_overlap
improve-a413b307e31dfadb,1,0,0,,,0,0,0,no_overlap
improve-e30520b0541d7684,0,0,0,,,0,0,0,no_overlap
improve-23b2726910c3768c,0,0,0,,,0,0,0,no_overlap
improve-56b099eb2d1b887a,0,0,0,,,0,0,0,no_overlap
improve-ee596dbe62bc4e2f,0,0,0,,,0,0,0,no_overlap
improve-5d716d0f2304a458,0,0,0,,,0,0,0,no_overlap
improve-73f39810d56de446,0,0,0,,,0,0,0,no_overlap
improve-9539585a594881c8,0,0,0,,,0,0,0,no_overlap
improve-8da19761881e03b2,0,0,0,,,0,0,0,no_overlap
improve-b733f67e3359cdd2,0,0,0,,,0,0,0,no_overlap
improve-dfb512f2c20f5693,0,0,0,,,0,0,0,no_overlap
improve-1b16f45646a9eb78,0,0,0,,,0,0,0,no_overlap
improve-c2dae2200dedd962,0,0,0,,,0,0,0,no_overlap
improve-17a06e42cf9ecb4f,0,0,0,,,0,0,0,no_overlap
improve-a585befde8895b13,0,0,0,,,0,0,0,no_overlap
improve-5943c34b02ce4db7,0,0,0,,,0,0,0,no_overlap
improve-c039dd34af2577cc,0,0,0,,,0,0,0,no_overlap
improve-ef52435eec40841c,0,0,0,,,0,0,0,no_overlap
improve-075044b1843cc31e,0,0,0,,,0,0,0,no_overlap
improve-d1c3115b4b11b9cd,0,0,0,,,0,0,0,no_overlap
improve-b76d84b7e84c2aec,0,0,0,,,0,0,0,no_overlap
improve-b83d520cefe9864f,0,0,0,,,0,0,0,no_overlap
improve-1c351c0d8456cf36,0,0,0,,,0,0,0,no_overlap
improve-6d0f428e6cf8aeaa,0,0,0,,,0,0,0,no_overlap
improve-9c41344ca6e26523,0,0,0,,,0,0,0,no_overlap
improve-6ad1d64504bda023,0,0,0,,,0,0,0,no_overlap
improve-2de15d4137631b96,0,0,0,,,0,0,0,no_overlap
improve-5a8abcd09d8fe755,0,0,0,,,0,0,0,no_overlap
improve-803dd8bc27a921ee,0,0,0,,,0,0,0,no_overlap
improve-a10ec613c4a74f29,0,0,0,,,0,0,0,no_overlap
improve-bff106cb7fa6b81d,0,0,0,,,0,0,0,no_overlap
improve-a51e33e4ae3be8ea,0,0,0,,,0,0,0,no_overlap
improve-5efafb4fb5dfe391,0,0,0,,,0,0,0,no_overlap
improve-0d5a8187bf90f7dd,0,0,0,,,0,0,0,no_overlap
improve-fd7104b1d04c2a41,0,0,0,,,0,0,0,no_overlap
improve-c4d25761ea0768a4,0,0,0,,,0,0,0,no_overlap
improve-b6081c2b3cdbb2ca,0,0,0,,,0,0,0,no_overlap
improve-17b65f4e2b43f36b,0,0,0,,,0,0,0,no_overlap
improve-6d36dcd60cac8af5,0,0,0,,,0,0,0,no_overlap
improve-a61c4a94b0ddcbcb,0,0,0,,,0,0,0,no_overlap
improve-fdc980c4c44c9302,0,0,0,,,0,0,0,no_overlap
improve-4224fc5e8e36f84e,0,0,0,,,0,0,0,no_overlap
improve-c9adc3a61fae9f3d,0,0,0,,,0,0,0,no_overlap
improve-1bbdd345ce720049,0,0,0,,,0,0,0,no_overlap
improve-142a380103cf9a6e,0,0,0,,,0,0,0,no_overlap
improve-86b8f7a1ca484433,0,0,0,,,0,0,0,no_overlap
improve-5ad02f297654b449,0,0,0,,,0,0,0,no_overlap
improve-199e452cfc27f5f1,0,0,0,,,0,0,0,no_overlap
improve-00582db303dc16f3,0,0,0,,,0,0,0,no_overlap
improve-3d907798f737f952,0,0,0,,,0,0,0,no_overlap
improve-bc4c8008fb251dc5,0,0,0,,,0,0,0,no_overlap
improve-8fb635be2398e681,0,0,0,,,0,0,0,no_overlap
improve-21d119eb56414ea8,0,0,0,,,0,0,0,no_overlap
improve-fab446a1e5183270,0,0,0,,,0,0,0,no_overlap
improve-2554eca7432e78ce,0,0,0,,,0,0,0,no_overlap
improve-f286853e454a0a0e,1,0,0,,,0,0,0,no_overlap
improve-bb09d699a696e1d8,0,0,0,,,0,0,0,no_overlap
improve-693cbec3c16da763,0,0,0,,,0,0,0,no_overlap
improve-a2dc443f81dd4d32,0,0,0,,,0,0,0,no_overlap
improve-39fc6ae395c3fcc8,0,0,0,,,0,0,0,no_overlap
improve-ef3f96fd580a5787,0,0,0,,,0,0,0,no_overlap
improve-7100a1ef24ae538b,0,0,0,,,0,0,0,no_overlap
improve-03b353081eb96c7b,0,0,0,,,0,0,0,no_overlap
improve-4c74aa897f8d4e0b,0,0,0,,,0,0,0,no_overlap
improve-7f4e9c449c008ba3,0,0,0,,,0,0,0,no_overlap
improve-5e6dff5c91f3a1a4,0,0,0,,,0,0,0,no_overlap
improve-46b1b3a6a4893e69,0,0,0,,,0,0,0,no_overlap
improve-e0ce0781de8d31e9,0,0,0,,,0,0,0,no_overlap
improve-24e19d85b320270c,0,0,0,,,0,0,0,no_overlap
improve-c71d6cd8210cbca3,0,0,0,,,0,0,0,no_overlap
improve-dbfa398846a29856,0,0,0,,,0,0,0,no_overlap
improve-0eb0a3370ab6bab9,0,0,0,,,0,0,0,no_overlap
improve-bea4bfa4f1d1f480,0,0,0,,,0,0,0,no_overlap
improve-efee9a015b1159e7,0,0,0,,,0,0,0,no_overlap
improve-4faf6f0756765fd4,0,0,0,,,0,0,0,no_overlap
improve-92a5d6dbb5cd544e,0,0,0,,,0,0,0,no_overlap
improve-40624068ad4d68a4,0,0,0,,,0,0,0,no_overlap
improve-61f9b7760066e0bb,0,0,0,,,0,0,0,no_overlap
improve-aaca8c77c88e6de8,0,0,0,,,0,0,0,no_overlap
improve-86f0b1b5bd1868d0,0,0,0,,,0,0,0,no_overlap
improve-34d70adc28f7d0bb,1,0,0,,,0,0,0,no_overlap
improve-63dbbe2837fa8c37,0,0,0,,,0,0,0,no_overlap
improve-fa24cd23688ab8c0,0,0,0,,,0,0,0,no_overlap
improve-b3edc278ac9d6dcc,0,0,0,,,0,0,0,no_overlap
improve-7f3c0c485607cde3,0,0,0,,,0,0,0,no_overlap
improve-82697eb7ab46d3c2,0,0,0,,,0,0,0,no_overlap
improve-a8f1300ff4c4fba1,0,0,0,,,0,0,0,no_overlap
improve-eabf4228cffdffe4,0,0,1,,,0,0,0,peptide_only_different_hla
improve-0c218c04e33a6937,0,0,0,,,0,0,0,no_overlap
improve-497b3ec6c08cd003,0,0,0,,,0,0,0,no_overlap
improve-6d08454d708095c5,0,0,0,,,0,0,0,no_overlap
improve-cca472c1b16274c3,0,0,0,,,0,0,0,no_overlap
improve-41e86c983699e58b,0,0,0,,,0,0,0,no_overlap
improve-ee306668abe0a519,1,0,0,,,0,0,0,no_overlap
improve-449ad789ea349270,0,0,0,,,0,0,0,no_overlap
improve-338afc8e0d93d81e,0,0,0,,,0,0,0,no_overlap
improve-5b97374a246679b6,0,0,0,,,0,0,0,no_overlap
improve-73a70b5e57c49b11,0,0,0,,,0,0,0,no_overlap
improve-19831ec624ca969b,0,0,0,,,0,0,0,no_overlap
improve-ce9f8e2a5829f049,0,0,0,,,0,0,0,no_overlap
improve-0198572ee8c4e91c,0,0,0,,,0,0,0,no_overlap
improve-42c79a0286d62dc7,0,0,0,,,0,0,0,no_overlap
improve-d1e14bcb73809060,0,0,0,,,0,0,0,no_overlap
improve-57442f4cc85b18ea,0,0,0,,,0,0,0,no_overlap
improve-968ffe25a7cf686c,0,0,0,,,0,0,0,no_overlap
improve-8eb6a19e9ed22393,0,0,0,,,0,0,0,no_overlap
improve-c3b08cb738a92ab7,0,0,0,,,0,0,0,no_overlap
improve-a7d1c44cfa3ab564,0,0,0,,,0,0,0,no_overlap
improve-836a0568aa4cccd7,0,0,0,,,0,0,0,no_overlap
improve-4606b2a93f206f9d,0,0,0,,,0,0,0,no_overlap
improve-f6548c6473c7ca59,0,0,0,,,0,0,0,no_overlap
improve-7f43ec99f9a88365,0,0,0,,,0,0,0,no_overlap
improve-50e095d397dbbc80,0,0,0,,,0,0,0,no_overlap
improve-b099aae66f378f4d,0,0,0,,,0,0,0,no_overlap
improve-d9197a50d2c6d094,0,0,0,,,0,0,0,no_overlap
improve-783135f1e060d967,0,0,0,,,0,0,0,no_overlap
improve-669e06b1975cc8f9,0,0,0,,,0,0,0,no_overlap
improve-1b6b3241ef36728b,0,0,0,,,0,0,0,no_overlap
improve-ce04b07bca53fd82,0,0,0,,,0,0,0,no_overlap
improve-26bc725b06f16447,0,0,0,,,0,0,0,no_overlap
improve-678fd2a6a8a830fb,0,0,0,,,0,0,0,no_overlap
improve-1d0bc1df518a104b,0,0,0,,,0,0,0,no_overlap
improve-230c65f56ba43860,0,0,0,,,0,0,0,no_overlap
improve-2fb77dd35bbec155,0,0,0,,,0,0,0,no_overlap
improve-2823f6a9193778cf,0,0,0,,,0,0,0,no_overlap
improve-6e4340f821f33010,0,0,0,,,0,0,0,no_overlap
improve-e3cb681885bdfe5f,0,0,1,,,0,0,0,peptide_only_different_hla
improve-99986ded649cf273,0,0,0,,,0,0,0,no_overlap
improve-e07ce7c9c7850cd2,0,0,0,,,0,0,0,no_overlap
improve-129c00be88ef85f9,0,0,0,,,0,0,0,no_overlap
improve-e422888080a9e690,0,0,0,,,0,0,0,no_overlap
improve-0a4262cea9b56d46,0,0,0,,,0,0,0,no_overlap
improve-326eefc075fb55b9,0,0,0,,,0,0,0,no_overlap
improve-da0c03247af3d379,0,0,0,,,0,0,0,no_overlap
improve-70aa416329192a08,0,0,0,,,0,0,0,no_overlap
improve-970fbb6b6db5574d,0,0,0,,,0,0,0,no_overlap
improve-f61ed3d10e3b754e,0,0,0,,,0,0,0,no_overlap
improve-08593337e9879658,0,0,0,,,0,0,0,no_overlap
improve-164fab737e162d5e,0,0,0,,,0,0,0,no_overlap
improve-22b09ca2c7dac3fe,0,0,0,,,0,0,0,no_overlap
improve-f19558a8ed76b9e3,0,0,0,,,0,0,0,no_overlap
improve-6e72698f60ce899a,0,0,0,,,0,0,0,no_overlap
improve-a42ac3fa9efa2350,0,0,0,,,0,0,0,no_overlap
improve-b751ce7bda434969,0,0,0,,,0,0,0,no_overlap
improve-946ea4c32d657358,0,1,1,0,0,1,0,0,exact_label_concordant
improve-dd628c11b41db5cc,0,1,1,0,0,1,0,0,exact_label_concordant
improve-ac0239d7e5601a26,0,0,0,,,0,0,0,no_overlap
improve-4ca05df0fc32798b,0,0,0,,,0,0,0,no_overlap
improve-80b627ede7f1f041,0,0,0,,,0,0,0,no_overlap
improve-8b0c0cb982a39034,0,0,0,,,0,0,0,no_overlap
improve-c03c39b1d3f329c2,0,0,0,,,0,0,0,no_overlap
improve-f9e7871f2d9bd78a,0,0,0,,,0,0,0,no_overlap
improve-379912dd516aa0a3,0,0,0,,,0,0,0,no_overlap
improve-eda400cc4da60ca1,0,0,0,,,0,0,0,no_overlap
improve-ced3ace06fac2dad,0,0,0,,,0,0,0,no_overlap
improve-ceaf507a9aede904,0,0,0,,,0,0,0,no_overlap
improve-afda8edc6e224fa2,0,0,0,,,0,0,0,no_overlap
improve-8d29fd3314b2f205,0,0,0,,,0,0,0,no_overlap
improve-7eab15cd1d3b5a81,0,0,0,,,0,0,0,no_overlap
improve-305aab9648bcafbc,0,0,0,,,0,0,0,no_overlap
improve-0b22f37c43bd37f8,0,0,0,,,0,0,0,no_overlap
improve-016e133b5d28aa69,0,0,0,,,0,0,0,no_overlap
improve-ab05d8eb38fe0e5c,0,0,0,,,0,0,0,no_overlap
improve-b0c8747cc8ae76f8,0,0,0,,,0,0,0,no_overlap
improve-a9b0c84e104fe3d0,0,0,0,,,0,0,0,no_overlap
improve-e10e8ce39fc5ac98,0,0,0,,,0,0,0,no_overlap
improve-49cd301f5ce52807,0,0,0,,,0,0,0,no_overlap
improve-53eec1dfef355506,0,0,0,,,0,0,0,no_overlap
improve-7fd2bb3fcde5cb1f,0,0,0,,,0,0,0,no_overlap
improve-aaeb423d185d9fdc,0,0,0,,,0,0,0,no_overlap
improve-ecbbb96a73e0f171,0,0,0,,,0,0,0,no_overlap
improve-87af29346775c2e6,0,0,0,,,0,0,0,no_overlap
improve-ea3d8a370e23c53d,0,0,0,,,0,0,0,no_overlap
improve-59927092e660be51,0,0,0,,,0,0,0,no_overlap
improve-ff87a48573b0cf8b,0,0,0,,,0,0,0,no_overlap
improve-deea1e44230909e8,0,0,0,,,0,0,0,no_overlap
improve-ed1d07e9e5ebe1d8,0,0,0,,,0,0,0,no_overlap
improve-814855a4756ccffd,0,0,0,,,0,0,0,no_overlap
improve-6c4e41a4937cb630,1,0,0,,,0,0,0,no_overlap
improve-8a82df8cee8508cf,0,0,0,,,0,0,0,no_overlap
improve-56d998010e3e0b33,0,0,0,,,0,0,0,no_overlap
improve-ce725ac700523cc8,0,0,0,,,0,0,0,no_overlap
improve-b233044778daae7f,0,0,0,,,0,0,0,no_overlap
improve-37792c6ac127db42,0,0,0,,,0,0,0,no_overlap
improve-391ba96a5eec6ae9,0,0,0,,,0,0,0,no_overlap
improve-139104fa1535afb7,0,0,0,,,0,0,0,no_overlap
improve-d17a098785282805,0,0,0,,,0,0,0,no_overlap
improve-399e3289a880686e,0,0,0,,,0,0,0,no_overlap
improve-0eafbc8fe1fe26f6,0,0,0,,,0,0,0,no_overlap
improve-4d397c73e2e294a5,0,0,0,,,0,0,0,no_overlap
improve-1b83238889dca1a9,0,0,0,,,0,0,0,no_overlap
improve-d00ce1da4e7e09b1,0,0,0,,,0,0,0,no_overlap
improve-54ce2eaf51cbb7d7,0,0,0,,,0,0,0,no_overlap
improve-6952f2a3e61e8eda,0,0,0,,,0,0,0,no_overlap
improve-a37d2705cedc91e7,0,0,0,,,0,0,0,no_overlap
improve-fa95a91dea9009a7,0,0,0,,,0,0,0,no_overlap
improve-350b539b98d0222f,0,0,0,,,0,0,0,no_overlap
improve-817ca3878b17b2cd,0,0,0,,,0,0,0,no_overlap
improve-625464aa3a87f206,0,0,0,,,0,0,0,no_overlap
improve-4b50ded3d7b70dfe,0,0,0,,,0,0,0,no_overlap
improve-50d76fdf016ccd3b,0,0,0,,,0,0,0,no_overlap
improve-02696d53a35e4c30,0,0,0,,,0,0,0,no_overlap
improve-9a65803d762537b4,0,0,0,,,0,0,0,no_overlap
improve-ca30c532265fa2fe,0,0,0,,,0,0,0,no_overlap
improve-5de31a0af8cca5b7,0,0,0,,,0,0,0,no_overlap
improve-e63c09779c3b8099,0,0,0,,,0,0,0,no_overlap
improve-b7c97ddb87ce46f1,0,0,0,,,0,0,0,no_overlap
improve-6b3726031f96c0bc,0,0,0,,,0,0,0,no_overlap
improve-f6891d9a14f51e67,0,0,0,,,0,0,0,no_overlap
improve-215bb21e0a8239eb,0,0,0,,,0,0,0,no_overlap
improve-c4a956e03e833f98,0,0,0,,,0,0,0,no_overlap
improve-d529961f2c4eb4fb,0,0,0,,,0,0,0,no_overlap
improve-b552cb4198bb3bad,0,0,0,,,0,0,0,no_overlap
improve-296e5599fb9fa982,0,0,0,,,0,0,0,no_overlap
improve-290e8bd8b6a17d2e,0,0,0,,,0,0,0,no_overlap
improve-519852a76c09d3d0,0,0,0,,,0,0,0,no_overlap
improve-b84175d3471a5826,0,0,0,,,0,0,0,no_overlap
improve-78f542d0dc392f88,0,0,0,,,0,0,0,no_overlap
improve-36ba570299e87fc8,0,0,0,,,0,0,0,no_overlap
improve-9698c2c93400a759,0,0,0,,,0,0,0,no_overlap
improve-6a2f729a453dd5b8,0,0,0,,,0,0,0,no_overlap
improve-60df99d967e15812,0,0,0,,,0,0,0,no_overlap
improve-4784fc1856437a3d,0,0,0,,,0,0,0,no_overlap
improve-7e2b5141dcd73126,0,0,0,,,0,0,0,no_overlap
improve-e1c594892899b813,0,0,0,,,0,0,0,no_overlap
improve-820fcf882a9d8900,0,0,0,,,0,0,0,no_overlap
improve-690dd0391c4c67d9,0,0,0,,,0,0,0,no_overlap
improve-d7643e1465bec82e,0,0,0,,,0,0,0,no_overlap
improve-862c5b347224c89c,0,0,0,,,0,0,0,no_overlap
improve-95d42ee0e7c7e6ca,0,0,0,,,0,0,0,no_overlap
improve-a2308325929497f0,0,0,0,,,0,0,0,no_overlap
improve-22034786392ead17,0,0,0,,,0,0,0,no_overlap
improve-f67243d499f18c53,0,0,0,,,0,0,0,no_overlap
improve-5bbf463f67a78797,0,0,0,,,0,0,0,no_overlap
improve-3453cdfd14e840f2,0,0,0,,,0,0,0,no_overlap
improve-d77d87aa5aae302c,0,0,0,,,0,0,0,no_overlap
improve-2751f068cd8bb9d7,0,0,0,,,0,0,0,no_overlap
improve-01a0ce39dcaf5866,0,0,0,,,0,0,0,no_overlap
improve-f6d6128fd5416472,0,0,0,,,0,0,0,no_overlap
improve-4c32c1e3a2924643,0,0,0,,,0,0,0,no_overlap
improve-a25d55cca3af415c,0,0,0,,,0,0,0,no_overlap
improve-95c3525558b506b9,1,0,0,,,0,0,0,no_overlap
improve-de70c4eb6d3bd1ed,0,0,0,,,0,0,0,no_overlap
improve-6cc4fd7d98d5d0fb,0,0,0,,,0,0,0,no_overlap
improve-8a04a07064262251,0,0,0,,,0,0,0,no_overlap
improve-04e51ebaa18a20e7,0,0,0,,,0,0,0,no_overlap
improve-692b3f1d074c8f8f,0,0,0,,,0,0,0,no_overlap
improve-b9431ee9a3039beb,0,0,0,,,0,0,0,no_overlap
improve-1431e2b53cbc6544,0,0,0,,,0,0,0,no_overlap
improve-b7e964fdbf7cb0ec,0,0,0,,,0,0,0,no_overlap
improve-0127afde30b16245,1,0,0,,,0,0,0,no_overlap
improve-5afd1c5472ab4488,0,0,0,,,0,0,0,no_overlap
improve-2c3db3b5308b7364,0,0,0,,,0,0,0,no_overlap
improve-209ad3c3c3125afb,0,0,0,,,0,0,0,no_overlap
improve-b55d1174e93b2328,0,0,0,,,0,0,0,no_overlap
improve-172d2ebe9acad140,0,0,0,,,0,0,0,no_overlap
improve-11a3691eee03dbe4,0,0,0,,,0,0,0,no_overlap
improve-933f9e86bcfb0f7a,0,0,0,,,0,0,0,no_overlap
improve-429931a1adabab6f,0,0,0,,,0,0,0,no_overlap
improve-7738e45d6d2ec787,0,0,0,,,0,0,0,no_overlap
improve-c7ed768913122d69,0,0,0,,,0,0,0,no_overlap
improve-5f0362c818582459,0,0,0,,,0,0,0,no_overlap
improve-4a742cbf2b3c7ffd,0,0,0,,,0,0,0,no_overlap
improve-fd2714e798e863aa,0,0,0,,,0,0,0,no_overlap
improve-8f8759a53baf4895,0,0,0,,,0,0,0,no_overlap
improve-ea745621f0f866ff,1,0,0,,,0,0,0,no_overlap
improve-61237e71510b9d30,0,0,0,,,0,0,0,no_overlap
improve-828e3449bbca182b,0,0,0,,,0,0,0,no_overlap
improve-ccd1ee1f892de354,0,0,0,,,0,0,0,no_overlap
improve-dbafb4cdef1acc4b,0,0,0,,,0,0,0,no_overlap
improve-c89a7b294ecf6065,0,0,0,,,0,0,0,no_overlap
improve-169ddb5efbb8a460,0,0,0,,,0,0,0,no_overlap
improve-3abda884f0735f12,0,0,0,,,0,0,0,no_overlap
improve-80244ba24ccfd642,0,0,0,,,0,0,0,no_overlap
improve-e98dd217adf39a19,0,0,0,,,0,0,0,no_overlap
improve-b9db207084534a23,0,0,0,,,0,0,0,no_overlap
improve-c4afd813d4446dfb,0,0,0,,,0,0,0,no_overlap
improve-661013f03cea6c11,0,0,0,,,0,0,0,no_overlap
improve-4ed5eabed0ca930f,0,0,0,,,0,0,0,no_overlap
improve-a5e3f5bab065f942,0,0,0,,,0,0,0,no_overlap
improve-6b8a975e62899015,0,0,0,,,0,0,0,no_overlap
improve-65b43ade20f2df0b,0,0,0,,,0,0,0,no_overlap
improve-65b977ef8d2612a1,0,0,0,,,0,0,0,no_overlap
improve-59b2028a5f0c2499,0,0,0,,,0,0,0,no_overlap
improve-7f5a33c28e2864ed,0,0,0,,,0,0,0,no_overlap
improve-d785448c8c102fd4,0,0,0,,,0,0,0,no_overlap
improve-f18e5674bd589d39,0,0,0,,,0,0,0,no_overlap
improve-e1406d8593fb5789,0,0,0,,,0,0,0,no_overlap
improve-547b7255f718a876,0,0,0,,,0,0,0,no_overlap
improve-8513e65a177be7a7,0,0,0,,,0,0,0,no_overlap
improve-10917a0857587522,0,0,0,,,0,0,0,no_overlap
improve-20f98914757808bf,0,0,0,,,0,0,0,no_overlap
improve-54932449fba29a77,0,0,0,,,0,0,0,no_overlap
improve-f88d0443ef9d8d96,0,0,0,,,0,0,0,no_overlap
improve-e3af3a9885445c38,0,0,0,,,0,0,0,no_overlap
improve-712a94dc0b99f0e0,0,0,0,,,0,0,0,no_overlap
improve-a90fedaaf3835e82,0,0,0,,,0,0,0,no_overlap
improve-1b91cd3bdb408b66,0,0,0,,,0,0,0,no_overlap
improve-6f8626c5c3c48141,0,0,0,,,0,0,0,no_overlap
improve-e538736ad8c9acde,0,0,0,,,0,0,0,no_overlap
improve-9b9b8f4efeaafecf,0,0,0,,,0,0,0,no_overlap
improve-8107c76eabcad113,0,0,0,,,0,0,0,no_overlap
improve-4e5458c4f2325400,0,0,0,,,0,0,0,no_overlap
improve-dc42babe322ee1a2,0,0,0,,,0,0,0,no_overlap
improve-8d86d8d6a61378d6,0,0,0,,,0,0,0,no_overlap
improve-08f400bacfcd37a8,0,0,0,,,0,0,0,no_overlap
improve-bbf1571a43bf8fe8,0,0,0,,,0,0,0,no_overlap
improve-7d78d8bcb989b035,0,0,0,,,0,0,0,no_overlap
improve-a9005434599f565e,0,0,0,,,0,0,0,no_overlap
improve-8b9d12ee9855ad99,0,0,0,,,0,0,0,no_overlap
improve-be6a135c2da5c74d,1,0,0,,,0,0,0,no_overlap
improve-fdee07c0ae9c048a,0,0,0,,,0,0,0,no_overlap
improve-e394eafb5913b27f,0,0,0,,,0,0,0,no_overlap
improve-85d0decd3356844b,0,0,0,,,0,0,0,no_overlap
improve-49869a5247644815,0,0,0,,,0,0,0,no_overlap
improve-3ec8e3b66d26382a,0,0,0,,,0,0,0,no_overlap
improve-eccdb83bc142dc9e,0,0,0,,,0,0,0,no_overlap
improve-5c91e8af4f4c3ce4,0,0,0,,,0,0,0,no_overlap
improve-2eb73f6e9d6c164a,0,0,0,,,0,0,0,no_overlap
improve-260d266a0a0a842e,0,0,0,,,0,0,0,no_overlap
improve-c8c56828c294b9e7,0,0,0,,,0,0,0,no_overlap
improve-f3bc3969120c903a,0,0,0,,,0,0,0,no_overlap
improve-23bf11f4209540b2,0,0,0,,,0,0,0,no_overlap
improve-423a8d8709504c31,0,0,0,,,0,0,0,no_overlap
improve-547b505f2fdbf8ac,0,0,0,,,0,0,0,no_overlap
improve-64ac9b63d4a1e9b6,0,0,0,,,0,0,0,no_overlap
improve-57f3085ed8397a98,0,0,0,,,0,0,0,no_overlap
improve-835aad703087bb96,0,0,0,,,0,0,0,no_overlap
improve-0b0759a5f3edda74,0,0,0,,,0,0,0,no_overlap
improve-61e5b0a5125bbbe3,0,0,0,,,0,0,0,no_overlap
improve-2389176dcda0b6fa,1,0,0,,,0,0,0,no_overlap
improve-2d887df443fae2a2,1,0,0,,,0,0,0,no_overlap
improve-96f596f32dc0ef0a,1,0,0,,,0,0,0,no_overlap
improve-fef9b26f8e9c76d5,1,0,0,,,0,0,0,no_overlap
improve-81bd99bb88d31905,1,0,0,,,0,0,0,no_overlap
improve-64591fc2a601c2f6,1,0,0,,,0,0,0,no_overlap
improve-c9e929a18c6df131,1,0,0,,,0,0,0,no_overlap
improve-f154d0f8fc2eb7c0,0,0,0,,,0,0,0,no_overlap
improve-ba1d1bf83651c173,0,0,0,,,0,0,0,no_overlap
improve-0300c33b1d28cb61,0,0,0,,,0,0,0,no_overlap
improve-57d2e7d93af38732,0,0,0,,,0,0,0,no_overlap
improve-2fe7d1eeb5681ded,0,0,0,,,0,0,0,no_overlap
improve-92efbf3d8ad78b09,0,0,0,,,0,0,0,no_overlap
improve-3593b6cc00bdadea,0,0,0,,,0,0,0,no_overlap
improve-fd813efd121ff0ee,0,0,0,,,0,0,0,no_overlap
improve-53bc7303147925d8,0,0,0,,,0,0,0,no_overlap
improve-fba526d17e7cf877,0,0,0,,,0,0,0,no_overlap
improve-dff0ba13ea55802b,0,0,0,,,0,0,0,no_overlap
improve-92f77c1e14816767,1,0,0,,,0,0,0,no_overlap
improve-16776cb6c87f06ad,0,0,0,,,0,0,0,no_overlap
improve-bd93474e0afe7032,0,0,0,,,0,0,0,no_overlap
improve-05717af8bc8d675a,0,0,0,,,0,0,0,no_overlap
improve-9b3454d333ae9d7c,0,0,0,,,0,0,0,no_overlap
improve-ce5d451f87f30ef9,0,0,0,,,0,0,0,no_overlap
improve-87e6488a824c3b09,0,0,0,,,0,0,0,no_overlap
improve-6d3adfb497d37c5c,0,0,0,,,0,0,0,no_overlap
improve-ea84d162f886bfdc,0,0,0,,,0,0,0,no_overlap
improve-028de9c968be7c7a,0,0,0,,,0,0,0,no_overlap
improve-66c46066477a2f9d,0,0,0,,,0,0,0,no_overlap
improve-f44eb58590261fef,0,0,0,,,0,0,0,no_overlap
improve-58bf02ad30883324,0,0,0,,,0,0,0,no_overlap
improve-9f41ad4f8478dd70,0,0,0,,,0,0,0,no_overlap
improve-f2214176348e2fc5,0,0,0,,,0,0,0,no_overlap
improve-78a54c83d131e06e,0,0,0,,,0,0,0,no_overlap
improve-91651add02c76fc4,1,0,0,,,0,0,0,no_overlap
improve-377bfe145e892810,0,0,0,,,0,0,0,no_overlap
improve-6651a41d5e06c3f2,1,0,0,,,0,0,0,no_overlap
improve-6fb8e0d8bc7a22b4,0,0,0,,,0,0,0,no_overlap
improve-9dbad81b193deddc,0,0,0,,,0,0,0,no_overlap
improve-f1264cf2127ad96c,0,0,0,,,0,0,0,no_overlap
improve-a8bcf5d44fddd1ce,0,0,0,,,0,0,0,no_overlap
improve-3aeee35711aa9aa5,0,0,0,,,0,0,0,no_overlap
improve-2a79bfeba58c0c81,0,0,0,,,0,0,0,no_overlap
improve-a818514bb21f782c,0,0,0,,,0,0,0,no_overlap
improve-09b8413fc3b08bcb,0,1,1,0,0,1,0,0,exact_label_concordant
improve-a8510b80bd2580df,0,0,1,,,0,0,0,peptide_only_different_hla
improve-e4e39af17a8f0081,0,0,0,,,0,0,0,no_overlap
improve-c487b3c1dc44b909,0,0,0,,,0,0,0,no_overlap
improve-2841232a79c095be,0,0,0,,,0,0,0,no_overlap
improve-67250cebb781ad47,0,0,0,,,0,0,0,no_overlap
improve-c95909283d32ba09,0,0,0,,,0,0,0,no_overlap
improve-993cf616139d7664,0,0,0,,,0,0,0,no_overlap
improve-bb8dde845aee2fd3,0,0,0,,,0,0,0,no_overlap
improve-4927bf6a0db9e6e5,0,0,0,,,0,0,0,no_overlap
improve-38a4b3742f3c5850,0,0,0,,,0,0,0,no_overlap
improve-3366d6c2250c7df2,0,0,0,,,0,0,0,no_overlap
improve-0c67621467bb3f9b,0,0,0,,,0,0,0,no_overlap
improve-5cda89f07cb775d2,0,0,0,,,0,0,0,no_overlap
improve-006438f2de6152cd,0,0,0,,,0,0,0,no_overlap
improve-122ea07d937ba587,0,0,0,,,0,0,0,no_overlap
improve-80f0b5609247d13f,0,0,0,,,0,0,0,no_overlap
improve-0d06793b1fa6164e,0,0,0,,,0,0,0,no_overlap
improve-c37a3becc722fee5,0,0,0,,,0,0,0,no_overlap
improve-2ac44933b640f85f,0,0,0,,,0,0,0,no_overlap
improve-5f5a297c97056316,0,0,0,,,0,0,0,no_overlap
improve-af7b0963b8f479b4,0,0,0,,,0,0,0,no_overlap
improve-203b878e4ffeae27,0,0,0,,,0,0,0,no_overlap
improve-80693ff0e95fdba1,0,0,0,,,0,0,0,no_overlap
improve-e2b785b9b4824cb0,0,0,0,,,0,0,0,no_overlap
improve-98f472f1f736fd78,0,0,0,,,0,0,0,no_overlap
improve-8bf6b0b72da1eec0,0,0,0,,,0,0,0,no_overlap
improve-ddf556cc8680df9f,0,0,0,,,0,0,0,no_overlap
improve-a1e10d71171436d1,0,0,0,,,0,0,0,no_overlap
improve-ff007bc6e0848f59,0,0,0,,,0,0,0,no_overlap
improve-15742091079426b0,0,0,0,,,0,0,0,no_overlap
improve-e687f88ac849d9dd,0,0,0,,,0,0,0,no_overlap
improve-f50ca90f9910235f,0,0,0,,,0,0,0,no_overlap
improve-0b84c6cba9e28b0f,0,0,0,,,0,0,0,no_overlap
improve-39f94ce4c0188589,0,0,0,,,0,0,0,no_overlap
improve-3f9087a48103c318,0,0,0,,,0,0,0,no_overlap
improve-e650d39c37f937a5,1,0,0,,,0,0,0,no_overlap
improve-4c09fe09feb9f4e0,0,0,0,,,0,0,0,no_overlap
improve-1bb6d869ac5edc8d,0,0,0,,,0,0,0,no_overlap
improve-e20f1d45a9694db5,0,0,0,,,0,0,0,no_overlap
improve-8b909e7805a065cd,0,0,0,,,0,0,0,no_overlap
improve-d7ff29bc7af506a1,0,0,0,,,0,0,0,no_overlap
improve-58ea49adb8705001,0,0,0,,,0,0,0,no_overlap
improve-e9b95052c05c3c2b,0,0,0,,,0,0,0,no_overlap
improve-37ee505606d7a9fd,0,0,0,,,0,0,0,no_overlap
improve-594fb488b14766fd,0,0,0,,,0,0,0,no_overlap
improve-f981b18a7a2ef693,0,0,0,,,0,0,0,no_overlap
improve-f5271ebf47b3bcf9,0,0,0,,,0,0,0,no_overlap
improve-3e19a78ef22f35e4,0,0,0,,,0,0,0,no_overlap
improve-ca932e777dbe3a9f,0,0,0,,,0,0,0,no_overlap
improve-2973ab3298629acd,0,0,0,,,0,0,0,no_overlap
improve-783a92a37cfa818c,0,0,0,,,0,0,0,no_overlap
improve-c3fa1aa4e956f001,0,0,0,,,0,0,0,no_overlap
improve-bc3dad42e962876b,0,0,0,,,0,0,0,no_overlap
improve-4f132edba07555c5,0,0,0,,,0,0,0,no_overlap
improve-8fa6d503a8fa32ab,0,0,0,,,0,0,0,no_overlap
improve-732b57cf1e7170ed,0,0,0,,,0,0,0,no_overlap
improve-5c4625175a07f00d,0,0,0,,,0,0,0,no_overlap
improve-15fc71a138c926dc,0,0,0,,,0,0,0,no_overlap
improve-1b1ac03bd5b79f8f,0,0,0,,,0,0,0,no_overlap
improve-dd4b5ae1b5ab278b,0,0,0,,,0,0,0,no_overlap
improve-0f7acd4dd8f95b1e,0,0,0,,,0,0,0,no_overlap
improve-73df3d324a72cf70,0,0,0,,,0,0,0,no_overlap
improve-80f0ccb5b19c99ce,0,0,0,,,0,0,0,no_overlap
improve-1e9dd6a3f1c34a74,0,1,1,0,0,1,0,0,exact_label_concordant
improve-2a1227e63932759c,0,0,0,,,0,0,0,no_overlap
improve-612b4201a3bb1c6a,0,0,0,,,0,0,0,no_overlap
improve-38570017dbf13570,0,0,0,,,0,0,0,no_overlap
improve-8f162e46d8c7e884,0,0,0,,,0,0,0,no_overlap
improve-eccc758091fdbacd,0,0,0,,,0,0,0,no_overlap
improve-423bbb8b3e8a161d,0,0,0,,,0,0,0,no_overlap
improve-853ffe7a9ee7c451,0,0,0,,,0,0,0,no_overlap
improve-90d0f54714fcb416,0,0,0,,,0,0,0,no_overlap
improve-c10488abc6e3bd24,0,0,0,,,0,0,0,no_overlap
improve-98c19044ba403fb2,0,0,0,,,0,0,0,no_overlap
improve-a31f505fe13b2e9c,0,0,0,,,0,0,0,no_overlap
improve-b960ae500a8df4c2,0,0,0,,,0,0,0,no_overlap
improve-cc45d6ae73e1accc,0,0,0,,,0,0,0,no_overlap
improve-13be55ed418e5fd1,1,0,0,,,0,0,0,no_overlap
improve-dd066eda740f0cca,0,0,0,,,0,0,0,no_overlap
improve-101fa82f3145a54d,0,0,0,,,0,0,0,no_overlap
improve-83b446322439698a,0,0,0,,,0,0,0,no_overlap
improve-53cb474a8f6323bb,0,0,0,,,0,0,0,no_overlap
improve-d3c0b051f1676451,0,0,0,,,0,0,0,no_overlap
improve-d19c1042e97f0640,0,0,0,,,0,0,0,no_overlap
improve-35825b31cd8e0449,0,0,0,,,0,0,0,no_overlap
improve-34b115f20a044fbd,0,0,0,,,0,0,0,no_overlap
improve-91f189cc2490b962,0,0,0,,,0,0,0,no_overlap
improve-901a942a8d8c4a12,1,0,0,,,0,0,0,no_overlap
improve-51d6daf5c613bb76,0,0,0,,,0,0,0,no_overlap
improve-2cb325f35096100e,0,0,0,,,0,0,0,no_overlap
improve-5fa3f98c48756a6a,0,0,0,,,0,0,0,no_overlap
improve-c3aba1c48fe13893,0,0,0,,,0,0,0,no_overlap
improve-8c9d0a85ccbd8648,0,0,0,,,0,0,0,no_overlap
improve-1abfdc409a0dd5aa,0,0,0,,,0,0,0,no_overlap
improve-64fc4304fdc2fd9d,0,0,0,,,0,0,0,no_overlap
improve-0b6f347f1e4adead,0,0,0,,,0,0,0,no_overlap
improve-ddc24cb6978204f6,0,0,0,,,0,0,0,no_overlap
improve-c5f97a2868c39b8c,0,0,0,,,0,0,0,no_overlap
improve-942d789b0b13c408,0,0,0,,,0,0,0,no_overlap
improve-0c38deeb1ae71c5d,0,0,0,,,0,0,0,no_overlap
improve-4ef51a99b818689f,0,0,0,,,0,0,0,no_overlap
improve-30a837432c7984a0,0,0,0,,,0,0,0,no_overlap
improve-129c9b619465a2c8,0,0,0,,,0,0,0,no_overlap
improve-c0fc797d86927d23,0,0,0,,,0,0,0,no_overlap
improve-41d9a3eace22db3b,0,0,0,,,0,0,0,no_overlap
improve-3e86072cdd7eab1e,0,0,0,,,0,0,0,no_overlap
improve-f921a6febf085129,0,0,0,,,0,0,0,no_overlap
improve-b3ca4e13a37bdb72,0,0,0,,,0,0,0,no_overlap
improve-806f4fb1532f0c97,0,0,0,,,0,0,0,no_overlap
improve-e23db43178df9541,0,0,0,,,0,0,0,no_overlap
improve-8d7075b21c990068,0,0,0,,,0,0,0,no_overlap
improve-fd6635aebcee2545,0,0,0,,,0,0,0,no_overlap
improve-0aed8d5876502355,0,0,0,,,0,0,0,no_overlap
improve-c032bc53703a1b7e,0,0,0,,,0,0,0,no_overlap
improve-6abe235a01b914b4,0,0,0,,,0,0,0,no_overlap
improve-2c0abd98fa08d749,0,0,0,,,0,0,0,no_overlap
improve-75a42c627998aa9b,0,0,0,,,0,0,0,no_overlap
improve-0a1341108106031c,0,0,0,,,0,0,0,no_overlap
improve-227d81866c452669,1,0,0,,,0,0,0,no_overlap
improve-ba45cf47e0c07d2e,0,0,0,,,0,0,0,no_overlap
improve-6265fe35515695ef,0,0,0,,,0,0,0,no_overlap
improve-8c51b13be89e1780,0,0,0,,,0,0,0,no_overlap
improve-b6e329ef928b5634,0,0,0,,,0,0,0,no_overlap
improve-4f32e46889012562,0,0,0,,,0,0,0,no_overlap
improve-7658cac6a97be920,1,0,0,,,0,0,0,no_overlap
improve-82591b5e99e9a137,0,0,0,,,0,0,0,no_overlap
improve-5e4052bf53ccc51c,0,0,0,,,0,0,0,no_overlap
improve-f290fe0e49edb898,0,0,0,,,0,0,0,no_overlap
improve-192530073ea5203f,0,0,0,,,0,0,0,no_overlap
improve-689cb32462c4090e,0,0,0,,,0,0,0,no_overlap
improve-b7fccb6b1776d53d,0,0,0,,,0,0,0,no_overlap
improve-49f8984f1e5dc748,0,0,0,,,0,0,0,no_overlap
improve-bd127b1b17e0be3c,0,0,0,,,0,0,0,no_overlap
improve-152e07385eec223a,0,0,0,,,0,0,0,no_overlap
improve-3e210e883f081f39,0,0,0,,,0,0,0,no_overlap
improve-368cb42cd0c2bcaa,0,0,0,,,0,0,0,no_overlap
improve-148275cbbfc6530e,0,0,0,,,0,0,0,no_overlap
improve-f13ab6f71e47896c,0,0,0,,,0,0,0,no_overlap
improve-ac8b8fb4fb0aec40,0,0,0,,,0,0,0,no_overlap
improve-57ba59d666419ba4,0,0,0,,,0,0,0,no_overlap
improve-2ab7798267f8c928,0,0,0,,,0,0,0,no_overlap
improve-4ce8fb3d42270d29,0,0,0,,,0,0,0,no_overlap
improve-d3a700930e32f281,0,0,0,,,0,0,0,no_overlap
improve-d379a0c65e083158,0,0,0,,,0,0,0,no_overlap
improve-521555ea6ba507aa,0,0,0,,,0,0,0,no_overlap
improve-edfca70c45c13e67,0,0,0,,,0,0,0,no_overlap
improve-17ea4e5e0ae01323,0,0,0,,,0,0,0,no_overlap
improve-dcd0d6bd5fb592e6,1,0,0,,,0,0,0,no_overlap
improve-1622f4505fb0ab1c,0,0,0,,,0,0,0,no_overlap
improve-d4fbe3b0db5dbe58,0,0,0,,,0,0,0,no_overlap
improve-6bc6619387e88904,0,0,0,,,0,0,0,no_overlap
improve-8d30c4b47b463ec7,0,0,0,,,0,0,0,no_overlap
improve-321effb2271fbc02,0,0,0,,,0,0,0,no_overlap
improve-db6347acff572120,0,0,0,,,0,0,0,no_overlap
improve-7cd3f4b20981c5af,0,0,0,,,0,0,0,no_overlap
improve-931374c64e7ea20b,0,0,0,,,0,0,0,no_overlap
improve-cfd345a485612356,0,0,0,,,0,0,0,no_overlap
improve-5b29e330649022ff,0,0,0,,,0,0,0,no_overlap
improve-943acd172329c9ed,0,0,0,,,0,0,0,no_overlap
improve-34a4d6e5782bf8e1,0,0,0,,,0,0,0,no_overlap
improve-2e293145e4c6ee10,0,0,0,,,0,0,0,no_overlap
improve-a3fa7c9f9b370886,0,0,1,,,0,0,0,peptide_only_different_hla
improve-6327eae57147e1b7,0,0,0,,,0,0,0,no_overlap
improve-1255d660ad7942e8,0,0,0,,,0,0,0,no_overlap
improve-b418305e9af52769,0,0,1,,,0,0,0,peptide_only_different_hla
improve-bf1eb378b80b97ca,0,0,0,,,0,0,0,no_overlap
improve-98623f43408c08b5,0,0,0,,,0,0,0,no_overlap
improve-b71951d806715969,0,0,0,,,0,0,0,no_overlap
improve-17d398a6d9ec55b0,0,0,0,,,0,0,0,no_overlap
improve-dada5df5d343e14b,0,0,0,,,0,0,0,no_overlap
improve-10244e56a4ac2f87,0,0,0,,,0,0,0,no_overlap
improve-33bc1a3c1b8d3d1a,0,0,0,,,0,0,0,no_overlap
improve-a0f363968d7d9b63,0,0,0,,,0,0,0,no_overlap
improve-ce3767cbdb213a18,0,0,0,,,0,0,0,no_overlap
improve-413664a3d0d3e77d,0,0,0,,,0,0,0,no_overlap
improve-b9dc1469d3a0df1c,0,0,0,,,0,0,0,no_overlap
improve-bc8e43059042ed98,0,0,0,,,0,0,0,no_overlap
improve-1cf384bf08e6052e,0,0,0,,,0,0,0,no_overlap
improve-0612d630d4628193,0,0,0,,,0,0,0,no_overlap
improve-32039ab2d61ffb74,0,0,0,,,0,0,0,no_overlap
improve-94cde789f4adbfaa,0,0,0,,,0,0,0,no_overlap
improve-70151b409fe42c66,0,0,0,,,0,0,0,no_overlap
improve-c621e9e65a534326,0,0,0,,,0,0,0,no_overlap
improve-8bc87e1f40705715,0,0,0,,,0,0,0,no_overlap
improve-4c2ea8a0e3d12438,0,0,0,,,0,0,0,no_overlap
improve-b491fb3c7b0b4f67,0,0,0,,,0,0,0,no_overlap
improve-bf5039a84e1f765f,0,0,0,,,0,0,0,no_overlap
improve-f1dd2cd9a8133c0a,0,0,0,,,0,0,0,no_overlap
improve-64c5c310490152e3,0,0,0,,,0,0,0,no_overlap
improve-0b0ff0207688f079,0,0,0,,,0,0,0,no_overlap
improve-5008ecc9ecfab068,0,0,0,,,0,0,0,no_overlap
improve-6188c620b4ce2c61,0,0,0,,,0,0,0,no_overlap
improve-0b807ef6bbbd06b6,0,0,0,,,0,0,0,no_overlap
improve-1ce72b8f2206fdcc,0,0,0,,,0,0,0,no_overlap
improve-70c98e931dabe0c4,0,0,0,,,0,0,0,no_overlap
improve-8d73949c2fe8116f,0,0,0,,,0,0,0,no_overlap
improve-e7827edd5595059f,1,0,0,,,0,0,0,no_overlap
improve-a8d3ac830c45e337,0,0,0,,,0,0,0,no_overlap
improve-0d959f1e67348232,0,0,0,,,0,0,0,no_overlap
improve-734e2e3f005c3517,0,0,0,,,0,0,0,no_overlap
improve-29396b84f8f7ce64,0,0,0,,,0,0,0,no_overlap
improve-b52110d2b16aeb31,0,0,0,,,0,0,0,no_overlap
improve-d8edc2d1c58d7baf,0,0,0,,,0,0,0,no_overlap
improve-07bfa647cd12015d,0,0,0,,,0,0,0,no_overlap
improve-684241abddd062bd,0,0,0,,,0,0,0,no_overlap
improve-680a5ce8892e3689,0,0,0,,,0,0,0,no_overlap
improve-20d490b31bcff838,0,0,0,,,0,0,0,no_overlap
improve-219c6f1eb7b99b3b,0,0,0,,,0,0,0,no_overlap
improve-2c64cd2e50818bf2,0,0,0,,,0,0,0,no_overlap
improve-75220dc2f84df635,0,0,0,,,0,0,0,no_overlap
improve-ec0e0f2fa10f398f,0,0,0,,,0,0,0,no_overlap
improve-bf005ed6908b7a2c,0,0,0,,,0,0,0,no_overlap
improve-1843d97f50bbf249,0,0,0,,,0,0,0,no_overlap
improve-533174907e00faf8,0,0,0,,,0,0,0,no_overlap
improve-40b73508ffcd5b20,0,0,0,,,0,0,0,no_overlap
improve-e2efa0d86a4ae37b,0,0,0,,,0,0,0,no_overlap
improve-28a6a3ce92388fea,0,0,0,,,0,0,0,no_overlap
improve-56728963725bdc6c,0,0,0,,,0,0,0,no_overlap
improve-1b17729166c48340,0,0,0,,,0,0,0,no_overlap
improve-233b113979ac72d4,0,0,0,,,0,0,0,no_overlap
improve-5614689b14566357,0,0,0,,,0,0,0,no_overlap
improve-83fa872485f50ce2,0,0,0,,,0,0,0,no_overlap
improve-0fa34304f19f3c0b,0,0,0,,,0,0,0,no_overlap
improve-14c5e3e462957d47,0,0,0,,,0,0,0,no_overlap
improve-8a75b1ea701f2bcd,1,0,0,,,0,0,0,no_overlap
improve-0b35fbff44438aa8,0,0,0,,,0,0,0,no_overlap
improve-75a2afc15359f203,0,0,0,,,0,0,0,no_overlap
improve-566ff60d665c348c,0,0,0,,,0,0,0,no_overlap
improve-a6dfd51a71244d11,0,0,0,,,0,0,0,no_overlap
improve-e0b6fb3cbd888e47,0,0,0,,,0,0,0,no_overlap
improve-64b7d1d54e16e607,0,0,0,,,0,0,0,no_overlap
improve-fbbc47c9dce31918,0,0,0,,,0,0,0,no_overlap
improve-b7ac9442b4fdce2b,0,0,0,,,0,0,0,no_overlap
improve-945fe8f06d62b0a9,0,0,0,,,0,0,0,no_overlap
improve-b3348e3a384b2845,0,0,0,,,0,0,0,no_overlap
improve-f2d706b5da128c33,0,0,0,,,0,0,0,no_overlap
improve-f956b49c1ac65184,0,0,0,,,0,0,0,no_overlap
improve-17c0b38e0d7fb69a,0,0,0,,,0,0,0,no_overlap
improve-9cbddcc736f9c764,0,0,0,,,0,0,0,no_overlap
improve-c13235ea573d7cd7,0,0,0,,,0,0,0,no_overlap
improve-cc0cdf095d34b885,0,0,0,,,0,0,0,no_overlap
improve-6f62d18008ff9a90,0,0,0,,,0,0,0,no_overlap
improve-5bae9287d749a0b7,0,0,0,,,0,0,0,no_overlap
improve-72d243c14cee87e2,0,0,0,,,0,0,0,no_overlap
improve-453a8d1ab5360a9a,0,0,0,,,0,0,0,no_overlap
improve-22db2a8a8904738c,0,0,0,,,0,0,0,no_overlap
improve-f8200e3a69af9572,0,0,0,,,0,0,0,no_overlap
improve-90c8a92d7466f6bc,0,0,0,,,0,0,0,no_overlap
improve-1daeb1009123b15c,0,0,0,,,0,0,0,no_overlap
improve-ba86609231c84cda,0,0,0,,,0,0,0,no_overlap
improve-73752af878bd4bae,0,0,0,,,0,0,0,no_overlap
improve-cecb025600e4c7a6,0,0,0,,,0,0,0,no_overlap
improve-20fefdb4de500bcd,0,0,0,,,0,0,0,no_overlap
improve-99e7e497fd8c3151,0,0,0,,,0,0,0,no_overlap
improve-cd797da4e5a455aa,0,0,0,,,0,0,0,no_overlap
improve-813617a68b8c8c06,0,1,1,0,0,1,0,0,exact_label_concordant
improve-1041391ecc32c35b,0,1,1,0,0,1,0,0,exact_label_concordant
improve-439e9ce6aab8a6f4,0,0,0,,,0,0,0,no_overlap
improve-00f90ec03d67bccb,0,0,0,,,0,0,0,no_overlap
improve-549ee82efab5c403,0,0,0,,,0,0,0,no_overlap
improve-6e5ed4d292c16ae4,0,0,0,,,0,0,0,no_overlap
improve-84a5e972b68a92cb,0,0,0,,,0,0,0,no_overlap
improve-7174575c977ab1a4,0,0,0,,,0,0,0,no_overlap
improve-ec9e8752e3d19dcf,0,0,0,,,0,0,0,no_overlap
improve-b1edaf9df8bc5640,0,0,0,,,0,0,0,no_overlap
improve-d55da3b6e4d998aa,0,0,0,,,0,0,0,no_overlap
improve-be15641c22f91270,0,0,0,,,0,0,0,no_overlap
improve-93702d6b22835230,0,0,0,,,0,0,0,no_overlap
improve-8198b05acadec63d,0,0,0,,,0,0,0,no_overlap
improve-654db7e82264ea1d,0,0,0,,,0,0,0,no_overlap
improve-3c427f0438815757,0,0,0,,,0,0,0,no_overlap
improve-017067f8b3cbed69,0,0,0,,,0,0,0,no_overlap
improve-8cac5d548584b038,0,0,0,,,0,0,0,no_overlap
improve-7e8f27b5d3505fa9,0,0,0,,,0,0,0,no_overlap
improve-100a28ba3f91b151,0,0,0,,,0,0,0,no_overlap
improve-409baf743e64c424,0,0,0,,,0,0,0,no_overlap
improve-570e27902e5e4ca9,0,0,0,,,0,0,0,no_overlap
improve-d766af4418818b2b,0,0,0,,,0,0,0,no_overlap
improve-24d9df99920b247b,0,0,0,,,0,0,0,no_overlap
improve-798c3548fb2f6f19,0,0,0,,,0,0,0,no_overlap
improve-866375cf680ef8a3,0,0,0,,,0,0,0,no_overlap
improve-0d56402f3ba5a6cd,0,0,0,,,0,0,0,no_overlap
improve-d90544f132352d70,0,0,0,,,0,0,0,no_overlap
improve-aa2ac28a91a8bb0a,0,0,0,,,0,0,0,no_overlap
improve-86ddb37874f30075,0,0,0,,,0,0,0,no_overlap
improve-eda7212880050785,0,0,0,,,0,0,0,no_overlap
improve-7cd6530c5f18c79a,0,0,0,,,0,0,0,no_overlap
improve-f413e3fcac8b8d7a,0,0,0,,,0,0,0,no_overlap
improve-98d7865e8c022660,0,0,0,,,0,0,0,no_overlap
improve-946fb9aa34fa15a5,0,0,0,,,0,0,0,no_overlap
improve-b2da53587ee57992,0,0,0,,,0,0,0,no_overlap
improve-1a14210c1950f753,0,0,0,,,0,0,0,no_overlap
improve-a1404fa7c89347d7,0,0,0,,,0,0,0,no_overlap
improve-7ef6e96fe0a131b8,0,0,0,,,0,0,0,no_overlap
improve-87444d7afe3ef7f6,0,0,0,,,0,0,0,no_overlap
improve-4887872689558489,0,0,0,,,0,0,0,no_overlap
improve-709f8fbeeeaed1a8,0,0,0,,,0,0,0,no_overlap
improve-fd5ed813607643ab,0,0,0,,,0,0,0,no_overlap
improve-9f5b7639d2a2d273,0,0,0,,,0,0,0,no_overlap
improve-9d25ee6b955a3e5f,0,0,0,,,0,0,0,no_overlap
improve-ff168dec3747a10b,0,0,0,,,0,0,0,no_overlap
improve-2cf473a745870659,0,0,0,,,0,0,0,no_overlap
improve-39b92759cc02bf9b,0,0,0,,,0,0,0,no_overlap
improve-8b52c28f9cc5749b,0,0,0,,,0,0,0,no_overlap
improve-f13a70238cba0bc1,0,0,0,,,0,0,0,no_overlap
improve-6681a4260a72f164,0,0,0,,,0,0,0,no_overlap
improve-796dba8854db1bd1,0,0,0,,,0,0,0,no_overlap
improve-8a4122d3f8745b06,0,0,0,,,0,0,0,no_overlap
improve-88a4a67d4c74098d,0,0,0,,,0,0,0,no_overlap
improve-fb4f8bdb6c97490c,0,0,0,,,0,0,0,no_overlap
improve-b0d2c473f612908f,0,0,0,,,0,0,0,no_overlap
improve-49623f0ee1312066,0,0,0,,,0,0,0,no_overlap
improve-63b5aca2dfa57f53,0,0,0,,,0,0,0,no_overlap
improve-8e72fc7a7bdacf53,0,0,0,,,0,0,0,no_overlap
improve-d13ed79e71e4c907,0,0,0,,,0,0,0,no_overlap
improve-1d42174513834907,0,0,0,,,0,0,0,no_overlap
improve-e8591b3821d6bfeb,0,0,0,,,0,0,0,no_overlap
improve-dab65494fc0c685d,0,0,0,,,0,0,0,no_overlap
improve-cde4298516ff6231,0,0,0,,,0,0,0,no_overlap
improve-581fabd21f8778ba,0,0,0,,,0,0,0,no_overlap
improve-c05579c5db7c1e9f,0,0,0,,,0,0,0,no_overlap
improve-b95f740ccfa0bf08,0,0,0,,,0,0,0,no_overlap
improve-feebaac27f53c763,0,0,0,,,0,0,0,no_overlap
improve-31e969b6577f8384,0,0,0,,,0,0,0,no_overlap
improve-01f8d75c3e141e7e,0,0,0,,,0,0,0,no_overlap
improve-f65d98ff0a8258dc,0,0,0,,,0,0,0,no_overlap
improve-92d96b1b0b0bb20f,0,0,0,,,0,0,0,no_overlap
improve-99b52ff9af47e7dd,0,0,0,,,0,0,0,no_overlap
improve-ac7e221d9fcd8e7b,0,0,0,,,0,0,0,no_overlap
improve-b7e7d02949795dbf,0,0,0,,,0,0,0,no_overlap
improve-8edb35580bb0cbb8,1,0,0,,,0,0,0,no_overlap
improve-790e26d1dd65894a,0,0,0,,,0,0,0,no_overlap
improve-143a93debbbeab7b,0,0,0,,,0,0,0,no_overlap
improve-0f4779b3edb9512a,0,0,0,,,0,0,0,no_overlap
improve-ddff15e89f19b8bd,0,0,0,,,0,0,0,no_overlap
improve-58ff35bace6c4a11,0,0,0,,,0,0,0,no_overlap
improve-71b27c95d5dc10c9,0,0,0,,,0,0,0,no_overlap
improve-df6f07764db085fe,0,0,0,,,0,0,0,no_overlap
improve-c01d643c33b0ad6e,0,0,0,,,0,0,0,no_overlap
improve-c485766a29053660,0,0,0,,,0,0,0,no_overlap
improve-10443de104d8e4eb,0,0,0,,,0,0,0,no_overlap
improve-53f2683a8aac8982,0,0,0,,,0,0,0,no_overlap
improve-61c22647f9efe479,0,0,0,,,0,0,0,no_overlap
improve-e28da05cad934b86,0,0,0,,,0,0,0,no_overlap
improve-7f6f8f768247c71f,0,0,0,,,0,0,0,no_overlap
improve-d802e6d06cc02c47,0,0,0,,,0,0,0,no_overlap
improve-9cd07080d94bc30e,1,0,0,,,0,0,0,no_overlap
improve-9e779ce2a9742788,0,0,0,,,0,0,0,no_overlap
improve-995f793601adc570,0,0,0,,,0,0,0,no_overlap
improve-de10c3181bfbb229,0,0,0,,,0,0,0,no_overlap
improve-4fc09f09c64b54d7,0,0,0,,,0,0,0,no_overlap
improve-c589aac1269eedc6,0,0,0,,,0,0,0,no_overlap
improve-106e750f17f0a66b,0,0,0,,,0,0,0,no_overlap
improve-b78c445942db97c7,0,0,0,,,0,0,0,no_overlap
improve-b18a1e5842bd5e89,0,0,0,,,0,0,0,no_overlap
improve-bda941f2fec76bf1,0,0,0,,,0,0,0,no_overlap
improve-fc06287f230c7b8f,0,0,0,,,0,0,0,no_overlap
improve-441beda146024f2f,0,0,0,,,0,0,0,no_overlap
improve-1398199fbe557917,0,0,0,,,0,0,0,no_overlap
improve-ff72b9b96f48380c,0,0,0,,,0,0,0,no_overlap
improve-92ea689c98852d6d,0,0,0,,,0,0,0,no_overlap
improve-9353e9a7f8080893,0,0,0,,,0,0,0,no_overlap
improve-8517eeccf87a0ded,0,0,0,,,0,0,0,no_overlap
improve-d229c78d635327f7,0,0,0,,,0,0,0,no_overlap
improve-e884298e08ab6419,0,0,0,,,0,0,0,no_overlap
improve-cfb96835b9e23c4c,0,0,0,,,0,0,0,no_overlap
improve-c34f329a76da48e8,0,0,0,,,0,0,0,no_overlap
improve-d688798939e72471,0,0,0,,,0,0,0,no_overlap
improve-4253769316fa0bbf,0,0,0,,,0,0,0,no_overlap
improve-7bf5a5f215183860,0,0,0,,,0,0,0,no_overlap
improve-735593abb684c6da,0,0,0,,,0,0,0,no_overlap
improve-76276a6cc42cd405,0,0,0,,,0,0,0,no_overlap
improve-9104a489a0db87cf,0,0,0,,,0,0,0,no_overlap
improve-1565376a8634d44f,0,0,0,,,0,0,0,no_overlap
improve-01c42519d578a908,0,0,0,,,0,0,0,no_overlap
improve-660cc76698b30d82,0,0,0,,,0,0,0,no_overlap
improve-0fc02a5af8b6a97b,0,0,0,,,0,0,0,no_overlap
improve-1e9ffe7f2fee5754,0,0,0,,,0,0,0,no_overlap
improve-05801db9c7fa6587,0,0,0,,,0,0,0,no_overlap
improve-b05a8f31ee375c33,0,0,0,,,0,0,0,no_overlap
improve-5a67da4838c2c6b6,0,0,0,,,0,0,0,no_overlap
improve-1312bafb9fbdd57c,0,0,0,,,0,0,0,no_overlap
improve-31be486b7b6f7328,0,0,0,,,0,0,0,no_overlap
improve-bb38c6a7c5be478c,0,0,0,,,0,0,0,no_overlap
improve-ccb27601f990e81b,1,0,0,,,0,0,0,no_overlap
improve-4b759ea78028f19b,0,0,0,,,0,0,0,no_overlap
improve-0b407a8d1c78ae06,0,0,0,,,0,0,0,no_overlap
improve-00778ba93245ee5d,0,0,0,,,0,0,0,no_overlap
improve-459d6d5d35dcdc86,0,0,0,,,0,0,0,no_overlap
improve-3af27613fb5ac85b,0,0,0,,,0,0,0,no_overlap
improve-0c7aff3623fd2caa,0,0,0,,,0,0,0,no_overlap
improve-6eb666a77c70c2fa,0,0,0,,,0,0,0,no_overlap
improve-f22443faf4ad3d91,0,0,0,,,0,0,0,no_overlap
improve-5e3db8eb60e3f9ae,0,0,0,,,0,0,0,no_overlap
improve-fedbc3c6d78a43f7,0,0,0,,,0,0,0,no_overlap
improve-bfeebdb47a333950,0,0,0,,,0,0,0,no_overlap
improve-b42a704fac7c0017,0,0,0,,,0,0,0,no_overlap
improve-9c1849cf33e58c3b,0,0,0,,,0,0,0,no_overlap
improve-c4a9dccb46fd3165,0,0,0,,,0,0,0,no_overlap
improve-4748d554f0ae3caa,0,0,0,,,0,0,0,no_overlap
improve-49ed4ccb62032833,0,0,0,,,0,0,0,no_overlap
improve-2140ffbc9431bac9,0,0,0,,,0,0,0,no_overlap
improve-8850698845744f4e,0,0,0,,,0,0,0,no_overlap
improve-27c05e781af3977f,0,0,0,,,0,0,0,no_overlap
improve-402fd071d4ac264f,0,0,0,,,0,0,0,no_overlap
improve-163340ec2b541c78,0,0,0,,,0,0,0,no_overlap
improve-1ea708fd9d68208b,0,0,0,,,0,0,0,no_overlap
improve-109632e346d28e2f,0,0,0,,,0,0,0,no_overlap
improve-4ee84bfac034ea35,0,0,0,,,0,0,0,no_overlap
improve-5112cb3b4cdfd628,0,0,0,,,0,0,0,no_overlap
improve-65ff648cbad3c4eb,0,0,0,,,0,0,0,no_overlap
improve-462d78e96d34c4aa,0,0,0,,,0,0,0,no_overlap
improve-5b9c0b40e6ca823c,0,0,0,,,0,0,0,no_overlap
improve-7a2e3db94b98baea,0,0,0,,,0,0,0,no_overlap
improve-6df1ea105cee5b5d,0,0,0,,,0,0,0,no_overlap
improve-de2ce9d3c0a28373,0,0,0,,,0,0,0,no_overlap
improve-31c82295660f1643,1,0,0,,,0,0,0,no_overlap
improve-1a1535380d2fcc99,0,0,0,,,0,0,0,no_overlap
improve-6b61101caae41307,0,0,0,,,0,0,0,no_overlap
improve-b0be19c866abaf72,0,0,0,,,0,0,0,no_overlap
improve-fde3233e3aab650e,0,0,0,,,0,0,0,no_overlap
improve-b7f8f099b7607842,0,0,1,,,0,0,0,peptide_only_different_hla
improve-d534dd3e583dfec5,0,0,0,,,0,0,0,no_overlap
improve-be5b424d0d7ad663,1,0,0,,,0,0,0,no_overlap
improve-d59131dfd33bd6ff,0,0,0,,,0,0,0,no_overlap
improve-b17a8cd2b3ae3d62,0,0,0,,,0,0,0,no_overlap
improve-ed8f261b5b60a4ff,0,0,0,,,0,0,0,no_overlap
improve-59eef9a13e87094d,0,0,0,,,0,0,0,no_overlap
improve-2ce7238c1e3adb49,0,0,0,,,0,0,0,no_overlap
improve-ef97063b132ae3d0,0,0,0,,,0,0,0,no_overlap
improve-6d8d3a0c26a26ac9,0,0,0,,,0,0,0,no_overlap
improve-d4cb1b63e79ad76e,0,0,0,,,0,0,0,no_overlap
improve-0d02c17ceb3ef354,0,0,0,,,0,0,0,no_overlap
improve-fbb4dd4530777d9d,0,0,0,,,0,0,0,no_overlap
improve-d4729093313d35d8,0,0,0,,,0,0,0,no_overlap
improve-63e6bf45e8412e31,0,0,0,,,0,0,0,no_overlap
improve-3c29856e1e35e8a7,0,0,0,,,0,0,0,no_overlap
improve-7140a290572ca6bb,0,0,0,,,0,0,0,no_overlap
improve-158fca37a40270fe,0,0,0,,,0,0,0,no_overlap
improve-becddf3364230525,0,0,0,,,0,0,0,no_overlap
improve-be4508196be93266,0,0,0,,,0,0,0,no_overlap
improve-30ff08d6192d746e,0,0,0,,,0,0,0,no_overlap
improve-2506207b24eae9ed,0,0,0,,,0,0,0,no_overlap
improve-2bfbcaf952e25f8f,0,0,0,,,0,0,0,no_overlap
improve-50206fa7716d1457,0,0,0,,,0,0,0,no_overlap
improve-c1a9dc3ca0dea05c,0,0,0,,,0,0,0,no_overlap
improve-f28af0dfd44ef0d1,0,0,0,,,0,0,0,no_overlap
improve-a581d81f911f867c,0,0,0,,,0,0,0,no_overlap
improve-3938a1f3af7c975b,0,0,0,,,0,0,0,no_overlap
improve-515a97b8798873b3,0,0,0,,,0,0,0,no_overlap
improve-27df237b06df121f,0,0,0,,,0,0,0,no_overlap
improve-23806753b613c439,0,0,0,,,0,0,0,no_overlap
improve-84ef0e0ca04ed8bb,0,0,0,,,0,0,0,no_overlap
improve-ad369194fd8b1e2f,0,0,0,,,0,0,0,no_overlap
improve-b2869fb144699c90,0,0,0,,,0,0,0,no_overlap
improve-53f35b8e887c7537,0,0,0,,,0,0,0,no_overlap
improve-29f13b5e1e89918a,0,0,0,,,0,0,0,no_overlap
improve-c82d537de532a5b2,0,0,0,,,0,0,0,no_overlap
improve-5b57479810855016,0,0,0,,,0,0,0,no_overlap
improve-84b81960c8af8496,0,0,0,,,0,0,0,no_overlap
improve-d64fa64e223a904d,0,0,0,,,0,0,0,no_overlap
improve-bbb7973f988d1fa8,0,0,0,,,0,0,0,no_overlap
improve-45a1e2ad049207ba,0,0,0,,,0,0,0,no_overlap
improve-3818c5aaa09fefcc,0,0,0,,,0,0,0,no_overlap
improve-e0aa1b5b651972ec,0,0,0,,,0,0,0,no_overlap
improve-632713e0357a43a8,0,0,0,,,0,0,0,no_overlap
improve-e96dd5e3758b83f8,0,0,0,,,0,0,0,no_overlap
improve-34825bf349a480f7,0,0,0,,,0,0,0,no_overlap
improve-aa0389fb2f9c97a9,1,0,0,,,0,0,0,no_overlap
improve-94742893138285f5,0,0,0,,,0,0,0,no_overlap
improve-c7cf2ccae3c1b27f,0,0,0,,,0,0,0,no_overlap
improve-9371e643e2a47bb7,0,0,0,,,0,0,0,no_overlap
improve-5ecee8d123e6c2f9,0,0,0,,,0,0,0,no_overlap
improve-4b2a51c08ec299ab,0,0,0,,,0,0,0,no_overlap
improve-c62784060193b06b,0,0,0,,,0,0,0,no_overlap
improve-c22dd74df75765cf,0,0,0,,,0,0,0,no_overlap
improve-728561323580635f,0,0,0,,,0,0,0,no_overlap
improve-b852b2862207301a,0,0,0,,,0,0,0,no_overlap
improve-d0cabd5b911b4ca8,0,0,0,,,0,0,0,no_overlap
improve-6be97e16b068b454,0,0,0,,,0,0,0,no_overlap
improve-080bc43195eba502,0,0,0,,,0,0,0,no_overlap
improve-f30a63a71ec3a2ac,0,0,0,,,0,0,0,no_overlap
improve-580ddc79a0edf2b5,1,0,0,,,0,0,0,no_overlap
improve-b5d39bf136de2a28,0,0,0,,,0,0,0,no_overlap
improve-af44b3f7ec92b742,0,0,0,,,0,0,0,no_overlap
improve-ee827823f0c666e0,0,0,0,,,0,0,0,no_overlap
improve-10dcb56ed6a26ac1,0,0,0,,,0,0,0,no_overlap
improve-1dd9680592f0eaf2,0,0,0,,,0,0,0,no_overlap
improve-b3a7cd10749d903a,0,0,0,,,0,0,0,no_overlap
improve-c82f61f069cf506b,0,0,0,,,0,0,0,no_overlap
improve-b5b3b40bc5b4f095,0,0,0,,,0,0,0,no_overlap
improve-28cfbeb7d0bd82a2,0,0,0,,,0,0,0,no_overlap
improve-2b5d67dadc35c6ee,0,0,0,,,0,0,0,no_overlap
improve-4a23fc087a94fcf8,0,0,0,,,0,1,1,no_overlap
improve-c072a76009254072,0,0,0,,,0,0,0,no_overlap
improve-d97f78ace527aa4e,0,0,0,,,0,0,0,no_overlap
improve-6b814c7db60b5ee1,1,0,0,,,0,0,0,no_overlap
improve-ed623f96ff600a09,0,0,0,,,0,0,0,no_overlap
improve-7c58a13cf873dd65,0,0,0,,,0,0,0,no_overlap
improve-7cdcc56cd0396ab6,0,0,0,,,0,0,0,no_overlap
improve-ba52e958c47d4d18,0,0,0,,,0,0,0,no_overlap
improve-0ef7e480592b043e,0,0,0,,,0,0,0,no_overlap
improve-e95aac9d72b8c5cb,0,0,0,,,0,0,0,no_overlap
improve-ebe9ed88fe592dc0,0,0,0,,,0,0,0,no_overlap
improve-33df8fb662a17c29,0,0,0,,,0,0,0,no_overlap
improve-4b359872426171fe,0,0,0,,,0,0,0,no_overlap
improve-d723b6226d3d69a8,0,0,0,,,0,0,0,no_overlap
improve-1d51c95df62ca2c1,0,0,0,,,0,0,0,no_overlap
improve-9f4ccd89ac8a8144,0,0,0,,,0,0,0,no_overlap
improve-8436c96397d0d7bf,0,0,0,,,0,0,0,no_overlap
improve-25e2d4e2db98c2cb,0,0,0,,,0,0,0,no_overlap
improve-1ad4e9ff4c4798fe,0,0,0,,,0,0,0,no_overlap
improve-27b6ebf99e5779ce,0,0,0,,,0,0,0,no_overlap
improve-f81b85f25a8a41b7,0,0,0,,,0,0,0,no_overlap
improve-cc6e34b7b8af5f92,0,0,0,,,0,0,0,no_overlap
improve-6ef6f8c7881f55cd,0,0,0,,,0,0,0,no_overlap
improve-4781cae7c42b0392,0,0,0,,,0,0,0,no_overlap
improve-189e407e1b90f057,0,0,0,,,0,0,0,no_overlap
improve-872b85a5ac5b55d6,0,0,0,,,0,0,0,no_overlap
improve-ba997705e97a0126,0,0,0,,,0,0,0,no_overlap
improve-f300dd3de4ed87ce,0,0,0,,,0,0,0,no_overlap
improve-f0246ba71abb3173,0,0,0,,,0,0,0,no_overlap
improve-d471940b603b9f98,0,0,0,,,0,0,0,no_overlap
improve-23b362b1fea5ba92,0,0,0,,,0,0,0,no_overlap
improve-a7679263abe15172,0,0,0,,,0,0,0,no_overlap
improve-bb585d6f8505d561,0,0,0,,,0,0,0,no_overlap
improve-e6109e6347d58af5,1,0,0,,,0,0,0,no_overlap
improve-1197ff2520875e6e,0,0,0,,,0,0,0,no_overlap
improve-ca1aac5526d1ea0e,0,0,0,,,0,0,0,no_overlap
improve-22990e268e3187bd,0,0,0,,,0,0,0,no_overlap
improve-2f8ff4151ae8f407,0,0,0,,,0,0,0,no_overlap
improve-743bc0c0083ea83e,0,0,0,,,0,0,0,no_overlap
improve-985e378fe8721e04,0,0,0,,,0,0,0,no_overlap
improve-2adb2abbdc48b555,0,0,0,,,0,0,0,no_overlap
improve-f501cc3240a742e0,0,0,0,,,0,0,0,no_overlap
improve-e49aa85f1ddc692a,0,0,0,,,0,0,0,no_overlap
improve-3bbfe94997e91da1,0,0,0,,,0,0,0,no_overlap
improve-5eeb7ded3e178d73,0,0,0,,,0,0,0,no_overlap
improve-125147da45adbe6a,0,0,0,,,0,0,0,no_overlap
improve-75e4eee9ea06a066,0,0,0,,,0,0,0,no_overlap
improve-54261a1a64b91993,0,0,0,,,0,0,0,no_overlap
improve-ab545a63f41b94f1,0,0,0,,,0,0,0,no_overlap
improve-311be8f6ad0f5e82,0,0,0,,,0,0,0,no_overlap
improve-4f942a8e6e65ca63,0,0,0,,,0,0,0,no_overlap
improve-f3d33fd99b0a6171,0,0,0,,,0,0,0,no_overlap
improve-bbec8841c4e55f4f,0,0,0,,,0,0,0,no_overlap
improve-b86eb6dc9935cc40,0,0,0,,,0,0,0,no_overlap
improve-469e0de077995870,0,0,0,,,0,0,0,no_overlap
improve-494a5973a16eaa26,0,0,0,,,0,0,0,no_overlap
improve-5a8448e285775d5c,0,0,0,,,0,0,0,no_overlap
improve-f4abaadc503d3c16,0,0,0,,,0,0,0,no_overlap
improve-88ee928b06c21331,0,0,0,,,0,0,0,no_overlap
improve-8557bc8d8103e328,1,0,0,,,0,0,0,no_overlap
improve-7547a6c7200631dd,0,0,0,,,0,0,0,no_overlap
improve-bb42af21cb584c37,0,0,0,,,0,0,0,no_overlap
improve-84dc82087a243bc4,0,0,0,,,0,0,0,no_overlap
improve-87b94a8e47125835,0,0,0,,,0,0,0,no_overlap
improve-68c9a30a9ed67756,0,0,0,,,0,0,0,no_overlap
improve-53c1958e98971b01,0,0,0,,,0,0,0,no_overlap
improve-65a348d470602a94,0,0,0,,,0,0,0,no_overlap
improve-00fefd5cf8a3a13f,0,0,0,,,0,0,0,no_overlap
improve-e44f18a3ae2f0b85,0,0,0,,,0,0,0,no_overlap
improve-21a13af0a026fafd,0,0,1,,,0,0,0,peptide_only_different_hla
improve-409cc40566e7894a,0,0,1,,,0,0,0,peptide_only_different_hla
improve-4312808e0fde9247,0,0,0,,,0,0,0,no_overlap
improve-24d8b06caedc2873,0,0,0,,,0,0,0,no_overlap
improve-42d4306e534f2fd6,0,0,0,,,0,0,0,no_overlap
improve-9b44bfbe1d3c8e48,0,0,0,,,0,0,0,no_overlap
improve-141730910c6331a8,0,0,0,,,0,0,0,no_overlap
improve-d8db2644cafedddf,0,0,0,,,0,0,0,no_overlap
improve-cf307cd27799c262,0,0,0,,,0,0,0,no_overlap
improve-809c8005324bb9a4,0,0,0,,,0,0,0,no_overlap
improve-8e19adf283c24ebf,0,0,0,,,0,0,0,no_overlap
improve-ab57e9bd14e430e4,0,0,0,,,0,0,0,no_overlap
improve-812d5122cb8d3b4a,0,0,0,,,0,0,0,no_overlap
improve-a71b117778309c65,0,0,0,,,0,0,0,no_overlap
improve-3a08dc427a26c8ab,0,0,0,,,0,0,0,no_overlap
improve-aaef847d3aae754d,0,0,0,,,0,0,0,no_overlap
improve-6716be4067dbb7d0,0,0,0,,,0,0,0,no_overlap
improve-913e4516f68d989c,0,0,0,,,0,0,0,no_overlap
improve-8756f3167b00e72f,0,0,0,,,0,0,0,no_overlap
improve-360104cdd896e6ec,0,0,0,,,0,0,0,no_overlap
improve-5ab9e48c528f2222,0,0,0,,,0,0,0,no_overlap
improve-92e13731f52d947a,0,0,0,,,0,0,0,no_overlap
improve-dbac84939dfeac7e,0,0,0,,,0,0,0,no_overlap
improve-f28af5d26699ebbc,0,0,0,,,0,0,0,no_overlap
improve-1505a85a39ee69f1,0,0,0,,,0,0,0,no_overlap
improve-07d9c1add0894513,0,0,0,,,0,0,0,no_overlap
improve-3b178b68b405b919,0,0,0,,,0,0,0,no_overlap
improve-48d45cffb715b5d1,0,0,0,,,0,0,0,no_overlap
improve-ab4bfdc04d896ff2,0,0,0,,,0,0,0,no_overlap
improve-c3b0e8a38cd4f80b,0,0,0,,,0,0,0,no_overlap
improve-fedebb4a8c3de009,0,0,0,,,0,0,0,no_overlap
improve-610ef1dac4e20456,0,0,0,,,0,0,0,no_overlap
improve-ade86ddec5a4ab92,0,0,0,,,0,0,0,no_overlap
improve-85295d249c473a02,0,0,0,,,0,0,0,no_overlap
improve-f0d19b1ce1cdd53c,0,0,0,,,0,0,0,no_overlap
improve-d746ad29aee2606b,0,0,0,,,0,0,0,no_overlap
improve-05337d09b486ac7c,0,0,0,,,0,0,0,no_overlap
improve-17c61ac0eba252c8,0,0,0,,,0,0,0,no_overlap
improve-8d2a8284e004454c,0,0,0,,,0,0,0,no_overlap
improve-c6ca8432cb146db4,0,0,0,,,0,0,0,no_overlap
improve-a52d9cf9c3a9f63c,0,0,0,,,0,0,0,no_overlap
improve-cacfaaf71a930f82,0,0,0,,,0,0,0,no_overlap
improve-6f9afcf325f7f1c7,0,0,0,,,0,0,0,no_overlap
improve-cf2484f037f61006,0,0,0,,,0,0,0,no_overlap
improve-9d85365be8dc3c71,0,0,0,,,0,0,0,no_overlap
improve-0a795ec3d531c8a1,0,0,0,,,0,0,0,no_overlap
improve-f8295fe17d81f117,0,0,0,,,0,0,0,no_overlap
improve-29e0ab3e75d0daf9,0,0,0,,,0,0,0,no_overlap
improve-c4e4f70e77a354ac,0,0,0,,,0,0,0,no_overlap
improve-c0b2e2866c1fd110,0,0,0,,,0,0,0,no_overlap
improve-71d0f5c7290c2bc6,0,0,0,,,0,0,0,no_overlap
improve-3ebb26a4a3119ec1,0,0,0,,,0,0,0,no_overlap
improve-7e21c98f67d143b5,0,0,0,,,0,0,0,no_overlap
improve-70a93ed029046931,0,0,0,,,0,0,0,no_overlap
improve-7d2d65ba95fe363e,0,0,0,,,0,0,0,no_overlap
improve-e9a3440ded4a0862,0,0,0,,,0,0,0,no_overlap
improve-7df85414dba1aa72,0,0,0,,,0,0,0,no_overlap
improve-d91fcb2720486166,0,0,0,,,0,0,0,no_overlap
improve-a9c56856c63ad832,1,0,0,,,0,0,0,no_overlap
improve-6652d16704309530,0,0,0,,,0,0,0,no_overlap
improve-6ac024ceebfeb0f9,0,0,0,,,0,0,0,no_overlap
improve-0900bfe7f366c836,0,0,0,,,0,0,0,no_overlap
improve-90642054bcd39e37,0,0,0,,,0,0,0,no_overlap
improve-1f2502a736f15db9,0,0,0,,,0,0,0,no_overlap
improve-7dfd50027ce6084d,0,0,0,,,0,0,0,no_overlap
improve-84af97d6210a0988,0,0,0,,,0,0,0,no_overlap
improve-d514e40cb559f811,0,0,0,,,0,0,0,no_overlap
improve-b1ce34916822b583,0,0,0,,,0,0,0,no_overlap
improve-02402c118a5abfb5,0,0,0,,,0,0,0,no_overlap
improve-a30c5b9fe1b94741,0,0,0,,,0,0,0,no_overlap
improve-2a8328b013311bc1,0,0,0,,,0,0,0,no_overlap
improve-f83dc7f531278908,0,0,0,,,0,0,0,no_overlap
improve-7d053c4ff26a57c6,0,0,0,,,0,0,0,no_overlap
improve-fce0958fc38a6319,0,0,0,,,0,0,0,no_overlap
improve-0b164241d184e00a,0,0,0,,,0,0,0,no_overlap
improve-7073c1095ee4c0b7,0,0,0,,,0,0,0,no_overlap
improve-50d33b2101eab4f1,0,0,0,,,0,0,0,no_overlap
improve-65aa3d2144e6349a,0,0,0,,,0,0,0,no_overlap
improve-80331dcaf907c1b6,0,0,0,,,0,0,0,no_overlap
improve-dc41063036a2b38e,0,0,0,,,0,0,0,no_overlap
improve-98e71b5cb4e71513,0,0,0,,,0,0,0,no_overlap
improve-4b9831c5ff94f968,0,0,0,,,0,0,0,no_overlap
improve-1124c27ae9cc40a5,0,0,0,,,0,0,0,no_overlap
improve-bf6f48d6e6cf2a43,0,0,0,,,0,0,0,no_overlap
improve-a4583f38e418ec85,0,0,0,,,0,0,0,no_overlap
improve-7319bc18b388aa3e,0,0,0,,,0,0,0,no_overlap
improve-a8b467d3d6ed7b1b,0,0,0,,,0,0,0,no_overlap
improve-697a440d1139d03f,0,0,0,,,0,0,0,no_overlap
improve-1d6d6037512d18b2,0,0,0,,,0,0,0,no_overlap
improve-1ecad32afef26492,0,0,0,,,0,0,0,no_overlap
improve-a79bdb800dc83202,0,0,0,,,0,0,0,no_overlap
improve-a5d1747d1dc7445a,0,0,0,,,0,0,0,no_overlap
improve-ed9073c51b3856be,0,0,0,,,0,0,0,no_overlap
improve-e8382c0991bfaf05,0,0,0,,,0,0,0,no_overlap
improve-ac23d77c12f57e45,0,0,0,,,0,0,0,no_overlap
improve-ca218e3f44e2ec32,0,0,0,,,0,0,0,no_overlap
improve-567f235a389bb6a2,0,0,0,,,0,0,0,no_overlap
improve-718ad867fe354c5f,0,0,0,,,0,0,0,no_overlap
improve-ac241a26b392eb6c,0,0,0,,,0,0,0,no_overlap
improve-5afa7062716443fd,0,0,0,,,0,0,0,no_overlap
improve-3da276166836ccdf,0,0,0,,,0,0,0,no_overlap
improve-c3add2c37d0c7e30,1,0,0,,,0,0,0,no_overlap
improve-67574f6fecc42850,0,0,0,,,0,0,0,no_overlap
improve-654ad3dab9d3daa8,0,0,0,,,0,0,0,no_overlap
improve-00b07b0075ea90cb,0,0,0,,,0,0,0,no_overlap
improve-07fb4804b644c67c,1,0,0,,,0,0,0,no_overlap
improve-3e5f5b5e0bf2ffda,1,0,0,,,0,0,0,no_overlap
improve-080fc6ebfb95d67e,1,0,0,,,0,0,0,no_overlap
improve-566457fc0cf31d48,0,0,0,,,0,0,0,no_overlap
improve-1bd2d5e23691ec1e,0,0,0,,,0,0,0,no_overlap
improve-3c508ab6910277bd,0,0,0,,,0,0,0,no_overlap
improve-408f4816267f3c23,0,0,0,,,0,0,0,no_overlap
improve-49d5cd9d36d20a4d,0,0,0,,,0,0,0,no_overlap
improve-3211d3387203b535,0,0,0,,,0,0,0,no_overlap
improve-4b3479f437291cb4,0,0,0,,,0,0,0,no_overlap
improve-ca261582d0d69ca5,0,0,0,,,0,0,0,no_overlap
improve-181f5bfc6df5a672,0,0,0,,,0,0,0,no_overlap
improve-105a2fad8351da77,0,0,0,,,0,0,0,no_overlap
improve-f6075f515f40c955,0,0,0,,,0,0,0,no_overlap
improve-e3a7c2753cf92aa6,0,0,0,,,0,0,0,no_overlap
improve-9671d0ef82c9f287,0,0,0,,,0,0,0,no_overlap
improve-a1ff27ef425bb1d4,0,0,0,,,0,0,0,no_overlap
improve-4ebb46aec30be26e,0,0,0,,,0,0,0,no_overlap
improve-c3ae261ab6570f4a,0,0,0,,,0,0,0,no_overlap
improve-f0fd1d1e303d760b,0,0,0,,,0,0,0,no_overlap
improve-d9f966b5d2dace47,0,0,0,,,0,0,0,no_overlap
improve-1a58dd1af755e1eb,0,0,0,,,0,0,0,no_overlap
improve-e29c6c2d6c15db40,0,0,0,,,0,0,0,no_overlap
improve-098c7638807aef13,0,0,0,,,0,0,0,no_overlap
improve-13aedbad5af15d52,0,0,0,,,0,0,0,no_overlap
improve-d6070154de4342d8,0,0,0,,,0,0,0,no_overlap
improve-c8fc42b593c0dc7e,0,0,0,,,0,0,0,no_overlap
improve-79e189ae32708967,0,0,0,,,0,0,0,no_overlap
improve-798513bd304a566b,0,0,0,,,0,0,0,no_overlap
improve-3da35332bbe1485f,0,0,0,,,0,0,0,no_overlap
improve-7c96e1124ce189f7,0,0,0,,,0,0,0,no_overlap
improve-78129a821f31832d,0,0,0,,,0,0,0,no_overlap
improve-7c60366640965653,0,0,0,,,0,0,0,no_overlap
improve-b71bb17c637bfff6,0,0,0,,,0,0,0,no_overlap
improve-0652ac71b5f8db8f,0,0,0,,,0,0,0,no_overlap
improve-6c91814a756f97c3,0,0,0,,,0,0,0,no_overlap
improve-c51d31a75dce89fe,0,0,0,,,0,0,0,no_overlap
improve-1f76b07e6f9bb88b,0,0,0,,,0,0,0,no_overlap
improve-2047bdff233a86cd,0,0,0,,,0,0,0,no_overlap
improve-4c76bd048b180284,0,0,0,,,0,0,0,no_overlap
improve-a3ff13a399047395,0,0,0,,,0,0,0,no_overlap
improve-9ec19524faa8aa4b,0,0,0,,,0,0,0,no_overlap
improve-203380727582b4eb,0,0,0,,,0,0,0,no_overlap
improve-ee7349eed3adaf46,0,0,0,,,0,0,0,no_overlap
improve-621d5eca437c94b3,0,0,0,,,0,0,0,no_overlap
improve-7d7ceb0d831682bc,0,0,0,,,0,0,0,no_overlap
improve-9e27f46d21834845,0,0,0,,,0,0,0,no_overlap
improve-d17d9a330335d738,0,0,0,,,0,0,0,no_overlap
improve-95bb0d75b0ad7817,0,0,0,,,0,0,0,no_overlap
improve-86d23b4e4cb3c2e5,0,0,0,,,0,0,0,no_overlap
improve-d64547fec7f325b2,0,0,0,,,0,0,0,no_overlap
improve-f0e3fdae336cd6bf,0,0,0,,,0,0,0,no_overlap
improve-3d9781e3bdd7f44b,0,0,0,,,0,0,0,no_overlap
improve-8c6be8e539821403,0,1,1,0,0,1,0,0,exact_label_concordant
improve-86d757a6cced564b,0,0,0,,,0,0,0,no_overlap
improve-438e46a0e71ab745,0,0,0,,,0,0,0,no_overlap
improve-35e7c6d29ed31972,0,0,0,,,0,0,0,no_overlap
improve-c979d69dff008323,0,0,0,,,0,0,0,no_overlap
improve-adee98d685fb08cb,0,0,0,,,0,0,0,no_overlap
improve-fe6554b83b30f134,0,0,0,,,0,0,0,no_overlap
improve-6f2f9902a73d4db1,0,0,0,,,0,0,0,no_overlap
improve-00cf9ade597fb993,0,0,0,,,0,0,0,no_overlap
improve-a4f1a1c56b8d277f,0,0,0,,,0,0,0,no_overlap
improve-1a0184e9041493c4,0,0,0,,,0,0,0,no_overlap
improve-36775ddcda3c8098,0,0,0,,,0,0,0,no_overlap
improve-6aa99ecbe1dff72d,0,0,0,,,0,0,0,no_overlap
improve-5cbb7a16cf476424,0,0,0,,,0,0,0,no_overlap
improve-44b1818f9cfa546e,0,0,0,,,0,0,0,no_overlap
improve-faee42657d385591,0,0,0,,,0,0,0,no_overlap
improve-625848eae812ad60,0,0,0,,,0,0,0,no_overlap
improve-446f1243afe94066,0,0,0,,,0,0,0,no_overlap
improve-7017a67ee314da35,0,0,0,,,0,0,0,no_overlap
improve-594ebede710b0130,1,0,0,,,0,0,0,no_overlap
improve-d8d3a00f5e326220,0,0,0,,,0,0,0,no_overlap
improve-695e9d25c7cfa7cf,0,0,0,,,0,0,0,no_overlap
improve-372e57c2e2ad2df8,0,0,0,,,0,0,0,no_overlap
improve-63e8e6bcdc94323f,0,0,0,,,0,0,0,no_overlap
improve-aef861c39f007fbe,0,0,0,,,0,0,0,no_overlap
improve-247250943c7862b6,0,0,0,,,0,0,0,no_overlap
improve-80d7a512e687071f,0,0,0,,,0,0,0,no_overlap
improve-4c5f8ffef9f87653,0,0,0,,,0,0,0,no_overlap
improve-a24728afccd2a440,0,0,0,,,0,0,0,no_overlap
improve-b0013aa4fcdf7cea,0,0,0,,,0,0,0,no_overlap
improve-adee5a3e262a8e48,0,0,0,,,0,0,0,no_overlap
improve-b08b4fda106ab9c2,0,0,0,,,0,0,0,no_overlap
improve-ed48f26cf6f77c22,0,0,0,,,0,0,0,no_overlap
improve-397117bab9db3975,0,0,0,,,0,0,0,no_overlap
improve-332c4b551b48854e,0,0,0,,,0,0,0,no_overlap
improve-aef569234b0ef6fb,0,0,0,,,0,0,0,no_overlap
improve-92f7ddf5732f9037,0,0,0,,,0,0,0,no_overlap
improve-04c58600c2f36703,0,0,0,,,0,0,0,no_overlap
improve-e16c4ada6f8a745d,0,0,0,,,0,0,0,no_overlap
improve-19c777875b268b4f,0,0,0,,,0,0,0,no_overlap
improve-9fd7e105233f6d60,0,0,0,,,0,0,0,no_overlap
improve-3c0473bd90d162be,0,0,0,,,0,0,0,no_overlap
improve-b649b8bf95ede5d2,0,0,0,,,0,0,0,no_overlap
improve-4ba81af0a3017b7b,0,0,0,,,0,0,0,no_overlap
improve-d5907aaa03a5dd9f,0,0,0,,,0,0,0,no_overlap
improve-3e84137e08626b5b,0,0,0,,,0,0,0,no_overlap
improve-c0ff4c918bec738b,0,0,0,,,0,0,0,no_overlap
improve-bb4c92ffaa58356d,0,0,0,,,0,0,0,no_overlap
improve-b940b6ef85f95115,0,0,0,,,0,0,0,no_overlap
improve-c74e74a7fbd06830,0,0,0,,,0,0,0,no_overlap
improve-229543b69c757343,0,0,0,,,0,0,0,no_overlap
improve-3c3e30cc39edc84e,0,0,0,,,0,0,0,no_overlap
improve-06342c3069df8159,0,0,0,,,0,0,0,no_overlap
improve-9e0560f19141d8d8,0,0,0,,,0,0,0,no_overlap
improve-c4b470f748b85f5f,0,0,0,,,0,0,0,no_overlap
improve-75ffe536725bb417,0,0,0,,,0,0,0,no_overlap
improve-40414738e51b9750,0,0,0,,,0,0,0,no_overlap
improve-17d518d6eaf468bb,0,0,0,,,0,0,0,no_overlap
improve-52ec4fce2772f87e,0,0,0,,,0,0,0,no_overlap
improve-7d961ae7cc61c266,0,0,0,,,0,0,0,no_overlap
improve-4d8d10ad39dc0952,0,0,0,,,0,0,0,no_overlap
improve-526e9b5283dac228,0,0,0,,,0,0,0,no_overlap
improve-e4a05e7cf489af4d,0,0,0,,,0,0,0,no_overlap
improve-81a312974df816d9,0,0,0,,,0,0,0,no_overlap
improve-f145970e3babcd4c,0,0,0,,,0,0,0,no_overlap
improve-9cc2678f12938089,0,0,0,,,0,0,0,no_overlap
improve-51deaef49520e62f,0,0,0,,,0,0,0,no_overlap
improve-3a7ab5dbc26b5b01,0,0,0,,,0,0,0,no_overlap
improve-55ab97075d7f7a13,0,0,0,,,0,0,0,no_overlap
improve-f727b1801140832d,0,0,0,,,0,0,0,no_overlap
improve-eb5e1cb8b24b73b7,0,0,0,,,0,0,0,no_overlap
improve-f5be84e3818fdd73,0,0,0,,,0,0,0,no_overlap
improve-065bec161b8a479c,0,0,0,,,0,0,0,no_overlap
improve-a557458d638972fa,0,0,0,,,0,0,0,no_overlap
improve-97d75ecb0e3e758f,0,0,0,,,0,0,0,no_overlap
improve-6e9ebecac6eb006c,0,0,0,,,0,0,0,no_overlap
improve-0f11769c40c62265,0,0,0,,,0,0,0,no_overlap
improve-e1fc71a5980cc815,0,0,0,,,0,0,0,no_overlap
improve-6969caac761220b9,0,0,0,,,0,0,0,no_overlap
improve-f1de609432163b25,0,0,0,,,0,0,0,no_overlap
improve-e012286b44307d1e,0,0,0,,,0,0,0,no_overlap
improve-6bd67a3416e0b99e,0,0,0,,,0,0,0,no_overlap
improve-e5e744a7ba8fee3d,0,0,0,,,0,0,0,no_overlap
improve-c303e750dff1cbfc,0,0,0,,,0,0,0,no_overlap
improve-2acf502a9a40e68f,0,0,0,,,0,0,0,no_overlap
improve-96f058a0484e9c0f,0,0,0,,,0,0,0,no_overlap
improve-77f1e3797ae4fb58,0,0,0,,,0,0,0,no_overlap
improve-5aeb9d0a9f77117b,0,0,0,,,0,0,0,no_overlap
improve-ec3694b61e6367fc,0,0,0,,,0,0,0,no_overlap
improve-9c230049f31bb88e,0,0,0,,,0,0,0,no_overlap
improve-83079f88674b1fb6,0,0,0,,,0,0,0,no_overlap
improve-c0dc5a766b7ab167,0,0,0,,,0,0,0,no_overlap
improve-cc3531b41631e227,0,0,0,,,0,0,0,no_overlap
improve-0232a65255b138b8,1,0,0,,,0,0,0,no_overlap
improve-d2e1b824e25e036b,0,0,0,,,0,0,0,no_overlap
improve-c90b31f6a5049a66,0,0,0,,,0,0,0,no_overlap
improve-f17c52c2b6a4f888,0,0,0,,,0,0,0,no_overlap
improve-74452d03216518ab,0,0,0,,,0,0,0,no_overlap
improve-16552a7ee75ce455,0,0,0,,,0,0,0,no_overlap
improve-52c76b433cdc41a5,0,0,0,,,0,0,0,no_overlap
improve-3362941be780c78c,0,0,0,,,0,0,0,no_overlap
improve-36c77b5626d67631,0,0,0,,,0,0,0,no_overlap
improve-2ff4b7e82aa3d253,1,0,0,,,0,0,0,no_overlap
improve-2c55baeb91ef8afa,0,0,0,,,0,0,0,no_overlap
improve-e14d030a97b38e56,0,0,0,,,0,0,0,no_overlap
improve-f89f2e97a9f081a7,0,0,0,,,0,0,0,no_overlap
improve-6b18d06648988c02,0,0,0,,,0,0,0,no_overlap
improve-b9bd19b5dfaa1c74,0,0,0,,,0,0,0,no_overlap
improve-2dd0999aec1353dc,0,0,0,,,0,0,0,no_overlap
improve-91d7a3517f80b1d8,0,0,0,,,0,0,0,no_overlap
improve-499804a1e21e12da,0,0,0,,,0,0,0,no_overlap
improve-8f3530de4c0a7af8,0,0,0,,,0,0,0,no_overlap
improve-89599c8e27053ba5,0,0,0,,,0,0,0,no_overlap
improve-5e0997cd4dc1bb90,0,0,0,,,0,0,0,no_overlap
improve-9dcc6821191edade,0,0,0,,,0,0,0,no_overlap
improve-3e74d160c0e182f3,0,0,0,,,0,0,0,no_overlap
improve-4857155316944d22,0,0,0,,,0,0,0,no_overlap
improve-c2470b3b0130177d,0,0,0,,,0,0,0,no_overlap
improve-ceb84e5eb6147ab8,0,0,0,,,0,0,0,no_overlap
improve-de5a88299f181795,0,0,0,,,0,0,0,no_overlap
improve-542490e9ee32c858,0,0,0,,,0,0,0,no_overlap
improve-5d1ef75b8bbb9e7d,0,0,0,,,0,0,0,no_overlap
improve-272caa2a48188491,0,0,0,,,0,0,0,no_overlap
improve-25b58270c2c73928,0,0,0,,,0,0,0,no_overlap
improve-918837c10c2a202f,0,0,0,,,0,0,0,no_overlap
improve-8e9ed4a181c105dd,0,0,0,,,0,0,0,no_overlap
improve-d7232a3cba6546da,0,0,0,,,0,0,0,no_overlap
improve-ca2b34275c1d82ec,0,0,0,,,0,0,0,no_overlap
improve-1b56b3ac4bf70e21,0,0,0,,,0,0,0,no_overlap
improve-738bbb8e0f10427b,0,0,0,,,0,0,0,no_overlap
improve-38d4d9cde14a0322,1,0,0,,,0,0,0,no_overlap
improve-2b0b431c481c1a3a,0,0,0,,,0,0,0,no_overlap
improve-eeab9b430b9eeabe,0,0,0,,,0,0,0,no_overlap
improve-37194c9d6f17f568,0,0,0,,,0,0,0,no_overlap
improve-ca7460b5b05ddd50,0,0,0,,,0,0,0,no_overlap
improve-50aaa5cc1f9975ca,0,0,0,,,0,0,0,no_overlap
improve-8d1aaffa67b11a2c,0,0,0,,,0,0,0,no_overlap
improve-ecad723a80a0f1ef,0,0,0,,,0,0,0,no_overlap
improve-00bd5d65233d5f2c,0,0,0,,,0,0,0,no_overlap
improve-409ce7bbe693fdb1,0,0,0,,,0,0,0,no_overlap
improve-cb29bffcada1b8e2,0,0,0,,,0,0,0,no_overlap
improve-f967f7e4356b8517,0,0,0,,,0,0,0,no_overlap
improve-60bba5af0b29d8b2,0,0,0,,,0,0,0,no_overlap
improve-cd7723b55346f240,0,0,0,,,0,0,0,no_overlap
improve-db00ec2ef630bd12,0,0,0,,,0,0,0,no_overlap
improve-03ff908fe02d675c,0,0,0,,,0,0,0,no_overlap
improve-1f0bcd69e5d6e9c0,0,0,0,,,0,0,0,no_overlap
improve-bcb4e2d58a04e919,0,0,0,,,0,0,0,no_overlap
improve-33c9020ed2401e8c,0,0,0,,,0,0,0,no_overlap
improve-5765e7be71e0ef03,0,0,0,,,0,0,0,no_overlap
improve-65aff9c299af072a,0,0,0,,,0,0,0,no_overlap
improve-2768e7dc25476975,0,0,0,,,0,0,0,no_overlap
improve-6847f5ddf2513ab9,0,0,0,,,0,0,0,no_overlap
improve-23898cf56c784932,0,0,1,,,0,0,0,peptide_only_different_hla
improve-28f68ad77550318e,0,0,0,,,0,0,0,no_overlap
improve-0411a6a8eacb15d9,0,0,0,,,0,0,0,no_overlap
improve-fcdba278a7f720fa,0,0,0,,,0,0,0,no_overlap
improve-86de12a2ff8a23b9,0,0,0,,,0,0,0,no_overlap
improve-28dc676183884152,0,0,0,,,0,0,0,no_overlap
improve-68b0de995f193bba,1,0,0,,,0,0,0,no_overlap
improve-5bdf484445399d20,0,0,0,,,0,0,0,no_overlap
improve-5fd4cbe687a46dce,0,0,0,,,0,0,0,no_overlap
improve-ba04a91f27d6d2ac,0,0,0,,,0,0,0,no_overlap
improve-8cd37b595218b38b,1,0,0,,,0,0,0,no_overlap
improve-4f7ec1501592e879,0,0,0,,,0,0,0,no_overlap
improve-3c65e5324763363b,0,0,0,,,0,0,0,no_overlap
improve-f640ca68d60de482,0,0,0,,,0,0,0,no_overlap
improve-3df59460bdf51be6,0,0,0,,,0,0,0,no_overlap
improve-e5793c354e34d2f7,0,0,0,,,0,0,0,no_overlap
improve-96dadcace9a91cd1,0,0,0,,,0,0,0,no_overlap
improve-c68a66d7861d55da,0,0,0,,,0,0,0,no_overlap
improve-bb2a168d624e6a20,0,0,0,,,0,0,0,no_overlap
improve-9b2bbc7326e6807c,0,0,0,,,0,0,0,no_overlap
improve-afb7bc6459852a63,0,0,0,,,0,0,0,no_overlap
improve-bb10bd4014bf28b6,0,0,0,,,0,0,0,no_overlap
improve-3681a89db2524bfc,0,0,0,,,0,0,0,no_overlap
improve-0aeb27614b239dab,0,0,0,,,0,0,0,no_overlap
improve-6d9946cfb2fc6de5,0,0,0,,,0,0,0,no_overlap
improve-33ee2a6294a428bd,0,0,0,,,0,0,0,no_overlap
improve-fc338c1e10bb2882,0,0,0,,,0,0,0,no_overlap
improve-6aa54603a252aaca,0,0,0,,,0,0,0,no_overlap
improve-471b71c1f762f94b,0,0,0,,,0,0,0,no_overlap
improve-352db732ce37ba8c,1,0,0,,,0,0,0,no_overlap
improve-b8de61faded8b29e,1,0,0,,,0,0,0,no_overlap
improve-b41102087f51b718,1,0,0,,,0,0,0,no_overlap
improve-5879e4ffe868bdd5,0,0,0,,,0,0,0,no_overlap
improve-6385bb8e3851bc92,0,0,0,,,0,0,0,no_overlap
improve-6d7405a81face88c,0,0,0,,,0,0,0,no_overlap
improve-64aac46b89e26163,0,0,0,,,0,0,0,no_overlap
improve-c1787865e45a8f38,0,0,0,,,0,0,0,no_overlap
improve-4050e68b253b9361,0,0,0,,,0,0,0,no_overlap
improve-b6f5d1c36f9817d3,0,0,0,,,0,0,0,no_overlap
improve-38e2385ba0243516,0,0,0,,,0,0,0,no_overlap
improve-835843f5fe0e7bb2,0,0,0,,,0,0,0,no_overlap
improve-79e54fd8d82a880b,0,0,0,,,0,0,0,no_overlap
improve-f234e590e4b2c072,0,0,0,,,0,0,0,no_overlap
improve-f4b99c0c5a90712f,0,0,0,,,0,0,0,no_overlap
improve-fb139a8421085327,0,0,0,,,0,0,0,no_overlap
improve-af49e9a72d8eae26,0,0,0,,,0,0,0,no_overlap
improve-ecd6cd6b13755ef1,0,0,0,,,0,0,0,no_overlap
improve-e59f09293b07e8b3,0,0,0,,,0,0,0,no_overlap
improve-1892ed220def0629,0,0,0,,,0,0,0,no_overlap
improve-58cd69b43da18aac,0,0,0,,,0,0,0,no_overlap
improve-fb14c8c86942d798,0,0,0,,,0,0,0,no_overlap
improve-e2084d716645de6d,0,0,0,,,0,0,0,no_overlap
improve-cae8571df89f3e4b,0,0,0,,,0,0,0,no_overlap
improve-cc1884296b98c5f5,0,0,0,,,0,0,0,no_overlap
improve-3b7dd76080447785,0,0,0,,,0,0,0,no_overlap
improve-d8ae02fe84873e8e,0,0,0,,,0,0,0,no_overlap
improve-91efba606e8e9d34,0,0,0,,,0,0,0,no_overlap
improve-f0f4cc31e07b6ee9,0,0,0,,,0,1,1,no_overlap
improve-f929b0e7989af102,0,1,1,0,0,1,0,0,exact_label_concordant
improve-74dd02bb1b26b1fe,0,0,0,,,0,0,0,no_overlap
improve-168e9760d06e6b56,0,0,0,,,0,0,0,no_overlap
improve-2a8e866c09fabe14,1,0,0,,,0,0,0,no_overlap
improve-1e8fa57d1b0249b5,0,0,0,,,0,0,0,no_overlap
improve-8170710da59909f0,0,0,0,,,0,0,0,no_overlap
improve-f6e297a847f8f546,0,0,0,,,0,0,0,no_overlap
improve-aed7bfae947600c5,0,0,0,,,0,0,0,no_overlap
improve-21cca12255c5a87e,1,0,0,,,0,0,0,no_overlap
improve-d74f17ca9b3e4903,0,0,0,,,0,0,0,no_overlap
improve-f0a7d80b215b2fca,0,0,0,,,0,0,0,no_overlap
improve-3a74c919fb234743,0,0,0,,,0,0,0,no_overlap
improve-7a1f1373273aa97f,0,0,0,,,0,0,0,no_overlap
improve-9b79dfcf42ffb286,0,0,0,,,0,0,0,no_overlap
improve-5b727311ae09c918,0,0,0,,,0,0,0,no_overlap
improve-b982833a7662128e,0,0,0,,,0,0,0,no_overlap
improve-71f4a016cb11df76,0,0,0,,,0,0,0,no_overlap
improve-a524f5ba6296b10b,0,0,0,,,0,0,0,no_overlap
improve-1a5296e7492d86b7,0,0,0,,,0,0,0,no_overlap
improve-e73a70f889dcf797,0,0,0,,,0,0,0,no_overlap
improve-ed4f3a205852e28d,0,0,0,,,0,0,0,no_overlap
improve-0bb1df264f03cd37,0,0,0,,,0,0,0,no_overlap
improve-97892febb774fd19,0,0,0,,,0,0,0,no_overlap
improve-b2eded1dd8f6469b,0,0,0,,,0,0,0,no_overlap
improve-80cd3e5bdf2140b9,0,0,0,,,0,0,0,no_overlap
improve-457e68c724d5c905,0,0,0,,,0,0,0,no_overlap
improve-10362172584adb43,0,0,0,,,0,0,0,no_overlap
improve-26418ca38c29cc88,0,0,0,,,0,0,0,no_overlap
improve-15d531c9f412f74e,0,0,0,,,0,0,0,no_overlap
improve-e961dc24b666f40c,0,0,0,,,0,0,0,no_overlap
improve-978f82472d8bd0a5,0,0,0,,,0,0,0,no_overlap
improve-62d3916371b466a3,0,0,0,,,0,0,0,no_overlap
improve-681ff5b7e41ee032,0,0,0,,,0,0,0,no_overlap
improve-6b2e303df081d257,0,1,1,0,0,1,0,0,exact_label_concordant
improve-3067a4292eeb06ae,0,0,0,,,0,0,0,no_overlap
improve-b9d29b548c6548c2,0,1,1,0,0,1,0,0,exact_label_concordant
improve-866fc8be2bca9854,0,0,0,,,0,0,0,no_overlap
improve-f265ae22d589f129,0,0,0,,,0,0,0,no_overlap
improve-f2912025c25de524,0,0,0,,,0,0,0,no_overlap
improve-0af1fb6cd7e961cf,0,0,0,,,0,0,0,no_overlap
improve-02f358ac70df5c40,0,0,0,,,0,0,0,no_overlap
improve-927189d3909446d6,0,0,0,,,0,0,0,no_overlap
improve-8c2428cc47f1d0cb,0,0,0,,,0,0,0,no_overlap
improve-efb5e3bbc71d8cd4,0,0,0,,,0,0,0,no_overlap
improve-cbf4550361fb8bb4,0,0,0,,,0,0,0,no_overlap
improve-1d245da1321fd02a,0,0,0,,,0,0,0,no_overlap
improve-7d9e0692034ef2b1,0,0,0,,,0,0,0,no_overlap
improve-0439f2b3265a101b,0,0,0,,,0,0,0,no_overlap
improve-27c2ca216905d421,0,0,0,,,0,0,0,no_overlap
improve-13415b5b8aba2fe1,0,0,0,,,0,0,0,no_overlap
improve-044168907a5c3336,0,0,0,,,0,0,0,no_overlap
improve-91c7b3f7370f5ea7,0,0,0,,,0,0,0,no_overlap
improve-58f3196b9efeee02,0,0,0,,,0,0,0,no_overlap
improve-bc8a6f155d92b155,0,0,0,,,0,0,0,no_overlap
improve-bd2f0825f41d4358,0,0,0,,,0,0,0,no_overlap
improve-e4a2b7a7975a0ed6,0,0,0,,,0,0,0,no_overlap
improve-6747434204a89401,0,0,0,,,0,0,0,no_overlap
improve-2c2afe5430b06e59,0,0,0,,,0,0,0,no_overlap
improve-b995fd5b85c4c148,0,0,0,,,0,0,0,no_overlap
improve-b9f6fa28e73228e8,0,0,0,,,0,0,0,no_overlap
improve-36d09ad10ce6ef63,0,0,0,,,0,0,0,no_overlap
improve-21e06c8a0036a7b0,0,0,0,,,0,0,0,no_overlap
improve-14cd6ea1fcb475a9,0,0,0,,,0,0,0,no_overlap
improve-734ddfcde4940583,0,0,0,,,0,0,0,no_overlap
improve-f46dad2918f436ec,0,0,0,,,0,0,0,no_overlap
improve-7dcd1bc8ff2ae64f,0,0,0,,,0,0,0,no_overlap
improve-dc20edacf0a45bfb,1,0,0,,,0,0,0,no_overlap
improve-1b1c333397ab2b2a,1,0,0,,,0,0,0,no_overlap
improve-6c0f5678a220575b,0,0,0,,,0,0,0,no_overlap
improve-e048360b88fe3709,0,0,0,,,0,0,0,no_overlap
improve-dce54caea052af71,0,0,0,,,0,0,0,no_overlap
improve-00397755edf3c105,0,0,0,,,0,0,0,no_overlap
improve-ca44d6e748abf630,0,0,0,,,0,0,0,no_overlap
improve-8bd64b47a1a21f28,0,0,0,,,0,0,0,no_overlap
improve-723c360be861962d,0,0,0,,,0,0,0,no_overlap
improve-30e5596d14cdbae0,0,0,0,,,0,0,0,no_overlap
improve-79431cfcc2e787c0,0,0,0,,,0,0,0,no_overlap
improve-391f921f13670891,0,0,0,,,0,0,0,no_overlap
improve-891e70e796f1c50e,0,0,0,,,0,0,0,no_overlap
improve-c64032c6475fcd34,0,0,0,,,0,0,0,no_overlap
improve-38429f56d1964129,0,0,0,,,0,0,0,no_overlap
improve-b4ad765fbf7d807b,0,0,0,,,0,0,0,no_overlap
improve-11567ee00169c0c4,0,0,0,,,0,0,0,no_overlap
improve-94eb7d37ada0b894,0,0,0,,,0,0,0,no_overlap
improve-3afa4a0724cb428d,0,0,0,,,0,0,0,no_overlap
improve-0bf2c8aa6f090b98,0,0,0,,,0,0,0,no_overlap
improve-f0894987fdbc49d4,0,0,0,,,0,0,0,no_overlap
improve-8140ad0c9cf20850,0,1,1,0,0,1,0,0,exact_label_concordant
improve-3a8d7edcd5b4cebd,0,0,0,,,0,0,0,no_overlap
improve-f484527c412b8864,0,0,0,,,0,0,0,no_overlap
improve-6d860e0e010b5b71,0,0,0,,,0,0,0,no_overlap
improve-b519f63bb2ed8937,0,0,0,,,0,0,0,no_overlap
improve-e648bb663de167e6,0,0,0,,,0,0,0,no_overlap
improve-274b36d5c2f8e25a,0,0,0,,,0,0,0,no_overlap
improve-a6e9eda10a64634e,0,0,0,,,0,0,0,no_overlap
improve-1c1dc865982eabf6,0,0,0,,,0,0,0,no_overlap
improve-24bd50f59fca0e4a,0,0,0,,,0,0,0,no_overlap
improve-86c007d76bb1caab,0,0,0,,,0,0,0,no_overlap
improve-9d81963dcb610471,0,0,0,,,0,0,0,no_overlap
improve-5ff06218c7c705a1,0,0,0,,,0,0,0,no_overlap
improve-6f33fdfa1921e2d0,0,0,0,,,0,0,0,no_overlap
improve-383b6c2f1953482a,0,0,0,,,0,0,0,no_overlap
improve-6f431abe30dee7c8,0,0,0,,,0,0,0,no_overlap
improve-f33366d406d59c45,0,0,0,,,0,0,0,no_overlap
improve-d91eb7fb48156309,0,0,0,,,0,0,0,no_overlap
improve-14cb53071051cff1,0,0,0,,,0,0,0,no_overlap
improve-64aff4d13ab06e9e,0,0,0,,,0,0,0,no_overlap
improve-eb978709b5283d02,0,0,0,,,0,0,0,no_overlap
improve-ab7fde8fa9d2513c,0,0,0,,,0,0,0,no_overlap
improve-72824f6f79713dfd,0,0,0,,,0,0,0,no_overlap
improve-d0c442adf8e6dbf1,0,0,0,,,0,0,0,no_overlap
improve-55a2e2d8f7c8110f,0,0,0,,,0,0,0,no_overlap
improve-97fcbd4477f8a3c2,0,0,0,,,0,0,0,no_overlap
improve-b6a7911bd78daa45,0,0,0,,,0,0,0,no_overlap
improve-e1166ceb80803a35,0,0,0,,,0,0,0,no_overlap
improve-87d3102619f8e34a,0,0,0,,,0,0,0,no_overlap
improve-fe3784cdf25e1348,0,0,0,,,0,0,0,no_overlap
improve-ffda3a864fa9ecc3,0,0,0,,,0,0,0,no_overlap
improve-835ad784e35462aa,0,0,0,,,0,0,0,no_overlap
improve-c2d6cb4f9986f3f2,0,0,0,,,0,0,0,no_overlap
improve-517a1fc2a43949f7,0,0,0,,,0,0,0,no_overlap
improve-3ae4a54bfc13a8db,0,0,0,,,0,0,0,no_overlap
improve-b214a0a3cb278891,0,0,0,,,0,0,0,no_overlap
improve-d8658b38a6981108,0,0,0,,,0,0,0,no_overlap
improve-bd1c1ff9e7919bf5,0,0,0,,,0,0,0,no_overlap
improve-cb8a92d763fd11d9,0,0,0,,,0,0,0,no_overlap
improve-26718dfa4f024726,0,0,0,,,0,0,0,no_overlap
improve-485ac50fea1f8bd6,0,0,0,,,0,0,0,no_overlap
improve-82899eeb1ea5e623,0,0,0,,,0,0,0,no_overlap
improve-332d50298822ce5f,0,0,0,,,0,0,0,no_overlap
improve-8a29175de1e3995d,0,0,0,,,0,0,0,no_overlap
improve-6366032ba149d982,1,0,0,,,0,0,0,no_overlap
improve-7fcb058f99e165cd,0,0,0,,,0,0,0,no_overlap
improve-8ed2d6a96b2f76f3,0,0,0,,,0,0,0,no_overlap
improve-b1e9047b049f46c7,0,0,0,,,0,0,0,no_overlap
improve-4ff41a0a2ed78a99,0,0,0,,,0,0,0,no_overlap
improve-eeaf662ca05e8e95,0,0,0,,,0,0,0,no_overlap
improve-a25f87d0d5740bec,0,0,0,,,0,0,0,no_overlap
improve-4846111572131f07,0,0,0,,,0,0,0,no_overlap
improve-557bef9dfb9c9a51,0,0,0,,,0,0,0,no_overlap
improve-5a54a3df2aae3ec9,0,0,0,,,0,0,0,no_overlap
improve-0512765f99aecd58,0,0,0,,,0,0,0,no_overlap
improve-6fbd0571fe3f3a42,0,0,0,,,0,0,0,no_overlap
improve-6f6a2a2f948e797c,0,0,0,,,0,0,0,no_overlap
improve-38d816c552fe22da,0,0,0,,,0,0,0,no_overlap
improve-eab9bdd490f64d79,0,0,0,,,0,0,0,no_overlap
improve-cc9b7f3481335fb0,0,0,0,,,0,0,0,no_overlap
improve-1883e691484c6622,0,0,0,,,0,0,0,no_overlap
improve-edab915e30c3f39c,0,0,0,,,0,0,0,no_overlap
improve-f02d5e4743383330,0,0,0,,,0,0,0,no_overlap
improve-bcd785b6b571a598,0,0,0,,,0,0,0,no_overlap
improve-51d0f8d81d5c06ee,0,0,0,,,0,0,0,no_overlap
improve-aef834ba342d0978,0,0,0,,,0,0,0,no_overlap
improve-0d18324e72ceea2f,0,0,0,,,0,0,0,no_overlap
improve-a78a8615da66ad54,0,0,0,,,0,0,0,no_overlap
improve-c6697f312cedd4a0,0,0,0,,,0,0,0,no_overlap
improve-c5921abe6e469c27,0,0,0,,,0,0,0,no_overlap
improve-a634964d46f6edb0,0,0,0,,,0,0,0,no_overlap
improve-3f4900e7ad936b57,0,0,0,,,0,0,0,no_overlap
improve-3b6363ce0765c39d,0,0,0,,,0,0,0,no_overlap
improve-a3ffdad78932b810,0,0,0,,,0,0,0,no_overlap
improve-9f81da76440cdd17,0,0,0,,,0,0,0,no_overlap
improve-02dcea978d795b4e,0,0,0,,,0,0,0,no_overlap
improve-c2e5f4a1741a4442,0,0,0,,,0,0,0,no_overlap
improve-5c84780503d98d0f,0,0,0,,,0,0,0,no_overlap
improve-9a442c6af02cd046,0,0,0,,,0,0,0,no_overlap
improve-5f2390234b26263f,0,0,0,,,0,0,0,no_overlap
improve-844f10b00445ebf1,0,0,0,,,0,0,0,no_overlap
improve-9bd54ecbdcd6a989,0,0,0,,,0,0,0,no_overlap
improve-8b186580bfcbf567,0,0,0,,,0,0,0,no_overlap
improve-b01b7e62284734eb,0,0,0,,,0,0,0,no_overlap
improve-e9ad0a0d2f426d88,0,0,0,,,0,0,0,no_overlap
improve-b5e6e4bca5f670d8,0,0,0,,,0,0,0,no_overlap
improve-f595065d0f192e6b,0,0,0,,,0,0,0,no_overlap
improve-2823e639dab6a187,0,0,0,,,0,0,0,no_overlap
improve-636f0f96fe606f17,0,0,0,,,0,0,0,no_overlap
improve-ada969c1ea07d9b1,0,0,0,,,0,0,0,no_overlap
improve-1b51aa4d692c5d5a,0,0,0,,,0,0,0,no_overlap
improve-3262de699a37b88c,0,0,0,,,0,0,0,no_overlap
improve-78491fc643307571,0,0,0,,,0,0,0,no_overlap
improve-f190b26f602c6f2b,0,0,0,,,0,0,0,no_overlap
improve-0d6900dfdf310442,0,0,0,,,0,0,0,no_overlap
improve-b8d742957da359a5,0,0,0,,,0,0,0,no_overlap
improve-bcdd8944eb7ad1f0,0,0,0,,,0,0,0,no_overlap
improve-6a7ff694bbe9e926,0,0,0,,,0,0,0,no_overlap
improve-f5c620977c1a1d49,0,0,0,,,0,0,0,no_overlap
improve-345257c835510413,0,0,0,,,0,0,0,no_overlap
improve-e51e273581bb99aa,0,0,0,,,0,0,0,no_overlap
improve-2c95c78257a51e00,0,0,0,,,0,0,0,no_overlap
improve-7b5cc9b37f1c3764,0,0,0,,,0,0,0,no_overlap
improve-a9f4ad5061b453d8,0,0,0,,,0,0,0,no_overlap
improve-8b0a55700310aac1,1,0,0,,,0,0,0,no_overlap
improve-c42aaa612768f559,1,0,0,,,0,0,0,no_overlap
improve-ac473d53e5bf7866,1,0,0,,,0,0,0,no_overlap
improve-7397f19195fe35ec,1,0,0,,,0,0,0,no_overlap
improve-9af42ea2a06d4324,0,0,0,,,0,0,0,no_overlap
improve-7dbe9c964d163993,0,0,0,,,0,0,0,no_overlap
improve-35b8c8e6d95a54af,0,0,0,,,0,0,0,no_overlap
improve-750f6a4956a836c6,0,0,0,,,0,0,0,no_overlap
improve-7c5e5695b4ae5c30,0,0,0,,,0,0,0,no_overlap
improve-3b16a917d192f9bd,0,0,0,,,0,0,0,no_overlap
improve-f9e90cfa761a11a3,0,0,0,,,0,0,0,no_overlap
improve-a1468fdfdb92af62,0,0,0,,,0,0,0,no_overlap
improve-6b6715de14b01a40,0,0,0,,,0,0,0,no_overlap
improve-f8f232cdeaf48ba1,0,0,0,,,0,0,0,no_overlap
improve-27e1675a595acb0f,0,0,0,,,0,0,0,no_overlap
improve-7e88fa0bcb344705,0,0,0,,,0,0,0,no_overlap
improve-3e8bcff15b8ddbe4,0,0,0,,,0,0,0,no_overlap
improve-63c926b28652565d,0,0,0,,,0,0,0,no_overlap
improve-42cd9d5f5d9948ee,0,0,0,,,0,0,0,no_overlap
improve-1705dd093c10508c,0,0,0,,,0,0,0,no_overlap
improve-fdf230a4c88106ed,0,0,0,,,0,0,0,no_overlap
improve-fbb13f449a78a3af,0,0,0,,,0,0,0,no_overlap
improve-fa637c04685706d1,0,0,0,,,0,0,0,no_overlap
improve-ef5646782f3db97c,0,0,0,,,0,0,0,no_overlap
improve-c7362d1a48467d20,0,0,0,,,0,0,0,no_overlap
improve-39c0ce4edc8131b2,0,0,0,,,0,0,0,no_overlap
improve-98922d06e19daa43,0,0,0,,,0,0,0,no_overlap
improve-bf25ec26f3dc5efd,0,0,0,,,0,0,0,no_overlap
improve-2a11ba1ee562b97d,0,0,0,,,0,0,0,no_overlap
improve-9a7fe4a34067f29d,0,0,0,,,0,0,0,no_overlap
improve-6eb064eee19c10f4,0,0,0,,,0,0,0,no_overlap
improve-92f780f4ec10c61c,0,0,0,,,0,0,0,no_overlap
improve-7f486efc54359255,0,0,0,,,0,0,0,no_overlap
improve-c30fa1663dc39464,1,0,0,,,0,0,0,no_overlap
improve-15bdb9be408c59f9,0,0,0,,,0,0,0,no_overlap
improve-1874ebc380d99da8,0,0,0,,,0,0,0,no_overlap
improve-4361e5c3ef85edf8,0,0,0,,,0,0,0,no_overlap
improve-b1e373532bb97bd5,0,0,0,,,0,0,0,no_overlap
improve-100a8bc533b882db,0,0,0,,,0,0,0,no_overlap
improve-bd535baf02243495,0,0,0,,,0,0,0,no_overlap
improve-cb9b52edeb542e39,0,0,0,,,0,0,0,no_overlap
improve-a98e7bdaf7e0e1d5,0,0,0,,,0,0,0,no_overlap
improve-54a4543c27b1b15c,0,0,0,,,0,0,0,no_overlap
improve-998cfde123dc3ca8,0,0,0,,,0,0,0,no_overlap
improve-8523f7cb39abae6a,0,0,0,,,0,0,0,no_overlap
improve-cd2a1fd84de8b728,0,0,0,,,0,0,0,no_overlap
improve-ae0c62a4a4cfcdca,0,0,0,,,0,0,0,no_overlap
improve-78f4ffb8826b9f88,0,0,0,,,0,0,0,no_overlap
improve-459e6e2882a264b3,0,0,0,,,0,0,0,no_overlap
improve-04187a35a1f5ff00,0,0,0,,,0,0,0,no_overlap
improve-25159af184cddd53,0,0,0,,,0,0,0,no_overlap
improve-0e4afd81a58a7adf,0,0,0,,,0,0,0,no_overlap
improve-10195605261bb04e,1,0,0,,,0,0,0,no_overlap
improve-2256f34594dd3741,1,0,0,,,0,0,0,no_overlap
improve-fbac3774bff77b84,1,0,0,,,0,0,0,no_overlap
improve-e92da1b6de531010,1,0,0,,,0,0,0,no_overlap
improve-c68930f5821fb825,1,0,0,,,0,0,0,no_overlap
improve-b1b448d6e8425973,1,0,0,,,0,0,0,no_overlap
improve-3064e0744669e11e,1,0,0,,,0,0,0,no_overlap
improve-7fa3779147e50ccd,1,0,0,,,0,0,0,no_overlap
improve-3c9300c5434e0241,1,0,0,,,0,0,0,no_overlap
improve-471e5318d3fcfc6f,1,0,0,,,0,0,0,no_overlap
improve-36d663721d899622,1,0,0,,,0,0,0,no_overlap
improve-f35da64252dd220f,0,0,0,,,0,0,0,no_overlap
improve-81d997bec050dec0,0,0,0,,,0,0,0,no_overlap
improve-93fa4218d4b0eb29,0,0,0,,,0,0,0,no_overlap
improve-d950ba71a1ebfbba,0,0,0,,,0,0,0,no_overlap
improve-1be5bd2e05d31c48,0,0,0,,,0,0,0,no_overlap
improve-ce6384e1bc1a5e42,0,0,0,,,0,0,0,no_overlap
improve-3006864dde5a5705,0,0,0,,,0,0,0,no_overlap
improve-c4c5ecbd5083dd69,0,0,0,,,0,0,0,no_overlap
improve-577c9b94a3d67b88,0,0,0,,,0,0,0,no_overlap
improve-444c4bbff81418f5,0,0,0,,,0,0,0,no_overlap
improve-b370cda4b036b4a6,0,0,0,,,0,0,0,no_overlap
improve-18bec19fc625ecb9,0,0,0,,,0,0,0,no_overlap
improve-8dc9a2207e3624b0,0,0,0,,,0,0,0,no_overlap
improve-98ab2b7b32dd45c4,0,0,0,,,0,0,0,no_overlap
improve-43fbe009dc7c8f3a,0,0,0,,,0,0,0,no_overlap
improve-d6c17b9b17db652a,0,0,0,,,0,0,0,no_overlap
improve-c6ab832a65cef04d,0,0,0,,,0,0,0,no_overlap
improve-1e2e12d438b909eb,0,0,0,,,0,0,0,no_overlap
improve-62e2692aec866ea7,0,0,0,,,0,0,0,no_overlap
improve-90686eeb86ebf6c6,0,0,0,,,0,0,0,no_overlap
improve-a8463675eac160ec,0,0,0,,,0,0,0,no_overlap
improve-369b61c33de2fcdf,0,0,0,,,0,0,0,no_overlap
improve-dd97a876419e3460,0,0,0,,,0,0,0,no_overlap
improve-0b246a029485876f,0,0,0,,,0,0,0,no_overlap
improve-5a78b5352499340f,0,0,0,,,0,0,0,no_overlap
improve-e12ad8a0256d7e21,0,0,0,,,0,0,0,no_overlap
improve-2f25018b87d3f802,0,0,0,,,0,0,0,no_overlap
improve-8e1c7415c0bb1866,0,0,0,,,0,0,0,no_overlap
improve-9097bb146f3ca7a0,0,0,0,,,0,0,0,no_overlap
improve-2c142f03b9d22961,0,0,0,,,0,0,0,no_overlap
improve-61f29166d71b17c5,0,0,0,,,0,0,0,no_overlap
improve-c101d15cf0414646,0,0,0,,,0,0,0,no_overlap
improve-03cb4bf2f70086a7,0,0,0,,,0,0,0,no_overlap
improve-f850765e5e2368a4,0,0,0,,,0,0,0,no_overlap
improve-bff821d1baadd3ef,0,0,0,,,0,0,0,no_overlap
improve-af98e3ac74bfaf25,0,0,0,,,0,0,0,no_overlap
improve-873b9439479e279e,0,0,0,,,0,0,0,no_overlap
improve-26aba64ba4b9d491,0,0,0,,,0,0,0,no_overlap
improve-1a891b54f5a1c934,0,0,0,,,0,0,0,no_overlap
improve-c58dfa62f83c8aae,0,0,0,,,0,0,0,no_overlap
improve-6705fe1ee6d14e7c,0,0,0,,,0,0,0,no_overlap
improve-cf1907c6dde13b46,0,0,0,,,0,0,0,no_overlap
improve-e2c04b6fc4597f5b,0,0,0,,,0,0,0,no_overlap
improve-d682d4897816e75f,0,0,0,,,0,0,0,no_overlap
improve-8b6e8430277e6ee3,0,0,0,,,0,0,0,no_overlap
improve-85cbe371f7ce99e0,0,0,0,,,0,0,0,no_overlap
improve-4715ca6e84a0d70e,0,0,0,,,0,0,0,no_overlap
improve-14e71c72351a074a,0,0,0,,,0,0,0,no_overlap
improve-57c00b6e219ee2e5,0,0,0,,,0,0,0,no_overlap
improve-5c10cdfbe9a76adc,0,0,0,,,0,0,0,no_overlap
improve-86ed573da41a6571,0,0,0,,,0,0,0,no_overlap
improve-eaa2a9d23df85d85,0,0,0,,,0,0,0,no_overlap
improve-a7ffcec2c474a179,0,0,0,,,0,0,0,no_overlap
improve-98374baff17d07d0,0,0,0,,,0,0,0,no_overlap
improve-fc80f35e685cf5f5,0,0,0,,,0,0,0,no_overlap
improve-ebcc1132048887ac,0,0,0,,,0,0,0,no_overlap
improve-1c3261a689122c65,0,0,0,,,0,0,0,no_overlap
improve-dd7cacde0aa03db8,0,0,0,,,0,0,0,no_overlap
improve-b335295da75fc72a,0,0,0,,,0,0,0,no_overlap
improve-69174cb67ff53067,0,0,0,,,0,0,0,no_overlap
improve-034f4b41c12371f8,0,0,0,,,0,0,0,no_overlap
improve-12d69eb91f3d7846,0,0,0,,,0,0,0,no_overlap
improve-bba6d044ae399e49,0,0,0,,,0,0,0,no_overlap
improve-6e1ce6b0c4852d0f,0,0,0,,,0,0,0,no_overlap
improve-fad82fe7e4a7c6fd,0,0,0,,,0,0,0,no_overlap
improve-2b26a0da2c5f5264,0,0,0,,,0,0,0,no_overlap
improve-d39dae0d5b54ce32,0,0,0,,,0,0,0,no_overlap
improve-b837a113c5fe4c3b,0,0,0,,,0,0,0,no_overlap
improve-0e63e2c2ee070bce,0,0,0,,,0,0,0,no_overlap
improve-131f807cd4f962df,0,0,0,,,0,0,0,no_overlap
improve-60bf7d0f98b09896,0,0,0,,,0,0,0,no_overlap
improve-4787b9bd059b0be9,0,0,0,,,0,0,0,no_overlap
improve-ff4c3cc167f0c839,0,0,0,,,0,0,0,no_overlap
improve-e4740bf1c0e49be3,0,0,0,,,0,0,0,no_overlap
improve-78148499e9187f1f,0,0,0,,,0,0,0,no_overlap
improve-e9ab7adbcae89220,0,0,0,,,0,0,0,no_overlap
improve-6f9753b32eb074a4,0,0,0,,,0,0,0,no_overlap
improve-f7521d5e1e2b5117,0,0,0,,,0,0,0,no_overlap
improve-92f8505f60234835,0,0,0,,,0,0,0,no_overlap
improve-1b14f1ee037a7d6c,0,0,0,,,0,0,0,no_overlap
improve-15b5a7a525f1fa89,0,0,0,,,0,0,0,no_overlap
improve-a00480cd4c2d7a1b,0,0,0,,,0,0,0,no_overlap
improve-3feba49f86a85bc0,0,0,0,,,0,0,0,no_overlap
improve-43c2b5c6e147dde4,0,0,0,,,0,0,0,no_overlap
improve-0b23553573a7063e,0,0,0,,,0,0,0,no_overlap
improve-3366e699f1f72c66,0,0,0,,,0,0,0,no_overlap
improve-1d59cedb70fa6746,0,0,0,,,0,0,0,no_overlap
improve-eda4cae14a646634,0,0,0,,,0,0,0,no_overlap
improve-16e904a51f007a47,0,0,0,,,0,0,0,no_overlap
improve-a773f7507bdde94a,0,0,0,,,0,0,0,no_overlap
improve-207932e4f3ac3e5b,0,0,0,,,0,0,0,no_overlap
improve-9da7d00c504d6a3c,0,0,0,,,0,0,0,no_overlap
improve-cc35bf013a6b9675,0,0,0,,,0,0,0,no_overlap
improve-d740fa55f37e92fe,0,0,0,,,0,0,0,no_overlap
improve-7260b366c6c07d69,0,0,0,,,0,0,0,no_overlap
improve-651b3c2c56bf93c4,0,0,0,,,0,0,0,no_overlap
improve-0feef2b111007026,0,0,0,,,0,0,0,no_overlap
improve-e9211f0bcb6fdba5,0,0,0,,,0,0,0,no_overlap
improve-4cdac85535847eff,0,0,0,,,0,0,0,no_overlap
improve-f5ec530b78d4b2f6,0,0,0,,,0,0,0,no_overlap
improve-0fd9cefde65b745a,0,0,0,,,0,0,0,no_overlap
improve-78cc34939412894a,0,0,0,,,0,0,0,no_overlap
improve-263eb9c668fb6dce,0,0,0,,,0,0,0,no_overlap
improve-169f661673e21379,0,0,0,,,0,0,0,no_overlap
improve-afd2ecb5cfaadb2d,0,0,0,,,0,0,0,no_overlap
improve-07537c5ef9b51fcd,0,0,0,,,0,0,0,no_overlap
improve-6e30d5ed0a54cbb4,0,0,0,,,0,0,0,no_overlap
improve-200f752e82703323,0,0,0,,,0,0,0,no_overlap
improve-729db5f196d53b63,0,0,0,,,0,0,0,no_overlap
improve-c875fb5d089671ea,0,0,0,,,0,0,0,no_overlap
improve-4a671b9157e297a4,0,0,0,,,0,0,0,no_overlap
improve-829dda9e6ffd920d,0,0,0,,,0,0,0,no_overlap
improve-1a2ed4926a0fa047,0,0,0,,,0,0,0,no_overlap
improve-4f0c23708a40340a,0,0,0,,,0,0,0,no_overlap
improve-005f05a90946d75c,0,0,0,,,0,0,0,no_overlap
improve-8cbdcdc604e184b7,0,0,0,,,0,0,0,no_overlap
improve-01d56a641028289e,0,0,0,,,0,0,0,no_overlap
improve-f9bc287bac1884b3,0,0,0,,,0,0,0,no_overlap
improve-4efd5e6a492cade7,0,0,0,,,0,0,0,no_overlap
improve-e00935e5c95681c0,0,0,0,,,0,0,0,no_overlap
improve-5094599ac4378fdb,0,0,0,,,0,0,0,no_overlap
improve-f047b5163d6c3239,0,0,0,,,0,0,0,no_overlap
improve-1d972fa742ac5d3e,0,0,0,,,0,0,0,no_overlap
improve-d2e6499694f1526f,0,0,0,,,0,0,0,no_overlap
improve-525cc38588d5bb29,0,0,0,,,0,0,0,no_overlap
improve-807e966db954f2c0,0,0,0,,,0,0,0,no_overlap
improve-3dda1ad3d2e74f51,0,0,0,,,0,0,0,no_overlap
improve-e189541bdcbffde5,0,0,0,,,0,0,0,no_overlap
improve-5528bb5cbbb6baff,0,0,0,,,0,0,0,no_overlap
improve-9bb6a0140483eea3,0,0,0,,,0,0,0,no_overlap
improve-8ca311784c7c4427,0,0,0,,,0,0,0,no_overlap
improve-a1fc29cf3663ccac,0,0,0,,,0,0,0,no_overlap
improve-cd07d9229183ac27,0,0,0,,,0,0,0,no_overlap
improve-dea5b83ea8a510e0,0,0,0,,,0,0,0,no_overlap
improve-f54d74d039fb338d,0,0,0,,,0,0,0,no_overlap
improve-b8c6b9cae0b3eed8,0,0,0,,,0,0,0,no_overlap
improve-b03e053da8e2d236,0,0,0,,,0,0,0,no_overlap
improve-f18f41186ab52190,0,0,0,,,0,0,0,no_overlap
improve-d50004e822adaaa5,0,0,0,,,0,0,0,no_overlap
improve-d8f98cc0135fc153,0,0,0,,,0,1,1,no_overlap
improve-3b93b69c6923399d,0,0,0,,,0,0,0,no_overlap
improve-9df0cb55bcad2127,0,0,0,,,0,0,0,no_overlap
improve-4e56ea9f57e043ba,0,0,0,,,0,0,0,no_overlap
improve-fca31932c236b4b1,0,0,0,,,0,0,0,no_overlap
improve-947656600e5bd715,0,0,0,,,0,0,0,no_overlap
improve-1ee08913110124df,0,0,0,,,0,0,0,no_overlap
improve-0cc657c8607c5f82,0,0,0,,,0,0,0,no_overlap
improve-ef127be071a8b0c3,0,0,0,,,0,0,0,no_overlap
improve-4052c18e0ddbe026,0,0,0,,,0,0,0,no_overlap
improve-9977874368e2bfe7,0,0,0,,,0,0,0,no_overlap
improve-6aa9006108963ecb,0,0,0,,,0,0,0,no_overlap
improve-8ce0b17e5ccbc3d2,0,0,0,,,0,0,0,no_overlap
improve-b1cb4a90fb69ee33,0,0,0,,,0,0,0,no_overlap
improve-5a925fe4c6c07a21,0,0,0,,,0,0,0,no_overlap
improve-176f225317c5b86e,0,0,0,,,0,0,0,no_overlap
improve-7eaa841c4f427b1f,0,0,0,,,0,0,0,no_overlap
improve-81cba0e17a2f1315,0,0,0,,,0,0,0,no_overlap
improve-8f76bab9ee919b5e,0,0,0,,,0,0,0,no_overlap
improve-b8f5a221b5cb9d66,0,0,0,,,0,0,0,no_overlap
improve-e3ecc76c5219ee4f,0,0,0,,,0,0,0,no_overlap
improve-9f58048fd868ad9c,0,0,0,,,0,0,0,no_overlap
improve-3a24bb20938c34c7,0,0,0,,,0,0,0,no_overlap
improve-7303f626be7f3a53,0,0,0,,,0,0,0,no_overlap
improve-4b8f50880c63c45d,0,0,0,,,0,0,0,no_overlap
improve-2d33812e29a17217,0,0,0,,,0,0,0,no_overlap
improve-6ebdbc34d18131ed,0,0,0,,,0,0,0,no_overlap
improve-34216d5ddf427cba,0,0,0,,,0,0,0,no_overlap
improve-85db871e8ec3e665,0,0,0,,,0,0,0,no_overlap
improve-78a1a5c05cbb3954,0,0,0,,,0,0,0,no_overlap
improve-a43ae413bf53caf7,0,0,0,,,0,0,0,no_overlap
improve-1bf5e8dd75603985,0,0,0,,,0,0,0,no_overlap
improve-a7d81e8d9943502b,0,0,0,,,0,0,0,no_overlap
improve-2695731e53d62aaa,0,0,0,,,0,0,0,no_overlap
improve-c6af15e2d116b463,0,0,0,,,0,0,0,no_overlap
improve-c69fbbc8acc0cdf4,0,0,0,,,0,0,0,no_overlap
improve-865098731de07fa5,0,0,0,,,0,0,0,no_overlap
improve-a7afcc99edb1f113,0,0,0,,,0,0,0,no_overlap
improve-f1c9ce48011f8929,0,0,0,,,0,0,0,no_overlap
improve-603dbf57708a43c5,0,0,0,,,0,0,0,no_overlap
improve-e6a01b2f73349c73,0,0,0,,,0,0,0,no_overlap
improve-c3cd9999b38d3f0f,0,0,0,,,0,0,0,no_overlap
improve-696810af9ec6b2f5,0,0,0,,,0,0,0,no_overlap
improve-b63c345fd4eec332,0,0,0,,,0,0,0,no_overlap
improve-d7307e42457577ec,0,0,0,,,0,0,0,no_overlap
improve-d8c545604b61ba47,0,0,0,,,0,0,0,no_overlap
improve-f71d9594d514c36d,0,0,0,,,0,0,0,no_overlap
improve-42e3535282522d01,0,0,0,,,0,0,0,no_overlap
improve-033bed5493cba40f,0,0,0,,,0,0,0,no_overlap
improve-d20b62bc22cbf80a,0,0,0,,,0,0,0,no_overlap
improve-4bad9caea10d80f1,0,0,0,,,0,0,0,no_overlap
improve-844212b57c46d7ae,0,0,0,,,0,0,0,no_overlap
improve-988c061d8a519a36,0,0,0,,,0,0,0,no_overlap
improve-dc2c452919f6f9dd,0,0,0,,,0,0,0,no_overlap
improve-74b6ceed12430641,0,0,0,,,0,0,0,no_overlap
improve-93ed2af4880842c3,0,0,0,,,0,0,0,no_overlap
improve-fe4fa462a1494f57,0,0,0,,,0,0,0,no_overlap
improve-16e103b40a31d613,0,0,0,,,0,0,0,no_overlap
improve-b2e8f8e62eb0e978,0,0,0,,,0,0,0,no_overlap
improve-5eca2a5fc5b29f88,0,0,0,,,0,0,0,no_overlap
improve-9fd00a6473a701c7,0,0,0,,,0,0,0,no_overlap
improve-fc084fd0194aba91,0,0,0,,,0,0,0,no_overlap
improve-a1df25d3c93419c4,1,0,0,,,0,0,0,no_overlap
improve-05517c3b04c73f39,0,0,0,,,0,0,0,no_overlap
improve-43a7dc0e98debad0,0,1,1,0,0,1,0,0,exact_label_concordant
improve-70da137fbb37ab67,0,0,0,,,0,0,0,no_overlap
improve-b18e2f3ba3ee1889,0,0,0,,,0,0,0,no_overlap
improve-c2a7eaccd0cfea1c,0,0,0,,,0,0,0,no_overlap
improve-a9e2151f1d20ff28,0,0,0,,,0,0,0,no_overlap
improve-eed183acf3a19f7d,0,1,1,0,0,1,0,0,exact_label_concordant
improve-9ddf004414a56f62,0,0,0,,,0,0,0,no_overlap
improve-17d113031e92d011,0,0,0,,,0,0,0,no_overlap
improve-63538b7caa26df56,0,0,0,,,0,0,0,no_overlap
improve-5132c2a953e6f6c7,0,0,0,,,0,0,0,no_overlap
improve-273aa4a83c3962db,0,0,0,,,0,0,0,no_overlap
improve-4e6391f6a792c7ba,0,0,0,,,0,0,0,no_overlap
improve-be40799ef4442110,0,0,0,,,0,0,0,no_overlap
improve-674d6fb3b9d84290,0,0,0,,,0,0,0,no_overlap
improve-3d1907db2855e535,0,0,0,,,0,0,0,no_overlap
improve-735a8f71452ba2d5,0,0,0,,,0,0,0,no_overlap
improve-72370cc2dcfb603a,0,0,0,,,0,0,0,no_overlap
improve-f1eca123cf463be5,0,0,0,,,0,0,0,no_overlap
improve-8c892b0019a796f8,0,0,0,,,0,0,0,no_overlap
improve-1c3232aab9ffa826,0,0,0,,,0,0,0,no_overlap
improve-e5634a2be0506731,0,0,0,,,0,0,0,no_overlap
improve-0009d1ddb9df1810,0,0,0,,,0,0,0,no_overlap
improve-cd5cfc521e9b9223,0,0,0,,,0,0,0,no_overlap
improve-ec4fc0bb3d8a5dd5,0,0,0,,,0,0,0,no_overlap
improve-5c6661e2b0b60726,1,0,0,,,0,0,0,no_overlap
improve-3c4e36933206c2f0,0,0,0,,,0,0,0,no_overlap
improve-b1e99caeef47348e,0,0,0,,,0,0,0,no_overlap
improve-85e8bbe69c59cc94,0,0,0,,,0,0,0,no_overlap
improve-912180c108b002bb,0,0,0,,,0,0,0,no_overlap
improve-ce0e46682ac8a4e8,0,0,0,,,0,0,0,no_overlap
improve-3a5a13a28c2a1362,0,0,0,,,0,0,0,no_overlap
improve-6e420f312f28bbad,0,0,0,,,0,0,0,no_overlap
improve-15969466bc4551fa,0,0,0,,,0,0,0,no_overlap
improve-38d06b078995a88a,0,0,0,,,0,0,0,no_overlap
improve-1958f75c53a78912,0,0,0,,,0,0,0,no_overlap
improve-645a6dec595c8c5c,0,0,0,,,0,0,0,no_overlap
improve-ad7e5b74f8c4cba6,0,0,0,,,0,0,0,no_overlap
improve-38de3e81b97dd1b7,0,0,0,,,0,0,0,no_overlap
improve-4b2e68acda096b3e,0,0,0,,,0,0,0,no_overlap
improve-aee64dc02fdb7af9,0,0,0,,,0,0,0,no_overlap
improve-cfa2e100f4f3fed7,0,0,0,,,0,0,0,no_overlap
improve-db6fda7d05b831e8,0,0,0,,,0,0,0,no_overlap
improve-cc7e87fc433db27a,0,0,0,,,0,0,0,no_overlap
improve-6093ea312561afc4,0,0,0,,,0,0,0,no_overlap
improve-3d01cf5dc387c92d,0,0,0,,,0,0,0,no_overlap
improve-66ddeab3509b13ef,0,0,0,,,0,0,0,no_overlap
improve-233e47e345e820c8,0,0,0,,,0,0,0,no_overlap
improve-257f12614f88b2fd,0,0,0,,,0,0,0,no_overlap
improve-9db972b619fa6137,0,1,1,0,0,1,0,0,exact_label_concordant
improve-075888c7cfaf00a2,0,0,0,,,0,0,0,no_overlap
improve-8a91161b1b5dc968,0,0,0,,,0,0,0,no_overlap
improve-6a33ba9e7040177c,0,0,0,,,0,0,0,no_overlap
improve-f64e2ebd02ada532,1,0,0,,,0,0,0,no_overlap
improve-4af0b4274532356b,0,0,0,,,0,0,0,no_overlap
improve-3469a0136f2ec98c,0,0,0,,,0,0,0,no_overlap
improve-5f900efe8961af85,0,0,0,,,0,0,0,no_overlap
improve-3d46b47036f191e3,0,0,0,,,0,0,0,no_overlap
improve-342c71abb79ce2a8,0,0,0,,,0,0,0,no_overlap
improve-13879be98f8f63ab,0,0,0,,,0,0,0,no_overlap
improve-0ca44eed704e6dc0,0,0,0,,,0,0,0,no_overlap
improve-346d0165fe49c68e,0,0,0,,,0,0,0,no_overlap
improve-912258a394ca8a9a,0,0,0,,,0,0,0,no_overlap
improve-329226ef08c493a0,0,0,0,,,0,0,0,no_overlap
improve-1707a7e64dbbf56a,0,0,0,,,0,0,0,no_overlap
improve-23a302afb3645384,0,0,0,,,0,0,0,no_overlap
improve-a0a8003524b843ba,0,0,0,,,0,0,0,no_overlap
improve-4fcda211175b3549,0,0,0,,,0,0,0,no_overlap
improve-f1cfc9f8acd60828,0,0,0,,,0,0,0,no_overlap
improve-4018c182f76d898b,0,0,0,,,0,0,0,no_overlap
improve-b60d0a3999850a28,0,0,0,,,0,0,0,no_overlap
improve-1aa9558178ae3f6b,0,0,0,,,0,0,0,no_overlap
improve-b2edf0b3b77ae6ab,0,0,0,,,0,0,0,no_overlap
improve-42125738c10f81a0,0,0,0,,,0,0,0,no_overlap
improve-b55daf668fa0d91f,0,0,0,,,0,0,0,no_overlap
improve-77cb858f39a02cbc,0,0,0,,,0,0,0,no_overlap
improve-6013ff756d7cc5e7,0,0,0,,,0,0,0,no_overlap
improve-07beca20b6c490c5,0,0,0,,,0,0,0,no_overlap
improve-b8f23bce02bbb7c0,1,0,0,,,0,0,0,no_overlap
improve-3f94ea43be7526d2,0,0,0,,,0,0,0,no_overlap
improve-a217fc6626abdfb0,0,0,0,,,0,0,0,no_overlap
improve-079ee3b56d048a62,1,0,0,,,0,0,0,no_overlap
improve-431d439e28d0ccfd,0,0,0,,,0,0,0,no_overlap
improve-c6b0409dee845ad9,0,0,0,,,0,0,0,no_overlap
improve-90eafb1597ac028d,0,0,0,,,0,0,0,no_overlap
improve-5075ec018387b1dd,0,0,0,,,0,0,0,no_overlap
improve-7f58b19b5b1bf1a5,0,0,0,,,0,0,0,no_overlap
improve-8a0cc4bc45c55058,0,0,0,,,0,0,0,no_overlap
improve-a5993811f5480d0c,0,0,0,,,0,0,0,no_overlap
improve-d1cfd0e0684347ef,0,0,0,,,0,0,0,no_overlap
improve-f3452925465ac0b9,0,0,0,,,0,0,0,no_overlap
improve-61f25ec8f00e55cb,0,0,0,,,0,0,0,no_overlap
improve-394715127c3bd3f8,0,0,0,,,0,0,0,no_overlap
improve-046f730a9d72046a,0,0,0,,,0,0,0,no_overlap
improve-a08492719a140b9e,0,0,0,,,0,0,0,no_overlap
improve-18cc6ba511aa5604,0,0,0,,,0,0,0,no_overlap
improve-b07133cc7e91f099,0,0,0,,,0,0,0,no_overlap
improve-28ee92d6a21b898e,0,0,0,,,0,0,0,no_overlap
improve-b8ba3f2540a62ef1,0,0,0,,,0,0,0,no_overlap
improve-75ef44ff895cbdab,0,0,0,,,0,0,0,no_overlap
improve-c42108e8478c9d51,0,0,0,,,0,0,0,no_overlap
improve-8e588ac20779f816,0,0,0,,,0,0,0,no_overlap
improve-1da4be3e9e98135c,0,0,0,,,0,0,0,no_overlap
improve-093e13a4a4e915fb,0,0,0,,,0,0,0,no_overlap
improve-f8109ac4e400ec44,0,0,0,,,0,0,0,no_overlap
improve-d68f42748b4f9079,0,0,0,,,0,0,0,no_overlap
improve-67c84a897de87a9e,0,0,0,,,0,0,0,no_overlap
improve-7827a16bac254cbb,0,0,0,,,0,0,0,no_overlap
improve-62f298799df66db7,0,0,0,,,0,0,0,no_overlap
improve-e720f9b7368f3144,0,0,0,,,0,0,0,no_overlap
improve-c88efb3112dcc138,0,0,0,,,0,0,0,no_overlap
improve-1c41809648718557,0,0,0,,,0,0,0,no_overlap
improve-5c8820d41d75caf2,0,0,0,,,0,0,0,no_overlap
improve-08a67debd3d5b692,0,0,0,,,0,0,0,no_overlap
improve-6d5d1df1ca6ae3dd,0,0,0,,,0,0,0,no_overlap
improve-5d655cdad58091fb,0,0,0,,,0,0,0,no_overlap
improve-c390657a7ef07a80,0,0,0,,,0,0,0,no_overlap
improve-681731cc10ed8610,0,0,0,,,0,0,0,no_overlap
improve-1603ca1e7b890935,0,0,0,,,0,0,0,no_overlap
improve-ebef5f6aaba86ad8,0,0,0,,,0,0,0,no_overlap
improve-40f43deaf870d678,0,0,0,,,0,0,0,no_overlap
improve-37abb63910092f30,0,0,0,,,0,0,0,no_overlap
improve-de09de331d99b18f,0,0,0,,,0,0,0,no_overlap
improve-a56db47a101a25e8,0,0,0,,,0,0,0,no_overlap
improve-fea613254c066431,0,0,0,,,0,0,0,no_overlap
improve-c09e91e5ecdf6315,0,0,0,,,0,0,0,no_overlap
improve-0a4c232bf333e853,0,0,0,,,0,0,0,no_overlap
improve-d173169dd9613b5f,0,0,0,,,0,0,0,no_overlap
improve-8dee702ea8bbac78,0,0,0,,,0,0,0,no_overlap
improve-b5e122eba785e8d9,0,0,0,,,0,0,0,no_overlap
improve-2dafc8f3db1f59cc,0,0,0,,,0,0,0,no_overlap
improve-8e3ef801f1ba5b71,0,0,0,,,0,0,0,no_overlap
improve-cf5a494256d3a312,0,0,0,,,0,0,0,no_overlap
improve-aded3a53e7f0abe9,0,0,0,,,0,0,0,no_overlap
improve-ff6c31c3f0a8a1dd,0,0,0,,,0,0,0,no_overlap
improve-8e952fe0d0decb02,0,0,0,,,0,0,0,no_overlap
improve-ca02263453eab763,0,0,0,,,0,0,0,no_overlap
improve-1727208b504c2b4c,0,0,0,,,0,0,0,no_overlap
improve-bcb81d3af25380be,0,0,0,,,0,0,0,no_overlap
improve-08512be6e4cd678e,0,0,0,,,0,0,0,no_overlap
improve-0c81983183b3b71c,0,0,0,,,0,0,0,no_overlap
improve-268ad17217474487,0,0,0,,,0,0,0,no_overlap
improve-e01e647d1ea084ef,0,0,0,,,0,0,0,no_overlap
improve-10236709cf42e163,0,0,0,,,0,0,0,no_overlap
improve-29d2f0dc2d878101,0,0,0,,,0,0,0,no_overlap
improve-c371bd8a58e3b759,0,0,0,,,0,0,0,no_overlap
improve-e89942d400018ea0,0,0,0,,,0,0,0,no_overlap
improve-fbbb15c6d904a8e0,0,0,0,,,0,0,0,no_overlap
improve-c419f5a2c8b58440,0,0,0,,,0,0,0,no_overlap
improve-1a337350d918a723,0,0,0,,,0,0,0,no_overlap
improve-65743e97d040e002,0,0,0,,,0,0,0,no_overlap
improve-50f45e0b247526de,0,0,0,,,0,0,0,no_overlap
improve-c7cf48a7467eaa2e,0,0,0,,,0,0,0,no_overlap
improve-fd966739e6708ce4,0,0,0,,,0,0,0,no_overlap
improve-1b14b6a2a1ebccf5,0,0,0,,,0,0,0,no_overlap
improve-0a289a9218ac52e2,0,0,0,,,0,0,0,no_overlap
improve-ca10ece28d7a71b1,0,0,0,,,0,0,0,no_overlap
improve-985e45a6a869c2e0,0,0,0,,,0,0,0,no_overlap
improve-65b51bcf989b223c,0,0,0,,,0,0,0,no_overlap
improve-ae4b7e885ebdf1f9,0,0,0,,,0,0,0,no_overlap
improve-32c60021423870c6,0,0,0,,,0,0,0,no_overlap
improve-c4b5e6889019c2bd,0,0,0,,,0,0,0,no_overlap
improve-09d1bc93a070395b,0,0,0,,,0,0,0,no_overlap
improve-25799aeaf9d84150,0,0,0,,,0,0,0,no_overlap
improve-79dc71bc81773339,0,0,0,,,0,0,0,no_overlap
improve-056e0854a4bb9f6a,0,0,0,,,0,0,0,no_overlap
improve-cd77233fc48dbb66,0,0,0,,,0,0,0,no_overlap
improve-6b7821eb459570a3,0,0,0,,,0,0,0,no_overlap
improve-ca8ef053ea285894,0,0,0,,,0,0,0,no_overlap
improve-0fdac69eb401934f,0,0,0,,,0,0,0,no_overlap
improve-c3ce5d36b2eb43d3,0,0,0,,,0,0,0,no_overlap
improve-31a69f774bfcad85,0,0,0,,,0,0,0,no_overlap
improve-e8e304231b272599,0,0,0,,,0,0,0,no_overlap
improve-09b4de080ac99113,0,0,0,,,0,0,0,no_overlap
improve-13a74cc41e129be9,0,0,0,,,0,0,0,no_overlap
improve-6064017d33cf632d,0,0,0,,,0,0,0,no_overlap
improve-55ea123c11d096c7,0,0,0,,,0,0,0,no_overlap
improve-9f647e0ce916e875,0,0,0,,,0,0,0,no_overlap
improve-e8d65dddeea2e772,0,0,0,,,0,0,0,no_overlap
improve-8abe4485b1d593b5,0,0,0,,,0,0,0,no_overlap
improve-bc76087c9d577415,0,0,0,,,0,0,0,no_overlap
improve-1b020c05e6790aa7,0,0,0,,,0,0,0,no_overlap
improve-fdebcb8569a364cc,0,0,0,,,0,0,0,no_overlap
improve-a6073fda44a02087,0,0,0,,,0,0,0,no_overlap
improve-79c8206642b13d2c,0,0,0,,,0,0,0,no_overlap
improve-a9318f880330f6f7,0,0,0,,,0,0,0,no_overlap
improve-8320da57b543254a,0,0,0,,,0,0,0,no_overlap
improve-c3595695a7d8abdf,0,0,0,,,0,0,0,no_overlap
improve-8839080aa3e50d8a,0,0,0,,,0,0,0,no_overlap
improve-74754c4de1855b4a,0,0,0,,,0,0,0,no_overlap
improve-0492f8417a04a5d4,0,0,0,,,0,0,0,no_overlap
improve-9f30bab2ba71db69,0,0,0,,,0,0,0,no_overlap
improve-6554404c4a3efcba,0,0,0,,,0,0,0,no_overlap
improve-91d1c9a73d7d02ca,0,0,0,,,0,0,0,no_overlap
improve-f75f997ee97e0337,0,0,0,,,0,0,0,no_overlap
improve-4d0442a4b1050991,0,0,0,,,0,0,0,no_overlap
improve-956ba0aadac361a2,0,0,0,,,0,0,0,no_overlap
improve-6b5a59750799de4c,0,0,0,,,0,0,0,no_overlap
improve-bda052fd242f6cbf,0,0,0,,,0,0,0,no_overlap
improve-ebf72dc885421ad1,0,0,0,,,0,0,0,no_overlap
improve-4cd2696d4ba89fcf,0,0,0,,,0,0,0,no_overlap
improve-e9bc1bb945c8ea50,0,0,0,,,0,0,0,no_overlap
improve-5c45c0c97c527286,0,0,0,,,0,0,0,no_overlap
improve-a3bea0f2f8b3ee43,0,0,0,,,0,0,0,no_overlap
improve-9bf40672ffc6961d,0,0,0,,,0,0,0,no_overlap
improve-4589f3799e4acc84,0,0,0,,,0,0,0,no_overlap
improve-aa991a1ae9b9bb74,0,0,0,,,0,0,0,no_overlap
improve-66f1c3986afc878f,0,0,0,,,0,0,0,no_overlap
improve-9a3ef2b717743e22,0,0,0,,,0,0,0,no_overlap
improve-9a0e4461a5afd122,0,0,0,,,0,0,0,no_overlap
improve-87920fdb9106d9c2,0,0,0,,,0,0,0,no_overlap
improve-36e9dfcee0420260,0,0,0,,,0,0,0,no_overlap
improve-81c0e2e51aad4118,0,0,0,,,0,0,0,no_overlap
improve-011e6b1fd5156a39,0,0,0,,,0,0,0,no_overlap
improve-1ee3940b63f68761,0,0,0,,,0,0,0,no_overlap
improve-d2b350d4e559c5aa,0,0,0,,,0,0,0,no_overlap
improve-f287f486b9eb134f,0,0,0,,,0,0,0,no_overlap
improve-a13defcb894adc9f,0,0,0,,,0,0,0,no_overlap
improve-4b3b820d7a7c0703,0,0,0,,,0,0,0,no_overlap
improve-e4aa7aa394f1710f,0,0,0,,,0,0,0,no_overlap
improve-4915a5d26c126fb7,0,0,0,,,0,0,0,no_overlap
improve-62023164c17dcd20,0,0,0,,,0,0,0,no_overlap
improve-2b41f3f2412b5455,0,0,0,,,0,0,0,no_overlap
improve-4238a6be9d6eff8e,0,0,0,,,0,0,0,no_overlap
improve-1a02b3938a894804,0,0,0,,,0,0,0,no_overlap
improve-d0e3c05a49b079b0,0,0,0,,,0,0,0,no_overlap
improve-4cec14fa2cbe9b5d,0,0,0,,,0,0,0,no_overlap
improve-f96d1265966af1d6,0,0,0,,,0,0,0,no_overlap
improve-1ed57e9f115f14b1,0,0,0,,,0,0,0,no_overlap
improve-c9c939d98bdbffbf,0,0,0,,,0,0,0,no_overlap
improve-e0504b1fca8f3123,0,0,0,,,0,0,0,no_overlap
improve-7de43eab7c8d7834,0,0,0,,,0,0,0,no_overlap
improve-7d9d7856eddf3b8d,0,0,0,,,0,0,0,no_overlap
improve-35a07bb19d3f01fb,0,0,0,,,0,0,0,no_overlap
improve-36bc045b4bc2bad7,0,0,0,,,0,0,0,no_overlap
improve-3625e7d788690326,0,0,0,,,0,0,0,no_overlap
improve-714b62452d276a54,0,0,0,,,0,0,0,no_overlap
improve-0bef40641d536b2e,0,0,0,,,0,0,0,no_overlap
improve-328f89b79a588350,0,0,0,,,0,0,0,no_overlap
improve-33e51c14ac96ff86,0,0,0,,,0,0,0,no_overlap
improve-de8f1b98837d6217,0,0,0,,,0,0,0,no_overlap
improve-792777f0b6e436b5,0,0,0,,,0,0,0,no_overlap
improve-9d7550d288fe78e7,0,0,0,,,0,0,0,no_overlap
improve-0766ca88f38049d6,0,0,0,,,0,0,0,no_overlap
improve-83c2467dc25435b2,0,0,0,,,0,0,0,no_overlap
improve-6a6f5663096507f5,0,0,0,,,0,0,0,no_overlap
improve-25091df9e0a4a2ae,0,0,0,,,0,0,0,no_overlap
improve-c4b0fb9db6c69573,0,0,0,,,0,0,0,no_overlap
improve-06046b6d1d32e00a,0,0,0,,,0,0,0,no_overlap
improve-665d16f3d5bf47f6,0,0,0,,,0,0,0,no_overlap
improve-d7feac5f5a25c209,0,0,0,,,0,0,0,no_overlap
improve-0ea0a951a7e06150,0,0,0,,,0,0,0,no_overlap
improve-628a21b6a8f6934f,0,0,0,,,0,0,0,no_overlap
improve-62ceb4d59adfbead,0,0,0,,,0,0,0,no_overlap
improve-ff0c61a11d9999f8,0,0,0,,,0,0,0,no_overlap
improve-9a5d8377ca0e4241,0,0,0,,,0,0,0,no_overlap
improve-4b7908064507cd29,0,0,0,,,0,0,0,no_overlap
improve-e15b5695b1a008dd,0,0,0,,,0,0,0,no_overlap
improve-55b200590a3ca581,0,0,0,,,0,0,0,no_overlap
improve-8a50216dbfd67334,0,0,0,,,0,0,0,no_overlap
improve-e3284016d2792492,0,0,0,,,0,0,0,no_overlap
improve-0766052744ab0261,0,0,0,,,0,0,0,no_overlap
improve-45d9511f91a9311c,0,0,0,,,0,0,0,no_overlap
improve-34ace0b7905a39dd,0,0,0,,,0,0,0,no_overlap
improve-4e53a472e438afb2,0,0,0,,,0,0,0,no_overlap
improve-cca08778f2cbadd0,0,0,0,,,0,0,0,no_overlap
improve-80394876c4f0e03a,0,0,0,,,0,0,0,no_overlap
improve-cf847132f7f4527b,0,0,0,,,0,0,0,no_overlap
improve-416bfadf97eae21c,0,0,0,,,0,0,0,no_overlap
improve-ee9debc216b72d1d,0,0,0,,,0,0,0,no_overlap
improve-96e58b5d8df7f5eb,0,0,0,,,0,0,0,no_overlap
improve-1dd413c7b7693379,0,0,0,,,0,0,0,no_overlap
improve-a117811cc81302be,0,0,0,,,0,0,0,no_overlap
improve-88a7bfa053877d89,0,0,0,,,0,0,0,no_overlap
improve-f46d9c3ab8b637f2,0,0,0,,,0,0,0,no_overlap
improve-ff534d921d93a6b1,0,0,0,,,0,0,0,no_overlap
improve-b5eed86106ce61e9,0,0,0,,,0,0,0,no_overlap
improve-c0e71f1f34c45bee,0,0,0,,,0,0,0,no_overlap
improve-ca9fd7b8f65c8795,0,0,0,,,0,0,0,no_overlap
improve-d125d87b0042ab30,0,0,0,,,0,0,0,no_overlap
improve-07b329bf52352328,0,0,0,,,0,0,0,no_overlap
improve-c2f3af40c2a4cf95,0,0,0,,,0,0,0,no_overlap
improve-523db61e5e399c82,0,0,0,,,0,0,0,no_overlap
improve-01f03983b5c35b75,0,0,0,,,0,0,0,no_overlap
improve-656562d445a14926,0,0,0,,,0,0,0,no_overlap
improve-7722fa6517dd3193,0,0,0,,,0,0,0,no_overlap
improve-e4d55fd8ddea218d,0,0,0,,,0,0,0,no_overlap
improve-ccd2899a3ca32dc1,0,0,0,,,0,0,0,no_overlap
improve-cd21cf68f40520d0,0,0,0,,,0,0,0,no_overlap
improve-a8db5eba8ab265de,0,0,0,,,0,0,0,no_overlap
improve-6255be5bfaf6af9b,0,0,0,,,0,0,0,no_overlap
improve-8b7f29cd3d41b192,0,0,0,,,0,0,0,no_overlap
improve-600692d81678f34e,0,0,0,,,0,0,0,no_overlap
improve-1ef27c162cf7b4e8,0,0,0,,,0,0,0,no_overlap
improve-39e67023c08b4582,0,0,0,,,0,0,0,no_overlap
improve-31c5cf6fdaee7775,0,0,0,,,0,0,0,no_overlap
improve-edae7faf540c1465,1,0,0,,,0,0,0,no_overlap
improve-2747f3f0c4dbf572,0,0,0,,,0,0,0,no_overlap
improve-59072f740950fa3b,0,0,0,,,0,0,0,no_overlap
improve-630cfbbd175b78da,0,0,0,,,0,0,0,no_overlap
improve-0042f3d785f2d46b,0,0,0,,,0,0,0,no_overlap
improve-29e24c1b2262ebb3,0,0,0,,,0,0,0,no_overlap
improve-d1faddeee952f417,0,0,0,,,0,0,0,no_overlap
improve-34784ad46d26a262,0,0,0,,,0,0,0,no_overlap
improve-7e689215c8d47394,0,0,0,,,0,0,0,no_overlap
improve-9e4a897c5ae7ff96,0,0,0,,,0,0,0,no_overlap
improve-597d5551dab13e6b,0,0,0,,,0,0,0,no_overlap
improve-bb89626eb39479cf,0,0,0,,,0,0,0,no_overlap
improve-804b6b760841a3da,0,0,0,,,0,0,0,no_overlap
improve-e15db753b1544597,0,0,0,,,0,0,0,no_overlap
improve-4830dd4af62a5eb5,0,0,0,,,0,0,0,no_overlap
improve-163a957d0d4f001f,0,0,0,,,0,0,0,no_overlap
improve-f41380a0a1b61cf1,0,0,0,,,0,0,0,no_overlap
improve-0757193add63c2ed,0,0,0,,,0,0,0,no_overlap
improve-dcbf39c86ca6300e,0,0,0,,,0,0,0,no_overlap
improve-7588f3ffb801ae90,0,0,0,,,0,0,0,no_overlap
improve-6cd2ebdb083034d7,1,0,0,,,0,0,0,no_overlap
improve-25484a3cb22537eb,0,1,1,0,0,1,0,0,exact_label_concordant
improve-47eb5993fe0a9d61,0,0,0,,,0,0,0,no_overlap
improve-30268b57c17e1074,0,0,0,,,0,0,0,no_overlap
improve-e3eada09388cdf5a,0,0,0,,,0,0,0,no_overlap
improve-769f5067eda58acb,0,0,0,,,0,0,0,no_overlap
improve-38952ed558fdaf13,0,0,0,,,0,0,0,no_overlap
improve-216a82ca9d4b9507,0,0,0,,,0,0,0,no_overlap
improve-fcdaa458b9960d65,0,0,0,,,0,0,0,no_overlap
improve-42aa16734b6c6ead,0,0,0,,,0,0,0,no_overlap
improve-35349cb3a3a2140c,0,0,0,,,0,0,0,no_overlap
improve-2dc2132d60153ea4,0,0,0,,,0,0,0,no_overlap
improve-616fa146f49bcd91,0,0,0,,,0,0,0,no_overlap
improve-905aca07bba68563,0,0,0,,,0,0,0,no_overlap
improve-a7f12022db876213,0,0,0,,,0,0,0,no_overlap
improve-0e021824a62e66b6,0,0,0,,,0,0,0,no_overlap
improve-af20141c89c1b388,0,0,0,,,0,0,0,no_overlap
improve-dcf8f3dd79d3e651,0,0,0,,,0,0,0,no_overlap
improve-0cbb86603e05ca5c,0,0,0,,,0,0,0,no_overlap
improve-e80f55efd70c3fac,0,0,0,,,0,0,0,no_overlap
improve-094189725c31cff9,0,0,0,,,0,0,0,no_overlap
improve-1b749619a76e7fef,0,0,0,,,0,0,0,no_overlap
improve-6d56fa83fccfa882,0,0,0,,,0,0,0,no_overlap
improve-5801e762744af5d8,0,0,0,,,0,0,0,no_overlap
improve-817b1540a08987d3,0,0,0,,,0,0,0,no_overlap
improve-1e535782efeb6f9c,0,0,0,,,0,0,0,no_overlap
improve-b05681b261ccf1cd,1,0,0,,,0,0,0,no_overlap
improve-a319bb7f2d539dca,0,0,0,,,0,0,0,no_overlap
improve-9e30106e89daaac8,0,0,0,,,0,0,0,no_overlap
improve-9065bb8926cf21a2,0,0,0,,,0,0,0,no_overlap
improve-ca8f97c677186d29,0,0,0,,,0,0,0,no_overlap
improve-1d567b13a468cbad,0,0,0,,,0,0,0,no_overlap
improve-4dce070141757d92,0,0,0,,,0,0,0,no_overlap
improve-16aff299459a3461,0,0,0,,,0,0,0,no_overlap
improve-0f3e906940b9b566,0,0,0,,,0,0,0,no_overlap
improve-74fc280eda91af06,0,0,0,,,0,0,0,no_overlap
improve-25a137d956a7605b,0,0,0,,,0,0,0,no_overlap
improve-4688c3a106accba3,0,0,0,,,0,0,0,no_overlap
improve-68fccad3514550c6,0,0,0,,,0,0,0,no_overlap
improve-7a642a605248c8e4,0,0,0,,,0,0,0,no_overlap
improve-cf5bb63d245b4c1d,0,0,0,,,0,0,0,no_overlap
improve-128a7ec6f10356b6,0,0,0,,,0,0,0,no_overlap
improve-f02ea98c84455fbf,0,0,0,,,0,0,0,no_overlap
improve-56f7d3493bab35a0,1,0,0,,,0,0,0,no_overlap
improve-9e1097f514ea43e0,0,0,0,,,0,0,0,no_overlap
improve-97e5e7c11648688d,0,0,0,,,0,0,0,no_overlap
improve-83d58d8439cedae3,0,0,0,,,0,0,0,no_overlap
improve-9d8b5e87cddcc392,0,0,0,,,0,0,0,no_overlap
improve-d842770f6f1be3ea,0,0,0,,,0,0,0,no_overlap
improve-f6a0356350caf40b,0,0,0,,,0,0,0,no_overlap
improve-6b1407b14de9569a,0,0,0,,,0,0,0,no_overlap
improve-ffe5dae2f22381e2,0,0,0,,,0,0,0,no_overlap
improve-ad65b911758c7e82,0,0,0,,,0,0,0,no_overlap
improve-1c0286bfc36c0634,0,0,0,,,0,0,0,no_overlap
improve-4a1cb0c8c3d7ad7c,0,0,0,,,0,0,0,no_overlap
improve-41d7d2a0e54a097f,0,0,0,,,0,0,0,no_overlap
improve-7809ca64b7fbc1b3,0,0,0,,,0,0,0,no_overlap
improve-1beae995fd1684b8,0,0,0,,,0,0,0,no_overlap
improve-8e969dd4af2603f4,0,0,0,,,0,0,0,no_overlap
improve-5a08a35adef65ee6,0,0,0,,,0,0,0,no_overlap
improve-159b0ace275abe86,0,0,0,,,0,0,0,no_overlap
improve-3477b9ac60f55bc9,0,0,0,,,0,0,0,no_overlap
improve-d5b5346fd630cbbb,0,0,0,,,0,0,0,no_overlap
improve-dac7715ce3c243ad,0,0,0,,,0,0,0,no_overlap
improve-6a88fa71037ee6e8,0,0,0,,,0,0,0,no_overlap
improve-7bface2c35cafe58,0,0,0,,,0,0,0,no_overlap
improve-bda7dea9d4d08c0f,0,0,0,,,0,0,0,no_overlap
improve-60b097c21713f702,0,0,0,,,0,0,0,no_overlap
improve-65b003947b6fb515,0,0,0,,,0,0,0,no_overlap
improve-b0fa466501ed19e6,0,0,0,,,0,0,0,no_overlap
improve-bf9d5470af468c10,0,0,0,,,0,0,0,no_overlap
improve-2f45b4fd70fcc744,0,0,0,,,0,0,0,no_overlap
improve-0c2c3221edc6626b,0,0,0,,,0,0,0,no_overlap
improve-5fb2dd460d200e23,0,0,0,,,0,0,0,no_overlap
improve-94876b47bb0e528e,0,0,0,,,0,0,0,no_overlap
improve-d529c642ed240269,0,0,0,,,0,0,0,no_overlap
improve-a4d1e3548ae4fb54,0,0,0,,,0,0,0,no_overlap
improve-e0940c1efd2652a5,0,0,0,,,0,0,0,no_overlap
improve-b2e4909f3698670f,0,0,0,,,0,0,0,no_overlap
improve-8fc1b42ea7fbb897,0,0,0,,,0,0,0,no_overlap
improve-be5f7bffe91efbae,0,0,0,,,0,0,0,no_overlap
improve-c75a140dee7341b5,0,0,0,,,0,0,0,no_overlap
improve-4ba1d6c4e3e84748,0,0,0,,,0,0,0,no_overlap
improve-0c9af760590025d1,0,0,0,,,0,0,0,no_overlap
improve-4e7778a2fe3f97ed,0,0,0,,,0,0,0,no_overlap
improve-61b7493985b0b37f,0,0,0,,,0,0,0,no_overlap
improve-436b28f02904186d,0,0,0,,,0,0,0,no_overlap
improve-6f7c330fd6e4cda6,0,0,0,,,0,0,0,no_overlap
improve-bacac99a1ba3a224,0,0,0,,,0,0,0,no_overlap
improve-458c58600945cf3c,0,0,0,,,0,0,0,no_overlap
improve-769f1c60629ec42f,0,0,0,,,0,0,0,no_overlap
improve-3669bc3f7a9472d0,0,0,0,,,0,0,0,no_overlap
improve-aa8bc5d5999221e7,0,0,0,,,0,0,0,no_overlap
improve-55fb045a9dd64ad9,0,0,0,,,0,0,0,no_overlap
improve-b4a23d060c6002aa,0,0,0,,,0,0,0,no_overlap
improve-63cb36634dee0a2b,0,0,0,,,0,0,0,no_overlap
improve-41969f5ea242e90a,0,0,0,,,0,0,0,no_overlap
improve-551b997703d94c90,0,0,0,,,0,0,0,no_overlap
improve-d4251264e5b5db86,0,0,0,,,0,0,0,no_overlap
improve-a36bdfdd714c7221,0,0,0,,,0,0,0,no_overlap
improve-034a5917364363f8,0,0,0,,,0,0,0,no_overlap
improve-3ea67f2cbe6cb105,0,0,0,,,0,0,0,no_overlap
improve-815eaf24b5a470f6,0,0,0,,,0,0,0,no_overlap
improve-23518098d698db0f,0,0,0,,,0,0,0,no_overlap
improve-10d7ce2023b2fca0,0,0,0,,,0,0,0,no_overlap
improve-1c522f4068efda69,0,0,0,,,0,0,0,no_overlap
improve-242cef6ed356c3e1,0,0,0,,,0,0,0,no_overlap
improve-c1046104ad39d665,0,0,0,,,0,0,0,no_overlap
improve-cdba75b93983935c,0,0,0,,,0,0,0,no_overlap
improve-c706379cf1ac5a9e,0,0,0,,,0,0,0,no_overlap
improve-33ec2a7885cacab7,0,0,0,,,0,0,0,no_overlap
improve-c878031e123c8f1f,0,0,0,,,0,0,0,no_overlap
improve-ea5203908e0a49c0,0,0,0,,,0,0,0,no_overlap
improve-99ab5d487a087a3b,0,0,0,,,0,0,0,no_overlap
improve-a0c24a86e9df7361,0,0,0,,,0,0,0,no_overlap
improve-0f2955ebbdbc747b,0,0,0,,,0,0,0,no_overlap
improve-c5bab86a1b1ebc15,0,0,0,,,0,0,0,no_overlap
improve-e4a6d3abc3da0bab,0,0,0,,,0,0,0,no_overlap
improve-ebf18f4bb5376747,1,0,0,,,0,0,0,no_overlap
improve-577e1aa31540f067,0,0,0,,,0,0,0,no_overlap
improve-d7f72b44028c537e,0,0,0,,,0,0,0,no_overlap
improve-5230edcb2a758d39,0,0,0,,,0,0,0,no_overlap
improve-62d399df8c805c0a,0,0,0,,,0,0,0,no_overlap
improve-3ad2dd8e369d99bf,0,0,0,,,0,0,0,no_overlap
improve-16cef7d8a58a4042,0,0,0,,,0,0,0,no_overlap
improve-76d77a7efc5aab3f,0,0,0,,,0,0,0,no_overlap
improve-d7d2307acf79f569,0,0,0,,,0,0,0,no_overlap
improve-b603aee430a5bad4,0,0,0,,,0,0,0,no_overlap
improve-5855405fc967f650,0,0,0,,,0,0,0,no_overlap
improve-0b0ba63132e1945a,0,0,0,,,0,0,0,no_overlap
improve-fbe72c9a4bd72fe4,0,0,0,,,0,0,0,no_overlap
improve-68b5349e2029d2db,0,0,0,,,0,0,0,no_overlap
improve-69c0f432ff73d5dc,0,0,0,,,0,0,0,no_overlap
improve-7f9cb220505af952,0,0,0,,,0,0,0,no_overlap
improve-07916258ba448f43,0,0,0,,,0,0,0,no_overlap
improve-dadf2672f09cd37b,0,0,0,,,0,0,0,no_overlap
improve-b622e3d8529819b4,0,0,0,,,0,0,0,no_overlap
improve-f349d7ca9239b9dc,0,0,0,,,0,0,0,no_overlap
improve-1dc46a1fe54972a8,0,0,0,,,0,0,0,no_overlap
improve-81709b3f2140d71e,0,0,0,,,0,0,0,no_overlap
improve-9f56a5416bc3cba9,0,0,0,,,0,0,0,no_overlap
improve-f8b115a9e79feaa1,0,0,0,,,0,0,0,no_overlap
improve-fcb85e703a70a6ba,0,0,0,,,0,0,0,no_overlap
improve-1c6f1444d3b5e5b0,0,0,0,,,0,0,0,no_overlap
improve-0922cab859ef298a,0,0,0,,,0,0,0,no_overlap
improve-9b8e917d566e3439,0,0,0,,,0,0,0,no_overlap
improve-3331de011b96b951,0,0,0,,,0,0,0,no_overlap
improve-d540098a6103a90d,0,0,0,,,0,0,0,no_overlap
improve-7bf470a8cd74d5e9,0,0,0,,,0,0,0,no_overlap
improve-899366bddbcb02a9,0,0,0,,,0,0,0,no_overlap
improve-b0d4b5ff6b662ff8,0,0,0,,,0,0,0,no_overlap
improve-42aafe7182183d8d,0,0,0,,,0,0,0,no_overlap
improve-d833848cc9d17566,0,0,0,,,0,0,0,no_overlap
improve-f5684d02e856edbb,0,0,0,,,0,0,0,no_overlap
improve-e1c7dfacb65f4bc4,0,0,0,,,0,0,0,no_overlap
improve-eb169a82e0ca93d8,0,0,0,,,0,0,0,no_overlap
improve-12c1a3a6b4c3b1b4,0,0,0,,,0,0,0,no_overlap
improve-b9d3a50e0b963a1c,0,0,0,,,0,0,0,no_overlap
improve-0a9911e437f58d2c,0,0,0,,,0,0,0,no_overlap
improve-06b2cfac685a2807,0,0,0,,,0,0,0,no_overlap
improve-aa91f4e20a212209,0,0,0,,,0,0,0,no_overlap
improve-97e397883725fa8d,0,0,0,,,0,0,0,no_overlap
improve-78f2f8db8547e4de,0,0,0,,,0,0,0,no_overlap
improve-3662e48f110236c6,0,0,0,,,0,0,0,no_overlap
improve-d434214945aeb22a,0,0,0,,,0,0,0,no_overlap
improve-3d6d4b55db13c9dd,0,0,0,,,0,0,0,no_overlap
improve-ba25410b5ade6e4c,0,0,0,,,0,0,0,no_overlap
improve-946fd20b83e30097,0,0,0,,,0,0,0,no_overlap
improve-8046f2ced10d8fb3,1,0,0,,,0,0,0,no_overlap
improve-cc54f84f6f78f2a4,0,0,0,,,0,0,0,no_overlap
improve-8534ca94aaa15830,0,0,0,,,0,0,0,no_overlap
improve-cacd6cd1b578d679,0,0,0,,,0,0,0,no_overlap
improve-d2fdfb6c103616dd,0,0,0,,,0,0,0,no_overlap
improve-1c924ff1d2c443bb,0,0,0,,,0,0,0,no_overlap
improve-102c49ddda982870,0,0,0,,,0,0,0,no_overlap
improve-f7b8064c50403afd,0,0,0,,,0,0,0,no_overlap
improve-5979374b859824ac,0,0,0,,,0,0,0,no_overlap
improve-a794bdd9dd3fb108,0,0,0,,,0,0,0,no_overlap
improve-994c06699bfc0642,1,0,0,,,0,0,0,no_overlap
improve-3bdd75aca49a43b4,1,0,0,,,0,0,0,no_overlap
improve-418cf5fa916bef44,0,0,0,,,0,0,0,no_overlap
improve-7a85f2c41ccf538d,0,0,0,,,0,0,0,no_overlap
improve-a62a899db8eb5c83,0,0,0,,,0,0,0,no_overlap
improve-2c47643a4266ca1f,0,0,0,,,0,0,0,no_overlap
improve-abac11a44a396304,0,0,0,,,0,0,0,no_overlap
improve-2a339229d3ec1b0b,0,0,0,,,0,0,0,no_overlap
improve-1de5fae5481f06c4,0,0,0,,,0,0,0,no_overlap
improve-9e9664de67063270,0,0,0,,,0,0,0,no_overlap
improve-70d89effc8673c92,0,0,0,,,0,0,0,no_overlap
improve-9a4dcec921756dc5,0,0,0,,,0,0,0,no_overlap
improve-f8ba2d77720f0290,0,0,0,,,0,0,0,no_overlap
improve-41b75624dfcedece,0,0,0,,,0,0,0,no_overlap
improve-7660834b29fcc24e,0,0,0,,,0,0,0,no_overlap
improve-805202d4f312ee85,0,0,0,,,0,0,0,no_overlap
improve-0bbffc4b25417e11,0,0,0,,,0,0,0,no_overlap
improve-9aa91081a32b7f30,0,0,0,,,0,0,0,no_overlap
improve-0bcab0b3d22e57a7,0,0,0,,,0,0,0,no_overlap
improve-3ef17cc6befc6c11,0,0,0,,,0,0,0,no_overlap
improve-760f2621018e5ec8,0,0,0,,,0,0,0,no_overlap
improve-49360ab38152bead,0,0,0,,,0,0,0,no_overlap
improve-0034f0a43ee3b9fd,0,0,0,,,0,0,0,no_overlap
improve-3741fb21168ee73d,0,0,0,,,0,0,0,no_overlap
improve-87226a9a934aba60,0,0,0,,,0,0,0,no_overlap
improve-5d7674d66e5941ac,0,0,0,,,0,0,0,no_overlap
improve-d952604fcaef0c30,0,0,0,,,0,0,0,no_overlap
improve-4ac8895b6bfc8358,0,0,0,,,0,0,0,no_overlap
improve-8d0418eb4848c65d,0,0,0,,,0,0,0,no_overlap
improve-9db566f40cac3a5e,0,0,0,,,0,0,0,no_overlap
improve-aa778cf71dcfadb9,0,0,0,,,0,0,0,no_overlap
improve-7d3bc7f24a36645f,0,0,0,,,0,0,0,no_overlap
improve-6b5a1f75448d158b,0,0,0,,,0,0,0,no_overlap
improve-6342d8d5736ae4cf,0,0,0,,,0,0,0,no_overlap
improve-576bedb859cb8e55,0,0,0,,,0,0,0,no_overlap
improve-ad00f83daca94fcf,0,0,0,,,0,0,0,no_overlap
improve-7405997ac2080cef,0,0,0,,,0,0,0,no_overlap
improve-68744c848b9d0de4,0,0,0,,,0,0,0,no_overlap
improve-74cc0dba857d6faf,0,0,0,,,0,0,0,no_overlap
improve-5c55900cec6aeea3,0,0,0,,,0,0,0,no_overlap
improve-140d0fa6c9979733,0,0,0,,,0,0,0,no_overlap
improve-df5c7343154ac905,0,0,0,,,0,0,0,no_overlap
improve-2d5136afa37f2a75,0,0,0,,,0,0,0,no_overlap
improve-9aee4622c85a355a,0,0,0,,,0,0,0,no_overlap
improve-6a89e27e6e504f00,0,0,0,,,0,0,0,no_overlap
improve-550a82c4521a84db,0,0,0,,,0,0,0,no_overlap
improve-197cec74c08f261c,0,0,0,,,0,0,0,no_overlap
improve-525b565fcb3167d6,1,0,0,,,0,0,0,no_overlap
improve-c86c8742294fb6ca,0,0,0,,,0,0,0,no_overlap
improve-dd0e68bc3cd22e91,0,0,0,,,0,0,0,no_overlap
improve-74f0ee7c2c1c3d37,0,0,0,,,0,0,0,no_overlap
improve-e547ccb4a6462070,0,0,0,,,0,0,0,no_overlap
improve-410490d49c975394,0,0,0,,,0,0,0,no_overlap
improve-e3cffdbff9e8044b,0,0,0,,,0,0,0,no_overlap
improve-5ca6ffd41c1a55d2,0,0,0,,,0,0,0,no_overlap
improve-2bed49f422eae2c8,0,0,0,,,0,0,0,no_overlap
improve-7b2a87732319ec66,0,0,0,,,0,0,0,no_overlap
improve-8e704a37cf668643,1,0,0,,,0,0,0,no_overlap
improve-3c91f1a14770d664,1,0,0,,,0,0,0,no_overlap
improve-40a0ea0ef1fb4cb2,0,0,0,,,0,0,0,no_overlap
improve-c35d6f3b5115c4e5,0,0,0,,,0,0,0,no_overlap
improve-eb5558fe6135b295,0,0,0,,,0,0,0,no_overlap
improve-4d25f9c53072031b,0,0,0,,,0,0,0,no_overlap
improve-6d85a3cc02ef6bdb,0,0,0,,,0,0,0,no_overlap
improve-ba1b24fcdd286c5a,0,0,0,,,0,0,0,no_overlap
improve-378836ec86ea78c9,0,0,0,,,0,0,0,no_overlap
improve-bdde83ed986a6bcb,0,0,0,,,0,0,0,no_overlap
improve-270a8d5b33e53228,0,0,0,,,0,0,0,no_overlap
improve-2300ce1fb6d18c65,0,0,0,,,0,0,0,no_overlap
improve-09301396c4d8a5f5,0,0,0,,,0,0,0,no_overlap
improve-3a2a10db57093053,0,0,0,,,0,0,0,no_overlap
improve-f54ff6d51b54b81c,0,0,0,,,0,0,0,no_overlap
improve-c86163fcfab07821,0,0,0,,,0,0,0,no_overlap
improve-5dc2c7865462bc2d,0,0,0,,,0,0,0,no_overlap
improve-09fa98c023e67655,0,0,0,,,0,0,0,no_overlap
improve-55f2e683c7a2c9ef,0,0,0,,,0,0,0,no_overlap
improve-e3b6cb260cb93b46,0,0,0,,,0,0,0,no_overlap
improve-d310f273b4411368,0,0,0,,,0,0,0,no_overlap
improve-4215986584cb92a5,0,0,0,,,0,0,0,no_overlap
improve-d4d414f1874a0e60,0,0,0,,,0,0,0,no_overlap
improve-381d8a1c41f6502e,0,0,0,,,0,0,0,no_overlap
improve-5195ac1695d5ba1d,0,0,0,,,0,0,0,no_overlap
improve-f2fc4e478324e9fe,0,0,0,,,0,0,0,no_overlap
improve-5bd6d1820aaeb012,0,0,0,,,0,0,0,no_overlap
improve-1f2dd9b1f8a5b95f,0,0,0,,,0,0,0,no_overlap
improve-267f5f8fd596cbb2,0,0,0,,,0,0,0,no_overlap
improve-6be4cf36d90cd6d2,0,0,0,,,0,0,0,no_overlap
improve-dba3afedaed7f2e7,0,0,0,,,0,0,0,no_overlap
improve-72cee0c28b2d7c55,0,0,0,,,0,0,0,no_overlap
improve-80610f42a046449b,0,0,0,,,0,0,0,no_overlap
improve-e1b63db458a6d93d,0,0,0,,,0,0,0,no_overlap
improve-a3affd2ee32e8e84,0,0,0,,,0,0,0,no_overlap
improve-92cef9173b19b38d,0,0,0,,,0,0,0,no_overlap
improve-2e4a4f3ae725ff93,0,0,0,,,0,0,0,no_overlap
improve-3ed672c8b913fa28,0,0,0,,,0,0,0,no_overlap
improve-244d0e8256c30ba7,0,0,0,,,0,0,0,no_overlap
improve-01012c04f13bac2b,0,0,0,,,0,0,0,no_overlap
improve-89b203b96321a980,0,0,0,,,0,0,0,no_overlap
improve-41476603b049979a,0,0,0,,,0,0,0,no_overlap
improve-35233d96d66fa77b,0,0,0,,,0,0,0,no_overlap
improve-d1fd255bbb4144f3,0,0,0,,,0,0,0,no_overlap
improve-e1cf150b47b5d6b6,0,0,0,,,0,0,0,no_overlap
improve-b3e643f9b71f800e,0,0,0,,,0,0,0,no_overlap
improve-97e9896b22e97c6e,0,0,0,,,0,0,0,no_overlap
improve-989a3b2a27e0a169,0,0,0,,,0,0,0,no_overlap
improve-f17163d12ad4b528,0,0,0,,,0,0,0,no_overlap
improve-0b7b8ef8a407a26c,0,0,0,,,0,0,0,no_overlap
improve-b4131cc594df0337,0,0,0,,,0,0,0,no_overlap
improve-ea3a503880308b84,0,0,0,,,0,0,0,no_overlap
improve-ad12c2657f7d6ee7,0,0,0,,,0,0,0,no_overlap
improve-fd60f1dbae22d212,0,0,0,,,0,0,0,no_overlap
improve-8f05c384cdb2f539,0,0,0,,,0,0,0,no_overlap
improve-c15e5b5a1fc16e95,0,0,0,,,0,0,0,no_overlap
improve-bb42c6399a9f2740,0,0,0,,,0,0,0,no_overlap
improve-070b3f5a3daacb41,0,0,0,,,0,0,0,no_overlap
improve-3bff20d9fd9efac2,0,0,0,,,0,0,0,no_overlap
improve-3740b44c5badcdf9,0,0,0,,,0,0,0,no_overlap
improve-56da02fd5ee8dcd7,0,0,0,,,0,0,0,no_overlap
improve-6da4c5e28d54b918,0,0,0,,,0,0,0,no_overlap
improve-e6ea1618d137448a,0,0,0,,,0,0,0,no_overlap
improve-ed3a446c8935d9a2,1,0,0,,,0,0,0,no_overlap
improve-4e8917254dfa08d4,0,0,0,,,0,0,0,no_overlap
improve-adc424e3ab50d100,0,0,0,,,0,0,0,no_overlap
improve-307620bfd7125237,0,0,0,,,0,0,0,no_overlap
improve-352f92388c5bea00,0,0,0,,,0,0,0,no_overlap
improve-5691609260afee05,0,0,0,,,0,0,0,no_overlap
improve-40c1579018e11025,0,0,0,,,0,0,0,no_overlap
improve-244e9c73e7ce1e49,0,0,0,,,0,0,0,no_overlap
improve-49a7775e840196c9,0,0,0,,,0,0,0,no_overlap
improve-f980173829be5844,0,0,0,,,0,0,0,no_overlap
improve-390213b6104480e4,0,0,0,,,0,0,0,no_overlap
improve-f6f14b093963f376,0,0,0,,,0,0,0,no_overlap
improve-4450bd3fb24838b2,0,0,0,,,0,0,0,no_overlap
improve-f18596c390dc8c70,0,0,0,,,0,0,0,no_overlap
improve-b383538356ab5a4a,0,0,0,,,0,0,0,no_overlap
improve-f5baba27b98ba80a,0,0,0,,,0,0,0,no_overlap
improve-d7ec29ed88b5df87,0,0,0,,,0,0,0,no_overlap
improve-9eac7790871a1eb3,0,0,0,,,0,0,0,no_overlap
improve-7917f7ff10494901,0,0,0,,,0,0,0,no_overlap
improve-0ebe7d76ed3472ac,0,0,0,,,0,0,0,no_overlap
improve-ae0138fa506fa0e0,0,0,0,,,0,0,0,no_overlap
improve-965ca4403266d5b9,0,0,0,,,0,0,0,no_overlap
improve-2013adee7fe8bfa7,0,0,0,,,0,0,0,no_overlap
improve-1656e1692ddd7fc1,0,0,0,,,0,0,0,no_overlap
improve-d8e11b8856b74ecf,0,0,0,,,0,0,0,no_overlap
improve-075051c4d7fd95cf,0,0,0,,,0,0,0,no_overlap
improve-522b97db07aba8a5,0,0,0,,,0,0,0,no_overlap
improve-a6ab38e8f8dcfacd,0,0,0,,,0,0,0,no_overlap
improve-f5a9f72f32ec8421,0,0,0,,,0,0,0,no_overlap
improve-fdff0d49716fd5ba,0,0,0,,,0,0,0,no_overlap
improve-529f40a283ceb6f9,0,0,0,,,0,0,0,no_overlap
improve-d224197c2dac072d,0,0,0,,,0,0,0,no_overlap
improve-36b1a7e193bb16a3,0,0,0,,,0,0,0,no_overlap
improve-a7ae0a137970609a,0,0,0,,,0,0,0,no_overlap
improve-ede114673d25edba,0,0,0,,,0,0,0,no_overlap
improve-728b68dd809e5d4c,0,0,0,,,0,0,0,no_overlap
improve-d962a6f8752d4d4c,0,0,0,,,0,0,0,no_overlap
improve-556c696b635d8e6f,0,0,0,,,0,0,0,no_overlap
improve-47b278a0861f9cf2,0,0,0,,,0,0,0,no_overlap
improve-883d9672161e0214,0,0,0,,,0,0,0,no_overlap
improve-e853b748b5f206f5,0,0,0,,,0,0,0,no_overlap
improve-b517602775356c8c,0,0,0,,,0,0,0,no_overlap
improve-b5131ac24631df8c,0,0,0,,,0,0,0,no_overlap
improve-720ec84d595bbeb0,0,0,0,,,0,0,0,no_overlap
improve-df9fb904d6a720da,0,0,0,,,0,0,0,no_overlap
improve-e5e41b162a04510e,0,0,0,,,0,0,0,no_overlap
improve-7540927efeaeecde,0,0,0,,,0,0,0,no_overlap
improve-6f84804d93ecae0c,0,0,0,,,0,0,0,no_overlap
improve-a46591c204f8e4ec,0,0,0,,,0,0,0,no_overlap
improve-1af7bebc412e377b,0,0,0,,,0,0,0,no_overlap
improve-f2a8a0c6f6bb1eba,0,0,0,,,0,0,0,no_overlap
improve-a128d65312a537df,0,0,0,,,0,0,0,no_overlap
improve-67a1d8f7072954b7,0,0,0,,,0,0,0,no_overlap
improve-8eeef0f8915b65e5,0,0,0,,,0,0,0,no_overlap
improve-aef3c5dcbf6591a0,0,0,0,,,0,0,0,no_overlap
improve-21bd613ff220e2e3,0,0,0,,,0,0,0,no_overlap
improve-51558a302ad1af00,0,0,0,,,0,0,0,no_overlap
improve-c0d3f1d3ec05da86,0,0,0,,,0,0,0,no_overlap
improve-420a633501788736,0,0,0,,,0,0,0,no_overlap
improve-10c4ff64cc4fc78a,0,0,0,,,0,0,0,no_overlap
improve-742c334c8a2b64a2,0,0,0,,,0,0,0,no_overlap
improve-3122349176f5361d,0,0,0,,,0,0,0,no_overlap
improve-6685b39d1a6672e2,0,0,0,,,0,0,0,no_overlap
improve-67fe2bd696b2d58e,0,0,0,,,0,0,0,no_overlap
improve-61c3d7af468b3917,0,0,0,,,0,0,0,no_overlap
improve-051088cdbaabb335,0,0,0,,,0,0,0,no_overlap
improve-4fa20d8d729f1571,0,0,0,,,0,0,0,no_overlap
improve-e22594d1f7a989a1,0,0,0,,,0,0,0,no_overlap
improve-dd18ba06560d3bba,0,0,0,,,0,0,0,no_overlap
improve-3f12456169790d0d,0,0,0,,,0,0,0,no_overlap
improve-cbd02b41957efc5f,0,0,0,,,0,0,0,no_overlap
improve-a75e4abc573b537a,0,0,0,,,0,0,0,no_overlap
improve-2d2270533927c78f,0,0,0,,,0,0,0,no_overlap
improve-88d742c84244a3a6,0,0,0,,,0,0,0,no_overlap
improve-c37135febc4c8954,0,0,0,,,0,0,0,no_overlap
improve-7631e93cb1921915,0,0,0,,,0,0,0,no_overlap
improve-cf65744c9a19cf82,0,0,0,,,0,0,0,no_overlap
improve-780c70ba612a2f34,0,0,0,,,0,0,0,no_overlap
improve-894585dbdd81e442,0,0,0,,,0,0,0,no_overlap
improve-1e2c29c4a372b4da,0,0,0,,,0,0,0,no_overlap
improve-1de33597386acfbc,0,0,0,,,0,0,0,no_overlap
improve-619e48d6838e4db9,0,0,0,,,0,0,0,no_overlap
improve-4ef43880372ea93d,0,0,0,,,0,0,0,no_overlap
improve-2f777b5646dff99a,0,0,0,,,0,0,0,no_overlap
improve-33bddac579d7536c,0,0,0,,,0,0,0,no_overlap
improve-e5d626622f96452e,0,0,0,,,0,0,0,no_overlap
improve-62e777d50a09054c,0,0,0,,,0,0,0,no_overlap
improve-c4c47552fdfa57f0,0,0,0,,,0,0,0,no_overlap
improve-fedca98eeedf098b,0,0,0,,,0,0,0,no_overlap
improve-743daf1144d3ee27,0,0,0,,,0,0,0,no_overlap
improve-9f783b521b83a2f2,0,0,0,,,0,0,0,no_overlap
improve-5777e01bf0292bee,0,0,0,,,0,0,0,no_overlap
improve-f591c1ccf40f9adf,0,0,0,,,0,0,0,no_overlap
improve-b2288cd33b0e5728,0,0,0,,,0,0,0,no_overlap
improve-f3d66704b12cbbd1,0,0,0,,,0,0,0,no_overlap
improve-660d8df275840a0d,0,0,0,,,0,0,0,no_overlap
improve-f10490ea81feba28,0,0,0,,,0,0,0,no_overlap
improve-e8924cc4e1bc2914,0,0,0,,,0,0,0,no_overlap
improve-6052b5c7e7f36012,0,0,0,,,0,0,0,no_overlap
improve-d136105f5e647376,0,0,0,,,0,0,0,no_overlap
improve-193bb0b312a9a7c0,0,0,0,,,0,0,0,no_overlap
improve-f4abfb1f7a560a5d,1,0,0,,,0,0,0,no_overlap
improve-a19aa3d58a631e7b,1,0,0,,,0,0,0,no_overlap
improve-d10a49894c6384cb,1,0,0,,,0,0,0,no_overlap
improve-3e9106540cdf352d,1,0,0,,,0,0,0,no_overlap
improve-2ab6707ec9f07c34,1,0,0,,,0,0,0,no_overlap
improve-867fd463ef0c666e,0,0,0,,,0,0,0,no_overlap
improve-95af05c588a0ef40,0,0,0,,,0,0,0,no_overlap
improve-f2df48df57d83ef5,0,0,0,,,0,0,0,no_overlap
improve-1639308bcacb666b,0,0,0,,,0,0,0,no_overlap
improve-0cbf092d61a7057c,0,0,0,,,0,0,0,no_overlap
improve-c70700c3d06d10f8,0,0,0,,,0,0,0,no_overlap
improve-3a7e2d063c9baa38,0,0,0,,,0,0,0,no_overlap
improve-551c46ce3b713023,0,0,0,,,0,0,0,no_overlap
improve-6dc2c5933f04febf,0,0,0,,,0,0,0,no_overlap
improve-2b619187366fa3bb,0,0,0,,,0,0,0,no_overlap
improve-22a58b3a0bfca906,0,0,0,,,0,0,0,no_overlap
improve-a9a499b1ea4058d6,0,0,0,,,0,0,0,no_overlap
improve-6ffd417739753224,0,0,0,,,0,0,0,no_overlap
improve-edeac44c529132e3,0,0,0,,,0,0,0,no_overlap
improve-c118b425041399ba,0,0,0,,,0,0,0,no_overlap
improve-e3bc20165d6a7990,0,0,0,,,0,0,0,no_overlap
improve-2be601dd3923e6cd,0,0,0,,,0,0,0,no_overlap
improve-87df6f74f2f452b4,0,0,0,,,0,0,0,no_overlap
improve-d397a9f20c7faf7d,1,0,0,,,0,0,0,no_overlap
improve-b7e41d8bf5e039dc,0,0,0,,,0,0,0,no_overlap
improve-a811413d788b2a64,0,0,0,,,0,0,0,no_overlap
improve-106e5b3b3bd7d890,0,0,0,,,0,0,0,no_overlap
improve-d0de6f1f9e1d275c,0,0,0,,,0,0,0,no_overlap
improve-3f1b46ec21755832,0,0,0,,,0,0,0,no_overlap
improve-3d1940afa387779c,0,0,0,,,0,0,0,no_overlap
improve-4298fdb06cce5bb6,0,0,0,,,0,0,0,no_overlap
improve-15ca375748be4539,0,0,0,,,0,0,0,no_overlap
improve-94def99f1c722046,0,0,0,,,0,0,0,no_overlap
improve-0380c66014bee638,0,0,0,,,0,0,0,no_overlap
improve-b82776638ec81e8e,0,0,0,,,0,0,0,no_overlap
improve-1a4b8e574a2b9623,0,0,0,,,0,0,0,no_overlap
improve-4f2dc13bd1a4bae4,0,0,0,,,0,0,0,no_overlap
improve-9e14c5ec09d749a7,0,0,0,,,0,0,0,no_overlap
improve-3adb083f5be58cfa,0,0,0,,,0,0,0,no_overlap
improve-1f1bec2e2affd4a7,0,0,0,,,0,0,0,no_overlap
improve-1c607af978f9fe04,0,0,0,,,0,0,0,no_overlap
improve-d802ecab60764fe8,0,0,0,,,0,0,0,no_overlap
improve-ce511b14fb3d6292,0,0,0,,,0,0,0,no_overlap
improve-b205394eec867a20,0,0,0,,,0,0,0,no_overlap
improve-f2fdb90eab42221a,0,0,0,,,0,0,0,no_overlap
improve-c65558ce4f1b1490,0,0,0,,,0,0,0,no_overlap
improve-2fb4ddda6e93ba14,0,0,0,,,0,0,0,no_overlap
improve-f7e60d6d89d2f763,0,0,0,,,0,0,0,no_overlap
improve-01b9f2b1d51cd1da,0,0,0,,,0,0,0,no_overlap
improve-92212b23eadf0458,0,0,0,,,0,0,0,no_overlap
improve-65426cb26aaa6500,0,0,0,,,0,0,0,no_overlap
improve-e997273ef4ff9141,0,0,0,,,0,0,0,no_overlap
improve-e23e61e5b0ee21e1,0,0,0,,,0,0,0,no_overlap
improve-72c2c3480c346c5d,0,0,0,,,0,0,0,no_overlap
improve-aaf5359d9ef2c1c6,0,0,0,,,0,0,0,no_overlap
improve-d00994aedba2d933,0,0,0,,,0,0,0,no_overlap
improve-592cf457e231e3e4,0,0,0,,,0,0,0,no_overlap
improve-91a6011b0b5868b2,0,0,0,,,0,0,0,no_overlap
improve-dc37560d9c5d5bda,0,0,0,,,0,0,0,no_overlap
improve-5f5b7bf6d84dab91,0,0,0,,,0,0,0,no_overlap
improve-30d73f5ee6daf547,0,0,0,,,0,0,0,no_overlap
improve-350cb3e9ff18431e,0,0,0,,,0,0,0,no_overlap
improve-61245527447b3c2f,0,0,0,,,0,0,0,no_overlap
improve-28265d9ec483b617,0,0,0,,,0,0,0,no_overlap
improve-cdfa00a7f5b03426,0,0,0,,,0,0,0,no_overlap
improve-4edd37fbea9f4b66,0,0,0,,,0,0,0,no_overlap
improve-78d5c86ce5e7637d,0,0,0,,,0,0,0,no_overlap
improve-2b7742f095e37865,0,0,0,,,0,0,0,no_overlap
improve-6b5551534550386e,0,0,0,,,0,0,0,no_overlap
improve-9a739beeff515c0d,0,0,0,,,0,0,0,no_overlap
improve-6a69da09fe24bc81,0,0,0,,,0,0,0,no_overlap
improve-80207459d727062c,0,0,0,,,0,0,0,no_overlap
improve-f821faf77b921b8c,1,0,0,,,0,0,0,no_overlap
improve-36226172b71f33bf,0,0,0,,,0,0,0,no_overlap
improve-774edf99583f7385,0,0,0,,,0,0,0,no_overlap
improve-decd4a1427dbc25f,0,0,0,,,0,0,0,no_overlap
improve-9ed6345fc9918d2c,0,0,0,,,0,0,0,no_overlap
improve-83f3cc3c96130f54,0,0,0,,,0,0,0,no_overlap
improve-56a6a993cd3d7299,0,0,0,,,0,0,0,no_overlap
improve-6f935d2349f1ba24,0,0,0,,,0,0,0,no_overlap
improve-a84afd1ff003e567,0,0,0,,,0,0,0,no_overlap
improve-57163d7fd34a14c1,0,0,0,,,0,0,0,no_overlap
improve-eb18018b200b6b90,0,0,0,,,0,0,0,no_overlap
improve-4097619ed9552741,0,0,0,,,0,0,0,no_overlap
improve-9bb649e776a91670,0,0,0,,,0,0,0,no_overlap
improve-c3d3bd0d3de80f29,0,0,0,,,0,0,0,no_overlap
improve-39df73729065348d,0,0,0,,,0,0,0,no_overlap
improve-8dd12c5d621b2155,0,0,0,,,0,0,0,no_overlap
improve-4ab83ec596a6fdb1,0,0,0,,,0,0,0,no_overlap
improve-9c29ccf95c666243,0,0,0,,,0,0,0,no_overlap
improve-1f6ebadcff63e996,0,0,0,,,0,0,0,no_overlap
improve-436cd41a333f2ea3,0,0,0,,,0,0,0,no_overlap
improve-ff745f8e1611a7af,0,0,0,,,0,0,0,no_overlap
improve-52fa64c6d2a0d20a,0,0,0,,,0,0,0,no_overlap
improve-c8f8b060e229c43a,0,0,0,,,0,0,0,no_overlap
improve-5661bc176413e994,0,0,0,,,0,0,0,no_overlap
improve-6f6b423337d157eb,0,0,0,,,0,0,0,no_overlap
improve-0744d77a6afae393,0,0,0,,,0,0,0,no_overlap
improve-85f08dfed33134c5,0,0,0,,,0,0,0,no_overlap
improve-d56b5bfb075e6a01,0,0,0,,,0,0,0,no_overlap
improve-bc9078a6f652e2c9,0,0,0,,,0,0,0,no_overlap
improve-6e33017fd441d0e6,0,0,0,,,0,0,0,no_overlap
improve-1b3411f1e5340199,0,0,0,,,0,0,0,no_overlap
improve-1dad247db73202c2,0,0,0,,,0,0,0,no_overlap
improve-3f34d0f7546a47da,0,0,0,,,0,0,0,no_overlap
improve-1a073533723f1a33,0,0,0,,,0,0,0,no_overlap
improve-25f3431b96326861,0,0,0,,,0,0,0,no_overlap
improve-c6b8b64935d08031,0,0,0,,,0,0,0,no_overlap
improve-ff10372294b04b32,0,0,0,,,0,0,0,no_overlap
improve-05eea94f103c0a04,0,0,0,,,0,0,0,no_overlap
improve-91fa4f7c6cbccf8f,0,0,0,,,0,0,0,no_overlap
improve-7bfbedb1532e3141,0,0,0,,,0,0,0,no_overlap
improve-7ff3add1daaca27d,0,0,0,,,0,0,0,no_overlap
improve-81f6e3210f96b4ae,0,0,0,,,0,0,0,no_overlap
improve-cfd6712494d072b9,0,0,0,,,0,0,0,no_overlap
improve-b41639158f535b24,0,0,0,,,0,0,0,no_overlap
improve-aad9b81e7f52ecde,0,0,0,,,0,0,0,no_overlap
improve-ad8e498f0d36fad0,0,0,0,,,0,0,0,no_overlap
improve-55b55d1e0bca999e,0,0,0,,,0,0,0,no_overlap
improve-2c9dbd9a8eedb5b3,0,0,0,,,0,0,0,no_overlap
improve-b5cc000bd4e0f9af,0,0,0,,,0,0,0,no_overlap
improve-76e5b3b287a62043,0,0,0,,,0,0,0,no_overlap
improve-e53c89a69f660464,0,0,0,,,0,0,0,no_overlap
improve-b11bb000843deccb,0,0,0,,,0,0,0,no_overlap
improve-21629fab567dcbfe,1,0,0,,,0,0,0,no_overlap
improve-e6949d8187eb1639,1,0,0,,,0,0,0,no_overlap
improve-8237f0fb750df7eb,0,0,0,,,0,0,0,no_overlap
improve-0fb12136bb40e08e,0,0,0,,,0,0,0,no_overlap
improve-132de10bd60cca63,0,0,0,,,0,0,0,no_overlap
improve-eb55067d6cbe104f,0,0,0,,,0,0,0,no_overlap
improve-ade117bdd374ae77,0,0,0,,,0,0,0,no_overlap
improve-3c2308d9ed5678ff,0,0,0,,,0,0,0,no_overlap
improve-bfdbad40bf7ee1ba,0,0,0,,,0,0,0,no_overlap
improve-87e6de7880bf2dbf,0,0,0,,,0,0,0,no_overlap
improve-eb16e9d0f237c523,0,0,0,,,0,0,0,no_overlap
improve-5caeb22cdfde98cb,0,0,0,,,0,0,0,no_overlap
improve-504c76c8f63059cb,0,0,0,,,0,0,0,no_overlap
improve-1f08f194960f5f36,0,0,0,,,0,0,0,no_overlap
improve-335100ced361d3de,0,0,0,,,0,0,0,no_overlap
improve-e0dafdd8cff538d9,0,0,0,,,0,0,0,no_overlap
improve-4de5745ad5c3935b,0,0,0,,,0,0,0,no_overlap
improve-15bb2c0d00f26740,0,0,0,,,0,0,0,no_overlap
improve-8e3abe2403974f18,0,0,0,,,0,0,0,no_overlap
improve-75cd1ce985593882,0,0,0,,,0,0,0,no_overlap
improve-812140968d601af1,0,0,0,,,0,0,0,no_overlap
improve-9914b0e4f7074b20,0,0,0,,,0,0,0,no_overlap
improve-64e426340643a940,0,0,0,,,0,0,0,no_overlap
improve-35834fc8955f3b82,0,0,0,,,0,0,0,no_overlap
improve-5450643a6aee201f,0,0,0,,,0,0,0,no_overlap
improve-19b7b2824af8e8ea,0,0,0,,,0,0,0,no_overlap
improve-14cea8e16c0ae5bb,0,0,0,,,0,0,0,no_overlap
improve-f0f72ab7c61392be,0,0,0,,,0,0,0,no_overlap
improve-e5f5d363b5a181dd,0,0,0,,,0,0,0,no_overlap
improve-9d95ee5a9d67f494,0,0,0,,,0,0,0,no_overlap
improve-f33c658138953cd9,0,0,0,,,0,0,0,no_overlap
improve-ae781411f4205cbd,0,0,0,,,0,0,0,no_overlap
improve-8719e35c16800a4b,0,0,0,,,0,0,0,no_overlap
improve-a1d5988acf0c575e,0,0,0,,,0,0,0,no_overlap
improve-71dc27b767354ff8,0,0,0,,,0,0,0,no_overlap
improve-88a877fe38716bc4,0,0,0,,,0,0,0,no_overlap
improve-9559abe9f52135fd,0,0,0,,,0,0,0,no_overlap
improve-b35fbc673bfb351e,0,0,0,,,0,0,0,no_overlap
improve-a53bfac2705ef3c0,0,0,0,,,0,0,0,no_overlap
improve-93939d0639987b66,0,0,0,,,0,0,0,no_overlap
improve-dccba1d891b5ddd5,0,0,0,,,0,0,0,no_overlap
improve-ee98a1556c3827c7,0,0,0,,,0,0,0,no_overlap
improve-7ffb6264ba6d61aa,0,0,0,,,0,0,0,no_overlap
improve-32b6a793e8b7e901,0,0,0,,,0,0,0,no_overlap
improve-3904deea5b621dca,0,0,0,,,0,0,0,no_overlap
improve-098e2ca9906dfdd0,0,0,0,,,0,0,0,no_overlap
improve-76605845d7789717,0,0,0,,,0,0,0,no_overlap
improve-6545cabdf3ec6389,1,0,0,,,0,0,0,no_overlap
improve-b09b289cd92ed4f9,0,0,0,,,0,0,0,no_overlap
improve-1e70ef9885ad7ce3,0,0,0,,,0,0,0,no_overlap
improve-e4b88b35fdf49166,0,0,0,,,0,0,0,no_overlap
improve-826775dbd81b56ba,0,0,0,,,0,0,0,no_overlap
improve-943ffad9ef8bde57,0,0,0,,,0,0,0,no_overlap
improve-6219f2371d1f820c,0,0,0,,,0,0,0,no_overlap
improve-8a14a3b14a4f0049,0,0,0,,,0,0,0,no_overlap
improve-79b9e1af7a5ed9e6,0,0,0,,,0,0,0,no_overlap
improve-0098b050630bdfb8,0,0,0,,,0,0,0,no_overlap
improve-df1996a3fd1c557a,0,0,0,,,0,0,0,no_overlap
improve-d190266c59abd8f3,0,0,0,,,0,0,0,no_overlap
improve-1d2e00eaa4ecba67,0,0,0,,,0,0,0,no_overlap
improve-afc2a8a01c1f9148,0,0,0,,,0,0,0,no_overlap
improve-aa12cb6490c76242,1,0,0,,,0,0,0,no_overlap
improve-f3700f6cd086fc38,0,0,0,,,0,0,0,no_overlap
improve-8864ccb84a9ae466,0,0,0,,,0,0,0,no_overlap
improve-50f9337971ed9a28,0,0,0,,,0,0,0,no_overlap
improve-e171ec376941a92a,0,0,0,,,0,0,0,no_overlap
improve-1d3255ff6d077ec3,0,0,0,,,0,0,0,no_overlap
improve-28f3788cb835c03f,0,0,0,,,0,0,0,no_overlap
improve-7507d0c86061d4b6,0,0,0,,,0,0,0,no_overlap
improve-3d85c0add5a41e54,0,0,0,,,0,0,0,no_overlap
improve-1089951e09352034,0,0,0,,,0,0,0,no_overlap
improve-60432f7b5a51db63,0,0,0,,,0,0,0,no_overlap
improve-2fb68331eb3e7c3a,0,0,0,,,0,0,0,no_overlap
improve-4efc15735ec12736,0,0,0,,,0,0,0,no_overlap
improve-d92ef6299f9a69cf,0,0,0,,,0,0,0,no_overlap
improve-184f9b3ebc6b55fe,0,0,0,,,0,0,0,no_overlap
improve-f42618b110a59a18,0,0,0,,,0,0,0,no_overlap
improve-4b69346baed1bfef,0,0,0,,,0,0,0,no_overlap
improve-789d10a48fd3cff6,0,0,0,,,0,0,0,no_overlap
improve-dcd3d3ec9cafe86a,0,1,1,1,0,1,0,0,exact_label_conflict
improve-470fb5326392743f,0,0,0,,,0,0,0,no_overlap
improve-8e73ea3e8d496e10,0,0,0,,,0,0,0,no_overlap
improve-13e1bd3b256ccc97,0,0,0,,,0,0,0,no_overlap
improve-86f67462db8430e9,0,0,0,,,0,0,0,no_overlap
improve-48576d56b8880d0d,0,0,0,,,0,0,0,no_overlap
improve-6e83523eeb0bca94,0,0,0,,,0,0,0,no_overlap
improve-13dd168eac75ef8c,0,0,0,,,0,0,0,no_overlap
improve-77f3f4b8751650bd,0,0,0,,,0,0,0,no_overlap
improve-fef35b83e476db31,0,0,0,,,0,0,0,no_overlap
improve-6c78173618dad74e,0,0,0,,,0,0,0,no_overlap
improve-b696c44c5652db93,0,0,0,,,0,0,0,no_overlap
improve-d3f7ca5ef1c8f882,0,0,0,,,0,0,0,no_overlap
improve-7fe1702363fb1564,0,0,0,,,0,0,0,no_overlap
improve-e023582534b7c837,0,0,0,,,0,0,0,no_overlap
improve-76df0cc899809b55,0,0,0,,,0,0,0,no_overlap
improve-f1048d78a767f0aa,0,0,0,,,0,0,0,no_overlap
improve-ce207366920aa085,0,0,0,,,0,0,0,no_overlap
improve-38c94706fc615798,0,0,0,,,0,0,0,no_overlap
improve-4f6badebb81c8cab,0,0,0,,,0,0,0,no_overlap
improve-da72f47bfd928826,0,0,0,,,0,0,0,no_overlap
improve-48a0957dbda7a921,0,0,0,,,0,0,0,no_overlap
improve-92a5920ace27a2e4,0,0,0,,,0,0,0,no_overlap
improve-37c3e16415dcb4f4,0,0,0,,,0,0,0,no_overlap
improve-6d6ca2d0ac69225e,0,0,0,,,0,0,0,no_overlap
improve-3ee94f5c147c5314,0,0,0,,,0,0,0,no_overlap
improve-b12e1fa6360b0d45,0,0,0,,,0,0,0,no_overlap
improve-6be9f5590c459ff4,0,0,0,,,0,0,0,no_overlap
improve-5422503145966cef,0,0,0,,,0,0,0,no_overlap
improve-97be7953f417347c,0,0,0,,,0,0,0,no_overlap
improve-08c3e8ea439744b3,0,0,0,,,0,0,0,no_overlap
improve-b2227eddebd3954d,0,0,0,,,0,0,0,no_overlap
improve-67080c5096c2f28c,1,0,0,,,0,0,0,no_overlap
improve-e51bb69a2d7ebfdc,0,0,0,,,0,0,0,no_overlap
improve-97fbf5d901d91c9b,0,0,0,,,0,0,0,no_overlap
improve-760461c6c117cd4f,1,0,0,,,0,0,0,no_overlap
improve-8ad7e56eb7522087,0,0,0,,,0,0,0,no_overlap
improve-6e745fa4573dbc99,0,0,0,,,0,0,0,no_overlap
improve-b23f1e0cf6088878,0,0,0,,,0,0,0,no_overlap
improve-3a053adebddd51c6,0,0,0,,,0,0,0,no_overlap
improve-8efa40e26ea6bae1,0,0,0,,,0,0,0,no_overlap
improve-4451e11093254e8f,0,0,0,,,0,0,0,no_overlap
improve-5c53d4e504fb33d2,0,0,0,,,0,0,0,no_overlap
improve-2d41e9650a60683f,0,0,0,,,0,0,0,no_overlap
improve-fd4a1d36c271454a,0,0,0,,,0,0,0,no_overlap
improve-5a2d6378ec46c1bc,0,0,0,,,0,0,0,no_overlap
improve-1b68dbc6100ca2b6,0,0,0,,,0,0,0,no_overlap
improve-22ec8f05a6001956,0,0,0,,,0,0,0,no_overlap
improve-71182ad9a3bc7935,0,0,0,,,0,0,0,no_overlap
improve-7f4c6a563635b552,0,0,0,,,0,0,0,no_overlap
improve-c25548385ccb8357,0,0,0,,,0,0,0,no_overlap
improve-a261818b9ec8bcf0,0,0,0,,,0,0,0,no_overlap
improve-1d5c73a255717b5e,0,0,0,,,0,0,0,no_overlap
improve-320cd385d96a964f,1,0,0,,,0,0,0,no_overlap
improve-4bb87757e806493d,0,0,0,,,0,0,0,no_overlap
improve-941db55d8cb107a8,0,0,0,,,0,0,0,no_overlap
improve-082f995abb678d8e,0,0,0,,,0,0,0,no_overlap
improve-de83eb8c76039397,0,0,0,,,0,0,0,no_overlap
improve-495805603e20256c,0,0,0,,,0,0,0,no_overlap
improve-ff28889620973c99,0,0,0,,,0,0,0,no_overlap
improve-eaba8174e94deba1,0,0,0,,,0,0,0,no_overlap
improve-368f0c336635ecaf,0,0,0,,,0,0,0,no_overlap
improve-6c7b9f71ebcdcb12,0,0,0,,,0,0,0,no_overlap
improve-60723588d5dfa3c0,0,0,0,,,0,0,0,no_overlap
improve-1c031996ffacc002,0,0,0,,,0,0,0,no_overlap
improve-10b7765478531cf8,0,0,0,,,0,0,0,no_overlap
improve-08963581e100b9fe,0,0,0,,,0,0,0,no_overlap
improve-e403a64fa0be8f9a,0,0,0,,,0,0,0,no_overlap
improve-db92b0f52bf17c21,0,0,0,,,0,0,0,no_overlap
improve-3901b719bb072885,0,0,0,,,0,0,0,no_overlap
improve-03738a9a235ec905,0,0,0,,,0,0,0,no_overlap
improve-ad5d17ad8bd78a25,0,0,0,,,0,0,0,no_overlap
improve-812df664b3c213b1,0,0,0,,,0,0,0,no_overlap
improve-52dc5f0136aaf8eb,0,0,0,,,0,0,0,no_overlap
improve-733ea611dc96254f,0,0,0,,,0,0,0,no_overlap
improve-4788c0fc1b67b84d,0,0,0,,,0,0,0,no_overlap
improve-ebb5aafa99dd385c,0,0,0,,,0,0,0,no_overlap
improve-baa6a2e60b6159ee,0,0,0,,,0,0,0,no_overlap
improve-06028e502fde6680,0,0,0,,,0,0,0,no_overlap
improve-8f9749a6ca9a902e,0,0,0,,,0,0,0,no_overlap
improve-5206f75bb6c6c952,0,0,0,,,0,0,0,no_overlap
improve-ce05a62792f0a162,0,0,0,,,0,0,0,no_overlap
improve-a10e33c58718e38c,0,0,0,,,0,0,0,no_overlap
improve-f1ab132049792169,0,0,0,,,0,0,0,no_overlap
improve-924454b07733ebdc,0,0,0,,,0,0,0,no_overlap
improve-1faa486133c304e5,0,0,0,,,0,0,0,no_overlap
improve-95ee9f8a650ae30b,0,0,0,,,0,0,0,no_overlap
improve-9c4ca8e8fee80088,0,0,0,,,0,0,0,no_overlap
improve-2d5adf0af5a459ca,0,0,0,,,0,0,0,no_overlap
improve-777dc821806940aa,0,0,0,,,0,0,0,no_overlap
improve-0474a4a431d34e97,0,0,0,,,0,0,0,no_overlap
improve-82a65ac82e7a8cc5,0,0,0,,,0,0,0,no_overlap
improve-1d439a066a369f0d,1,0,0,,,0,0,0,no_overlap
improve-a9f87e01fe581f20,0,0,0,,,0,0,0,no_overlap
improve-300b24b1bb4f3417,0,0,0,,,0,0,0,no_overlap
improve-81f91069c5fae6db,0,0,0,,,0,0,0,no_overlap
improve-a6b7e57761c354f3,0,0,0,,,0,0,0,no_overlap
improve-93b629536a2aaea7,0,0,0,,,0,0,0,no_overlap
improve-3aabea7795ead092,0,0,0,,,0,0,0,no_overlap
improve-f973daff6c8cc0d0,0,0,0,,,0,0,0,no_overlap
improve-5d0e84a5f3c6574a,0,0,0,,,0,0,0,no_overlap
improve-1bd931875a267b7f,0,0,0,,,0,0,0,no_overlap
improve-a43dd80d835e4da5,0,0,0,,,0,0,0,no_overlap
improve-f97e9c0086c8c582,0,0,0,,,0,0,0,no_overlap
improve-c1c656b7a67abf9f,0,0,0,,,0,0,0,no_overlap
improve-da0177c5495dcb60,0,0,0,,,0,0,0,no_overlap
improve-fb71a1c0fcb7a30f,0,0,0,,,0,0,0,no_overlap
improve-2aa8976e8e159507,0,0,0,,,0,0,0,no_overlap
improve-48eb6a8ca7738f8f,0,0,0,,,0,0,0,no_overlap
improve-86bfd5977aae51c7,0,0,0,,,0,0,0,no_overlap
improve-7dc504ddcb11b69c,0,0,0,,,0,0,0,no_overlap
improve-be855f0a0a256816,0,0,0,,,0,0,0,no_overlap
improve-2b9ea9f15dd2ec1e,0,0,0,,,0,0,0,no_overlap
improve-41e6a569a7924be7,0,0,0,,,0,0,0,no_overlap
improve-a18de33ec7ab0808,0,0,0,,,0,0,0,no_overlap
improve-b5f485619b3034c9,0,0,0,,,0,0,0,no_overlap
improve-cd2ed132af9ea6ff,0,0,0,,,0,0,0,no_overlap
improve-3e9de3f476a5f026,0,0,0,,,0,0,0,no_overlap
improve-3b30979fce57366e,0,0,0,,,0,0,0,no_overlap
improve-cb2cadf2d9758019,0,0,0,,,0,0,0,no_overlap
improve-2f21519a82f35225,0,0,0,,,0,0,0,no_overlap
improve-2ad8513cec150b4c,0,0,0,,,0,0,0,no_overlap
improve-0529fb01af5bd9ad,0,0,0,,,0,0,0,no_overlap
improve-6560096e65392500,0,0,0,,,0,0,0,no_overlap
improve-f3f7211a47a4169f,0,0,0,,,0,0,0,no_overlap
improve-415055790b4fb871,0,0,0,,,0,0,0,no_overlap
improve-a0afc7a8b3acd518,0,0,0,,,0,0,0,no_overlap
improve-17ae7d2cc6bd4fd2,0,0,0,,,0,0,0,no_overlap
improve-1c50d491456128f0,0,0,0,,,0,0,0,no_overlap
improve-3706a7d81cf196d9,0,0,0,,,0,0,0,no_overlap
improve-971c1196e018d566,0,0,0,,,0,0,0,no_overlap
improve-17d1fc8ab74ec40a,0,0,0,,,0,0,0,no_overlap
improve-fc106f6b04f24c91,0,0,0,,,0,0,0,no_overlap
improve-159b689439a51a65,0,0,0,,,0,0,0,no_overlap
improve-c75f9a8e8b7a00d7,0,0,0,,,0,0,0,no_overlap
improve-a5234b5a13ab017c,0,0,0,,,0,0,0,no_overlap
improve-bbad272a8957e597,0,0,0,,,0,0,0,no_overlap
improve-06a3bdd820f3c2f2,0,0,0,,,0,0,0,no_overlap
improve-320fe5705375074d,0,0,0,,,0,0,0,no_overlap
improve-d6c606936b30c6be,0,0,0,,,0,0,0,no_overlap
improve-95b069956c6425f1,0,0,0,,,0,0,0,no_overlap
improve-9513bcb846c11447,0,0,0,,,0,0,0,no_overlap
improve-0fc0e74576c59af4,0,0,0,,,0,0,0,no_overlap
improve-3fb57bbadb55b06e,0,0,0,,,0,0,0,no_overlap
improve-b48611def410899e,0,0,0,,,0,0,0,no_overlap
improve-ccf5e650b8abee9c,0,0,0,,,0,0,0,no_overlap
improve-7103871baa34d648,0,0,0,,,0,0,0,no_overlap
improve-c914583a54f1d61c,0,0,0,,,0,0,0,no_overlap
improve-efce12cca20685a5,0,0,0,,,0,0,0,no_overlap
improve-c37055eb0e4704a5,0,0,0,,,0,0,0,no_overlap
improve-4539476fee315520,0,0,0,,,0,0,0,no_overlap
improve-5b465c54268eb73f,0,0,0,,,0,0,0,no_overlap
improve-3bf9ed0024b91412,0,0,0,,,0,0,0,no_overlap
improve-07ed9ce73766347b,0,0,0,,,0,0,0,no_overlap
improve-01c8a4d2bf17628d,0,0,0,,,0,0,0,no_overlap
improve-308530d557500aab,0,0,0,,,0,0,0,no_overlap
improve-9da911668e9b607e,0,0,0,,,0,0,0,no_overlap
improve-f9c2710676c12490,0,0,0,,,0,0,0,no_overlap
improve-1373f3769e69bdf5,0,0,0,,,0,0,0,no_overlap
improve-b720eda065416856,0,0,0,,,0,0,0,no_overlap
improve-fb75df47b9eac6ce,0,0,0,,,0,0,0,no_overlap
improve-aaf482af1b5bc367,0,0,0,,,0,0,0,no_overlap
improve-70137f992ce1c6c9,0,0,0,,,0,0,0,no_overlap
improve-20026ebc99d91db2,0,0,0,,,0,0,0,no_overlap
improve-d932e195680c0c0d,0,0,0,,,0,0,0,no_overlap
improve-1b4db6e8612da857,0,0,0,,,0,0,0,no_overlap
improve-ad0b02b58490bb66,0,0,0,,,0,0,0,no_overlap
improve-673d158ec547a2a9,0,0,0,,,0,0,0,no_overlap
improve-8bd9ef86a243fc42,0,0,0,,,0,0,0,no_overlap
improve-d536d904d8dc24a5,0,0,0,,,0,0,0,no_overlap
improve-07146775518c54bc,0,0,0,,,0,0,0,no_overlap
improve-ca2ba131f23a5075,0,0,0,,,0,0,0,no_overlap
improve-bcd336323afd95a9,0,0,0,,,0,0,0,no_overlap
improve-bf5d94a5c977a87e,0,0,0,,,0,0,0,no_overlap
improve-41dc937d7a11a22e,0,0,0,,,0,0,0,no_overlap
improve-dd60f7ba98985733,0,0,0,,,0,0,0,no_overlap
improve-153885391bd0b834,0,0,0,,,0,0,0,no_overlap
improve-07d5c7ebf63c4c3a,0,0,0,,,0,0,0,no_overlap
improve-0de1cddf766716bc,0,0,0,,,0,0,0,no_overlap
improve-6519bb165e256e56,0,0,0,,,0,0,0,no_overlap
improve-c0e102d2325b6e93,0,0,0,,,0,0,0,no_overlap
improve-091b7d9a3b42c618,0,0,0,,,0,0,0,no_overlap
improve-ad3251860a72867d,0,0,0,,,0,0,0,no_overlap
improve-14c9258ec0fb665d,0,0,0,,,0,0,0,no_overlap
improve-b26a3ca6abe5d823,0,0,0,,,0,0,0,no_overlap
improve-83a3653e8112ba65,0,0,0,,,0,0,0,no_overlap
improve-c4c69a09c2115a72,0,0,0,,,0,0,0,no_overlap
improve-ed24c60feabff336,0,0,0,,,0,0,0,no_overlap
improve-c9a3a31183f9629d,0,0,0,,,0,0,0,no_overlap
improve-b1a27ddf5445c757,0,0,0,,,0,0,0,no_overlap
improve-e0922af126d21f8d,0,0,0,,,0,0,0,no_overlap
improve-87963d08ae2c780c,0,0,0,,,0,0,0,no_overlap
improve-15473bf5e42ca521,0,0,0,,,0,0,0,no_overlap
improve-1d9084d811450535,0,0,0,,,0,0,0,no_overlap
improve-5dd1f5589e73e4ff,0,0,0,,,0,0,0,no_overlap
improve-c526a37f0b1c927b,0,0,0,,,0,0,0,no_overlap
improve-ce706927ba22395c,0,0,0,,,0,0,0,no_overlap
improve-5ac23ac7e9bdf362,0,0,0,,,0,0,0,no_overlap
improve-31a1d1aabf5d431a,0,0,0,,,0,0,0,no_overlap
improve-ec4b7b1b96c6cc4b,0,0,0,,,0,0,0,no_overlap
improve-94b6a3391f77aacf,0,0,0,,,0,0,0,no_overlap
improve-83afe742405c5251,0,0,0,,,0,0,0,no_overlap
improve-eecea8d1b9b54bde,0,0,0,,,0,0,0,no_overlap
improve-e705315ecd9cecff,0,0,0,,,0,0,0,no_overlap
improve-1ef0234258a1dcd4,0,0,0,,,0,0,0,no_overlap
improve-a2fc235b67d5c562,0,0,0,,,0,0,0,no_overlap
improve-59b4ad16e2bb3cec,0,0,0,,,0,0,0,no_overlap
improve-c01964459a589284,0,0,0,,,0,0,0,no_overlap
improve-f5d0871807814d41,0,0,0,,,0,0,0,no_overlap
improve-a936499ba835d166,0,0,0,,,0,0,0,no_overlap
improve-5453414bbae1d834,0,0,0,,,0,0,0,no_overlap
improve-e246a397764378f2,0,0,0,,,0,0,0,no_overlap
improve-32eabad9285343fe,0,0,0,,,0,0,0,no_overlap
improve-b7ab68a426aa0be5,0,0,0,,,0,0,0,no_overlap
improve-fcd96d2f6c46ae5d,0,0,0,,,0,0,0,no_overlap
improve-45832c3a6e14ef2f,0,0,0,,,0,0,0,no_overlap
improve-828fb8b6f89e668f,0,0,0,,,0,0,0,no_overlap
improve-9f5c53165581470c,0,0,0,,,0,0,0,no_overlap
improve-76d9d746b57ae01c,0,0,0,,,0,0,0,no_overlap
improve-3e239539adf7e3c8,0,0,0,,,0,0,0,no_overlap
improve-779cb20b25d2f9e7,0,0,0,,,0,0,0,no_overlap
improve-f23dff2936412393,0,0,0,,,0,0,0,no_overlap
improve-87d13dd78bf21993,0,0,0,,,0,0,0,no_overlap
improve-81dbca58c1d66b68,0,0,0,,,0,0,0,no_overlap
improve-22d1c8d8f613767b,0,0,0,,,0,0,0,no_overlap
improve-ca85441756b1a5fc,0,0,0,,,0,0,0,no_overlap
improve-0ca412d35baab05b,0,0,0,,,0,0,0,no_overlap
improve-e98503f149501844,0,0,0,,,0,0,0,no_overlap
improve-2106053a0ce44e00,0,0,0,,,0,0,0,no_overlap
improve-cfd0d6d12ba5421c,0,0,0,,,0,0,0,no_overlap
improve-357acacf7ffae75d,0,0,0,,,0,0,0,no_overlap
improve-47625b60d8947a1b,0,0,0,,,0,0,0,no_overlap
improve-1260c93ff2bee289,0,0,0,,,0,0,0,no_overlap
improve-aa1710731635245d,0,0,0,,,0,0,0,no_overlap
improve-d80e266d6b22eaf6,0,0,0,,,0,0,0,no_overlap
improve-c9ae382444a35a5d,0,0,0,,,0,0,0,no_overlap
improve-81557d732ab2c313,0,0,0,,,0,0,0,no_overlap
improve-09e69409d91c107f,0,0,0,,,0,0,0,no_overlap
improve-cca107b6461f54a1,0,0,0,,,0,0,0,no_overlap
improve-aae188a84e82e07b,0,0,0,,,0,0,0,no_overlap
improve-c3d24b8cdccdde81,0,0,0,,,0,0,0,no_overlap
improve-b511b43fdfca6848,0,0,0,,,0,0,0,no_overlap
improve-44c2591afce98bfc,0,0,0,,,0,0,0,no_overlap
improve-391ac5fccd93b54c,0,0,0,,,0,0,0,no_overlap
improve-874775d07c96fd1a,0,0,0,,,0,0,0,no_overlap
improve-24eb27ebf29521c5,0,0,0,,,0,0,0,no_overlap
improve-42a099dd37d363c0,0,0,0,,,0,0,0,no_overlap
improve-eb312b4486e24578,0,0,0,,,0,0,0,no_overlap
improve-63c08cc3d0f77440,0,0,0,,,0,1,1,no_overlap
improve-3e507cc6e8ed67af,0,0,0,,,0,0,0,no_overlap
improve-0e50bac60734fbaf,0,0,0,,,0,0,0,no_overlap
improve-43ec4bbaf56b49fc,0,0,0,,,0,0,0,no_overlap
improve-9941b6699d94b029,0,0,0,,,0,0,0,no_overlap
improve-a8324edb7fc43fff,0,0,0,,,0,0,0,no_overlap
improve-b5867872e02d1f52,0,0,0,,,0,0,0,no_overlap
improve-223813ac1b2782e1,0,0,0,,,0,0,0,no_overlap
improve-1a77d5cf912fd58b,0,0,0,,,0,0,0,no_overlap
improve-38bdb8d64f3a6f98,0,0,0,,,0,0,0,no_overlap
improve-3d15529598fcf47a,0,0,0,,,0,0,0,no_overlap
improve-9ba371c729838946,0,0,0,,,0,0,0,no_overlap
improve-5e1e0a27d778e844,0,0,0,,,0,0,0,no_overlap
improve-a5cb9e8647f5324e,0,0,0,,,0,0,0,no_overlap
improve-de3f30bc59a26b12,0,0,0,,,0,0,0,no_overlap
improve-b80ea77f3d9c3080,0,0,0,,,0,0,0,no_overlap
improve-d5d90298e528309c,0,0,0,,,0,0,0,no_overlap
improve-5bd7991cefb91e8e,0,0,0,,,0,0,0,no_overlap
improve-0141f9c4331de357,0,0,0,,,0,0,0,no_overlap
improve-b12acbe1364ca66b,0,0,0,,,0,0,0,no_overlap
improve-51aedc2d113efbee,0,0,0,,,0,0,0,no_overlap
improve-3b92a913b023fd4f,0,0,0,,,0,0,0,no_overlap
improve-1ba20efd660ccae7,0,0,0,,,0,0,0,no_overlap
improve-51748efb3358ff74,0,0,0,,,0,0,0,no_overlap
improve-8100237a79db5f0c,0,0,0,,,0,0,0,no_overlap
improve-1b239126641fc123,0,0,0,,,0,0,0,no_overlap
improve-5ad8b1ffd7de2c28,0,0,0,,,0,0,0,no_overlap
improve-c74c7d2f501c7b7e,0,0,0,,,0,0,0,no_overlap
improve-8accc941c55ffc8e,0,0,0,,,0,0,0,no_overlap
improve-c9f1e43bdd9e9b3e,0,0,0,,,0,0,0,no_overlap
improve-deae9a2ae8add8f2,0,0,0,,,0,0,0,no_overlap
improve-2a6865a79d6fa31c,0,0,0,,,0,0,0,no_overlap
improve-ddaeee4fa0eaad4a,0,0,0,,,0,0,0,no_overlap
improve-802dff915556261b,0,0,0,,,0,0,0,no_overlap
improve-2d04c8a529f1c499,0,0,0,,,0,0,0,no_overlap
improve-e0d5a88dc50b3e23,0,0,0,,,0,0,0,no_overlap
improve-bca2ab8337f639f9,1,0,0,,,0,0,0,no_overlap
improve-f84fe2b58c6b705c,0,0,0,,,0,0,0,no_overlap
improve-9b5578cc1300dc63,0,0,0,,,0,0,0,no_overlap
improve-efc8850dbfa6cad1,0,0,0,,,0,0,0,no_overlap
improve-eedc20cc5c73b6e1,0,0,0,,,0,0,0,no_overlap
improve-938e5c288dc82933,0,0,0,,,0,0,0,no_overlap
improve-b636ab7362e3b4bd,0,0,0,,,0,0,0,no_overlap
improve-2e9b9a830aba5eb7,1,0,0,,,0,0,0,no_overlap
improve-fbd5346da9323c63,0,0,0,,,0,0,0,no_overlap
improve-317b9ceee7927d74,0,0,0,,,0,0,0,no_overlap
improve-495a75b7d20aecd2,0,0,0,,,0,0,0,no_overlap
improve-3886b93f101d7b69,0,0,0,,,0,0,0,no_overlap
improve-2c16b26ff98b5a62,0,0,0,,,0,0,0,no_overlap
improve-5018569e3495e5cb,0,0,0,,,0,0,0,no_overlap
improve-400a6ace9b2a62e9,0,0,0,,,0,0,0,no_overlap
improve-08160120be14d952,0,0,0,,,0,0,0,no_overlap
improve-a7abb68ad0921fad,0,0,0,,,0,0,0,no_overlap
improve-6eecb45aca9185be,0,0,0,,,0,0,0,no_overlap
improve-487b713d1c260703,0,0,0,,,0,0,0,no_overlap
improve-55dc1a1546df920a,0,0,0,,,0,0,0,no_overlap
improve-c6a50b61c4e48d24,0,0,0,,,0,0,0,no_overlap
improve-71794c85049e6927,0,0,0,,,0,0,0,no_overlap
improve-82a3771eec5c1a2e,0,0,0,,,0,0,0,no_overlap
improve-e56b72ef67877c76,0,0,0,,,0,0,0,no_overlap
improve-b3270e8e7563a1b7,1,0,0,,,0,0,0,no_overlap
improve-4cdc095d60817202,0,0,0,,,0,0,0,no_overlap
improve-b5608f07535bf5ee,0,0,0,,,0,0,0,no_overlap
improve-30d65a28f0c30b9c,0,0,0,,,0,0,0,no_overlap
improve-c6523d4f7f7540cf,0,0,0,,,0,0,0,no_overlap
improve-e4ca80310fb8a109,0,0,0,,,0,0,0,no_overlap
improve-b030d84492964bf0,0,0,0,,,0,0,0,no_overlap
improve-8a79d248904989b6,0,0,0,,,0,0,0,no_overlap
improve-3a081baf468ec44f,0,0,0,,,0,0,0,no_overlap
improve-95cdb0e60f54db66,0,0,0,,,0,0,0,no_overlap
improve-724d2e59ccbfbc59,0,0,0,,,0,0,0,no_overlap
improve-e40252be00887f7c,0,0,0,,,0,0,0,no_overlap
improve-4ff2df928c28391d,0,0,0,,,0,0,0,no_overlap
improve-6168521e98277959,0,0,0,,,0,0,0,no_overlap
improve-addddb83171749d4,0,0,0,,,0,0,0,no_overlap
improve-b317caa5e15692f7,0,0,0,,,0,0,0,no_overlap
improve-f04a4c8b7d30f855,0,0,0,,,0,0,0,no_overlap
improve-4ad57bf8949e7fbd,0,0,0,,,0,0,0,no_overlap
improve-3e8c154130a1f1e3,0,0,0,,,0,0,0,no_overlap
improve-1330292c96074a05,0,0,0,,,0,0,0,no_overlap
improve-14afecdcf6f63bad,0,0,0,,,0,0,0,no_overlap
improve-d8a3ded53362389f,0,0,0,,,0,0,0,no_overlap
improve-f89715309a1dcb8e,0,0,0,,,0,0,0,no_overlap
improve-dd6413a97f744187,0,0,0,,,0,0,0,no_overlap
improve-359f582c54cc0e13,0,0,0,,,0,0,0,no_overlap
improve-1f5f8d06d8759dc9,0,0,0,,,0,0,0,no_overlap
improve-a7de4700641ed89a,0,0,0,,,0,0,0,no_overlap
improve-df5228dce7821242,0,0,0,,,0,0,0,no_overlap
improve-5437fa72c6bad53e,0,0,0,,,0,0,0,no_overlap
improve-f9790578cc6c222a,0,0,0,,,0,0,0,no_overlap
improve-b6cb4982abad9a53,0,0,0,,,0,0,0,no_overlap
improve-d4e81d239ea555a2,0,0,0,,,0,0,0,no_overlap
improve-b3bec38ca855706f,0,0,0,,,0,0,0,no_overlap
improve-2f9c95d7c76047b0,0,0,0,,,0,0,0,no_overlap
improve-35b0836859b2c6b1,0,0,0,,,0,0,0,no_overlap
improve-bd9f2e3cb0ab1076,0,0,0,,,0,0,0,no_overlap
improve-faa3237355531102,0,0,0,,,0,0,0,no_overlap
improve-b0c2190ae26760a4,0,0,0,,,0,0,0,no_overlap
improve-0136faee29c4f110,0,0,0,,,0,0,0,no_overlap
improve-3b89a2bde23d530f,0,0,0,,,0,0,0,no_overlap
improve-4511b9ebbfe5de92,0,0,0,,,0,0,0,no_overlap
improve-9e2a1fa62f4904e4,0,0,0,,,0,0,0,no_overlap
improve-dec774b394902ebe,0,0,0,,,0,0,0,no_overlap
improve-4a646b8e4039c026,0,0,0,,,0,0,0,no_overlap
improve-00acbc6f50a6dd11,0,0,0,,,0,0,0,no_overlap
improve-f6b0ae7b05298ce5,0,0,0,,,0,0,0,no_overlap
improve-b856d1170bf3c10b,0,0,0,,,0,0,0,no_overlap
improve-1f61a6b7018ee926,0,0,0,,,0,0,0,no_overlap
improve-2091efc5785be2c2,0,0,0,,,0,0,0,no_overlap
improve-b99b9eb87ee53234,0,0,0,,,0,0,0,no_overlap
improve-2f234c47aad013cc,0,0,0,,,0,0,0,no_overlap
improve-68c99454da893675,0,0,0,,,0,0,0,no_overlap
improve-eb41dc20945529a8,0,0,0,,,0,0,0,no_overlap
improve-0994964e06d78a41,0,0,0,,,0,0,0,no_overlap
improve-d4bd7c2eaeac0293,0,0,0,,,0,0,0,no_overlap
improve-d50fc697dd05f5fd,0,0,0,,,0,0,0,no_overlap
improve-46329e747edcc59d,0,0,0,,,0,0,0,no_overlap
improve-59f37aa0f0881f5b,0,0,0,,,0,0,0,no_overlap
improve-ce0153577d1af47a,0,0,0,,,0,0,0,no_overlap
improve-3542dc5909ebad7c,0,0,0,,,0,0,0,no_overlap
improve-a7eff013d236c86b,0,0,0,,,0,0,0,no_overlap
improve-9b93435c2d9bf057,0,0,0,,,0,0,0,no_overlap
improve-4a247e4a46e61c8b,0,0,0,,,0,0,0,no_overlap
improve-77dba05c6d23b520,0,0,0,,,0,0,0,no_overlap
improve-b08e34607093307f,0,0,0,,,0,0,0,no_overlap
improve-a2a6591bd27135a0,0,0,0,,,0,0,0,no_overlap
improve-58f6ea9b4f906b63,0,0,0,,,0,0,0,no_overlap
improve-e938ea1340f5d53d,0,0,0,,,0,0,0,no_overlap
improve-94bfd31c2ee71ce4,0,0,0,,,0,0,0,no_overlap
improve-d9d9d6bb29b416e5,0,0,0,,,0,0,0,no_overlap
improve-d337cf8fb8e6e4b4,0,0,0,,,0,0,0,no_overlap
improve-71c32afdb57e673a,0,0,0,,,0,0,0,no_overlap
improve-d9bb99462c5d5ac5,0,0,0,,,0,0,0,no_overlap
improve-a201f96867b0bb58,0,0,0,,,0,0,0,no_overlap
improve-de69a78badb1e3d4,0,0,0,,,0,0,0,no_overlap
improve-175af63415989fc7,0,0,0,,,0,0,0,no_overlap
improve-a85629d2858a5e21,0,0,0,,,0,0,0,no_overlap
improve-b4c2955b9022a96c,0,0,0,,,0,0,0,no_overlap
improve-73b64797742e91c1,0,0,0,,,0,0,0,no_overlap
improve-125500780d6be2d6,0,0,0,,,0,0,0,no_overlap
improve-0b7444552f2792a0,0,0,0,,,0,0,0,no_overlap
improve-fd816c9c82c2edd5,0,0,0,,,0,0,0,no_overlap
improve-43dee5e00a9c7f1e,0,0,0,,,0,0,0,no_overlap
improve-65e8fe1a6f8c8a9e,0,0,0,,,0,0,0,no_overlap
improve-c4bb37023105bbe4,0,0,0,,,0,0,0,no_overlap
improve-93ed1dbdb5f3139f,0,0,0,,,0,0,0,no_overlap
improve-e136f2b941c8daf1,0,0,0,,,0,0,0,no_overlap
improve-edc03cd58e52994e,0,0,0,,,0,0,0,no_overlap
improve-97e4df2734bea994,0,0,0,,,0,0,0,no_overlap
improve-4f40a4caf4734677,0,0,0,,,0,0,0,no_overlap
improve-bfc401242a80ba2c,0,0,0,,,0,0,0,no_overlap
improve-914a0ddaab789993,0,0,0,,,0,0,0,no_overlap
improve-70730437048af01a,0,0,0,,,0,0,0,no_overlap
improve-7fef99243ccb851e,0,0,0,,,0,0,0,no_overlap
improve-51c654ae9c745180,0,0,0,,,0,0,0,no_overlap
improve-be5a277be6a75d6a,0,0,0,,,0,0,0,no_overlap
improve-e6cce3ce59cec9be,0,0,0,,,0,0,0,no_overlap
improve-bfa58090d41c51ef,0,0,0,,,0,0,0,no_overlap
improve-1efb709e5e0ea770,0,0,0,,,0,0,0,no_overlap
improve-b23af34e1734e7d7,0,0,0,,,0,0,0,no_overlap
improve-bd1fb07aa204ecee,0,0,0,,,0,0,0,no_overlap
improve-31c2568007fc9f55,0,0,0,,,0,0,0,no_overlap
improve-259a5ab3aaf1d66e,0,0,0,,,0,0,0,no_overlap
improve-a500caf34be66dec,0,0,0,,,0,0,0,no_overlap
improve-bca0b6b54e98945c,0,0,0,,,0,0,0,no_overlap
improve-2799a212fb11482a,0,0,0,,,0,0,0,no_overlap
improve-4708a6d301d2bd8a,0,0,0,,,0,0,0,no_overlap
improve-822d98f89107a595,0,0,0,,,0,0,0,no_overlap
improve-2e99eb97d4fa9db4,0,0,0,,,0,0,0,no_overlap
improve-90c31d962eca3840,0,0,0,,,0,0,0,no_overlap
improve-2d5daeb29b35704d,0,0,0,,,0,0,0,no_overlap
improve-283e9ba0bf0f7d67,0,0,0,,,0,0,0,no_overlap
improve-e598ad60b9792484,0,0,0,,,0,0,0,no_overlap
improve-dba4590071a87c16,0,0,0,,,0,0,0,no_overlap
improve-1ae5283fc3725d98,0,0,0,,,0,0,0,no_overlap
improve-f732a15ab622ff34,0,0,0,,,0,0,0,no_overlap
improve-be12699cbff87a44,1,0,0,,,0,0,0,no_overlap
improve-85d7a892f953ece0,0,0,0,,,0,0,0,no_overlap
improve-e2fa6ba7622fa7d6,0,0,0,,,0,0,0,no_overlap
improve-4096a96d10cad8fa,0,0,0,,,0,0,0,no_overlap
improve-fdb29a1fb0bd26aa,0,0,0,,,0,0,0,no_overlap
improve-d4960f0b783a5cb3,0,0,0,,,0,0,0,no_overlap
improve-81c246b787b6cdee,0,0,0,,,0,0,0,no_overlap
improve-065f6fd4f80682f6,0,0,0,,,0,0,0,no_overlap
improve-addcdee5b6912057,0,0,0,,,0,0,0,no_overlap
improve-8841635c9844c543,0,0,0,,,0,0,0,no_overlap
improve-c76606855dc5cda2,1,0,0,,,0,0,0,no_overlap
improve-eafcab8401166f63,1,0,0,,,0,0,0,no_overlap
improve-6b206ecd1be7e975,1,0,0,,,0,0,0,no_overlap
improve-7bbcced280ccb362,1,0,0,,,0,0,0,no_overlap
improve-9c50ca3ff4b50962,0,0,0,,,0,0,0,no_overlap
improve-7dd6ea180c29f999,0,0,0,,,0,0,0,no_overlap
improve-2c80648ab496a739,0,0,0,,,0,0,0,no_overlap
improve-9816e6b8d63e33f4,0,0,0,,,0,0,0,no_overlap
improve-b5cebe585b5f698c,0,0,0,,,0,0,0,no_overlap
improve-0c4ec83fa77c4f12,0,0,0,,,0,0,0,no_overlap
improve-1c3c4b64a872b818,0,0,0,,,0,0,0,no_overlap
improve-42ef6a9495662720,0,0,0,,,0,0,0,no_overlap
improve-9295b77215d3a6cd,0,0,0,,,0,0,0,no_overlap
improve-1bc3f05406b38b5f,0,0,0,,,0,0,0,no_overlap
improve-50abef910595b8cf,0,0,0,,,0,0,0,no_overlap
improve-e1641426c01b0eb7,0,0,0,,,0,0,0,no_overlap
improve-c48bd23851a94351,0,0,0,,,0,0,0,no_overlap
improve-e8225cf22a88be57,0,0,0,,,0,0,0,no_overlap
improve-778d53a6a7eab1bb,0,0,0,,,0,0,0,no_overlap
improve-83157c3cf5034714,0,0,0,,,0,0,0,no_overlap
improve-486bd1e2d5959c7a,0,0,0,,,0,0,0,no_overlap
improve-75d5705c278fbd89,0,0,0,,,0,0,0,no_overlap
improve-1fa445258729a991,0,0,0,,,0,0,0,no_overlap
improve-46eeae431335e7b7,0,0,0,,,0,0,0,no_overlap
improve-1d8b9246eee36695,0,0,0,,,0,0,0,no_overlap
improve-b0afde45bfb2b2e1,0,0,0,,,0,0,0,no_overlap
improve-9dfca3da70019814,0,0,0,,,0,0,0,no_overlap
improve-2f0e77232d4b6520,0,0,0,,,0,0,0,no_overlap
improve-c3082ae9e6ff8191,0,0,0,,,0,0,0,no_overlap
improve-a45623fcd587d7ed,0,0,0,,,0,0,0,no_overlap
improve-ded22020c789e14c,0,0,0,,,0,0,0,no_overlap
improve-0d3cbff07af64306,0,0,0,,,0,0,0,no_overlap
improve-f7f6753e5c38de4d,0,0,0,,,0,0,0,no_overlap
improve-328158c5c57df9c6,0,0,0,,,0,0,0,no_overlap
improve-fb5be284eb7d061c,0,0,0,,,0,0,0,no_overlap
improve-17a5b17253495d39,0,0,0,,,0,0,0,no_overlap
improve-24eeb0756e0f5078,0,0,0,,,0,0,0,no_overlap
improve-84fe6adccc4c5d7e,0,0,0,,,0,0,0,no_overlap
improve-b32b30e47dba49b3,0,0,0,,,0,0,0,no_overlap
improve-f69fac0ce297a28e,0,0,0,,,0,0,0,no_overlap
improve-ac61b8bcd519e347,0,0,0,,,0,0,0,no_overlap
improve-8f0057bfbf1d3624,0,0,0,,,0,0,0,no_overlap
improve-fdd3f8c5cc93b5c9,0,0,0,,,0,0,0,no_overlap
improve-45f40c4209d755f3,0,0,0,,,0,0,0,no_overlap
improve-ede55e66bbcdeec3,0,0,0,,,0,0,0,no_overlap
improve-6faee8eca33e93e2,0,0,0,,,0,0,0,no_overlap
improve-a735ddd4c3f7d0f5,0,0,0,,,0,0,0,no_overlap
improve-6354cf3de0338ac4,0,0,0,,,0,0,0,no_overlap
improve-33191352a42ea85f,0,0,0,,,0,0,0,no_overlap
improve-930668c5ec41e856,0,0,0,,,0,0,0,no_overlap
improve-3ccb6602f2734dae,0,0,0,,,0,0,0,no_overlap
improve-c2d1aaaf783dbc81,0,0,0,,,0,0,0,no_overlap
improve-0264d7d655eb253c,0,0,0,,,0,0,0,no_overlap
improve-3f9b7ad49c9b12a1,0,0,0,,,0,0,0,no_overlap
improve-b4ef5f9f8af5539e,0,0,0,,,0,0,0,no_overlap
improve-dfb35d882d247556,0,0,0,,,0,0,0,no_overlap
improve-5a2dc8f78d13cb3f,0,0,0,,,0,0,0,no_overlap
improve-edaa8955e0d72993,0,0,0,,,0,0,0,no_overlap
improve-e347bc6a2f956e06,0,0,0,,,0,0,0,no_overlap
improve-82823a334d72d4e6,0,0,0,,,0,0,0,no_overlap
improve-38110e3a7c00ccd5,0,0,0,,,0,0,0,no_overlap
improve-baf60cc20b23f6dc,0,0,0,,,0,0,0,no_overlap
improve-b7f5144bebd68003,0,0,0,,,0,0,0,no_overlap
improve-2816f1cf540b94af,0,0,0,,,0,0,0,no_overlap
improve-68d5c092000c95ef,0,0,0,,,0,0,0,no_overlap
improve-8c3e9ea58652926c,0,0,0,,,0,0,0,no_overlap
improve-747f205769580cc8,0,0,0,,,0,0,0,no_overlap
improve-f8822dfb5f264eaf,0,0,0,,,0,0,0,no_overlap
improve-85decdb026e0224a,0,0,0,,,0,0,0,no_overlap
improve-5702e3d9aa48e557,0,0,0,,,0,0,0,no_overlap
improve-d5e3c908d336fd9c,0,0,0,,,0,0,0,no_overlap
improve-6a9fcdd7ca404fd7,0,0,0,,,0,0,0,no_overlap
improve-5b21dde7549e9d8a,0,0,0,,,0,0,0,no_overlap
improve-eeb697f2c5178a45,0,0,0,,,0,0,0,no_overlap
improve-cd42458842739580,0,0,0,,,0,0,0,no_overlap
improve-cdf09a9d38f25ca0,0,0,0,,,0,0,0,no_overlap
improve-580ae003fff94c38,0,0,0,,,0,0,0,no_overlap
improve-473f34e842f9e2a9,0,0,0,,,0,0,0,no_overlap
improve-5c9d61928f1be68c,0,0,0,,,0,0,0,no_overlap
improve-bfcdb4e91e8f144a,0,0,0,,,0,0,0,no_overlap
improve-e85e88d0c37fa6d5,0,0,0,,,0,0,0,no_overlap
improve-518a869359941e41,0,0,0,,,0,0,0,no_overlap
improve-2c4c62cd9328adb5,0,0,0,,,0,0,0,no_overlap
improve-19e21c5cff563b3a,0,0,0,,,0,0,0,no_overlap
improve-a0486861b9719d8f,0,0,0,,,0,0,0,no_overlap
improve-b4a4c2acbd42566c,0,0,0,,,0,0,0,no_overlap
improve-495253dfbc11688b,0,0,0,,,0,0,0,no_overlap
improve-1ec641bb0a6e0fb3,0,0,0,,,0,0,0,no_overlap
improve-6407289cc9fb04ea,0,0,0,,,0,0,0,no_overlap
improve-744a34d8a47f65be,0,0,0,,,0,0,0,no_overlap
improve-1411bc8e15dddfa2,0,0,0,,,0,0,0,no_overlap
improve-f4ce05f269a4ce06,0,0,0,,,0,0,0,no_overlap
improve-aacf280cbb67a0e3,0,0,0,,,0,0,0,no_overlap
improve-5d7fc4a7d62043e8,0,0,0,,,0,0,0,no_overlap
improve-e01fd9a04477da57,0,0,0,,,0,0,0,no_overlap
improve-1ea0e730a91fd571,0,0,0,,,0,0,0,no_overlap
improve-85040b53afcbe92c,0,0,0,,,0,0,0,no_overlap
improve-2978a5be5d4a6a70,0,0,0,,,0,0,0,no_overlap
improve-c05abc936f527616,1,0,0,,,0,0,0,no_overlap
improve-7215fb06c64ac295,0,0,0,,,0,0,0,no_overlap
improve-d893f70215398ffd,0,0,0,,,0,0,0,no_overlap
improve-99f89fc826ce7df0,0,0,0,,,0,0,0,no_overlap
improve-e079686fc10f1bcb,0,0,0,,,0,0,0,no_overlap
improve-e407fc7d2a13003e,0,0,0,,,0,0,0,no_overlap
improve-024a6e22ea6610a7,0,0,0,,,0,0,0,no_overlap
improve-8bf9e7c892037675,0,0,0,,,0,0,0,no_overlap
improve-66452a9efa58ad78,0,0,0,,,0,0,0,no_overlap
improve-d8e14838f3659a3b,0,0,0,,,0,0,0,no_overlap
improve-f6b91029d957699a,0,0,0,,,0,0,0,no_overlap
improve-6b0b12e6cf6e2271,0,0,0,,,0,0,0,no_overlap
improve-8846d863e2ab13a2,0,0,0,,,0,0,0,no_overlap
improve-35f4b530924c6ac6,0,0,0,,,0,0,0,no_overlap
improve-e235fa1576999453,0,0,0,,,0,0,0,no_overlap
improve-5eefdbe3e0ee87a5,0,0,0,,,0,0,0,no_overlap
improve-c18cbd640e66b6b3,0,0,0,,,0,0,0,no_overlap
improve-532de1787f02dbec,0,0,0,,,0,0,0,no_overlap
improve-228a03e5487405e5,0,0,0,,,0,0,0,no_overlap
improve-b313222bdd033f59,0,0,0,,,0,0,0,no_overlap
improve-8c92ef57a1f48cc3,0,0,0,,,0,0,0,no_overlap
improve-c40c55999bb79540,0,0,0,,,0,0,0,no_overlap
improve-9f69fe9e510e72fd,0,0,0,,,0,0,0,no_overlap
improve-d53f2309a32a6660,0,0,0,,,0,0,0,no_overlap
improve-142a77f0b0c0b390,0,0,0,,,0,0,0,no_overlap
improve-b33bfcef78760505,0,0,0,,,0,0,0,no_overlap
improve-80c67cff28f5b984,0,0,0,,,0,0,0,no_overlap
improve-01709b8f19df22f3,0,0,0,,,0,0,0,no_overlap
improve-3d8d035da8a46685,0,0,0,,,0,0,0,no_overlap
improve-82ee35d5147950e2,0,0,0,,,0,0,0,no_overlap
improve-b9361b442732299f,0,0,0,,,0,0,0,no_overlap
improve-ea4c582ce5ebd3df,0,0,0,,,0,0,0,no_overlap
improve-8467fccc6f90076c,0,0,0,,,0,0,0,no_overlap
improve-933c28bb5bce35e7,0,0,0,,,0,0,0,no_overlap
improve-7ed3a4d98c661c3a,0,0,0,,,0,0,0,no_overlap
improve-18cb8963ce7c5b58,0,0,0,,,0,0,0,no_overlap
improve-606230d92e5fdbf6,0,0,0,,,0,0,0,no_overlap
improve-4cf7ebcaa40cd277,0,0,0,,,0,0,0,no_overlap
improve-627b8e324cfb641e,0,0,0,,,0,0,0,no_overlap
improve-b6901c384803df77,0,0,0,,,0,0,0,no_overlap
improve-f6f477fe804d4a49,0,0,0,,,0,0,0,no_overlap
improve-af68bf8e71bb86f8,0,0,0,,,0,0,0,no_overlap
improve-dc4fd0db709c4a6a,0,0,0,,,0,0,0,no_overlap
improve-f411a91ebc5a1244,0,0,0,,,0,0,0,no_overlap
improve-d9deaf814e1f7dc6,0,0,0,,,0,0,0,no_overlap
improve-fa2ffca1ee5b4522,0,0,0,,,0,0,0,no_overlap
improve-b3c4d5483c1bff4d,0,0,0,,,0,0,0,no_overlap
improve-c3d325aaf39d52c3,0,0,0,,,0,0,0,no_overlap
improve-ffce1114296abed3,0,0,0,,,0,0,0,no_overlap
improve-a96005580f7aec54,0,0,0,,,0,0,0,no_overlap
improve-66772f64fc815e8f,0,0,0,,,0,0,0,no_overlap
improve-02cfd4d11bec08f9,1,0,0,,,0,0,0,no_overlap
improve-43c16eddc8d86bb5,0,0,0,,,0,0,0,no_overlap
improve-de8ef05c24710d71,0,0,0,,,0,0,0,no_overlap
improve-5b3a25a218b0ff67,0,0,0,,,0,0,0,no_overlap
improve-3a8d35ba8572d4dd,0,1,1,0,0,1,0,0,exact_label_concordant
improve-0f9f16744ba25417,0,0,0,,,0,0,0,no_overlap
improve-913b4e3414578c37,0,0,0,,,0,0,0,no_overlap
improve-ed6f83b3f1300283,0,0,0,,,0,0,0,no_overlap
improve-26870c7ab8490541,0,0,0,,,0,0,0,no_overlap
improve-9581450813e51bd7,0,0,0,,,0,0,0,no_overlap
improve-59baaa65d0257acd,0,0,0,,,0,0,0,no_overlap
improve-17006fc244f18470,0,0,0,,,0,0,0,no_overlap
improve-b043f9b4217add98,0,0,0,,,0,0,0,no_overlap
improve-da24a2f2dd6eabdd,0,0,0,,,0,0,0,no_overlap
improve-42b6b898f7db82eb,0,0,0,,,0,0,0,no_overlap
improve-2647802e2b604f66,0,0,0,,,0,0,0,no_overlap
improve-c3e0adee98c797f7,0,0,0,,,0,0,0,no_overlap
improve-dc668b62e4cf7a02,0,0,0,,,0,0,0,no_overlap
improve-c0ec4ebcdacd33dd,0,0,0,,,0,0,0,no_overlap
improve-667100913f8d1c1a,0,0,0,,,0,0,0,no_overlap
improve-245eef85520729a3,0,0,0,,,0,0,0,no_overlap
improve-418d7a6c94714070,0,0,0,,,0,0,0,no_overlap
improve-388dcf4c9013ba23,0,0,0,,,0,0,0,no_overlap
improve-e78caec56d2c7d0f,0,0,0,,,0,0,0,no_overlap
improve-b1e8f81472fdb003,1,0,0,,,0,0,0,no_overlap
improve-a988fbfe37238a93,0,0,0,,,0,0,0,no_overlap
improve-678943ba00cd0267,0,0,0,,,0,0,0,no_overlap
improve-4036a7b8eb4877c5,0,0,0,,,0,0,0,no_overlap
improve-0dfa4cdcc6f81298,0,0,0,,,0,0,0,no_overlap
improve-78dd9629abd4bd6f,0,0,0,,,0,0,0,no_overlap
improve-779e75ecfd33e9ee,0,0,0,,,0,0,0,no_overlap
improve-f37133e8e7e0791c,0,0,0,,,0,0,0,no_overlap
improve-c306b5806309ed74,0,0,0,,,0,0,0,no_overlap
improve-aefad750119a4ec7,0,0,0,,,0,0,0,no_overlap
improve-c5e388d043eaaa5d,0,0,0,,,0,0,0,no_overlap
improve-0afdd671491a8748,0,0,0,,,0,0,0,no_overlap
improve-1b9fc24639f038d5,0,0,0,,,0,0,0,no_overlap
improve-fa33628d642c5aab,0,0,0,,,0,0,0,no_overlap
improve-3a9d0fa40b71068b,0,0,0,,,0,0,0,no_overlap
improve-e9088c2b2169f3c0,0,0,0,,,0,0,0,no_overlap
improve-16e1953d592e56cd,0,0,0,,,0,0,0,no_overlap
improve-212a2f259ddbea15,0,0,0,,,0,0,0,no_overlap
improve-c1178eb43624c69c,0,0,0,,,0,0,0,no_overlap
improve-5867c801b63beb55,0,0,0,,,0,0,0,no_overlap
improve-2fde3e7934fc2ad4,0,0,0,,,0,0,0,no_overlap
improve-472bbda69da621a7,0,0,0,,,0,0,0,no_overlap
improve-b044893b20137e05,0,0,0,,,0,0,0,no_overlap
improve-bd4a50f18ad98970,0,0,0,,,0,0,0,no_overlap
improve-517afe547a422997,0,0,0,,,0,0,0,no_overlap
improve-1af1639b827ff96f,0,0,0,,,0,0,0,no_overlap
improve-8bd71b94dd6963bc,0,0,0,,,0,0,0,no_overlap
improve-94900903256fe9de,0,0,0,,,0,0,0,no_overlap
improve-9b0e8b03be9dd1c3,0,0,0,,,0,0,0,no_overlap
improve-628125f282d4918a,0,0,0,,,0,0,0,no_overlap
improve-ca78545376fd9852,0,0,0,,,0,0,0,no_overlap
improve-1b3ad13126e02132,0,0,0,,,0,0,0,no_overlap
improve-bb5a42ef3f3a62cb,0,0,0,,,0,0,0,no_overlap
improve-0d19f86069728238,0,0,0,,,0,0,0,no_overlap
improve-75b0add4b9302e85,0,0,0,,,0,0,0,no_overlap
improve-8a7f14cb5c99fcd2,0,0,0,,,0,0,0,no_overlap
improve-b9a33793934800e8,0,0,0,,,0,0,0,no_overlap
improve-2873e4874f89ce3a,0,0,0,,,0,0,0,no_overlap
improve-60f1af5108e04f0b,0,0,0,,,0,0,0,no_overlap
improve-c31a8f5df731707b,0,0,0,,,0,0,0,no_overlap
improve-7b5e2cf074b24e76,0,0,0,,,0,0,0,no_overlap
improve-4349b98da3048c61,0,0,0,,,0,0,0,no_overlap
improve-290d66c458e34195,0,0,0,,,0,0,0,no_overlap
improve-5f6c3caddd9a8c49,0,0,0,,,0,0,0,no_overlap
improve-6d4a2223c9cfa43a,0,0,0,,,0,0,0,no_overlap
improve-27a54ae721f1d1bf,0,0,0,,,0,0,0,no_overlap
improve-4190b8800e2ff9f1,0,0,0,,,0,0,0,no_overlap
improve-2bc42702ad577798,0,0,0,,,0,0,0,no_overlap
improve-c66a6d6a5f008ed2,0,0,0,,,0,0,0,no_overlap
improve-7bad0cbfd16ff221,0,0,0,,,0,0,0,no_overlap
improve-d20724af5be5973f,0,0,0,,,0,0,0,no_overlap
improve-77cf3f6c75912041,0,0,0,,,0,0,0,no_overlap
improve-784f297d783608f9,0,0,0,,,0,0,0,no_overlap
improve-69e947a4aa4c3d49,0,0,0,,,0,0,0,no_overlap
improve-9450a16f454724a6,0,0,0,,,0,0,0,no_overlap
improve-d8b3ed2fe5d2206d,0,0,0,,,0,0,0,no_overlap
improve-c1d889f60822b1a7,0,0,0,,,0,0,0,no_overlap
improve-bc4d81034eda99b9,0,0,0,,,0,0,0,no_overlap
improve-07e56c64495d965b,0,0,0,,,0,0,0,no_overlap
improve-0649b58a47e55651,0,0,0,,,0,0,0,no_overlap
improve-d143c49ba706f3d6,0,0,0,,,0,0,0,no_overlap
improve-8de171c688f03270,1,0,0,,,0,0,0,no_overlap
improve-a5b9de376a13fbb7,0,0,0,,,0,0,0,no_overlap
improve-3b9080e6d3c842e4,0,0,0,,,0,0,0,no_overlap
improve-095fe5af9f1f94cb,0,0,0,,,0,0,0,no_overlap
improve-441ab297d368e1d3,0,0,0,,,0,0,0,no_overlap
improve-dd4adc2fbbd77f8f,0,0,0,,,0,0,0,no_overlap
improve-00672fee4457b81d,0,0,0,,,0,0,0,no_overlap
improve-fae4cb2d641f0d2b,0,0,0,,,0,0,0,no_overlap
improve-1689b555aa39fac7,0,0,0,,,0,0,0,no_overlap
improve-9c3bb0e31eee8c0c,0,0,0,,,0,0,0,no_overlap
improve-7ba5b1677a43ec31,0,0,0,,,0,0,0,no_overlap
improve-627a6c5dbaff72fa,0,0,0,,,0,0,0,no_overlap
improve-1c10f4f55549b04f,0,0,0,,,0,0,0,no_overlap
improve-9f2e2d4f12dcc1cb,0,0,0,,,0,0,0,no_overlap
improve-a859d9f206ed916e,0,0,0,,,0,0,0,no_overlap
improve-25faa82d6f3120a2,0,0,0,,,0,0,0,no_overlap
improve-4395b72bf1717a64,0,0,0,,,0,0,0,no_overlap
improve-8b09fbdd01742718,0,0,0,,,0,0,0,no_overlap
improve-cb8fc260097bdcab,0,0,0,,,0,0,0,no_overlap
improve-c5adeb3d46ac460c,0,0,0,,,0,0,0,no_overlap
improve-7de47ba2becc8c41,0,0,0,,,0,0,0,no_overlap
improve-8aee5467d3f35be5,0,0,0,,,0,0,0,no_overlap
improve-947a8907000dc34d,0,0,0,,,0,0,0,no_overlap
improve-0d3b42bf9a324f09,0,0,0,,,0,0,0,no_overlap
improve-552c7e93c819e70d,0,0,0,,,0,0,0,no_overlap
improve-df9411eb7089f3f9,0,0,0,,,0,0,0,no_overlap
improve-0b775dffe98f6086,0,0,0,,,0,0,0,no_overlap
improve-2a778b818c108ba6,0,0,0,,,0,0,0,no_overlap
improve-bb41cd50a66c49a1,0,0,0,,,0,0,0,no_overlap
improve-88a1c305396c988b,0,0,0,,,0,0,0,no_overlap
improve-36fa61e8741f44c1,0,0,0,,,0,0,0,no_overlap
improve-20f00620b6dee0be,0,0,0,,,0,0,0,no_overlap
improve-42fa1cde7bec5f40,0,0,0,,,0,0,0,no_overlap
improve-cbe478e1d78fc76a,0,0,0,,,0,0,0,no_overlap
improve-abdce848b7b9a6a4,0,0,0,,,0,0,0,no_overlap
improve-0c40e50989a1cab2,0,0,0,,,0,0,0,no_overlap
improve-9981cb1df1113965,0,0,0,,,0,0,0,no_overlap
improve-95302b5261b42137,0,0,0,,,0,0,0,no_overlap
improve-3630b5f567b080d0,0,0,0,,,0,0,0,no_overlap
improve-ec99e61fac1f0e3a,0,0,0,,,0,0,0,no_overlap
improve-2f44fabc580f14eb,0,0,0,,,0,0,0,no_overlap
improve-72add4ad472ccb45,0,0,0,,,0,0,0,no_overlap
improve-4fa6e56237f495f8,0,0,0,,,0,0,0,no_overlap
improve-5b6789de1f5d29c7,0,0,0,,,0,0,0,no_overlap
improve-6c4c94df087d0d65,0,0,0,,,0,0,0,no_overlap
improve-8147f90051e5eef0,0,0,0,,,0,0,0,no_overlap
improve-4dae15beed7d5486,0,0,0,,,0,0,0,no_overlap
improve-29fa0128d4a4bd94,0,0,0,,,0,0,0,no_overlap
improve-e6929868544f536c,0,0,0,,,0,0,0,no_overlap
improve-e1f8dd8406fe6a9e,0,0,0,,,0,0,0,no_overlap
improve-6208c22abe37163a,0,0,0,,,0,0,0,no_overlap
improve-80194e3193560ac3,0,0,0,,,0,0,0,no_overlap
improve-3545cdcac52f60f5,0,0,0,,,0,0,0,no_overlap
improve-2dc2f38bf8b089fb,0,0,0,,,0,0,0,no_overlap
improve-b7d88504eadaf588,0,0,0,,,0,0,0,no_overlap
improve-7f4b49cc30f87f9b,0,0,0,,,0,0,0,no_overlap
improve-151cb5e55c794417,0,0,0,,,0,0,0,no_overlap
improve-dce59c9cf5f026d7,0,0,0,,,0,0,0,no_overlap
improve-1df285a7fdf632df,0,0,0,,,0,0,0,no_overlap
improve-6d8a75bb68900562,0,0,0,,,0,0,0,no_overlap
improve-c21ced1939d470bd,0,0,0,,,0,0,0,no_overlap
improve-600de4ff2e0f5295,0,0,0,,,0,0,0,no_overlap
improve-8f8aa5ba0e32d3b4,0,0,0,,,0,0,0,no_overlap
improve-5b466a150d635c61,0,0,0,,,0,0,0,no_overlap
improve-886ae3e987063a13,0,0,0,,,0,0,0,no_overlap
improve-e09f272c94188a93,0,0,0,,,0,0,0,no_overlap
improve-c788cc1feba1e85d,0,0,0,,,0,0,0,no_overlap
improve-ad7e21342fc94343,0,0,0,,,0,0,0,no_overlap
improve-2f061bfce859cd10,0,0,0,,,0,0,0,no_overlap
improve-a21ba04cc5f30633,0,0,0,,,0,0,0,no_overlap
improve-97209d89b9f9e5b6,0,0,0,,,0,0,0,no_overlap
improve-ea8a6bfaf3a9075b,0,0,0,,,0,0,0,no_overlap
improve-7696452f438f80da,0,0,0,,,0,0,0,no_overlap
improve-8f27a98c48581ba8,0,0,0,,,0,0,0,no_overlap
improve-75fe87ccb4d0f3dd,0,0,0,,,0,0,0,no_overlap
improve-131f7222946a98fa,1,0,0,,,0,0,0,no_overlap
improve-3fd7f01fb004f13a,0,0,0,,,0,0,0,no_overlap
improve-5d2f3ddaa4bad9b4,0,0,0,,,0,0,0,no_overlap
improve-421eccff9bd15b87,0,0,0,,,0,0,0,no_overlap
improve-f99689805322a1b0,0,0,0,,,0,0,0,no_overlap
improve-39c4479c3ac726a4,0,0,0,,,0,0,0,no_overlap
improve-357812af8a9f4bbc,0,0,0,,,0,0,0,no_overlap
improve-fd32889dcc418e4d,0,0,0,,,0,0,0,no_overlap
improve-da199741cd77df05,0,0,0,,,0,0,0,no_overlap
improve-f39d2bab97e34ede,0,0,0,,,0,0,0,no_overlap
improve-f1d557de042dc513,0,0,0,,,0,0,0,no_overlap
improve-a99afd25ec95538e,0,0,0,,,0,0,0,no_overlap
improve-ee6c5ad6724c6ebf,0,0,0,,,0,0,0,no_overlap
improve-89326c602aff0515,0,0,0,,,0,0,0,no_overlap
improve-c6064ceb49784476,0,0,0,,,0,0,0,no_overlap
improve-9224ae2c8747abf5,0,0,0,,,0,0,0,no_overlap
improve-35ee9b3382f3a007,0,0,0,,,0,0,0,no_overlap
improve-b3ebd318149d6b8d,0,0,0,,,0,0,0,no_overlap
improve-04f6dd4e8b2e5be3,0,0,0,,,0,0,0,no_overlap
improve-39f9d61221c005bc,0,0,0,,,0,0,0,no_overlap
improve-81d97f42991ab426,0,0,0,,,0,0,0,no_overlap
improve-17c2f619acacd30f,1,0,0,,,0,0,0,no_overlap
improve-3c536af3c91cdd93,0,0,0,,,0,0,0,no_overlap
improve-cba4ddddaf7195a0,0,0,0,,,0,0,0,no_overlap
improve-d6ab5116e0bc70ee,0,0,0,,,0,0,0,no_overlap
improve-11497ad5f50a03b4,0,0,0,,,0,0,0,no_overlap
improve-5d4002fdaf2e50cc,0,0,0,,,0,0,0,no_overlap
improve-00387a839f65e10e,0,0,0,,,0,0,0,no_overlap
improve-b639814f67259b03,0,0,0,,,0,0,0,no_overlap
improve-bc52135902aadd2f,0,0,0,,,0,0,0,no_overlap
improve-495ba623e9f82590,0,0,0,,,0,0,0,no_overlap
improve-8a5da3970e9ab57e,0,0,0,,,0,0,0,no_overlap
improve-b51c49786bc5045b,0,0,0,,,0,0,0,no_overlap
improve-6f2e08d9d94b6004,0,0,0,,,0,0,0,no_overlap
improve-b6b620f93ff89e6f,0,0,0,,,0,0,0,no_overlap
improve-8945594330f409e6,0,0,0,,,0,0,0,no_overlap
improve-098a21488259e7b2,0,0,0,,,0,0,0,no_overlap
improve-f7e95ead69abd709,0,0,0,,,0,0,0,no_overlap
improve-7bcc81453dc24dd3,0,0,0,,,0,0,0,no_overlap
improve-c989a4117b26ae7b,0,0,0,,,0,0,0,no_overlap
improve-982e64716e4872de,0,0,0,,,0,0,0,no_overlap
improve-96a76e0246500ec9,0,0,0,,,0,0,0,no_overlap
improve-9500471da5f524c3,0,0,0,,,0,0,0,no_overlap
improve-8fbda6b604b54e8a,0,0,0,,,0,0,0,no_overlap
improve-0770cb5482bea0af,0,0,0,,,0,0,0,no_overlap
improve-e82956d6d31ff7c5,0,0,0,,,0,0,0,no_overlap
improve-a097f83e833bd6ce,0,0,0,,,0,0,0,no_overlap
improve-375e06c0f9bc92c1,0,0,0,,,0,0,0,no_overlap
improve-5c700cf4fc0ff07d,0,0,0,,,0,0,0,no_overlap
improve-c0f16d33bc429917,0,0,0,,,0,0,0,no_overlap
improve-63f4b7a9b9da6691,0,0,0,,,0,0,0,no_overlap
improve-75087a5b5aea0776,0,0,0,,,0,0,0,no_overlap
improve-9730e0cc91343fdb,0,0,0,,,0,0,0,no_overlap
improve-8d7cbfe52f5edb45,0,0,0,,,0,0,0,no_overlap
improve-c129218f18c6d8bf,0,0,0,,,0,0,0,no_overlap
improve-2c8db82fb852b941,0,0,0,,,0,0,0,no_overlap
improve-871c39182327d5f9,0,0,0,,,0,0,0,no_overlap
improve-a6f78c605cfad081,0,0,0,,,0,0,0,no_overlap
improve-9e91416bb7da60be,0,0,0,,,0,0,0,no_overlap
improve-3415a662ba49a711,0,0,0,,,0,0,0,no_overlap
improve-a81d6239f76fe16c,0,0,0,,,0,0,0,no_overlap
improve-52d47a4d786c8356,0,0,0,,,0,0,0,no_overlap
improve-71206d7a60e8f226,0,0,0,,,0,0,0,no_overlap
improve-e6b2f83234e1a0e8,0,0,0,,,0,0,0,no_overlap
improve-a7fc0cb9c17b361e,0,0,0,,,0,0,0,no_overlap
improve-e6f76e9749c8e195,0,0,0,,,0,0,0,no_overlap
improve-a9fdb4edd0bba350,0,0,0,,,0,0,0,no_overlap
improve-9decbc94a2c5d07c,0,0,0,,,0,0,0,no_overlap
improve-1457bd355489b904,0,0,0,,,0,0,0,no_overlap
improve-6abb5cb12b9211e7,0,0,0,,,0,0,0,no_overlap
improve-8ede5695bcfeb23a,0,0,0,,,0,0,0,no_overlap
improve-f2c3db9966d890b7,0,0,0,,,0,0,0,no_overlap
improve-b6e8b9d93cf1a06e,0,0,0,,,0,0,0,no_overlap
improve-8b9753c3f6474677,0,0,0,,,0,0,0,no_overlap
improve-84a9ca45f2e38493,0,0,0,,,0,0,0,no_overlap
improve-d463ac7f8447bc64,0,0,0,,,0,0,0,no_overlap
improve-8e1842e62438012f,0,0,0,,,0,0,0,no_overlap
improve-da2e2863104bec37,0,0,0,,,0,0,0,no_overlap
improve-ed437d0c3d6c6162,0,0,0,,,0,0,0,no_overlap
improve-6b616949c577ea92,0,0,0,,,0,0,0,no_overlap
improve-ea9cb17bcea35194,0,0,0,,,0,0,0,no_overlap
improve-ccfda382167beec0,0,0,0,,,0,0,0,no_overlap
improve-bb2a58cc4c47e854,0,0,0,,,0,0,0,no_overlap
improve-c4423d30c1b991a7,0,0,0,,,0,0,0,no_overlap
improve-262f8069678f2355,0,0,0,,,0,0,0,no_overlap
improve-1fe493376dc9d20f,0,0,0,,,0,0,0,no_overlap
improve-494b9cd88a8d8987,0,0,0,,,0,0,0,no_overlap
improve-28ef4ce664fa9cf7,0,0,0,,,0,0,0,no_overlap
improve-e5de6fcc1d15fe00,0,0,0,,,0,0,0,no_overlap
improve-6887a1093f81b8ed,0,0,0,,,0,0,0,no_overlap
improve-b8733c86b68c7657,0,0,0,,,0,0,0,no_overlap
improve-a83447a11d3eac1a,0,0,0,,,0,0,0,no_overlap
improve-6fb0ab9d1340ba91,0,0,0,,,0,0,0,no_overlap
improve-200837ee3f2fc14e,0,0,0,,,0,0,0,no_overlap
improve-dad569385e4c44ec,1,0,0,,,0,0,0,no_overlap
improve-a58100aa33932959,0,0,0,,,0,0,0,no_overlap
improve-1f5b3cb77a382080,0,0,0,,,0,0,0,no_overlap
improve-ec65bc95933f76e2,0,0,0,,,0,0,0,no_overlap
improve-19b7299991d106ae,0,0,0,,,0,0,0,no_overlap
improve-a3d8267216f1a7b2,0,0,0,,,0,0,0,no_overlap
improve-5bf96063d2e47986,0,0,0,,,0,0,0,no_overlap
improve-2c978c4d8d5f95d3,0,0,0,,,0,0,0,no_overlap
improve-1cb5be0266a141ae,0,0,0,,,0,0,0,no_overlap
improve-ffd33537f65ad4e2,0,0,0,,,0,0,0,no_overlap
improve-25034764c00cf9c1,0,0,0,,,0,0,0,no_overlap
improve-80976b09d4ec6e73,0,0,0,,,0,0,0,no_overlap
improve-bbfebd35bd3ce20e,0,0,0,,,0,0,0,no_overlap
improve-d6b178c6a42d2be2,0,0,0,,,0,0,0,no_overlap
improve-ad8fcb57cc45f0e0,0,0,0,,,0,0,0,no_overlap
improve-c707e485261c7d2d,0,0,0,,,0,0,0,no_overlap
improve-5618c944f83f4fa8,0,0,0,,,0,0,0,no_overlap
improve-295a5cf2a06c19a1,0,0,0,,,0,0,0,no_overlap
improve-e16ce51934297b0b,0,0,0,,,0,0,0,no_overlap
improve-59660de7992947b5,0,0,0,,,0,0,0,no_overlap
improve-a4caf773c0506717,0,0,0,,,0,0,0,no_overlap
improve-7c8d7a835ea3b2de,0,0,0,,,0,0,0,no_overlap
improve-4a4c1039b58857f0,0,0,0,,,0,0,0,no_overlap
improve-aa38ca38f7a8a7ee,0,0,0,,,0,0,0,no_overlap
improve-e04fc27511e197c3,0,0,0,,,0,0,0,no_overlap
improve-1ad768a58bbcb9ec,0,0,0,,,0,0,0,no_overlap
improve-59cb0e8440a7fb93,0,0,0,,,0,0,0,no_overlap
improve-59bbe5b16e078758,0,0,0,,,0,0,0,no_overlap
improve-31cc04ac168eb62a,0,0,0,,,0,0,0,no_overlap
improve-f507ec3cac584c15,0,0,0,,,0,0,0,no_overlap
improve-9973076e8bc4f228,0,0,0,,,0,0,0,no_overlap
improve-14db86ff4651e084,0,0,0,,,0,0,0,no_overlap
improve-76ac379dfb18cd07,0,0,0,,,0,0,0,no_overlap
improve-0d43f6f84d1eb450,0,0,0,,,0,0,0,no_overlap
improve-f3765328e8e5e2c1,0,0,0,,,0,0,0,no_overlap
improve-b606b7eb4d47eadf,0,0,0,,,0,0,0,no_overlap
improve-67dfb9a5d6383bf5,0,0,0,,,0,0,0,no_overlap
improve-80508a65b4e1d01e,0,0,0,,,0,0,0,no_overlap
improve-aa5dd5f32ceeacad,0,0,0,,,0,0,0,no_overlap
improve-fbc5d1599bb13727,0,0,0,,,0,0,0,no_overlap
improve-e626a07dba0b1fa1,0,0,0,,,0,0,0,no_overlap
improve-896ba5bf5e1c3e5b,0,0,0,,,0,0,0,no_overlap
improve-445bec9a7dd6f792,0,0,0,,,0,0,0,no_overlap
improve-177b656c7db28747,0,0,0,,,0,0,0,no_overlap
improve-f1e41f3cd08fe8f0,0,0,0,,,0,0,0,no_overlap
improve-94381466efae835c,0,0,0,,,0,0,0,no_overlap
improve-5e18a43775daa00a,0,0,0,,,0,0,0,no_overlap
improve-5033cc0407b56711,0,0,0,,,0,0,0,no_overlap
improve-660a344caa48ffac,0,0,0,,,0,0,0,no_overlap
improve-0c1e11bd416d22cc,0,0,0,,,0,0,0,no_overlap
improve-5459229f1511a458,0,0,0,,,0,0,0,no_overlap
improve-87778267f4f5a52a,0,0,0,,,0,0,0,no_overlap
improve-db8477837ef64970,0,0,0,,,0,0,0,no_overlap
improve-ebd5b544fc42cf13,0,0,0,,,0,0,0,no_overlap
improve-f744b6972de08d22,0,0,0,,,0,0,0,no_overlap
improve-7794405ed5fcd4a9,0,0,0,,,0,0,0,no_overlap
improve-77ee04514c96d22a,0,0,0,,,0,0,0,no_overlap
improve-6484ed5fca6b25fe,0,0,0,,,0,0,0,no_overlap
improve-6170bd9080aa506a,0,0,0,,,0,0,0,no_overlap
improve-f560c79d2a8ae2b2,0,0,0,,,0,0,0,no_overlap
improve-0e2bfa23e555f59d,0,0,0,,,0,0,0,no_overlap
improve-65a39dabefb7bef2,0,0,0,,,0,0,0,no_overlap
improve-7ffa5f6bfd626806,0,0,0,,,0,0,0,no_overlap
improve-5c7af5b099d6d11d,0,0,0,,,0,0,0,no_overlap
improve-4084aa9331b0bff7,0,0,0,,,0,0,0,no_overlap
improve-0db68f73bd0b092d,0,0,0,,,0,0,0,no_overlap
improve-11874572027ed360,0,0,0,,,0,0,0,no_overlap
improve-9ebbaf7eaf3e09e0,0,0,0,,,0,0,0,no_overlap
improve-84c5bba92dbb58f8,0,0,0,,,0,0,0,no_overlap
improve-538ee346c2d7d8b1,0,0,0,,,0,0,0,no_overlap
improve-f6d979c7079a668b,0,0,0,,,0,0,0,no_overlap
improve-c75afdb09e328cab,0,0,0,,,0,0,0,no_overlap
improve-15e7b29bc543894d,0,0,0,,,0,0,0,no_overlap
improve-ef7ea4471ddf314f,0,0,0,,,0,0,0,no_overlap
improve-b42122f7795039f1,0,0,0,,,0,0,0,no_overlap
improve-1c47db91cac5d6e4,0,0,0,,,0,0,0,no_overlap
improve-2320fce8d935b77e,1,0,0,,,0,0,0,no_overlap
improve-a664beeaf4830e3d,0,0,0,,,0,0,0,no_overlap
improve-b26219ac1b142ff4,0,0,0,,,0,0,0,no_overlap
improve-537486261393d12b,0,0,0,,,0,0,0,no_overlap
improve-c003697a15429a44,0,0,0,,,0,0,0,no_overlap
improve-2760ce3831d4697b,0,0,0,,,0,0,0,no_overlap
improve-3e1915b2eab6a3d6,0,0,0,,,0,0,0,no_overlap
improve-a4c646e2955e6fed,0,0,0,,,0,0,0,no_overlap
improve-33e5bab394e5f104,0,0,0,,,0,0,0,no_overlap
improve-cc4cd0dd4a33866c,0,0,0,,,0,0,0,no_overlap
improve-89961ab3147103d7,0,0,0,,,0,0,0,no_overlap
improve-e06e436ca685622b,0,0,0,,,0,0,0,no_overlap
improve-852452a316e87d17,0,0,0,,,0,0,0,no_overlap
improve-039ca48370ea6125,0,0,0,,,0,0,0,no_overlap
improve-b1c67202515af7ac,0,0,0,,,0,0,0,no_overlap
improve-f776c7dae134ac80,0,0,0,,,0,0,0,no_overlap
improve-bce323a529c38b26,0,0,0,,,0,0,0,no_overlap
improve-97b553f9ab7c544d,0,0,0,,,0,0,0,no_overlap
improve-9e43d00453fdcb17,0,0,0,,,0,0,0,no_overlap
improve-4f6b828934fcc47f,0,0,0,,,0,0,0,no_overlap
improve-a2b3884b0113df9e,0,0,0,,,0,0,0,no_overlap
improve-f69441c25558af54,0,0,0,,,0,0,0,no_overlap
improve-b7669cdbb6095266,0,0,0,,,0,0,0,no_overlap
improve-c20c624ef31e16e8,0,0,0,,,0,0,0,no_overlap
improve-289c61bb25efd45d,0,0,0,,,0,0,0,no_overlap
improve-ad38242127cddaff,0,0,0,,,0,0,0,no_overlap
improve-fa5d5eb7567beaa4,0,0,0,,,0,0,0,no_overlap
improve-fc7261f19c795e9a,0,0,0,,,0,0,0,no_overlap
improve-8ccbf5ffb9c2b192,0,0,0,,,0,0,0,no_overlap
improve-fde2bcf1f2c23213,0,0,0,,,0,0,0,no_overlap
improve-133713570817cbf7,0,0,0,,,0,0,0,no_overlap
improve-f340994e49c77f19,0,0,0,,,0,0,0,no_overlap
improve-f5f6ba33b5f8aabe,0,0,0,,,0,0,0,no_overlap
improve-2a3bdd888d6d9077,1,0,0,,,0,0,0,no_overlap
improve-cf2271c504f45968,0,0,0,,,0,0,0,no_overlap
improve-24ea7b59df5f7fe7,0,0,0,,,0,0,0,no_overlap
improve-7146c77df8c3f5a9,0,0,0,,,0,0,0,no_overlap
improve-be084034a7e034ba,0,0,0,,,0,0,0,no_overlap
improve-95dcf4187db3b667,0,0,0,,,0,0,0,no_overlap
improve-207b4bfb4aeabfa1,0,0,0,,,0,0,0,no_overlap
improve-d9ae0ca507385695,0,0,0,,,0,0,0,no_overlap
improve-5f941d740621ac55,0,0,0,,,0,0,0,no_overlap
improve-3b6b083dbb78fa9a,0,0,0,,,0,0,0,no_overlap
improve-7282c648b0fe0305,0,0,0,,,0,0,0,no_overlap
improve-3adff49ac3ed3aa8,0,0,0,,,0,0,0,no_overlap
improve-d6b45f05229692aa,0,0,0,,,0,0,0,no_overlap
improve-5a869557267fa510,0,0,0,,,0,0,0,no_overlap
improve-b4b5a3dae69df62e,0,0,0,,,0,0,0,no_overlap
improve-a35afb8a1756e269,0,0,0,,,0,0,0,no_overlap
improve-78eec00c5b1546b4,0,0,0,,,0,0,0,no_overlap
improve-6d9d31117d1d4620,0,0,0,,,0,0,0,no_overlap
improve-84b24013b00af836,0,0,0,,,0,0,0,no_overlap
improve-8ac6ee0077dbf1e7,0,0,0,,,0,0,0,no_overlap
improve-2716efd9b9431a9f,0,0,0,,,0,0,0,no_overlap
improve-a1e25cf192532a5d,0,0,0,,,0,0,0,no_overlap
improve-ae3e3b8fe91ed56b,0,0,0,,,0,0,0,no_overlap
improve-c21f467489c925cc,0,0,0,,,0,0,0,no_overlap
improve-56418a8cec6b4033,0,0,0,,,0,0,0,no_overlap
improve-47aaca03879e3338,0,0,0,,,0,0,0,no_overlap
improve-497959c2185c188b,0,0,0,,,0,0,0,no_overlap
improve-9ad87beac6c314d7,0,0,0,,,0,0,0,no_overlap
improve-bca24d8026e5143a,0,0,0,,,0,0,0,no_overlap
improve-9a5125be92247e09,0,0,0,,,0,0,0,no_overlap
improve-a898403b2912fb73,0,0,0,,,0,0,0,no_overlap
improve-051fcc760416fbc7,0,0,0,,,0,0,0,no_overlap
improve-a7aa58d9ab9a53b1,0,0,0,,,0,0,0,no_overlap
improve-5548e2fac5856a23,0,0,0,,,0,0,0,no_overlap
improve-d79950f1a1b8a0c0,0,0,0,,,0,0,0,no_overlap
improve-694223746f2dce0f,0,0,0,,,0,0,0,no_overlap
improve-66226bcc674cde4e,0,0,0,,,0,0,0,no_overlap
improve-77246d4782301471,0,0,0,,,0,0,0,no_overlap
improve-40e66714f01185a6,0,0,0,,,0,0,0,no_overlap
improve-720b2912e0ff48a5,0,0,0,,,0,0,0,no_overlap
improve-ce7ec87db847ef1e,0,0,0,,,0,0,0,no_overlap
improve-e67c2d734a324787,0,0,0,,,0,0,0,no_overlap
improve-7c389f46f8540d6f,0,0,0,,,0,0,0,no_overlap
improve-20e79da67dc6d60c,0,0,0,,,0,0,0,no_overlap
improve-5972834fbd6fd182,0,0,0,,,0,0,0,no_overlap
improve-7ca55831341069f3,0,0,0,,,0,0,0,no_overlap
improve-29fc4835f2e7390b,0,0,0,,,0,0,0,no_overlap
improve-e5d69854fbc4f624,0,0,0,,,0,0,0,no_overlap
improve-5dbb465a1407a3d2,0,0,0,,,0,0,0,no_overlap
improve-f9c9617ff1d3432b,0,0,0,,,0,0,0,no_overlap
improve-addc74ba8b2b1719,0,0,0,,,0,0,0,no_overlap
improve-070f13778e13a882,0,0,0,,,0,0,0,no_overlap
improve-1346fb69b926c932,0,0,0,,,0,0,0,no_overlap
improve-d65557fb99158b43,0,0,0,,,0,0,0,no_overlap
improve-94bd478946700895,0,0,0,,,0,0,0,no_overlap
improve-10588d008f5bb83b,0,0,0,,,0,0,0,no_overlap
improve-f5d201a7c89957c7,0,0,0,,,0,0,0,no_overlap
improve-8eac8957eef8c151,0,0,0,,,0,0,0,no_overlap
improve-364084480b1e29df,0,0,0,,,0,0,0,no_overlap
improve-1f56805f88d237bf,0,0,0,,,0,0,0,no_overlap
improve-73901db1035a7a3f,0,0,0,,,0,0,0,no_overlap
improve-570eabd699ae6105,0,0,0,,,0,0,0,no_overlap
improve-fc5576be41ccee48,0,0,0,,,0,0,0,no_overlap
improve-f8fae9215fa2c8b0,0,0,0,,,0,0,0,no_overlap
improve-d80351cc83c835ed,0,0,0,,,0,0,0,no_overlap
improve-0d89fcf25d97e05b,0,0,0,,,0,0,0,no_overlap
improve-ebc25643c7e7bfab,0,0,0,,,0,0,0,no_overlap
improve-8e552be6a3167587,0,0,0,,,0,0,0,no_overlap
improve-8782daf86425236d,0,0,0,,,0,0,0,no_overlap
improve-dbbd28129d57a10a,0,0,0,,,0,0,0,no_overlap
improve-a5e446239e7de5eb,0,0,0,,,0,0,0,no_overlap
improve-964a14944a26b41a,0,0,0,,,0,0,0,no_overlap
improve-2cf1d6d57bc3de0f,0,0,0,,,0,0,0,no_overlap
improve-fc43d1c4b5c3d488,0,0,0,,,0,0,0,no_overlap
improve-b38cd88f3085d428,0,0,0,,,0,0,0,no_overlap
improve-6da595802c57cad2,0,0,0,,,0,0,0,no_overlap
improve-f5ee5798e27d9888,0,0,0,,,0,0,0,no_overlap
improve-df4db755ecbbe53a,0,0,0,,,0,0,0,no_overlap
improve-61e7f363b1adc85c,1,0,0,,,0,0,0,no_overlap
improve-9aa4f97666cb0756,0,0,0,,,0,0,0,no_overlap
improve-355b1bcd2db198b5,0,0,0,,,0,0,0,no_overlap
improve-0389fd31c4798c60,0,0,0,,,0,0,0,no_overlap
improve-ed2218f050eb8945,0,0,0,,,0,0,0,no_overlap
improve-d731bbf5a88dd7a1,0,0,0,,,0,0,0,no_overlap
improve-88a8861c65986eb2,0,0,0,,,0,0,0,no_overlap
improve-326bf97c2401b25d,0,0,0,,,0,0,0,no_overlap
improve-85817b7ec9836f71,0,0,0,,,0,0,0,no_overlap
improve-4cc5c156fcbd9074,0,0,0,,,0,0,0,no_overlap
improve-ff873b26274ed2a6,0,0,0,,,0,0,0,no_overlap
improve-e64f13c5bc1ca52c,0,0,0,,,0,0,0,no_overlap
improve-565513be4c1768ef,0,0,0,,,0,0,0,no_overlap
improve-6700c2f7c9180a87,0,0,0,,,0,0,0,no_overlap
improve-5ee3c023a5addcc4,0,0,0,,,0,0,0,no_overlap
improve-1aca8e1b795c0d54,0,0,0,,,0,0,0,no_overlap
improve-3e16c618bfffe079,0,0,0,,,0,0,0,no_overlap
improve-e18649ed18902fd7,0,0,0,,,0,0,0,no_overlap
improve-02be6fea0a5bbc57,0,0,0,,,0,0,0,no_overlap
improve-200f6fddc4872fa2,0,0,0,,,0,0,0,no_overlap
improve-76ff19fc69226a47,0,0,0,,,0,0,0,no_overlap
improve-416ed59f69115f7b,0,0,0,,,0,0,0,no_overlap
improve-20e62eb8001f8a35,0,0,0,,,0,0,0,no_overlap
improve-0e8881ac3f3bccfe,0,0,0,,,0,0,0,no_overlap
improve-cf9ca4c7c7bee5ca,0,0,0,,,0,0,0,no_overlap
improve-19e29be54b1efb3e,0,0,0,,,0,0,0,no_overlap
improve-4708e52e7eba81a0,0,0,0,,,0,0,0,no_overlap
improve-d484581e193f97ef,0,0,0,,,0,0,0,no_overlap
improve-67366ad9237fa565,0,0,0,,,0,0,0,no_overlap
improve-22240dfb57184e40,0,0,0,,,0,0,0,no_overlap
improve-d29c821a4f40087a,0,0,0,,,0,0,0,no_overlap
improve-fa7301bfe3ef9086,0,0,0,,,0,0,0,no_overlap
improve-1703530a30847c6c,0,0,0,,,0,0,0,no_overlap
improve-175153fda112d985,0,0,0,,,0,0,0,no_overlap
improve-609955f78c693cf8,0,0,0,,,0,0,0,no_overlap
improve-a4764173665c3317,0,0,0,,,0,0,0,no_overlap
improve-535630fc4f668858,0,0,0,,,0,0,0,no_overlap
improve-4427c5ad1912b12c,0,0,0,,,0,0,0,no_overlap
improve-1d6269a5029f58e6,1,0,0,,,0,0,0,no_overlap
improve-2ef443c09ff88c42,0,0,0,,,0,0,0,no_overlap
improve-1000962b71b98ebd,0,0,0,,,0,0,0,no_overlap
improve-dceeaf9507157cf1,0,0,0,,,0,0,0,no_overlap
improve-946d5da2fcb44fbe,0,0,0,,,0,0,0,no_overlap
improve-fde8857ee56992e2,0,0,0,,,0,0,0,no_overlap
improve-8381eb97a2f8db26,0,0,0,,,0,0,0,no_overlap
improve-e32666f16c3e920a,0,0,0,,,0,0,0,no_overlap
improve-a9ca4ca14c375f22,0,0,0,,,0,0,0,no_overlap
improve-105879acd7e699b9,0,0,0,,,0,0,0,no_overlap
improve-dd339be85b3d3a8a,0,0,0,,,0,0,0,no_overlap
improve-04c81c7d95363322,0,0,0,,,0,0,0,no_overlap
improve-7f786c565b597f4a,0,0,0,,,0,0,0,no_overlap
improve-ad2f68eef813ea89,0,0,0,,,0,0,0,no_overlap
improve-714c40785cbd57cf,0,0,0,,,0,0,0,no_overlap
improve-4a423e41685b81a8,0,0,0,,,0,0,0,no_overlap
improve-a3018867aa134403,0,0,0,,,0,0,0,no_overlap
improve-8d8bfe7d7d46033d,0,0,0,,,0,0,0,no_overlap
improve-1206061abf1adbcb,0,0,0,,,0,0,0,no_overlap
improve-9ea9110c2eac3c7b,0,0,0,,,0,0,0,no_overlap
improve-0281829a6aae563b,0,0,0,,,0,0,0,no_overlap
improve-225b0d68c519e5a2,0,0,0,,,0,0,0,no_overlap
improve-d6d5c4e7a14bd71d,0,0,0,,,0,0,0,no_overlap
improve-baf94319340a377c,0,0,0,,,0,0,0,no_overlap
improve-74e5b9ca742ccca4,0,0,0,,,0,0,0,no_overlap
improve-64b77978d7f9765b,0,0,0,,,0,0,0,no_overlap
improve-2c76348f87c9885f,0,0,0,,,0,0,0,no_overlap
improve-057e6af0b20d770a,0,0,0,,,0,0,0,no_overlap
improve-941ce91c92152b8b,0,0,0,,,0,0,0,no_overlap
improve-d46a24d98ca1dbe6,0,0,0,,,0,0,0,no_overlap
improve-0a89585d4a2d2d9b,0,0,0,,,0,0,0,no_overlap
improve-f2488875182ad2c8,0,0,0,,,0,0,0,no_overlap
improve-b2a3c33cf73ad89d,0,0,0,,,0,0,0,no_overlap
improve-50628d519c33d6ec,0,0,0,,,0,0,0,no_overlap
improve-ba00662c8754eefb,0,0,0,,,0,0,0,no_overlap
improve-6073d245d23191d2,0,0,0,,,0,0,0,no_overlap
improve-efc13acbdec37031,0,0,0,,,0,0,0,no_overlap
improve-945980537fed6140,0,0,0,,,0,0,0,no_overlap
improve-74e7a1a07edf6e49,0,0,0,,,0,0,0,no_overlap
improve-3dfdcf15a4cb8a8b,0,0,0,,,0,0,0,no_overlap
improve-c76f7ee9e1a78624,0,0,0,,,0,0,0,no_overlap
improve-ef86107e711c0416,0,0,0,,,0,0,0,no_overlap
improve-f0d9df03a0e9ca45,0,0,0,,,0,0,0,no_overlap
improve-53039baed2b30464,0,0,0,,,0,0,0,no_overlap
improve-2d40ba27433aa7e6,0,0,0,,,0,0,0,no_overlap
improve-356ba09e39e20845,0,0,0,,,0,0,0,no_overlap
improve-9ef44f6ce190dc4d,0,0,0,,,0,0,0,no_overlap
improve-988ca82910bcb311,0,0,0,,,0,0,0,no_overlap
improve-00000dab2e43df90,0,0,0,,,0,0,0,no_overlap
improve-51b3492884ae1f2e,0,0,0,,,0,0,0,no_overlap
improve-1ebe27e36c42f334,0,0,0,,,0,0,0,no_overlap
improve-dbccb853193146a8,0,0,0,,,0,0,0,no_overlap
improve-66688a2958e9cdad,0,0,0,,,0,0,0,no_overlap
improve-d32a8e1a6c905c06,0,0,0,,,0,0,0,no_overlap
improve-713bc2f393c0aeb3,0,0,0,,,0,0,0,no_overlap
improve-79c5ec282b14b365,0,0,0,,,0,0,0,no_overlap
improve-ab58723c53cb832e,0,0,0,,,0,0,0,no_overlap
improve-6b06077c2e9590c2,0,0,0,,,0,0,0,no_overlap
improve-f24c8e603b6011aa,0,0,0,,,0,0,0,no_overlap
improve-d0a52ba153729db4,0,0,0,,,0,0,0,no_overlap
improve-1aa25c832cb183bc,0,0,0,,,0,0,0,no_overlap
improve-0d24e4e6af512550,0,0,0,,,0,0,0,no_overlap
improve-088ddb6be924dd33,0,0,0,,,0,0,0,no_overlap
improve-d47273e60c375325,0,0,0,,,0,0,0,no_overlap
improve-6da0ee1c93c649c4,0,0,0,,,0,0,0,no_overlap
improve-9607b7e6407b02df,0,0,0,,,0,0,0,no_overlap
improve-4f4fc6d1537ad806,0,0,0,,,0,0,0,no_overlap
improve-a8f072b05e60befb,0,0,0,,,0,0,0,no_overlap
improve-0dc031aa1707df30,0,0,0,,,0,0,0,no_overlap
improve-06d54922f9655703,0,0,0,,,0,0,0,no_overlap
improve-ba2b5bab7bd02e0a,0,0,0,,,0,0,0,no_overlap
improve-8a7fd80ea5c765b7,0,0,0,,,0,0,0,no_overlap
improve-0de3b1082f0fbacc,0,0,0,,,0,0,0,no_overlap
improve-8797f4e004f86f1f,0,0,0,,,0,0,0,no_overlap
improve-6896df920aa847a2,0,0,0,,,0,0,0,no_overlap
improve-9e571c01f50057ce,0,0,0,,,0,0,0,no_overlap
improve-6f9d92d23fce9d69,0,0,0,,,0,0,0,no_overlap
improve-9f421f65811b5fab,0,0,0,,,0,0,0,no_overlap
improve-bedfc51ca9f68466,0,0,0,,,0,0,0,no_overlap
improve-1f34a2a1f4f473fe,0,0,0,,,0,0,0,no_overlap
improve-9039eff9cb1c947b,0,0,0,,,0,0,0,no_overlap
improve-81e93291407d666c,0,0,0,,,0,0,0,no_overlap
improve-89687a42c38e50f1,0,0,0,,,0,0,0,no_overlap
improve-0fbfaa8a03ead8a0,0,0,0,,,0,0,0,no_overlap
improve-8c37bfae5c95f63d,0,0,0,,,0,0,0,no_overlap
improve-8f184701509196c1,0,0,0,,,0,0,0,no_overlap
improve-00762ab0ffbfb5a2,0,0,0,,,0,0,0,no_overlap
improve-3d577f671914cfa5,0,0,0,,,0,0,0,no_overlap
improve-b595a9424b346ffc,0,0,0,,,0,0,0,no_overlap
improve-e75314dd3d46b35c,0,0,0,,,0,0,0,no_overlap
improve-872c79ba33916c35,0,0,0,,,0,0,0,no_overlap
improve-740ad521b91e8b0e,0,0,0,,,0,0,0,no_overlap
improve-9d9038582c6310f3,0,0,0,,,0,0,0,no_overlap
improve-3017bb04f05e9c2a,0,0,0,,,0,0,0,no_overlap
improve-a57b036c3749e227,0,0,0,,,0,0,0,no_overlap
improve-34a324435b9b9cbc,0,0,0,,,0,0,0,no_overlap
improve-6a6967454dd6f0f2,0,0,0,,,0,0,0,no_overlap
improve-4c2a15b18e24144d,1,0,0,,,0,0,0,no_overlap
improve-408c7ef15ffa0263,0,0,0,,,0,0,0,no_overlap
improve-031305cd0637e65b,0,0,0,,,0,0,0,no_overlap
improve-ba4d31c055fa63b0,0,0,0,,,0,0,0,no_overlap
improve-9b32799ea1eaab4e,0,0,0,,,0,0,0,no_overlap
improve-d4bb586784f63314,0,0,0,,,0,0,0,no_overlap
improve-6214d16ebc604d7e,0,0,0,,,0,0,0,no_overlap
improve-ee4d10fd7b50c76e,0,0,0,,,0,0,0,no_overlap
improve-d83e9a3de3eeea47,0,0,0,,,0,0,0,no_overlap
improve-cef777ddc79b00ab,0,0,0,,,0,0,0,no_overlap
improve-aed520cdc1f06b4e,0,0,0,,,0,0,0,no_overlap
improve-6089aaa5e8a47c65,0,0,0,,,0,0,0,no_overlap
improve-c6a658a3564b9867,0,0,0,,,0,0,0,no_overlap
improve-5ecc5e0cdb60d197,0,0,0,,,0,0,0,no_overlap
improve-e101f597f53c4c10,0,0,0,,,0,0,0,no_overlap
improve-d12130142a1656c0,0,0,0,,,0,0,0,no_overlap
improve-32a8aa717b644abe,0,0,0,,,0,0,0,no_overlap
improve-625f5373ec907b4e,0,0,0,,,0,0,0,no_overlap
improve-9f072475153b29d4,0,0,0,,,0,0,0,no_overlap
improve-15aa48fb46e736e7,0,0,0,,,0,0,0,no_overlap
improve-1335fad26782b540,0,0,0,,,0,0,0,no_overlap
improve-0dd745c539f4be38,0,0,0,,,0,0,0,no_overlap
improve-137a0d1cf5ca1125,0,0,0,,,0,0,0,no_overlap
improve-36d1f722ebcb6ecc,0,0,0,,,0,0,0,no_overlap
improve-115e44d7a511c165,0,0,0,,,0,0,0,no_overlap
improve-e27a848a6063d0d0,0,0,0,,,0,0,0,no_overlap
improve-dc73746ef5e89184,0,0,0,,,0,0,0,no_overlap
improve-b0ab52fa5f5c655f,0,0,0,,,0,0,0,no_overlap
improve-d8990112b9fb93fe,0,0,0,,,0,0,0,no_overlap
improve-4ba2d3f775cac96b,0,0,0,,,0,0,0,no_overlap
improve-56c1f0d591728d39,0,0,0,,,0,0,0,no_overlap
improve-9acd752f4f53c980,0,0,0,,,0,0,0,no_overlap
improve-f88a97f0b2b2bbe9,0,0,0,,,0,0,0,no_overlap
improve-8c0b203742b77ee7,0,0,0,,,0,0,0,no_overlap
improve-fc8b041d6560777c,0,0,0,,,0,0,0,no_overlap
improve-2c0cccef452f140e,1,0,0,,,0,0,0,no_overlap
improve-3bc52297a1bad065,0,0,0,,,0,0,0,no_overlap
improve-3ed37ba9bebd8e67,0,0,0,,,0,0,0,no_overlap
improve-9e6945a8479b0eaf,0,0,0,,,0,0,0,no_overlap
improve-685d9b4c8b4d0e7c,0,0,0,,,0,0,0,no_overlap
improve-79e5f07e038b2adf,0,0,0,,,0,0,0,no_overlap
improve-ccf0ce90cdbbf49d,0,0,0,,,0,0,0,no_overlap
improve-537bb8f3bd30dedc,0,0,0,,,0,0,0,no_overlap
improve-5004b07053f82650,0,0,0,,,0,0,0,no_overlap
improve-713fd7d355ec0c77,0,0,0,,,0,0,0,no_overlap
improve-0fad41b9f612c072,0,0,0,,,0,0,0,no_overlap
improve-5405b56c431df662,0,0,0,,,0,0,0,no_overlap
improve-e3a806c332a57d16,0,0,0,,,0,0,0,no_overlap
improve-899069e0d9936ff5,0,0,0,,,0,0,0,no_overlap
improve-05dcaebc2ac35ec4,0,0,0,,,0,0,0,no_overlap
improve-80602415edce880a,0,0,0,,,0,0,0,no_overlap
improve-b2ba1ea538f0949c,0,0,0,,,0,0,0,no_overlap
improve-1e52dc2a6dc2a5e5,0,0,0,,,0,0,0,no_overlap
improve-b11bff51d12498e9,0,0,0,,,0,0,0,no_overlap
improve-d42a3b2336c4c6ad,0,0,0,,,0,0,0,no_overlap
improve-75ed83a7455dd25f,0,0,0,,,0,0,0,no_overlap
improve-977739eabb79a12a,0,0,0,,,0,0,0,no_overlap
improve-7349feda897b60e0,0,0,0,,,0,0,0,no_overlap
improve-bd1264ef66d77b62,0,0,0,,,0,0,0,no_overlap
improve-31b235c1391a9af9,0,0,0,,,0,0,0,no_overlap
improve-59bd6d4d6e884b2b,0,1,1,0,0,1,0,0,exact_label_concordant
improve-55db9b15d27419ed,0,0,0,,,0,0,0,no_overlap
improve-e606c7dce700074e,0,0,0,,,0,0,0,no_overlap
improve-56b5a3ea6de2c3d5,0,0,0,,,0,0,0,no_overlap
improve-1f2ba31b9e213c87,0,0,0,,,0,0,0,no_overlap
improve-cfbdb35d03580789,0,0,0,,,0,0,0,no_overlap
improve-a6957b9063eb8790,0,0,0,,,0,0,0,no_overlap
improve-73e21816b26797ff,0,0,0,,,0,0,0,no_overlap
improve-e28d73f88e691298,0,0,0,,,0,0,0,no_overlap
improve-54c9e33e5c4f0910,0,0,0,,,0,0,0,no_overlap
improve-1a1e09821e645467,0,0,0,,,0,0,0,no_overlap
improve-fe9ec0b07f34f92a,0,0,0,,,0,0,0,no_overlap
improve-2c77ce86400efbc7,0,0,0,,,0,0,0,no_overlap
improve-e4b037649c51b70c,0,0,0,,,0,0,0,no_overlap
improve-b3fc54bcc1f835cf,0,0,0,,,0,0,0,no_overlap
improve-db87285cd1bcf674,1,0,0,,,0,0,0,no_overlap
improve-bf6b13972310b7a5,0,0,0,,,0,0,0,no_overlap
improve-392435ab091485d0,0,0,0,,,0,0,0,no_overlap
improve-f9c656f0b19ef004,0,0,0,,,0,0,0,no_overlap
improve-772768d43bea4012,0,0,0,,,0,0,0,no_overlap
improve-8ed8458f5d19a388,0,0,0,,,0,0,0,no_overlap
improve-8725d5ff980cc62d,0,0,0,,,0,0,0,no_overlap
improve-5dfa75d3b9323035,0,0,0,,,0,0,0,no_overlap
improve-54f3f7bcfc6edf16,0,0,0,,,0,0,0,no_overlap
improve-66dee1c84baa41fa,0,0,0,,,0,0,0,no_overlap
improve-0e8e7e44b4a600c0,0,0,0,,,0,0,0,no_overlap
improve-330cf5db8824ef0a,0,0,0,,,0,0,0,no_overlap
improve-187b7bcaa6bc4f66,0,0,0,,,0,0,0,no_overlap
improve-8014402dc44c0b88,0,0,0,,,0,0,0,no_overlap
improve-8bb4d25ac7458698,0,0,0,,,0,0,0,no_overlap
improve-e10c1b864580179b,0,0,0,,,0,0,0,no_overlap
improve-135658530061e559,0,0,0,,,0,0,0,no_overlap
improve-7d615199139af32a,0,0,0,,,0,0,0,no_overlap
improve-334b434c29be094c,0,0,0,,,0,0,0,no_overlap
improve-71bd3e39b6d7992a,0,0,0,,,0,0,0,no_overlap
improve-9cf089774e8b2895,0,0,0,,,0,0,0,no_overlap
improve-9372d085d03ec5fa,0,0,0,,,0,0,0,no_overlap
improve-de2dfb3a7d2e3d13,1,0,0,,,0,0,0,no_overlap
improve-2a20c4df98af6bce,1,0,0,,,0,0,0,no_overlap
improve-40e000d6bf51cf84,0,0,0,,,0,0,0,no_overlap
improve-eebc69e23edefbb2,0,0,0,,,0,0,0,no_overlap
improve-b97dcac6b96e9c98,0,0,0,,,0,0,0,no_overlap
improve-a070d04d93946e85,0,0,0,,,0,0,0,no_overlap
improve-df613875250e18db,0,0,0,,,0,0,0,no_overlap
improve-6b66c0f8de30b6f7,0,0,0,,,0,0,0,no_overlap
improve-6a5ae895dd5a593d,0,0,0,,,0,0,0,no_overlap
improve-beb5747e40bb5994,0,0,0,,,0,0,0,no_overlap
improve-8288afa9d7083ad9,0,0,0,,,0,0,0,no_overlap
improve-0eb89bec91c336c1,0,0,0,,,0,0,0,no_overlap
improve-26f8678a55377976,0,0,0,,,0,0,0,no_overlap
improve-c9d613c50de7c792,0,0,0,,,0,0,0,no_overlap
improve-69dcd00c5390ca3a,0,0,0,,,0,0,0,no_overlap
improve-fc5d6065d5ca5f1d,0,0,0,,,0,0,0,no_overlap
improve-48ca47dcc7dec12e,0,0,0,,,0,0,0,no_overlap
improve-57f6c7116402963c,0,0,0,,,0,0,0,no_overlap
improve-58c5e44defc88317,0,0,0,,,0,0,0,no_overlap
improve-7ae2f4573ee86f5c,0,0,0,,,0,0,0,no_overlap
improve-96367b1eade58d09,0,0,0,,,0,0,0,no_overlap
improve-60aaa360936b3cf6,0,0,0,,,0,0,0,no_overlap
improve-35ec00c77e26465c,0,0,0,,,0,0,0,no_overlap
improve-cd13f7abff8dd28c,0,0,0,,,0,0,0,no_overlap
improve-0f2ebc8f13d302b6,0,0,0,,,0,0,0,no_overlap
improve-219f41a8d56eee88,0,0,0,,,0,0,0,no_overlap
improve-d027318a0e72dee7,0,0,0,,,0,0,0,no_overlap
improve-438b03feac1f61a8,0,0,0,,,0,0,0,no_overlap
improve-4272e477d28b2c15,0,0,0,,,0,0,0,no_overlap
improve-7cbb34ba87310bda,0,0,0,,,0,0,0,no_overlap
improve-2abd6474b875a551,1,0,0,,,0,0,0,no_overlap
improve-a22e66937afc77d1,0,0,0,,,0,0,0,no_overlap
improve-3d69836d611cf11a,0,0,0,,,0,0,0,no_overlap
improve-355aea9316da027c,0,0,0,,,0,0,0,no_overlap
improve-c988d3b296868ef9,0,0,0,,,0,0,0,no_overlap
improve-d31e674b40515e27,0,0,0,,,0,0,0,no_overlap
improve-c8b16b37c200628e,0,0,0,,,0,0,0,no_overlap
improve-075b61675334fcc2,0,0,0,,,0,0,0,no_overlap
improve-17c8d39e3f345c20,0,0,0,,,0,0,0,no_overlap
improve-f1600090445dfe38,0,0,0,,,0,0,0,no_overlap
improve-def6162606e0233d,0,0,0,,,0,0,0,no_overlap
improve-7418614eec6569e9,0,0,0,,,0,0,0,no_overlap
improve-91d3c1e79738c24f,0,0,0,,,0,0,0,no_overlap
improve-6bc0eb107614b98c,0,0,0,,,0,0,0,no_overlap
improve-e9bf1617e9c91963,0,0,0,,,0,0,0,no_overlap
improve-7015ed5a70b55493,0,0,0,,,0,0,0,no_overlap
improve-ed85c1b08d359043,0,0,0,,,0,0,0,no_overlap
improve-e10b6ff080fcfd4f,0,0,0,,,0,0,0,no_overlap
improve-ee752445435c5137,0,0,0,,,0,0,0,no_overlap
improve-e121ea88766868b4,0,0,0,,,0,0,0,no_overlap
improve-1aabee15f64f617c,0,0,0,,,0,0,0,no_overlap
improve-0c15654d7a044910,0,0,0,,,0,0,0,no_overlap
improve-70521835a974262b,0,0,0,,,0,0,0,no_overlap
improve-475533b0a428de92,0,0,0,,,0,0,0,no_overlap
improve-1325180762618016,0,0,0,,,0,0,0,no_overlap
improve-ce231776ec1c445a,0,0,0,,,0,0,0,no_overlap
improve-ceb2ba814e1d6b14,0,0,0,,,0,0,0,no_overlap
improve-4a7c256a1ec07f2d,0,0,0,,,0,0,0,no_overlap
improve-74c9e4e174256dc8,0,0,0,,,0,0,0,no_overlap
improve-d5c267df784fb674,0,0,0,,,0,0,0,no_overlap
improve-62dbc51157924da6,0,0,0,,,0,0,0,no_overlap
improve-fded321b712ae954,0,0,0,,,0,0,0,no_overlap
improve-aca81bd4c3342bc9,0,0,0,,,0,0,0,no_overlap
improve-aab3ad0976e595d8,0,0,0,,,0,0,0,no_overlap
improve-95a922c2ec4bc4a8,0,0,0,,,0,0,0,no_overlap
improve-094cf34a415081d7,0,0,0,,,0,0,0,no_overlap
improve-eaff42aa48d316dd,1,0,0,,,0,0,0,no_overlap
improve-13678ab88f47ef37,0,0,0,,,0,0,0,no_overlap
improve-81c0978d81617a61,0,0,0,,,0,0,0,no_overlap
improve-f9d742c3a5cd90b9,0,0,0,,,0,0,0,no_overlap
improve-abe047dc635407db,0,0,0,,,0,0,0,no_overlap
improve-317fdec91bc82761,0,0,0,,,0,0,0,no_overlap
improve-971e1affc77d5b41,0,0,0,,,0,0,0,no_overlap
improve-52ffe7610dee6581,0,0,0,,,0,0,0,no_overlap
improve-7e5433b77b71bcf2,0,0,0,,,0,0,0,no_overlap
improve-e52a3f0debba1332,0,0,0,,,0,0,0,no_overlap
improve-f3e67364076cafeb,0,0,0,,,0,0,0,no_overlap
improve-0c73833130d04118,0,0,0,,,0,0,0,no_overlap
improve-259e741a90a62a18,0,0,0,,,0,0,0,no_overlap
improve-eded94cedf5276d0,0,0,0,,,0,0,0,no_overlap
improve-ec055a435de2d6ae,0,0,0,,,0,0,0,no_overlap
improve-ff2386f217228f06,0,0,0,,,0,0,0,no_overlap
improve-5854c45bacfb5be4,0,0,0,,,0,0,0,no_overlap
improve-ff5a345373d4cf17,0,0,0,,,0,0,0,no_overlap
improve-99df6ed7019cf8ca,0,0,0,,,0,0,0,no_overlap
improve-ed750c5d72895a64,0,0,0,,,0,0,0,no_overlap
improve-3103d469bd369254,0,0,0,,,0,0,0,no_overlap
improve-14d5ef48be3c7abd,0,0,0,,,0,0,0,no_overlap
improve-403a1e07d2793b1c,0,0,0,,,0,0,0,no_overlap
improve-9063e4e6dbcdb518,0,0,0,,,0,0,0,no_overlap
improve-90813a732b469235,0,0,0,,,0,0,0,no_overlap
improve-6a69479e059a77f4,0,0,0,,,0,0,0,no_overlap
improve-f7130e51aea77a8e,0,0,0,,,0,0,0,no_overlap
improve-92e18d1d83852962,0,0,0,,,0,0,0,no_overlap
improve-8a4c2be7e52449f9,0,0,0,,,0,0,0,no_overlap
improve-b2714f3c775dde39,0,0,0,,,0,0,0,no_overlap
improve-615f34d4a71acffa,0,0,0,,,0,0,0,no_overlap
improve-2d86a416ac7850a9,0,0,0,,,0,0,0,no_overlap
improve-5cf3f1a2192ce5d1,0,0,0,,,0,0,0,no_overlap
improve-4bf2d4280255b4b3,0,0,0,,,0,0,0,no_overlap
improve-65349810c72a046f,0,0,0,,,0,0,0,no_overlap
improve-94d86571d20e8942,0,0,0,,,0,0,0,no_overlap
improve-ec56f53c5c2afd2b,0,0,0,,,0,0,0,no_overlap
improve-492e92cc62a9b919,0,0,0,,,0,0,0,no_overlap
improve-7d988c3701e06587,0,0,0,,,0,0,0,no_overlap
improve-1b0c58c6aa185c5a,0,0,0,,,0,0,0,no_overlap
improve-be25a5cee54501fe,0,0,0,,,0,0,0,no_overlap
improve-a92c5a2a58697910,0,0,0,,,0,0,0,no_overlap
improve-2c423b9c29808dae,0,0,0,,,0,0,0,no_overlap
improve-706a329b57080e2a,0,0,0,,,0,0,0,no_overlap
improve-434e23c974a7fcc1,0,0,0,,,0,0,0,no_overlap
improve-6c8fb9b61d155459,0,0,0,,,0,0,0,no_overlap
improve-490605bf5ffcdf64,0,0,0,,,0,0,0,no_overlap
improve-bd99442a986f82bc,0,0,0,,,0,0,0,no_overlap
improve-54f26e4867252857,0,0,0,,,0,0,0,no_overlap
improve-d9e47e59df038a22,0,0,0,,,0,0,0,no_overlap
improve-8b15d49e8702b1b6,0,0,0,,,0,0,0,no_overlap
improve-e907ee61ee95ea21,0,0,0,,,0,0,0,no_overlap
improve-3e2550d8503e89c4,0,0,0,,,0,0,0,no_overlap
improve-b2b3134fa346c7d0,0,0,0,,,0,0,0,no_overlap
improve-e607784c0360ba1a,0,0,0,,,0,0,0,no_overlap
improve-84135bd4eac34190,0,0,0,,,0,0,0,no_overlap
improve-0f5712a6ed819891,0,0,0,,,0,0,0,no_overlap
improve-d8d25f42bede2917,0,0,0,,,0,0,0,no_overlap
improve-6fe8c66d320a11f1,0,0,0,,,0,0,0,no_overlap
improve-1fd42bd82d09ea30,0,0,0,,,0,0,0,no_overlap
improve-1388120ec4f1893e,0,0,0,,,0,0,0,no_overlap
improve-68ff2de8b717687c,1,0,0,,,0,0,0,no_overlap
improve-eb5feba8bbf231d3,0,0,0,,,0,0,0,no_overlap
improve-41013aefdfb282ed,0,0,0,,,0,0,0,no_overlap
improve-afa5043edcfa5c2e,0,0,0,,,0,0,0,no_overlap
improve-e8e30fd3b3af84ea,0,0,0,,,0,0,0,no_overlap
improve-3cd49a25d8767012,0,0,0,,,0,0,0,no_overlap
improve-e8237b2f157d07f7,0,0,0,,,0,0,0,no_overlap
improve-b0ec17f8c251f4d2,0,0,0,,,0,0,0,no_overlap
improve-9f7423baffbf1a4b,0,0,0,,,0,0,0,no_overlap
improve-ecf020b02d8ff3dc,0,0,0,,,0,0,0,no_overlap
improve-a52fc123bb1b4e72,0,0,0,,,0,0,0,no_overlap
improve-7a887f8f8e0ce40e,0,0,0,,,0,0,0,no_overlap
improve-f10221dbd6b8594f,0,0,0,,,0,0,0,no_overlap
improve-80894e1d43fab584,0,0,0,,,0,0,0,no_overlap
improve-da992ed27c858b0e,0,0,0,,,0,0,0,no_overlap
improve-454e2cdd3285859d,0,0,0,,,0,0,0,no_overlap
improve-70884378b652b4b1,0,0,0,,,0,0,0,no_overlap
improve-e8d50ad0a60d614a,0,0,0,,,0,0,0,no_overlap
improve-4d9640ee25b38344,0,0,0,,,0,0,0,no_overlap
improve-1be77dc99aaff635,0,0,0,,,0,0,0,no_overlap
improve-116f6ee71efa72b7,0,0,0,,,0,0,0,no_overlap
improve-927bc06b5e45e10f,0,0,0,,,0,0,0,no_overlap
improve-3cd16fbcddc223c5,0,0,0,,,0,0,0,no_overlap
improve-f2626dab9c5e24a7,0,0,0,,,0,0,0,no_overlap
improve-e9fc5598a567a814,0,0,0,,,0,0,0,no_overlap
improve-22d651b55b6589f2,0,0,0,,,0,0,0,no_overlap
improve-2229211c0c1742b0,0,0,0,,,0,0,0,no_overlap
improve-695f3bc8f8eaa1e6,0,0,0,,,0,0,0,no_overlap
improve-098b69ce9fb9eda8,0,0,0,,,0,0,0,no_overlap
improve-47d260bf0dc6b9fd,0,0,0,,,0,0,0,no_overlap
improve-ffc02fbf662cb8e5,0,0,0,,,0,0,0,no_overlap
improve-3452688dc444257a,0,0,0,,,0,0,0,no_overlap
improve-c654424cd8c140b1,0,0,0,,,0,0,0,no_overlap
improve-0c2a9858f2f138cc,0,0,0,,,0,0,0,no_overlap
improve-7b4bf8b61942e319,0,0,0,,,0,0,0,no_overlap
improve-cea95fbcdcf12eac,0,0,0,,,0,0,0,no_overlap
improve-bc938768d61d0ebc,0,0,0,,,0,0,0,no_overlap
improve-66b7aabb09df8fb3,0,0,0,,,0,0,0,no_overlap
improve-5ccb6fdbacd6aa3f,0,0,0,,,0,0,0,no_overlap
improve-61062d5464e70f9b,0,0,0,,,0,0,0,no_overlap
improve-be6baf6c37ed33ff,0,0,0,,,0,0,0,no_overlap
improve-2de2770353d56b63,0,0,0,,,0,0,0,no_overlap
improve-3b8cdb5a8c271379,0,0,0,,,0,0,0,no_overlap
improve-9c3496c325fe048f,0,0,0,,,0,0,0,no_overlap
improve-1ee78384b7f594f2,0,0,0,,,0,0,0,no_overlap
improve-eaa70daca5a6d4ad,0,0,0,,,0,0,0,no_overlap
improve-16f1f92eafe8ffe0,0,0,0,,,0,0,0,no_overlap
improve-3a10c8fef0134f04,0,0,0,,,0,0,0,no_overlap
improve-14a32e420fe1d870,0,0,0,,,0,0,0,no_overlap
improve-78976be553d4a2c2,0,0,0,,,0,0,0,no_overlap
improve-fd2a0ac48cb102ed,1,0,0,,,0,0,0,no_overlap
improve-131adc96a00d2472,0,0,0,,,0,0,0,no_overlap
improve-41affd2619270b08,0,0,0,,,0,0,0,no_overlap
improve-c23495f4a46537e4,0,0,0,,,0,0,0,no_overlap
improve-7774ea0928fd206b,0,0,0,,,0,0,0,no_overlap
improve-4176764996f365d1,0,0,0,,,0,0,0,no_overlap
improve-f37d703d241a15f0,0,0,0,,,0,0,0,no_overlap
improve-8dfdf5e3fff852b4,0,0,0,,,0,0,0,no_overlap
improve-976a24f97ba2f894,0,0,0,,,0,0,0,no_overlap
improve-41eee7bbe77a5745,0,0,0,,,0,0,0,no_overlap
improve-c190b1656e686051,0,0,0,,,0,0,0,no_overlap
improve-6b1908a2effdb541,0,0,0,,,0,0,0,no_overlap
improve-e510e3f4b52d458c,0,0,0,,,0,0,0,no_overlap
improve-46ccf48241c0b0e6,0,0,0,,,0,0,0,no_overlap
improve-b03a11814f9e3065,0,0,0,,,0,0,0,no_overlap
improve-fceebe780ee93c37,0,0,0,,,0,0,0,no_overlap
improve-891744266cdc3cf4,0,0,0,,,0,0,0,no_overlap
improve-2cacd75c3dbb08dc,0,0,0,,,0,0,0,no_overlap
improve-c333ea0c9a18da5c,0,0,0,,,0,0,0,no_overlap
improve-c13dacfdbf5b2d60,0,0,0,,,0,0,0,no_overlap
improve-296422e057767f78,0,0,0,,,0,0,0,no_overlap
improve-3586dac7431acdb9,0,0,0,,,0,0,0,no_overlap
improve-f1299997dc98bfd3,0,0,0,,,0,0,0,no_overlap
improve-cc16881706bba3e5,0,0,0,,,0,0,0,no_overlap
improve-28c44cf0c201f34c,0,0,0,,,0,0,0,no_overlap
improve-586c4c576112c589,0,0,0,,,0,0,0,no_overlap
improve-867187601e0790d3,0,0,0,,,0,0,0,no_overlap
improve-828774a9355038e1,0,0,0,,,0,0,0,no_overlap
improve-d556850b46304c7e,0,0,0,,,0,0,0,no_overlap
improve-42d2f82d4bd1c5c4,0,0,0,,,0,0,0,no_overlap
improve-a3a9824bd7801551,0,0,0,,,0,0,0,no_overlap
improve-e516035ac2b6e5b3,0,0,0,,,0,0,0,no_overlap
improve-5552370bafa9e12a,0,0,0,,,0,0,0,no_overlap
improve-85efa748df02b122,0,0,0,,,0,0,0,no_overlap
improve-9c12ff434a946929,0,0,0,,,0,0,0,no_overlap
improve-feb00c8b2da44eef,0,0,0,,,0,0,0,no_overlap
improve-6d32a2537fc3b11e,0,0,0,,,0,0,0,no_overlap
improve-16f6bede20eea3b2,0,0,0,,,0,0,0,no_overlap
improve-8a58bd04156ac8bd,0,0,0,,,0,0,0,no_overlap
improve-59052e7a3b540299,0,0,0,,,0,0,0,no_overlap
improve-6b04632530af9e43,0,0,0,,,0,0,0,no_overlap
improve-ee90390a32533d62,0,0,0,,,0,0,0,no_overlap
improve-7ff8fd1b3766ff78,0,0,0,,,0,0,0,no_overlap
improve-8254e01ce2885aff,1,0,0,,,0,0,0,no_overlap
improve-90912a80b852e728,0,0,0,,,0,0,0,no_overlap
improve-706a7358d3217cce,0,0,0,,,0,0,0,no_overlap
improve-37df35d73cac8607,0,0,0,,,0,0,0,no_overlap
improve-f542ed6272ea7965,0,0,0,,,0,0,0,no_overlap
improve-7979d00ef8f03842,0,0,0,,,0,0,0,no_overlap
improve-9c40655641cf7b46,0,0,0,,,0,0,0,no_overlap
improve-dde638692d2bfc34,0,0,0,,,0,0,0,no_overlap
improve-9acff9e599790890,0,0,0,,,0,0,0,no_overlap
improve-200ca95eaa2c6e63,0,0,0,,,0,0,0,no_overlap
improve-b5cb39fad7ef9dc2,0,0,0,,,0,0,0,no_overlap
improve-28db58f433f83076,0,0,0,,,0,0,0,no_overlap
improve-05262f3c6a57e636,0,0,0,,,0,0,0,no_overlap
improve-f23f622330d30252,0,0,0,,,0,0,0,no_overlap
improve-9e1b31ebcfa09c8f,0,0,0,,,0,0,0,no_overlap
improve-82a1583d9aad1191,0,0,0,,,0,0,0,no_overlap
improve-32577b98a4cbb1ec,0,0,0,,,0,0,0,no_overlap
improve-012865aeebaee1a5,0,0,0,,,0,0,0,no_overlap
improve-7a95cbc8a3687063,0,0,0,,,0,0,0,no_overlap
improve-4b7460c5af8d5752,0,0,0,,,0,0,0,no_overlap
improve-0437133bb69bffda,0,0,0,,,0,0,0,no_overlap
improve-0142b25b74c613fb,0,0,0,,,0,0,0,no_overlap
improve-9ec4db0e3d70f9f1,0,0,0,,,0,0,0,no_overlap
improve-f76e3c8795dbb559,0,0,0,,,0,0,0,no_overlap
improve-5b37ba8e582ff6fa,0,0,0,,,0,0,0,no_overlap
improve-30b0da1c775323e8,0,0,0,,,0,0,0,no_overlap
improve-1102e6e10b0f007f,0,0,0,,,0,0,0,no_overlap
improve-9b7036ff4ed014fc,0,0,0,,,0,0,0,no_overlap
improve-fcf1f592ef34810b,0,0,0,,,0,0,0,no_overlap
improve-d9411bd0a59f1e1e,0,0,0,,,0,0,0,no_overlap
improve-9e46eab754a6fce7,0,0,0,,,0,0,0,no_overlap
improve-e5cd96be617b704e,0,0,0,,,0,0,0,no_overlap
improve-d02a835f0955a58a,0,0,0,,,0,0,0,no_overlap
improve-b65d462c8fdd3d87,0,0,0,,,0,0,0,no_overlap
improve-d10c8425808218ae,0,0,0,,,0,0,0,no_overlap
improve-eab40cdc3bc9409a,0,0,0,,,0,0,0,no_overlap
improve-28b9213cae01053f,0,0,0,,,0,0,0,no_overlap
improve-cb8e8cb04a2e589f,0,0,0,,,0,0,0,no_overlap
improve-e8ddb1723d172217,0,0,0,,,0,0,0,no_overlap
improve-aa49154c8bcda305,0,0,0,,,0,0,0,no_overlap
improve-8e2b133abceff9f7,0,0,0,,,0,0,0,no_overlap
improve-4a01b99d01f1595b,0,0,0,,,0,0,0,no_overlap
improve-c172d6abaf0791f4,0,0,0,,,0,0,0,no_overlap
improve-65adef088ebc03e2,0,0,0,,,0,0,0,no_overlap
improve-f0402873c5230184,0,0,0,,,0,0,0,no_overlap
improve-cec6fe39c039bed7,0,0,0,,,0,0,0,no_overlap
improve-31111e245a1f75d1,0,0,0,,,0,0,0,no_overlap
improve-b72f16baadded60f,0,0,0,,,0,0,0,no_overlap
improve-dde9a22163073108,0,0,0,,,0,0,0,no_overlap
improve-ac0b8aa5e5ad6105,0,0,0,,,0,0,0,no_overlap
improve-efb78357c4d2bff6,0,0,0,,,0,0,0,no_overlap
improve-b70957d95bc21ec8,0,0,0,,,0,0,0,no_overlap
improve-1b2e34d12cfa2413,0,0,0,,,0,0,0,no_overlap
improve-9cf0ba884aec084e,0,0,0,,,0,0,0,no_overlap
improve-b31de2983805ee51,0,0,0,,,0,0,0,no_overlap
improve-b5a9b887ef76d796,0,0,0,,,0,0,0,no_overlap
improve-9c95d1357bf57c8b,0,0,0,,,0,0,0,no_overlap
improve-1b19a08a45080704,0,0,0,,,0,0,0,no_overlap
improve-f874949251153b08,0,0,0,,,0,0,0,no_overlap
improve-40b65d1f76a26386,0,0,0,,,0,0,0,no_overlap
improve-d348b1785619a0b4,0,0,0,,,0,0,0,no_overlap
improve-dba2a563e15345a8,0,0,0,,,0,0,0,no_overlap
improve-db88c8c7a45fb675,0,0,0,,,0,0,0,no_overlap
improve-4f656abc2777c82c,0,0,0,,,0,0,0,no_overlap
improve-7279b355a9cc8952,0,0,0,,,0,0,0,no_overlap
improve-8ff0654e61670675,0,0,0,,,0,0,0,no_overlap
improve-23626a08e11a59da,0,0,0,,,0,0,0,no_overlap
improve-3f3553470d7f6861,0,0,0,,,0,0,0,no_overlap
improve-076b35146200c54a,0,0,0,,,0,0,0,no_overlap
improve-4621de5dfbac6a27,0,0,0,,,0,0,0,no_overlap
improve-ea7ddd60c74c7a4d,0,0,0,,,0,0,0,no_overlap
improve-f7ac53765e741392,0,0,0,,,0,0,0,no_overlap
improve-67e8fbf752d602e4,0,0,0,,,0,0,0,no_overlap
improve-d543f93da60aaa42,0,0,0,,,0,0,0,no_overlap
improve-a27d0ef83bdcc229,0,0,0,,,0,0,0,no_overlap
improve-a29d9b257bdd4a86,0,0,0,,,0,0,0,no_overlap
improve-dc989aef6c79de0b,0,0,0,,,0,0,0,no_overlap
improve-26c6b92e813174cc,0,0,0,,,0,0,0,no_overlap
improve-b4bd286f4fe82ae1,0,0,0,,,0,0,0,no_overlap
improve-5eaacbe53b19a9c2,0,0,0,,,0,0,0,no_overlap
improve-65b3d63c846ab28d,0,0,0,,,0,0,0,no_overlap
improve-d1ff4dc3266de744,0,0,0,,,0,0,0,no_overlap
improve-c6209b3a8192a933,1,0,0,,,0,0,0,no_overlap
improve-4f40a91880b6a0e3,0,0,0,,,0,0,0,no_overlap
improve-87ac3ad3109c1439,0,0,0,,,0,0,0,no_overlap
improve-98a9205874278fe6,0,0,0,,,0,0,0,no_overlap
improve-df279f79a28bf690,0,0,0,,,0,0,0,no_overlap
improve-c2cfd8f8543beb0a,0,0,0,,,0,0,0,no_overlap
improve-e3f7b89a57db626c,0,0,0,,,0,0,0,no_overlap
improve-c0bafe59ecf54602,0,0,0,,,0,0,0,no_overlap
improve-702c11c4354fc8c8,0,0,0,,,0,0,0,no_overlap
improve-e9ee6d18a7c1c7c8,0,0,0,,,0,0,0,no_overlap
improve-50625785446f3159,0,0,0,,,0,0,0,no_overlap
improve-eef7f114171d65ae,0,0,0,,,0,0,0,no_overlap
improve-6ed580d8a71ab8cf,0,0,0,,,0,0,0,no_overlap
improve-4370bc3c47967535,0,0,0,,,0,0,0,no_overlap
improve-6cf6717ae95a5cce,0,0,0,,,0,0,0,no_overlap
improve-455becf8c32d87e6,0,0,0,,,0,0,0,no_overlap
improve-8035eb89b4dad36e,0,0,0,,,0,0,0,no_overlap
improve-4cc4ab5f2e47183a,0,0,0,,,0,0,0,no_overlap
improve-e75d7587749a416e,0,0,0,,,0,0,0,no_overlap
improve-3ddd3c1292f73b2e,0,0,0,,,0,0,0,no_overlap
improve-ce8e90b33a1e2594,0,0,0,,,0,0,0,no_overlap
improve-957b51c1745b83a7,1,0,0,,,0,0,0,no_overlap
improve-d1bcf94805798431,0,0,0,,,0,0,0,no_overlap
improve-f0892d7e38c83339,0,0,0,,,0,0,0,no_overlap
improve-2350ff3001a13115,0,0,0,,,0,0,0,no_overlap
improve-a0c68da932fccf01,0,0,0,,,0,0,0,no_overlap
improve-66fc6f886c4eb212,0,0,0,,,0,0,0,no_overlap
improve-044f2f597a8e2b91,0,0,0,,,0,0,0,no_overlap
improve-b3d2e4c8c95ae2c3,0,0,0,,,0,0,0,no_overlap
improve-6bd8b1e49d1684b7,0,0,0,,,0,0,0,no_overlap
improve-ddff9f4ed207381d,0,0,0,,,0,0,0,no_overlap
improve-9db6abd410131a06,0,0,0,,,0,0,0,no_overlap
improve-a5a21883b7ea0df3,0,0,0,,,0,0,0,no_overlap
improve-341e0a50a3e4155c,0,0,0,,,0,0,0,no_overlap
improve-5612a6d6c2002efc,0,0,0,,,0,0,0,no_overlap
improve-2cc4314c4f7ea9a3,0,0,0,,,0,0,0,no_overlap
improve-3b8cbc5d6e6cd326,0,0,0,,,0,0,0,no_overlap
improve-02bea92d7412926b,0,0,0,,,0,0,0,no_overlap
improve-1b2e363721f86a33,0,0,0,,,0,0,0,no_overlap
improve-46ce7aa4d3b4603e,0,0,0,,,0,0,0,no_overlap
improve-dfdad96f29fde831,0,0,0,,,0,0,0,no_overlap
improve-53e67943c2a1166e,0,0,0,,,0,0,0,no_overlap
improve-f7ed1249c495589d,0,0,0,,,0,0,0,no_overlap
improve-e5db3a8b1aa01641,0,0,0,,,0,0,0,no_overlap
improve-b923deb8952cc562,0,0,0,,,0,0,0,no_overlap
improve-d09c1c84bcc7f6fb,0,0,0,,,0,0,0,no_overlap
improve-55bbc769b0748a40,0,0,0,,,0,0,0,no_overlap
improve-610df87e27da1f5f,0,0,0,,,0,0,0,no_overlap
improve-862f7d547762f716,0,0,0,,,0,0,0,no_overlap
improve-5b10a88dc0e72000,0,0,0,,,0,0,0,no_overlap
improve-df9c7c21f0158edd,0,0,0,,,0,0,0,no_overlap
improve-6dfd4f917a2268c9,0,0,0,,,0,0,0,no_overlap
improve-b815b8881bed0c3f,0,0,0,,,0,0,0,no_overlap
improve-27579ae97eebf8b1,0,0,0,,,0,0,0,no_overlap
improve-e9367d4d12a37df4,0,0,0,,,0,0,0,no_overlap
improve-c123350cd931f198,0,0,0,,,0,0,0,no_overlap
improve-8d132746893a41ad,0,0,0,,,0,0,0,no_overlap
improve-3e249d3af2c7b30c,0,0,0,,,0,0,0,no_overlap
improve-eb84cb3a4cb2bc49,0,0,0,,,0,0,0,no_overlap
improve-e85a7ca3bbf52f19,0,0,0,,,0,0,0,no_overlap
improve-b3d1177e0f3d2e1e,0,0,0,,,0,0,0,no_overlap
improve-e0169aac948380dc,0,0,0,,,0,0,0,no_overlap
improve-522f058b45334461,0,0,0,,,0,0,0,no_overlap
improve-38a57a6b3ea7ac10,0,0,0,,,0,0,0,no_overlap
improve-e42df005b8c6d796,0,0,0,,,0,0,0,no_overlap
improve-4c58a65e7bc06934,0,0,0,,,0,0,0,no_overlap
improve-17b877126b868508,0,0,0,,,0,0,0,no_overlap
improve-7588529a52348c65,0,0,0,,,0,0,0,no_overlap
improve-a47be6c1b3c6d618,0,0,0,,,0,0,0,no_overlap
improve-a212e6c34e7ffb9d,1,0,0,,,0,0,0,no_overlap
improve-5026b45a69f2bda1,0,0,0,,,0,0,0,no_overlap
improve-6b2c369c390a1668,0,0,0,,,0,0,0,no_overlap
improve-e396b3dc5d7683f7,0,0,0,,,0,0,0,no_overlap
improve-9c55061c406c6e35,0,0,0,,,0,0,0,no_overlap
improve-8fd1820febb8455f,0,0,0,,,0,0,0,no_overlap
improve-0608fceab5410867,0,0,0,,,0,0,0,no_overlap
improve-4bb91fb6321972da,0,0,0,,,0,0,0,no_overlap
improve-923c3e9a6cb6d358,0,0,0,,,0,0,0,no_overlap
improve-42a09dcb321d966d,0,0,0,,,0,0,0,no_overlap
improve-1b68d056560093e5,1,0,0,,,0,0,0,no_overlap
improve-10a28b5590d096ec,0,0,0,,,0,0,0,no_overlap
improve-96b588109191d561,0,0,0,,,0,0,0,no_overlap
improve-9de5bf69d4183e88,0,0,0,,,0,0,0,no_overlap
improve-e6bfb85d8c86261e,0,0,0,,,0,0,0,no_overlap
improve-63322d912d02bcfc,0,0,0,,,0,0,0,no_overlap
improve-754aaf8b63e57c89,0,0,0,,,0,0,0,no_overlap
improve-87019268fa4dbb6f,0,0,0,,,0,0,0,no_overlap
improve-95bf36d5f48ea41f,0,0,0,,,0,0,0,no_overlap
improve-6ea85559b0e5e8e0,0,0,0,,,0,0,0,no_overlap
improve-96137167a776f2d2,0,0,0,,,0,0,0,no_overlap
improve-bcc2c3b7aa9febf8,0,0,0,,,0,0,0,no_overlap
improve-0ef9f5e219701200,0,0,0,,,0,0,0,no_overlap
improve-37de7a1f8e38bd69,0,0,0,,,0,0,0,no_overlap
improve-f25c2e3c25991d54,0,0,0,,,0,0,0,no_overlap
improve-9d9c78fd8382a002,0,0,0,,,0,0,0,no_overlap
improve-92d87bc53bfc7de9,0,0,0,,,0,0,0,no_overlap
improve-30e21322409a60b0,0,0,0,,,0,0,0,no_overlap
improve-e276f43490e7ae30,0,0,0,,,0,0,0,no_overlap
improve-2e44ea9755a10a7f,0,0,0,,,0,0,0,no_overlap
improve-91f55f11655eb594,0,0,0,,,0,0,0,no_overlap
improve-cc4a5ebdf981d5dd,0,0,0,,,0,0,0,no_overlap
improve-ecb65a6494ed5066,0,0,0,,,0,0,0,no_overlap
improve-7b2e2b44f29965c2,0,0,0,,,0,0,0,no_overlap
improve-73399b343eb0b6a4,0,0,0,,,0,0,0,no_overlap
improve-59e450929d0d10db,0,0,0,,,0,0,0,no_overlap
improve-0d55c3eaec7ade3f,0,0,0,,,0,0,0,no_overlap
improve-dd6c020a69c67844,0,0,0,,,0,0,0,no_overlap
improve-e6f84a7b0910ec5e,0,0,0,,,0,0,0,no_overlap
improve-406406fe28cdd648,0,0,0,,,0,0,0,no_overlap
improve-b83d1f182c187b9f,0,0,0,,,0,0,0,no_overlap
improve-1067a23ee0128537,0,0,0,,,0,0,0,no_overlap
improve-fbacc7bfb78183b8,0,0,0,,,0,0,0,no_overlap
improve-da2fb77d2aeda6c2,0,0,0,,,0,0,0,no_overlap
improve-1c4302c83b39191f,0,0,0,,,0,0,0,no_overlap
improve-3008c6bc98236a46,0,0,0,,,0,0,0,no_overlap
improve-66b5690ac469d685,0,0,0,,,0,0,0,no_overlap
improve-11472885e7130f22,0,0,0,,,0,0,0,no_overlap
improve-68b1d43bf25c3ea4,0,0,0,,,0,0,0,no_overlap
improve-1297d69ead53c436,0,0,0,,,0,0,0,no_overlap
improve-30b7d4fff277f462,0,0,0,,,0,0,0,no_overlap
improve-fd669e9207ba88a4,0,0,0,,,0,0,0,no_overlap
improve-e4e1f554356a255b,0,0,0,,,0,0,0,no_overlap
improve-91f36ca569ba8971,0,0,0,,,0,0,0,no_overlap
improve-e89a9cecd67db4ac,0,0,0,,,0,0,0,no_overlap
improve-d4368c0aa7c7ffb8,0,0,0,,,0,0,0,no_overlap
improve-66eac9c251a5d426,0,0,0,,,0,0,0,no_overlap
improve-c91c98d63c9916a5,0,0,0,,,0,0,0,no_overlap
improve-7d42241cb8c0c32c,0,0,0,,,0,0,0,no_overlap
improve-3e0016088e24b87c,0,0,0,,,0,0,0,no_overlap
improve-915f0e320f6de7e0,0,0,0,,,0,0,0,no_overlap
improve-01fb79a867e8f704,0,0,0,,,0,0,0,no_overlap
improve-68c9171008cb0e62,0,0,0,,,0,0,0,no_overlap
improve-9a7e6fdc214734fe,0,0,0,,,0,0,0,no_overlap
improve-072e984f4228fa28,0,0,0,,,0,0,0,no_overlap
improve-fc0caa6435fa1b7d,0,0,0,,,0,0,0,no_overlap
improve-2f7bbe7297e4fb0b,0,0,0,,,0,0,0,no_overlap
improve-6a9ddabc68db7ac1,0,0,0,,,0,0,0,no_overlap
improve-0b6697ec3974fd28,0,0,0,,,0,0,0,no_overlap
improve-42edb26c6a27a173,0,0,0,,,0,0,0,no_overlap
improve-a9cdeba08443cfe0,1,0,0,,,0,0,0,no_overlap
improve-cb6880f0c6f7c37e,0,0,0,,,0,0,0,no_overlap
improve-f642f5791942a234,0,0,0,,,0,0,0,no_overlap
improve-59aa6ed28b2fae43,0,0,0,,,0,0,0,no_overlap
improve-d3e0e73af57d7fd8,0,0,0,,,0,0,0,no_overlap
improve-c272ecd13e6dae63,0,0,0,,,0,0,0,no_overlap
improve-b6ddbbbea534fdbc,0,0,0,,,0,0,0,no_overlap
improve-fa9dd77c8e5c6b69,1,0,0,,,0,0,0,no_overlap
improve-959ed9f65a0dec2b,1,0,0,,,0,0,0,no_overlap
improve-5031754b5d4fe07d,0,0,0,,,0,0,0,no_overlap
improve-bf66dd02a942d960,0,0,0,,,0,0,0,no_overlap
improve-a4d40c1d70137e7e,0,0,0,,,0,0,0,no_overlap
improve-525bb7a05b968b93,0,0,0,,,0,0,0,no_overlap
improve-4d8db954569cca5c,0,0,0,,,0,0,0,no_overlap
improve-edf563935f17708b,0,0,0,,,0,0,0,no_overlap
improve-4f6d55e2cd2ace9f,0,0,0,,,0,0,0,no_overlap
improve-71d7465bdff668ab,0,0,0,,,0,0,0,no_overlap
improve-20eca53adedf19a2,0,0,0,,,0,0,0,no_overlap
improve-4e68af51fd18d562,0,0,0,,,0,0,0,no_overlap
improve-37e663cd4af72bdf,0,0,0,,,0,0,0,no_overlap
improve-92a264e1c6c3a01f,0,0,0,,,0,0,0,no_overlap
improve-b5b6eaab251a19cb,0,0,0,,,0,0,0,no_overlap
improve-5169a5621cb3ed84,0,0,0,,,0,0,0,no_overlap
improve-f6c5f664fff5baef,0,0,0,,,0,0,0,no_overlap
improve-5dffbb702b7e252e,0,0,0,,,0,0,0,no_overlap
improve-409e309b23518f6d,0,0,0,,,0,0,0,no_overlap
improve-a9814cb1a1e958e1,0,0,0,,,0,0,0,no_overlap
improve-6832ac07badbf98e,0,0,0,,,0,0,0,no_overlap
improve-ac85454482f9653a,0,0,0,,,0,0,0,no_overlap
improve-0b4e069e56af4de8,0,0,0,,,0,0,0,no_overlap
improve-a5b648e339bea364,0,0,0,,,0,0,0,no_overlap
improve-a92dfcfb92570225,0,0,0,,,0,0,0,no_overlap
improve-d8b5b56bf0c6a096,0,0,0,,,0,0,0,no_overlap
improve-0054a0155950089b,0,0,0,,,0,0,0,no_overlap
improve-98140e9383a8b7e3,0,0,0,,,0,0,0,no_overlap
improve-cb5d859dfe80be3b,0,0,0,,,0,0,0,no_overlap
improve-c2bf7e143c52db66,0,0,0,,,0,0,0,no_overlap
improve-b780d89d0b481f9b,0,0,0,,,0,0,0,no_overlap
improve-224d47941549bc1e,0,0,0,,,0,0,0,no_overlap
improve-58aff0407d309615,0,0,0,,,0,0,0,no_overlap
improve-0685609a21a9e9a4,0,0,0,,,0,0,0,no_overlap
improve-0544c34a72b7594c,0,0,0,,,0,0,0,no_overlap
improve-0a01b34f4aa60620,0,0,0,,,0,0,0,no_overlap
improve-a57b7628c900cde8,0,0,0,,,0,0,0,no_overlap
improve-b72eecaa06080a81,0,0,0,,,0,0,0,no_overlap
improve-c306c1340785fa66,0,0,0,,,0,0,0,no_overlap
improve-1fedf267db564d04,0,0,0,,,0,0,0,no_overlap
improve-2d469b7a15a0aff2,0,0,0,,,0,0,0,no_overlap
improve-5ae632bec09825ae,0,0,0,,,0,0,0,no_overlap
improve-9a0a41a0af85486c,0,0,0,,,0,0,0,no_overlap
improve-15cd2548628ac86a,0,0,0,,,0,0,0,no_overlap
improve-4651e3b34ce078ce,0,0,0,,,0,0,0,no_overlap
improve-c91fafe6f6315515,0,0,0,,,0,0,0,no_overlap
improve-826161af914e69b4,0,0,0,,,0,0,0,no_overlap
improve-c18e11fdb8ef8234,0,0,0,,,0,0,0,no_overlap
improve-94d4fc55215f3dcd,0,0,0,,,0,0,0,no_overlap
improve-cf705e6e2496fc52,1,0,0,,,0,0,0,no_overlap
improve-8086775e2c7014f4,1,0,0,,,0,0,0,no_overlap
improve-94d98bb0a5e22780,0,0,0,,,0,0,0,no_overlap
improve-e750cb98fb176ccf,0,0,0,,,0,0,0,no_overlap
improve-3d9de84e0dac8b6b,0,0,0,,,0,0,0,no_overlap
improve-68489ae8efdda56c,0,0,0,,,0,0,0,no_overlap
improve-13a37275a3d3835d,0,0,0,,,0,0,0,no_overlap
improve-00f9e42c0a640500,0,0,0,,,0,0,0,no_overlap
improve-11c958e393d47279,0,0,0,,,0,0,0,no_overlap
improve-456f5ff62be26215,0,0,0,,,0,0,0,no_overlap
improve-44b389cf0774790b,0,0,0,,,0,0,0,no_overlap
improve-ebf4bccd44ecd6d9,1,0,0,,,0,0,0,no_overlap
improve-e9e1450de7429dab,1,0,0,,,0,0,0,no_overlap
improve-e13a789b62838b38,1,0,0,,,0,0,0,no_overlap
improve-13c07bc27c80176c,0,0,0,,,0,0,0,no_overlap
improve-381fb2be3cfd309d,0,0,0,,,0,0,0,no_overlap
improve-156ba6f11eb9b0b4,0,0,0,,,0,0,0,no_overlap
improve-82ca8b91517d95a0,0,0,0,,,0,0,0,no_overlap
improve-584d4e448eaade33,0,0,0,,,0,0,0,no_overlap
improve-3e9c7373ea879f76,0,0,0,,,0,0,0,no_overlap
improve-d9f811266270db11,0,0,0,,,0,0,0,no_overlap
improve-c94706fd3724fb10,0,0,0,,,0,0,0,no_overlap
improve-d5a727fe0665d54f,0,0,0,,,0,0,0,no_overlap
improve-3fcc34e8afbb4cdb,0,0,0,,,0,0,0,no_overlap
improve-ac814d90cab4ea1d,0,0,0,,,0,0,0,no_overlap
improve-4c84e5c69aeb3897,0,0,0,,,0,0,0,no_overlap
improve-aa869fe267eaca83,0,0,0,,,0,0,0,no_overlap
improve-bf846507900adfe2,0,0,0,,,0,0,0,no_overlap
improve-6bb7425ae4f0b8b9,0,0,0,,,0,0,0,no_overlap
improve-e0a674dc26a3b291,0,0,0,,,0,0,0,no_overlap
improve-966b8bffb86e6e11,0,0,0,,,0,0,0,no_overlap
improve-f619141cc2c66001,0,0,0,,,0,0,0,no_overlap
improve-f07d1ebe5b558847,0,0,0,,,0,0,0,no_overlap
improve-826dc1edc2844bdd,0,0,0,,,0,0,0,no_overlap
improve-f04e0901fd1faef9,0,0,0,,,0,0,0,no_overlap
improve-511f1f9a62ede9c5,0,0,0,,,0,0,0,no_overlap
improve-587e0aa985c4e82b,0,0,0,,,0,0,0,no_overlap
improve-9583ef29112d0570,0,0,0,,,0,0,0,no_overlap
improve-cc3aabf919ac445a,0,0,0,,,0,0,0,no_overlap
improve-159d269f2e2fa470,0,0,0,,,0,0,0,no_overlap
improve-8465c09e21af4b2b,0,0,0,,,0,0,0,no_overlap
improve-8b579c90fb9694b7,0,0,0,,,0,0,0,no_overlap
improve-2cf2d3734cfa2ce7,0,0,0,,,0,0,0,no_overlap
improve-fc3a215be0f4dddd,0,0,0,,,0,0,0,no_overlap
improve-901381156dc5652b,0,0,0,,,0,0,0,no_overlap
improve-c1d10cf4ff112de4,0,0,0,,,0,0,0,no_overlap
improve-7e32bc04ae5d3b10,0,0,0,,,0,0,0,no_overlap
improve-05172abc1c7d7eee,0,0,0,,,0,0,0,no_overlap
improve-b5903901b1fb7d5e,0,0,0,,,0,0,0,no_overlap
improve-b9e31a582f708f7c,0,0,0,,,0,0,0,no_overlap
improve-f63c1322ea27119d,0,0,0,,,0,0,0,no_overlap
improve-ba685a9d64ca4fac,0,0,0,,,0,0,0,no_overlap
improve-3d593f6046b1d187,0,0,0,,,0,0,0,no_overlap
improve-e3bd70147b3f5095,0,0,0,,,0,0,0,no_overlap
improve-820d2a3e69a24544,0,0,0,,,0,0,0,no_overlap
improve-c4feca28928c0b57,0,0,0,,,0,0,0,no_overlap
improve-04646966d7b0e752,0,0,0,,,0,0,0,no_overlap
improve-c05295a53a449387,0,0,0,,,0,0,0,no_overlap
improve-31071febb3619216,0,0,0,,,0,0,0,no_overlap
improve-400f8a5a4507fb4b,0,0,0,,,0,0,0,no_overlap
improve-6d27ae4ebd9ff016,0,0,0,,,0,0,0,no_overlap
improve-a7a78997255b218f,0,0,0,,,0,0,0,no_overlap
improve-0ab6dc1c3b14a155,0,0,0,,,0,0,0,no_overlap
improve-5a2725ff2ca863d9,0,0,0,,,0,0,0,no_overlap
improve-1e6e9d7e672468b7,0,0,0,,,0,0,0,no_overlap
improve-8e648676faf9df4c,0,0,0,,,0,0,0,no_overlap
improve-2b93c646ea8ae62c,0,0,0,,,0,0,0,no_overlap
improve-712c79b57afb0617,0,0,0,,,0,0,0,no_overlap
improve-0242c71cb48271e5,0,0,0,,,0,0,0,no_overlap
improve-9121b5ac182d3afc,0,0,0,,,0,0,0,no_overlap
improve-7cb8793d52146d89,0,0,0,,,0,0,0,no_overlap
improve-fdf385655a97e733,0,0,0,,,0,0,0,no_overlap
improve-fc2126e7bc152607,0,0,0,,,0,0,0,no_overlap
improve-78ad808478a64845,0,0,0,,,0,0,0,no_overlap
improve-2f3cd5dc5d8958c1,0,0,0,,,0,0,0,no_overlap
improve-cc5091dc1aad6e83,0,0,0,,,0,0,0,no_overlap
improve-7244650e8e962a76,0,0,0,,,0,0,0,no_overlap
improve-f8195c5d6252cf08,0,0,0,,,0,0,0,no_overlap
improve-fbe483ee08a11b15,0,0,0,,,0,0,0,no_overlap
improve-34977448f08a95ff,0,0,0,,,0,0,0,no_overlap
improve-ddf97802c1996f64,0,0,0,,,0,0,0,no_overlap
improve-3d3598c2a9d7ac34,0,0,0,,,0,0,0,no_overlap
improve-0247d994503520e7,0,0,0,,,0,0,0,no_overlap
improve-45d779a997a641c2,0,0,0,,,0,0,0,no_overlap
improve-d7b54e1cbb89ad7b,0,0,0,,,0,0,0,no_overlap
improve-2fe4ce53a311901a,0,0,0,,,0,0,0,no_overlap
improve-696ab9d3cf476c40,0,0,0,,,0,0,0,no_overlap
improve-7fd96bbb602c09a6,0,0,0,,,0,0,0,no_overlap
improve-9b37479746618e36,0,0,0,,,0,0,0,no_overlap
improve-f8dfe04cfe43c4a3,0,0,0,,,0,0,0,no_overlap
improve-1723c195fb1a9e02,0,0,0,,,0,0,0,no_overlap
improve-4b650bd6eaf2e442,0,0,0,,,0,0,0,no_overlap
improve-2f7a2f5acb18e165,0,0,0,,,0,0,0,no_overlap
improve-f0465750aab72878,0,0,0,,,0,0,0,no_overlap
improve-127c02283fec53fc,0,0,0,,,0,0,0,no_overlap
improve-7beae43834ac2c51,0,0,0,,,0,0,0,no_overlap
improve-9f02146e04a8efad,0,0,0,,,0,0,0,no_overlap
improve-3e827e4bbbbab6b7,0,0,0,,,0,0,0,no_overlap
improve-e927f483942c8386,0,0,0,,,0,0,0,no_overlap
improve-3d11fa4e46855f44,0,0,0,,,0,0,0,no_overlap
improve-5f006b00d5d1e1e6,0,0,0,,,0,0,0,no_overlap
improve-b9e895b500f6edcc,0,0,0,,,0,0,0,no_overlap
improve-a708ebb4f6da706c,0,0,0,,,0,0,0,no_overlap
improve-aaca7236ef780fb6,0,0,0,,,0,0,0,no_overlap
improve-5f084b8b8c23a826,0,0,0,,,0,0,0,no_overlap
improve-63a0dbd72b4676ca,0,0,0,,,0,0,0,no_overlap
improve-525be2640cba06fe,0,0,0,,,0,0,0,no_overlap
improve-d02d4b31378abf2e,0,0,0,,,0,0,0,no_overlap
improve-6b085d944c6119b8,0,0,0,,,0,0,0,no_overlap
improve-5bd26e4126413d5e,0,0,0,,,0,0,0,no_overlap
improve-d10248d608b719b6,0,0,0,,,0,0,0,no_overlap
improve-4ecd5e2ea2102635,0,0,0,,,0,0,0,no_overlap
improve-caf7ab92abdd5904,0,0,0,,,0,0,0,no_overlap
improve-fe0843e1a144ce18,0,0,0,,,0,0,0,no_overlap
improve-14234c97bd938c29,0,0,0,,,0,0,0,no_overlap
improve-947b2da3e2d5e307,0,0,0,,,0,0,0,no_overlap
improve-34aa6812a8c53d33,0,0,0,,,0,0,0,no_overlap
improve-ea88304099452512,0,0,0,,,0,0,0,no_overlap
improve-d42dbffdbaefcd7e,0,0,0,,,0,0,0,no_overlap
improve-c319f4da951c88c5,0,0,0,,,0,0,0,no_overlap
improve-b64e27730e43d73e,0,0,0,,,0,0,0,no_overlap
improve-0d8ba171292ce7ca,0,0,0,,,0,0,0,no_overlap
improve-3681bba586c15f04,0,0,0,,,0,0,0,no_overlap
improve-9b5527d68a5e0bfd,0,0,0,,,0,0,0,no_overlap
improve-63b168cc533a75d5,0,0,0,,,0,0,0,no_overlap
improve-0ca1c510bf0766e6,0,0,0,,,0,0,0,no_overlap
improve-51b3d1ebd1228448,0,0,0,,,0,0,0,no_overlap
improve-4c77df322228ba08,0,0,0,,,0,0,0,no_overlap
improve-8f18eba8c7bc628e,0,0,0,,,0,0,0,no_overlap
improve-11a54dccad49537e,0,0,0,,,0,0,0,no_overlap
improve-b45657209e37ce60,0,0,0,,,0,0,0,no_overlap
improve-0f0bba0e47acf992,0,0,0,,,0,0,0,no_overlap
improve-7070f18709715aa4,0,0,0,,,0,0,0,no_overlap
improve-47edcd76784ec111,0,0,0,,,0,0,0,no_overlap
improve-3f4f1c45b5e85fcb,0,0,0,,,0,0,0,no_overlap
improve-89cb54af1ca033cc,0,0,0,,,0,0,0,no_overlap
improve-76cd319e930b768e,0,0,0,,,0,0,0,no_overlap
improve-c3bdc4c76a155ebc,0,0,0,,,0,0,0,no_overlap
improve-29287821b4b196fe,0,0,0,,,0,0,0,no_overlap
improve-2ea5785d4fec138a,0,0,0,,,0,0,0,no_overlap
improve-1ac81e7d43f25df4,0,0,0,,,0,0,0,no_overlap
improve-b65bcf0c1eedfb11,0,0,0,,,0,0,0,no_overlap
improve-89c1360ae8be3b1b,0,0,0,,,0,0,0,no_overlap
improve-660221e77beeca38,0,0,0,,,0,0,0,no_overlap
improve-0df3b4b2271b3618,0,0,0,,,0,0,0,no_overlap
improve-79a40c2812046002,0,0,0,,,0,0,0,no_overlap
improve-1d66e6bf2852e698,0,0,0,,,0,0,0,no_overlap
improve-a78c0ad8f5d4956a,0,0,0,,,0,0,0,no_overlap
improve-fdac835b63c8a85e,0,0,0,,,0,0,0,no_overlap
improve-3ee10a29ce35dcac,0,0,0,,,0,0,0,no_overlap
improve-0790a437aec7fbe8,0,0,0,,,0,0,0,no_overlap
improve-3de576cc1a483438,0,0,0,,,0,0,0,no_overlap
improve-acc814e6268d25a6,0,0,0,,,0,0,0,no_overlap
improve-c935b6ab5d87d5ab,0,0,0,,,0,0,0,no_overlap
improve-6fd1a0115b760ea7,0,0,0,,,0,0,0,no_overlap
improve-aaeea22670586c56,0,0,0,,,0,0,0,no_overlap
improve-bbcaf73de4f7468e,0,0,0,,,0,0,0,no_overlap
improve-f59a4e26b46c3eb7,0,0,0,,,0,0,0,no_overlap
improve-8ba49a62a8d47219,0,0,0,,,0,0,0,no_overlap
improve-66927587089d70c5,0,0,0,,,0,0,0,no_overlap
improve-bde547f159964c41,0,0,0,,,0,0,0,no_overlap
improve-1390a4067fa5c06d,0,0,0,,,0,0,0,no_overlap
improve-f47a4bb22c119aff,0,0,0,,,0,0,0,no_overlap
improve-b3f5e1649e923f58,0,0,0,,,0,0,0,no_overlap
improve-4e42db0c97f15ec7,0,0,0,,,0,0,0,no_overlap
improve-40b54e637a88f004,0,0,0,,,0,0,0,no_overlap
improve-95da631957fedc3e,0,0,0,,,0,0,0,no_overlap
improve-66bc6db617e06858,0,0,0,,,0,0,0,no_overlap
improve-140ad853d671a276,0,0,0,,,0,0,0,no_overlap
improve-29896786f56e8cc5,0,0,0,,,0,0,0,no_overlap
improve-22dfca2007ee352e,0,0,0,,,0,0,0,no_overlap
improve-edf68b0471000b91,0,0,0,,,0,0,0,no_overlap
improve-88f7fac76efecee1,0,0,0,,,0,0,0,no_overlap
improve-6d3e205c8315c9d7,0,0,0,,,0,0,0,no_overlap
improve-e0a75798988b20b5,0,0,0,,,0,0,0,no_overlap
improve-9c560c684c9c74a7,0,0,0,,,0,0,0,no_overlap
improve-f7f2571c6105df11,0,0,0,,,0,0,0,no_overlap
improve-2e9fcbe80f9ac235,0,0,0,,,0,0,0,no_overlap
improve-af4d0319d650b374,0,0,0,,,0,0,0,no_overlap
improve-f0c7f447612808ab,0,0,0,,,0,0,0,no_overlap
improve-7231b27a245bb7bb,0,0,0,,,0,0,0,no_overlap
improve-cb16d66c7bd08ab7,0,0,0,,,0,0,0,no_overlap
improve-7f2b32c61871eff6,0,0,0,,,0,0,0,no_overlap
improve-7635be62b957419d,0,0,0,,,0,0,0,no_overlap
improve-70a21eca5aa0079e,0,0,0,,,0,0,0,no_overlap
improve-f15c84b2d1a6d9ed,0,0,0,,,0,0,0,no_overlap
improve-3917a4dbc236f025,0,0,0,,,0,0,0,no_overlap
improve-61d184f4bd47dd76,0,0,0,,,0,0,0,no_overlap
improve-bb5e9ec97d83b1b5,0,0,0,,,0,0,0,no_overlap
improve-310a85e7da7c7ac0,0,0,0,,,0,0,0,no_overlap
improve-32e545cb515a30f9,0,0,0,,,0,0,0,no_overlap
improve-5ca269d074ae7d80,0,0,0,,,0,0,0,no_overlap
improve-50cb648b197be6d7,0,0,0,,,0,0,0,no_overlap
improve-4cebc03f9de61ac2,0,0,0,,,0,0,0,no_overlap
improve-6831683b4e92ad60,0,0,0,,,0,0,0,no_overlap
improve-4b5d74d90327a416,0,0,0,,,0,0,0,no_overlap
improve-3728b862a49b5d42,0,0,0,,,0,0,0,no_overlap
improve-939bd6393664d25c,0,0,0,,,0,0,0,no_overlap
improve-7ecff262f92e5f53,0,0,0,,,0,0,0,no_overlap
improve-f1d4fbb9e6b987ae,0,0,0,,,0,0,0,no_overlap
improve-811e89b021d8a679,0,0,0,,,0,0,0,no_overlap
improve-340e2a4894d44dae,0,0,0,,,0,0,0,no_overlap
improve-7aa5a07c88ca50d0,0,0,0,,,0,0,0,no_overlap
improve-164f7200181cd9ca,0,0,0,,,0,0,0,no_overlap
improve-fa98f45bb8c36074,1,0,0,,,0,0,0,no_overlap
improve-42210757e7a4b8f8,0,0,0,,,0,0,0,no_overlap
improve-1ad225041e62ce22,0,0,0,,,0,0,0,no_overlap
improve-7f28a2388e886618,0,0,0,,,0,0,0,no_overlap
improve-b0576e45304c2da6,0,0,0,,,0,0,0,no_overlap
improve-0a13ff645874e4d6,0,0,0,,,0,0,0,no_overlap
improve-c88ecffa70e02343,0,0,0,,,0,0,0,no_overlap
improve-4081860baaeb9a02,0,0,0,,,0,0,0,no_overlap
improve-2c7152f38f88c218,0,0,0,,,0,0,0,no_overlap
improve-9a31efba42938fca,0,0,0,,,0,0,0,no_overlap
improve-50ef840aa3c946d1,0,0,0,,,0,0,0,no_overlap
improve-62d4581cd44f998e,0,0,0,,,0,0,0,no_overlap
improve-700128acf6d702f5,0,0,0,,,0,0,0,no_overlap
improve-0ad1b5a857bbe2a7,0,0,0,,,0,0,0,no_overlap
improve-2395db65607c3b13,0,0,0,,,0,0,0,no_overlap
improve-c05991f3251e4694,0,0,0,,,0,0,0,no_overlap
improve-d920657debee3086,0,0,0,,,0,0,0,no_overlap
improve-2d37bc8dc744af6a,0,0,0,,,0,0,0,no_overlap
improve-cd71b8bdb9e4da14,0,0,0,,,0,0,0,no_overlap
improve-025a93fccfb10f8d,0,0,0,,,0,0,0,no_overlap
improve-4e219eceaa23b73f,0,0,0,,,0,0,0,no_overlap
improve-cea68a88779053f8,0,0,0,,,0,0,0,no_overlap
improve-173c8bd5934788de,0,0,0,,,0,0,0,no_overlap
improve-69910efa46d087c3,0,0,0,,,0,0,0,no_overlap
improve-aacc9d52ac8cc463,0,0,0,,,0,0,0,no_overlap
improve-c1aa29a08588e269,0,0,0,,,0,0,0,no_overlap
improve-8df92ef74813247a,0,0,0,,,0,0,0,no_overlap
improve-aea0f7b303694a1d,0,0,0,,,0,0,0,no_overlap
improve-18712b8ace157172,0,0,0,,,0,0,0,no_overlap
improve-b843ba571a243b5e,0,0,0,,,0,0,0,no_overlap
improve-1caca223eea45f8d,0,0,0,,,0,0,0,no_overlap
improve-53a82a04baed5297,0,0,0,,,0,0,0,no_overlap
improve-d9cb1b1f78cd57fa,0,0,0,,,0,0,0,no_overlap
improve-8ccd24bfbbaf8d60,0,0,0,,,0,0,0,no_overlap
improve-8b9fa3076978c658,1,0,0,,,0,0,0,no_overlap
improve-81b00c7350f458d4,0,0,0,,,0,0,0,no_overlap
improve-3a29dd6a2ce40cbb,0,0,0,,,0,0,0,no_overlap
improve-720642c9f4dc239c,0,0,0,,,0,0,0,no_overlap
improve-b53c9a518961aeb5,0,0,0,,,0,0,0,no_overlap
improve-20b98ac56229658e,0,0,0,,,0,0,0,no_overlap
improve-d5cd4d9294c4eda8,0,0,0,,,0,0,0,no_overlap
improve-28b32ce608086524,0,0,0,,,0,0,0,no_overlap
improve-2e1d32c02bd35f3b,0,0,0,,,0,0,0,no_overlap
improve-b66916c3d5791aba,0,0,0,,,0,0,0,no_overlap
improve-077e6242afaf7c5c,0,0,0,,,0,0,0,no_overlap
improve-8e841174cbee4925,0,0,0,,,0,0,0,no_overlap
improve-32a77b54cd8d14e5,0,0,0,,,0,0,0,no_overlap
improve-67699a30c1cf87df,0,0,0,,,0,0,0,no_overlap
improve-05f6a03ac8f7353c,0,0,0,,,0,0,0,no_overlap
improve-bb8d113f13e28755,0,0,0,,,0,0,0,no_overlap
improve-405efb694e688cc0,0,0,0,,,0,0,0,no_overlap
improve-bdac4ba0bd2a8347,0,0,0,,,0,0,0,no_overlap
improve-bb33df8097e1002c,0,0,0,,,0,0,0,no_overlap
improve-8fedf5b66a5b9ca0,0,0,0,,,0,0,0,no_overlap
improve-20c7a8037c50cf61,0,0,0,,,0,0,0,no_overlap
improve-7a6b687a2220fa4b,0,0,0,,,0,0,0,no_overlap
improve-d483a6cd4746cf9d,0,0,0,,,0,0,0,no_overlap
improve-47968fa956de0a68,0,0,0,,,0,0,0,no_overlap
improve-e69f64928d197786,0,0,0,,,0,0,0,no_overlap
improve-9a0acea901efd860,0,0,0,,,0,0,0,no_overlap
improve-949fe57b039f3bce,0,0,0,,,0,0,0,no_overlap
improve-cde5295f0b9f92b7,0,0,0,,,0,0,0,no_overlap
improve-e29b3ba8a6030656,0,0,0,,,0,0,0,no_overlap
improve-f77f86b600491c54,0,0,0,,,0,0,0,no_overlap
improve-830e66c3b1233d51,0,0,0,,,0,0,0,no_overlap
improve-3fb44551d0f437c6,0,0,0,,,0,0,0,no_overlap
improve-80335af48799c854,0,0,0,,,0,0,0,no_overlap
improve-60a5fb061dfda080,0,0,0,,,0,0,0,no_overlap
improve-01e7711222ea46c5,0,0,0,,,0,0,0,no_overlap
improve-3278907ccb577d0c,0,0,0,,,0,0,0,no_overlap
improve-fae3317c74d49fff,0,0,0,,,0,0,0,no_overlap
improve-d5253ea28bfea3e1,0,0,0,,,0,0,0,no_overlap
improve-87a01f45af428c5e,0,0,0,,,0,0,0,no_overlap
improve-f6054b28af1c439f,0,0,0,,,0,0,0,no_overlap
improve-cad265672698c0eb,0,0,0,,,0,0,0,no_overlap
improve-3bc78cd5e58ba87c,0,0,0,,,0,0,0,no_overlap
improve-3bc5c310cbc9dae4,0,0,0,,,0,0,0,no_overlap
improve-e49a5c8646964c20,0,0,0,,,0,0,0,no_overlap
improve-bd0338cbfe0e955c,1,0,0,,,0,0,0,no_overlap
improve-a2d974d92c300eb7,0,0,0,,,0,0,0,no_overlap
improve-ca8a7716820416e3,0,0,0,,,0,0,0,no_overlap
improve-5187437784aca2da,0,0,0,,,0,0,0,no_overlap
improve-122ce50d9be13c4d,0,0,0,,,0,0,0,no_overlap
improve-678ac708dd119012,0,0,0,,,0,0,0,no_overlap
improve-83c3deca1a8fa696,0,0,0,,,0,0,0,no_overlap
improve-dcbba2061a34de7b,0,0,0,,,0,0,0,no_overlap
improve-2e3707bdb6e1e57c,0,0,0,,,0,0,0,no_overlap
improve-a284895d2bb16982,0,0,0,,,0,0,0,no_overlap
improve-fbbf8aead67bdd18,0,0,0,,,0,0,0,no_overlap
improve-ee5d4862f9ebd609,0,0,0,,,0,0,0,no_overlap
improve-19ad526743835e25,0,0,0,,,0,0,0,no_overlap
improve-602464b7c593870d,0,0,0,,,0,0,0,no_overlap
improve-a1cba8f9912029b3,0,0,0,,,0,0,0,no_overlap
improve-cf5cb6f8fe3a55e5,0,0,0,,,0,0,0,no_overlap
improve-930c8852b7f2e0bc,0,0,0,,,0,0,0,no_overlap
improve-7d4ac1f59e3790ef,0,0,0,,,0,0,0,no_overlap
improve-366794cc1658056c,0,0,0,,,0,0,0,no_overlap
improve-b66a843f5796d2f3,0,0,0,,,0,0,0,no_overlap
improve-288d90bb7f0670f9,0,0,0,,,0,0,0,no_overlap
improve-03374de0aef47a27,0,0,0,,,0,0,0,no_overlap
improve-bc8d2190cc5a8902,0,0,0,,,0,0,0,no_overlap
improve-b445ff0dfcb5cd19,0,0,0,,,0,0,0,no_overlap
improve-7e6ba0b762e14b90,0,0,0,,,0,0,0,no_overlap
improve-c8438e895856666b,0,0,0,,,0,0,0,no_overlap
improve-858a84ba062a19b6,0,0,0,,,0,0,0,no_overlap
improve-99ca860e9f963525,0,0,0,,,0,0,0,no_overlap
improve-3524b2b69610d38b,0,0,0,,,0,0,0,no_overlap
improve-514e2f80185af1db,0,0,0,,,0,0,0,no_overlap
improve-78365e99326571e4,0,0,0,,,0,0,0,no_overlap
improve-86dfa6e11564be8e,0,0,0,,,0,0,0,no_overlap
improve-482c6e4e881e1166,0,0,0,,,0,0,0,no_overlap
improve-72ecb9b35c53fb39,1,0,0,,,0,0,0,no_overlap
improve-57da940a0ae5ffc7,0,0,0,,,0,0,0,no_overlap
improve-4612514728d6f2b8,0,0,0,,,0,0,0,no_overlap
improve-5c5d87f6210ec423,0,0,0,,,0,0,0,no_overlap
improve-bc6c0e7bf9c916fa,0,0,0,,,0,0,0,no_overlap
improve-01a1786a0a7be2a3,0,0,0,,,0,0,0,no_overlap
improve-9c0b83e2cf15ac1b,0,0,0,,,0,0,0,no_overlap
improve-23f7b6b301b43cc3,0,0,0,,,0,0,0,no_overlap
improve-3347112da4a2aea4,0,0,0,,,0,0,0,no_overlap
improve-fa9dc9f90ef02388,0,0,0,,,0,0,0,no_overlap
improve-c0a73a7dca162031,0,0,0,,,0,0,0,no_overlap
improve-23508bc609e77cb0,0,0,0,,,0,0,0,no_overlap
improve-a85cf74111efdc6e,0,0,0,,,0,0,0,no_overlap
improve-e2bf97ddcc77bbd4,0,0,0,,,0,0,0,no_overlap
improve-620bfda08c16ac06,0,0,0,,,0,0,0,no_overlap
improve-d4611bad90306f94,0,0,0,,,0,0,0,no_overlap
improve-86623aa0d384c901,0,0,0,,,0,0,0,no_overlap
improve-6016b8abdd87120d,0,0,0,,,0,0,0,no_overlap
improve-df3d18194dca543b,0,0,0,,,0,0,0,no_overlap
improve-5d17ac3bdb7b6fa4,0,0,0,,,0,0,0,no_overlap
improve-d24dbcbca89123bd,0,0,0,,,0,0,0,no_overlap
improve-162f5988fad98768,0,0,0,,,0,0,0,no_overlap
improve-52ed4e0e288c68aa,0,0,0,,,0,0,0,no_overlap
improve-db930e8d46871b05,0,0,0,,,0,0,0,no_overlap
improve-4090a77d2c3a493a,0,0,0,,,0,0,0,no_overlap
improve-b64eb336cb49b10a,0,0,0,,,0,0,0,no_overlap
improve-a96ee9f7edc12ded,0,0,0,,,0,0,0,no_overlap
improve-27b5c260d4ae0c14,0,0,0,,,0,0,0,no_overlap
improve-c4c6bcef85ce1545,0,0,0,,,0,0,0,no_overlap
improve-fbc511e3fcc4c615,0,0,0,,,0,0,0,no_overlap
improve-f97826e864c4dd0f,0,0,0,,,0,0,0,no_overlap
improve-4e73041f9c2601e0,0,0,0,,,0,0,0,no_overlap
improve-3aeb75040da9b6ec,0,0,0,,,0,0,0,no_overlap
improve-a7c4df88e6d99747,0,0,0,,,0,0,0,no_overlap
improve-350dbe39c29f4717,0,0,0,,,0,0,0,no_overlap
improve-75d1803fed6bca28,0,0,0,,,0,0,0,no_overlap
improve-8bf86b91692d99b9,0,0,0,,,0,0,0,no_overlap
improve-4c6861c32fda3a37,0,0,0,,,0,0,0,no_overlap
improve-e48e08ffd763145d,0,0,0,,,0,0,0,no_overlap
improve-653bda2056dcb69a,0,0,0,,,0,0,0,no_overlap
improve-26a8d946117362fb,0,0,0,,,0,0,0,no_overlap
improve-03f260dd1ec508d5,0,0,0,,,0,0,0,no_overlap
improve-a162799f74cba61c,0,0,0,,,0,0,0,no_overlap
improve-e7d54b21d3c78809,0,0,0,,,0,0,0,no_overlap
improve-f7729392e4d0138e,0,0,0,,,0,0,0,no_overlap
improve-2489aa8b80631eef,0,0,0,,,0,0,0,no_overlap
improve-d78c9d928eae74c7,0,0,0,,,0,0,0,no_overlap
improve-4be61a605cfd7abf,0,0,0,,,0,0,0,no_overlap
improve-b17be131aeb4b39e,0,0,0,,,0,0,0,no_overlap
improve-5b24126530bb8daa,0,0,0,,,0,0,0,no_overlap
improve-3eda37225149da06,0,0,0,,,0,0,0,no_overlap
improve-7bc7c41410288802,0,0,0,,,0,0,0,no_overlap
improve-703c6ae9ee17ed5f,0,0,0,,,0,0,0,no_overlap
improve-d3bb1712a1fb9388,1,0,0,,,0,0,0,no_overlap
improve-222f9b8edabddccf,0,0,0,,,0,0,0,no_overlap
improve-9a78827edf4bb10d,0,0,0,,,0,0,0,no_overlap
improve-6af412810e517db0,0,0,0,,,0,0,0,no_overlap
improve-769a28a8bf15a1fc,0,0,0,,,0,0,0,no_overlap
improve-6147f36496753594,0,0,0,,,0,0,0,no_overlap
improve-c3af46cf5319f78d,0,0,0,,,0,0,0,no_overlap
improve-6c98de249ff224c2,0,0,0,,,0,0,0,no_overlap
improve-9245ddde271b6b0b,0,0,0,,,0,0,0,no_overlap
improve-3aa54ea132101070,0,0,0,,,0,0,0,no_overlap
improve-83d84ba556d39688,0,0,0,,,0,0,0,no_overlap
improve-f47e1ec904c2f576,0,0,0,,,0,0,0,no_overlap
improve-601eea7971296e58,0,0,0,,,0,0,0,no_overlap
improve-5ce62f136ccb4d82,0,0,0,,,0,0,0,no_overlap
improve-59a04c0bdfff688c,0,0,0,,,0,0,0,no_overlap
improve-704084bff92c4620,0,0,0,,,0,0,0,no_overlap
improve-1c24a00da562b74e,0,0,0,,,0,0,0,no_overlap
improve-a48711a97d817ee5,0,0,0,,,0,0,0,no_overlap
improve-4c45de5780e10cea,0,0,0,,,0,0,0,no_overlap
improve-7513fa70aa50ade0,0,0,0,,,0,0,0,no_overlap
improve-6ae566e8bcdab74d,0,0,0,,,0,0,0,no_overlap
improve-cb65ab309db1bd5d,0,0,0,,,0,0,0,no_overlap
improve-8f0fbbb8289e8c69,0,0,0,,,0,0,0,no_overlap
improve-8da2dee75c0bc73e,0,0,0,,,0,0,0,no_overlap
improve-4328cc53cf0099c6,0,0,0,,,0,0,0,no_overlap
improve-ecfd7222f213bb69,0,0,0,,,0,0,0,no_overlap
improve-40ba4be7233152a2,0,0,0,,,0,0,0,no_overlap
improve-3322bbc31921af74,0,0,0,,,0,0,0,no_overlap
improve-640e9401c58c5ac5,0,0,0,,,0,0,0,no_overlap
improve-ebcce530ade5ea0e,0,0,0,,,0,0,0,no_overlap
improve-79d574c9679bd0fe,0,0,0,,,0,0,0,no_overlap
improve-8422874ee91af94a,0,0,0,,,0,0,0,no_overlap
improve-8599f1282da36b0c,0,0,0,,,0,0,0,no_overlap
improve-d12d864071f039c4,0,0,0,,,0,0,0,no_overlap
improve-4ad74bcb0c2f8a6a,0,0,0,,,0,0,0,no_overlap
improve-065c5f4773aa6f7b,0,0,0,,,0,0,0,no_overlap
improve-b04d7e46a6586d8f,0,0,0,,,0,0,0,no_overlap
improve-c1cbb83ffab4f3a8,0,0,0,,,0,0,0,no_overlap
improve-ef6bfce4aad34ff2,0,0,0,,,0,0,0,no_overlap
improve-f8c7533c96b829fe,0,0,0,,,0,0,0,no_overlap
improve-582047aa4a09fc1d,0,0,0,,,0,0,0,no_overlap
improve-cc832ee62d6dea37,0,0,0,,,0,0,0,no_overlap
improve-d1f263f1c65f2f50,0,0,0,,,0,0,0,no_overlap
improve-1d39d12e618d870e,0,0,0,,,0,0,0,no_overlap
improve-429b605a8b9d373a,0,0,0,,,0,0,0,no_overlap
improve-3df5c59084d1c2a7,0,0,0,,,0,0,0,no_overlap
improve-f2d1c9a07a541f84,0,0,0,,,0,0,0,no_overlap
improve-bbd1f70790545bea,0,0,0,,,0,0,0,no_overlap
improve-64d93c19de2d2942,0,0,0,,,0,0,0,no_overlap
improve-3b4134b02828464c,0,0,0,,,0,0,0,no_overlap
improve-e589dc52a344fc8e,0,0,0,,,0,0,0,no_overlap
improve-51067795a1e1404a,0,0,0,,,0,0,0,no_overlap
improve-4a465d89176aef73,0,0,0,,,0,0,0,no_overlap
improve-8aad888cc3b46373,0,0,0,,,0,0,0,no_overlap
improve-3585e32b2df494af,0,0,0,,,0,0,0,no_overlap
improve-47f689298bdd4559,0,0,0,,,0,0,0,no_overlap
improve-a180ffe0827ba690,0,0,0,,,0,0,0,no_overlap
improve-9b4078972ab26deb,0,0,0,,,0,0,0,no_overlap
improve-4d3660f702612cb8,0,0,0,,,0,0,0,no_overlap
improve-7a664cf3174fbd04,0,0,0,,,0,0,0,no_overlap
improve-a36ed55da08e0841,0,0,0,,,0,0,0,no_overlap
improve-b75f1c36ea4c4e08,0,0,0,,,0,0,0,no_overlap
improve-94bc7b1ac2dfb7bc,0,0,0,,,0,0,0,no_overlap
improve-54bf0a08d45e4827,0,0,0,,,0,0,0,no_overlap
improve-edf0d45343d1f47e,0,0,0,,,0,0,0,no_overlap
improve-e1506f1e08376456,0,0,0,,,0,0,0,no_overlap
improve-cc80a4c5a77eb918,0,0,0,,,0,0,0,no_overlap
improve-9a4d039dd0fd6c27,0,0,0,,,0,0,0,no_overlap
improve-764f9c0d614ae763,0,0,0,,,0,0,0,no_overlap
improve-af8460e24a657862,0,0,0,,,0,0,0,no_overlap
improve-22eb3af93bb3de37,0,0,0,,,0,0,0,no_overlap
improve-320559795f1cc2c5,0,0,0,,,0,0,0,no_overlap
improve-7da40432c1532e82,0,0,0,,,0,0,0,no_overlap
improve-acd6cc003d82b05a,0,0,0,,,0,0,0,no_overlap
improve-92530436938e03fe,0,0,0,,,0,0,0,no_overlap
improve-f0ad4ef63ab5ccb2,0,0,0,,,0,0,0,no_overlap
improve-6caa9348242dba68,0,0,0,,,0,0,0,no_overlap
improve-fec0ef671786135f,0,0,0,,,0,0,0,no_overlap
improve-f3c391a8d9679756,0,0,0,,,0,0,0,no_overlap
improve-c99e664f2c6cdd85,0,0,0,,,0,0,0,no_overlap
improve-e022a63e559b2e6b,0,0,0,,,0,0,0,no_overlap
improve-f7366448085d846e,0,0,0,,,0,0,0,no_overlap
improve-661eb05eeade3bc9,0,0,0,,,0,0,0,no_overlap
improve-7dac452d31c6f173,0,0,0,,,0,0,0,no_overlap
improve-8ee6aeb5ef8a870c,0,0,0,,,0,0,0,no_overlap
improve-b0750ef63e8c6098,0,0,0,,,0,0,0,no_overlap
improve-be93cb071450687e,0,0,0,,,0,0,0,no_overlap
improve-b16c65e8b7cda975,0,0,0,,,0,0,0,no_overlap
improve-56a3a4f51673733f,0,0,0,,,0,0,0,no_overlap
improve-c3a96dad216bb5da,0,0,0,,,0,0,0,no_overlap
improve-8bb280ab7c01db50,0,0,0,,,0,0,0,no_overlap
improve-7ff4c4452047502e,0,0,0,,,0,0,0,no_overlap
improve-f4cceaf2360a0c06,0,0,0,,,0,0,0,no_overlap
improve-246e4e7bf1f6407f,0,0,0,,,0,0,0,no_overlap
improve-701d394659e2dc90,0,0,0,,,0,0,0,no_overlap
improve-bdb8ef4dd854cf50,0,0,0,,,0,0,0,no_overlap
improve-a0cc6a5eceee0cb7,0,0,0,,,0,0,0,no_overlap
improve-6a7d2c7c6968c2b6,0,0,0,,,0,0,0,no_overlap
improve-9e8c4d4ee947cf57,0,0,0,,,0,0,0,no_overlap
improve-51e6bdd9bd61223a,0,0,0,,,0,0,0,no_overlap
improve-9cf320e7e9037ff1,0,0,0,,,0,0,0,no_overlap
improve-193883359fe2e186,0,0,0,,,0,0,0,no_overlap
improve-62ba8557b4b822da,0,0,0,,,0,0,0,no_overlap
improve-388bb5fee1257458,0,0,0,,,0,0,0,no_overlap
improve-f8200a1c0b4de240,0,0,0,,,0,0,0,no_overlap
improve-5cf1f024fd165d89,0,0,0,,,0,0,0,no_overlap
improve-7c742c8aff7e3c81,0,0,0,,,0,0,0,no_overlap
improve-d244be6f2e1c9486,0,0,0,,,0,0,0,no_overlap
improve-d3717c950c78ed57,0,0,0,,,0,0,0,no_overlap
improve-2998abc25aacb383,0,0,0,,,0,0,0,no_overlap
improve-16dc7e2ffd3f6bf7,0,0,0,,,0,0,0,no_overlap
improve-1e2e487a2c1b0ec1,0,0,0,,,0,0,0,no_overlap
improve-fbc6076930137397,0,0,0,,,0,0,0,no_overlap
improve-b44cd5daf6e22ac5,0,0,0,,,0,0,0,no_overlap
improve-605aeab7e9c25a51,0,0,0,,,0,0,0,no_overlap
improve-40e7da039dd3be7d,0,0,0,,,0,0,0,no_overlap
improve-9bed5ccf1de0caa4,0,0,0,,,0,0,0,no_overlap
improve-d2bc4591951eb7c3,0,0,0,,,0,0,0,no_overlap
improve-3545c93149414561,0,0,0,,,0,0,0,no_overlap
improve-41981be5a906d092,0,0,0,,,0,0,0,no_overlap
improve-226162cbafd15a48,0,0,0,,,0,0,0,no_overlap
improve-d8ad07a742e699e0,0,0,0,,,0,0,0,no_overlap
improve-d8d3ca92165c39af,0,0,0,,,0,0,0,no_overlap
improve-e504474c61a9cddd,0,0,0,,,0,0,0,no_overlap
improve-ce9dd348fc4d11cc,0,0,0,,,0,0,0,no_overlap
improve-dbc62d15c3d09903,0,0,0,,,0,0,0,no_overlap
improve-dd0b777fe7b782b8,0,0,0,,,0,0,0,no_overlap
improve-537c1faf43d3d7be,0,0,0,,,0,0,0,no_overlap
improve-3499ec6368bc57dd,0,0,0,,,0,0,0,no_overlap
improve-37dc7de4b81c9cb8,0,0,0,,,0,0,0,no_overlap
improve-7d46411ce74c418e,0,0,0,,,0,0,0,no_overlap
improve-71d33bbeb3276adf,0,0,0,,,0,0,0,no_overlap
improve-a6a51f7fc0ae09a4,0,0,0,,,0,0,0,no_overlap
improve-bdbe52c4fb36d8f6,0,0,0,,,0,0,0,no_overlap
improve-65d93becfcb8d2e9,0,0,0,,,0,0,0,no_overlap
improve-888377fa9af12b1a,0,0,0,,,0,0,0,no_overlap
improve-9e6baf3ea3a3616d,0,0,0,,,0,0,0,no_overlap
improve-0fad6181a3759815,0,0,0,,,0,0,0,no_overlap
improve-eb180893d04d3124,0,0,0,,,0,0,0,no_overlap
improve-2528b4d0cef594d5,0,0,0,,,0,0,0,no_overlap
improve-980f8f4c14a8f518,0,0,0,,,0,0,0,no_overlap
improve-3abd487e3d02b86a,0,0,0,,,0,0,0,no_overlap
improve-6c698644903f171c,0,0,0,,,0,0,0,no_overlap
improve-47cdd33937b36a69,0,0,0,,,0,0,0,no_overlap
improve-dae9282d10781e32,0,0,0,,,0,0,0,no_overlap
improve-22011dd502bf73d9,0,0,0,,,0,0,0,no_overlap
improve-1fe122cfe71893e8,0,0,0,,,0,0,0,no_overlap
improve-699f88a46acb4e52,0,0,0,,,0,0,0,no_overlap
improve-ff331336b8d8a703,0,0,0,,,0,0,0,no_overlap
improve-5b70bfb051377fbb,0,0,0,,,0,0,0,no_overlap
improve-ff0fe4ee46023d70,0,0,0,,,0,0,0,no_overlap
improve-d3df2f9f1ec9f5bb,0,0,0,,,0,0,0,no_overlap
improve-b75d8a47639bb03b,0,0,0,,,0,0,0,no_overlap
improve-11ea378c9bf84aa3,0,0,0,,,0,0,0,no_overlap
improve-9459cf9df8d5e5f1,0,0,0,,,0,0,0,no_overlap
improve-9c43d9cf66bf7d54,0,0,0,,,0,0,0,no_overlap
improve-3a1b432a37923a98,0,0,0,,,0,0,0,no_overlap
improve-d67170d7e911c9b0,0,0,0,,,0,0,0,no_overlap
improve-e66606477d29ff57,0,0,0,,,0,0,0,no_overlap
improve-a68e8e645ccb48bf,0,0,0,,,0,0,0,no_overlap
improve-f35c7b9c686e0ed5,0,0,0,,,0,0,0,no_overlap
improve-3a829188f66333f7,0,0,0,,,0,0,0,no_overlap
improve-e09fb1e36107df9d,0,0,0,,,0,0,0,no_overlap
improve-b158f6968dbdacc7,0,0,0,,,0,0,0,no_overlap
improve-029d1c8673f35fa4,0,0,0,,,0,0,0,no_overlap
improve-1ef8cce528e6c227,0,0,0,,,0,0,0,no_overlap
improve-cdc17c0ac7c3a1ee,0,0,0,,,0,0,0,no_overlap
improve-a68becfddfe01883,0,0,0,,,0,0,0,no_overlap
improve-9e985cc3ac7d92a2,0,0,0,,,0,0,0,no_overlap
improve-dd9b796ad743d673,0,0,0,,,0,0,0,no_overlap
improve-e599f622d9eab80b,0,0,0,,,0,0,0,no_overlap
improve-5315a13af6ea5466,0,0,0,,,0,0,0,no_overlap
improve-9c4a0b08db7afbc3,0,0,0,,,0,0,0,no_overlap
improve-8d67c5ecaf6ee94f,0,0,0,,,0,0,0,no_overlap
improve-a930dbacf2b7e7c8,0,0,0,,,0,0,0,no_overlap
improve-df6af6c72b43aeda,0,0,0,,,0,0,0,no_overlap
improve-c166b6749501113c,0,0,0,,,0,0,0,no_overlap
improve-313dee4d31ddbd30,0,0,0,,,0,0,0,no_overlap
improve-3c7488839206e1b8,0,0,0,,,0,0,0,no_overlap
improve-b76fa59f123ef78c,0,0,0,,,0,0,0,no_overlap
improve-9d2721197873eff0,0,0,0,,,0,0,0,no_overlap
improve-5c12e6c1d38e42ff,1,0,0,,,0,0,0,no_overlap
improve-ae2a38df067be6ae,0,0,0,,,0,0,0,no_overlap
improve-b135329e6524ff52,0,0,0,,,0,0,0,no_overlap
improve-7636d3fb8407d930,0,0,0,,,0,0,0,no_overlap
improve-d226451201536ffc,0,0,0,,,0,0,0,no_overlap
improve-0e3f976f876bf124,0,0,0,,,0,0,0,no_overlap
improve-bc4733d7e94604e5,0,0,0,,,0,0,0,no_overlap
improve-9241100f903e4ae7,0,0,0,,,0,0,0,no_overlap
improve-3f294e814fb4f802,0,0,0,,,0,0,0,no_overlap
improve-1f27f8ee7bb60b9c,0,0,1,,,0,0,0,peptide_only_different_hla
improve-1be0a7b62fc3b460,1,0,0,,,0,0,0,no_overlap
improve-c647ed2cdd79a57d,0,0,0,,,0,0,0,no_overlap
improve-af94e8103f982739,0,0,0,,,0,0,0,no_overlap
improve-d5d09ebaa610a9b1,0,0,0,,,0,0,0,no_overlap
improve-40d51f2c86662e04,0,0,0,,,0,0,0,no_overlap
improve-12a68194f6848deb,0,0,0,,,0,0,0,no_overlap
improve-9569b1395d85e4f5,0,0,0,,,0,0,0,no_overlap
improve-7089d1ec31f1e080,0,0,0,,,0,0,0,no_overlap
improve-1907f26afe562041,0,0,0,,,0,0,0,no_overlap
improve-14b0f764fae812df,0,0,0,,,0,0,0,no_overlap
improve-bc135cdb176132e9,0,0,0,,,0,0,0,no_overlap
improve-21222f8092c756b2,0,0,0,,,0,0,0,no_overlap
improve-b074c92bdd9bff7c,0,0,0,,,0,0,0,no_overlap
improve-45f8994358363223,0,0,0,,,0,0,0,no_overlap
improve-155580b2fe562bf2,0,0,0,,,0,0,0,no_overlap
improve-f1b3eee8d9dcabac,0,0,0,,,0,0,0,no_overlap
improve-33432fe5a5d8af61,0,0,0,,,0,0,0,no_overlap
improve-8da0da155c5154e6,1,0,0,,,0,0,0,no_overlap
improve-2b3fd09de91dee96,0,0,0,,,0,0,0,no_overlap
improve-515556dade1e6478,0,0,0,,,0,0,0,no_overlap
improve-878bae1af3803f87,0,0,0,,,0,0,0,no_overlap
improve-e02e682c1e837a26,0,0,0,,,0,0,0,no_overlap
improve-9f35a03532b43021,0,0,0,,,0,0,0,no_overlap
improve-74f9aa04bb4a18b5,0,0,0,,,0,0,0,no_overlap
improve-fb81e4ec109e1701,0,0,0,,,0,0,0,no_overlap
improve-25f072525b05f68a,0,0,0,,,0,0,0,no_overlap
improve-efac8a957bf6cbee,0,0,0,,,0,0,0,no_overlap
improve-a1f305741569efc1,0,0,0,,,0,0,0,no_overlap
improve-42d3589aa725d397,0,0,0,,,0,0,0,no_overlap
improve-43ef507ba5bd436e,0,0,0,,,0,0,0,no_overlap
improve-de3986ea37100ce2,0,0,0,,,0,0,0,no_overlap
improve-8cfae3876897f2c1,0,0,0,,,0,0,0,no_overlap
improve-ed2f264d4a6913c0,0,0,0,,,0,0,0,no_overlap
improve-ded6dfea9304a51f,0,0,0,,,0,0,0,no_overlap
improve-4e153ccca3e16156,0,0,0,,,0,0,0,no_overlap
improve-d9115cda5ba70dcc,0,0,0,,,0,0,0,no_overlap
improve-a088791da4011fe4,0,0,0,,,0,0,0,no_overlap
improve-d71b150daa3bcb22,0,0,0,,,0,0,0,no_overlap
improve-8e295f3e0d38b165,0,0,0,,,0,0,0,no_overlap
improve-7c8b3f92cf84871f,0,0,0,,,0,0,0,no_overlap
improve-05e668d0845cf162,0,0,0,,,0,0,0,no_overlap
improve-c5dc4452278e73a4,0,0,0,,,0,0,0,no_overlap
improve-577adeb13bc83e95,0,0,0,,,0,0,0,no_overlap
improve-a97f3712e66f7f71,0,0,0,,,0,0,0,no_overlap
improve-3b1ccb5fec76d069,0,0,0,,,0,0,0,no_overlap
improve-eac9e22097e67acd,0,0,0,,,0,0,0,no_overlap
improve-8d00aa5ac945848b,0,0,0,,,0,0,0,no_overlap
improve-dc963ef54cf5c429,0,0,0,,,0,0,0,no_overlap
improve-3179ba7b80e3e2f2,0,0,0,,,0,0,0,no_overlap
improve-7e0407022afbe966,0,0,0,,,0,0,0,no_overlap
improve-81e452c225e82a04,0,0,0,,,0,0,0,no_overlap
improve-1335b56eaff67f6b,0,0,0,,,0,0,0,no_overlap
improve-bbf4d4f37ffbec9c,0,0,0,,,0,0,0,no_overlap
improve-de9d1113e9b5298b,1,0,0,,,0,0,0,no_overlap
improve-581165cc9ea3e6bc,0,0,0,,,0,0,0,no_overlap
improve-de84cad1ddd1ce1f,0,0,0,,,0,0,0,no_overlap
improve-9394bad3fba6149a,0,0,0,,,0,0,0,no_overlap
improve-c0ac7f1732075d79,0,0,0,,,0,0,0,no_overlap
improve-b78a5051706a263f,0,0,0,,,0,0,0,no_overlap
improve-abebfaf8529b252d,0,0,0,,,0,0,0,no_overlap
improve-bee9430d6d5eed7a,0,0,0,,,0,0,0,no_overlap
improve-0bf7a5def639f9d6,0,0,0,,,0,0,0,no_overlap
improve-35d3dfa58de8c817,0,0,0,,,0,0,0,no_overlap
improve-999451548094873c,0,0,0,,,0,0,0,no_overlap
improve-a6b93844361c8e22,0,0,0,,,0,0,0,no_overlap
improve-8afbc7cc898ecaf4,0,0,0,,,0,0,0,no_overlap
improve-578d429b2844ce7f,0,0,0,,,0,0,0,no_overlap
improve-9db56afd17ffd26f,0,0,0,,,0,0,0,no_overlap
improve-a9b0ebbf64738fdb,0,0,0,,,0,0,0,no_overlap
improve-7f8fd76f8af0d384,0,0,0,,,0,0,0,no_overlap
improve-6098fd9a7aeeddb2,0,0,0,,,0,0,0,no_overlap
improve-bd719a30915fc42f,0,0,0,,,0,0,0,no_overlap
improve-c76691bd97995f92,0,0,0,,,0,0,0,no_overlap
improve-b94f1166a6558c3a,0,0,0,,,0,0,0,no_overlap
improve-40b82bc687dd9ae5,0,0,0,,,0,0,0,no_overlap
improve-564fb5ff02b23cc2,0,0,0,,,0,0,0,no_overlap
improve-baaf032599beed0e,0,0,0,,,0,0,0,no_overlap
improve-af706771029c7052,0,0,0,,,0,0,0,no_overlap
improve-af48d28bb712b890,0,0,0,,,0,0,0,no_overlap
improve-6a9822db4884e1df,0,0,0,,,0,0,0,no_overlap
improve-b44da1fd65de982a,0,0,0,,,0,0,0,no_overlap
improve-9f16dacbc103a983,0,0,0,,,0,0,0,no_overlap
improve-d07ecfe886294782,0,0,0,,,0,0,0,no_overlap
improve-8219ca1bee31cb98,0,0,0,,,0,0,0,no_overlap
improve-59a480b8aa6e6d58,0,0,0,,,0,0,0,no_overlap
improve-b782378e5cc0e30a,0,0,0,,,0,0,0,no_overlap
improve-01b90a5dd7c9bbb9,0,0,0,,,0,0,0,no_overlap
improve-bf29240a87d210b3,0,0,0,,,0,0,0,no_overlap
improve-6405e0307547d802,0,0,0,,,0,0,0,no_overlap
improve-ece61820d8b56741,0,0,0,,,0,0,0,no_overlap
improve-811d2379ef98ad89,0,0,0,,,0,0,0,no_overlap
improve-9beaa4750a755e62,0,0,0,,,0,0,0,no_overlap
improve-c4ebeb37418122c3,0,0,0,,,0,0,0,no_overlap
improve-ad452ceb998b576e,0,0,0,,,0,0,0,no_overlap
improve-fc8ae0c591248365,0,0,0,,,0,0,0,no_overlap
improve-b80129135300dfb6,0,0,0,,,0,0,0,no_overlap
improve-229906728de5b201,0,0,0,,,0,0,0,no_overlap
improve-23438d514b590111,0,0,0,,,0,0,0,no_overlap
improve-a078133ece7cfb10,0,0,0,,,0,0,0,no_overlap
improve-bfac9387951bae56,0,0,0,,,0,0,0,no_overlap
improve-69138c613525ecfe,0,0,0,,,0,0,0,no_overlap
improve-471f6eb4f62f3d9e,0,0,0,,,0,0,0,no_overlap
improve-fc0f1263f62f1cef,0,0,0,,,0,0,0,no_overlap
improve-14efd4ae84cb5c16,0,0,0,,,0,0,0,no_overlap
improve-d224d0ec384623b1,0,0,0,,,0,0,0,no_overlap
improve-6deee67348378b29,0,0,0,,,0,0,0,no_overlap
improve-02d18a6d7c7c8d18,0,0,0,,,0,0,0,no_overlap
improve-5e06245c0bbd1f1c,0,0,0,,,0,0,0,no_overlap
improve-28f8d9135e5d3c30,0,0,0,,,0,0,0,no_overlap
improve-c4fee04deeab3c5f,0,0,0,,,0,0,0,no_overlap
improve-b1019f8ef0c1eba2,0,0,0,,,0,0,0,no_overlap
improve-45ddca9a21209795,0,0,0,,,0,0,0,no_overlap
improve-cf5f0708c7713cdb,0,0,0,,,0,0,0,no_overlap
improve-c56b948bd8932975,0,0,0,,,0,0,0,no_overlap
improve-dc48e4cc5367b4e9,0,0,0,,,0,0,0,no_overlap
improve-69172e22c58e8b96,0,0,0,,,0,0,0,no_overlap
improve-716e4a7c3702be3d,0,0,0,,,0,0,0,no_overlap
improve-50fb39b5472f6891,0,0,0,,,0,0,0,no_overlap
improve-bccf0e9aa35f5fde,0,0,0,,,0,0,0,no_overlap
improve-11d24764dfde794f,0,0,0,,,0,0,0,no_overlap
improve-3507a751a300652f,0,0,0,,,0,0,0,no_overlap
improve-f1b5871909a863a9,0,0,0,,,0,0,0,no_overlap
improve-dbb7d3970b49a26d,0,0,0,,,0,0,0,no_overlap
improve-548dfda8443951a3,0,0,0,,,0,0,0,no_overlap
improve-035f308476ff39f7,0,0,0,,,0,0,0,no_overlap
improve-5a258e2b43f80781,0,0,0,,,0,0,0,no_overlap
improve-630662d76cdaa43a,0,0,0,,,0,0,0,no_overlap
improve-37efecc0b137d687,0,0,0,,,0,0,0,no_overlap
improve-98ea65dcd33013d4,0,0,0,,,0,0,0,no_overlap
improve-2ef1617357912764,0,0,0,,,0,0,0,no_overlap
improve-9d82560a2990ee23,0,0,0,,,0,0,0,no_overlap
improve-5b7e1c1514c36a10,0,0,0,,,0,0,0,no_overlap
improve-cc03cc285968ee32,1,0,0,,,0,0,0,no_overlap
improve-0a08c67735fc7e62,0,0,0,,,0,0,0,no_overlap
improve-3e16189b0c9fc90c,0,0,0,,,0,0,0,no_overlap
improve-de1ff26909ef58ae,0,0,0,,,0,0,0,no_overlap
improve-0cb03797569c7273,0,0,0,,,0,0,0,no_overlap
improve-668553e3ebc8c465,0,0,0,,,0,0,0,no_overlap
improve-584cef2854302257,0,0,0,,,0,0,0,no_overlap
improve-3245b88ab0e001f0,0,0,0,,,0,0,0,no_overlap
improve-ff639bcfa349e830,0,0,0,,,0,0,0,no_overlap
improve-4eb2b746ccdc619b,0,0,0,,,0,0,0,no_overlap
improve-c3b3fa2c8c189802,0,0,0,,,0,0,0,no_overlap
improve-3c0dc2c80f2a53cd,0,0,0,,,0,0,0,no_overlap
improve-9119a33ba7d9d169,0,0,0,,,0,0,0,no_overlap
improve-c62ba39e668cd3a9,0,0,0,,,0,0,0,no_overlap
improve-cb248a298039dee7,1,0,0,,,0,0,0,no_overlap
improve-dd3989b62f21a069,0,0,0,,,0,0,0,no_overlap
improve-ce9bf11386b06281,0,0,0,,,0,0,0,no_overlap
improve-b675a1cf3b705f67,0,0,0,,,0,0,0,no_overlap
improve-1c570d92b05f5d47,0,0,0,,,0,0,0,no_overlap
improve-27cdcd2ca7eff516,0,0,0,,,0,0,0,no_overlap
improve-f6ab8adfc3bcf9e6,0,0,0,,,0,0,0,no_overlap
improve-4363872df04b101c,0,0,0,,,0,0,0,no_overlap
improve-d33a4fbddb50e848,0,0,0,,,0,0,0,no_overlap
improve-991387963260398d,0,0,0,,,0,0,0,no_overlap
improve-3ce33376abca0c4f,0,0,0,,,0,0,0,no_overlap
improve-7bd3a0ddecffb6d1,1,0,0,,,0,0,0,no_overlap
improve-b3e84dcd55edd3f7,0,0,0,,,0,0,0,no_overlap
improve-3b21ff521d4da65f,0,0,0,,,0,0,0,no_overlap
improve-5e82e0ab21ebc33d,0,0,0,,,0,0,0,no_overlap
improve-b730972397a10ff9,0,0,0,,,0,0,0,no_overlap
improve-5588fdc9fa67adc6,0,0,0,,,0,0,0,no_overlap
improve-56eafbf94839fb62,0,0,0,,,0,0,0,no_overlap
improve-0d861b91b98b6b6b,0,0,0,,,0,0,0,no_overlap
improve-20cb4f6bcff19fc0,0,0,0,,,0,0,0,no_overlap
improve-db56608be8d96932,0,0,0,,,0,0,0,no_overlap
improve-ace9673e243ec206,0,0,0,,,0,0,0,no_overlap
improve-19748b8b37182665,0,0,0,,,0,0,0,no_overlap
improve-c84399b56ce1c580,0,0,0,,,0,0,0,no_overlap
improve-fc69702d0104fc3e,0,0,0,,,0,0,0,no_overlap
improve-a9b824c107575e0a,0,0,0,,,0,0,0,no_overlap
improve-bbfe2d1dcd085195,0,0,0,,,0,0,0,no_overlap
improve-92adbbd1ea630bdf,0,0,0,,,0,0,0,no_overlap
improve-8e7483e7337bb5c0,0,0,0,,,0,0,0,no_overlap
improve-1f6d428b16e70d7f,0,0,0,,,0,0,0,no_overlap
improve-b4abd1089cd1dbb3,0,0,0,,,0,0,0,no_overlap
improve-f8625085048157d0,0,0,0,,,0,0,0,no_overlap
improve-a496f74207df56fe,0,0,0,,,0,0,0,no_overlap
improve-8b4ebc8695425ed7,0,0,0,,,0,0,0,no_overlap
improve-6f97323cbfdb96a4,0,0,0,,,0,0,0,no_overlap
improve-d47cc2ba01f8e861,0,0,0,,,0,0,0,no_overlap
improve-a312a070589c11e8,0,0,0,,,0,0,0,no_overlap
improve-68d16cb37791ded6,0,0,0,,,0,0,0,no_overlap
improve-f02bb08f9696bf86,0,0,0,,,0,0,0,no_overlap
improve-6fc2ec09e88f84a2,0,0,0,,,0,0,0,no_overlap
improve-5eadcfe236eadc73,0,0,0,,,0,0,0,no_overlap
improve-038d8279260baf77,0,0,0,,,0,0,0,no_overlap
improve-551c913c17826219,0,0,0,,,0,0,0,no_overlap
improve-42d485a7be4c4351,0,0,0,,,0,0,0,no_overlap
improve-ebac76c6750b5074,0,0,0,,,0,0,0,no_overlap
improve-ca6881228828589a,0,0,0,,,0,0,0,no_overlap
improve-0000b689d025166f,0,0,0,,,0,0,0,no_overlap
improve-e0626e03ea46bf3b,0,0,0,,,0,0,0,no_overlap
improve-5342d5b1881f0ca5,0,0,0,,,0,0,0,no_overlap
improve-c029b5f50b25332a,0,0,0,,,0,0,0,no_overlap
improve-a1a2a5c1a95b9cba,0,0,0,,,0,0,0,no_overlap
improve-421d2e6d90918602,0,0,0,,,0,0,0,no_overlap
improve-0278d8b565d0e943,0,0,0,,,0,0,0,no_overlap
improve-9b59d88707701004,0,0,0,,,0,0,0,no_overlap
improve-b2f3aeb71f45f064,0,0,0,,,0,0,0,no_overlap
improve-1d103dfec4937b0f,0,0,0,,,0,0,0,no_overlap
improve-890aa73d947a386c,0,0,0,,,0,0,0,no_overlap
improve-a642ad8a8dceaed1,0,0,0,,,0,0,0,no_overlap
improve-1f0b72a0a4e88e47,0,0,0,,,0,0,0,no_overlap
improve-8ee765febf69946c,0,0,0,,,0,0,0,no_overlap
improve-2ac58d1e27d40bcb,0,0,0,,,0,0,0,no_overlap
improve-ab6f2ec38944bec0,0,0,0,,,0,0,0,no_overlap
improve-393390c6b655732a,0,0,0,,,0,0,0,no_overlap
improve-2d3eff8ad45b2ea6,0,0,0,,,0,0,0,no_overlap
improve-ac57716bd65b4180,0,0,0,,,0,0,0,no_overlap
improve-58aef19e4765af01,0,0,0,,,0,0,0,no_overlap
improve-a6d4a1d6c9ede717,0,0,0,,,0,0,0,no_overlap
improve-72b80ef1d4102f2f,0,0,0,,,0,0,0,no_overlap
improve-fafff2cbe25e1f8c,0,0,0,,,0,0,0,no_overlap
improve-47443592fcee111b,0,0,0,,,0,0,0,no_overlap
improve-82c4c7b1fa188cde,0,0,0,,,0,0,0,no_overlap
improve-c85222a8c50e8182,0,0,0,,,0,0,0,no_overlap
improve-0783bf5e95bdb2f1,0,0,0,,,0,0,0,no_overlap
improve-376f37191b60011b,0,0,0,,,0,0,0,no_overlap
improve-d16a33e88f05413a,0,0,0,,,0,0,0,no_overlap
improve-94bc35827cbde0cf,0,0,0,,,0,0,0,no_overlap
improve-a645442d28304b2e,0,0,0,,,0,0,0,no_overlap
improve-b6183a410c6a6677,0,0,0,,,0,0,0,no_overlap
improve-0f6af47fdf097130,0,0,0,,,0,0,0,no_overlap
improve-5001092cde562a13,0,0,0,,,0,0,0,no_overlap
improve-9edaaa58fc8d140b,0,0,0,,,0,0,0,no_overlap
improve-10dc574454a18431,0,0,0,,,0,0,0,no_overlap
improve-fa3a81bf699b7f1c,0,0,0,,,0,0,0,no_overlap
improve-9fd8c43a0fd32699,0,0,0,,,0,0,0,no_overlap
improve-98e0be5aebb28ec1,0,0,0,,,0,0,0,no_overlap
improve-a48b4a730e8787e9,0,0,0,,,0,0,0,no_overlap
improve-3a2c6c2eac851971,0,0,0,,,0,0,0,no_overlap
improve-9253e8687783d1ff,0,0,0,,,0,0,0,no_overlap
improve-f9c7b2488841e561,0,0,0,,,0,0,0,no_overlap
improve-422b5283b0bf5f8f,0,0,0,,,0,0,0,no_overlap
improve-ac38f40eeaf3bb18,0,0,0,,,0,0,0,no_overlap
improve-78cd5a6d1486356b,0,0,0,,,0,0,0,no_overlap
improve-108a2166d3271224,0,0,0,,,0,0,0,no_overlap
improve-3f2a15649d5d399e,0,0,0,,,0,0,0,no_overlap
improve-2b401b5981a41b90,0,0,0,,,0,0,0,no_overlap
improve-351ff174e916b2ac,0,0,0,,,0,0,0,no_overlap
improve-3198714468517c3f,0,0,0,,,0,0,0,no_overlap
improve-b1e9f7da1853c6b3,0,0,0,,,0,0,0,no_overlap
improve-7dadcc4b7c1bc1d7,0,0,0,,,0,0,0,no_overlap
improve-41fe605ccd6f7b66,0,0,0,,,0,0,0,no_overlap
improve-141c78e6ffa2c795,0,0,0,,,0,0,0,no_overlap
improve-d49a838131f02f33,0,0,0,,,0,0,0,no_overlap
improve-995793fb48f88289,0,0,0,,,0,0,0,no_overlap
improve-e69fda910a14d597,0,0,0,,,0,0,0,no_overlap
improve-b6a3ee19ca03b52c,0,0,0,,,0,0,0,no_overlap
improve-ac9c2d4464130ce2,0,0,0,,,0,0,0,no_overlap
improve-fe3e9cd69357a83a,0,0,0,,,0,0,0,no_overlap
improve-153da4033e08be24,0,0,0,,,0,0,0,no_overlap
improve-57a8a52d79cf6ea1,0,0,0,,,0,0,0,no_overlap
improve-6d9db4e18edf0718,0,0,0,,,0,0,0,no_overlap
improve-fb8630c6ab8127ff,0,0,0,,,0,0,0,no_overlap
improve-17ae2a4ae34442f6,0,0,0,,,0,0,0,no_overlap
improve-ccae00457b110919,0,0,0,,,0,0,0,no_overlap
improve-d4e8465204f3bd4e,0,0,0,,,0,0,0,no_overlap
improve-b51a053827e0c514,0,0,0,,,0,0,0,no_overlap
improve-e21dd9dc822c5232,0,0,0,,,0,0,0,no_overlap
improve-50f5b433541997f4,0,0,0,,,0,0,0,no_overlap
improve-7aef95e31e4bacbf,0,0,0,,,0,0,0,no_overlap
improve-8fc51a840aefe44b,0,0,0,,,0,0,0,no_overlap
improve-8f058b5349a0dd39,0,0,0,,,0,0,0,no_overlap
improve-d64b8deae5b574ec,0,0,0,,,0,0,0,no_overlap
improve-23ca293c76a50548,0,0,0,,,0,0,0,no_overlap
improve-551e47884ea97e9d,0,0,0,,,0,0,0,no_overlap
improve-f3ea4dc65b9656fc,0,0,0,,,0,0,0,no_overlap
improve-746ac2a98a4a9082,0,0,0,,,0,0,0,no_overlap
improve-96c94affbc229fca,0,0,0,,,0,0,0,no_overlap
improve-0b49b5f54469ca4b,0,0,0,,,0,0,0,no_overlap
improve-a310a7b496ffd4b3,0,0,0,,,0,0,0,no_overlap
improve-df15bad985b15eda,0,0,0,,,0,0,0,no_overlap
improve-03d88d0633b328ff,1,0,0,,,0,0,0,no_overlap
improve-443ee578aa917896,0,0,0,,,0,0,0,no_overlap
improve-6170da3e70d55420,0,0,0,,,0,0,0,no_overlap
improve-90b98139d07ed576,0,0,0,,,0,0,0,no_overlap
improve-e462bd0e63cc4ecf,0,0,0,,,0,0,0,no_overlap
improve-3b2906b760b2d10d,0,0,0,,,0,0,0,no_overlap
improve-7a92335e96a212da,0,0,0,,,0,0,0,no_overlap
improve-4bae78ae56caf275,0,0,0,,,0,0,0,no_overlap
improve-453d09a8a4207922,0,0,0,,,0,0,0,no_overlap
improve-589605a5a0fd0798,0,0,0,,,0,0,0,no_overlap
improve-2550e80c96e1104d,0,0,0,,,0,0,0,no_overlap
improve-e89687ed94cd8edf,0,0,0,,,0,0,0,no_overlap
improve-38b3dab80224e512,0,0,0,,,0,0,0,no_overlap
improve-aac120b5c9f67e17,0,0,0,,,0,0,0,no_overlap
improve-d41f6e1092af06bb,0,0,0,,,0,0,0,no_overlap
improve-0e8ed8aee9acbcf7,0,0,0,,,0,0,0,no_overlap
improve-365f8eb2f9275940,0,0,0,,,0,0,0,no_overlap
improve-809c9ad541e45162,0,0,0,,,0,0,0,no_overlap
improve-8466a52776b200af,0,0,0,,,0,0,0,no_overlap
improve-74bc26f0ff751ceb,0,0,0,,,0,0,0,no_overlap
improve-bdffc6405ca4a35d,0,0,0,,,0,0,0,no_overlap
improve-3cd94993e4cc61d4,0,0,0,,,0,0,0,no_overlap
improve-2f4decaebac3a4fb,0,0,0,,,0,0,0,no_overlap
improve-dc102e18ab8e5f23,0,0,0,,,0,0,0,no_overlap
improve-2191ec58596b2167,0,0,0,,,0,0,0,no_overlap
improve-22ab9ee1e59efdeb,0,0,0,,,0,0,0,no_overlap
improve-d27b56c890adc6f6,0,0,0,,,0,0,0,no_overlap
improve-566e134dbe076e01,0,0,0,,,0,0,0,no_overlap
improve-096525a8117d0c83,0,0,0,,,0,0,0,no_overlap
improve-e1accc1f715027d6,0,0,0,,,0,0,0,no_overlap
improve-d26f6b0d32da4174,0,0,0,,,0,0,0,no_overlap
improve-f046da9472deaeec,0,0,0,,,0,0,0,no_overlap
improve-72dfbe8b5500788d,0,0,0,,,0,0,0,no_overlap
improve-20654b80f3438b22,0,0,0,,,0,0,0,no_overlap
improve-25dcd6072c42765a,0,0,0,,,0,0,0,no_overlap
improve-fb8807ff71feb285,1,0,0,,,0,0,0,no_overlap
improve-15f78d507af140f2,0,0,0,,,0,0,0,no_overlap
improve-c69187767abde952,0,0,0,,,0,0,0,no_overlap
improve-12a934fc423ff67a,1,0,0,,,0,0,0,no_overlap
improve-98e2299a6d89c31c,0,0,0,,,0,0,0,no_overlap
improve-1e9572945bb2776c,0,0,0,,,0,0,0,no_overlap
improve-a17287ea598b0c9e,0,0,0,,,0,0,0,no_overlap
improve-df77f470a103a462,0,0,0,,,0,0,0,no_overlap
improve-9f7aba49e464c745,0,0,0,,,0,0,0,no_overlap
improve-93ed319ee968a062,0,0,0,,,0,0,0,no_overlap
improve-adb277054734b228,0,0,0,,,0,0,0,no_overlap
improve-b15e8c5d88c7ca09,0,0,0,,,0,0,0,no_overlap
improve-58a2435560ddb101,0,0,0,,,0,0,0,no_overlap
improve-1dbe7a4cb8a374dd,0,0,0,,,0,0,0,no_overlap
improve-5b542ce45e801238,0,0,0,,,0,0,0,no_overlap
improve-31402860c684a4ad,0,0,0,,,0,0,0,no_overlap
improve-b0bd10917809b15a,0,0,0,,,0,0,0,no_overlap
improve-9e3cd452362c2248,0,0,0,,,0,0,0,no_overlap
improve-8b059c1fcc4604e7,0,0,0,,,0,0,0,no_overlap
improve-5d9dc6c8afac914b,0,0,0,,,0,0,0,no_overlap
improve-d1b88fe33e29fa9e,0,0,0,,,0,0,0,no_overlap
improve-6245b5468a8814bf,0,0,0,,,0,0,0,no_overlap
improve-2937e2ad02b9bb96,0,0,0,,,0,0,0,no_overlap
improve-29fcabbf82df7fff,0,0,0,,,0,0,0,no_overlap
improve-3696e10856f43cfd,0,0,0,,,0,0,0,no_overlap
improve-e09c88cd2712f368,0,0,0,,,0,0,0,no_overlap
improve-8c5dd9055f816d2a,0,0,0,,,0,0,0,no_overlap
improve-f46b19854f24f9f6,0,0,0,,,0,0,0,no_overlap
improve-0a669f08df512c7c,0,0,0,,,0,0,0,no_overlap
improve-6a11fa989fa62f04,0,0,0,,,0,0,0,no_overlap
improve-ff7b97e5bfa2f829,0,0,0,,,0,0,0,no_overlap
improve-8dc44f5c9729ff56,0,0,0,,,0,0,0,no_overlap
improve-fe72470dcca8e29c,1,0,0,,,0,0,0,no_overlap
improve-097dc3670e2e7eb1,0,0,0,,,0,0,0,no_overlap
improve-ac1d0cf83bb39fd6,0,0,0,,,0,0,0,no_overlap
improve-b7e1f103d5a9d159,0,0,0,,,0,0,0,no_overlap
improve-d0fa34c65d950992,0,0,0,,,0,0,0,no_overlap
improve-1091bec1fd35ddf2,0,0,0,,,0,0,0,no_overlap
improve-89330f369b5a8646,0,0,0,,,0,0,0,no_overlap
improve-c2136fe63b7646fe,0,0,0,,,0,0,0,no_overlap
improve-ea7f3038834f7e88,0,0,0,,,0,0,0,no_overlap
improve-54c572414371a0a2,0,0,0,,,0,0,0,no_overlap
improve-be5f77b1b41aaf76,1,0,0,,,0,0,0,no_overlap
improve-20156060fd023aa8,0,0,0,,,0,0,0,no_overlap
improve-c9f26686dae48e35,0,0,0,,,0,0,0,no_overlap
improve-0744c7cd8ad49d92,0,0,0,,,0,0,0,no_overlap
improve-0ef9a107e0d3ef39,0,0,0,,,0,0,0,no_overlap
improve-8fdaa1c7706e20f3,0,0,0,,,0,0,0,no_overlap
improve-917bc5d740c035bd,0,0,0,,,0,0,0,no_overlap
improve-2f79e8441d7b846f,0,0,0,,,0,0,0,no_overlap
improve-dab96744c36a6416,0,0,0,,,0,0,0,no_overlap
improve-626246f024382d2c,0,0,0,,,0,0,0,no_overlap
improve-5574234747511401,0,0,0,,,0,0,0,no_overlap
improve-1bcfad73e3157ae1,0,0,0,,,0,0,0,no_overlap
improve-0279a6034345ff50,0,0,0,,,0,0,0,no_overlap
improve-55aa7413b525fb8e,0,0,0,,,0,0,0,no_overlap
improve-7fab6b80ee0822f7,0,0,0,,,0,0,0,no_overlap
improve-8a03daa89b0a75e3,0,0,0,,,0,0,0,no_overlap
improve-d28b8e3e6ae9cb86,0,0,0,,,0,0,0,no_overlap
improve-b428f1fbdac3e3e7,0,0,0,,,0,0,0,no_overlap
improve-b41e5d783eaaa6a6,0,0,0,,,0,0,0,no_overlap
improve-cbc9d417540b2def,0,0,0,,,0,0,0,no_overlap
improve-438250213bd5647c,0,0,0,,,0,0,0,no_overlap
improve-2dc694ea88f7d1b6,0,0,0,,,0,0,0,no_overlap
improve-344a6b11c4b81609,0,0,0,,,0,0,0,no_overlap
improve-446ca1046127e533,0,0,0,,,0,0,0,no_overlap
improve-f1423fb03416c7df,0,0,0,,,0,0,0,no_overlap
improve-40051d7a69d80a69,0,0,0,,,0,0,0,no_overlap
improve-cde5fee7293463d9,0,0,0,,,0,0,0,no_overlap
improve-5a766a1f13e675eb,0,0,0,,,0,0,0,no_overlap
improve-d87c18df637cccdb,0,0,0,,,0,0,0,no_overlap
improve-a1a0ffeb197a5820,0,0,0,,,0,0,0,no_overlap
improve-671dd53e2ba242b1,0,0,0,,,0,0,0,no_overlap
improve-71d756dc8083a44d,0,0,0,,,0,0,0,no_overlap
improve-e0e894c8b1942dbb,0,0,0,,,0,0,0,no_overlap
improve-1a9c2a88cb3f545c,0,0,0,,,0,0,0,no_overlap
improve-2715c8205850c0e1,0,0,0,,,0,0,0,no_overlap
improve-b2f7ab05d75e84a3,0,0,0,,,0,0,0,no_overlap
improve-76f794fb60367076,0,0,0,,,0,0,0,no_overlap
improve-6aab82be545f3ecd,0,0,0,,,0,0,0,no_overlap
improve-44bb2dbb080d2410,0,0,0,,,0,0,0,no_overlap
improve-01525573e9601045,0,0,0,,,0,0,0,no_overlap
improve-d8988c6c136d6332,0,0,0,,,0,0,0,no_overlap
improve-ec20d4e5d2d26a36,0,0,0,,,0,0,0,no_overlap
improve-60e08a57f32e833b,0,0,0,,,0,0,0,no_overlap
improve-1aa90e29ecccb76a,0,0,0,,,0,0,0,no_overlap
improve-ec4023a7b6bb1097,0,0,0,,,0,0,0,no_overlap
improve-c32dcdc433af1875,0,0,0,,,0,0,0,no_overlap
improve-83212b55143140d5,0,0,0,,,0,0,0,no_overlap
improve-18d43312c290b7a2,0,0,0,,,0,0,0,no_overlap
improve-6e0b958bf9f343c0,0,0,0,,,0,0,0,no_overlap
improve-5ba697dd45aa50a4,0,0,0,,,0,0,0,no_overlap
improve-41e1c226ba9a85c8,0,0,0,,,0,0,0,no_overlap
improve-148928af42646fbf,0,0,0,,,0,0,0,no_overlap
improve-2fe13f81a3fc0801,0,0,0,,,0,0,0,no_overlap
improve-fc78b2d7fe1a67d5,0,0,0,,,0,0,0,no_overlap
improve-88d5f640c225e0d1,0,0,0,,,0,0,0,no_overlap
improve-c16b06d2b2ae8b8a,0,0,0,,,0,0,0,no_overlap
improve-4b95a6bd5d6c54a7,0,0,0,,,0,0,0,no_overlap
improve-ba17077839080872,0,0,0,,,0,0,0,no_overlap
improve-9c182abe1bce3057,0,0,0,,,0,0,0,no_overlap
improve-455b0bc195beb762,0,0,0,,,0,0,0,no_overlap
improve-7e944afd0c90583b,0,0,0,,,0,0,0,no_overlap
improve-3968f2274ac88b30,0,0,0,,,0,0,0,no_overlap
improve-f83fbaf7afc8052a,0,0,0,,,0,0,0,no_overlap
improve-bd19660e8dd4bb8c,0,0,0,,,0,0,0,no_overlap
improve-f8e4c8207c5122ad,0,0,0,,,0,0,0,no_overlap
improve-1aedd834856cf14a,0,0,0,,,0,0,0,no_overlap
improve-ac500d733e5d880f,0,0,0,,,0,0,0,no_overlap
improve-748eb73f936a566c,0,0,0,,,0,0,0,no_overlap
improve-e92bd2cefa57760b,0,0,0,,,0,0,0,no_overlap
improve-de3c63c1e07d4ebd,0,0,0,,,0,0,0,no_overlap
improve-78d58bca0df83644,0,0,0,,,0,0,0,no_overlap
improve-eb7ebef2bc5d33f3,0,0,0,,,0,0,0,no_overlap
improve-123ec7e16bbadeb9,0,0,0,,,0,0,0,no_overlap
improve-b2a870d804aa7ec7,0,0,0,,,0,0,0,no_overlap
improve-53f2b3fb3f003ef1,0,0,0,,,0,0,0,no_overlap
improve-aae72b773d4238be,0,0,0,,,0,0,0,no_overlap
improve-560e58e32293eda2,0,0,0,,,0,0,0,no_overlap
improve-ca304b4ed39f43aa,0,0,0,,,0,0,0,no_overlap
improve-e083200cefaab2e7,0,0,0,,,0,0,0,no_overlap
improve-4e13e15b6f5ff743,0,0,0,,,0,0,0,no_overlap
improve-d7cf63c1722cafa8,0,0,0,,,0,0,0,no_overlap
improve-3ed4737a06be0b92,0,0,0,,,0,0,0,no_overlap
improve-1d3d9420ea8a57a2,0,0,0,,,0,0,0,no_overlap
improve-51e2151d350cf669,0,0,0,,,0,0,0,no_overlap
improve-d903bb7f5fa2c750,0,0,0,,,0,0,0,no_overlap
improve-5b93e853a768884a,0,0,0,,,0,0,0,no_overlap
improve-67c715af8d5f9598,0,0,0,,,0,0,0,no_overlap
improve-450784497a368ffd,0,0,0,,,0,0,0,no_overlap
improve-72467377f2281d2f,0,0,0,,,0,0,0,no_overlap
improve-01f2ac2b790769e4,0,0,0,,,0,0,0,no_overlap
improve-9ca91ef9e99cf92f,0,0,0,,,0,0,0,no_overlap
improve-9136df7dbb28d4ab,0,0,0,,,0,0,0,no_overlap
improve-b216c6e8155605fe,0,0,0,,,0,0,0,no_overlap
improve-5e6caed4704c5fda,0,0,0,,,0,0,0,no_overlap
improve-fe02e9cf4ec99b95,0,0,0,,,0,0,0,no_overlap
improve-38a51a2dee94e9fe,0,0,0,,,0,0,0,no_overlap
improve-10b1ca1fdb92f3cb,0,0,0,,,0,0,0,no_overlap
improve-37be056b5495ea09,0,0,0,,,0,0,0,no_overlap
improve-482ab1e8e35e61e8,1,0,0,,,0,0,0,no_overlap
improve-d7cfe1f4bbbd4d17,0,0,0,,,0,0,0,no_overlap
improve-cf969e3adbb3c560,0,0,0,,,0,0,0,no_overlap
improve-f405c8c337d45302,0,0,0,,,0,0,0,no_overlap
improve-1a7a619e9f90b89e,0,0,0,,,0,0,0,no_overlap
improve-995f976868fdce36,0,0,0,,,0,0,0,no_overlap
improve-13135f6c56da1cc1,0,0,0,,,0,0,0,no_overlap
improve-aa07fb58eb4a128e,0,0,0,,,0,0,0,no_overlap
improve-7b9ff005c2a7daba,0,0,0,,,0,0,0,no_overlap
improve-abba6217bd20f91b,0,0,0,,,0,0,0,no_overlap
improve-1bb7ce89d84bed29,0,0,0,,,0,0,0,no_overlap
improve-174b369c0784432e,0,0,0,,,0,0,0,no_overlap
improve-a74f41984255baed,0,0,0,,,0,0,0,no_overlap
improve-41e62fd64a6aacd2,0,0,0,,,0,0,0,no_overlap
improve-f693befa79027204,0,0,0,,,0,0,0,no_overlap
improve-033d13dde860e50f,0,0,0,,,0,0,0,no_overlap
improve-4ea86de8aa387398,0,0,0,,,0,0,0,no_overlap
improve-c0a143c69940ff13,0,0,0,,,0,0,0,no_overlap
improve-d128d95edfcee447,0,0,0,,,0,0,0,no_overlap
improve-a80627f851ab50c5,0,0,0,,,0,0,0,no_overlap
improve-86ae359a3edc34c5,0,0,0,,,0,0,0,no_overlap
improve-98c2043539a6ad60,0,0,0,,,0,0,0,no_overlap
improve-b25f58ceacfdb2e5,0,0,0,,,0,0,0,no_overlap
improve-f17e4dd6a9f7cc71,0,0,0,,,0,0,0,no_overlap
improve-41ef11fe6b55a613,0,0,0,,,0,0,0,no_overlap
improve-e16ea970f4ee694d,0,0,0,,,0,0,0,no_overlap
improve-709c7be093cac4b4,0,0,0,,,0,0,0,no_overlap
improve-d78aeac4d04e2842,0,0,0,,,0,0,0,no_overlap
improve-91c63be4ac7d9d0e,0,0,0,,,0,0,0,no_overlap
improve-92ed26420b37651a,0,0,0,,,0,0,0,no_overlap
improve-241f296e730b53ce,0,0,0,,,0,0,0,no_overlap
improve-79cd9c54f589bea3,0,0,0,,,0,0,0,no_overlap
improve-d9448f9f5b70d2e7,0,0,0,,,0,0,0,no_overlap
improve-97369700dec55999,0,0,0,,,0,0,0,no_overlap
improve-1a1ce57bc5694e26,0,0,0,,,0,0,0,no_overlap
improve-8e1cbe46056d70b3,0,0,0,,,0,0,0,no_overlap
improve-f5cb3896ca7b727f,0,0,0,,,0,0,0,no_overlap
improve-7b0e029e1018dec4,0,0,0,,,0,0,0,no_overlap
improve-9a85e9b9fa13416b,0,0,0,,,0,0,0,no_overlap
improve-7570611886dc85ef,0,0,0,,,0,0,0,no_overlap
improve-ab76387b6edb6bd2,0,0,0,,,0,0,0,no_overlap
improve-47e146ab3b531c96,0,0,0,,,0,0,0,no_overlap
improve-0106a0393368f468,0,0,0,,,0,0,0,no_overlap
improve-d57812bc9059da85,0,0,0,,,0,0,0,no_overlap
improve-42057bd254d71b98,0,0,0,,,0,0,0,no_overlap
improve-08eaeddb03c79da3,0,0,0,,,0,0,0,no_overlap
improve-437867587f4854bf,1,0,0,,,0,0,0,no_overlap
improve-72d61770c94b117f,0,0,0,,,0,0,0,no_overlap
improve-a8d208fa81e70f71,0,0,0,,,0,0,0,no_overlap
improve-5f30b828cd05024f,0,0,0,,,0,0,0,no_overlap
improve-bb872f3bfc3dd00e,0,0,0,,,0,0,0,no_overlap
improve-9000b3a63400be3a,0,0,0,,,0,0,0,no_overlap
improve-f99f96a6f4b152d6,0,0,0,,,0,0,0,no_overlap
improve-2795e92a638a623e,0,0,0,,,0,0,0,no_overlap
improve-f7a278225c5a80a5,0,0,0,,,0,0,0,no_overlap
improve-7444feee435e6a59,0,0,0,,,0,0,0,no_overlap
improve-3d4a71a29b523524,0,0,0,,,0,0,0,no_overlap
improve-c11074bf7e3d6096,0,0,0,,,0,0,0,no_overlap
improve-2e76be0fec5a9a4e,0,0,0,,,0,0,0,no_overlap
improve-0af9dd1cd1b7ec69,0,0,0,,,0,0,0,no_overlap
improve-994319f0b707a363,0,0,0,,,0,0,0,no_overlap
improve-a5fa72d340578c8d,0,0,0,,,0,0,0,no_overlap
improve-01c5b7905f0b0354,0,0,0,,,0,0,0,no_overlap
improve-fac8f6b7aa9fac48,0,0,0,,,0,0,0,no_overlap
improve-cebfb7709665d4a0,0,0,0,,,0,0,0,no_overlap
improve-652d96abaf32a5e3,0,0,0,,,0,0,0,no_overlap
improve-bc77955b0555f875,0,0,0,,,0,0,0,no_overlap
improve-54a23b81155eb00c,0,0,0,,,0,0,0,no_overlap
improve-f6f04b559a0baacb,0,0,0,,,0,0,0,no_overlap
improve-cbd4e8bc14891440,0,0,0,,,0,0,0,no_overlap
improve-cf193ea2dd053095,0,0,0,,,0,0,0,no_overlap
improve-05d3505c25c0e8df,0,0,0,,,0,0,0,no_overlap
improve-4821d49fbc30ef51,0,0,0,,,0,0,0,no_overlap
improve-d9ffe89d80330703,0,0,0,,,0,0,0,no_overlap
improve-552a89dad4cec04d,0,0,0,,,0,0,0,no_overlap
improve-d31d0557aa89ee84,0,0,0,,,0,0,0,no_overlap
improve-ebe462db7e39d482,0,0,0,,,0,0,0,no_overlap
improve-bdd6839b18be3863,0,0,0,,,0,0,0,no_overlap
improve-81847daa027bd33d,0,0,0,,,0,0,0,no_overlap
improve-424db10904059618,0,0,0,,,0,0,0,no_overlap
improve-5a042ce9fc75f27b,0,0,0,,,0,0,0,no_overlap
improve-40b20897051a4fc1,0,0,0,,,0,0,0,no_overlap
improve-4b2f502a4694cde9,0,0,0,,,0,0,0,no_overlap
improve-4360feadcca208f6,0,0,0,,,0,0,0,no_overlap
improve-52e197c54ab78efb,0,0,0,,,0,0,0,no_overlap
improve-ef95836e3533d4c0,0,0,0,,,0,0,0,no_overlap
improve-db8ee2d33d91295d,0,0,0,,,0,0,0,no_overlap
improve-857d375511e92204,0,0,0,,,0,0,0,no_overlap
improve-1b476cf9ec57d717,0,0,0,,,0,0,0,no_overlap
improve-b4a9889cf900c0d3,0,0,0,,,0,0,0,no_overlap
improve-d3f58707e7292278,0,0,0,,,0,0,0,no_overlap
improve-d9713c245a034e44,0,0,0,,,0,0,0,no_overlap
improve-b41502f1d15cdf86,0,0,0,,,0,0,0,no_overlap
improve-4799d139672d0075,0,0,0,,,0,0,0,no_overlap
improve-cec765fc27a9877f,0,0,0,,,0,0,0,no_overlap
improve-401964e553024578,0,0,0,,,0,0,0,no_overlap
improve-2e252ca12ec58479,0,0,0,,,0,0,0,no_overlap
improve-e85c03eaad6093ac,0,0,0,,,0,0,0,no_overlap
improve-a87dceb3998bc2c0,0,0,0,,,0,0,0,no_overlap
improve-7a4e9e986b6a7b30,0,0,0,,,0,0,0,no_overlap
improve-f78f20e7d29feb0d,0,0,0,,,0,0,0,no_overlap
improve-9f7834deb2f11bb4,0,0,0,,,0,0,0,no_overlap
improve-6d650e780725af60,0,0,0,,,0,0,0,no_overlap
improve-2176310dd6c2d189,0,0,0,,,0,0,0,no_overlap
improve-1d9ead8ba6b6a413,0,0,0,,,0,0,0,no_overlap
improve-dc60be1211b0137a,0,0,0,,,0,0,0,no_overlap
improve-9f1b754888d7c36b,0,0,0,,,0,0,0,no_overlap
improve-0f5a8350f1ba93bb,0,0,0,,,0,0,0,no_overlap
improve-6a9a8e66636a2f97,0,0,0,,,0,0,0,no_overlap
improve-64289c6ffdba8afb,0,0,0,,,0,0,0,no_overlap
improve-2c57841e4686ae6f,0,0,0,,,0,0,0,no_overlap
improve-90dba1511dbafb23,0,0,0,,,0,0,0,no_overlap
improve-e754ef4930835dcc,0,0,0,,,0,0,0,no_overlap
improve-bfe26a47788a14a5,0,0,0,,,0,0,0,no_overlap
improve-68f9cb7fcbe85899,0,0,0,,,0,0,0,no_overlap
improve-dfdcc9b6cf3d4f73,0,0,0,,,0,0,0,no_overlap
improve-05e4319cc39a95d9,0,0,0,,,0,0,0,no_overlap
improve-b9b16461ca12140e,0,0,0,,,0,0,0,no_overlap
improve-e8a436b743bb76ac,0,0,0,,,0,0,0,no_overlap
improve-bbcd74133895fa18,0,0,0,,,0,0,0,no_overlap
improve-bd00c33f71697256,0,0,0,,,0,0,0,no_overlap
improve-c26e9a93d5b49062,0,0,0,,,0,0,0,no_overlap
improve-caa28c46b5c9befd,0,0,0,,,0,0,0,no_overlap
improve-c3f1972a43a6cc0a,0,0,0,,,0,0,0,no_overlap
improve-7ec509820fc1ce59,0,0,0,,,0,0,0,no_overlap
improve-57f25bf1a23287c9,0,0,0,,,0,0,0,no_overlap
improve-1a3d592033492d15,0,0,0,,,0,0,0,no_overlap
improve-df03a4caa30f3ce0,0,0,0,,,0,0,0,no_overlap
improve-d7c003f3da6dd276,0,0,0,,,0,0,0,no_overlap
improve-32372e3b369b186d,0,0,0,,,0,0,0,no_overlap
improve-5e3acac9729e7347,0,0,0,,,0,0,0,no_overlap
improve-62feab93e941cb18,0,0,0,,,0,0,0,no_overlap
improve-cb536df939422d03,0,0,0,,,0,0,0,no_overlap
improve-f390036e92f1dbb9,0,0,0,,,0,0,0,no_overlap
improve-c62f7c40610de209,0,0,0,,,0,0,0,no_overlap
improve-7612941356125527,0,0,0,,,0,0,0,no_overlap
improve-be6be3577b524d91,0,0,0,,,0,0,0,no_overlap
improve-0c480c21ed1e150d,0,0,0,,,0,0,0,no_overlap
improve-1621d6c3475f887d,0,0,0,,,0,0,0,no_overlap
improve-961abc605904b512,0,0,0,,,0,0,0,no_overlap
improve-8f670b87c336d82a,0,0,0,,,0,0,0,no_overlap
improve-5444fa3325fb5f5f,0,0,0,,,0,0,0,no_overlap
improve-42bff0ae1ee4f277,0,0,0,,,0,0,0,no_overlap
improve-ffb4a70f71da9a7a,0,0,0,,,0,0,0,no_overlap
improve-084b85227a4a5861,0,0,0,,,0,0,0,no_overlap
improve-13fb21338fb97010,0,0,0,,,0,0,0,no_overlap
improve-7c4e16d26d37f64a,0,0,0,,,0,0,0,no_overlap
improve-c508e97640ff98d8,0,0,0,,,0,0,0,no_overlap
improve-6c00c0ce87856acc,0,0,0,,,0,0,0,no_overlap
improve-d1410f7dd4ad38e9,0,0,0,,,0,0,0,no_overlap
improve-1c0d1a35b70ba8a8,0,0,0,,,0,0,0,no_overlap
improve-196062b81bc08db3,0,0,0,,,0,0,0,no_overlap
improve-8b9a74b71f3a4d39,0,0,0,,,0,0,0,no_overlap
improve-c2ea761b6e33e208,0,0,0,,,0,0,0,no_overlap
improve-7bacac1a4ecc0f11,0,0,0,,,0,0,0,no_overlap
improve-9cd6c51e406049ef,0,0,0,,,0,0,0,no_overlap
improve-7164d32db00973ec,0,0,0,,,0,0,0,no_overlap
improve-83c59973cb1e644b,0,0,0,,,0,0,0,no_overlap
improve-ce7271040401c10e,0,0,0,,,0,0,0,no_overlap
improve-dc9279af5a6dc4f6,0,0,0,,,0,0,0,no_overlap
improve-21239abfb11c6355,0,0,0,,,0,0,0,no_overlap
improve-f83766136f1c64b2,0,0,0,,,0,0,0,no_overlap
improve-fddfaaac17018247,0,0,0,,,0,0,0,no_overlap
improve-08968561c8dfbcfc,0,0,0,,,0,0,0,no_overlap
improve-88dc336d7fd22a77,0,0,0,,,0,0,0,no_overlap
improve-666df0135e83069d,0,0,0,,,0,0,0,no_overlap
improve-34674670351f5d35,0,0,0,,,0,0,0,no_overlap
improve-0d7824c7de152b63,0,0,0,,,0,0,0,no_overlap
improve-48a885434d91cea4,0,0,0,,,0,0,0,no_overlap
improve-4fc68b757a5f8ad1,0,0,0,,,0,0,0,no_overlap
improve-9a8fa2682851bfe0,0,0,0,,,0,0,0,no_overlap
improve-861bfb2652cb3d6d,0,0,0,,,0,0,0,no_overlap
improve-c1692a76fdb92803,0,0,0,,,0,0,0,no_overlap
improve-650bb7d460a51f2b,0,0,0,,,0,0,0,no_overlap
improve-35f0b8e5526e2373,0,0,0,,,0,0,0,no_overlap
improve-0a9b2d1abcfa99c0,0,0,0,,,0,0,0,no_overlap
improve-84f7f0f11ce20c68,0,0,0,,,0,0,0,no_overlap
improve-55568d2ec9c21e7b,0,0,0,,,0,0,0,no_overlap
improve-88f11bdab155095c,0,0,0,,,0,0,0,no_overlap
improve-e656a546628c1cc4,0,0,0,,,0,0,0,no_overlap
improve-28905f83a6b08938,0,0,0,,,0,0,0,no_overlap
improve-4dd48329324a7e2b,0,0,0,,,0,0,0,no_overlap
improve-2e679344a9c463c0,0,0,0,,,0,0,0,no_overlap
improve-e42058d71b3109ba,0,0,0,,,0,0,0,no_overlap
improve-445da2f4fbb0078f,0,0,0,,,0,0,0,no_overlap
improve-b87544ea34884122,0,0,0,,,0,0,0,no_overlap
improve-28755eb72763f420,0,0,0,,,0,0,0,no_overlap
improve-aed4ed0efbcf3b28,0,0,0,,,0,0,0,no_overlap
improve-ae01b1286e3ded3d,0,0,0,,,0,0,0,no_overlap
improve-c481ab79a07c1044,0,0,0,,,0,0,0,no_overlap
improve-9208a35d6d27eb0a,0,0,0,,,0,0,0,no_overlap
improve-f6fa98c78db5c6ad,0,0,0,,,0,0,0,no_overlap
improve-6d79eabdf09ac6ed,0,0,0,,,0,0,0,no_overlap
improve-22359af84d0a479e,0,0,0,,,0,0,0,no_overlap
improve-26437384bdae511d,0,0,0,,,0,0,0,no_overlap
improve-8a1edfb5ef18c97a,0,0,0,,,0,0,0,no_overlap
improve-a78124c28a19fb3b,0,0,0,,,0,0,0,no_overlap
improve-9caad167935c3197,0,0,0,,,0,0,0,no_overlap
improve-263ed02355170ebd,0,0,0,,,0,0,0,no_overlap
improve-481f6823c89be34d,0,0,0,,,0,0,0,no_overlap
improve-3f66e428f8bf3f4b,0,0,0,,,0,0,0,no_overlap
improve-a6c73b22d3e47cef,0,0,0,,,0,0,0,no_overlap
improve-5af11e11056b44a4,0,0,0,,,0,0,0,no_overlap
improve-489d04fb4c2ec9b7,0,0,0,,,0,0,0,no_overlap
improve-6bd0c15ddfafed01,0,0,0,,,0,0,0,no_overlap
improve-7a3ee6bfffade149,0,0,0,,,0,0,0,no_overlap
improve-566ed041872019ea,0,0,0,,,0,0,0,no_overlap
improve-b73408079d235d02,0,0,0,,,0,0,0,no_overlap
improve-c4b749cae2f0a526,0,0,0,,,0,0,0,no_overlap
improve-a101bd640a23176e,0,0,0,,,0,0,0,no_overlap
improve-abd01d1764ac8321,0,0,0,,,0,0,0,no_overlap
improve-dfba7f59fa1ded29,0,0,0,,,0,0,0,no_overlap
improve-601f7eff541b0837,0,0,0,,,0,0,0,no_overlap
improve-b581e9373ea7ec5c,0,0,0,,,0,0,0,no_overlap
improve-7a364ec4a965da48,0,0,0,,,0,0,0,no_overlap
improve-df41d872c3cf38d9,0,0,0,,,0,0,0,no_overlap
improve-a649279219e5ec47,0,0,0,,,0,0,0,no_overlap
improve-125bbb5646bd2fdb,0,0,0,,,0,0,0,no_overlap
improve-494f678d18f2cbfe,0,0,0,,,0,0,0,no_overlap
improve-e5e5d8372525513b,0,0,0,,,0,0,0,no_overlap
improve-a36ddae6c6819b44,0,0,0,,,0,0,0,no_overlap
improve-1035aa683084df33,0,0,0,,,0,0,0,no_overlap
improve-57b0ca0ed4a7820a,0,0,0,,,0,0,0,no_overlap
improve-3a54f2ab967f86a8,0,0,0,,,0,0,0,no_overlap
improve-df6e81cbbc1911fc,0,0,0,,,0,0,0,no_overlap
improve-cc0701d90a08238a,0,0,0,,,0,0,0,no_overlap
improve-5af14f01fd4684d6,0,0,0,,,0,0,0,no_overlap
improve-3b6e94f736dfefe8,0,0,0,,,0,0,0,no_overlap
improve-caedfa32af2a456f,0,0,0,,,0,0,0,no_overlap
improve-f39238d670c3a7a7,0,0,0,,,0,0,0,no_overlap
improve-de0a00919c39dcd3,0,0,0,,,0,0,0,no_overlap
improve-022c78c9eb02b920,0,0,0,,,0,0,0,no_overlap
improve-b1ebbd014b5ec63c,0,0,0,,,0,0,0,no_overlap
improve-7c6229d515f5ce2b,0,0,0,,,0,0,0,no_overlap
improve-0ed826e7b68e3e32,0,0,0,,,0,0,0,no_overlap
improve-a58c3a77e0c6b77d,0,0,0,,,0,0,0,no_overlap
improve-2f20f108219bf861,0,0,0,,,0,0,0,no_overlap
improve-060fb1254325f148,0,0,0,,,0,0,0,no_overlap
improve-28d56e3920b1e5a7,0,0,0,,,0,0,0,no_overlap
improve-3dd83fcf37099b0a,0,0,0,,,0,0,0,no_overlap
improve-3a6d5232b5cd6918,0,0,0,,,0,0,0,no_overlap
improve-663abe26cdebf35c,0,0,0,,,0,0,0,no_overlap
improve-e70b5b5a521a3d98,0,0,0,,,0,0,0,no_overlap
improve-8c883873c1c25e90,0,0,0,,,0,0,0,no_overlap
improve-7e0cc06e49e5a19e,0,0,0,,,0,0,0,no_overlap
improve-02b1b8e7d216e398,0,0,0,,,0,0,0,no_overlap
improve-b98111f3aef34177,0,0,0,,,0,0,0,no_overlap
improve-90d754c7fb1dfd67,0,0,0,,,0,0,0,no_overlap
improve-d18e6f0feb6d8d3b,0,0,0,,,0,0,0,no_overlap
improve-22d8eda9014349c8,0,0,0,,,0,0,0,no_overlap
improve-260d10d7cc64e9cc,0,0,0,,,0,0,0,no_overlap
improve-b2158af831689319,0,0,0,,,0,0,0,no_overlap
improve-44242a793bdf8bee,0,0,0,,,0,0,0,no_overlap
improve-304d904ceef0e5fa,0,0,0,,,0,0,0,no_overlap
improve-adaa2a84ad9ef55d,0,0,0,,,0,0,0,no_overlap
improve-68d894970681d56e,0,0,0,,,0,0,0,no_overlap
improve-c83b6e3b36242d0a,0,0,0,,,0,0,0,no_overlap
improve-50577bff6023b538,0,0,0,,,0,0,0,no_overlap
improve-46237d745ad9c177,0,0,0,,,0,0,0,no_overlap
improve-35bc833d67e51e6e,0,0,0,,,0,0,0,no_overlap
improve-5f1faa1fc543a778,0,0,0,,,0,0,0,no_overlap
improve-89d6c9cf39d13961,0,0,0,,,0,0,0,no_overlap
improve-14650e3c91658ce1,0,0,0,,,0,0,0,no_overlap
improve-4ebd57cdbbb420e6,0,0,0,,,0,0,0,no_overlap
improve-5d9618b5b86a8f9c,0,0,0,,,0,0,0,no_overlap
improve-9631856abb2f8489,0,0,0,,,0,0,0,no_overlap
improve-0ba7c67592121012,0,0,0,,,0,0,0,no_overlap
improve-16dbdf8a7eb07e51,0,0,0,,,0,0,0,no_overlap
improve-7596ccb854ed84ec,0,0,0,,,0,0,0,no_overlap
improve-3a0f721bf74fe2a3,0,0,0,,,0,0,0,no_overlap
improve-188f0b55efd46abb,0,0,0,,,0,0,0,no_overlap
improve-285d04e5cde41ecf,0,0,0,,,0,0,0,no_overlap
improve-71817723e079ff45,0,0,0,,,0,0,0,no_overlap
improve-e363ab8b67d574b9,0,0,0,,,0,0,0,no_overlap
improve-a4cd6d2fb2d0eaac,0,0,0,,,0,0,0,no_overlap
improve-12017b369cc3f941,0,0,0,,,0,0,0,no_overlap
improve-bb10b95ab0ff4c34,0,0,0,,,0,0,0,no_overlap
improve-ebb3eb8462cd7250,1,0,0,,,0,0,0,no_overlap
improve-fbdbd2b05e112d17,0,0,0,,,0,1,1,no_overlap
improve-b6c81a948dde19a5,0,0,0,,,0,1,1,no_overlap
improve-8d954915e3143912,0,0,0,,,0,0,0,no_overlap
improve-2f8df2e43f9876b6,0,0,0,,,0,0,0,no_overlap
improve-a8fb125f8f2a2355,0,0,0,,,0,0,0,no_overlap
improve-c760f3354ce92a5e,0,0,0,,,0,0,0,no_overlap
improve-73f7861ba1540107,0,0,0,,,0,0,0,no_overlap
improve-e1725cb9fb7cc75b,0,0,0,,,0,0,0,no_overlap
improve-b921df29c5bb8bff,0,0,0,,,0,0,0,no_overlap
improve-11c591f13b5e7b54,0,0,0,,,0,0,0,no_overlap
improve-4203b8e73f755759,0,0,0,,,0,0,0,no_overlap
improve-b4bc467c949a97f9,0,0,0,,,0,0,0,no_overlap
improve-7f896c2bdf3af8da,0,0,0,,,0,0,0,no_overlap
improve-0ba4d5ed71607d82,0,0,0,,,0,0,0,no_overlap
improve-bbf082b8f2e0b6a3,0,0,0,,,0,0,0,no_overlap
improve-168eaca93009049e,0,0,0,,,0,0,0,no_overlap
improve-46566d72a9da917c,0,0,0,,,0,0,0,no_overlap
improve-2e16bcd8754c0b12,0,0,0,,,0,0,0,no_overlap
improve-4abcd27d5b186b45,0,0,0,,,0,0,0,no_overlap
improve-3249f771c2d1d3c2,0,0,0,,,0,0,0,no_overlap
improve-084c31e14f4ed890,0,0,0,,,0,0,0,no_overlap
improve-d8d47798c72f5843,0,0,0,,,0,0,0,no_overlap
improve-a0d220fdb72a3ddf,0,0,0,,,0,0,0,no_overlap
improve-d9088a80261412e4,0,0,0,,,0,0,0,no_overlap
improve-0f739fab17ede56e,0,0,0,,,0,0,0,no_overlap
improve-7c076363c1b8d218,0,0,0,,,0,0,0,no_overlap
improve-90e0c0faa7f72350,0,0,0,,,0,0,0,no_overlap
improve-7bd2a9b9b494ed68,0,0,0,,,0,0,0,no_overlap
improve-6d5e907172e904d7,0,0,0,,,0,0,0,no_overlap
improve-4bcc321942055514,0,0,0,,,0,0,0,no_overlap
improve-c517e223755c1ea3,0,0,0,,,0,0,0,no_overlap
improve-d4e20ec5e3bc10a5,0,0,0,,,0,0,0,no_overlap
improve-7183b0cff652c16f,0,0,0,,,0,0,0,no_overlap
improve-1288bd262d8272c1,0,0,0,,,0,0,0,no_overlap
improve-57832fed67b8ccd1,0,0,0,,,0,0,0,no_overlap
improve-2a072c22ccdc26ca,0,0,0,,,0,0,0,no_overlap
improve-c3d24a881fcb0f4f,0,0,0,,,0,0,0,no_overlap
improve-b83782f9c5725e9c,0,0,0,,,0,0,0,no_overlap
improve-71691d54c4cad83b,0,0,0,,,0,0,0,no_overlap
improve-5b41e022b61ec4f1,0,0,0,,,0,0,0,no_overlap
improve-a17b43e6f470552e,0,0,0,,,0,0,0,no_overlap
improve-08759fd7198f5e07,0,0,0,,,0,0,0,no_overlap
improve-9dc7174484638a81,0,0,0,,,0,0,0,no_overlap
improve-1ef6ef94dbddd3f9,0,0,0,,,0,0,0,no_overlap
improve-2376df86e4a8055a,0,0,0,,,0,0,0,no_overlap
improve-a7c8edf4b2cc7616,0,0,0,,,0,0,0,no_overlap
improve-199d411136eb389d,0,0,0,,,0,0,0,no_overlap
improve-42d571378065a07a,0,0,0,,,0,0,0,no_overlap
improve-daf779815bac37fb,0,0,0,,,0,0,0,no_overlap
improve-6b171fae2507b156,0,0,0,,,0,0,0,no_overlap
improve-5ba66df7986e8eb3,0,0,0,,,0,0,0,no_overlap
improve-ff1c2f37553bc316,0,0,0,,,0,0,0,no_overlap
improve-e20a6bf1374113b3,0,0,0,,,0,0,0,no_overlap
improve-dcbd6674aef3bcdc,0,0,0,,,0,0,0,no_overlap
improve-8f7209005cd8cd93,0,0,0,,,0,0,0,no_overlap
improve-46ade678fe37bd5f,0,0,0,,,0,0,0,no_overlap
improve-1b2edd801f19f1cc,0,0,0,,,0,0,0,no_overlap
improve-5005cfb526cbd69b,0,0,0,,,0,0,0,no_overlap
improve-3e7975e215f3028f,0,0,0,,,0,0,0,no_overlap
improve-a4531c110170cc58,0,0,0,,,0,0,0,no_overlap
improve-9f785c53f54f9afb,0,0,0,,,0,0,0,no_overlap
improve-4c890445a02ae28e,0,0,0,,,0,0,0,no_overlap
improve-ccfb9ceb269845e6,0,0,0,,,0,0,0,no_overlap
improve-61cdebefc9945ad1,0,0,0,,,0,0,0,no_overlap
improve-0c4a8c2ec36cf230,0,0,0,,,0,0,0,no_overlap
improve-22e2402d8b4b9b13,0,0,0,,,0,0,0,no_overlap
improve-fd0d1ab0c525adab,0,0,0,,,0,0,0,no_overlap
improve-b4da54451b5e3495,0,0,0,,,0,0,0,no_overlap
improve-a7199562b97807b6,0,0,0,,,0,0,0,no_overlap
improve-c0cf36881c125f9b,0,0,0,,,0,0,0,no_overlap
improve-ba36c24dbea3d56d,0,0,0,,,0,0,0,no_overlap
improve-f838b9a0f8bb845c,0,0,0,,,0,0,0,no_overlap
improve-d3f9f9ad89fd2212,0,0,0,,,0,0,0,no_overlap
improve-5424d29ef2eca639,0,0,0,,,0,0,0,no_overlap
improve-865b45ff4e4c4286,0,0,0,,,0,0,0,no_overlap
improve-4ea465c33d3e8088,0,0,0,,,0,0,0,no_overlap
improve-eb11975c8d19b950,0,0,0,,,0,0,0,no_overlap
improve-52bebb5bacef5b9b,0,0,0,,,0,0,0,no_overlap
improve-449cc658eb649483,0,0,0,,,0,0,0,no_overlap
improve-becdabdac2af09e4,0,0,0,,,0,0,0,no_overlap
improve-b26e40eb416b1087,0,0,0,,,0,0,0,no_overlap
improve-7fd3ad2512c990c7,0,0,0,,,0,0,0,no_overlap
improve-10a288d0f3aa4421,0,0,0,,,0,0,0,no_overlap
improve-2c8201dadd5c70cb,0,0,0,,,0,0,0,no_overlap
improve-1fc89a20ec4fec0e,0,0,0,,,0,0,0,no_overlap
improve-bf72945c17529d69,0,0,0,,,0,0,0,no_overlap
improve-288fcf4ed1446ef4,0,0,0,,,0,0,0,no_overlap
improve-0845e951e4875e5b,0,0,0,,,0,0,0,no_overlap
improve-9f6b28a246374042,0,0,0,,,0,0,0,no_overlap
improve-985086a034d6de7a,0,0,0,,,0,0,0,no_overlap
improve-b4f643e905f21618,0,0,0,,,0,0,0,no_overlap
improve-ae563956a065dc80,0,0,0,,,0,0,0,no_overlap
improve-c70bd9b642b83d3c,0,0,0,,,0,0,0,no_overlap
improve-8380a82338dbbcbd,0,0,0,,,0,0,0,no_overlap
improve-078ac653b5aec890,0,0,0,,,0,0,0,no_overlap
improve-da035ab62bc367c2,0,0,0,,,0,0,0,no_overlap
improve-9ab853562116fd5e,0,0,0,,,0,0,0,no_overlap
improve-8ec48ea7beae5414,0,0,0,,,0,0,0,no_overlap
improve-744069c7d064d6b5,0,0,0,,,0,0,0,no_overlap
improve-4d858eb39b2faa20,0,0,0,,,0,0,0,no_overlap
improve-4f5594ab8560897f,0,0,0,,,0,0,0,no_overlap
improve-4eb8cbf47f4d9da8,0,0,0,,,0,0,0,no_overlap
improve-b9e1b628c5a19305,0,0,0,,,0,0,0,no_overlap
improve-f04213205a4765ac,0,0,0,,,0,0,0,no_overlap
improve-28e4ede1b795a3d3,0,0,0,,,0,0,0,no_overlap
improve-cedbb98495cd2a8e,0,0,0,,,0,0,0,no_overlap
improve-9bebd5b2436c14fa,0,0,0,,,0,0,0,no_overlap
improve-ce138bcc38307bd1,0,0,0,,,0,0,0,no_overlap
improve-8f1f0e78c9d5b618,0,0,0,,,0,0,0,no_overlap
improve-013b4e9aed0aefb6,0,0,0,,,0,0,0,no_overlap
improve-e7ae74a6676d5d04,0,0,0,,,0,0,0,no_overlap
improve-a2d4d8c324eed5df,0,0,0,,,0,0,0,no_overlap
improve-325f1f11a97f9497,0,0,0,,,0,0,0,no_overlap
improve-a7379a80286382b7,0,0,0,,,0,0,0,no_overlap
improve-36b6875012d5bff0,0,0,0,,,0,0,0,no_overlap
improve-2b9bf750a5168393,0,0,0,,,0,0,0,no_overlap
improve-6691121a87ce1271,0,0,0,,,0,0,0,no_overlap
improve-7799889ac657b712,0,0,0,,,0,0,0,no_overlap
improve-adeac26133f0605c,0,0,0,,,0,0,0,no_overlap
improve-8d5562267e8aa375,0,0,0,,,0,0,0,no_overlap
improve-6aeb52147d033b37,0,0,0,,,0,0,0,no_overlap
improve-3f5e830706b9c72c,0,0,0,,,0,0,0,no_overlap
improve-0a568e98751fd5d8,0,0,0,,,0,0,0,no_overlap
improve-3038768a17139e73,0,0,0,,,0,0,0,no_overlap
improve-149832a744f38458,0,0,0,,,0,0,0,no_overlap
improve-88a968299fccb8f4,0,0,0,,,0,0,0,no_overlap
improve-26d4768451646043,0,0,0,,,0,0,0,no_overlap
improve-18e3977d34954fa7,0,0,0,,,0,0,0,no_overlap
improve-70b1d83bafb7b885,0,0,0,,,0,0,0,no_overlap
improve-c9ed3cdbea0032f0,0,0,0,,,0,0,0,no_overlap
improve-650443d8f64f23f6,0,0,0,,,0,0,0,no_overlap
improve-2ce7ad3ca605d454,0,0,0,,,0,0,0,no_overlap
improve-28fb5e5cd9915f7f,0,0,0,,,0,0,0,no_overlap
improve-13e5f6d69b111a53,0,0,0,,,0,0,0,no_overlap
improve-e158836d05ccdf81,0,0,0,,,0,0,0,no_overlap
improve-e12955304ed20be1,0,0,0,,,0,0,0,no_overlap
improve-7c5c83d99c0045b7,0,0,0,,,0,0,0,no_overlap
improve-786e840691443f7c,0,0,0,,,0,0,0,no_overlap
improve-654df71ececfcb37,0,0,0,,,0,0,0,no_overlap
improve-98e52839b7dd5dcf,0,0,0,,,0,0,0,no_overlap
improve-4f93ac7f360bd098,0,0,0,,,0,0,0,no_overlap
improve-921bdaa35bf69b91,0,0,0,,,0,0,0,no_overlap
improve-117fa363f12ba56a,0,0,0,,,0,0,0,no_overlap
improve-443623ac3f99f873,0,0,0,,,0,0,0,no_overlap
improve-75a7cd8e789a0e8a,0,1,1,0,0,1,0,0,exact_label_concordant
improve-2e9c8e2809dd1762,0,0,0,,,0,0,0,no_overlap
improve-a01cbc350b8ae070,0,0,0,,,0,0,0,no_overlap
improve-6be503ae6c29b2ad,0,0,0,,,0,0,0,no_overlap
improve-8fa1e0db749579ad,0,0,0,,,0,0,0,no_overlap
improve-3315e1b2b600bfa7,0,0,0,,,0,0,0,no_overlap
improve-3e621f028d7e0334,0,0,0,,,0,0,0,no_overlap
improve-5191f49656cd84e4,0,0,0,,,0,0,0,no_overlap
improve-571fd9c3c520eb6e,0,0,0,,,0,0,0,no_overlap
improve-63906919ead0d80f,0,0,0,,,0,0,0,no_overlap
improve-7e31544180eee20e,0,0,0,,,0,0,0,no_overlap
improve-307239eb34d5b01a,0,0,0,,,0,0,0,no_overlap
improve-2442e8170e48d942,0,0,0,,,0,0,0,no_overlap
improve-d44116b23d23fa7e,0,0,0,,,0,0,0,no_overlap
improve-984f4dc6899564a0,0,0,0,,,0,0,0,no_overlap
improve-204d4c812ab1ca25,0,0,0,,,0,0,0,no_overlap
improve-d8782f6d3d7e9672,0,0,0,,,0,0,0,no_overlap
improve-3ffb611a2bcdb2fe,0,0,0,,,0,0,0,no_overlap
improve-8bd0605e19e53bab,0,0,0,,,0,0,0,no_overlap
improve-e2f8107909a76108,0,0,0,,,0,0,0,no_overlap
improve-fb8901010047a39a,0,0,0,,,0,0,0,no_overlap
improve-2321b54aa5103e98,0,0,0,,,0,0,0,no_overlap
improve-351a23b35b190453,0,0,0,,,0,0,0,no_overlap
improve-d61becdf54f15f83,0,0,0,,,0,0,0,no_overlap
improve-16880014f12d6b99,0,0,0,,,0,0,0,no_overlap
improve-1b9edec11b369577,0,0,0,,,0,0,0,no_overlap
improve-35d4c18ffeaa75fa,0,0,0,,,0,0,0,no_overlap
improve-4c21a93cf8d22272,0,0,0,,,0,0,0,no_overlap
improve-de6364862fdb801b,0,0,0,,,0,0,0,no_overlap
improve-02f00b672c61278a,0,0,0,,,0,0,0,no_overlap
improve-9c9b4a8e8acbdc04,0,0,0,,,0,0,0,no_overlap
improve-f37e0a3cdb85755d,0,0,0,,,0,0,0,no_overlap
improve-2ed1d0f5f1f7226f,0,0,0,,,0,0,0,no_overlap
improve-17b32fba45dd9def,0,0,0,,,0,0,0,no_overlap
improve-b33e768666096109,0,0,0,,,0,0,0,no_overlap
improve-ef993f762ba196be,0,0,0,,,0,0,0,no_overlap
improve-137e9b02daf1026a,0,0,0,,,0,0,0,no_overlap
improve-06b7e6998c83b559,0,0,0,,,0,0,0,no_overlap
improve-b339a3deebf4b724,0,0,0,,,0,0,0,no_overlap
improve-47efb3f11a36a34e,0,0,0,,,0,0,0,no_overlap
improve-4352868e2c83848b,0,0,0,,,0,0,0,no_overlap
improve-aaf00d8840123031,0,0,0,,,0,0,0,no_overlap
improve-801e29f3cf6e1b18,1,0,0,,,0,0,0,no_overlap
improve-5ac106c28b0c23af,0,0,0,,,0,0,0,no_overlap
improve-0f58fa902d5cd98d,0,0,0,,,0,0,0,no_overlap
improve-c1fe55aba9d3ff53,0,0,0,,,0,0,0,no_overlap
improve-0bc2dd33f267fa66,0,0,0,,,0,0,0,no_overlap
improve-8ef8ab37dedcdd0e,0,0,0,,,0,0,0,no_overlap
improve-4bd8171a5b9500f1,0,0,0,,,0,0,0,no_overlap
improve-5cb5c1b642a86314,0,0,0,,,0,0,0,no_overlap
improve-335c4e016dc6ffd3,0,0,0,,,0,0,0,no_overlap
improve-7d7a8b83184e8ed8,0,0,0,,,0,0,0,no_overlap
improve-b9be4ffaee58d4e0,0,0,0,,,0,0,0,no_overlap
improve-ac78045ac9cb07df,0,0,0,,,0,0,0,no_overlap
improve-0add3b814a9d92af,1,0,0,,,0,0,0,no_overlap
improve-4cb88188d09a41c0,0,0,0,,,0,0,0,no_overlap
improve-4c12938fffee3933,0,0,0,,,0,0,0,no_overlap
improve-efb5e4bd6604f514,0,0,0,,,0,0,0,no_overlap
improve-b590fbccde17414e,0,0,0,,,0,0,0,no_overlap
improve-249e8e994aa995d3,0,0,0,,,0,0,0,no_overlap
improve-8de985a1f33973dd,0,0,0,,,0,0,0,no_overlap
improve-836892a97540a1a3,0,0,0,,,0,0,0,no_overlap
improve-dd71a080ce3f4d9f,0,0,0,,,0,0,0,no_overlap
improve-b82b31a71fb0c8d3,0,0,0,,,0,0,0,no_overlap
improve-cd6321afc36d70b6,0,0,0,,,0,0,0,no_overlap
improve-82f953359d8821e1,0,0,0,,,0,0,0,no_overlap
improve-816cce88cf9bbcbf,0,0,0,,,0,0,0,no_overlap
improve-a8c0255f854477de,0,0,0,,,0,0,0,no_overlap
improve-23243a76a20279bb,0,0,0,,,0,0,0,no_overlap
improve-99b9721c0afea230,0,0,0,,,0,0,0,no_overlap
improve-51671738da7ddc96,0,0,0,,,0,0,0,no_overlap
improve-a652a94c6c318eaf,0,0,0,,,0,0,0,no_overlap
improve-3e76f316e5482d88,0,0,0,,,0,0,0,no_overlap
improve-e88dbbfc12076855,0,0,0,,,0,0,0,no_overlap
improve-123b26afb8e35b2e,0,0,0,,,0,0,0,no_overlap
improve-e810d9b0af95e73d,0,0,0,,,0,0,0,no_overlap
improve-b34d71375c02f91a,0,0,0,,,0,0,0,no_overlap
improve-e1d861b1717a4148,0,0,0,,,0,0,0,no_overlap
improve-02debbbebbf9e207,0,0,0,,,0,0,0,no_overlap
improve-42f83166f6980c5d,0,0,0,,,0,0,0,no_overlap
improve-08fdf9c773b4b447,0,0,0,,,0,0,0,no_overlap
improve-2ce53226cd039ade,0,0,0,,,0,0,0,no_overlap
improve-16e6e02fe9d84b59,0,0,0,,,0,0,0,no_overlap
improve-e9c53fe37b9ed289,0,0,0,,,0,0,0,no_overlap
improve-8b85053c51c1e710,0,0,0,,,0,0,0,no_overlap
improve-6fcf9985fdc90769,0,0,0,,,0,0,0,no_overlap
improve-b02d366950018899,0,0,0,,,0,0,0,no_overlap
improve-9ced962d1f30897f,0,0,0,,,0,0,0,no_overlap
improve-de162300fde0d111,0,0,0,,,0,0,0,no_overlap
improve-348479fdf6e04036,0,0,0,,,0,0,0,no_overlap
improve-a968270ca5f9d738,0,0,0,,,0,0,0,no_overlap
improve-c1fdc28b3f605421,0,0,0,,,0,0,0,no_overlap
improve-3ca49f01d1dc5dca,0,0,0,,,0,0,0,no_overlap
improve-3b7cc592e240c397,0,0,0,,,0,0,0,no_overlap
improve-4225924cb31154ef,0,0,0,,,0,0,0,no_overlap
improve-a364c45e89deb104,0,0,0,,,0,0,0,no_overlap
improve-0147b8efed3e64aa,0,0,0,,,0,0,0,no_overlap
improve-515cb7b39fd3f900,0,0,0,,,0,0,0,no_overlap
improve-61c8c94b0b4136f8,0,0,0,,,0,0,0,no_overlap
improve-5245a6bd44d48701,0,0,0,,,0,0,0,no_overlap
improve-fe71b1c80a4335d9,0,0,0,,,0,0,0,no_overlap
improve-d831389189bdf880,0,0,0,,,0,0,0,no_overlap
improve-a3cfbb66bbabbae0,0,0,0,,,0,0,0,no_overlap
improve-0b3a19f4304a126c,0,0,0,,,0,0,0,no_overlap
improve-df46ad8e91b3a535,0,0,0,,,0,0,0,no_overlap
improve-2dcc7774cf040ac9,0,0,0,,,0,0,0,no_overlap
improve-faf5b574e5688eb1,0,0,0,,,0,0,0,no_overlap
improve-a2e0614aae263255,0,0,0,,,0,0,0,no_overlap
improve-0f39aebe3e8a30ad,0,0,0,,,0,0,0,no_overlap
improve-38914dab98383a0b,0,0,0,,,0,0,0,no_overlap
improve-5c22e793adde2815,0,0,0,,,0,0,0,no_overlap
improve-7594059798fff522,0,0,0,,,0,0,0,no_overlap
improve-23745d0e8484fe88,0,0,0,,,0,0,0,no_overlap
improve-9cc7e6787d8a0cc5,0,0,0,,,0,0,0,no_overlap
improve-13a8328057621eab,0,0,0,,,0,0,0,no_overlap
improve-349fff86dedbbb31,0,0,0,,,0,0,0,no_overlap
improve-fe9ccd171dba4846,0,0,0,,,0,0,0,no_overlap
improve-26e2721e1c8f4e16,0,0,0,,,0,0,0,no_overlap
improve-7721056551f2c880,0,0,0,,,0,0,0,no_overlap
improve-44d97a3d3618fd6a,0,0,0,,,0,0,0,no_overlap
improve-60cb7bf172a00a32,0,0,0,,,0,0,0,no_overlap
improve-553f6227282f7c6b,0,0,0,,,0,0,0,no_overlap
improve-700130573625eea1,0,0,0,,,0,0,0,no_overlap
improve-4f182038aa73ba22,0,0,0,,,0,0,0,no_overlap
improve-d5cbfab717d8c73b,0,0,0,,,0,0,0,no_overlap
improve-febda282b93043fa,0,0,0,,,0,0,0,no_overlap
improve-9c2fe57e2e7969ed,0,0,0,,,0,0,0,no_overlap
improve-66f49eefed4545d3,0,0,0,,,0,0,0,no_overlap
improve-7590923ddfa1ef7b,0,0,0,,,0,0,0,no_overlap
improve-f6c1ecc3b4099782,0,0,0,,,0,0,0,no_overlap
improve-eeb6b65e47cc79e3,0,0,0,,,0,0,0,no_overlap
improve-fa1f2821b64a8021,0,0,0,,,0,0,0,no_overlap
improve-e4a3dba66b49e5b8,0,0,0,,,0,0,0,no_overlap
improve-ecd690705e38ac1c,0,0,0,,,0,0,0,no_overlap
improve-7387f39f17e95782,0,0,0,,,0,0,0,no_overlap
improve-1e4e8f7df150bf61,0,0,0,,,0,0,0,no_overlap
improve-b7847bba3da56f3c,0,0,0,,,0,0,0,no_overlap
improve-931c1abee4b0ee1c,1,0,0,,,0,0,0,no_overlap
improve-b8bb28edd024d76c,0,0,0,,,0,0,0,no_overlap
improve-05c8e3370f89f41a,0,0,0,,,0,0,0,no_overlap
improve-ae1206b7fe91071c,0,0,0,,,0,0,0,no_overlap
improve-88f90e1efa8438dd,0,0,0,,,0,0,0,no_overlap
improve-81e07a305e7903ba,0,0,0,,,0,0,0,no_overlap
improve-b9bbb43044247572,0,0,0,,,0,0,0,no_overlap
improve-fab5b1fe498dc7eb,0,0,0,,,0,0,0,no_overlap
improve-92968b8c8e079264,0,0,0,,,0,0,0,no_overlap
improve-e074dccdcfad872c,1,0,0,,,0,0,0,no_overlap
improve-142db99100afbd3c,0,0,0,,,0,0,0,no_overlap
improve-6f14d679ea7c0d76,0,0,0,,,0,0,0,no_overlap
improve-050395e92a8852af,0,0,0,,,0,0,0,no_overlap
improve-bb9062fccdc36d29,0,0,0,,,0,0,0,no_overlap
improve-ab5c1e4fa8b3ad49,1,0,0,,,0,0,0,no_overlap
improve-bb16223008a4a3a4,0,0,0,,,0,0,0,no_overlap
improve-ffe8ff234835edf5,0,0,0,,,0,0,0,no_overlap
improve-bf544b1d6980f722,0,0,0,,,0,0,0,no_overlap
improve-1ec88c888d21f8bc,0,0,0,,,0,0,0,no_overlap
improve-097eb4af9790921b,0,0,0,,,0,0,0,no_overlap
improve-d2d6e0d1abd470c4,0,0,1,,,0,0,0,peptide_only_different_hla
improve-51ab13b661c6bc30,0,0,1,,,0,0,0,peptide_only_different_hla
improve-0249742d5dfb6f5d,0,0,0,,,0,0,0,no_overlap
improve-a40d7e6ce5f4a71d,0,0,0,,,0,0,0,no_overlap
improve-226aeeff7ccc6f54,0,0,0,,,0,0,0,no_overlap
improve-f43179f4ebd1a503,0,0,0,,,0,0,0,no_overlap
improve-60fbd7924b103318,0,0,0,,,0,0,0,no_overlap
improve-47c919878ee7403a,0,0,0,,,0,0,0,no_overlap
improve-9c7cf3cb786bfda4,0,0,0,,,0,0,0,no_overlap
improve-353bfdf0d6ade2d1,0,0,0,,,0,0,0,no_overlap
improve-1baa55fee7d02b2a,0,0,0,,,0,0,0,no_overlap
improve-b92ab8016a266efc,0,0,0,,,0,0,0,no_overlap
improve-942f741a02524218,0,0,0,,,0,0,0,no_overlap
improve-70aaaed338713589,0,0,0,,,0,0,0,no_overlap
improve-acc8095d5ed44bb9,0,0,0,,,0,0,0,no_overlap
improve-1d95beb24d3a7e3e,0,0,0,,,0,0,0,no_overlap
improve-ae69d77e6020783a,0,0,0,,,0,0,0,no_overlap
improve-5a09c547ae6f6960,0,0,0,,,0,0,0,no_overlap
improve-ea9ef61ef75645b6,0,0,0,,,0,0,0,no_overlap
improve-f055dcfed1235a72,0,0,0,,,0,0,0,no_overlap
improve-506120341f69195b,0,0,0,,,0,0,0,no_overlap
improve-a5a4b52a5e41edfa,0,0,0,,,0,0,0,no_overlap
improve-d7163633ec987d4e,1,0,0,,,0,0,0,no_overlap
improve-ca8169c3ef9941f7,0,0,0,,,0,0,0,no_overlap
improve-91741d0eae4d1d3c,0,0,0,,,0,0,0,no_overlap
improve-7c28ab6041b89036,0,0,0,,,0,0,0,no_overlap
improve-4ec3ea8f8d1a52e2,0,0,0,,,0,0,0,no_overlap
improve-fef2458206b27521,0,0,0,,,0,0,0,no_overlap
improve-6510f8be9f5837d3,1,0,0,,,0,0,0,no_overlap
improve-21ccd1edccf2c098,0,0,0,,,0,0,0,no_overlap
improve-ca05f868ad5da084,0,0,0,,,0,0,0,no_overlap
improve-830df17b7a004632,0,0,0,,,0,0,0,no_overlap
improve-d77e4916804f0800,0,0,0,,,0,0,0,no_overlap
improve-d513cf88815ac0ad,0,0,0,,,0,0,0,no_overlap
improve-258f086868f05079,0,0,0,,,0,0,0,no_overlap
improve-21ec08cead7e226d,0,0,0,,,0,0,0,no_overlap
improve-b297c94d31e62cdc,0,0,0,,,0,0,0,no_overlap
improve-aceab10e5f4ad4b1,0,0,0,,,0,0,0,no_overlap
improve-e84d2f1d80856444,0,0,0,,,0,0,0,no_overlap
improve-0f37ecf40e63655e,0,0,0,,,0,0,0,no_overlap
improve-aeeb48ddf647c7ff,0,0,0,,,0,0,0,no_overlap
improve-f571ac1ee1e3e8df,0,0,0,,,0,0,0,no_overlap
improve-b2c4e04a70f4c4e7,0,0,0,,,0,0,0,no_overlap
improve-0eccacf4e6ed8d66,0,0,0,,,0,0,0,no_overlap
improve-701c7c007f169ae1,0,0,0,,,0,0,0,no_overlap
improve-f4529407210e64dc,0,0,0,,,0,0,0,no_overlap
improve-d7e0a79c27950841,0,0,0,,,0,0,0,no_overlap
improve-bc938ef1abb109e7,0,0,0,,,0,0,0,no_overlap
improve-c089ef4f2233680e,0,0,0,,,0,0,0,no_overlap
improve-89e4d7c8df4ea21b,0,0,0,,,0,0,0,no_overlap
improve-a793ffdd05514726,0,0,0,,,0,0,0,no_overlap
improve-01f926fa24cde705,0,0,0,,,0,0,0,no_overlap
improve-2adeb6016462ad69,0,0,0,,,0,0,0,no_overlap
improve-9866f24c97f8fdf9,0,0,0,,,0,0,0,no_overlap
improve-4b04ada4eec05230,0,0,0,,,0,0,0,no_overlap
improve-face6d52e3d9093b,0,0,0,,,0,0,0,no_overlap
improve-835ea57c5e268ad2,0,0,0,,,0,0,0,no_overlap
improve-c7b93b7f55dcf374,0,0,0,,,0,0,0,no_overlap
improve-d0d338c0452eda76,0,0,0,,,0,0,0,no_overlap
improve-8dc731f6c455c543,0,0,0,,,0,0,0,no_overlap
improve-0971c0b4b4955a51,0,0,0,,,0,0,0,no_overlap
improve-ae8ce48db1c87a8c,0,0,0,,,0,0,0,no_overlap
improve-f59635fac5250607,0,0,0,,,0,0,0,no_overlap
improve-7b5e1f761d6b98a2,0,0,0,,,0,0,0,no_overlap
improve-e82e3fabd19e3576,0,0,0,,,0,0,0,no_overlap
improve-5b40f987b03fa7fe,0,0,0,,,0,0,0,no_overlap
improve-5b4ac7c12426f180,0,0,0,,,0,0,0,no_overlap
improve-91b9dfb066a42c42,0,0,0,,,0,0,0,no_overlap
improve-c05fc3803df81135,0,0,0,,,0,0,0,no_overlap
improve-a37f911cc640f2d7,0,0,0,,,0,0,0,no_overlap
improve-de317c6a4f26c1ab,0,0,0,,,0,0,0,no_overlap
improve-5231ab270b0121d1,0,0,0,,,0,0,0,no_overlap
improve-1cf973fe63e647d2,0,0,0,,,0,0,0,no_overlap
improve-57e93ff52ee0fe70,0,0,0,,,0,0,0,no_overlap
improve-3d3fea1fdce8122c,0,0,0,,,0,0,0,no_overlap
improve-03944f69d868ee68,0,0,0,,,0,0,0,no_overlap
improve-734465288c771d66,0,0,0,,,0,0,0,no_overlap
improve-afb01ab167c53e52,0,0,0,,,0,0,0,no_overlap
improve-117a20869610019f,0,0,0,,,0,0,0,no_overlap
improve-03b2619ed14e807d,0,0,0,,,0,0,0,no_overlap
improve-db3f0e56143c2d34,0,0,0,,,0,0,0,no_overlap
improve-a06b1d58a554f366,0,0,0,,,0,0,0,no_overlap
improve-ec0f236dfec7960d,0,0,0,,,0,0,0,no_overlap
improve-189f4a7a6ad5cc1a,0,0,0,,,0,0,0,no_overlap
improve-5d882974f6a63260,0,0,0,,,0,0,0,no_overlap
improve-114ee578f274dfd2,0,0,0,,,0,0,0,no_overlap
improve-aa25556ccbe43954,0,0,0,,,0,0,0,no_overlap
improve-4abd423630c2dfff,0,0,0,,,0,0,0,no_overlap
improve-27c1f586e9bbce9e,0,0,0,,,0,0,0,no_overlap
improve-84f43349cd913a11,0,0,0,,,0,0,0,no_overlap
improve-a32f69e8ef23112b,0,0,0,,,0,0,0,no_overlap
improve-b3b2089dfb7eac2b,0,0,0,,,0,0,0,no_overlap
improve-96f8485a25093d2b,0,0,0,,,0,0,0,no_overlap
improve-86938e27422aeb45,0,0,0,,,0,0,0,no_overlap
improve-e8db4d13bba9e0d2,0,0,0,,,0,0,0,no_overlap
improve-2e06ce8ca9acb0cb,0,0,0,,,0,0,0,no_overlap
improve-50772033f3a6631d,0,0,0,,,0,0,0,no_overlap
improve-cfe8543b5bdc7e4e,0,0,0,,,0,0,0,no_overlap
improve-8ca8019cdf4a4a17,0,0,0,,,0,0,0,no_overlap
improve-486f45943f6d7e92,0,0,0,,,0,0,0,no_overlap
improve-3c3810239a4af512,0,0,0,,,0,0,0,no_overlap
improve-ed9a3134a6b1cad7,0,0,0,,,0,0,0,no_overlap
improve-17bd695580ad7a6a,0,0,0,,,0,0,0,no_overlap
improve-30b592f912ff513f,0,0,0,,,0,0,0,no_overlap
improve-79ca999fb8c84f7f,0,0,0,,,0,0,0,no_overlap
improve-7ae1475c1e128998,0,0,0,,,0,0,0,no_overlap
improve-0434ab0e784e3c16,0,0,0,,,0,0,0,no_overlap
improve-3bc84ed188eb22d5,0,0,0,,,0,0,0,no_overlap
improve-f2be49ff17ba4e39,0,0,0,,,0,0,0,no_overlap
improve-e5c3931eba9394ed,0,0,0,,,0,0,0,no_overlap
improve-5b3af1826dcc64d2,0,0,0,,,0,0,0,no_overlap
improve-d607748884dc4e8f,0,0,0,,,0,0,0,no_overlap
improve-d7dabfeca3aea73b,0,0,0,,,0,0,0,no_overlap
improve-88f01ec06479358a,0,0,0,,,0,0,0,no_overlap
improve-90e8208d560cd18d,0,0,0,,,0,0,0,no_overlap
improve-2b0b721ab917817f,0,0,0,,,0,0,0,no_overlap
improve-e8e923063d4e798e,0,0,0,,,0,0,0,no_overlap
improve-80ef8b1546792f0a,0,0,0,,,0,0,0,no_overlap
improve-338689fdcbf9cbcf,0,0,0,,,0,0,0,no_overlap
improve-25083554563d7f77,0,0,0,,,0,0,0,no_overlap
improve-a913c065febbe486,0,0,0,,,0,0,0,no_overlap
improve-426594225c7ffc96,0,0,0,,,0,0,0,no_overlap
improve-6e68fd014824f893,0,0,0,,,0,0,0,no_overlap
improve-c9fe50616dfbc2c9,0,0,0,,,0,0,0,no_overlap
improve-db17aea79f594666,0,0,0,,,0,0,0,no_overlap
improve-b9d5b6acb4b26ab0,0,0,0,,,0,0,0,no_overlap
improve-c62a16bbd5545ffd,0,0,0,,,0,0,0,no_overlap
improve-2bd9f52f7546979c,0,0,0,,,0,0,0,no_overlap
improve-35a4e453116362cd,0,0,0,,,0,0,0,no_overlap
improve-8d60d8134c4d9975,0,0,0,,,0,0,0,no_overlap
improve-3eb9567844fb12c5,0,0,0,,,0,0,0,no_overlap
improve-218e51622a3d38ab,0,0,0,,,0,0,0,no_overlap
improve-8cb866aebe49e2e6,0,0,0,,,0,0,0,no_overlap
improve-bb00907510590f5f,0,0,0,,,0,0,0,no_overlap
improve-2d84e5a53772b16d,0,0,0,,,0,0,0,no_overlap
improve-baadb87765d9a3f2,0,0,0,,,0,0,0,no_overlap
improve-a08a23e3052116ae,0,0,0,,,0,0,0,no_overlap
improve-23991c66ffb277b4,0,0,0,,,0,0,0,no_overlap
improve-883e98322dc1b0db,0,0,0,,,0,0,0,no_overlap
improve-8cd503a5bf3c76b3,0,0,0,,,0,0,0,no_overlap
improve-eef386b4344faabf,0,0,0,,,0,0,0,no_overlap
improve-1cfe48724490506d,0,0,0,,,0,0,0,no_overlap
improve-5e208f02e91c85ac,0,0,0,,,0,0,0,no_overlap
improve-6c4698812a5abe7f,0,0,0,,,0,0,0,no_overlap
improve-7922fba450ba6b8c,0,0,0,,,0,0,0,no_overlap
improve-b13c7d82edbd685e,0,0,0,,,0,0,0,no_overlap
improve-e863c33ef89e4f62,0,0,0,,,0,0,0,no_overlap
improve-dc56c5b8d3fb8030,0,0,0,,,0,0,0,no_overlap
improve-22627a02a1279ff7,0,0,0,,,0,0,0,no_overlap
improve-806ec8051c05546b,0,0,0,,,0,0,0,no_overlap
improve-808a330e3e607558,0,0,0,,,0,0,0,no_overlap
improve-112877e2765f5185,0,0,0,,,0,0,0,no_overlap
improve-482b4ab44827683b,0,0,0,,,0,0,0,no_overlap
improve-0cad0479b2f9a320,0,0,0,,,0,0,0,no_overlap
improve-52bf1f4542991ba5,0,0,0,,,0,0,0,no_overlap
improve-7d8f81bffb2eca8b,0,0,0,,,0,0,0,no_overlap
improve-d71b945864a69bfe,0,0,0,,,0,0,0,no_overlap
improve-366eeb8605881c84,0,0,0,,,0,0,0,no_overlap
improve-ae232de819b97dde,0,0,0,,,0,0,0,no_overlap
improve-3f7ef50b8767a1a3,0,0,0,,,0,0,0,no_overlap
improve-8e6ea8d5075453c4,0,0,0,,,0,0,0,no_overlap
improve-762cb7a62a89c4cb,0,0,0,,,0,0,0,no_overlap
improve-de38b7bb1cbc1f34,0,0,0,,,0,0,0,no_overlap
improve-cecbc4233f70b845,0,0,0,,,0,0,0,no_overlap
improve-99f79412c387b5bf,0,0,0,,,0,0,0,no_overlap
improve-2f642b54d1c6e24c,0,0,0,,,0,0,0,no_overlap
improve-06a3aeeb4ca95643,0,0,0,,,0,0,0,no_overlap
improve-6db1836127e9f4bf,0,0,0,,,0,0,0,no_overlap
improve-df90f1307d13e0dd,0,0,0,,,0,0,0,no_overlap
improve-49099fe2285f22b2,0,0,0,,,0,0,0,no_overlap
improve-f636fe5399869bb4,0,0,0,,,0,0,0,no_overlap
improve-106290575563a6c9,0,0,0,,,0,0,0,no_overlap
improve-68d25cc44fcd3535,0,0,0,,,0,0,0,no_overlap
improve-626e891fa48d28cd,0,0,0,,,0,0,0,no_overlap
improve-f3a334387389774c,0,0,0,,,0,0,0,no_overlap
improve-5257f9e96a32c27c,0,0,0,,,0,0,0,no_overlap
improve-c18038f897739995,0,0,0,,,0,0,0,no_overlap
improve-19ca94de71bf04be,0,0,0,,,0,0,0,no_overlap
improve-6dc231b5cfc904be,0,0,0,,,0,0,0,no_overlap
improve-439737ab2fcb27ef,0,0,0,,,0,0,0,no_overlap
improve-4bcb20d4c847fb4d,0,0,0,,,0,0,0,no_overlap
improve-26652cabfed5b513,0,0,0,,,0,0,0,no_overlap
improve-1f0093ca5477c83d,0,0,0,,,0,0,0,no_overlap
improve-1fc4725e62fc7ca0,0,0,0,,,0,0,0,no_overlap
improve-0f4728c4f6f6c40e,0,0,0,,,0,0,0,no_overlap
improve-bbc08c3f64e59e66,0,0,0,,,0,0,0,no_overlap
improve-64ef0c172d921902,0,0,0,,,0,0,0,no_overlap
improve-1251e7cc22891124,0,0,0,,,0,0,0,no_overlap
improve-44e74912e7baf87d,0,0,0,,,0,0,0,no_overlap
improve-a97022a8c29926cd,0,0,0,,,0,0,0,no_overlap
improve-714c08f828cf9dcd,0,0,0,,,0,0,0,no_overlap
improve-47ecf6985efa3cf7,0,0,0,,,0,0,0,no_overlap
improve-480c1585297da1a9,0,0,0,,,0,0,0,no_overlap
improve-416f5c9a271eae47,0,0,0,,,0,0,0,no_overlap
improve-c3f79aa9a419f626,0,0,0,,,0,0,0,no_overlap
improve-d3926a9f7448b6eb,0,0,0,,,0,0,0,no_overlap
improve-0975dc27b299dbeb,0,0,0,,,0,0,0,no_overlap
improve-16c86b939f44c402,0,0,0,,,0,0,0,no_overlap
improve-9d62e22f6d3af999,0,0,0,,,0,0,0,no_overlap
improve-08a0a4514d4597c9,0,0,0,,,0,0,0,no_overlap
improve-73d5fbd67c4b94f1,0,0,0,,,0,0,0,no_overlap
improve-595f942b97ce33aa,0,0,0,,,0,0,0,no_overlap
improve-bd49e99939fcd6ce,0,0,0,,,0,0,0,no_overlap
improve-fd3bac94ab76fd23,0,0,0,,,0,0,0,no_overlap
improve-57096726c371e854,0,0,0,,,0,0,0,no_overlap
improve-4a63e3e5dc625aec,0,0,0,,,0,0,0,no_overlap
improve-91d182579ffe9cb8,0,0,0,,,0,0,0,no_overlap
improve-ebfff2a823b51829,0,0,0,,,0,0,0,no_overlap
improve-7bf145b262854077,0,0,0,,,0,0,0,no_overlap
improve-1f74d2209bbef7a6,0,0,0,,,0,0,0,no_overlap
improve-7694c28391c50b71,0,0,0,,,0,0,0,no_overlap
improve-06851090307c03b1,0,0,0,,,0,0,0,no_overlap
improve-73521f0b76593885,0,0,0,,,0,0,0,no_overlap
improve-0a443882956c859c,0,0,0,,,0,0,0,no_overlap
improve-5d6fd23e4588e8b5,0,0,0,,,0,0,0,no_overlap
improve-45c40c7c9c19dbe5,0,0,0,,,0,0,0,no_overlap
improve-2981c964f6dfcc57,0,0,0,,,0,0,0,no_overlap
improve-884f35bda3bb6fb5,0,0,0,,,0,0,0,no_overlap
improve-b49910c8270c89c9,0,0,0,,,0,0,0,no_overlap
improve-d83eaefa7cae21f4,0,0,0,,,0,0,0,no_overlap
improve-0fc663d1da9b5f7d,0,0,0,,,0,0,0,no_overlap
improve-8a681da7b7f2c9cd,0,0,0,,,0,0,0,no_overlap
improve-db6a7d18169e780d,0,0,0,,,0,0,0,no_overlap
improve-35c741a8cfd19fff,0,0,0,,,0,0,0,no_overlap
improve-26199efc8a16ffb2,0,0,0,,,0,0,0,no_overlap
improve-7fbfc96de2e65ea9,0,0,0,,,0,0,0,no_overlap
improve-87e1c3ac73f0bd9e,0,0,0,,,0,0,0,no_overlap
improve-c042bc79a16be891,0,0,0,,,0,0,0,no_overlap
improve-39295ad24f28d2c3,0,0,0,,,0,0,0,no_overlap
improve-6df8431bb4fa4a13,0,0,0,,,0,0,0,no_overlap
improve-bb21861bafb64e07,0,0,0,,,0,0,0,no_overlap
improve-12d4018271aedc3b,0,0,0,,,0,0,0,no_overlap
improve-97d2952dd2488d7b,0,0,0,,,0,0,0,no_overlap
improve-c5757da3541e2aea,0,0,0,,,0,0,0,no_overlap
improve-97037c036dec4611,0,0,0,,,0,0,0,no_overlap
improve-4a0b6dd8c17cfb0e,0,0,0,,,0,0,0,no_overlap
improve-265d1e2a3904fb5f,0,0,0,,,0,0,0,no_overlap
improve-c4f4196703220b6f,0,0,0,,,0,0,0,no_overlap
improve-199a974cc1d2cf3a,0,0,0,,,0,0,0,no_overlap
improve-0d67fadd5cf53b20,0,0,0,,,0,0,0,no_overlap
improve-b3597c1f57a49498,0,0,0,,,0,0,0,no_overlap
improve-53b2b562c6c5461d,0,0,0,,,0,0,0,no_overlap
improve-856bb8219005db36,0,0,0,,,0,0,0,no_overlap
improve-a40c4b3be5529ac5,0,0,0,,,0,0,0,no_overlap
improve-f5599101c7c6cfee,0,0,0,,,0,0,0,no_overlap
improve-8d8a6250f23f1511,0,0,0,,,0,0,0,no_overlap
improve-37412423bc1d6c51,0,0,0,,,0,0,0,no_overlap
improve-f5d079233d5d56a4,0,0,0,,,0,0,0,no_overlap
improve-ad148e51767a05a4,0,0,0,,,0,0,0,no_overlap
improve-e339ec0f03e9827c,0,0,0,,,0,0,0,no_overlap
improve-36d4b21ffda7bb75,0,0,0,,,0,0,0,no_overlap
improve-20fbaf434e47ea8b,0,0,0,,,0,0,0,no_overlap
improve-ff6fb7c1181f1f91,0,0,0,,,0,0,0,no_overlap
improve-29b79771a46b42cd,0,0,0,,,0,0,0,no_overlap
improve-1dcaaadd6398df5f,0,0,0,,,0,0,0,no_overlap
improve-c0cd4dccb05e6010,0,0,0,,,0,0,0,no_overlap
improve-417bc4d7e57dae8e,0,0,0,,,0,0,0,no_overlap
improve-1de0067797c4bed0,0,0,0,,,0,0,0,no_overlap
improve-49df9b5b876d3556,0,0,0,,,0,0,0,no_overlap
improve-c023e47eed65446f,0,0,0,,,0,0,0,no_overlap
improve-71be24c15ba21f93,0,0,0,,,0,0,0,no_overlap
improve-53a198c4edf0bd84,0,0,0,,,0,0,0,no_overlap
improve-27e20cc5b3b7a767,0,0,0,,,0,0,0,no_overlap
improve-f0b6d80bfab394c7,0,0,0,,,0,0,0,no_overlap
improve-2901719a886836ed,0,0,0,,,0,0,0,no_overlap
improve-7d83b8fb0c3c078b,0,0,0,,,0,0,0,no_overlap
improve-83929bcec0567a10,0,0,0,,,0,0,0,no_overlap
improve-7937bcf52e5819d2,0,0,0,,,0,0,0,no_overlap
improve-b11760d2972ecce6,0,0,0,,,0,0,0,no_overlap
improve-2169f1f9be32e811,0,0,0,,,0,0,0,no_overlap
improve-6644ec6ef71a3b91,0,0,0,,,0,0,0,no_overlap
improve-ae42f1fa2125082c,0,0,0,,,0,0,0,no_overlap
improve-86f9783828da01d6,0,0,0,,,0,0,0,no_overlap
improve-c52dba0fc47e9cc1,0,0,0,,,0,0,0,no_overlap
improve-9808da4268df595c,0,0,0,,,0,0,0,no_overlap
improve-dc57c078a32f27ea,0,0,0,,,0,0,0,no_overlap
improve-e2da9832b47cb365,0,0,0,,,0,0,0,no_overlap
improve-ee1f77d45c0e8adf,0,0,0,,,0,0,0,no_overlap
improve-660410c3a30d824f,0,0,0,,,0,0,0,no_overlap
improve-8f2c1cc033ef2dc0,0,0,0,,,0,0,0,no_overlap
improve-32c6c9127adc88e6,0,0,0,,,0,0,0,no_overlap
improve-d75bf9c96dc87f65,0,0,0,,,0,0,0,no_overlap
improve-e7dd9108d360806f,0,0,0,,,0,0,0,no_overlap
improve-1238a10e3c4faf40,0,0,0,,,0,0,0,no_overlap
improve-217edb376104ad80,0,0,0,,,0,0,0,no_overlap
improve-435b2c0b6b91b286,0,0,0,,,0,0,0,no_overlap
improve-429697222c4cbd82,0,0,0,,,0,0,0,no_overlap
improve-709552db9fb7aa7f,0,0,0,,,0,0,0,no_overlap
improve-571a1e0e247d790e,0,0,0,,,0,0,0,no_overlap
improve-de3db3482ade3d98,0,0,0,,,0,0,0,no_overlap
improve-6238dbc46bd4ed57,0,0,0,,,0,0,0,no_overlap
improve-f5bf79f212af4484,0,0,0,,,0,0,0,no_overlap
improve-a32075d918da2c28,0,0,0,,,0,0,0,no_overlap
improve-0c94dfec68fabf1c,0,0,0,,,0,0,0,no_overlap
improve-912561c15112b128,0,0,0,,,0,0,0,no_overlap
improve-aab0d7ee5aa4fa25,0,0,0,,,0,0,0,no_overlap
improve-8b63ba13288b4c1c,0,0,0,,,0,0,0,no_overlap
improve-06a19d67c7740b4a,0,0,0,,,0,0,0,no_overlap
improve-d688ba2d821e732d,0,0,0,,,0,0,0,no_overlap
improve-f4b5880a96e93f27,0,0,0,,,0,0,0,no_overlap
improve-bbe3868b28fbef90,0,0,0,,,0,0,0,no_overlap
improve-196d976995dc24a5,0,0,0,,,0,0,0,no_overlap
improve-5b93d97fb49cc204,0,0,0,,,0,0,0,no_overlap
improve-95f4f632f6c3de0e,0,0,0,,,0,0,0,no_overlap
improve-a6be465c2d15a409,0,0,0,,,0,0,0,no_overlap
improve-7287d3ca279ebc4c,0,0,0,,,0,0,0,no_overlap
improve-1f685997dbe89b01,0,0,0,,,0,0,0,no_overlap
improve-a24010609e92dc6d,0,0,0,,,0,0,0,no_overlap
improve-670d1912ebe02d09,0,0,0,,,0,0,0,no_overlap
improve-117a0d175ab615ec,0,0,0,,,0,0,0,no_overlap
improve-fcaab22744d6ebe8,0,0,0,,,0,0,0,no_overlap
improve-be3d69509b2e7d11,0,0,0,,,0,0,0,no_overlap
improve-0be4149de3e20502,0,0,0,,,0,0,0,no_overlap
improve-c8e2295874b6a88a,0,0,0,,,0,0,0,no_overlap
improve-04138377c3c3fcdc,0,0,0,,,0,0,0,no_overlap
improve-232e7517eafcca05,0,0,0,,,0,0,0,no_overlap
improve-c3bb503d173094aa,0,0,0,,,0,0,0,no_overlap
improve-3a55d7b700837972,0,0,0,,,0,0,0,no_overlap
improve-18d84e327b19f40e,0,0,0,,,0,0,0,no_overlap
improve-a0a449d7c463d648,0,0,0,,,0,0,0,no_overlap
improve-872f6d9e8ddac55c,0,0,0,,,0,0,0,no_overlap
improve-10e8dc61c6720020,0,0,0,,,0,0,0,no_overlap
improve-57f7470db6c1a79a,0,0,0,,,0,0,0,no_overlap
improve-d6c44ccc8a615c7d,0,0,0,,,0,0,0,no_overlap
improve-ad53800a02d8c083,0,0,0,,,0,0,0,no_overlap
improve-254e0c14ab11419d,0,0,0,,,0,0,0,no_overlap
improve-e5902fd4569772cd,0,0,0,,,0,0,0,no_overlap
improve-89da7ca4e2b40709,0,0,0,,,0,0,0,no_overlap
improve-e0ba5a4d713b1e79,0,0,0,,,0,0,0,no_overlap
improve-c695351c7bf52561,0,0,0,,,0,0,0,no_overlap
improve-f6388036d1f751b9,0,0,0,,,0,0,0,no_overlap
improve-691abda3982002e3,0,0,0,,,0,0,0,no_overlap
improve-847bcd139cfa3599,0,0,0,,,0,0,0,no_overlap
improve-4cfe38d4e62944cf,0,0,0,,,0,0,0,no_overlap
improve-04b7aaf1dffa9133,0,0,0,,,0,0,0,no_overlap
improve-08424b57b7f24299,0,0,0,,,0,0,0,no_overlap
improve-266dc66546cffdb0,0,0,0,,,0,0,0,no_overlap
improve-e14a212136cbdc12,0,0,0,,,0,0,0,no_overlap
improve-dcf464f4a0745770,0,0,0,,,0,0,0,no_overlap
improve-773d5a2c895ff6f9,0,0,0,,,0,0,0,no_overlap
improve-837d22f42c8e1fc2,0,0,0,,,0,0,0,no_overlap
improve-f3368aae4314ed61,0,0,0,,,0,0,0,no_overlap
improve-ea7276df85200fd9,0,0,0,,,0,0,0,no_overlap
improve-c963d353f504f7ed,0,0,0,,,0,0,0,no_overlap
improve-cc467d18432b1510,0,0,0,,,0,1,1,no_overlap
improve-2f60b0d3423648c1,0,0,0,,,0,1,1,no_overlap
improve-3dad871302434a65,0,0,0,,,0,0,0,no_overlap
improve-55b64713d780755a,0,0,0,,,0,0,0,no_overlap
improve-adeceeeeae47b4f6,0,0,0,,,0,0,0,no_overlap
improve-615239953e735fb3,0,0,0,,,0,0,0,no_overlap
improve-88241ba71a216f45,0,0,0,,,0,0,0,no_overlap
improve-ffa9bba9de87d1c9,0,0,0,,,0,0,0,no_overlap
improve-513a500111912c84,0,0,0,,,0,0,0,no_overlap
improve-4e6f445fe34342ee,0,0,0,,,0,0,0,no_overlap
improve-c32d40280fbf8ea0,0,0,0,,,0,0,0,no_overlap
improve-0bbe3a7c0e43cda1,0,0,0,,,0,0,0,no_overlap
improve-ce844a994477c05a,0,0,0,,,0,0,0,no_overlap
improve-7e0933d9fe339d86,0,0,0,,,0,0,0,no_overlap
improve-c23c54b6563dbbcd,0,0,0,,,0,0,0,no_overlap
improve-d02ee5ff466b1da5,0,0,0,,,0,0,0,no_overlap
improve-4c21475c4f68a7ef,0,0,0,,,0,0,0,no_overlap
improve-454e4cc7b0f57dee,0,0,0,,,0,0,0,no_overlap
improve-4dde7277442b3e1a,0,0,0,,,0,0,0,no_overlap
improve-917406ee50e70648,0,0,0,,,0,0,0,no_overlap
improve-5b48172949954c5f,0,0,0,,,0,0,0,no_overlap
improve-8dce70ef96bef376,0,0,0,,,0,0,0,no_overlap
improve-a15dd08b0a5cf476,0,0,0,,,0,0,0,no_overlap
improve-fbce588c125cff38,0,0,0,,,0,0,0,no_overlap
improve-ab87d7b0a1364b26,0,0,0,,,0,0,0,no_overlap
improve-fb54a92b8f5c775a,0,0,0,,,0,0,0,no_overlap
improve-6a344c20e22545fb,0,0,0,,,0,0,0,no_overlap
improve-df31dd421c761e67,0,0,0,,,0,0,0,no_overlap
improve-1e91e0d1b3dc57f7,0,0,0,,,0,0,0,no_overlap
improve-560ffc29d65f566c,0,0,0,,,0,0,0,no_overlap
improve-84c9efffeec8c5b9,0,0,0,,,0,0,0,no_overlap
improve-9eb08cdd97d9fe64,0,0,0,,,0,0,0,no_overlap
improve-1d14de1993ef1082,0,0,0,,,0,0,0,no_overlap
improve-dfe1e850c1b56e97,0,0,0,,,0,0,0,no_overlap
improve-7f7c6836cc885212,0,0,0,,,0,0,0,no_overlap
improve-5f1b0a87b0a385c3,0,0,0,,,0,0,0,no_overlap
improve-5af6abcd69fed154,0,0,0,,,0,0,0,no_overlap
improve-71556d087cb42f88,0,0,0,,,0,0,0,no_overlap
improve-a2798bc16d06064f,0,0,0,,,0,0,0,no_overlap
improve-29df15e3fa7a6a6b,0,0,0,,,0,0,0,no_overlap
improve-dd0d918bc937fb39,0,0,0,,,0,0,0,no_overlap
improve-1edaccbc9b94101b,0,0,0,,,0,0,0,no_overlap
improve-40774901cf9e96d8,0,0,0,,,0,0,0,no_overlap
improve-06eb713a6e7ac501,0,0,0,,,0,0,0,no_overlap
improve-54052943bd63be4f,0,0,0,,,0,0,0,no_overlap
improve-50f2a2c3cfb75039,0,0,0,,,0,0,0,no_overlap
improve-b969eee736f44fb1,0,0,0,,,0,0,0,no_overlap
improve-7a3022c4225b7cb6,0,0,0,,,0,0,0,no_overlap
improve-72e61c65b3562a7b,0,0,0,,,0,0,0,no_overlap
improve-deed7849655c5071,0,0,0,,,0,0,0,no_overlap
improve-ff4929f24a98169b,0,0,0,,,0,0,0,no_overlap
improve-6798a4db54ee8559,0,0,0,,,0,0,0,no_overlap
improve-fab1b2e761af5869,0,0,0,,,0,0,0,no_overlap
improve-dbcc25e1624aba3f,0,0,0,,,0,0,0,no_overlap
improve-f40272e22df95cdc,0,0,0,,,0,0,0,no_overlap
improve-866b827a24fbaab6,0,0,0,,,0,0,0,no_overlap
improve-d140b61457fabacd,0,0,0,,,0,0,0,no_overlap
improve-940d95bd24ca88a7,0,0,0,,,0,0,0,no_overlap
improve-32150ac51a202589,0,0,0,,,0,0,0,no_overlap
improve-64745e7a309de95e,0,0,0,,,0,0,0,no_overlap
improve-66b0eea27fde2cdf,0,0,0,,,0,0,0,no_overlap
improve-9e4e63b1317e15c9,0,0,0,,,0,0,0,no_overlap
improve-00ae88f40c32a1d5,0,0,0,,,0,0,0,no_overlap
improve-a4a0cd9035601b68,0,0,0,,,0,0,0,no_overlap
improve-192386f4fba67f0a,0,0,0,,,0,0,0,no_overlap
improve-d1dad444c7e0efb7,0,0,0,,,0,0,0,no_overlap
improve-c9c78bd1dd47c81c,0,0,0,,,0,0,0,no_overlap
improve-bf1758d52abe58a7,0,0,0,,,0,0,0,no_overlap
improve-80d93546644d84d0,0,0,0,,,0,0,0,no_overlap
improve-49da9c2fbc96de1f,0,0,0,,,0,0,0,no_overlap
improve-6e48ddb16dad9b1e,0,0,0,,,0,0,0,no_overlap
improve-47f8320741e86fb5,0,0,0,,,0,0,0,no_overlap
improve-317053767167bfe7,0,0,0,,,0,0,0,no_overlap
improve-87a36e0d12f62c8e,0,0,0,,,0,0,0,no_overlap
improve-a3e44fc4750955a9,0,0,0,,,0,0,0,no_overlap
improve-0cf9469c3e23db93,0,0,0,,,0,0,0,no_overlap
improve-e9b13e1415ff0570,0,0,0,,,0,0,0,no_overlap
improve-f3e410fe7cffc293,0,0,0,,,0,0,0,no_overlap
improve-cceb1d9366ecb130,0,0,0,,,0,0,0,no_overlap
improve-c3befced569d37dd,0,0,0,,,0,0,0,no_overlap
improve-2a98c753a7daa6ae,0,0,0,,,0,0,0,no_overlap
improve-435a57ec32d3aed1,0,0,0,,,0,0,0,no_overlap
improve-6aaea65c95b60094,0,0,0,,,0,0,0,no_overlap
improve-4fe265b5e57ed015,0,0,0,,,0,0,0,no_overlap
improve-42842969587488e1,0,0,0,,,0,0,0,no_overlap
improve-63d1b8a3e72f1318,0,0,0,,,0,0,0,no_overlap
improve-53ad02b0fdd74f3e,0,0,0,,,0,0,0,no_overlap
improve-24eee095f479fcd3,0,0,0,,,0,0,0,no_overlap
improve-b52abbeeca634756,0,0,0,,,0,0,0,no_overlap
improve-40952edadf772f44,0,0,0,,,0,0,0,no_overlap
improve-a93579cb5c57872b,0,0,0,,,0,0,0,no_overlap
improve-f6e1703c404be041,0,0,0,,,0,0,0,no_overlap
improve-4e97bb44f3ba3567,0,0,0,,,0,0,0,no_overlap
improve-dddb55a6de8da09b,0,0,0,,,0,0,0,no_overlap
improve-b434c0ea20fb008b,0,0,0,,,0,0,0,no_overlap
improve-1894151c4701dd0b,0,0,0,,,0,0,0,no_overlap
improve-2b00167a4ceebd7a,0,0,0,,,0,0,0,no_overlap
improve-de5fa1f92f512d92,0,0,0,,,0,0,0,no_overlap
improve-55d693930ce927b6,0,0,0,,,0,0,0,no_overlap
improve-506d3bb8cc85f2c1,0,0,0,,,0,0,0,no_overlap
improve-c25ae1f48b80e2c8,0,0,0,,,0,0,0,no_overlap
improve-c8d22f4a1ff91f67,0,0,0,,,0,0,0,no_overlap
improve-a48a22cc773e6e48,0,0,0,,,0,0,0,no_overlap
improve-4bad88117ca4c05d,0,0,0,,,0,0,0,no_overlap
improve-e5ac81740efa6143,0,0,0,,,0,0,0,no_overlap
improve-b70ee1a315246190,0,0,0,,,0,0,0,no_overlap
improve-7ed1c2c41adf3df7,0,0,0,,,0,0,0,no_overlap
improve-f9fd94d1580ff60e,0,0,0,,,0,0,0,no_overlap
improve-c06b58b603f4d086,0,0,0,,,0,0,0,no_overlap
improve-fed254f0a5f1076c,0,0,0,,,0,0,0,no_overlap
improve-12d89855d5b70d66,0,0,0,,,0,0,0,no_overlap
improve-e74c63d0cc8e2095,0,0,0,,,0,0,0,no_overlap
improve-d8d8de317d9e3a32,0,0,0,,,0,0,0,no_overlap
improve-6c740fa8e12dd598,0,0,0,,,0,0,0,no_overlap
improve-e0a1b1678388740e,0,0,0,,,0,0,0,no_overlap
improve-36325e3715512d57,0,0,0,,,0,0,0,no_overlap
improve-4bffd3e8a62b980d,0,0,0,,,0,0,0,no_overlap
improve-31869c6920a288a9,0,0,0,,,0,0,0,no_overlap
improve-d05aad08c14f7519,0,0,0,,,0,0,0,no_overlap
improve-04ed7faabb54ecf2,0,0,0,,,0,0,0,no_overlap
improve-398f1f5456dbfb41,0,0,0,,,0,0,0,no_overlap
improve-76132b5927ab16cd,0,0,0,,,0,0,0,no_overlap
improve-319626d92bfa70ca,0,0,0,,,0,0,0,no_overlap
improve-a7cf680277d23a1f,0,0,0,,,0,0,0,no_overlap
improve-7692680686eb03e4,0,0,0,,,0,0,0,no_overlap
improve-9e7bb14d2cb17c4a,0,0,0,,,0,0,0,no_overlap
improve-95153f97c4a6e4e8,0,0,0,,,0,0,0,no_overlap
improve-c4fa0515822f56cd,0,0,0,,,0,0,0,no_overlap
improve-7e4be41d62e3fbbc,0,0,0,,,0,0,0,no_overlap
improve-3bd76f51979cfcd1,0,0,0,,,0,0,0,no_overlap
improve-4b94da4a492f604c,0,0,0,,,0,0,0,no_overlap
improve-3d7c6460992af1a4,0,0,0,,,0,0,0,no_overlap
improve-5a43c3131d852709,0,0,0,,,0,0,0,no_overlap
improve-ba9b2ad0af7389bd,0,0,0,,,0,0,0,no_overlap
improve-48a91bb30631ea86,0,0,0,,,0,0,0,no_overlap
improve-08ed632cda750fa6,0,0,0,,,0,0,0,no_overlap
improve-5df129157187853b,0,0,0,,,0,0,0,no_overlap
improve-a5b93fb3bbe0ef89,0,0,0,,,0,0,0,no_overlap
improve-098002dd87c060bd,0,0,0,,,0,0,0,no_overlap
improve-0eecac1248d34c5f,0,0,0,,,0,0,0,no_overlap
improve-625b1e90d01e2bcf,0,0,0,,,0,0,0,no_overlap
improve-0e13a2b1c33e4df4,0,0,0,,,0,0,0,no_overlap
improve-f523979e2c5ba55a,0,0,0,,,0,0,0,no_overlap
improve-7a3973f7d584571f,0,0,0,,,0,0,0,no_overlap
improve-9e9d6b0cb942bbd1,0,0,0,,,0,0,0,no_overlap
improve-3399008aca79a820,0,0,0,,,0,0,0,no_overlap
improve-7316409d5bcffbe8,0,0,0,,,0,0,0,no_overlap
improve-b58bd35392d7f44f,0,0,0,,,0,0,0,no_overlap
improve-f2efbb9d35573adf,0,0,0,,,0,0,0,no_overlap
improve-4cb557ba99e7439f,0,0,0,,,0,0,0,no_overlap
improve-bb6c0587fed96ab3,0,0,0,,,0,0,0,no_overlap
improve-344084ce0b86d4a7,0,0,0,,,0,0,0,no_overlap
improve-f7052dde82646565,0,0,0,,,0,0,0,no_overlap
improve-4d9f4434d3192a00,0,0,0,,,0,0,0,no_overlap
improve-541554964d56d2d1,0,0,0,,,0,0,0,no_overlap
improve-c9efd848dde07e19,0,0,0,,,0,0,0,no_overlap
improve-407a10f7fc763cb8,0,0,0,,,0,0,0,no_overlap
improve-92d6003501386740,0,0,0,,,0,0,0,no_overlap
improve-6bf1a2a779c7d546,0,0,0,,,0,0,0,no_overlap
improve-e3218d6ef3ac7111,0,0,0,,,0,0,0,no_overlap
improve-36fcef7324ff0f54,0,0,0,,,0,0,0,no_overlap
improve-fd770108cac1605f,0,0,0,,,0,0,0,no_overlap
improve-598d8583cce4a8e6,0,0,0,,,0,0,0,no_overlap
improve-e59ce740e3aa5f29,0,0,0,,,0,0,0,no_overlap
improve-ba46a6fd436ad101,0,0,0,,,0,0,0,no_overlap
improve-301afe901f9c9fad,0,0,0,,,0,0,0,no_overlap
improve-321a562690622204,0,0,0,,,0,0,0,no_overlap
improve-8e9ea37345a9695a,0,0,0,,,0,0,0,no_overlap
improve-b04429f2bdf2c7ef,0,0,0,,,0,0,0,no_overlap
improve-529d9b387cd19f37,0,0,0,,,0,0,0,no_overlap
improve-1cc5e47a8e0a1688,0,0,0,,,0,0,0,no_overlap
improve-840fdb5c107750ce,0,0,0,,,0,0,0,no_overlap
improve-aef79aba1a3a6d10,0,0,0,,,0,0,0,no_overlap
improve-b2a280b4b1f65824,0,0,0,,,0,0,0,no_overlap
improve-6236dc1956ae0817,0,0,0,,,0,0,0,no_overlap
improve-c0cafba4bb3dffc7,0,0,0,,,0,0,0,no_overlap
improve-9eccdb08cc39e01d,0,0,0,,,0,0,0,no_overlap
improve-856940ce56d83f92,1,0,0,,,0,0,0,no_overlap
improve-e964bb0b0e3836dc,0,0,0,,,0,0,0,no_overlap
improve-986607648e1b8f13,0,0,0,,,0,0,0,no_overlap
improve-c9712afb8e9f8b64,0,0,0,,,0,0,0,no_overlap
improve-5a9e342cfaaf4827,0,0,0,,,0,0,0,no_overlap
improve-20772b01b09185e6,0,0,0,,,0,0,0,no_overlap
improve-944c96d3c2baba59,0,0,0,,,0,0,0,no_overlap
improve-f0c756cec4c12df1,0,0,0,,,0,0,0,no_overlap
improve-0c5035c2ec7101dd,0,0,0,,,0,0,0,no_overlap
improve-88ae6871db1389e0,0,0,0,,,0,0,0,no_overlap
improve-83c82893209a5afe,0,0,0,,,0,0,0,no_overlap
improve-27c661fa90ed5c60,0,0,0,,,0,0,0,no_overlap
improve-e5c759ac97c4a6b3,0,0,0,,,0,0,0,no_overlap
improve-ea44751279096621,0,0,0,,,0,0,0,no_overlap
improve-1ec3b31e6d123842,0,0,0,,,0,0,0,no_overlap
improve-4752d0c7b37fe91e,0,0,0,,,0,0,0,no_overlap
improve-ffe3e53489e40e26,0,0,0,,,0,0,0,no_overlap
improve-4472518e9e01960d,0,0,0,,,0,0,0,no_overlap
improve-aefc798752910db0,0,0,0,,,0,0,0,no_overlap
improve-8c4a09ef9a1e61e8,0,0,0,,,0,0,0,no_overlap
improve-2a54cb30a0c22a57,0,0,0,,,0,0,0,no_overlap
improve-a0108fe2c53b2f39,0,0,0,,,0,0,0,no_overlap
improve-6843952ca1507b85,0,0,0,,,0,0,0,no_overlap
improve-594e99ff550a24c0,0,0,0,,,0,0,0,no_overlap
improve-6b5dd901a77ac1d4,0,0,0,,,0,0,0,no_overlap
improve-05a36e4d5c65dc80,0,0,0,,,0,0,0,no_overlap
improve-792df5dabe20fefa,0,0,0,,,0,0,0,no_overlap
improve-9a980cd5074bfe5f,0,0,0,,,0,0,0,no_overlap
improve-0e08c446032f4ded,0,0,0,,,0,0,0,no_overlap
improve-6f7a12e92da1d29d,0,0,0,,,0,0,0,no_overlap
improve-c38362d3e0dfe949,0,0,0,,,0,0,0,no_overlap
improve-6cb9503ca2a2115f,0,0,0,,,0,0,0,no_overlap
improve-c8e0b58779aaaefc,0,0,0,,,0,0,0,no_overlap
improve-26dc5b631743bdd1,0,0,0,,,0,0,0,no_overlap
improve-64274bfa746af87d,0,0,0,,,0,0,0,no_overlap
improve-9433c71d57e56e3f,0,0,0,,,0,0,0,no_overlap
improve-34b76d6ac6596de5,0,0,0,,,0,0,0,no_overlap
improve-c063d02f0eafeaf2,0,0,0,,,0,0,0,no_overlap
improve-8998e9a8160a4509,0,0,0,,,0,0,0,no_overlap
improve-4da91a41310f69c8,0,0,0,,,0,0,0,no_overlap
improve-10a08b249252f779,0,0,0,,,0,0,0,no_overlap
improve-37d8b7c07cbc8a17,0,0,0,,,0,0,0,no_overlap
improve-6a5f7a7777d02f22,0,0,0,,,0,0,0,no_overlap
improve-b6b4c7495e32c673,1,0,0,,,0,0,0,no_overlap
improve-385577204f404e6d,0,0,0,,,0,0,0,no_overlap
improve-8e7f9d57066178c2,0,0,0,,,0,0,0,no_overlap
improve-1d4ca02fe94aeaf9,0,0,0,,,0,0,0,no_overlap
improve-a4a254fd98f89ada,0,0,0,,,0,0,0,no_overlap
improve-0aa941d0abe6460c,0,0,0,,,0,0,0,no_overlap
improve-c653381ca665b3e3,0,0,0,,,0,0,0,no_overlap
improve-9835af5d01006b04,0,0,0,,,0,0,0,no_overlap
improve-4bc8924434adb6cf,0,0,0,,,0,0,0,no_overlap
improve-826dd0486386ec59,0,0,0,,,0,0,0,no_overlap
improve-0767e00fa13b19ed,0,0,0,,,0,0,0,no_overlap
improve-0effa266454c1999,0,0,0,,,0,0,0,no_overlap
improve-a502b1c244d391b7,0,0,0,,,0,0,0,no_overlap
improve-ed4e22f35ac28bc4,0,0,0,,,0,0,0,no_overlap
improve-978d970d0c1cd21d,0,0,0,,,0,0,0,no_overlap
improve-ac7512ff7436ea08,0,0,0,,,0,0,0,no_overlap
improve-36c9d0e6c3087366,0,0,0,,,0,0,0,no_overlap
improve-7838c54e750a87d3,0,0,0,,,0,0,0,no_overlap
improve-853a751f40c4ebf3,0,0,0,,,0,0,0,no_overlap
improve-bce93e6e0e757612,0,0,0,,,0,0,0,no_overlap
improve-5339a1fd878f4c91,0,0,0,,,0,0,0,no_overlap
improve-f81a8120ff6187dc,0,0,0,,,0,0,0,no_overlap
improve-f41d6f958d58e1a1,0,0,0,,,0,0,0,no_overlap
improve-7a6a4feb1c0ff3a5,0,0,0,,,0,0,0,no_overlap
improve-9bcd5e7a05cf62fc,0,0,0,,,0,0,0,no_overlap
improve-e0c0b5925ebee3fc,0,0,0,,,0,0,0,no_overlap
improve-f08e55bcc32f3656,0,0,0,,,0,0,0,no_overlap
improve-224ad17924d52e28,0,0,0,,,0,0,0,no_overlap
improve-91b2a55ede6a3dda,0,0,0,,,0,0,0,no_overlap
improve-e2e895e986eae7ce,0,0,0,,,0,0,0,no_overlap
improve-22868cb8700e5651,0,0,0,,,0,0,0,no_overlap
improve-b116659fb5816f7a,0,0,0,,,0,0,0,no_overlap
improve-b4fe714b8a5f3d76,0,0,0,,,0,0,0,no_overlap
improve-fdd081e074794d86,0,0,0,,,0,0,0,no_overlap
improve-77b8b48ebdef51b8,0,0,0,,,0,0,0,no_overlap
improve-895550a4ad2e732e,0,0,0,,,0,0,0,no_overlap
improve-b7bfa8f620bf83ca,0,0,0,,,0,0,0,no_overlap
improve-e6b50375cac73f9f,0,0,0,,,0,0,0,no_overlap
improve-984f73c75012a632,0,0,0,,,0,0,0,no_overlap
improve-a6bf8c9f3efac96e,0,0,0,,,0,0,0,no_overlap
improve-5c865c322d804109,0,0,0,,,0,0,0,no_overlap
improve-657f6cef3e78a951,0,0,0,,,0,0,0,no_overlap
improve-d012d046ce7149ee,0,0,0,,,0,0,0,no_overlap
improve-28be1f9e353efc4b,0,0,0,,,0,0,0,no_overlap
improve-e408c368139845af,0,0,0,,,0,0,0,no_overlap
improve-ca4ce5fb7938d0ff,0,0,0,,,0,0,0,no_overlap
improve-733d73d2cd930c17,0,0,0,,,0,0,0,no_overlap
improve-260a439d08249428,0,0,0,,,0,0,0,no_overlap
improve-aa0fc609f4a218a0,0,0,0,,,0,0,0,no_overlap
improve-7c5ef8c7c8ec6ae9,0,0,0,,,0,0,0,no_overlap
improve-43656d04db9adcab,0,0,0,,,0,0,0,no_overlap
improve-be91be63d0b694b7,0,0,0,,,0,0,0,no_overlap
improve-02d6a0748e1e3329,0,0,0,,,0,0,0,no_overlap
improve-03fe6818a50aebca,0,0,0,,,0,0,0,no_overlap
improve-0a9d94590e27883b,0,0,0,,,0,0,0,no_overlap
improve-dea087ac37c30d2a,0,0,0,,,0,0,0,no_overlap
improve-e8174fdd3d789693,0,0,0,,,0,0,0,no_overlap
improve-92af37faed3a678c,0,0,0,,,0,0,0,no_overlap
improve-808f2a59845fb6ca,0,0,0,,,0,0,0,no_overlap
improve-00ecf9a0053fd437,0,0,0,,,0,0,0,no_overlap
improve-e553b15a71e4e7ca,0,0,0,,,0,0,0,no_overlap
improve-b96a611fdc60662d,0,0,0,,,0,0,0,no_overlap
improve-1533b128d8799c99,0,0,0,,,0,0,0,no_overlap
improve-2f05e0a43e82759c,0,0,0,,,0,0,0,no_overlap
improve-9acd57ca6766bf37,0,0,0,,,0,0,0,no_overlap
improve-bfc01c37c2aaacbd,0,0,0,,,0,0,0,no_overlap
improve-7b16bc42151763cb,0,0,0,,,0,0,0,no_overlap
improve-580e7c1e25f151aa,0,0,0,,,0,0,0,no_overlap
improve-9cf29af46e4b235c,0,0,0,,,0,0,0,no_overlap
improve-0d1e17c4acca9be6,0,0,0,,,0,0,0,no_overlap
improve-c0956fc925ad81ea,0,0,0,,,0,0,0,no_overlap
improve-de98331f6f21c4ad,0,0,0,,,0,0,0,no_overlap
improve-420e2ee1bf9e429f,0,0,0,,,0,0,0,no_overlap
improve-ef807914ed901cea,0,0,0,,,0,0,0,no_overlap
improve-04312f2a7f3caee8,0,0,0,,,0,0,0,no_overlap
improve-48748526de5f88f3,0,0,0,,,0,0,0,no_overlap
improve-dd41e75ed436390c,0,0,0,,,0,0,0,no_overlap
improve-2189fec375a4efbd,0,0,0,,,0,0,0,no_overlap
improve-9adef739bd4d27c1,0,0,0,,,0,0,0,no_overlap
improve-4cb3e8c7e4997b85,0,0,0,,,0,0,0,no_overlap
improve-ad173c809ecc7662,0,0,0,,,0,0,0,no_overlap
improve-972cb435b4de4192,0,0,0,,,0,0,0,no_overlap
improve-52341f10ac7ee0cf,0,0,0,,,0,0,0,no_overlap
improve-3e3dcd1822cee399,0,0,0,,,0,0,0,no_overlap
improve-d6acea2f618d1729,0,0,0,,,0,0,0,no_overlap
improve-1f8cfc5af2e9dfd4,0,0,0,,,0,0,0,no_overlap
improve-59f5e7db45d393e7,0,0,0,,,0,0,0,no_overlap
improve-db6193ed4bc3002d,0,0,0,,,0,0,0,no_overlap
improve-e673567a0de0ee79,0,0,0,,,0,0,0,no_overlap
improve-6e9a16c14736e2b3,0,0,0,,,0,0,0,no_overlap
improve-5e526aa64881ce31,0,0,0,,,0,0,0,no_overlap
improve-97b0f8e4056dfe53,0,0,0,,,0,0,0,no_overlap
improve-24b9d35e474c1515,0,0,0,,,0,0,0,no_overlap
improve-dfe08ae08fe824dd,0,0,0,,,0,0,0,no_overlap
improve-ade51d2f9c3cb888,0,0,0,,,0,0,0,no_overlap
improve-59e65475eff725f4,0,0,0,,,0,0,0,no_overlap
improve-21d2ca9ce7afc108,0,0,0,,,0,0,0,no_overlap
improve-bbabd5c5a46aeae8,0,0,0,,,0,0,0,no_overlap
improve-88199619a8717333,0,0,0,,,0,0,0,no_overlap
improve-135a9a6dfb3273b7,0,0,0,,,0,0,0,no_overlap
improve-f31f7cb4458f6e7b,0,0,0,,,0,0,0,no_overlap
improve-d7f33a13e353a448,0,0,0,,,0,0,0,no_overlap
improve-03c2a22383955303,0,0,0,,,0,0,0,no_overlap
improve-202c452db30f8d91,0,0,0,,,0,0,0,no_overlap
improve-b60297c484dda39c,0,0,0,,,0,0,0,no_overlap
improve-a2cfb1ccfff11523,0,0,0,,,0,0,0,no_overlap
improve-07a7dafbf080ba7e,0,0,0,,,0,0,0,no_overlap
improve-e93e9ed38ecaf77f,0,0,0,,,0,0,0,no_overlap
improve-da504a9ca9de8cd5,0,0,0,,,0,0,0,no_overlap
improve-da74c64767e857ae,0,0,0,,,0,0,0,no_overlap
improve-df28e983edde08b7,0,0,0,,,0,0,0,no_overlap
improve-ea2ccef180a35330,0,0,0,,,0,0,0,no_overlap
improve-08da22675b342146,0,0,0,,,0,0,0,no_overlap
improve-8daa46d66b696c41,0,0,0,,,0,0,0,no_overlap
improve-8b1f06032ee35e3d,0,0,0,,,0,0,0,no_overlap
improve-b822c92f62c74823,0,0,0,,,0,0,0,no_overlap
improve-86ecc2434ced350f,0,0,0,,,0,0,0,no_overlap
improve-4a43b83afd7c2303,0,0,0,,,0,0,0,no_overlap
improve-14df1a022e9c7195,0,0,0,,,0,0,0,no_overlap
improve-acebe36afac71d72,0,0,0,,,0,0,0,no_overlap
improve-31bb376f0c41f222,0,0,0,,,0,0,0,no_overlap
improve-4459f47e9effc4f5,0,0,0,,,0,0,0,no_overlap
improve-e3a0d0a179e08a14,0,0,0,,,0,0,0,no_overlap
improve-22212de5d2694e4a,0,0,0,,,0,0,0,no_overlap
improve-bfdf9e4c97488b29,0,0,0,,,0,0,0,no_overlap
improve-860514d556915a72,0,0,0,,,0,0,0,no_overlap
improve-a0eee09ed00376f8,0,0,0,,,0,0,0,no_overlap
improve-e1a5cc295f45a083,0,0,0,,,0,0,0,no_overlap
improve-df43ebcbb02939c2,0,0,0,,,0,0,0,no_overlap
improve-200df330092230f3,0,0,0,,,0,0,0,no_overlap
improve-0ebc2217bb68d74f,0,0,0,,,0,0,0,no_overlap
improve-67d1c0408abdf4ad,0,0,0,,,0,0,0,no_overlap
improve-de62f1daf0557782,0,0,0,,,0,0,0,no_overlap
improve-ceee288078816e8c,0,0,0,,,0,0,0,no_overlap
improve-70a8a9c27553aee2,0,0,0,,,0,0,0,no_overlap
improve-27eae7c7f9c3ecd2,0,0,0,,,0,0,0,no_overlap
improve-d7ba7046baababc2,0,0,0,,,0,0,0,no_overlap
improve-3c013a41491b7824,0,0,0,,,0,0,0,no_overlap
improve-740162fbfa721e38,0,0,0,,,0,0,0,no_overlap
improve-1369e9e2e33b4b32,0,0,0,,,0,0,0,no_overlap
improve-293a6aab048384df,0,0,0,,,0,0,0,no_overlap
improve-c10c76191c545148,0,0,0,,,0,0,0,no_overlap
improve-30cc4551bd64792c,0,0,0,,,0,0,0,no_overlap
improve-882e6f6c384d0954,0,0,0,,,0,0,0,no_overlap
improve-4e804da1d3b8eaa8,0,0,0,,,0,0,0,no_overlap
improve-1f8af010c20f271b,0,0,0,,,0,0,0,no_overlap
improve-16560314aee6af93,0,0,0,,,0,0,0,no_overlap
improve-f67a40d19a604298,0,0,0,,,0,0,0,no_overlap
improve-e7f2e80d9489b97d,0,0,0,,,0,0,0,no_overlap
improve-44ab107a29f9738f,0,0,0,,,0,0,0,no_overlap
improve-b4629c70e0b67e89,0,0,0,,,0,0,0,no_overlap
improve-be381b9b380c1093,0,0,0,,,0,0,0,no_overlap
improve-626a9a81e3f0ef18,0,0,0,,,0,0,0,no_overlap
improve-1eb5b41d07f01ec8,0,0,0,,,0,0,0,no_overlap
improve-651df1396d42abdd,0,0,0,,,0,0,0,no_overlap
improve-62cb243e81275a4d,0,0,0,,,0,0,0,no_overlap
improve-919f1bff0463186b,0,0,0,,,0,0,0,no_overlap
improve-e67e15eb96910451,0,0,0,,,0,0,0,no_overlap
improve-08cbb7bf7413c6a0,0,0,0,,,0,0,0,no_overlap
improve-f7a4104ecbebaba1,0,0,0,,,0,0,0,no_overlap
improve-86b7813e40abc24b,0,0,0,,,0,0,0,no_overlap
improve-bad1f51a928cbb35,0,0,0,,,0,0,0,no_overlap
improve-49f0b317d9628780,0,0,0,,,0,0,0,no_overlap
improve-a6e0554b9567a317,0,0,0,,,0,0,0,no_overlap
improve-492691a9569f5770,0,0,0,,,0,0,0,no_overlap
improve-c17e86811398dbb8,0,0,0,,,0,0,0,no_overlap
improve-029eb2a5ce5de990,0,0,0,,,0,0,0,no_overlap
improve-6055865723a837d5,0,0,0,,,0,0,0,no_overlap
improve-032508e64c849c40,0,0,0,,,0,0,0,no_overlap
improve-9ec96c944e668f32,0,0,0,,,0,0,0,no_overlap
improve-f2dd513625f068ce,0,0,0,,,0,0,0,no_overlap
improve-9c50af90f12271e3,0,0,0,,,0,0,0,no_overlap
improve-fdafc055737dec86,0,0,0,,,0,0,0,no_overlap
improve-f7501d881e9914c9,0,0,0,,,0,0,0,no_overlap
improve-eab9e5f87436a62e,0,0,0,,,0,0,0,no_overlap
improve-417779b8cf87e0a0,0,0,0,,,0,0,0,no_overlap
improve-c253c89ff78047bc,0,0,0,,,0,0,0,no_overlap
improve-710c6d60e5d83986,0,0,0,,,0,0,0,no_overlap
improve-2615ee8ab1f4d9db,0,0,0,,,0,0,0,no_overlap
improve-2b150f8d7da544c3,0,0,0,,,0,0,0,no_overlap
improve-07083b74198cf17b,0,0,0,,,0,0,0,no_overlap
improve-54715afd6d3470d1,0,0,0,,,0,0,0,no_overlap
improve-34dd6835a976f68d,0,0,0,,,0,0,0,no_overlap
improve-3733b6c0934dc144,0,0,0,,,0,0,0,no_overlap
improve-b63789f83d4193c5,0,0,0,,,0,0,0,no_overlap
improve-72f31fd4c451fef6,0,0,0,,,0,0,0,no_overlap
improve-cbcf65ff15a2699e,0,0,0,,,0,0,0,no_overlap
improve-c1bb5b1e28855c25,0,0,0,,,0,0,0,no_overlap
improve-56fa607eccfee96a,0,0,0,,,0,0,0,no_overlap
improve-636ed4e113a3e6b3,0,0,0,,,0,0,0,no_overlap
improve-ef25ab00672de49c,0,0,0,,,0,0,0,no_overlap
improve-5a349788121daa31,0,0,0,,,0,0,0,no_overlap
improve-2aacd947ed2a347e,0,0,0,,,0,0,0,no_overlap
improve-d0a2129238c12af1,0,0,0,,,0,0,0,no_overlap
improve-c797b9b83102bf10,0,0,0,,,0,0,0,no_overlap
improve-db9fce84aa28f7fd,0,0,0,,,0,0,0,no_overlap
improve-d07046eb4b24139d,0,0,0,,,0,0,0,no_overlap
improve-fe18c9b420c801fc,0,0,0,,,0,0,0,no_overlap
improve-95e80006906b9f13,0,0,0,,,0,0,0,no_overlap
improve-864dc710b1f43038,0,0,0,,,0,0,0,no_overlap
improve-cc157f922a0c8ca7,0,0,0,,,0,0,0,no_overlap
improve-5a57bda86e27f8e3,0,0,0,,,0,0,0,no_overlap
improve-c6932a1f656b8218,0,0,0,,,0,0,0,no_overlap
improve-1f0048863bfe99fb,1,0,0,,,0,0,0,no_overlap
improve-d7a60eaec2915554,0,0,0,,,0,0,0,no_overlap
improve-7fafcb2d75808d72,0,0,0,,,0,0,0,no_overlap
improve-0d3ce8f3895ef886,0,0,0,,,0,0,0,no_overlap
improve-6f89ed4859ede405,0,0,0,,,0,0,0,no_overlap
improve-7248f5b84dca14ee,0,0,0,,,0,0,0,no_overlap
improve-7943904f9282df68,0,0,0,,,0,0,0,no_overlap
improve-721771c7fdedb09f,0,0,0,,,0,0,0,no_overlap
improve-b65a2855fc597bfa,0,0,0,,,0,0,0,no_overlap
improve-6106a97ea26e3b22,0,0,0,,,0,0,0,no_overlap
improve-97551b59a25cbc76,0,0,0,,,0,0,0,no_overlap
improve-d7babe44b63fa834,0,0,0,,,0,0,0,no_overlap
improve-538e762f650835e6,0,0,0,,,0,0,0,no_overlap
improve-7a07a13c25a59a92,0,0,0,,,0,0,0,no_overlap
improve-b9bf540bd9bc9418,0,0,0,,,0,0,0,no_overlap
improve-c3f1c1ed2ee18554,0,0,0,,,0,0,0,no_overlap
improve-30e2703f21c5fc24,0,0,0,,,0,0,0,no_overlap
improve-591bbb77681668cd,0,0,0,,,0,0,0,no_overlap
improve-172ad7f44e501e86,0,0,0,,,0,0,0,no_overlap
improve-79dff63629fae0c7,0,0,0,,,0,0,0,no_overlap
improve-f32a1779afac6f9a,0,0,0,,,0,0,0,no_overlap
improve-d5cc5d3ab0b32657,0,0,0,,,0,0,0,no_overlap
improve-4792635b0f41ec1d,0,0,0,,,0,0,0,no_overlap
improve-8fdbbff3b6098d3e,0,0,0,,,0,0,0,no_overlap
improve-e204880f748e8572,0,0,0,,,0,0,0,no_overlap
improve-1259060ca68731cf,0,0,0,,,0,0,0,no_overlap
improve-b4eac39321bb9821,0,0,0,,,0,0,0,no_overlap
improve-00a33d7f3e8f47a0,0,0,0,,,0,0,0,no_overlap
improve-21bea6c46057f05e,0,0,0,,,0,0,0,no_overlap
improve-cab7fb7c55f0eb22,0,0,0,,,0,0,0,no_overlap
improve-d242d4043f57a91f,0,0,0,,,0,0,0,no_overlap
improve-c79291a4e7f64da7,0,0,0,,,0,0,0,no_overlap
improve-4688ce7e447b0299,0,0,0,,,0,0,0,no_overlap
improve-51ba89de6820f251,0,0,0,,,0,0,0,no_overlap
improve-205ce103aa33cd7a,0,0,0,,,0,0,0,no_overlap
improve-52b1b6c12857972f,0,0,0,,,0,0,0,no_overlap
improve-80bd63369b2f3147,0,0,0,,,0,0,0,no_overlap
improve-822f4feafd5ddfa9,0,0,0,,,0,0,0,no_overlap
improve-e2884e5d6d8ac164,0,0,0,,,0,0,0,no_overlap
improve-e871dab430614281,0,0,0,,,0,0,0,no_overlap
improve-1151287c42c33d4c,0,0,0,,,0,0,0,no_overlap
improve-e0602dbf11bf41db,0,0,0,,,0,0,0,no_overlap
improve-2f6cf55ec56f0274,0,0,0,,,0,0,0,no_overlap
improve-310e89e74f41a70d,0,0,0,,,0,0,0,no_overlap
improve-d689bb54b68da603,0,0,0,,,0,0,0,no_overlap
improve-3597675779d337db,0,0,0,,,0,0,0,no_overlap
improve-deb33a5d7e3a6c46,0,0,0,,,0,0,0,no_overlap
improve-00ed4686cdbb8189,0,0,0,,,0,0,0,no_overlap
improve-918035ccea734878,0,0,0,,,0,0,0,no_overlap
improve-5fdd5dead2ce166e,0,0,0,,,0,0,0,no_overlap
improve-3ba225218233b2c5,0,0,0,,,0,0,0,no_overlap
improve-d92c13161400d261,0,0,0,,,0,0,0,no_overlap
improve-6ab9efa882505c55,0,0,0,,,0,0,0,no_overlap
improve-bd0f17e88c47e789,0,0,0,,,0,0,0,no_overlap
improve-f8d5f263a2a75260,0,0,0,,,0,0,0,no_overlap
improve-15a92326f4453066,0,0,0,,,0,0,0,no_overlap
improve-17c702c3aef9b4c8,0,0,0,,,0,0,0,no_overlap
improve-1d8d7e41edfef90b,0,0,0,,,0,0,0,no_overlap
improve-796d9f63cc810604,0,0,0,,,0,0,0,no_overlap
improve-ab88c335f0f89d0a,0,0,0,,,0,0,0,no_overlap
improve-37434f97d6d7a60f,0,0,0,,,0,0,0,no_overlap
improve-a0a7f5fd61299f36,0,0,0,,,0,0,0,no_overlap
improve-3211a3fdd5966d66,0,0,0,,,0,0,0,no_overlap
improve-a496e1c00c1fcf43,0,0,0,,,0,0,0,no_overlap
improve-fbeac4ecaddf07cd,0,0,0,,,0,0,0,no_overlap
improve-2e404c96f4467808,0,0,0,,,0,0,0,no_overlap
improve-27482205b200db4c,0,0,0,,,0,0,0,no_overlap
improve-e5da6a2e412b904e,0,0,0,,,0,0,0,no_overlap
improve-02d1704b1b08acc6,0,0,0,,,0,0,0,no_overlap
improve-00a3f601d044cb7d,0,0,0,,,0,0,0,no_overlap
improve-befdd337cb1c7482,0,0,0,,,0,0,0,no_overlap
improve-27fba15af9913430,0,0,0,,,0,0,0,no_overlap
improve-c733f199200a691c,0,0,0,,,0,0,0,no_overlap
improve-2aeb78666e91d748,0,0,0,,,0,0,0,no_overlap
improve-3a30474cb2ad586e,0,0,0,,,0,0,0,no_overlap
improve-cf708572e74cd9d8,0,0,0,,,0,0,0,no_overlap
improve-30ca9320449f14e2,0,0,0,,,0,0,0,no_overlap
improve-35786c7e80a51aa6,0,0,0,,,0,0,0,no_overlap
improve-fba164cbae1acd86,0,0,0,,,0,0,0,no_overlap
improve-d9041cd1b7068e58,0,0,0,,,0,0,0,no_overlap
improve-f21aada1a77df0bb,0,0,0,,,0,0,0,no_overlap
improve-1e8ebd373239ab6d,0,0,0,,,0,0,0,no_overlap
improve-6fe5a0ad2390fd18,0,0,0,,,0,0,0,no_overlap
improve-d3a4493ef03e1ce8,0,0,0,,,0,0,0,no_overlap
improve-3b762f388ba58323,0,0,0,,,0,0,0,no_overlap
improve-616d41e98df1281c,0,0,0,,,0,0,0,no_overlap
improve-15ea869ac791fa17,0,0,0,,,0,0,0,no_overlap
improve-60296c8e0ad78e26,0,0,0,,,0,0,0,no_overlap
improve-3fc80552c7d45de6,0,0,0,,,0,0,0,no_overlap
improve-cef6c6646ee8ab89,0,0,0,,,0,0,0,no_overlap
improve-9aaa0267b84cb6e4,0,0,0,,,0,0,0,no_overlap
improve-83d1872c2e4ac522,0,0,0,,,0,0,0,no_overlap
improve-d35d4a57bdb8aaa8,0,0,0,,,0,0,0,no_overlap
improve-dc3c465912f505fa,0,0,0,,,0,0,0,no_overlap
improve-013f83b0392fc509,0,0,0,,,0,0,0,no_overlap
improve-109e2712e79d87c5,0,0,0,,,0,0,0,no_overlap
improve-342cd310e704b28d,0,0,0,,,0,0,0,no_overlap
improve-f40bd1186b6fa1a0,0,0,0,,,0,0,0,no_overlap
improve-821d51e1f687c645,0,0,0,,,0,0,0,no_overlap
improve-d1bf04f11b70469e,0,0,0,,,0,0,0,no_overlap
improve-8400c440ea1e5080,0,0,0,,,0,0,0,no_overlap
improve-a9778ffd4e36595c,0,0,0,,,0,0,0,no_overlap
improve-e66eb78ccd606470,0,0,0,,,0,0,0,no_overlap
improve-21000ae094b5ef63,0,0,0,,,0,0,0,no_overlap
improve-43d3c2347b992d33,0,0,0,,,0,0,0,no_overlap
improve-b722c2d03397df03,0,0,0,,,0,0,0,no_overlap
improve-14dda4405e709767,0,0,0,,,0,0,0,no_overlap
improve-7351148edae07bfe,0,0,0,,,0,0,0,no_overlap
improve-ee240cb441f6eb62,0,0,0,,,0,0,0,no_overlap
improve-6f5d32fdc679c5c5,0,0,0,,,0,0,0,no_overlap
improve-00549893db0fe45d,0,0,0,,,0,0,0,no_overlap
improve-4becf2c2ea66fa7d,0,0,0,,,0,0,0,no_overlap
improve-ad304904fe275314,0,0,0,,,0,0,0,no_overlap
improve-19e3837ea454b347,0,0,0,,,0,0,0,no_overlap
improve-3418bbd57cc867ca,0,0,0,,,0,0,0,no_overlap
improve-2b06639e9730fec7,0,0,0,,,0,0,0,no_overlap
improve-26686832c4019345,0,0,0,,,0,0,0,no_overlap
improve-34c54505bd31c3fc,0,0,0,,,0,0,0,no_overlap
improve-db10f3cecb4cd608,0,0,0,,,0,0,0,no_overlap
improve-97fadd77d4eb07a7,0,0,0,,,0,0,0,no_overlap
improve-b83e86153973a5a6,0,0,0,,,0,0,0,no_overlap
improve-d31649363046bca7,0,0,0,,,0,0,0,no_overlap
improve-c7004c1be7ed910c,0,0,0,,,0,0,0,no_overlap
improve-0f6c93d529c68c5d,0,0,0,,,0,0,0,no_overlap
improve-12d09f1fb4565f8a,0,0,0,,,0,0,0,no_overlap
improve-6f8511f01c61f5fa,0,0,0,,,0,0,0,no_overlap
improve-50cc17a095b9c5e9,0,0,0,,,0,0,0,no_overlap
improve-78424485c989fa13,0,0,0,,,0,0,0,no_overlap
improve-a933fc3136e079b7,0,0,0,,,0,0,0,no_overlap
improve-1f27a9a3ff17430e,0,0,0,,,0,0,0,no_overlap
improve-e361d98fc088864f,0,0,0,,,0,0,0,no_overlap
improve-a06af027a3176307,0,0,0,,,0,0,0,no_overlap
improve-818c173b2e552d03,0,0,0,,,0,0,0,no_overlap
improve-3a9c81d6ec9b6cbd,0,0,0,,,0,0,0,no_overlap
improve-3d95b07a3218959e,0,0,0,,,0,0,0,no_overlap
improve-a4027286677e012e,0,0,0,,,0,0,0,no_overlap
improve-36a10156429bc499,0,0,0,,,0,0,0,no_overlap
improve-c7b4ff4321f577b5,0,0,0,,,0,0,0,no_overlap
improve-83eb7168cbf9f8a4,0,0,0,,,0,0,0,no_overlap
improve-ef90fff5947c1963,0,0,0,,,0,0,0,no_overlap
improve-f68b2ab7915fe025,0,0,0,,,0,0,0,no_overlap
improve-7cbceee8af2aa540,0,0,0,,,0,0,0,no_overlap
improve-b9965d4818cab8f1,0,0,0,,,0,0,0,no_overlap
improve-f9491bb7c0593d31,0,0,0,,,0,0,0,no_overlap
improve-58143902751d9f0f,0,0,0,,,0,0,0,no_overlap
improve-314646e29737ebe6,0,0,0,,,0,0,0,no_overlap
improve-fdd4fa83903967c8,0,0,0,,,0,0,0,no_overlap
improve-f92d49f50d325988,0,0,0,,,0,0,0,no_overlap
improve-b004080232608052,0,0,0,,,0,0,0,no_overlap
improve-20723728356eeba1,0,0,0,,,0,0,0,no_overlap
improve-a7339cf9f8a0a520,0,0,0,,,0,0,0,no_overlap
improve-dd1fca12e84ecd3c,0,0,0,,,0,0,0,no_overlap
improve-269e189ba20474d3,0,0,0,,,0,0,0,no_overlap
improve-b5ec27c1f7d80cbb,0,0,0,,,0,0,0,no_overlap
improve-41c27e36ee337666,0,0,0,,,0,0,0,no_overlap
improve-dd1110f1bc13c59a,0,0,0,,,0,0,0,no_overlap
improve-6de34043f3d59ba1,0,0,0,,,0,0,0,no_overlap
improve-3e3897cf5bca36b9,0,0,0,,,0,0,0,no_overlap
improve-455186c22ff29688,0,0,0,,,0,0,0,no_overlap
improve-d5b0b377ade043c3,0,0,0,,,0,0,0,no_overlap
improve-27c79be7e6ce5f89,0,0,0,,,0,0,0,no_overlap
improve-bf88dd61223790fc,0,0,0,,,0,0,0,no_overlap
improve-0f0b07dc59bee191,0,0,0,,,0,0,0,no_overlap
improve-63f65c7b2d61ff90,0,0,0,,,0,0,0,no_overlap
improve-1c77d5b5087c1281,0,0,0,,,0,0,0,no_overlap
improve-b2c953ac00dfeb2f,0,0,0,,,0,0,0,no_overlap
improve-f1d8a75102ce7cae,0,0,0,,,0,0,0,no_overlap
improve-ad48dfab027f8517,0,0,0,,,0,0,0,no_overlap
improve-be4d2dc8f72c9cdb,0,0,0,,,0,0,0,no_overlap
improve-88f2b27fc4c96566,0,0,0,,,0,0,0,no_overlap
improve-db86a40d720ecf78,0,0,0,,,0,0,0,no_overlap
improve-a39e3610a873a1fd,0,0,0,,,0,0,0,no_overlap
improve-fb1d55b2757071f3,0,0,0,,,0,0,0,no_overlap
improve-ce20dcddecd75f31,0,0,0,,,0,0,0,no_overlap
improve-87fd7516915afe8c,0,0,0,,,0,0,0,no_overlap
improve-99d56ceab2fe6e3f,0,0,0,,,0,0,0,no_overlap
improve-da360d9d5a2b53a8,0,0,0,,,0,0,0,no_overlap
improve-a19104ea4d1a7d42,0,0,0,,,0,0,0,no_overlap
improve-9bfab5a07993cea6,0,0,0,,,0,0,0,no_overlap
improve-0fe3a3f0f3f8eb99,0,0,0,,,0,0,0,no_overlap
improve-2ac78032250c275c,0,0,0,,,0,0,0,no_overlap
improve-5f17785500d0360a,0,0,0,,,0,0,0,no_overlap
improve-d4e8ce6f4da88c37,0,0,0,,,0,0,0,no_overlap
improve-2be56f2b430f94f8,0,0,0,,,0,0,0,no_overlap
improve-f231aa5f08c0d67b,0,0,0,,,0,0,0,no_overlap
improve-2007f390622cf566,0,0,0,,,0,0,0,no_overlap
improve-b3d25744bb978139,0,0,0,,,0,0,0,no_overlap
improve-1c7e46c21b3b0e5a,0,0,0,,,0,0,0,no_overlap
improve-32ecd2089c9d4faa,0,0,0,,,0,0,0,no_overlap
improve-44f7cb0219b58a83,0,0,0,,,0,0,0,no_overlap
improve-1021490c9d1d0f85,0,0,0,,,0,0,0,no_overlap
improve-114e590451706a65,0,0,0,,,0,0,0,no_overlap
improve-89199f44ced366f8,0,0,0,,,0,0,0,no_overlap
improve-815e5144ad976caf,0,0,0,,,0,0,0,no_overlap
improve-33bfbe5c9f3e055f,0,0,0,,,0,0,0,no_overlap
improve-03c688dcb26429c0,0,0,0,,,0,0,0,no_overlap
improve-33bb10bcd40a7193,0,0,0,,,0,0,0,no_overlap
improve-4432be4c71eea1c3,0,0,0,,,0,0,0,no_overlap
improve-e5ed2c9c4474f856,0,0,0,,,0,0,0,no_overlap
improve-7347ac2cab7bfc7e,0,0,0,,,0,0,0,no_overlap
improve-41f820905e86c669,0,0,0,,,0,0,0,no_overlap
improve-7fc2b90119d946d3,0,0,0,,,0,0,0,no_overlap
improve-abfd416456c0e2ba,0,0,0,,,0,0,0,no_overlap
improve-e2e68e6ca9f846e3,0,0,0,,,0,0,0,no_overlap
improve-aba84b42f8c7dc30,0,0,0,,,0,0,0,no_overlap
improve-f0249ec6786e7cc0,0,0,0,,,0,0,0,no_overlap
improve-2167fdaad6cedc3f,0,0,0,,,0,0,0,no_overlap
improve-5b16770a9feb0c59,0,0,0,,,0,0,0,no_overlap
improve-05b2743416307aca,0,0,0,,,0,0,0,no_overlap
improve-89fd15187293df5a,0,0,0,,,0,0,0,no_overlap
improve-534c995da0e6814d,0,0,0,,,0,0,0,no_overlap
improve-f778160a25f92402,0,0,0,,,0,0,0,no_overlap
improve-0df015b8dcd7fcc1,0,0,0,,,0,0,0,no_overlap
improve-03649a8f20fd9cee,0,0,0,,,0,0,0,no_overlap
improve-bb3830ccd257e3d2,0,0,0,,,0,0,0,no_overlap
improve-3ead013d049203e0,0,0,0,,,0,0,0,no_overlap
improve-27920110edc1e7fc,0,0,0,,,0,0,0,no_overlap
improve-93ab4e469b103be2,0,0,0,,,0,0,0,no_overlap
improve-087dc4c6afd847c4,0,0,0,,,0,0,0,no_overlap
improve-5e5f0fc41d23eb72,0,0,0,,,0,0,0,no_overlap
improve-cd22ccb4fe5eff2e,0,0,0,,,0,0,0,no_overlap
improve-9306184ac4ed683b,0,0,0,,,0,0,0,no_overlap
improve-b76c26c3104f9d13,0,0,0,,,0,0,0,no_overlap
improve-2cbbb5d5684c8fd0,0,0,0,,,0,0,0,no_overlap
improve-e7a809739f379e8f,0,0,0,,,0,0,0,no_overlap
improve-ef0ee71773fa8e6b,0,0,0,,,0,0,0,no_overlap
improve-546a86ee7ec16549,0,0,0,,,0,0,0,no_overlap
improve-8a47ebba4dc7aa7a,0,0,0,,,0,0,0,no_overlap
improve-c10c2a5f7afb5abc,0,0,0,,,0,0,0,no_overlap
improve-315ad17672545b4a,0,0,0,,,0,0,0,no_overlap
improve-24221d471ba9c526,0,0,0,,,0,0,0,no_overlap
improve-4f9b55ba712cf311,0,0,0,,,0,0,0,no_overlap
improve-feb666436927b775,0,0,0,,,0,0,0,no_overlap
improve-1385fff98c997c63,0,0,0,,,0,0,0,no_overlap
improve-e2f4832c319a8965,0,0,0,,,0,0,0,no_overlap
improve-fafec50faaa72b60,0,0,0,,,0,0,0,no_overlap
improve-c2edcc4176a7757f,0,0,0,,,0,0,0,no_overlap
improve-e3300f1ad938c7eb,0,0,0,,,0,0,0,no_overlap
improve-2bddd9034d7b948c,0,0,0,,,0,0,0,no_overlap
improve-83a6f43aebca1a50,0,0,0,,,0,0,0,no_overlap
improve-47f0ad22165180de,0,0,0,,,0,0,0,no_overlap
improve-e3320912833015b3,0,0,0,,,0,0,0,no_overlap
improve-d2ccb51a2a31a073,0,0,0,,,0,0,0,no_overlap
improve-f6ccd5c17148367e,0,0,0,,,0,0,0,no_overlap
improve-d0040f6c1b72ccf0,0,0,0,,,0,0,0,no_overlap
improve-2817c1a6e9105942,0,0,0,,,0,0,0,no_overlap
improve-a75b22fccda837b9,0,0,0,,,0,0,0,no_overlap
improve-7c83ca9bd4e372cb,0,0,0,,,0,0,0,no_overlap
improve-cf9e0fddde5d06e9,0,0,0,,,0,0,0,no_overlap
improve-044a7a7f276fbd5b,0,0,0,,,0,0,0,no_overlap
improve-97b4f8f317ec82a8,0,0,0,,,0,0,0,no_overlap
improve-ef5a0116cce52d5d,0,0,0,,,0,0,0,no_overlap
improve-8f6a67ba6f4edae3,0,0,0,,,0,0,0,no_overlap
improve-c03199fdd11ad0a8,0,0,0,,,0,0,0,no_overlap
improve-b7e5a1aa66ab8e80,0,0,0,,,0,0,0,no_overlap
improve-967f35a4b325d779,0,0,0,,,0,0,0,no_overlap
improve-f6672f33cdb042cb,0,0,0,,,0,0,0,no_overlap
improve-e8ff03b41b235a59,0,0,0,,,0,0,0,no_overlap
improve-e0232281a86499d1,0,0,0,,,0,0,0,no_overlap
improve-0935b6205574b1d3,0,0,0,,,0,0,0,no_overlap
improve-2473602185dae440,0,0,0,,,0,0,0,no_overlap
improve-dc6ef7e21bf1b52b,0,0,0,,,0,0,0,no_overlap
improve-ad2c667888d2c62a,0,0,0,,,0,0,0,no_overlap
improve-e01ae6d4ae105411,0,0,0,,,0,0,0,no_overlap
improve-531b10cdb62dad03,0,0,0,,,0,0,0,no_overlap
improve-f4a0c0ecb0155e31,0,0,0,,,0,0,0,no_overlap
improve-ae60f3328d26d2aa,0,0,0,,,0,0,0,no_overlap
improve-cf6ec242ddfae0e0,0,0,0,,,0,0,0,no_overlap
improve-dda826172d1e1f4e,0,0,0,,,0,0,0,no_overlap
improve-3ea7e7c8eb1f9e76,0,0,0,,,0,0,0,no_overlap
improve-ce8b98921c697ab9,0,0,0,,,0,0,0,no_overlap
improve-f707552a1bf9eba9,0,0,0,,,0,0,0,no_overlap
improve-df2d5cd5cbab25c6,1,0,0,,,0,0,0,no_overlap
improve-a2af7f7cac97c41e,0,0,0,,,0,0,0,no_overlap
improve-4dd1cce0f25b8671,0,0,0,,,0,0,0,no_overlap
improve-47944e3ba1651a5a,0,0,0,,,0,0,0,no_overlap
improve-b23c4c5c92955c01,0,0,0,,,0,0,0,no_overlap
improve-2292613c2ba0ed0e,0,0,0,,,0,0,0,no_overlap
improve-740eb57274a2e49f,0,0,0,,,0,0,0,no_overlap
improve-1ffb379b39c283d7,0,0,0,,,0,0,0,no_overlap
improve-1a545c7b78a96405,0,0,0,,,0,0,0,no_overlap
improve-6131fb380aed521d,0,0,0,,,0,0,0,no_overlap
improve-2fb962b4cbfad754,0,0,0,,,0,0,0,no_overlap
improve-4a8d6ed64a469e1b,0,0,0,,,0,0,0,no_overlap
improve-b74559b134c1ace8,0,0,0,,,0,0,0,no_overlap
improve-6331820b4a54dfc1,0,0,0,,,0,0,0,no_overlap
improve-d1fadf6ec28d673b,0,0,0,,,0,0,0,no_overlap
improve-5ac32b2df99f37c6,0,0,0,,,0,0,0,no_overlap
improve-dbf22da1e2150993,0,0,0,,,0,0,0,no_overlap
improve-e3162f1278bfa23c,0,0,0,,,0,0,0,no_overlap
improve-fda572c88415daa4,0,0,0,,,0,0,0,no_overlap
improve-1a5c532ebee6c426,0,0,0,,,0,0,0,no_overlap
improve-efd632a61819ed6e,0,0,0,,,0,0,0,no_overlap
improve-ab819ed1bf2ebf73,0,0,0,,,0,0,0,no_overlap
improve-bf4c9cd770507eea,0,0,0,,,0,0,0,no_overlap
improve-0126ef02a99ef509,0,0,0,,,0,0,0,no_overlap
improve-40e3664ccc927d73,0,0,0,,,0,0,0,no_overlap
improve-8003898b9ce09ae4,0,0,0,,,0,0,0,no_overlap
improve-8a319e50c63818f9,0,0,0,,,0,0,0,no_overlap
improve-63ac7e5b8be02d7b,0,0,0,,,0,0,0,no_overlap
improve-c5a9e64883cdd2c9,0,0,0,,,0,0,0,no_overlap
improve-273fd5752a38cac9,0,0,0,,,0,0,0,no_overlap
improve-f43770729493cf43,0,0,0,,,0,0,0,no_overlap
improve-512bbde599f9cce2,0,0,0,,,0,0,0,no_overlap
improve-b6d8ac668e1877c5,1,0,0,,,0,0,0,no_overlap
improve-7af3f59e8671c218,0,0,0,,,0,0,0,no_overlap
improve-f48d219ad9b4515f,0,0,0,,,0,0,0,no_overlap
improve-f3280671fb0c1022,0,0,0,,,0,0,0,no_overlap
improve-4cd171c77fd948c5,0,0,0,,,0,0,0,no_overlap
improve-d58ff76270a86e96,0,0,0,,,0,0,0,no_overlap
improve-65e326bab4ea4a1c,0,0,0,,,0,0,0,no_overlap
improve-35830b6977525c67,0,0,0,,,0,0,0,no_overlap
improve-1bf751d5205beb50,0,0,0,,,0,0,0,no_overlap
improve-7768b72be71a726f,0,0,0,,,0,0,0,no_overlap
improve-6555ee991bd6995d,0,0,0,,,0,0,0,no_overlap
improve-b9a97e8fca355c4e,0,0,0,,,0,0,0,no_overlap
improve-318c08ee83b2989f,0,0,0,,,0,0,0,no_overlap
improve-8b6d5647fd969aba,0,0,0,,,0,0,0,no_overlap
improve-687661ab52b4d583,0,0,0,,,0,0,0,no_overlap
improve-c2383a0ffa429288,0,0,0,,,0,0,0,no_overlap
improve-c0611d41d3df4fac,0,0,0,,,0,0,0,no_overlap
improve-d9825a7aa8ba07b3,0,0,0,,,0,0,0,no_overlap
improve-7746a4fffea1a3b7,0,0,0,,,0,0,0,no_overlap
improve-999519b63fdbb1d5,0,0,0,,,0,0,0,no_overlap
improve-762c574bc06cd6ea,0,0,0,,,0,0,0,no_overlap
improve-454e82722209c424,0,0,0,,,0,0,0,no_overlap
improve-ab13df893f133fe1,0,0,0,,,0,0,0,no_overlap
improve-a20011127913ad5d,0,0,0,,,0,0,0,no_overlap
improve-788382fc2825ca54,0,0,0,,,0,0,0,no_overlap
improve-58090576290f3259,0,0,0,,,0,0,0,no_overlap
improve-199c84bccae70b02,0,0,0,,,0,0,0,no_overlap
improve-cc389241450e94f0,0,0,0,,,0,0,0,no_overlap
improve-7d7957b3b75b848f,0,0,0,,,0,0,0,no_overlap
improve-06e6800d9e38106c,0,0,0,,,0,0,0,no_overlap
improve-4f6e91a56d36a50c,0,0,0,,,0,0,0,no_overlap
improve-8ef0ae63fd51c929,0,0,0,,,0,0,0,no_overlap
improve-32a55a5a19be5eec,0,0,0,,,0,0,0,no_overlap
improve-d4867d83ef4aea11,0,0,0,,,0,0,0,no_overlap
improve-2a126fc8dcf5f97d,0,0,0,,,0,0,0,no_overlap
improve-3cf9b792ac52541f,0,0,0,,,0,0,0,no_overlap
improve-67dfa85a13fded29,0,0,0,,,0,0,0,no_overlap
improve-19020d83142cb5fa,0,0,0,,,0,0,0,no_overlap
improve-4de2e2cc04b06761,0,0,0,,,0,0,0,no_overlap
improve-aa1fb32e9cc5c94d,0,0,0,,,0,0,0,no_overlap
improve-576bc8af4c556668,0,0,0,,,0,0,0,no_overlap
improve-0ad868746049eb1a,0,0,0,,,0,0,0,no_overlap
improve-719cc99e05d4534c,0,0,0,,,0,0,0,no_overlap
improve-27b3ebdfd00cf75a,0,0,0,,,0,0,0,no_overlap
improve-71b375065b825c0d,0,0,0,,,0,0,0,no_overlap
improve-72450a898550a71b,0,0,0,,,0,0,0,no_overlap
improve-6adea335a09a91d9,0,0,0,,,0,0,0,no_overlap
improve-7cfde05e6c962723,0,0,0,,,0,0,0,no_overlap
improve-552d56445e3fb580,0,0,0,,,0,0,0,no_overlap
improve-d0d9de70d7487feb,0,0,0,,,0,0,0,no_overlap
improve-c55bb62e069b53cf,0,0,0,,,0,0,0,no_overlap
improve-e4afb5a6cb0c4dbf,0,0,0,,,0,0,0,no_overlap
improve-a9e387b6ecbfc716,0,0,0,,,0,0,0,no_overlap
improve-90619c22b5a6bbb2,0,0,0,,,0,0,0,no_overlap
improve-cb6e83c9bb94b70d,0,0,0,,,0,0,0,no_overlap
improve-ac4c8607ed9b4fb6,0,0,0,,,0,0,0,no_overlap
improve-12002b5e921052f7,0,0,0,,,0,0,0,no_overlap
improve-df1f62a790de6dbb,0,0,0,,,0,0,0,no_overlap
improve-0f5b4471c820f1d5,0,0,0,,,0,0,0,no_overlap
improve-22391da7d710b658,0,0,0,,,0,0,0,no_overlap
improve-97393846f38fcdde,0,0,0,,,0,0,0,no_overlap
improve-1df146aa00d63c0f,0,0,0,,,0,0,0,no_overlap
improve-8fc3ee0fc50b8a58,0,0,0,,,0,0,0,no_overlap
improve-c42732852e9b2b60,0,0,0,,,0,0,0,no_overlap
improve-a744182c1209cac8,0,0,0,,,0,0,0,no_overlap
improve-45d9db1bb7147d10,0,0,0,,,0,0,0,no_overlap
improve-fe4aeabdc287d4fb,0,0,0,,,0,0,0,no_overlap
improve-ca23791425476a12,0,0,0,,,0,0,0,no_overlap
improve-19037597f3279624,0,0,0,,,0,0,0,no_overlap
improve-4b6bdd4f61b0df56,0,0,0,,,0,0,0,no_overlap
improve-35e15c2279eb1cc6,0,0,0,,,0,0,0,no_overlap
improve-0d64d4d4365c6e72,0,0,0,,,0,0,0,no_overlap
improve-f1c6e7ea298c0b16,0,0,0,,,0,0,0,no_overlap
improve-0253a3adc861ce51,0,0,0,,,0,0,0,no_overlap
improve-57e1df7acae65bcf,0,0,0,,,0,0,0,no_overlap
improve-79ebb0cf33f5a898,0,0,0,,,0,0,0,no_overlap
improve-ecfe0f9199630073,0,0,0,,,0,0,0,no_overlap
improve-0b16bf42b44ae031,0,0,0,,,0,0,0,no_overlap
improve-aac04aa5e5a16c6c,0,0,0,,,0,0,0,no_overlap
improve-9f391b1293945ffa,0,0,0,,,0,0,0,no_overlap
improve-b3564437e0863918,0,0,0,,,0,0,0,no_overlap
improve-976999dde18b435b,0,0,0,,,0,0,0,no_overlap
improve-eaf818d1687c2145,0,0,0,,,0,0,0,no_overlap
improve-4cc4c120ee42aaad,0,0,0,,,0,0,0,no_overlap
improve-cacef88437f317ad,0,0,0,,,0,0,0,no_overlap
improve-d9708f9bff9cf558,0,0,0,,,0,0,0,no_overlap
improve-ede7546905a3eadf,0,0,0,,,0,0,0,no_overlap
improve-4289992032a2563c,0,0,0,,,0,0,0,no_overlap
improve-b089c80a3af0cf46,0,0,0,,,0,0,0,no_overlap
improve-c7caf2a348c6407d,0,0,0,,,0,0,0,no_overlap
improve-a16a20f00d4ad533,0,0,0,,,0,0,0,no_overlap
improve-73780c855fc7fb8f,0,0,0,,,0,0,0,no_overlap
improve-c6be88d71ebd8342,0,0,0,,,0,0,0,no_overlap
improve-0df79f55617c5ad8,0,0,0,,,0,0,0,no_overlap
improve-324f40c6aa57aa51,0,0,0,,,0,0,0,no_overlap
improve-a44576ac47fad578,0,0,0,,,0,0,0,no_overlap
improve-03ec60fa7c065dff,0,0,0,,,0,0,0,no_overlap
improve-d41e150c25cef7e8,0,0,0,,,0,0,0,no_overlap
improve-1cacf665b1367ea9,0,0,0,,,0,0,0,no_overlap
improve-bb70c48ac0a04d74,0,0,0,,,0,0,0,no_overlap
improve-d8d1a1c05bc3b3b4,0,0,0,,,0,0,0,no_overlap
improve-35a206b3bfe840f4,0,0,0,,,0,0,0,no_overlap
improve-0a500e0060f76bc0,0,0,0,,,0,0,0,no_overlap
improve-c160597e7908414b,0,0,0,,,0,0,0,no_overlap
improve-e918eb0b3f9341bd,0,0,0,,,0,0,0,no_overlap
improve-706fda11c8bd18ed,0,0,0,,,0,0,0,no_overlap
improve-57fab6fe183be8f4,0,0,0,,,0,0,0,no_overlap
improve-4295a0752c571db9,0,0,0,,,0,0,0,no_overlap
improve-a6dccc0dc3455810,0,0,0,,,0,0,0,no_overlap
improve-8eeb1b571490633a,0,0,0,,,0,0,0,no_overlap
improve-15239e3391cbecf3,0,0,0,,,0,0,0,no_overlap
improve-b4dfefd5f5024ff0,0,0,0,,,0,0,0,no_overlap
improve-e0d2fff8fdcc9cc2,0,0,0,,,0,0,0,no_overlap
improve-538e6c85d6b8de88,0,0,0,,,0,0,0,no_overlap
improve-cd2ee3e33d8f84be,0,0,0,,,0,0,0,no_overlap
improve-37f655bc46ac05e5,0,0,0,,,0,0,0,no_overlap
improve-75f5b75fa389543d,0,0,0,,,0,0,0,no_overlap
improve-5d1e664a4e2f21ea,0,0,0,,,0,0,0,no_overlap
improve-161aa09967aae208,0,0,0,,,0,0,0,no_overlap
improve-8d344fcf38e2eca6,0,0,0,,,0,0,0,no_overlap
improve-86a7aa317e564576,0,0,0,,,0,0,0,no_overlap
improve-f9f1536b15fe3d15,0,0,0,,,0,0,0,no_overlap
improve-248256b0b899b374,0,0,0,,,0,0,0,no_overlap
improve-cee0a36e6d46473e,0,0,0,,,0,0,0,no_overlap
improve-6d1a1946eb8ed0da,0,0,0,,,0,0,0,no_overlap
improve-6d8fc2c8dce0ce4d,0,0,0,,,0,0,0,no_overlap
improve-a063184caf4fe647,0,0,0,,,0,0,0,no_overlap
improve-1517f0bdedeff246,0,0,0,,,0,0,0,no_overlap
improve-e4ca4a3abce56e14,0,0,0,,,0,0,0,no_overlap
improve-e808456042b6fce6,0,0,0,,,0,0,0,no_overlap
improve-4a86beaf38d458ce,0,0,0,,,0,0,0,no_overlap
improve-6705f482a96c2715,0,0,0,,,0,0,0,no_overlap
improve-22acf4ccefac94c0,0,0,0,,,0,0,0,no_overlap
improve-c19e430584d2ab6b,0,0,0,,,0,0,0,no_overlap
improve-398f1a73291e4d5a,0,0,0,,,0,0,0,no_overlap
improve-51cecbff9f5f0c35,0,0,0,,,0,0,0,no_overlap
improve-15b603da0102dfa3,0,0,0,,,0,0,0,no_overlap
improve-68f7b7f92fb5e50b,0,0,0,,,0,0,0,no_overlap
improve-98f3c3c06a334d28,0,0,0,,,0,0,0,no_overlap
improve-64f9cfbb1e2fd6dc,0,0,0,,,0,0,0,no_overlap
improve-d745fde8c0567523,0,0,0,,,0,0,0,no_overlap
improve-00b1b8a42a493b45,0,0,0,,,0,0,0,no_overlap
improve-3e51c0d5cbce03c6,0,0,0,,,0,0,0,no_overlap
improve-fb6d56bb3b507264,0,0,0,,,0,0,0,no_overlap
improve-568df7f45701f4b2,0,0,0,,,0,0,0,no_overlap
improve-5e4be62c737f2c8d,0,0,0,,,0,0,0,no_overlap
improve-6bd1543eff5f11c6,0,0,0,,,0,0,0,no_overlap
improve-1453b1c025c2861a,0,0,0,,,0,0,0,no_overlap
improve-6f678656d3dd0250,0,0,0,,,0,0,0,no_overlap
improve-f6c2e9fa91b11d4a,0,0,0,,,0,0,0,no_overlap
improve-f7e764c32c0efda9,0,0,0,,,0,0,0,no_overlap
improve-5e96f2d3cf313030,0,0,0,,,0,0,0,no_overlap
improve-819e8ee3009042d9,0,0,0,,,0,0,0,no_overlap
improve-153e488a5478edd1,0,0,0,,,0,0,0,no_overlap
improve-1b187c55c1150234,0,0,0,,,0,0,0,no_overlap
improve-94f1e701e8d575cd,0,0,0,,,0,0,0,no_overlap
improve-d0988519d9d0bd95,0,0,0,,,0,0,0,no_overlap
improve-2ddda000667840eb,0,0,0,,,0,0,0,no_overlap
improve-4650949056bb09f6,0,0,0,,,0,0,0,no_overlap
improve-c84afb5539e7868c,0,0,0,,,0,0,0,no_overlap
improve-48d22bca376b15b5,0,0,0,,,0,0,0,no_overlap
improve-eb2abb124c7647f3,0,0,0,,,0,0,0,no_overlap
improve-c10d93d657dc9c9b,0,0,0,,,0,0,0,no_overlap
improve-443c25ca9e67f489,0,0,0,,,0,0,0,no_overlap
improve-78622abcbdcec8cd,0,0,0,,,0,0,0,no_overlap
improve-0bdebcdcea7ca334,0,0,0,,,0,0,0,no_overlap
improve-d212dee2c7ba0728,0,0,0,,,0,0,0,no_overlap
improve-39379b39110011d3,0,0,0,,,0,0,0,no_overlap
improve-297785ad65ae5ff9,0,0,0,,,0,0,0,no_overlap
improve-b840b72245f268ee,0,0,0,,,0,0,0,no_overlap
improve-13a19a28384b533e,0,0,0,,,0,0,0,no_overlap
improve-466623e2feebf502,0,0,0,,,0,0,0,no_overlap
improve-aee9893cc767a473,0,0,0,,,0,0,0,no_overlap
improve-ad8087d3b9d36958,0,0,0,,,0,0,0,no_overlap
improve-80352062cdefab2b,0,0,0,,,0,0,0,no_overlap
improve-934eded76e6ce2a9,0,0,0,,,0,0,0,no_overlap
improve-8aee0ad8557bbd0f,0,0,0,,,0,0,0,no_overlap
improve-f47ead7cf5d74285,0,0,0,,,0,0,0,no_overlap
improve-6ed9e40fcaa3064f,0,0,0,,,0,0,0,no_overlap
improve-cf5cb40303a6ce3b,0,0,0,,,0,0,0,no_overlap
improve-0767b8bde78a534f,0,0,0,,,0,0,0,no_overlap
improve-088e9da41e8f7d23,0,0,0,,,0,0,0,no_overlap
improve-4318433ac242078d,0,0,0,,,0,0,0,no_overlap
improve-9a9431cc917d796b,0,0,0,,,0,0,0,no_overlap
improve-3cf65d9bbefe05f1,0,0,0,,,0,0,0,no_overlap
improve-3ce3318dde69bef7,0,0,0,,,0,0,0,no_overlap
improve-a7946183643894d0,0,0,1,,,0,0,0,peptide_only_different_hla
improve-66e73e2777fe9f80,0,0,0,,,0,0,0,no_overlap
improve-2887f0beeaeac6e7,0,0,0,,,0,0,0,no_overlap
improve-cc00b116f62fa32a,0,0,0,,,0,0,0,no_overlap
improve-5bad0406ef93088b,0,0,0,,,0,0,0,no_overlap
improve-5fb1685922c89a86,0,0,0,,,0,0,0,no_overlap
improve-65bf6688778cb7d2,0,0,0,,,0,0,0,no_overlap
improve-e9b85e6047f49f47,0,0,0,,,0,0,0,no_overlap
improve-c91c0ffa53640df0,0,0,0,,,0,0,0,no_overlap
improve-65f6793ff87ab9ec,0,0,0,,,0,0,0,no_overlap
improve-65998b86cea6571c,0,0,0,,,0,0,0,no_overlap
improve-625f4332d54a5550,0,0,0,,,0,0,0,no_overlap
improve-c61a9e531e09f90a,0,0,0,,,0,0,0,no_overlap
improve-afca137527b34973,0,0,0,,,0,0,0,no_overlap
improve-b2bc76c60bee52ce,0,0,0,,,0,0,0,no_overlap
improve-053b3f0d2f3efa93,0,0,0,,,0,0,0,no_overlap
improve-727af7254789cc09,0,0,0,,,0,0,0,no_overlap
improve-67792e661ebadf33,0,0,0,,,0,0,0,no_overlap
improve-e26011b4345b8ffa,0,0,0,,,0,0,0,no_overlap
improve-32e104829d4d4094,0,0,0,,,0,0,0,no_overlap
improve-de8d574714f4fc2b,0,0,0,,,0,0,0,no_overlap
improve-3b8660860a422b13,0,0,0,,,0,0,0,no_overlap
improve-c9c5e0b7c80c1e78,0,0,0,,,0,0,0,no_overlap
improve-977d19020e65f650,0,0,0,,,0,0,0,no_overlap
improve-540684a4cc511847,0,0,0,,,0,0,0,no_overlap
improve-740568964f53a2db,0,0,0,,,0,0,0,no_overlap
improve-7780d00810238703,0,0,0,,,0,0,0,no_overlap
improve-e730ce456cffcbe5,0,0,0,,,0,0,0,no_overlap
improve-26a204d41f3417c9,0,0,0,,,0,0,0,no_overlap
improve-f81df9bd82d6d558,0,0,0,,,0,0,0,no_overlap
improve-266394773ab07cf9,0,0,0,,,0,0,0,no_overlap
improve-51af709cf87c55bb,0,0,0,,,0,0,0,no_overlap
improve-8619dca567c57bef,0,0,0,,,0,0,0,no_overlap
improve-f2c34dc62261869a,0,0,0,,,0,0,0,no_overlap
improve-c26c143bf66b4102,0,0,0,,,0,0,0,no_overlap
improve-71fec7494d7bbc32,0,0,0,,,0,0,0,no_overlap
improve-78602166f0c7982f,0,0,0,,,0,0,0,no_overlap
improve-758277353c09e56d,0,0,0,,,0,0,0,no_overlap
improve-90d0583d917c66be,0,0,0,,,0,0,0,no_overlap
improve-b3fb8c605d928de5,0,0,0,,,0,0,0,no_overlap
improve-cdb72eb27cdc1e60,0,0,0,,,0,0,0,no_overlap
improve-e6376540e2be8cb2,0,0,0,,,0,0,0,no_overlap
improve-2bc44c07f40033b7,0,0,0,,,0,0,0,no_overlap
improve-2212a2b823787072,0,0,0,,,0,0,0,no_overlap
improve-c3bc4b9bc3dbda87,0,0,0,,,0,0,0,no_overlap
improve-635835eb73d5192c,0,0,0,,,0,0,0,no_overlap
improve-0112a5d012311bb4,0,0,0,,,0,0,0,no_overlap
improve-7afde19127e5d7fd,0,0,0,,,0,0,0,no_overlap
improve-c1151aa61d57dd36,0,0,0,,,0,0,0,no_overlap
improve-fe9b9e73330021db,0,0,0,,,0,0,0,no_overlap
improve-b2a62949053b6de8,0,0,0,,,0,0,0,no_overlap
improve-6d868620cd84556c,0,0,0,,,0,0,0,no_overlap
improve-dc8c34477dbbbb9d,0,0,0,,,0,0,0,no_overlap
improve-600c710bf5d1072a,0,0,0,,,0,0,0,no_overlap
improve-9914753aa2f85078,0,0,0,,,0,0,0,no_overlap
improve-7258e72803d256d1,0,0,0,,,0,0,0,no_overlap
improve-37d5680f61c21a83,0,0,0,,,0,0,0,no_overlap
improve-71ef8b587df53dbb,0,0,0,,,0,0,0,no_overlap
improve-d8adddff2411a8b9,0,0,0,,,0,0,0,no_overlap
improve-de85db6443358dc4,0,0,0,,,0,0,0,no_overlap
improve-c85782125af7f3dc,0,0,0,,,0,0,0,no_overlap
improve-27e456cfb05c6d1a,0,0,0,,,0,0,0,no_overlap
improve-d768e5676f69a6ea,0,0,0,,,0,0,0,no_overlap
improve-a90a285d65b1b4da,0,0,0,,,0,0,0,no_overlap
improve-5e3a8ca9b963d52e,0,0,0,,,0,0,0,no_overlap
improve-a27ff2803f9366e3,0,0,0,,,0,0,0,no_overlap
improve-c7029f837ccfa54b,0,0,0,,,0,0,0,no_overlap
improve-386c0af1a6065796,0,0,0,,,0,0,0,no_overlap
improve-10e4ba7a0b228507,0,0,0,,,0,0,0,no_overlap
improve-33a8b75dfdbcc05e,0,0,0,,,0,0,0,no_overlap
improve-2460bfd97ad0cdd3,0,0,0,,,0,0,0,no_overlap
improve-ee1143cfb4147dcf,0,0,0,,,0,0,0,no_overlap
improve-4104a73dfa1ec23f,0,0,0,,,0,0,0,no_overlap
improve-61abe4d58f2d1d4b,0,0,0,,,0,0,0,no_overlap
improve-07bc4089add43baa,0,0,0,,,0,0,0,no_overlap
improve-fc99f1022579705e,0,0,0,,,0,0,0,no_overlap
improve-ff0cc617cc9cd8b1,0,0,0,,,0,0,0,no_overlap
improve-8ac9d5658b685902,0,0,0,,,0,0,0,no_overlap
improve-1686f9d757f670b8,0,0,0,,,0,0,0,no_overlap
improve-a787dfbb3552e4ef,0,0,0,,,0,0,0,no_overlap
improve-df195afc030a2e2d,0,0,0,,,0,0,0,no_overlap
improve-be8e3c44bc5eda94,0,0,0,,,0,0,0,no_overlap
improve-c3f31642e8fed28a,0,0,0,,,0,0,0,no_overlap
improve-2b94c0c5007edd34,0,0,0,,,0,0,0,no_overlap
improve-09ae0c2bf312ecfc,0,0,0,,,0,0,0,no_overlap
improve-be6d52bf32b25a77,0,0,0,,,0,0,0,no_overlap
improve-a686ca4d13dc8a0a,0,0,0,,,0,0,0,no_overlap
improve-ef48943e758b6f37,0,0,0,,,0,0,0,no_overlap
improve-be4004728edd3de4,0,0,0,,,0,0,0,no_overlap
improve-cab721d68c85c05e,0,0,0,,,0,0,0,no_overlap
improve-01631a35a35f29c3,0,0,0,,,0,0,0,no_overlap
improve-815577a34748cd77,0,0,0,,,0,0,0,no_overlap
improve-ca388401fbfa5a91,0,0,0,,,0,0,0,no_overlap
improve-2e226b11cff7e60b,0,0,0,,,0,0,0,no_overlap
improve-cbc6de7f6636ca7c,0,0,0,,,0,0,0,no_overlap
improve-7c999cfaf1ac3233,0,0,0,,,0,0,0,no_overlap
improve-3e462ef7ab5162cc,0,0,0,,,0,0,0,no_overlap
improve-5d087f6979ba90e6,0,0,0,,,0,0,0,no_overlap
improve-8805c4635fea99f0,0,0,0,,,0,0,0,no_overlap
improve-457c70b6114ea441,0,0,0,,,0,0,0,no_overlap
improve-a82ca6d38f4dc1f5,0,0,0,,,0,0,0,no_overlap
improve-79ebb08ab4ee6961,0,0,0,,,0,0,0,no_overlap
improve-088efa9d32c95ad7,0,0,0,,,0,0,0,no_overlap
improve-d4822e0693079f14,0,0,0,,,0,0,0,no_overlap
improve-8e102d2dc56fb359,0,0,0,,,0,0,0,no_overlap
improve-30aa8f20c4e93129,0,0,0,,,0,0,0,no_overlap
improve-8aa5d7dfe77913df,0,0,0,,,0,0,0,no_overlap
improve-716c6cc93b32688a,0,0,0,,,0,0,0,no_overlap
improve-339b78b9812f0d01,0,0,0,,,0,0,0,no_overlap
improve-f7b87bbd362b486b,0,0,0,,,0,0,0,no_overlap
improve-c16894a742dad315,0,0,0,,,0,0,0,no_overlap
improve-9505827c397fcbb9,0,0,0,,,0,0,0,no_overlap
improve-458ba43bd13e8216,0,0,0,,,0,0,0,no_overlap
improve-fe137fdeca934a2e,0,0,0,,,0,0,0,no_overlap
improve-7967cf0c6aa6d21c,0,0,0,,,0,0,0,no_overlap
improve-0a5c34f0e672c986,1,0,0,,,0,0,0,no_overlap
improve-0c2341aee4b3a239,0,0,0,,,0,0,0,no_overlap
improve-70a5ca7911f935b5,0,0,0,,,0,0,0,no_overlap
improve-c886d255b65e53b2,0,0,0,,,0,0,0,no_overlap
improve-80ab584adc8b3c0e,1,0,0,,,0,0,0,no_overlap
improve-879f02155ffb57ab,1,0,0,,,0,0,0,no_overlap
improve-7bc548b150c8f2b6,0,0,0,,,0,0,0,no_overlap
improve-bf15577c9de90dde,0,0,0,,,0,0,0,no_overlap
improve-277d7033ee4e1f01,0,0,0,,,0,0,0,no_overlap
improve-2bbfedc160a7108a,0,0,0,,,0,0,0,no_overlap
improve-1258ff24dd647c73,0,0,0,,,0,0,0,no_overlap
improve-7505586f35bda2a6,0,0,0,,,0,0,0,no_overlap
improve-07f21a103bbc4709,0,0,0,,,0,0,0,no_overlap
improve-fdbcaf9f3d2fe5f7,0,0,0,,,0,0,0,no_overlap
improve-d71e815e72002041,0,0,0,,,0,0,0,no_overlap
improve-f2b7289ff7cea57a,0,0,0,,,0,0,0,no_overlap
improve-86de07544e93b384,1,0,0,,,0,0,0,no_overlap
improve-5479091010df3f30,0,0,0,,,0,0,0,no_overlap
improve-a2fda84b94da94e6,0,0,0,,,0,0,0,no_overlap
improve-915ad631d49555be,0,0,0,,,0,0,0,no_overlap
improve-0ba0c8ccef556183,0,0,0,,,0,0,0,no_overlap
improve-7e7520651d28bcec,0,0,0,,,0,0,0,no_overlap
improve-22e99c65b283d824,0,0,0,,,0,0,0,no_overlap
improve-86a8ec35c7c80cb4,0,0,0,,,0,0,0,no_overlap
improve-fdca0bf9abe1b8ec,1,0,0,,,0,0,0,no_overlap
improve-d204121d856ad4ec,0,0,0,,,0,0,0,no_overlap
improve-9f9f4f43a98cde90,0,0,0,,,0,0,0,no_overlap
improve-69b61b0941eddcf1,0,0,0,,,0,0,0,no_overlap
improve-4bf86010eef4f68f,0,0,0,,,0,0,0,no_overlap
improve-4491e44deb3336da,0,0,0,,,0,0,0,no_overlap
improve-720cc4adcfb3bd64,0,0,0,,,0,0,0,no_overlap
improve-12db9308c77daa46,0,0,0,,,0,0,0,no_overlap
improve-0cffaef89085b027,0,0,0,,,0,0,0,no_overlap
improve-ecef945149c3c41f,0,0,0,,,0,0,0,no_overlap
improve-66c8cea0ba986fe6,0,0,0,,,0,0,0,no_overlap
improve-4f0d5883347f33bc,0,0,0,,,0,0,0,no_overlap
improve-21b9328185534f41,0,0,0,,,0,0,0,no_overlap
improve-82b5af033956c2e5,0,0,0,,,0,0,0,no_overlap
improve-f8a492d21485e074,0,0,0,,,0,0,0,no_overlap
improve-974f37271982e057,0,0,0,,,0,0,0,no_overlap
improve-ae0b00572bbe00a3,0,0,0,,,0,0,0,no_overlap
improve-3d1364dda37ab2b0,0,0,0,,,0,0,0,no_overlap
improve-47c74f2942a2a9ea,0,0,0,,,0,0,0,no_overlap
improve-b0d8f81e8dc8acb5,0,0,0,,,0,0,0,no_overlap
improve-5fafdc110c01332e,0,0,0,,,0,0,0,no_overlap
improve-b59162e65cfaede7,0,0,0,,,0,0,0,no_overlap
improve-19056a248047f036,0,0,0,,,0,0,0,no_overlap
improve-0d748fa267e16b10,0,0,0,,,0,0,0,no_overlap
improve-7e61aa9cebfb0b65,0,0,0,,,0,0,0,no_overlap
improve-af9d81840b662db9,1,0,0,,,0,0,0,no_overlap
improve-1c5b264e70c6200b,0,0,0,,,0,0,0,no_overlap
improve-0d89d263fc25603e,0,0,0,,,0,0,0,no_overlap
improve-768e0a3450f5940a,0,0,0,,,0,0,0,no_overlap
improve-928a1f97b59ba764,0,0,0,,,0,0,0,no_overlap
improve-502996a05f4c7647,0,0,0,,,0,0,0,no_overlap
improve-c7b1789dc71c3d3b,0,0,0,,,0,0,0,no_overlap
improve-da768b8696af2e36,0,0,0,,,0,0,0,no_overlap
improve-1c1cb921688ea567,0,0,0,,,0,0,0,no_overlap
improve-c6f8eaf195480043,0,0,0,,,0,0,0,no_overlap
improve-b043749fd57995de,0,0,0,,,0,0,0,no_overlap
improve-5e7a37f115486d0c,0,0,0,,,0,0,0,no_overlap
improve-9de3d060a425151b,0,0,0,,,0,0,0,no_overlap
improve-744336ca22622896,0,0,0,,,0,0,0,no_overlap
improve-3886548dae212d5a,0,0,0,,,0,0,0,no_overlap
improve-30baee3b776cd259,0,0,0,,,0,0,0,no_overlap
improve-bad15ba249511e36,0,0,0,,,0,0,0,no_overlap
improve-7cacb5f06e420cd4,0,0,0,,,0,0,0,no_overlap
improve-6ca9b42dfdc4c907,0,0,0,,,0,0,0,no_overlap
improve-90b5979a496d06f4,0,0,0,,,0,0,0,no_overlap
improve-733a8ff82a11c0db,0,0,0,,,0,0,0,no_overlap
improve-c342ca2540adfd30,0,0,0,,,0,0,0,no_overlap
improve-c30c97539796c970,0,0,0,,,0,0,0,no_overlap
improve-6b8e579c891318a8,0,0,0,,,0,0,0,no_overlap
improve-c18b9e7197a3ecdb,0,0,0,,,0,0,0,no_overlap
improve-e12e5b48d9eaba05,1,0,0,,,0,0,0,no_overlap
improve-573a6e5a06316afb,0,0,0,,,0,0,0,no_overlap
improve-18352617759c099a,0,0,0,,,0,0,0,no_overlap
improve-d37e14f3ebf45732,0,0,0,,,0,0,0,no_overlap
improve-e144010bc2315e90,0,0,0,,,0,0,0,no_overlap
improve-a44bbbc2356723be,0,0,0,,,0,0,0,no_overlap
improve-54b4d3699ffbf9d2,0,0,0,,,0,0,0,no_overlap
improve-101ddbad0078cf11,0,0,0,,,0,0,0,no_overlap
improve-d798a117b335868a,0,0,0,,,0,0,0,no_overlap
improve-061de13dbbe745f0,0,0,0,,,0,0,0,no_overlap
improve-8b42628c843fde2d,0,0,0,,,0,0,0,no_overlap
improve-798808a294d9b59f,0,0,0,,,0,0,0,no_overlap
improve-8384c4e5d86ca85f,0,0,0,,,0,0,0,no_overlap
improve-58903197e8327f7b,0,1,1,0;1,0,1,1,2,exact_label_conflict
improve-4fde619d3e484826,0,0,0,,,0,0,0,no_overlap
improve-0400ccb0be697dfa,0,0,0,,,0,0,0,no_overlap
improve-a642bd7424df8da6,0,0,0,,,0,0,0,no_overlap
improve-054d0621ce0d765f,0,0,0,,,0,0,0,no_overlap
improve-57f7c00268709bff,0,0,0,,,0,0,0,no_overlap
improve-ef9e1ce1719c9bd9,0,0,0,,,0,0,0,no_overlap
improve-71bb438b9229d770,0,0,0,,,0,0,0,no_overlap
improve-2bb3f642cf2bfd23,1,0,0,,,0,0,0,no_overlap
improve-b1bd796bc8ee68c8,0,0,0,,,0,0,0,no_overlap
improve-6880fd4d48e2288b,1,0,0,,,0,0,0,no_overlap
improve-3cbb1fa22edce0c2,0,0,0,,,0,0,0,no_overlap
improve-f5c414e462e8206c,0,0,0,,,0,0,0,no_overlap
improve-22ac8c838b43b270,0,0,0,,,0,0,0,no_overlap
improve-e3d102a6b93c8c78,0,0,0,,,0,0,0,no_overlap
improve-9c324f6dbcaa9e38,0,0,0,,,0,0,0,no_overlap
improve-70e9bf5751d2430c,0,0,0,,,0,0,0,no_overlap
improve-6b9c28d03e2e64a3,0,0,0,,,0,0,0,no_overlap
improve-bf3debc74d09357a,0,0,0,,,0,0,0,no_overlap
improve-66a7ea01a1fb51b6,0,0,0,,,0,0,0,no_overlap
improve-89429d1ff0f31ad3,0,0,0,,,0,0,0,no_overlap
improve-4556b44b162d6290,0,0,0,,,0,0,0,no_overlap
improve-832f311768be81cb,0,0,0,,,0,0,0,no_overlap
improve-b2f67bc32925a048,0,0,0,,,0,0,0,no_overlap
improve-802289ffcbd1731e,0,0,0,,,0,0,0,no_overlap
improve-1787c5047470fb45,0,0,0,,,0,0,0,no_overlap
improve-0d4657303b426585,0,0,0,,,0,0,0,no_overlap
improve-a30109205de400db,0,0,0,,,0,0,0,no_overlap
improve-3be0692f0d495294,0,0,0,,,0,0,0,no_overlap
improve-32bd5e15cadb112a,0,0,0,,,0,0,0,no_overlap
improve-51c8f7ff3b96e893,0,0,0,,,0,0,0,no_overlap
improve-004cee35fbc474cb,0,0,0,,,0,0,0,no_overlap
improve-e0159320d8204a0f,0,0,0,,,0,0,0,no_overlap
improve-352c4b07657b9f96,1,0,0,,,0,0,0,no_overlap
improve-1731615001f88a3f,1,0,0,,,0,0,0,no_overlap
improve-0e7e1e4ae198c846,1,0,0,,,0,0,0,no_overlap
improve-62793c28c564634e,0,0,0,,,0,0,0,no_overlap
improve-8b10919687351156,0,0,0,,,0,0,0,no_overlap
improve-65391f65a5653e6a,0,0,0,,,0,0,0,no_overlap
improve-a1bb47b0de284764,0,0,0,,,0,0,0,no_overlap
improve-8a32a95feb32e75f,0,0,0,,,0,0,0,no_overlap
improve-31390ea8b6a4e41b,0,0,0,,,0,0,0,no_overlap
improve-c89f2315239c323f,0,0,0,,,0,0,0,no_overlap
improve-7019f60942c965cf,0,0,0,,,0,0,0,no_overlap
improve-b89dc1b302808921,0,0,0,,,0,0,0,no_overlap
improve-09fab34a3090bc9d,0,0,0,,,0,0,0,no_overlap
improve-35e3ed4a4187c37b,0,0,0,,,0,0,0,no_overlap
improve-639a90d04e738433,0,0,0,,,0,0,0,no_overlap
improve-32f3f214139d8988,0,0,0,,,0,0,0,no_overlap
improve-0647f25188d27d68,0,0,0,,,0,0,0,no_overlap
improve-ec1826766deb691e,0,0,0,,,0,0,0,no_overlap
improve-01a2725eede350a2,0,0,0,,,0,0,0,no_overlap
improve-76f032a9f3a339cd,0,0,0,,,0,0,0,no_overlap
improve-3fc012b148c74bf4,1,0,0,,,0,0,0,no_overlap
improve-68d1fcffa5dd5026,0,0,0,,,0,0,0,no_overlap
improve-f1efc8e4e5676f3a,0,0,0,,,0,0,0,no_overlap
improve-fd1aeccca564a327,0,0,0,,,0,0,0,no_overlap
improve-e4758b621e63c985,0,0,0,,,0,0,0,no_overlap
improve-380f663c3647aff1,1,0,0,,,0,0,0,no_overlap
improve-142999eba496287c,0,0,0,,,0,0,0,no_overlap
improve-7137c37cca1b7592,0,0,0,,,0,0,0,no_overlap
improve-2264befc5c1a0504,0,0,0,,,0,0,0,no_overlap
improve-9753173ffc909459,0,0,0,,,0,0,0,no_overlap
improve-8f7f8b9a9f02045e,0,0,0,,,0,0,0,no_overlap
improve-4ad3193b3b1b3e5c,0,0,0,,,0,0,0,no_overlap
improve-b28a9a1c4724c15e,0,0,0,,,0,0,0,no_overlap
improve-714cbecaf7040425,0,0,0,,,0,0,0,no_overlap
improve-0503e652f1c104de,1,0,0,,,0,0,0,no_overlap
improve-2bcba0b696cea807,0,0,0,,,0,0,0,no_overlap
improve-434157eaef020ee3,0,0,0,,,0,0,0,no_overlap
improve-c9eea2bc448f1f59,0,0,0,,,0,0,0,no_overlap
improve-92b91c5c2d17ae49,0,0,0,,,0,0,0,no_overlap
improve-aff38a6ae3e9a3a1,0,0,0,,,0,0,0,no_overlap
improve-a5a32134e699fd8e,0,0,0,,,0,0,0,no_overlap
improve-e5628ff06499b2b9,0,0,0,,,0,0,0,no_overlap
improve-c98ef7cf091db90b,0,0,0,,,0,0,0,no_overlap
improve-0177ed94f1a60f02,0,0,0,,,0,0,0,no_overlap
improve-376805d7ef63868e,0,0,0,,,0,0,0,no_overlap
improve-d35e737d3c577cf7,0,0,0,,,0,0,0,no_overlap
improve-0c233e5f6d69bd87,0,0,0,,,0,0,0,no_overlap
improve-c2bfbd67aefdb20c,0,0,0,,,0,0,0,no_overlap
improve-dccdbc98c7e96b53,1,0,0,,,0,0,0,no_overlap
improve-8ca3342ab21fcacc,0,0,0,,,0,0,0,no_overlap
improve-08d54bb51a660aef,0,0,0,,,0,0,0,no_overlap
improve-ed506f2a3a1a031d,0,0,0,,,0,0,0,no_overlap
improve-2edd601648587460,0,0,0,,,0,0,0,no_overlap
improve-3fac29a2f1f51e81,0,0,0,,,0,0,0,no_overlap
improve-c0f2f08d3ee3799f,0,0,0,,,0,0,0,no_overlap
improve-37943ab60e588def,0,0,0,,,0,0,0,no_overlap
improve-e0c6cc6670466f06,0,0,0,,,0,0,0,no_overlap
improve-a1dcb3b50a674c95,0,0,0,,,0,0,0,no_overlap
improve-df6295f4402faa61,0,0,0,,,0,0,0,no_overlap
improve-c67970c433e36ebc,0,0,0,,,0,0,0,no_overlap
improve-da940e1724db18c1,0,0,0,,,0,0,0,no_overlap
improve-41357880512c0c3d,0,0,0,,,0,0,0,no_overlap
improve-82269542f168e897,0,0,0,,,0,0,0,no_overlap
improve-b0e0948b70978f5b,0,0,0,,,0,0,0,no_overlap
improve-5978c83f58aac7c6,0,0,0,,,0,0,0,no_overlap
improve-ffbc5d1af06956da,0,0,0,,,0,0,0,no_overlap
improve-4749cb583b71c0f0,0,0,0,,,0,0,0,no_overlap
improve-507aed6d74524e8f,0,0,0,,,0,0,0,no_overlap
improve-961a78a9b4b9b033,0,0,0,,,0,0,0,no_overlap
improve-5c6b711dca673950,0,0,0,,,0,0,0,no_overlap
improve-609a5b7138253848,0,0,0,,,0,0,0,no_overlap
improve-ecd78d1d3276c7c7,0,0,0,,,0,0,0,no_overlap
improve-365814924c632315,0,0,0,,,0,0,0,no_overlap
improve-47e63d1932a93fb0,1,0,0,,,0,0,0,no_overlap
improve-c59df1d31e3fbe46,0,0,0,,,0,0,0,no_overlap
improve-adb175c2a79b17be,0,0,0,,,0,0,0,no_overlap
improve-812660d798d9a6ce,0,0,0,,,0,0,0,no_overlap
improve-5c2979e58de03812,0,0,0,,,0,0,0,no_overlap
improve-ed88c65e554fe793,0,0,0,,,0,0,0,no_overlap
improve-14ed3cb533104ba9,0,0,0,,,0,0,0,no_overlap
improve-d494be79b0254a43,0,0,0,,,0,0,0,no_overlap
improve-9f5c1be150fa93de,0,0,0,,,0,0,0,no_overlap
improve-99f109f65250b966,0,0,0,,,0,0,0,no_overlap
improve-6799f5765b42f00f,0,0,0,,,0,0,0,no_overlap
improve-2321d7a0031ac649,0,0,0,,,0,0,0,no_overlap
improve-45a00e0d5acb7411,0,0,0,,,0,0,0,no_overlap
improve-07a47fd7bb9a7c29,0,0,0,,,0,0,0,no_overlap
improve-889e77255037bdaf,0,0,0,,,0,0,0,no_overlap
improve-7fd19a74f4a20708,0,0,0,,,0,0,0,no_overlap
improve-c767a8a3360e72ff,0,0,0,,,0,0,0,no_overlap
improve-b121cc906b700dcd,0,0,0,,,0,0,0,no_overlap
improve-220e4ed5f58436b4,0,0,0,,,0,0,0,no_overlap
improve-07beb38ac67cc1bc,0,0,0,,,0,0,0,no_overlap
improve-366f3fd26bc13328,0,0,0,,,0,0,0,no_overlap
improve-3dda495ab9080055,0,0,0,,,0,0,0,no_overlap
improve-d05b5abff6316041,0,0,0,,,0,0,0,no_overlap
improve-f55985df95473422,0,0,0,,,0,0,0,no_overlap
improve-e96ed67a1b5afddd,0,0,0,,,0,0,0,no_overlap
improve-0be65eab4a5162b6,0,0,0,,,0,0,0,no_overlap
improve-695794a15f10bbe1,0,0,0,,,0,0,0,no_overlap
improve-1074084034843676,0,0,0,,,0,0,0,no_overlap
improve-68f61bb165055ff9,0,0,0,,,0,0,0,no_overlap
improve-7f8b08b38c25b638,0,0,0,,,0,0,0,no_overlap
improve-13f943f1c8216adb,0,0,0,,,0,0,0,no_overlap
improve-33cb072bf738e303,0,0,0,,,0,0,0,no_overlap
improve-7ebfc7cdcdde9d3e,0,0,0,,,0,0,0,no_overlap
improve-0f48d06ee23552c6,0,0,0,,,0,0,0,no_overlap
improve-490b61ca9c874412,0,0,0,,,0,0,0,no_overlap
improve-72a5b20f9e1d0b6c,0,0,0,,,0,0,0,no_overlap
improve-2495565f57c05444,1,0,0,,,0,0,0,no_overlap
improve-aee497cc46ebda5c,1,0,0,,,0,0,0,no_overlap
improve-027609b526164c15,0,0,0,,,0,0,0,no_overlap
improve-d2446a526853a702,0,0,0,,,0,0,0,no_overlap
improve-1854be9a67fa2cf7,0,0,0,,,0,0,0,no_overlap
improve-20cf3d771635731b,0,0,0,,,0,0,0,no_overlap
improve-b416a5db542dc3b6,0,0,0,,,0,0,0,no_overlap
improve-2a1db563e0e8e09e,0,0,0,,,0,0,0,no_overlap
improve-2a321ec26561770c,0,0,0,,,0,0,0,no_overlap
improve-69de5635456b141e,0,0,0,,,0,0,0,no_overlap
improve-fb9eb1a1b1a444fb,0,0,0,,,0,0,0,no_overlap
improve-c9b7da05915cd664,0,0,0,,,0,0,0,no_overlap
improve-482f164226012616,0,0,0,,,0,0,0,no_overlap
improve-eb46166585fd7766,0,0,0,,,0,0,0,no_overlap
improve-d5af4e9290af0e72,0,0,0,,,0,0,0,no_overlap
improve-848b4d959abb7e99,0,0,0,,,0,0,0,no_overlap
improve-4d99cbfef19c0427,0,0,0,,,0,0,0,no_overlap
improve-be4da13f850ab1ae,0,0,0,,,0,0,0,no_overlap
improve-2554df8cbc9fe564,0,0,0,,,0,0,0,no_overlap
improve-c8b8ad40e351b7aa,1,0,0,,,0,1,1,no_overlap
improve-8ea08e4f52e17e33,0,0,0,,,0,0,0,no_overlap
improve-323d9af72dcd5d53,0,0,0,,,0,0,0,no_overlap
improve-f70545360a108aa3,0,0,0,,,0,0,0,no_overlap
improve-851f12ac7d19a29a,0,0,0,,,0,0,0,no_overlap
improve-77daf96663a9600e,0,0,0,,,0,0,0,no_overlap
improve-bdc3c742a519db93,1,0,0,,,0,0,0,no_overlap
improve-8d54104b9efe4b0c,0,0,0,,,0,0,0,no_overlap
improve-bb6556161873fae0,0,0,0,,,0,0,0,no_overlap
improve-e557dbb4712ad109,0,0,0,,,0,0,0,no_overlap
improve-ffdbdf284eff61fe,0,0,0,,,0,0,0,no_overlap
improve-5e8ce81a2b6f5718,0,0,0,,,0,0,0,no_overlap
improve-59119ff0cfbc1099,0,0,0,,,0,0,0,no_overlap
improve-98afda1fb54ed0d3,0,0,0,,,0,0,0,no_overlap
improve-c98f7530747ea685,0,0,0,,,0,0,0,no_overlap
improve-11a0c27064606b7b,0,0,0,,,0,0,0,no_overlap
improve-c04cebce50427b76,0,0,0,,,0,0,0,no_overlap
improve-0fe606431dfce798,0,0,0,,,0,0,0,no_overlap
improve-a08ef960c7d66b89,0,0,0,,,0,0,0,no_overlap
improve-34cd16681162db47,0,0,0,,,0,0,0,no_overlap
improve-00737c735af19abe,0,0,0,,,0,1,1,no_overlap
improve-fd540242e529db00,0,0,0,,,0,1,1,no_overlap
improve-714a5ff1c55330f2,0,0,0,,,0,0,0,no_overlap
improve-8def7dc6f3c6d302,0,0,0,,,0,0,0,no_overlap
improve-01c8caccc3fcd6a8,0,0,0,,,0,0,0,no_overlap
improve-996011ce9687ae49,0,0,0,,,0,0,0,no_overlap
improve-b593275384534281,0,0,0,,,0,0,0,no_overlap
improve-a9f1aa2d32e6d8f6,0,0,0,,,0,0,0,no_overlap
improve-5139f2b62615ac01,0,0,0,,,0,0,0,no_overlap
improve-22bd41dd93b0c544,0,0,0,,,0,0,0,no_overlap
improve-c104e07373c2a9ff,0,0,0,,,0,0,0,no_overlap
improve-96ef3999f7ca0cc0,0,0,0,,,0,0,0,no_overlap
improve-4dd97f17c6064d96,0,0,0,,,0,0,0,no_overlap
improve-9a6733fa64650e28,0,0,0,,,0,0,0,no_overlap
improve-770d6b0ba5b86a09,0,0,0,,,0,0,0,no_overlap
improve-821076a098c03df2,0,0,0,,,0,0,0,no_overlap
improve-c8ebd11a2544aa35,0,0,0,,,0,0,0,no_overlap
improve-7111689854e58519,0,0,0,,,0,0,0,no_overlap
improve-497c8d70a29c1297,0,0,0,,,0,0,0,no_overlap
improve-c68aef2d7ef88594,0,0,0,,,0,0,0,no_overlap
improve-2f8d1db9ace0d9e8,0,0,0,,,0,0,0,no_overlap
improve-43003bff536fc959,0,0,0,,,0,0,0,no_overlap
improve-87631312f4afca6f,0,0,0,,,0,0,0,no_overlap
improve-12d7c46688b6bbbe,0,0,0,,,0,0,0,no_overlap
improve-bba79eec4a5a9062,0,0,0,,,0,0,0,no_overlap
improve-2cb659e1556ec058,0,0,0,,,0,0,0,no_overlap
improve-df6a36c3ac23d5fc,0,0,0,,,0,0,0,no_overlap
improve-03b23739481ef3e3,0,0,0,,,0,0,0,no_overlap
improve-2abe4619b7b119e6,0,0,0,,,0,0,0,no_overlap
improve-f4d81987ff497e50,0,0,0,,,0,0,0,no_overlap
improve-51f40d08351e406d,0,0,0,,,0,1,1,no_overlap
improve-271f1ce80432ab0f,0,0,0,,,0,0,0,no_overlap
improve-37df48dd0e6ac174,0,0,0,,,0,0,0,no_overlap
improve-d826ac543d7a3c72,0,0,0,,,0,0,0,no_overlap
improve-9f68ed3a9c5d1361,0,0,0,,,0,0,0,no_overlap
improve-f681a7ec0a218ba0,0,0,0,,,0,0,0,no_overlap
improve-16baf4f4b33142b3,0,0,0,,,0,0,0,no_overlap
improve-be4830efb88102b7,0,0,0,,,0,0,0,no_overlap
improve-a7bdb4bf9ca7a90b,0,0,0,,,0,0,0,no_overlap
improve-2c45fc971d78c1c5,0,0,0,,,0,0,0,no_overlap
improve-d572351a71f7cdbd,0,0,0,,,0,0,0,no_overlap
improve-bfdc7f185babe62f,0,0,0,,,0,0,0,no_overlap
improve-c1e8328ff5ccc605,0,0,0,,,0,0,0,no_overlap
improve-289babc692f4643d,0,0,0,,,0,0,0,no_overlap
improve-3f27ac3acd3dfbbb,0,0,0,,,0,0,0,no_overlap
improve-15742ead9ac6ee4c,0,0,0,,,0,0,0,no_overlap
improve-82c803d9b3acbc3f,0,0,0,,,0,0,0,no_overlap
improve-fe0e3753f339d58d,0,0,0,,,0,0,0,no_overlap
improve-df212751ebfe2491,0,0,0,,,0,0,0,no_overlap
improve-5668322e9c256277,0,0,0,,,0,0,0,no_overlap
improve-2507220d4fc34ad0,0,0,0,,,0,0,0,no_overlap
improve-fcf2c269349eb208,0,0,0,,,0,0,0,no_overlap
improve-9229116a76a3930e,0,0,0,,,0,0,0,no_overlap
improve-65303361b78af113,0,0,0,,,0,0,0,no_overlap
improve-316a9a1506b11d76,0,0,0,,,0,0,0,no_overlap
improve-7b20e888d948fa10,0,0,0,,,0,0,0,no_overlap
improve-89dc8cc4dedb1a7c,0,0,0,,,0,0,0,no_overlap
improve-e474616ad79422a7,0,0,0,,,0,0,0,no_overlap
improve-6aca1d47a4bde44e,0,0,0,,,0,0,0,no_overlap
improve-5eb4441a40c860cd,0,0,0,,,0,0,0,no_overlap
improve-677d4e762357bbae,0,0,0,,,0,0,0,no_overlap
improve-2d4a257da4cb9213,0,0,0,,,0,0,0,no_overlap
improve-d5fa97b1aa8ed023,0,0,0,,,0,0,0,no_overlap
improve-ab968305dc6af490,0,0,0,,,0,0,0,no_overlap
improve-f4b19581f8a8e70e,0,0,0,,,0,0,0,no_overlap
improve-49f8e42caebde1b1,0,0,0,,,0,0,0,no_overlap
improve-0cbd789b86e9f336,0,0,0,,,0,0,0,no_overlap
improve-08ef93152b5bc375,0,0,0,,,0,0,0,no_overlap
improve-4adfcdbe60acd854,0,0,0,,,0,0,0,no_overlap
improve-7a2212e25aff10cf,0,0,0,,,0,0,0,no_overlap
improve-68c1d4b909891fd1,0,0,0,,,0,0,0,no_overlap
improve-5afb3062a27bfe1b,0,0,0,,,0,0,0,no_overlap
improve-26253092086c11b6,0,0,0,,,0,0,0,no_overlap
improve-4396cc69efaa6675,0,0,0,,,0,0,0,no_overlap
improve-90096e6fa6126d5f,0,0,0,,,0,0,0,no_overlap
improve-19817bf6dd0b9307,0,0,0,,,0,0,0,no_overlap
improve-39151f979127bb22,0,0,0,,,0,0,0,no_overlap
improve-3a7bab5201bb9173,0,0,0,,,0,0,0,no_overlap
improve-59387c34e4c3c517,0,0,0,,,0,0,0,no_overlap
improve-90314e13fa1c88da,0,0,0,,,0,0,0,no_overlap
improve-6579bf6d4ef80c6c,0,0,0,,,0,0,0,no_overlap
improve-197d53ff2fa55d9b,0,0,0,,,0,0,0,no_overlap
improve-bad0cb3213114550,0,0,0,,,0,0,0,no_overlap
improve-bc971670ed5dbb12,0,0,0,,,0,0,0,no_overlap
improve-370022c7f4b93281,0,0,0,,,0,0,0,no_overlap
improve-83bcbce645f622b6,0,0,0,,,0,0,0,no_overlap
improve-ce78417dc3118180,0,0,0,,,0,0,0,no_overlap
improve-062d4a9893b02f76,0,0,0,,,0,0,0,no_overlap
improve-87962e56f1fcb161,1,0,0,,,0,0,0,no_overlap
improve-582e27b3bf119d4a,0,0,0,,,0,0,0,no_overlap
improve-aa1c2ced5018a013,0,0,0,,,0,0,0,no_overlap
improve-d46e7cac21b652da,0,0,0,,,0,0,0,no_overlap
improve-b709edbbaf8b052b,0,0,0,,,0,0,0,no_overlap
improve-0bf86c0c7d1ce6ca,0,0,0,,,0,0,0,no_overlap
improve-e5529e2c542c3bb0,0,0,0,,,0,0,0,no_overlap
improve-39ef25c9c9939dd2,0,0,0,,,0,0,0,no_overlap
improve-aab1c6b5f88722d1,0,0,0,,,0,0,0,no_overlap
improve-f387061b7e043fa9,0,0,0,,,0,0,0,no_overlap
improve-ae1ab57cf87e4680,0,0,0,,,0,0,0,no_overlap
improve-99605999b7fb2b30,0,0,0,,,0,0,0,no_overlap
improve-be312c1f7aaf8aa5,0,0,0,,,0,0,0,no_overlap
improve-6e03cb4862b50e0c,0,0,0,,,0,0,0,no_overlap
improve-5c6ba10b10998ceb,0,0,0,,,0,0,0,no_overlap
improve-723071ca97618865,0,0,0,,,0,0,0,no_overlap
improve-38b081a891577a75,0,0,0,,,0,0,0,no_overlap
improve-49a6a685d0ba05f8,0,0,0,,,0,0,0,no_overlap
improve-a435ad8a864a4875,0,0,0,,,0,0,0,no_overlap
improve-311804faa7b55f81,0,0,0,,,0,0,0,no_overlap
improve-52249eb0325c89a8,0,0,0,,,0,0,0,no_overlap
improve-45d4af46e0124652,0,0,0,,,0,0,0,no_overlap
improve-0741bdc92588c2c6,0,0,0,,,0,0,0,no_overlap
improve-6d2541db75c8e145,0,0,0,,,0,0,0,no_overlap
improve-47ba132a240afaab,0,0,0,,,0,0,0,no_overlap
improve-392bdcd0d8fc6a9d,0,0,0,,,0,0,0,no_overlap
improve-fa7f191fde94a470,0,0,0,,,0,0,0,no_overlap
improve-d261b338bfd63275,0,0,0,,,0,0,0,no_overlap
improve-747b0c23e48d6f20,0,0,0,,,0,0,0,no_overlap
improve-273f50c036a361aa,0,0,0,,,0,0,0,no_overlap
improve-be61735dcc0b4c25,0,0,0,,,0,0,0,no_overlap
improve-39f8ce367a13864f,0,0,0,,,0,0,0,no_overlap
improve-9956d98a5dbfadaf,0,0,0,,,0,0,0,no_overlap
improve-0de108cbfe8905b3,0,0,0,,,0,0,0,no_overlap
improve-7d5dc9aa3e4976da,0,0,0,,,0,0,0,no_overlap
improve-9237011f8c693632,0,0,0,,,0,0,0,no_overlap
improve-f104c60baefbcac3,0,0,0,,,0,0,0,no_overlap
improve-546289118fcdafea,0,0,0,,,0,0,0,no_overlap
improve-ffe8167dd7079b20,0,0,0,,,0,0,0,no_overlap
improve-0e74c359f4e71c68,0,0,0,,,0,0,0,no_overlap
improve-cc9a98ac9ff5d46d,0,0,0,,,0,0,0,no_overlap
improve-547e6309b824a92e,0,0,0,,,0,0,0,no_overlap
improve-aa57039171210dae,0,0,0,,,0,0,0,no_overlap
improve-06d87adde5523996,0,0,0,,,0,0,0,no_overlap
improve-66e5119f439c0036,0,0,0,,,0,0,0,no_overlap
improve-9508d014ebe55771,0,0,0,,,0,0,0,no_overlap
improve-70e2055a9aa1af94,0,0,0,,,0,0,0,no_overlap
improve-36b12b8c5ae8401f,0,0,0,,,0,0,0,no_overlap
improve-0cc55afbecd90707,0,0,0,,,0,0,0,no_overlap
improve-95e35015e0a4b84f,0,0,0,,,0,0,0,no_overlap
improve-954ac29b9072d19b,0,0,0,,,0,0,0,no_overlap
improve-23de61167a791ace,0,0,0,,,0,0,0,no_overlap
improve-cf24b5532c435d0e,0,0,0,,,0,0,0,no_overlap
improve-62c494505c6a7229,0,0,0,,,0,0,0,no_overlap
improve-1353d22a750a4890,0,0,0,,,0,0,0,no_overlap
improve-1b2e8ffd19088b39,0,0,0,,,0,0,0,no_overlap
improve-f1e62f7048ac17ee,0,0,0,,,0,0,0,no_overlap
improve-ac34bcd7b8dd7799,0,0,0,,,0,0,0,no_overlap
improve-3ac299bc3f68de4f,0,0,0,,,0,0,0,no_overlap
improve-7d3ff7a3865848a4,0,0,0,,,0,0,0,no_overlap
improve-10d1d0cf3383e891,0,0,0,,,0,0,0,no_overlap
improve-b28b38b293fb1348,0,0,0,,,0,0,0,no_overlap
improve-77a282e29dfdf1c4,0,0,0,,,0,0,0,no_overlap
improve-3efd6e772aebc5a5,0,0,0,,,0,0,0,no_overlap
improve-6629e31a49af67b0,0,0,0,,,0,0,0,no_overlap
improve-23cde8e4dd199f96,0,0,0,,,0,0,0,no_overlap
improve-18d088a1809e719d,0,0,0,,,0,0,0,no_overlap
improve-84dc69f50e63800f,0,0,0,,,0,0,0,no_overlap
improve-df9e06a3c456b77c,0,0,0,,,0,0,0,no_overlap
improve-297da807f509a520,0,0,0,,,0,0,0,no_overlap
improve-891f92c3e43b5db7,0,0,0,,,0,0,0,no_overlap
improve-d522448c0d02610d,0,0,0,,,0,0,0,no_overlap
improve-ed34fc8c05a76018,0,0,0,,,0,0,0,no_overlap
improve-c475c04de6d1a544,0,0,0,,,0,0,0,no_overlap
improve-6509462a0638a521,0,0,0,,,0,0,0,no_overlap
improve-8a13b75f0dd7fed3,0,0,0,,,0,0,0,no_overlap
improve-91f8765e818932b8,0,0,0,,,0,0,0,no_overlap
improve-768680f1c7b6b2c7,0,0,0,,,0,0,0,no_overlap
improve-08c570fb37aeb1f2,0,0,0,,,0,0,0,no_overlap
improve-f3659e9fe1d1b861,0,0,0,,,0,0,0,no_overlap
improve-e6fa685f406fa47f,0,0,0,,,0,0,0,no_overlap
improve-476efc895089e8f5,0,0,0,,,0,0,0,no_overlap
improve-f77d995f9750e037,0,0,0,,,0,0,0,no_overlap
improve-df2a3dbfd48347a6,0,0,0,,,0,0,0,no_overlap
improve-42b88bf8020e5d95,0,0,0,,,0,0,0,no_overlap
improve-c2e5fb766d148861,0,0,0,,,0,0,0,no_overlap
improve-9eb0bc2d6e26d826,0,0,0,,,0,0,0,no_overlap
improve-fd985106345f288f,0,0,0,,,0,0,0,no_overlap
improve-78703ba307b107aa,0,0,0,,,0,0,0,no_overlap
improve-a34c81fc959c8d52,0,0,0,,,0,0,0,no_overlap
improve-70e245a35632dfe9,0,0,0,,,0,0,0,no_overlap
improve-a1e8ad5321f65c2a,0,0,0,,,0,0,0,no_overlap
improve-3fb47c412cd8f820,0,0,0,,,0,0,0,no_overlap
improve-56745f53554f4fe5,0,0,0,,,0,0,0,no_overlap
improve-a98df8604980e802,0,0,0,,,0,0,0,no_overlap
improve-9ed2003099e6475f,0,0,0,,,0,0,0,no_overlap
improve-70f7f023279a4971,0,0,0,,,0,0,0,no_overlap
improve-e8d837f76dda2890,0,0,0,,,0,0,0,no_overlap
improve-5c208ab763774dc3,0,0,0,,,0,0,0,no_overlap
improve-12cd053c2c2330d3,0,0,0,,,0,0,0,no_overlap
improve-f8ece5af86064bc8,0,0,0,,,0,0,0,no_overlap
improve-21f6212c4b439a4a,0,0,0,,,0,0,0,no_overlap
improve-3289ece1f8b07f62,0,0,0,,,0,0,0,no_overlap
improve-4ffb90891781fa9d,0,0,0,,,0,0,0,no_overlap
improve-8e4abe394db19eb8,0,0,0,,,0,0,0,no_overlap
improve-fca8d3688651d70d,0,0,0,,,0,0,0,no_overlap
improve-efdeffe0316a5c66,0,0,0,,,0,0,0,no_overlap
improve-e21a74f83051f7ea,0,0,0,,,0,0,0,no_overlap
improve-64d9630d1f650355,0,0,0,,,0,0,0,no_overlap
improve-b319f1f81915838f,0,0,0,,,0,0,0,no_overlap
improve-66d530e8a9df1100,0,0,0,,,0,0,0,no_overlap
improve-239d8edbd47da57d,0,0,0,,,0,0,0,no_overlap
improve-c1bc0ab6ec9a3f23,0,0,0,,,0,0,0,no_overlap
improve-7497555a5923152a,0,0,0,,,0,0,0,no_overlap
improve-e853fd635ad923bb,0,0,0,,,0,0,0,no_overlap
improve-b73142b9ff4cf7a1,0,0,0,,,0,0,0,no_overlap
improve-caada5f1187c506a,0,0,0,,,0,0,0,no_overlap
improve-82f0c6f7e7888b77,0,0,0,,,0,0,0,no_overlap
improve-50d4c55617269ae4,0,0,0,,,0,0,0,no_overlap
improve-9218122a8859cd98,0,0,0,,,0,0,0,no_overlap
improve-002464fa0b8ec41b,0,0,0,,,0,0,0,no_overlap
improve-d87a84e77bc25591,0,0,0,,,0,0,0,no_overlap
improve-b3d86c8a4270a880,0,0,0,,,0,0,0,no_overlap
improve-8d68b20c3d60e1b3,0,0,0,,,0,0,0,no_overlap
improve-63c66c2820056fd0,0,0,0,,,0,0,0,no_overlap
improve-f936e4cd1eddb2e7,0,0,0,,,0,0,0,no_overlap
improve-ef290b713699040a,0,0,0,,,0,0,0,no_overlap
improve-02011956c43f031f,0,0,0,,,0,0,0,no_overlap
improve-cc35eacd4be2e192,0,0,0,,,0,0,0,no_overlap
improve-83f7aa7d212015c8,0,0,0,,,0,0,0,no_overlap
improve-0090fc81bcf72d2d,0,0,0,,,0,0,0,no_overlap
improve-3ee712aa463dcf51,0,0,0,,,0,0,0,no_overlap
improve-fb3a614afd481992,0,0,0,,,0,0,0,no_overlap
improve-2b206d993718634b,0,0,0,,,0,0,0,no_overlap
improve-0e611bfd699b7a1b,0,0,0,,,0,0,0,no_overlap
improve-3edb92cc9b7ff2d6,0,0,0,,,0,0,0,no_overlap
improve-379cb0ce1de40834,0,0,0,,,0,0,0,no_overlap
improve-034e53582cdd5d07,0,0,0,,,0,0,0,no_overlap
improve-fe6831d50cdbd037,0,0,0,,,0,0,0,no_overlap
improve-1f421f5176d3a1c1,0,0,0,,,0,0,0,no_overlap
improve-c8962b87178f67c1,0,0,0,,,0,0,0,no_overlap
improve-52c5e5bfe48839da,0,0,0,,,0,0,0,no_overlap
improve-8b8dd4277699c0ae,0,0,0,,,0,0,0,no_overlap
improve-210ad1ed067a683c,0,0,0,,,0,0,0,no_overlap
improve-48a24d2e4fcb43c3,0,0,0,,,0,0,0,no_overlap
improve-519b72beead0d5c1,0,0,0,,,0,0,0,no_overlap
improve-6516fbd78cf4b83d,0,0,0,,,0,0,0,no_overlap
improve-3c5cca2b8204a65b,0,0,0,,,0,0,0,no_overlap
improve-6c7e319e2bc9f4e3,0,0,0,,,0,0,0,no_overlap
improve-fcad018a083cd258,0,0,0,,,0,0,0,no_overlap
improve-0a19f1fe0a115959,0,0,0,,,0,0,0,no_overlap
improve-eafd50507d9c8510,0,0,0,,,0,0,0,no_overlap
improve-22dcfd1075e25e28,0,0,0,,,0,0,0,no_overlap
improve-f2fc938f46c102de,0,0,0,,,0,0,0,no_overlap
improve-4d09f0fa8142bfb7,0,0,0,,,0,0,0,no_overlap
improve-1e17ea5061cd7c53,0,0,0,,,0,0,0,no_overlap
improve-773cdd5395cd562b,0,0,0,,,0,0,0,no_overlap
improve-10336900374a868c,0,0,0,,,0,0,0,no_overlap
improve-2acdf9c2ec50b591,0,0,0,,,0,0,0,no_overlap
improve-08082c4bdf58faea,0,0,0,,,0,0,0,no_overlap
improve-7dfa84ff3937de10,0,0,0,,,0,0,0,no_overlap
improve-183247023f917f5a,0,0,0,,,0,0,0,no_overlap
improve-af4e4f824accb898,0,0,0,,,0,0,0,no_overlap
improve-698063d03cdcf619,0,0,0,,,0,0,0,no_overlap
improve-640f44ad503b9bfa,0,0,0,,,0,0,0,no_overlap
improve-7480d469ea75e457,0,0,0,,,0,0,0,no_overlap
improve-feb8a17f9656a163,0,0,0,,,0,0,0,no_overlap
improve-40faed741e2f0cb8,0,0,0,,,0,0,0,no_overlap
improve-7777169767072667,0,0,0,,,0,0,0,no_overlap
improve-c0f8b47e968554ee,0,0,0,,,0,0,0,no_overlap
improve-d4a853070c1db2fc,0,0,0,,,0,0,0,no_overlap
improve-1f53996febe9dbe5,0,0,0,,,0,0,0,no_overlap
improve-2293a4eb0bfdbe38,0,0,0,,,0,0,0,no_overlap
improve-dae01e5d28e65307,0,0,0,,,0,0,0,no_overlap
improve-e405748a78eea691,0,0,0,,,0,0,0,no_overlap
improve-c6f72e6be7dc99cd,0,0,0,,,0,0,0,no_overlap
improve-c5361ecc934f7308,0,0,0,,,0,0,0,no_overlap
improve-adf93bceebe574e9,0,0,0,,,0,0,0,no_overlap
improve-76a03b625ed5aa01,0,0,0,,,0,0,0,no_overlap
improve-09066df59c732bf0,0,0,0,,,0,0,0,no_overlap
improve-8740f529b20ceba2,0,0,0,,,0,0,0,no_overlap
improve-c36a6af59efd0ece,0,0,0,,,0,0,0,no_overlap
improve-2dcc1a6af6348164,0,0,0,,,0,0,0,no_overlap
improve-72d9bd0a6079c809,0,0,0,,,0,0,0,no_overlap
improve-75b270c5a80971bc,0,0,0,,,0,0,0,no_overlap
improve-ab58a6b64ce7720b,0,0,0,,,0,0,0,no_overlap
improve-b58bbb9b9c8015b1,0,0,0,,,0,0,0,no_overlap
improve-c5f6449ffc00befe,0,0,0,,,0,0,0,no_overlap
improve-488595ca27639a22,0,0,0,,,0,0,0,no_overlap
improve-2999ecc693d81e68,0,0,0,,,0,0,0,no_overlap
improve-4cdcf8e59a3debfc,0,0,0,,,0,0,0,no_overlap
improve-c9e2c49cc57608e1,0,0,0,,,0,0,0,no_overlap
improve-0f536b72d4a0f711,0,0,0,,,0,0,0,no_overlap
improve-d2c5ad4f2dde23fb,0,0,0,,,0,0,0,no_overlap
improve-0e65b8f8aaba76b4,0,0,0,,,0,0,0,no_overlap
improve-27651433d311e7fb,0,0,0,,,0,0,0,no_overlap
improve-d532a78ec4ae2e30,0,0,0,,,0,0,0,no_overlap
improve-15021150ae5ac687,0,0,0,,,0,0,0,no_overlap
improve-ab672635245abbbd,0,0,0,,,0,0,0,no_overlap
improve-aa9446e14bf8ee15,0,0,0,,,0,0,0,no_overlap
improve-13efac992556d74f,0,0,0,,,0,0,0,no_overlap
improve-e0cf117c2d741ac4,0,0,0,,,0,0,0,no_overlap
improve-da7943c492d20578,0,0,0,,,0,0,0,no_overlap
improve-d5228a6d07256eab,0,0,0,,,0,0,0,no_overlap
improve-7f9d56f8c776b975,0,0,0,,,0,0,0,no_overlap
improve-d21c651e8697f38c,0,0,0,,,0,0,0,no_overlap
improve-f0053d34b43e1f28,0,0,0,,,0,0,0,no_overlap
improve-90ccf83679317cd8,0,0,0,,,0,0,0,no_overlap
improve-ed5f5caf7379c9a1,0,0,0,,,0,0,0,no_overlap
improve-571c179a7b2e7670,0,0,0,,,0,0,0,no_overlap
improve-200c93b03466df52,0,0,0,,,0,0,0,no_overlap
improve-d8e24755baf74be8,0,0,0,,,0,0,0,no_overlap
improve-fd69e7667eef0388,0,0,0,,,0,0,0,no_overlap
improve-6a4fb7b4796c8843,0,0,0,,,0,0,0,no_overlap
improve-74becb06fd564ce8,0,0,0,,,0,0,0,no_overlap
improve-c9cce70cfa141940,0,0,0,,,0,0,0,no_overlap
improve-32c20d4a7d181297,0,0,0,,,0,0,0,no_overlap
improve-a6087a87922ddbc3,0,0,0,,,0,0,0,no_overlap
improve-f5cb9ca5cc660d9b,0,0,0,,,0,0,0,no_overlap
improve-1868605594c93093,0,0,0,,,0,0,0,no_overlap
improve-eddd2ae250c6fc81,0,0,0,,,0,0,0,no_overlap
improve-8898a0d6a806231f,0,0,0,,,0,0,0,no_overlap
improve-7c0c60f3ded9fb73,0,0,0,,,0,0,0,no_overlap
improve-e36b14ed9b1a653e,0,0,0,,,0,0,0,no_overlap
improve-143e5c917af26e50,0,0,0,,,0,0,0,no_overlap
improve-a5d38c46f3bd26ad,0,0,0,,,0,0,0,no_overlap
improve-721af84c1a78359c,0,0,0,,,0,0,0,no_overlap
improve-63e5bc7f83a51f7d,0,0,0,,,0,0,0,no_overlap
improve-a42dde1a19139de6,0,0,0,,,0,0,0,no_overlap
improve-3d705721ea50b72e,0,0,0,,,0,0,0,no_overlap
improve-d0b1ca11f1b2efc2,0,0,0,,,0,0,0,no_overlap
improve-0ce13df1a6003e0b,0,0,0,,,0,0,0,no_overlap
improve-8298469bc078ddd4,0,0,0,,,0,0,0,no_overlap
improve-1a2650e5d2e6cd74,0,0,0,,,0,0,0,no_overlap
improve-99816333951dca2a,0,0,0,,,0,0,0,no_overlap
improve-72856123720556b6,0,0,0,,,0,0,0,no_overlap
improve-5331f400b41a9b29,0,0,0,,,0,0,0,no_overlap
improve-a8f359dd7d55c06a,0,0,0,,,0,0,0,no_overlap
improve-cdd4fda703345047,0,0,0,,,0,0,0,no_overlap
improve-ab1fa54c6a1633f6,0,0,0,,,0,0,0,no_overlap
improve-81db7495e74b0e58,0,0,0,,,0,0,0,no_overlap
improve-aad2e5f5469aaed6,0,0,0,,,0,0,0,no_overlap
improve-b997af8c8b46c2fe,0,0,0,,,0,0,0,no_overlap
improve-adab3a2a49eef0be,0,0,0,,,0,0,0,no_overlap
improve-2376720e70ebfe1e,0,0,0,,,0,0,0,no_overlap
improve-4f48ce974b2dde95,0,0,0,,,0,0,0,no_overlap
improve-7346e0912458eeee,0,0,0,,,0,0,0,no_overlap
improve-8644530728947600,0,0,0,,,0,0,0,no_overlap
improve-ca4f5345b3ced30a,0,0,0,,,0,0,0,no_overlap
improve-f7ff639dc01ad8a0,0,0,0,,,0,0,0,no_overlap
improve-777b33b8908cbad2,0,0,0,,,0,0,0,no_overlap
improve-e5d2f45ba22b6dcd,0,0,0,,,0,0,0,no_overlap
improve-a02e2879aa89703e,0,0,0,,,0,0,0,no_overlap
improve-80cb0df06ce8ccd2,0,0,0,,,0,0,0,no_overlap
improve-c946cb4538988a76,0,0,0,,,0,0,0,no_overlap
improve-dc6f158977400024,0,0,0,,,0,0,0,no_overlap
improve-35760e2cfb9a630e,0,0,0,,,0,0,0,no_overlap
improve-45f53b47b8b0bb44,0,0,0,,,0,0,0,no_overlap
improve-52b143457d2c9c73,0,0,0,,,0,0,0,no_overlap
improve-7ad40dcc8d4347be,0,0,0,,,0,0,0,no_overlap
improve-fc0a69d215d18fd1,0,0,0,,,0,0,0,no_overlap
improve-cbcaee7bfe8b8c8e,0,0,0,,,0,0,0,no_overlap
improve-9c415a688afedd0e,0,0,0,,,0,0,0,no_overlap
improve-4fe9ba015c4115f1,0,0,0,,,0,0,0,no_overlap
improve-f26dfbbe22090390,0,0,0,,,0,0,0,no_overlap
improve-a5912d664400af1b,0,0,0,,,0,0,0,no_overlap
improve-5503e594a2930398,0,0,0,,,0,0,0,no_overlap
improve-c73bc32018a2ce7e,0,0,0,,,0,0,0,no_overlap
improve-1de02ee7e9916d8f,0,0,0,,,0,0,0,no_overlap
improve-2c65b804976cb930,0,0,0,,,0,0,0,no_overlap
improve-d48c3e10ad52b0d5,0,0,0,,,0,0,0,no_overlap
improve-41979b0a59da81a3,0,0,0,,,0,0,0,no_overlap
improve-f8f8d0b161d435aa,0,0,0,,,0,0,0,no_overlap
improve-ce0e278c7d7a5efb,0,0,0,,,0,0,0,no_overlap
improve-6fc5f6d9649b1c83,0,0,0,,,0,0,0,no_overlap
improve-b7774b2dda4eb112,0,0,0,,,0,0,0,no_overlap
improve-d72bbd28f3853134,0,0,0,,,0,0,0,no_overlap
improve-3b7c6d8bee663f3f,0,0,0,,,0,0,0,no_overlap
improve-69a202067a76af54,0,0,0,,,0,0,0,no_overlap
improve-91eebd85b8360dcb,0,0,0,,,0,0,0,no_overlap
improve-3533446deb4eccf9,0,0,0,,,0,0,0,no_overlap
improve-6ae69596c1adc460,0,0,0,,,0,0,0,no_overlap
improve-2cf25f89cb4fb2fa,0,0,0,,,0,0,0,no_overlap
improve-eb98a1325b404d62,0,0,0,,,0,0,0,no_overlap
improve-428f873c81b99d19,0,0,0,,,0,0,0,no_overlap
improve-ed5cef7beadcb435,0,0,0,,,0,0,0,no_overlap
improve-0c322e39d66e9eda,0,0,0,,,0,0,0,no_overlap
improve-d5466dc34cf86d63,0,0,0,,,0,0,0,no_overlap
improve-a19de2e75e0ad332,0,0,0,,,0,0,0,no_overlap
improve-75d3db9113551dbc,0,0,0,,,0,0,0,no_overlap
improve-3be343622d1a9604,0,0,0,,,0,0,0,no_overlap
improve-fc85ec153192366f,0,0,0,,,0,0,0,no_overlap
improve-5ef3eb8ec9bab4f2,0,0,0,,,0,0,0,no_overlap
improve-acfb0eb6ca8324bc,0,0,0,,,0,0,0,no_overlap
improve-522f8bb2636c6ba6,0,0,0,,,0,0,0,no_overlap
improve-86f6e8c1c88f7855,0,0,0,,,0,0,0,no_overlap
improve-232e3d9d8c850c81,0,0,0,,,0,0,0,no_overlap
improve-2d65454fafe815de,0,0,0,,,0,0,0,no_overlap
improve-aac5e26255ddf2e2,0,0,0,,,0,0,0,no_overlap
improve-5b9c7bd5a1ca8391,0,0,0,,,0,0,0,no_overlap
improve-d8d06046ad2dfb85,0,0,0,,,0,0,0,no_overlap
improve-9c14c864f0e70ae7,0,0,0,,,0,0,0,no_overlap
improve-eca3d79b5bef5e6c,0,0,0,,,0,0,0,no_overlap
improve-9e9b67608e51c774,0,0,0,,,0,0,0,no_overlap
improve-64e64ccf874142ba,0,0,0,,,0,0,0,no_overlap
improve-255c6d45305e16ca,0,0,0,,,0,0,0,no_overlap
improve-3bc336f7bb11b124,0,0,0,,,0,0,0,no_overlap
improve-9914b3985fc41b40,0,0,0,,,0,0,0,no_overlap
improve-565911a20a019b81,0,0,0,,,0,0,0,no_overlap
improve-3f9c3212f0a2bf83,0,0,0,,,0,0,0,no_overlap
improve-a706e3aa4fbf13c1,0,0,0,,,0,0,0,no_overlap
improve-5cfe8e66ebe603c7,0,0,0,,,0,0,0,no_overlap
improve-7d51dadc015628dd,0,0,0,,,0,0,0,no_overlap
improve-c07cde91f851ca7d,0,0,0,,,0,0,0,no_overlap
improve-bca3551ab0abdbbc,0,0,0,,,0,0,0,no_overlap
improve-3f4666dbc6529b56,0,0,0,,,0,0,0,no_overlap
improve-74367472a7c56bed,0,0,0,,,0,0,0,no_overlap
improve-5326f4826d0ca0b2,0,0,0,,,0,0,0,no_overlap
improve-498167b9b6531ccb,0,0,0,,,0,0,0,no_overlap
improve-4587bdc07ea4e3c1,0,0,0,,,0,0,0,no_overlap
improve-db0b6bdbf0ded46a,0,0,0,,,0,0,0,no_overlap
improve-be6cdeb50d820f5c,0,0,0,,,0,0,0,no_overlap
improve-fd82b624da9ba148,0,0,0,,,0,0,0,no_overlap
improve-454d370bda6abd96,0,0,0,,,0,0,0,no_overlap
improve-5f3e8698dc9fb63c,0,0,0,,,0,0,0,no_overlap
improve-6e6c8d678909da16,0,0,0,,,0,0,0,no_overlap
improve-da05d28125b9410b,0,0,0,,,0,0,0,no_overlap
improve-35b5d8da5890fe86,0,0,0,,,0,0,0,no_overlap
improve-5da206dcb107e3a2,0,0,0,,,0,0,0,no_overlap
improve-bb9e28618c24871f,1,0,0,,,0,0,0,no_overlap
improve-0d1dd24e40ebabf3,0,0,0,,,0,0,0,no_overlap
improve-fca7b3fb42d5fdd5,0,0,0,,,0,0,0,no_overlap
improve-34b32db7eac6bb6c,0,0,0,,,0,0,0,no_overlap
improve-627c09e940bdba7b,0,0,0,,,0,0,0,no_overlap
improve-579b0bae7483d992,0,0,0,,,0,0,0,no_overlap
improve-3958dd63535bea60,1,0,0,,,0,0,0,no_overlap
improve-cdeef3536e1a3e17,0,0,0,,,0,0,0,no_overlap
improve-46a44401be523c2f,0,0,0,,,0,0,0,no_overlap
improve-631410e037d70c29,0,0,0,,,0,0,0,no_overlap
improve-6d2becedf350e293,0,0,0,,,0,0,0,no_overlap
improve-fefe7b15d9ddf19e,0,0,0,,,0,0,0,no_overlap
improve-25287d316b28ac28,0,0,0,,,0,0,0,no_overlap
improve-2144bcfb7b1c0c39,0,0,0,,,0,0,0,no_overlap
improve-3cb40519cb01e6ee,0,0,0,,,0,0,0,no_overlap
improve-c5988f62054806fe,0,0,0,,,0,0,0,no_overlap
improve-9812437a5f984187,0,0,0,,,0,0,0,no_overlap
improve-71370945d6a21f72,1,0,0,,,0,0,0,no_overlap
improve-cd80209960dc74d8,0,0,0,,,0,0,0,no_overlap
improve-8db15655388ed87e,0,0,0,,,0,0,0,no_overlap
improve-186e4fef7341a301,0,0,0,,,0,0,0,no_overlap
improve-79624d2e5d7e0a3c,0,0,0,,,0,0,0,no_overlap
improve-2f1f88d204ea5f99,0,0,0,,,0,0,0,no_overlap
improve-3fab8643a272d3f6,0,0,0,,,0,0,0,no_overlap
improve-d818a5428bd16801,0,0,0,,,0,0,0,no_overlap
improve-c2f57b826478691a,0,0,0,,,0,0,0,no_overlap
improve-ca136be0dc77b77e,0,0,0,,,0,0,0,no_overlap
improve-4b72e35d9b5ae20c,0,0,0,,,0,0,0,no_overlap
improve-24253e2c2a284dd8,0,0,0,,,0,0,0,no_overlap
improve-ab80b4f0c20c7d4c,0,0,0,,,0,0,0,no_overlap
improve-0e909b6aa09d8845,0,0,0,,,0,0,0,no_overlap
improve-dbef0d3c50cb54ca,0,0,0,,,0,0,0,no_overlap
improve-f5b43cbc3cb7f60b,0,0,0,,,0,0,0,no_overlap
improve-7b573c0d721aa6f5,0,0,0,,,0,0,0,no_overlap
improve-1dbe9a6e486f347c,0,0,0,,,0,0,0,no_overlap
improve-cbbcfd45dc1d7da0,0,0,0,,,0,0,0,no_overlap
improve-32b89bafb626af82,0,0,0,,,0,0,0,no_overlap
improve-0de18e3906e8566c,0,0,0,,,0,0,0,no_overlap
improve-40b85e33f62154b6,0,0,0,,,0,0,0,no_overlap
improve-8be8504a8fd9c01a,0,0,0,,,0,0,0,no_overlap
improve-8f05365f17075548,0,0,0,,,0,0,0,no_overlap
improve-634c6710e1e5ade6,0,0,0,,,0,0,0,no_overlap
improve-221ecfd99b59b952,0,0,0,,,0,0,0,no_overlap
improve-1c0b583334b27707,0,0,0,,,0,0,0,no_overlap
improve-c0e08c21a3f64b38,0,0,0,,,0,0,0,no_overlap
improve-656c2d2a3530ef1a,0,0,0,,,0,0,0,no_overlap
improve-52c607cb6e0c921f,0,0,0,,,0,0,0,no_overlap
improve-44e97c464cf54840,0,0,0,,,0,0,0,no_overlap
improve-77d49967431c02a5,0,0,0,,,0,0,0,no_overlap
improve-8991bf283b12c0b5,0,0,0,,,0,0,0,no_overlap
improve-ffaefa509710ee45,0,0,0,,,0,0,0,no_overlap
improve-e6c00c4a45813512,0,0,0,,,0,0,0,no_overlap
improve-03a7c01cfab1ceb2,0,0,0,,,0,0,0,no_overlap
improve-c230f76d37b14426,0,0,0,,,0,0,0,no_overlap
improve-3678b02c6a15f0d6,0,0,0,,,0,0,0,no_overlap
improve-ebd1ea148b8fb978,0,0,0,,,0,0,0,no_overlap
improve-9fcf37f53af5d6b7,0,0,0,,,0,0,0,no_overlap
improve-7552b3934672d829,0,0,0,,,0,0,0,no_overlap
improve-ff61d2f2be18b348,0,0,0,,,0,0,0,no_overlap
improve-3f25a92253b0d101,0,0,0,,,0,0,0,no_overlap
improve-f69d961da5566e60,1,0,0,,,0,0,0,no_overlap
improve-d6dd80f7ed1a9b75,1,0,0,,,0,0,0,no_overlap
improve-50e76931bbb8cbd7,0,0,0,,,0,0,0,no_overlap
improve-41171d350054c1de,0,0,0,,,0,0,0,no_overlap
improve-5052efe5444a5996,0,0,0,,,0,0,0,no_overlap
improve-ddb58ada8c0de5a3,0,0,0,,,0,0,0,no_overlap
improve-4619503a0e71a500,0,0,0,,,0,0,0,no_overlap
improve-a5be4bf4d245562f,0,0,0,,,0,0,0,no_overlap
improve-b5ec2fbdbe2522ec,0,0,0,,,0,0,0,no_overlap
improve-c55460e6eb5866c8,0,0,0,,,0,0,0,no_overlap
improve-5c2d87f622b23f4a,0,0,0,,,0,0,0,no_overlap
improve-37e3f90644016582,0,0,0,,,0,0,0,no_overlap
improve-005452f6d572700e,0,0,0,,,0,0,0,no_overlap
improve-e380ea23ce0b3422,0,0,0,,,0,0,0,no_overlap
improve-4164199e8d32eddf,0,0,0,,,0,0,0,no_overlap
improve-c21c79c782a8bc1e,0,0,0,,,0,0,0,no_overlap
improve-b50c828256be16e7,0,0,0,,,0,0,0,no_overlap
improve-a116d39794945ca2,0,0,0,,,0,0,0,no_overlap
improve-e121b07842684a33,0,0,0,,,0,0,0,no_overlap
improve-6a09f8bc0506f651,0,0,0,,,0,0,0,no_overlap
improve-e2971773e497c817,0,0,0,,,0,0,0,no_overlap
improve-683f96623460ef73,0,0,0,,,0,0,0,no_overlap
improve-e04c8559457bfa88,0,0,0,,,0,0,0,no_overlap
improve-0c91677bb800b792,0,0,0,,,0,0,0,no_overlap
improve-6be57bb9d26b6bc9,0,0,0,,,0,0,0,no_overlap
improve-85f988a781d0ac98,0,0,0,,,0,0,0,no_overlap
improve-dcc9717bfab43263,0,0,0,,,0,0,0,no_overlap
improve-c3674660bb0677a4,0,0,0,,,0,0,0,no_overlap
improve-79fbbfa44f732b4b,0,0,0,,,0,0,0,no_overlap
improve-c5c9cddca287850c,0,0,0,,,0,0,0,no_overlap
improve-315a92f882bac2fc,0,0,0,,,0,0,0,no_overlap
improve-216ebf5ecb1048f2,0,0,0,,,0,0,0,no_overlap
improve-54c9924eaa7dcb53,0,0,0,,,0,0,0,no_overlap
improve-f83a9fa3683ed65d,0,0,0,,,0,0,0,no_overlap
improve-bcb1a24d92b57888,0,0,0,,,0,0,0,no_overlap
improve-093d79ea5d888974,0,0,0,,,0,0,0,no_overlap
improve-2addb53e08b028f8,0,0,0,,,0,0,0,no_overlap
improve-3e0d68fbdc45d8c8,0,0,0,,,0,0,0,no_overlap
improve-dd684394f2cd4d49,0,0,0,,,0,0,0,no_overlap
improve-56d48a3317d3e92f,0,0,0,,,0,0,0,no_overlap
improve-5f92cbb8d23a3213,0,0,0,,,0,0,0,no_overlap
improve-3a831fdc46c210f7,0,0,0,,,0,0,0,no_overlap
improve-e3d713236b16671f,0,0,0,,,0,0,0,no_overlap
improve-3b6c2b03015eaf24,0,0,0,,,0,0,0,no_overlap
improve-e47caa6cb39b89a6,0,0,0,,,0,0,0,no_overlap
improve-c19efa6367f1cd9a,0,0,0,,,0,0,0,no_overlap
improve-c5bdae980c22274f,0,0,0,,,0,0,0,no_overlap
improve-d1da337b0be54989,0,0,0,,,0,0,0,no_overlap
improve-a1305df85c43ebc8,0,0,0,,,0,0,0,no_overlap
improve-b2d007c798567d04,0,0,0,,,0,0,0,no_overlap
improve-e44aa9dfc6963043,0,0,0,,,0,0,0,no_overlap
improve-656995845ad6a0e5,0,0,0,,,0,0,0,no_overlap
improve-8fb8c8cb5d362333,0,0,0,,,0,0,0,no_overlap
improve-8afefef76779a2b4,0,0,0,,,0,0,0,no_overlap
improve-02a96116161f5c4c,0,0,0,,,0,0,0,no_overlap
improve-1a8c28c3d4a6ba3d,1,0,0,,,0,0,0,no_overlap
improve-7b9c01bf1e8d253d,0,0,0,,,0,0,0,no_overlap
improve-25560886051b6f07,0,0,0,,,0,0,0,no_overlap
improve-ca578b66e9c2b3b5,0,0,0,,,0,0,0,no_overlap
improve-6b4089671a844fb5,0,0,0,,,0,0,0,no_overlap
improve-ffc11a152a9d3b47,0,0,0,,,0,0,0,no_overlap
improve-dd4ac39a50b167a1,0,0,0,,,0,0,0,no_overlap
improve-01064f48a0ac6c88,0,0,0,,,0,0,0,no_overlap
improve-60eda50fc55e75d9,0,0,0,,,0,0,0,no_overlap
improve-4eed444b9e9110d9,0,0,0,,,0,0,0,no_overlap
improve-1f135d1084301f2c,0,0,0,,,0,0,0,no_overlap
improve-272f108ce6201fb4,0,0,0,,,0,0,0,no_overlap
improve-bfb3374af7bd235f,0,0,0,,,0,0,0,no_overlap
improve-d84d6a614748ff69,0,0,0,,,0,0,0,no_overlap
improve-6521c31a8b13253a,0,0,0,,,0,0,0,no_overlap
improve-0bf582c92308f027,0,0,0,,,0,0,0,no_overlap
improve-2fc308c42d1235f8,0,0,0,,,0,0,0,no_overlap
improve-6b0edf9290ce0146,0,0,0,,,0,0,0,no_overlap
improve-6e0a396c82f58b14,0,0,0,,,0,0,0,no_overlap
improve-0dca8326ce602a12,0,0,0,,,0,0,0,no_overlap
improve-af9e87cd05fb9236,0,0,0,,,0,0,0,no_overlap
improve-330b31385a4827ab,0,0,0,,,0,0,0,no_overlap
improve-0a308e4f407709d5,0,0,0,,,0,0,0,no_overlap
improve-045a5a3afc1d89ce,0,0,0,,,0,0,0,no_overlap
improve-a7cb680f85f6c098,0,0,0,,,0,0,0,no_overlap
improve-6b9d494d0672f6d1,0,0,0,,,0,0,0,no_overlap
improve-45239f288fdde0b2,0,0,0,,,0,0,0,no_overlap
improve-4fae47057127816d,0,0,0,,,0,0,0,no_overlap
improve-0d67ac22a8dcb752,0,0,0,,,0,0,0,no_overlap
improve-6dfcc58105538cc1,0,0,0,,,0,0,0,no_overlap
improve-22d998a6252b182b,0,0,0,,,0,0,0,no_overlap
improve-11a64a4291525690,0,0,0,,,0,0,0,no_overlap
improve-bdf9dcbb6e541d0c,0,0,0,,,0,0,0,no_overlap
improve-2a6dab233abf5aa9,0,0,0,,,0,0,0,no_overlap
improve-cd2c01cf0b55ac33,0,0,0,,,0,0,0,no_overlap
improve-72ae07f80d583f45,0,0,0,,,0,0,0,no_overlap
improve-bf773f8fbeef680b,0,0,0,,,0,0,0,no_overlap
improve-0cb1872028821619,1,0,0,,,0,0,0,no_overlap
improve-8955a391477b7142,0,0,0,,,0,0,0,no_overlap
improve-d27e8e05cb31bcbe,0,0,0,,,0,0,0,no_overlap
improve-24baaabd1cca60c0,0,0,0,,,0,0,0,no_overlap
improve-fa06f23e1d801e88,0,0,0,,,0,0,0,no_overlap
improve-a81cf07df0882c14,0,0,0,,,0,0,0,no_overlap
improve-b6b91eaa4508a6c5,0,0,0,,,0,0,0,no_overlap
improve-12821e08d419a5fd,0,0,0,,,0,0,0,no_overlap
improve-72e5ad467f38e211,0,0,0,,,0,0,0,no_overlap
improve-0d6ca7e6fe608935,0,0,0,,,0,0,0,no_overlap
improve-bd82698891104b4c,0,0,0,,,0,0,0,no_overlap
improve-a0e28ee111973c55,0,0,0,,,0,0,0,no_overlap
improve-ad55d6e06fca5de7,0,0,0,,,0,0,0,no_overlap
improve-b5504814eb9d01c4,0,0,0,,,0,0,0,no_overlap
improve-3ddda766f86d6592,0,0,0,,,0,0,0,no_overlap
improve-fd5f12bef190999d,1,0,0,,,0,0,0,no_overlap
improve-2cd58921b62d8b11,0,0,0,,,0,0,0,no_overlap
improve-93d945e3d43e96e1,0,0,0,,,0,0,0,no_overlap
improve-81542b1661293011,0,0,0,,,0,0,0,no_overlap
improve-28ac651147ca2422,0,0,0,,,0,0,0,no_overlap
improve-2c5c97a8e82930dc,0,0,0,,,0,0,0,no_overlap
improve-8162f98436493605,0,0,0,,,0,0,0,no_overlap
improve-994f0c5a8225d240,0,0,0,,,0,0,0,no_overlap
improve-25093025cd8b3be6,0,0,0,,,0,0,0,no_overlap
improve-a8dbc345803955dd,0,0,0,,,0,0,0,no_overlap
improve-b993af87c6d2d473,0,0,0,,,0,0,0,no_overlap
improve-c83bd52e1aa29c9d,0,0,0,,,0,0,0,no_overlap
improve-fd3cc95234bbafb5,0,0,0,,,0,0,0,no_overlap
improve-aec1e9a62c2951d6,0,0,0,,,0,0,0,no_overlap
improve-1ba96c1cc2fc010d,0,0,0,,,0,0,0,no_overlap
improve-3d34e054644162ad,0,0,0,,,0,0,0,no_overlap
improve-24780cd54a8106d3,0,0,0,,,0,0,0,no_overlap
improve-e8d894bab9e30050,0,0,0,,,0,0,0,no_overlap
improve-37b45cd284393f84,0,0,0,,,0,0,0,no_overlap
improve-cc2387783b6bc03e,0,0,0,,,0,0,0,no_overlap
improve-979874a6d9c3cbe1,0,0,0,,,0,0,0,no_overlap
improve-2ab14853c128e442,0,0,0,,,0,0,0,no_overlap
improve-eb1efa29ff398086,0,0,0,,,0,0,0,no_overlap
improve-22fc507ad0f71787,0,0,0,,,0,0,0,no_overlap
improve-0e5d88cfbba245e5,0,0,0,,,0,0,0,no_overlap
improve-e82256aadcff55e4,0,0,0,,,0,0,0,no_overlap
improve-cef77ffe3378aea1,0,0,0,,,0,0,0,no_overlap
improve-eca7b80da45be43a,0,0,0,,,0,0,0,no_overlap
improve-6660a888de2084a4,0,0,0,,,0,0,0,no_overlap
improve-b2f072e7c2c616a8,0,0,0,,,0,0,0,no_overlap
improve-9980986deff077cb,0,0,0,,,0,0,0,no_overlap
improve-c3ca7aeb2e6b16d0,0,0,0,,,0,0,0,no_overlap
improve-e5de954254ac9523,0,0,0,,,0,0,0,no_overlap
improve-5d392e50b4d39435,0,0,0,,,0,0,0,no_overlap
improve-5c55eba0152d2038,0,0,0,,,0,0,0,no_overlap
improve-2a9ae6c715bf98bb,0,0,0,,,0,0,0,no_overlap
improve-96f56e0b90b262c6,0,0,0,,,0,0,0,no_overlap
improve-211f21789a0efe5c,0,0,0,,,0,0,0,no_overlap
improve-f96988325df84825,0,0,0,,,0,0,0,no_overlap
improve-cd63bf81f859192f,0,0,0,,,0,0,0,no_overlap
improve-8bd18c7a4d97323e,0,0,0,,,0,0,0,no_overlap
improve-9fe063de9e7eb7b5,1,0,0,,,0,0,0,no_overlap
improve-d3c494a66327048e,0,0,0,,,0,0,0,no_overlap
improve-d54ff644bef90fea,0,0,0,,,0,0,0,no_overlap
improve-1092e48ff4a9520f,0,0,0,,,0,0,0,no_overlap
improve-90bd058991348a39,0,0,0,,,0,0,0,no_overlap
improve-789e6c486e0a3673,0,0,0,,,0,0,0,no_overlap
improve-40580894dce23666,0,0,0,,,0,0,0,no_overlap
improve-e0e42878009c75c2,0,0,0,,,0,0,0,no_overlap
improve-a40fea159d0972f0,0,0,0,,,0,0,0,no_overlap
improve-875670ec360045d9,0,0,0,,,0,0,0,no_overlap
improve-8887b616f582f28b,0,0,0,,,0,0,0,no_overlap
improve-bea8aafdf8cd42ab,0,0,0,,,0,0,0,no_overlap
improve-daa00e7fcc9c873f,0,0,0,,,0,0,0,no_overlap
improve-bf45e8ec05cb4157,0,0,0,,,0,0,0,no_overlap
improve-c4f5b04d892a8004,0,0,0,,,0,0,0,no_overlap
improve-fb218ccdb5137a80,0,0,0,,,0,0,0,no_overlap
improve-8677e5fe65ce7183,0,0,0,,,0,0,0,no_overlap
improve-3014649dc1963055,0,0,0,,,0,0,0,no_overlap
improve-3cdfa333e627260e,0,0,0,,,0,0,0,no_overlap
improve-7c8d78296cb7b1dc,0,0,0,,,0,0,0,no_overlap
improve-0ff6f3381890f7d8,0,0,0,,,0,0,0,no_overlap
improve-46eaf4d11e394ae6,0,0,0,,,0,0,0,no_overlap
improve-d33f5b3575f52caf,0,0,0,,,0,0,0,no_overlap
improve-c2d3185dbb5d81f7,0,0,0,,,0,0,0,no_overlap
improve-7709c021f4ab0bf1,0,0,0,,,0,0,0,no_overlap
improve-1a89a32b4678949f,0,0,0,,,0,0,0,no_overlap
improve-862c17bca27d3b95,0,0,0,,,0,0,0,no_overlap
improve-b46dad1c46b485aa,0,0,0,,,0,0,0,no_overlap
improve-0ae637e7926f2a62,0,0,0,,,0,0,0,no_overlap
improve-cc9b72e399484459,0,0,0,,,0,0,0,no_overlap
improve-063f3bdc01d1890d,0,0,0,,,0,0,0,no_overlap
improve-eeab11433b1814dd,0,0,0,,,0,0,0,no_overlap
improve-fb7e6f685b3eab36,0,0,0,,,0,0,0,no_overlap
improve-f39b08eba28d152a,0,0,0,,,0,0,0,no_overlap
improve-f1853a586dbe3c44,0,0,0,,,0,0,0,no_overlap
improve-fc3c7593050fc8be,0,0,0,,,0,0,0,no_overlap
improve-f162806344088b10,0,0,0,,,0,0,0,no_overlap
improve-d999485e6738e39e,0,0,0,,,0,0,0,no_overlap
improve-8cd569ba115f99fa,0,0,0,,,0,0,0,no_overlap
improve-1407909fcb280ce7,0,0,0,,,0,0,0,no_overlap
improve-2eb2a327f44687b5,0,0,0,,,0,0,0,no_overlap
improve-d96044f794072600,0,0,0,,,0,0,0,no_overlap
improve-b6f0e9befdfbf5d3,0,0,0,,,0,0,0,no_overlap
improve-d3dce9221d30653c,0,0,0,,,0,0,0,no_overlap
improve-ddf4aa64fcd8eac3,0,0,0,,,0,0,0,no_overlap
improve-06e77ecaead877be,0,0,0,,,0,0,0,no_overlap
improve-d9f2cfbe1205fe17,0,0,0,,,0,0,0,no_overlap
improve-a305af7d3a2b415d,0,0,0,,,0,0,0,no_overlap
improve-d114429bf85884fd,0,0,0,,,0,0,0,no_overlap
improve-5053bbbcf7b3ffc4,0,0,0,,,0,0,0,no_overlap
improve-3a96fe952326484f,0,0,0,,,0,0,0,no_overlap
improve-5ca447ec68c041b4,0,0,0,,,0,0,0,no_overlap
improve-3e4051e96adb1ba4,0,0,0,,,0,0,0,no_overlap
improve-49ea512ca97b0bbe,0,0,0,,,0,0,0,no_overlap
improve-2fcd450bd90e7998,0,0,0,,,0,0,0,no_overlap
improve-423e27ec1d4c94bd,0,0,0,,,0,0,0,no_overlap
improve-7397628a817c60f2,0,0,0,,,0,0,0,no_overlap
improve-a8f29ed4c87377ae,0,0,0,,,0,0,0,no_overlap
improve-c5bf4240c8e51fe3,0,0,0,,,0,0,0,no_overlap
improve-97defd0fd04b9c82,0,0,0,,,0,0,0,no_overlap
improve-c2750b98416ce777,0,0,0,,,0,0,0,no_overlap
improve-bd44873d0be10451,0,0,0,,,0,0,0,no_overlap
improve-35d8b6771da42306,0,0,0,,,0,0,0,no_overlap
improve-93acd9158c872893,0,0,0,,,0,0,0,no_overlap
improve-7ca6aa775ae1bbfa,0,0,0,,,0,0,0,no_overlap
improve-46a28bccd50ae199,0,0,0,,,0,0,0,no_overlap
improve-78c73351b8f6a4e0,0,0,0,,,0,0,0,no_overlap
improve-97e9b6c43a9e0bc9,0,0,0,,,0,0,0,no_overlap
improve-dbead05c25e3458d,1,0,0,,,0,0,0,no_overlap
improve-cab1cb26f1d5989b,0,0,0,,,0,0,0,no_overlap
improve-9f7b9cf2beae1843,0,0,0,,,0,0,0,no_overlap
improve-ca4985df1b6a0a7e,0,0,0,,,0,0,0,no_overlap
improve-9be085d8ed37ce10,0,0,0,,,0,0,0,no_overlap
improve-5d74c2ceb72e323c,1,0,0,,,0,0,0,no_overlap
improve-271be24df378b041,0,0,0,,,0,0,0,no_overlap
improve-571df15f314948ea,0,0,0,,,0,0,0,no_overlap
improve-cb0ff0ad4b1d45d1,0,0,0,,,0,0,0,no_overlap
improve-8a379517b94e1f47,0,0,0,,,0,0,0,no_overlap
improve-fa5e2e70f569abd1,0,0,0,,,0,0,0,no_overlap
improve-9f9c119f7cb14b47,0,0,0,,,0,0,0,no_overlap
improve-eca2013b61ff88c0,0,0,0,,,0,0,0,no_overlap
improve-b04cee5fea59842f,0,0,0,,,0,0,0,no_overlap
improve-bdc879a084f58f76,0,0,0,,,0,0,0,no_overlap
improve-37efa027d884c667,0,0,0,,,0,0,0,no_overlap
improve-32a3d4ff3fceab3c,0,0,0,,,0,0,0,no_overlap
improve-e801cfc02ce4043d,0,0,0,,,0,0,0,no_overlap
improve-3b5300086f6513d2,0,0,0,,,0,0,0,no_overlap
improve-21fa16e67d9b303c,0,0,0,,,0,0,0,no_overlap
improve-4f0f30d94f9e21b4,0,0,0,,,0,0,0,no_overlap
improve-207943827f4cf622,0,0,0,,,0,0,0,no_overlap
improve-2e8c60018b86e91b,0,0,0,,,0,0,0,no_overlap
improve-bbd038c54e9c06a7,0,0,0,,,0,0,0,no_overlap
improve-aed5037f2a7a3240,0,0,0,,,0,0,0,no_overlap
improve-8e8f7f5034a086cd,0,0,0,,,0,0,0,no_overlap
improve-afb8a59dc83a1675,0,0,0,,,0,0,0,no_overlap
improve-5869fc31f088f8c5,0,0,0,,,0,0,0,no_overlap
improve-8576296b63be9e36,0,0,0,,,0,0,0,no_overlap
improve-4b7a8546c1aa1fcc,0,0,0,,,0,0,0,no_overlap
improve-064915abcdf1396c,0,0,0,,,0,0,0,no_overlap
improve-9164d19a798c9c44,0,0,0,,,0,0,0,no_overlap
improve-089d368bef191a53,0,0,0,,,0,0,0,no_overlap
improve-8a2517a77fb02aca,0,0,0,,,0,0,0,no_overlap
improve-9c51c0a6595910aa,0,0,0,,,0,0,0,no_overlap
improve-82efdfa7623e8e7d,0,0,0,,,0,0,0,no_overlap
improve-9b564c2fb9e4769d,0,0,0,,,0,0,0,no_overlap
improve-74d9f69a438b5a97,0,0,0,,,0,0,0,no_overlap
improve-23b9b96e25994ad5,0,0,0,,,0,0,0,no_overlap
improve-b90285fbb3355ef8,0,0,0,,,0,0,0,no_overlap
improve-84f41c028c3e0ba9,0,0,0,,,0,0,0,no_overlap
improve-0685c89a9ef60e3c,0,0,0,,,0,0,0,no_overlap
improve-ea68d9b9c34b1f3a,0,0,0,,,0,0,0,no_overlap
improve-4ddcff1483bb4fce,0,0,0,,,0,0,0,no_overlap
improve-bbaaf1a293d94938,0,0,0,,,0,0,0,no_overlap
improve-7e9b261fb287e899,0,0,0,,,0,0,0,no_overlap
improve-9a4ca8cf757d5768,0,0,0,,,0,0,0,no_overlap
improve-a854e692dc4abe84,0,0,0,,,0,0,0,no_overlap
improve-63558ad5a8fffb1a,0,0,0,,,0,0,0,no_overlap
improve-561939d787fbeff6,0,0,0,,,0,0,0,no_overlap
improve-b949a79e6e203f3a,0,0,0,,,0,0,0,no_overlap
improve-0b8fd83c523e0f60,0,0,0,,,0,0,0,no_overlap
improve-8f41c63136f0d799,0,0,0,,,0,0,0,no_overlap
improve-76d87eb613f3d813,0,0,0,,,0,0,0,no_overlap
improve-5244d2d8d9dedab3,0,0,0,,,0,0,0,no_overlap
improve-a279539ff65b9658,0,0,0,,,0,0,0,no_overlap
improve-4cd5b8179cad37f2,0,0,0,,,0,0,0,no_overlap
improve-9347e72fa9670228,0,0,0,,,0,0,0,no_overlap
improve-0e66083accc70849,0,0,0,,,0,0,0,no_overlap
improve-042f66a05f093393,0,0,0,,,0,0,0,no_overlap
improve-6facdb6aab5ff401,0,0,0,,,0,0,0,no_overlap
improve-c55b802dce768cec,0,0,0,,,0,0,0,no_overlap
improve-be8914358b84e04c,0,0,0,,,0,0,0,no_overlap
improve-ac522c0ffdf53b56,0,0,0,,,0,0,0,no_overlap
improve-e3d2d153c062c761,0,0,0,,,0,0,0,no_overlap
improve-46e94f4248bf767a,0,0,0,,,0,0,0,no_overlap
improve-2a19817b76400a80,0,0,0,,,0,0,0,no_overlap
improve-8b9769502f5eadfb,0,0,0,,,0,0,0,no_overlap
improve-8fb7f2a1afab4b5d,0,0,0,,,0,0,0,no_overlap
improve-d631d7733cdb6566,0,0,0,,,0,0,0,no_overlap
improve-166f7c234d73273a,0,0,0,,,0,0,0,no_overlap
improve-49d8f77af598718a,0,0,0,,,0,0,0,no_overlap
improve-42a1c23d12c35be7,1,0,0,,,0,0,0,no_overlap
improve-9308e3104b95e4c8,0,0,0,,,0,0,0,no_overlap
improve-d5592757e8c723c5,0,0,0,,,0,0,0,no_overlap
improve-70a43bd3721d6220,0,0,0,,,0,0,0,no_overlap
improve-f3c6b5f0192b20bc,0,0,0,,,0,0,0,no_overlap
improve-2138ff4a099b76f9,0,0,0,,,0,0,0,no_overlap
improve-97bb1f023e23b430,0,0,0,,,0,0,0,no_overlap
improve-3541163dbea0b035,0,0,0,,,0,0,0,no_overlap
improve-7e21929c418dcadb,0,0,0,,,0,0,0,no_overlap
improve-9aa8a85c2adf6923,0,0,0,,,0,0,0,no_overlap
improve-a6d1d99dbbf1c502,0,0,0,,,0,0,0,no_overlap
improve-fe4504961899543a,0,0,0,,,0,0,0,no_overlap
improve-434617e72f11bf3a,0,0,0,,,0,0,0,no_overlap
improve-bcd0817d07b133e8,0,0,0,,,0,0,0,no_overlap
improve-011f4ac789d30901,0,0,0,,,0,0,0,no_overlap
improve-4b9d14bc09ab9056,0,0,0,,,0,0,0,no_overlap
improve-614ebf2d6f8f9968,0,0,0,,,0,0,0,no_overlap
improve-a167c84c25c49d15,0,0,0,,,0,0,0,no_overlap
improve-23a09a20a15ad8ce,0,0,0,,,0,0,0,no_overlap
improve-6d47c1cebab26e9a,0,0,0,,,0,0,0,no_overlap
improve-f636964f4703a856,0,0,0,,,0,0,0,no_overlap
improve-5574136e81468c7b,0,0,0,,,0,0,0,no_overlap
improve-eb42ca293de27e78,0,0,0,,,0,0,0,no_overlap
improve-7694f75673951067,0,0,0,,,0,0,0,no_overlap
improve-6a629ec133bb2b61,0,0,0,,,0,0,0,no_overlap
improve-0570007af0a5eb0e,0,0,0,,,0,0,0,no_overlap
improve-477114edbf6894f8,0,0,0,,,0,0,0,no_overlap
improve-c36740b41df54035,0,0,0,,,0,0,0,no_overlap
improve-f119ad31f9e27d4f,0,0,0,,,0,0,0,no_overlap
improve-86dc2e3b43cc5cd9,0,0,0,,,0,0,0,no_overlap
improve-3a434552566ab9de,0,0,0,,,0,0,0,no_overlap
improve-f56b4dd5f6d7be2f,0,0,0,,,0,0,0,no_overlap
improve-e13ae4a8428cb1e5,0,0,0,,,0,0,0,no_overlap
improve-d3e2f7bef4070dc9,0,0,0,,,0,0,0,no_overlap
improve-5fd4122ebd4167e9,0,0,0,,,0,0,0,no_overlap
improve-b9af422a31a2234f,0,0,0,,,0,0,0,no_overlap
improve-7d05deea4c7d2905,0,0,0,,,0,0,0,no_overlap
improve-abcfffb7f64d5323,0,0,0,,,0,0,0,no_overlap
improve-012d67738124d4ff,0,0,0,,,0,0,0,no_overlap
improve-c16987ca080be02e,0,0,0,,,0,0,0,no_overlap
improve-32a0367604f44f60,0,0,0,,,0,0,0,no_overlap
improve-1e1ac62b108674f2,0,0,0,,,0,0,0,no_overlap
improve-5b035a2341febb53,0,0,0,,,0,0,0,no_overlap
improve-18ededf31e5ff4d2,0,0,0,,,0,0,0,no_overlap
improve-9e11463ddd310c2d,0,0,0,,,0,0,0,no_overlap
improve-e07eb4ae6a566985,0,0,0,,,0,0,0,no_overlap
improve-c51ad4c56cb91159,0,0,0,,,0,0,0,no_overlap
improve-223b07819afa0514,0,0,0,,,0,0,0,no_overlap
improve-d68ef032d9d8d2bb,0,0,0,,,0,0,0,no_overlap
improve-b4e1ea9dee4f07e6,0,0,0,,,0,0,0,no_overlap
improve-60f235161fba316c,0,0,0,,,0,0,0,no_overlap
improve-6cbb30913f026a38,0,0,0,,,0,0,0,no_overlap
improve-bd091cbc1af171f2,0,0,0,,,0,0,0,no_overlap
improve-e2b332191420387c,0,0,0,,,0,0,0,no_overlap
improve-add7bcc7c11586bd,0,0,0,,,0,0,0,no_overlap
improve-4b2f326cd2861460,0,0,0,,,0,0,0,no_overlap
improve-c6a95db5eea38e19,0,0,0,,,0,0,0,no_overlap
improve-690440f0b8e2e4d1,0,0,0,,,0,0,0,no_overlap
improve-b0715b127c9ff5b0,0,0,0,,,0,0,0,no_overlap
improve-438674b4aa71ec15,0,0,0,,,0,0,0,no_overlap
improve-f211353d4fabd5d1,0,0,0,,,0,0,0,no_overlap
improve-ae4a103b974bdf7c,0,0,0,,,0,0,0,no_overlap
improve-113af3427e02b947,0,0,0,,,0,0,0,no_overlap
improve-dd334ca8fc560a1f,0,0,0,,,0,0,0,no_overlap
improve-a4b77da65ecc0733,0,0,0,,,0,0,0,no_overlap
improve-5f3810af1a258469,0,0,0,,,0,0,0,no_overlap
improve-58ecc8e404bdf5db,0,0,0,,,0,0,0,no_overlap
improve-49740a1479e6ba70,0,0,0,,,0,0,0,no_overlap
improve-e63f7e8daa5b6ba1,0,0,0,,,0,0,0,no_overlap
improve-1471ac9d0ecad1bf,0,0,0,,,0,0,0,no_overlap
improve-9f9037f9e8d2730e,0,0,0,,,0,0,0,no_overlap
improve-82c486bb082d0985,0,0,0,,,0,0,0,no_overlap
improve-981530d763500c2a,0,0,0,,,0,0,0,no_overlap
improve-34650d76e060ed04,0,0,0,,,0,0,0,no_overlap
improve-07fd64fd2a1b23d0,0,0,0,,,0,0,0,no_overlap
improve-f48b0e24718c236a,0,0,0,,,0,0,0,no_overlap
improve-624e52baf459663e,0,0,0,,,0,0,0,no_overlap
improve-e76d746697130ae2,0,0,0,,,0,0,0,no_overlap
improve-1c41279caa94439b,0,0,0,,,0,0,0,no_overlap
improve-8e381f064beed948,0,0,0,,,0,0,0,no_overlap
improve-5873fb04b98883c1,0,0,0,,,0,0,0,no_overlap
improve-7390edeca96ace06,0,0,0,,,0,0,0,no_overlap
improve-aaeaf7d0439be157,0,0,0,,,0,0,0,no_overlap
improve-6cb5b18442f6f33a,0,0,0,,,0,0,0,no_overlap
improve-de55ab543d63cbda,0,0,0,,,0,0,0,no_overlap
improve-4c741e8d09a18571,0,0,0,,,0,0,0,no_overlap
improve-38155eee1cfe84ed,0,0,0,,,0,0,0,no_overlap
improve-75550c62252d3a34,0,0,0,,,0,0,0,no_overlap
improve-d4c84730b8c97b8f,0,0,0,,,0,0,0,no_overlap
improve-881b9cdfa44ebe62,0,0,0,,,0,0,0,no_overlap
improve-816d5d1c5a42e222,0,0,0,,,0,0,0,no_overlap
improve-3d8797e35bc7d3a7,0,0,0,,,0,0,0,no_overlap
improve-cf5998a8eb5fa9d0,0,0,0,,,0,0,0,no_overlap
improve-f9c30d9c27092cfe,0,0,0,,,0,0,0,no_overlap
improve-91e489e1177f5c58,0,0,0,,,0,0,0,no_overlap
improve-4fe2ae7bd028b417,0,0,0,,,0,0,0,no_overlap
improve-47217f148a4c1ec8,0,0,0,,,0,0,0,no_overlap
improve-36391a5384390e24,0,0,0,,,0,0,0,no_overlap
improve-a515dfae2175691b,0,0,0,,,0,0,0,no_overlap
improve-a5eca8e1d26f03d4,0,0,0,,,0,0,0,no_overlap
improve-c365b8d2f8a977af,0,0,0,,,0,0,0,no_overlap
improve-65415580d8a58ce7,0,0,0,,,0,0,0,no_overlap
improve-2501b75c775ed10f,0,0,0,,,0,0,0,no_overlap
improve-e84779947e1f8079,0,0,0,,,0,0,0,no_overlap
improve-727d0c7666dd0729,0,0,0,,,0,0,0,no_overlap
improve-b6abba13288cc353,0,0,0,,,0,0,0,no_overlap
improve-9a86ba937355701b,0,0,0,,,0,0,0,no_overlap
improve-df89b3d2ee96e3f4,0,0,0,,,0,0,0,no_overlap
improve-02aa3df489cd1882,0,0,0,,,0,0,0,no_overlap
improve-5553419fb81215ca,0,0,0,,,0,0,0,no_overlap
improve-693b6a66a633c68b,0,0,0,,,0,0,0,no_overlap
improve-e64aa9e1dac536e0,0,0,0,,,0,0,0,no_overlap
improve-0eca441448a56242,0,0,0,,,0,0,0,no_overlap
improve-f812db9021e5e5ac,0,0,0,,,0,0,0,no_overlap
improve-74ac52806b90b71d,0,0,0,,,0,0,0,no_overlap
improve-9fdb772b905608e4,0,0,0,,,0,0,0,no_overlap
improve-ce822bc0f6cd1960,0,0,0,,,0,0,0,no_overlap
improve-bb2adb62c9a81742,0,0,0,,,0,0,0,no_overlap
improve-d98895805cb6d14e,0,0,0,,,0,0,0,no_overlap
improve-d45dc25c64f508ee,0,0,0,,,0,0,0,no_overlap
improve-4833ef6a17eb0a80,0,0,0,,,0,0,0,no_overlap
improve-cf37c877516f0eb2,1,0,0,,,0,0,0,no_overlap
improve-d61e8652d5fc115a,0,0,0,,,0,0,0,no_overlap
improve-e87055d5becd4d1f,0,0,0,,,0,0,0,no_overlap
improve-73dcba7a56c1a287,0,0,0,,,0,0,0,no_overlap
improve-5987a45a296743ad,0,0,0,,,0,0,0,no_overlap
improve-e5ea46df8fa81dff,0,0,0,,,0,0,0,no_overlap
improve-c02f7e4ba455590f,0,0,0,,,0,0,0,no_overlap
improve-a4b1ace191f82eee,0,0,0,,,0,0,0,no_overlap
improve-7894022f70d86498,0,0,0,,,0,0,0,no_overlap
improve-459febcac121ffa0,0,0,0,,,0,0,0,no_overlap
improve-859539670e9b6ee0,0,0,0,,,0,0,0,no_overlap
improve-862317fdc641ad00,0,0,0,,,0,0,0,no_overlap
improve-72cd224f38936472,0,0,0,,,0,0,0,no_overlap
improve-36564ffb0348a8fb,0,0,0,,,0,0,0,no_overlap
improve-49c07e658f40f543,0,0,0,,,0,0,0,no_overlap
improve-1a86ea16db66ea5e,0,0,0,,,0,0,0,no_overlap
improve-412d22fb7c552c5a,0,0,0,,,0,0,0,no_overlap
improve-105f2e6b30ecdc52,0,0,0,,,0,0,0,no_overlap
improve-dd86eadca2b0e09a,0,0,0,,,0,0,0,no_overlap
improve-7da1325dc4650ffc,0,0,0,,,0,0,0,no_overlap
improve-fbbb06bea042aa26,0,0,0,,,0,0,0,no_overlap
improve-cb81223dfc1b0864,0,0,0,,,0,0,0,no_overlap
improve-e1c51745a541f6a8,0,0,0,,,0,0,0,no_overlap
improve-d784ee3a69d342ea,0,0,0,,,0,0,0,no_overlap
improve-0c34519cc0f4632a,0,0,0,,,0,0,0,no_overlap
improve-f7befa5d34f53db9,0,0,0,,,0,0,0,no_overlap
improve-39872dd4403fc724,0,0,0,,,0,0,0,no_overlap
improve-ccf432b9635b3760,0,0,0,,,0,0,0,no_overlap
improve-80bbb38cbfec932d,0,0,0,,,0,0,0,no_overlap
improve-f6127ca86f96672a,0,0,0,,,0,0,0,no_overlap
improve-74ed5414c9fcc690,0,0,0,,,0,0,0,no_overlap
improve-f64fb1ebd8a9ace8,0,0,0,,,0,0,0,no_overlap
improve-2cf166984a1c24ee,0,0,0,,,0,0,0,no_overlap
improve-0ce62e5abbd7cc7e,0,0,0,,,0,0,0,no_overlap
improve-111bcba47f5d1bbe,0,0,0,,,0,0,0,no_overlap
improve-af6e5e582139167c,0,0,0,,,0,0,0,no_overlap
improve-5ab765fc50df3ecd,1,0,0,,,0,0,0,no_overlap
improve-3aa812b6332b70bd,0,0,0,,,0,0,0,no_overlap
improve-bae213ff7b6e3621,0,0,0,,,0,0,0,no_overlap
improve-284c3f66c93935d6,0,0,0,,,0,0,0,no_overlap
improve-864659f2fb257b5c,0,0,0,,,0,0,0,no_overlap
improve-7599216d2b58471b,0,0,0,,,0,0,0,no_overlap
improve-dadfb81e79fa4102,0,0,0,,,0,0,0,no_overlap
improve-492de622981db4e2,0,0,0,,,0,0,0,no_overlap
improve-68537e388ecffd40,0,0,0,,,0,0,0,no_overlap
improve-86f03c4605c9fc68,0,0,0,,,0,0,0,no_overlap
improve-4435cf8a7a561ad2,0,0,0,,,0,0,0,no_overlap
improve-705d43a9ecec0ed5,0,0,0,,,0,0,0,no_overlap
improve-123ae9e103ff02ee,0,0,0,,,0,0,0,no_overlap
improve-2c644ac3861aab97,0,0,0,,,0,0,0,no_overlap
improve-b63926e3a4567193,0,0,0,,,0,0,0,no_overlap
improve-0544f67427bd95fe,0,0,0,,,0,0,0,no_overlap
improve-5074f8ea9014455c,0,0,0,,,0,0,0,no_overlap
improve-4191e6e63bdcc22b,0,0,0,,,0,0,0,no_overlap
improve-d51b61ba0d9a97f1,0,0,0,,,0,0,0,no_overlap
improve-c3cecbbe019ff48d,0,0,0,,,0,0,0,no_overlap
improve-09866e5266a49377,0,0,0,,,0,0,0,no_overlap
improve-35b48ca85faa494d,0,0,0,,,0,0,0,no_overlap
improve-d15564377a4679dd,0,0,0,,,0,0,0,no_overlap
improve-672364651c4e32cd,0,0,0,,,0,0,0,no_overlap
improve-38b1e9341ea79939,0,0,0,,,0,0,0,no_overlap
improve-1b7e31895431476f,0,0,0,,,0,0,0,no_overlap
improve-7ae1f8bc0c6bcd42,0,0,0,,,0,0,0,no_overlap
improve-9c989c22aab0a5e3,0,0,0,,,0,0,0,no_overlap
improve-d50326782a5ddbab,0,0,0,,,0,0,0,no_overlap
improve-6f8cfee08df8e3bd,0,0,0,,,0,0,0,no_overlap
improve-503b3b02a973f1c3,0,0,0,,,0,0,0,no_overlap
improve-86349ddc8b80a8ef,0,0,0,,,0,0,0,no_overlap
improve-689aaa231414220d,0,0,0,,,0,0,0,no_overlap
improve-c775172e74d983e9,0,0,0,,,0,0,0,no_overlap
improve-a4a4cb50eed051e2,0,0,0,,,0,0,0,no_overlap
improve-66a72c43e1594ce5,0,0,0,,,0,0,0,no_overlap
improve-9d98794c6a617354,0,0,0,,,0,0,0,no_overlap
improve-f4525b23a2122f5b,0,0,0,,,0,0,0,no_overlap
improve-13b7b8050301111e,0,0,0,,,0,0,0,no_overlap
improve-cc36d372ce9d6f60,0,0,0,,,0,0,0,no_overlap
improve-ad9ad5d37a808c53,0,0,0,,,0,0,0,no_overlap
improve-177a538b95994cea,0,0,0,,,0,0,0,no_overlap
improve-d946defd7d97c5e2,0,0,0,,,0,0,0,no_overlap
improve-01751936d1dcd0f2,0,0,0,,,0,0,0,no_overlap
improve-de2dbd5f11fa4694,0,0,0,,,0,0,0,no_overlap
improve-03a0a93756942ac4,0,0,0,,,0,0,0,no_overlap
improve-e5f955e90f095ae7,0,0,0,,,0,0,0,no_overlap
improve-54e394cfcefde5be,0,0,0,,,0,0,0,no_overlap
improve-238acae5477ef87d,0,0,0,,,0,0,0,no_overlap
improve-24c8dcdcd46d93ff,0,0,0,,,0,0,0,no_overlap
improve-eb6af5a563a69012,0,0,0,,,0,0,0,no_overlap
improve-73e53be0f1e4ac9c,0,0,0,,,0,0,0,no_overlap
improve-c3e854f713f6819d,0,0,0,,,0,0,0,no_overlap
improve-455dea8a88e60b6e,0,0,0,,,0,0,0,no_overlap
improve-8f7ef9ef5acbb030,0,0,0,,,0,0,0,no_overlap
improve-71791f87db255dc2,0,0,0,,,0,0,0,no_overlap
improve-6b6f34f06463197c,0,0,0,,,0,0,0,no_overlap
improve-3c54322897a176ed,0,0,0,,,0,0,0,no_overlap
improve-7945c242d80966a9,1,0,0,,,0,0,0,no_overlap
improve-53cb66efea0badec,0,0,0,,,0,0,0,no_overlap
improve-ac91189cc66254c4,0,0,0,,,0,0,0,no_overlap
improve-c09a211a3b549c43,0,0,0,,,0,0,0,no_overlap
improve-0a39c449c32be264,0,0,0,,,0,0,0,no_overlap
improve-7b4928fda46e3198,0,0,0,,,0,0,0,no_overlap
improve-625034c2df66b736,0,0,0,,,0,0,0,no_overlap
improve-899bf4d53e328a33,0,0,0,,,0,0,0,no_overlap
improve-db6862d5a27f4634,0,0,0,,,0,0,0,no_overlap
improve-7bf27be245e47055,0,0,0,,,0,0,0,no_overlap
improve-05341daa0a3659a2,0,0,0,,,0,0,0,no_overlap
improve-3110e5c4bb416315,0,0,0,,,0,0,0,no_overlap
improve-0b209d2422d631c4,0,0,0,,,0,0,0,no_overlap
improve-3bb0304eeafef08c,0,0,0,,,0,0,0,no_overlap
improve-f0937eb05f7ab599,0,0,0,,,0,0,0,no_overlap
improve-cb2fecea63d24f17,0,0,0,,,0,0,0,no_overlap
improve-56e8b7ae788148ca,0,0,0,,,0,0,0,no_overlap
improve-5f6140e994e9d36c,0,0,0,,,0,0,0,no_overlap
improve-035d095863bbcbe4,0,0,0,,,0,0,0,no_overlap
improve-9de699e66a257e7a,0,0,0,,,0,0,0,no_overlap
improve-93827839ddc0e8f4,0,0,0,,,0,0,0,no_overlap
improve-ccb4938175791bd2,0,0,0,,,0,0,0,no_overlap
improve-143bdaebd34e88a3,0,0,0,,,0,0,0,no_overlap
improve-d9930d1fde1e6b4a,0,0,0,,,0,0,0,no_overlap
improve-a0dba64c1e7919aa,0,0,0,,,0,0,0,no_overlap
improve-111d683960ebfd45,0,0,0,,,0,0,0,no_overlap
improve-651ff4d6caf3473c,0,0,0,,,0,0,0,no_overlap
improve-08b26a967f0e288f,0,0,0,,,0,0,0,no_overlap
improve-0fc887fc3b2d4077,0,0,0,,,0,0,0,no_overlap
improve-6873e05a5ac7382a,0,0,0,,,0,0,0,no_overlap
improve-97ed6ec75ca1c06d,0,0,0,,,0,0,0,no_overlap
improve-979ca56889c5d944,0,0,0,,,0,0,0,no_overlap
improve-8b8156dcd03b2fe6,0,0,0,,,0,0,0,no_overlap
improve-9c117e5fc5dcb474,0,0,0,,,0,0,0,no_overlap
improve-2e5506f916297b60,0,0,0,,,0,0,0,no_overlap
improve-ee92f600fdaa2e9b,0,0,0,,,0,0,0,no_overlap
improve-6b76abd13cf433a1,0,0,0,,,0,0,0,no_overlap
improve-e9b23e55c8aff77a,0,0,0,,,0,0,0,no_overlap
improve-31f8607825ef7916,0,0,0,,,0,0,0,no_overlap
improve-87c63eb481cfe7d3,0,0,0,,,0,0,0,no_overlap
improve-6d41dbc03ecfebd8,0,0,0,,,0,0,0,no_overlap
improve-abcc5c9c10f6bb54,0,0,0,,,0,0,0,no_overlap
improve-475c80b975f4efea,0,0,0,,,0,0,0,no_overlap
improve-f03ca27fb21fe452,0,0,0,,,0,0,0,no_overlap
improve-1c7d563dbae78058,0,0,0,,,0,0,0,no_overlap
improve-df95ebc5d6449b9a,0,0,0,,,0,0,0,no_overlap
improve-8f68a8ce0ebaac1a,0,0,0,,,0,0,0,no_overlap
improve-63f4ff07e9d45795,0,0,0,,,0,0,0,no_overlap
improve-92bbeb77e467d5de,0,0,0,,,0,0,0,no_overlap
improve-6905728796b95009,0,0,0,,,0,0,0,no_overlap
improve-a02aedc3d410da38,0,0,0,,,0,0,0,no_overlap
improve-9dd55a716765278f,0,0,0,,,0,0,0,no_overlap
improve-2f81a5c5dd75f8b4,0,0,0,,,0,0,0,no_overlap
improve-c86b79e97c8f516c,0,0,0,,,0,0,0,no_overlap
improve-d8a309bb0e2ca942,0,0,0,,,0,0,0,no_overlap
improve-54c36bf1d32ba9f5,0,0,0,,,0,0,0,no_overlap
improve-1938d8bd062f4339,0,0,0,,,0,0,0,no_overlap
improve-7102a479de0d669a,0,0,0,,,0,0,0,no_overlap
improve-de103851197b9e48,1,0,0,,,0,0,0,no_overlap
improve-cb440c2e512e484e,0,0,0,,,0,0,0,no_overlap
improve-cea6e9ae89be8c99,0,0,0,,,0,0,0,no_overlap
improve-78e0ec96a5017f98,0,0,0,,,0,0,0,no_overlap
improve-367fef60c8b75384,0,0,0,,,0,0,0,no_overlap
improve-1c161e1c70249bb1,0,0,0,,,0,0,0,no_overlap
improve-47edb0ad8e1ed1ab,0,0,0,,,0,0,0,no_overlap
improve-b5e0168ae503c1e0,0,0,0,,,0,0,0,no_overlap
improve-3bd67a008ce6534f,0,0,0,,,0,0,0,no_overlap
improve-14077e19b02859a2,0,0,0,,,0,0,0,no_overlap
improve-2d6bb4748fc84b20,0,0,0,,,0,0,0,no_overlap
improve-b5f8aaab3e87b0b8,0,0,0,,,0,0,0,no_overlap
improve-1e5eaf5a2f774092,0,0,0,,,0,0,0,no_overlap
improve-9c2a8bd0751008d6,0,0,0,,,0,0,0,no_overlap
improve-3e8bfa0bed6ccf89,0,0,0,,,0,0,0,no_overlap
improve-1bdc5457a235c37d,0,0,0,,,0,0,0,no_overlap
improve-29decdbed17c66a1,0,0,0,,,0,0,0,no_overlap
improve-e6bb0ac9d6f72a27,0,0,0,,,0,0,0,no_overlap
improve-51fa567f79e8b646,0,0,0,,,0,0,0,no_overlap
improve-4117c5dd207b9278,0,0,0,,,0,0,0,no_overlap
improve-aab90ce9ca92847f,0,0,0,,,0,0,0,no_overlap
improve-c4b911d5bc6bd3d2,0,0,0,,,0,0,0,no_overlap
improve-b6c72abdf69b812e,0,0,0,,,0,0,0,no_overlap
improve-61971b55fba8b9c7,0,0,0,,,0,0,0,no_overlap
improve-ee26bded9b8b7af8,0,0,0,,,0,0,0,no_overlap
improve-243a41995beb71a7,0,0,0,,,0,0,0,no_overlap
improve-e34605ee5e8a187f,0,0,0,,,0,0,0,no_overlap
improve-f8615e366b5f5ba4,0,0,0,,,0,0,0,no_overlap
improve-aaba15dfee05078a,0,0,0,,,0,0,0,no_overlap
improve-65ddf6ab3aa99662,0,0,0,,,0,0,0,no_overlap
improve-67420a30a8bd5d5e,0,0,0,,,0,0,0,no_overlap
improve-2c449824f08d3b8b,0,0,0,,,0,0,0,no_overlap
improve-3c82985009809448,0,0,0,,,0,0,0,no_overlap
improve-b07809cbe279413e,0,0,0,,,0,0,0,no_overlap
improve-b98a640f05867d2c,0,0,0,,,0,0,0,no_overlap
improve-aa02ef511035d639,0,0,0,,,0,0,0,no_overlap
improve-e1679d8b4c3b822f,0,0,0,,,0,0,0,no_overlap
improve-02515eb229a603b3,0,0,0,,,0,0,0,no_overlap
improve-4229c7d8e4ec033a,0,0,0,,,0,0,0,no_overlap
improve-b5a3dd5b60933c6b,0,0,0,,,0,0,0,no_overlap
improve-8d5b8f05f20fcff4,0,0,0,,,0,0,0,no_overlap
improve-99c150ec2fade22e,0,0,0,,,0,0,0,no_overlap
improve-317c294db99681a3,0,0,0,,,0,0,0,no_overlap
improve-9cd5e2d16e90d555,0,0,0,,,0,0,0,no_overlap
improve-1b4778f49a2f555c,0,0,0,,,0,0,0,no_overlap
improve-72a6e8170f587a24,0,0,0,,,0,0,0,no_overlap
improve-b280baafc02301f1,0,0,0,,,0,0,0,no_overlap
improve-90373a1b2c5ce61d,0,0,0,,,0,0,0,no_overlap
improve-b37c3eabdcf4aaa8,0,0,0,,,0,0,0,no_overlap
improve-20b0bccc22123da8,0,0,0,,,0,0,0,no_overlap
improve-c8178e0ca2311585,0,0,0,,,0,0,0,no_overlap
improve-58a332c9d0610614,0,0,0,,,0,0,0,no_overlap
improve-afe215c3449dbcd6,0,0,0,,,0,0,0,no_overlap
improve-3beeb7f2e708dcf0,0,0,0,,,0,0,0,no_overlap
improve-3f937a668d8509aa,0,0,0,,,0,0,0,no_overlap
improve-90be750bbfeafcbe,0,0,0,,,0,0,0,no_overlap
improve-902e9debeff79902,0,0,0,,,0,0,0,no_overlap
improve-935b06090bfd7c0e,0,0,0,,,0,0,0,no_overlap
improve-391ae0e8c3af5a27,0,0,0,,,0,0,0,no_overlap
improve-37325f657f449ccc,0,0,0,,,0,0,0,no_overlap
improve-2c8bc78ed0f52b7a,0,0,0,,,0,0,0,no_overlap
improve-06c238aa6ddb140d,0,0,0,,,0,0,0,no_overlap
improve-9426edaee3f51b87,0,0,0,,,0,0,0,no_overlap
improve-312d04a27c686282,0,0,0,,,0,0,0,no_overlap
improve-a5400ef5f7693a4e,0,0,0,,,0,0,0,no_overlap
improve-4fdd8c86f94f3c90,0,0,0,,,0,0,0,no_overlap
improve-d515da2aed30f1d0,0,0,0,,,0,0,0,no_overlap
improve-241c06e56e02e355,0,0,0,,,0,0,0,no_overlap
improve-46931ede47b25a9c,0,0,0,,,0,0,0,no_overlap
improve-4e435f92283d1dfd,0,0,0,,,0,0,0,no_overlap
improve-99fd1aed0de8aba1,0,0,0,,,0,0,0,no_overlap
improve-b99faa0b919152dd,0,0,0,,,0,0,0,no_overlap
improve-f138c0324172cf4c,0,0,0,,,0,0,0,no_overlap
improve-72b8350141c8276a,0,0,0,,,0,0,0,no_overlap
improve-c7fd1f85bb04a794,0,0,0,,,0,0,0,no_overlap
improve-3072fb8c951f2b8f,0,0,0,,,0,0,0,no_overlap
improve-30dfa7dec5eeee96,0,0,0,,,0,0,0,no_overlap
improve-78d6b939b122c0b8,0,0,0,,,0,0,0,no_overlap
improve-bdc0c8c43b0af5ef,0,0,0,,,0,0,0,no_overlap
improve-f21e84ead98a1df2,0,0,0,,,0,0,0,no_overlap
improve-8d400e20ef385f62,0,0,0,,,0,0,0,no_overlap
improve-9cb8bf1cf1c0e371,0,0,0,,,0,0,0,no_overlap
improve-83ae44847886e15a,0,0,0,,,0,0,0,no_overlap
improve-3db70f651423e6fb,0,0,0,,,0,0,0,no_overlap
improve-7e756fe009e23149,0,0,0,,,0,0,0,no_overlap
improve-7f40593e21a1850c,0,0,0,,,0,0,0,no_overlap
improve-9bc46b48c20b7b5a,0,0,0,,,0,0,0,no_overlap
improve-90f3f995082a6790,0,0,0,,,0,0,0,no_overlap
improve-2f1de13dc96171de,0,0,0,,,0,0,0,no_overlap
improve-48dc9ed70008799a,0,0,0,,,0,0,0,no_overlap
improve-9b7560f432a61ddb,0,0,0,,,0,0,0,no_overlap
improve-50e19f7337058f2d,0,0,0,,,0,0,0,no_overlap
improve-7cf8c8ef70a6fef7,0,0,0,,,0,0,0,no_overlap
improve-3d1be39567207497,0,0,0,,,0,0,0,no_overlap
improve-65e44fab002a1082,0,0,0,,,0,0,0,no_overlap
improve-5138bcc1c3cd414d,0,0,0,,,0,0,0,no_overlap
improve-0f68c20ea676050b,0,0,0,,,0,0,0,no_overlap
improve-74456bc7a1c36546,0,0,0,,,0,0,0,no_overlap
improve-d1ca9fda73ef8241,0,0,0,,,0,0,0,no_overlap
improve-266aa5ff839113f0,0,0,0,,,0,0,0,no_overlap
improve-c73c43a6fc0176f6,0,0,0,,,0,0,0,no_overlap
improve-b0f5f26a6def414f,0,0,0,,,0,0,0,no_overlap
improve-4eac81803b18ab4f,0,0,0,,,0,0,0,no_overlap
improve-6171598b7edef2a9,0,0,0,,,0,0,0,no_overlap
improve-c379d303fa0127fb,0,0,0,,,0,0,0,no_overlap
improve-73b5a9558d552b7e,0,0,0,,,0,0,0,no_overlap
improve-98c69d81fb1a5aba,0,0,0,,,0,0,0,no_overlap
improve-35b066a2707819ec,0,0,0,,,0,0,0,no_overlap
improve-10e1a89dee5a8ebb,0,0,0,,,0,0,0,no_overlap
improve-6ecf6d089fb3b2a7,0,0,0,,,0,0,0,no_overlap
improve-5f469371d50a8812,0,0,0,,,0,0,0,no_overlap
improve-178af46392c37f89,0,0,0,,,0,0,0,no_overlap
improve-5b6645bcf419ef2b,0,0,0,,,0,0,0,no_overlap
improve-4c6014e3561318c8,0,0,0,,,0,0,0,no_overlap
improve-5a1dbe23057a6674,0,0,0,,,0,0,0,no_overlap
improve-9ab4da2ed6c810df,0,0,0,,,0,0,0,no_overlap
improve-9c26cc5c1b259166,0,0,0,,,0,0,0,no_overlap
improve-04d123260acdfa79,0,0,0,,,0,0,0,no_overlap
improve-5c1bb970250388e1,0,0,0,,,0,0,0,no_overlap
improve-1208a7e1d2780883,0,0,0,,,0,0,0,no_overlap
improve-ca3397479ea3428c,0,0,0,,,0,0,0,no_overlap
improve-71c7b18d4a38ddbd,0,0,0,,,0,0,0,no_overlap
improve-b61738d4e23504e8,0,0,0,,,0,0,0,no_overlap
improve-98f0e103b43c7c9a,0,0,0,,,0,0,0,no_overlap
improve-a9b3089a5735e8c6,0,0,0,,,0,0,0,no_overlap
improve-aaea780d765c25ba,0,0,0,,,0,0,0,no_overlap
improve-b54bf47a6adcc88f,0,0,0,,,0,0,0,no_overlap
improve-3a29e98cf2026d4d,0,0,0,,,0,0,0,no_overlap
improve-d57e6c9190682b0b,0,0,0,,,0,0,0,no_overlap
improve-2275935c927610f7,0,0,0,,,0,0,0,no_overlap
improve-118903e40b921cee,0,0,0,,,0,0,0,no_overlap
improve-c0f0d9c7733598a4,0,0,0,,,0,0,0,no_overlap
improve-b91d56a36e9291c5,0,0,0,,,0,0,0,no_overlap
improve-77b20cb8133c9da5,0,0,0,,,0,0,0,no_overlap
improve-f3878aaad348c523,0,0,0,,,0,0,0,no_overlap
improve-8697ec30b00d26ee,0,0,0,,,0,0,0,no_overlap
improve-e82233a31af864e1,0,0,0,,,0,0,0,no_overlap
improve-7dde6de39bb9e67e,0,0,0,,,0,0,0,no_overlap
improve-c373277327b939bf,0,0,0,,,0,0,0,no_overlap
improve-7bfd1d74f6941953,0,0,0,,,0,0,0,no_overlap
improve-8e5258e3fc3926c6,0,0,0,,,0,0,0,no_overlap
improve-aedd34b5b5cc9442,0,0,0,,,0,0,0,no_overlap
improve-360f6bcb630b1882,0,0,0,,,0,0,0,no_overlap
improve-604b8647a2011595,0,0,0,,,0,0,0,no_overlap
improve-f89d5167f26b7d51,0,0,0,,,0,0,0,no_overlap
improve-fc8061ba5cf04136,0,0,0,,,0,0,0,no_overlap
improve-d54636e8f4fcef9c,0,0,0,,,0,0,0,no_overlap
improve-765deaabc67756e8,0,0,0,,,0,0,0,no_overlap
improve-5fa935570d3ebf2c,0,0,0,,,0,0,0,no_overlap
improve-41c7ace5442cb645,0,0,0,,,0,0,0,no_overlap
improve-b743b6364fc200e7,0,0,0,,,0,0,0,no_overlap
improve-3e87b117b0fdf9ae,0,0,0,,,0,0,0,no_overlap
improve-0aec510e998a831a,0,0,0,,,0,0,0,no_overlap
improve-86950cac4a5040bc,0,0,0,,,0,0,0,no_overlap
improve-bdb204d61687019a,0,0,0,,,0,0,0,no_overlap
improve-3b1facf7ff3b448c,0,0,0,,,0,0,0,no_overlap
improve-42fb092a47f298fb,0,0,0,,,0,0,0,no_overlap
improve-4604955d870ab145,0,0,0,,,0,0,0,no_overlap
improve-73c791610d8dc628,0,0,0,,,0,0,0,no_overlap
improve-cfce6702f5976547,0,0,0,,,0,0,0,no_overlap
improve-6a60645bbecdef3c,0,0,0,,,0,0,0,no_overlap
improve-85c0fb6524b8a3d1,0,0,0,,,0,0,0,no_overlap
improve-84af259c0635c635,0,0,0,,,0,0,0,no_overlap
improve-66447c6c70f1a303,0,0,0,,,0,0,0,no_overlap
improve-349314afa4a1db9e,0,0,0,,,0,0,0,no_overlap
improve-0eabbb5525065f86,0,0,0,,,0,0,0,no_overlap
improve-1fefe2d3d7a76b25,0,0,0,,,0,0,0,no_overlap
improve-da397f31ee3cb6d5,0,0,0,,,0,0,0,no_overlap
improve-4de8fb03572c43a0,0,0,0,,,0,0,0,no_overlap
improve-50e42517ba0f91b1,0,0,0,,,0,0,0,no_overlap
improve-59385cf6f02ada73,0,0,0,,,0,0,0,no_overlap
improve-e7a32978ef0144aa,0,0,0,,,0,0,0,no_overlap
improve-9fb274ed737d4604,1,0,0,,,0,0,0,no_overlap
improve-6b75d192e43a822b,0,0,0,,,0,0,0,no_overlap
improve-37d27e11c6fe6e51,0,0,0,,,0,0,0,no_overlap
improve-2ea7c53eb7306e4a,0,0,0,,,0,0,0,no_overlap
improve-076624331c4241e4,0,0,0,,,0,0,0,no_overlap
improve-425ad9cbc250d659,0,0,0,,,0,0,0,no_overlap
improve-16f207848047cd55,0,0,0,,,0,0,0,no_overlap
improve-312ec0892f50ec6b,0,0,0,,,0,0,0,no_overlap
improve-185d313cc38ef273,0,0,0,,,0,0,0,no_overlap
improve-ba935a8645c5ef01,0,0,0,,,0,0,0,no_overlap
improve-11a3bf1a09510caf,0,0,0,,,0,0,0,no_overlap
improve-e34222a120bf61d3,0,0,0,,,0,0,0,no_overlap
improve-25652adffd49d9ee,1,0,0,,,0,0,0,no_overlap
improve-6ceb3c846f1cd6a9,0,0,0,,,0,0,0,no_overlap
improve-233daca1fde1931b,0,0,0,,,0,0,0,no_overlap
improve-a9d3b418a52b8f85,0,0,0,,,0,0,0,no_overlap
improve-34b3fd45143a9ac8,0,0,0,,,0,0,0,no_overlap
improve-46bfa019af2166db,0,0,0,,,0,0,0,no_overlap
improve-ebab20b691eea6a1,0,0,0,,,0,0,0,no_overlap
improve-4e266174e104c99a,0,0,0,,,0,0,0,no_overlap
improve-365f0ca08e019fe0,0,0,0,,,0,0,0,no_overlap
improve-0e2545d9ca751d94,0,0,0,,,0,0,0,no_overlap
improve-73f66a742be99f84,0,0,0,,,0,0,0,no_overlap
improve-d30928b9a5d2b34f,0,0,0,,,0,0,0,no_overlap
improve-0295090a40dfab59,0,0,0,,,0,0,0,no_overlap
improve-1456c73566d27b04,0,0,0,,,0,0,0,no_overlap
improve-11195086285bc297,0,0,0,,,0,0,0,no_overlap
improve-d25afb23f38b175a,0,0,0,,,0,0,0,no_overlap
improve-ae22638ff1cf9acc,1,0,0,,,0,0,0,no_overlap
improve-a004ba9edb97a685,0,0,0,,,0,0,0,no_overlap
improve-c1f2f562c705b96e,0,0,0,,,0,0,0,no_overlap
improve-b866d6234d289f73,0,0,0,,,0,0,0,no_overlap
improve-3732681b84e94ea6,0,0,0,,,0,0,0,no_overlap
improve-5a49205c51de37be,0,0,0,,,0,0,0,no_overlap
improve-0eae09754f0e9ece,0,0,0,,,0,0,0,no_overlap
improve-eda8cc835476f40e,0,0,0,,,0,0,0,no_overlap
improve-d7c5c1976752dfa9,0,0,0,,,0,0,0,no_overlap
improve-e89368c0e314f274,0,0,0,,,0,0,0,no_overlap
improve-39dc6d78c6437a19,0,0,0,,,0,0,0,no_overlap
improve-e555d52b9bc60764,0,0,0,,,0,0,0,no_overlap
improve-287dbee6f7e1d7db,0,0,0,,,0,0,0,no_overlap
improve-281c1c9c2c9c8263,1,0,0,,,0,0,0,no_overlap
improve-ba7ac83e6706b131,0,0,1,,,0,0,0,peptide_only_different_hla
improve-28ac0f3504ea3934,0,0,0,,,0,0,0,no_overlap
improve-dfcb83575039b19b,0,0,0,,,0,0,0,no_overlap
improve-a94146822a0dc7ca,0,0,1,,,0,0,0,peptide_only_different_hla
improve-839a7a40045a804f,0,0,1,,,0,0,0,peptide_only_different_hla
improve-5730955b2405d2c8,0,0,0,,,0,0,0,no_overlap
improve-96036f4b3b3c9c6f,0,0,1,,,0,0,0,peptide_only_different_hla
improve-b122490e7aaafefd,1,0,1,,,0,0,0,peptide_only_different_hla
improve-ea12c0855599e1ea,0,0,0,,,0,0,0,no_overlap
improve-80bf59d389a516ad,0,0,0,,,0,0,0,no_overlap
improve-6cd605998c718566,0,0,0,,,0,0,0,no_overlap
improve-3584e447bc554173,0,0,0,,,0,0,0,no_overlap
improve-968a622fe17328ad,0,0,0,,,0,0,0,no_overlap
improve-ef5d0ae45f9ee06d,0,0,0,,,0,0,0,no_overlap
improve-ddf65613fcc48b10,0,0,0,,,0,0,0,no_overlap
improve-64037ca223f3dd10,1,0,0,,,0,0,0,no_overlap
improve-c586c137d7e5cfa1,1,0,0,,,0,0,0,no_overlap
improve-24d9deac14652ac2,0,0,0,,,0,0,0,no_overlap
improve-3e786e0d01c66a6b,0,0,0,,,0,0,0,no_overlap
improve-78adb69f00f05003,0,0,0,,,0,0,0,no_overlap
improve-fa2c8d11d91be809,0,0,0,,,0,0,0,no_overlap
improve-521d4c14af3f96b8,0,0,0,,,0,0,0,no_overlap
improve-1e35a60485103fee,0,0,0,,,0,0,0,no_overlap
improve-01a62f948579325c,0,0,0,,,0,0,0,no_overlap
improve-c93665a742f19f4d,0,0,0,,,0,0,0,no_overlap
improve-517db16fa5667a2e,0,0,0,,,0,0,0,no_overlap
improve-c142686c899e737e,0,0,0,,,0,0,0,no_overlap
improve-2ec839d22fab71b4,0,0,0,,,0,0,0,no_overlap
improve-7c2d297b167ea9c4,0,0,0,,,0,0,0,no_overlap
improve-9831af8ce99df5f9,1,0,0,,,0,0,0,no_overlap
improve-017056c388acb7a7,0,0,0,,,0,0,0,no_overlap
improve-b78f58761c203302,0,0,0,,,0,0,0,no_overlap
improve-08c9d92f8426780a,0,0,0,,,0,0,0,no_overlap
improve-58c0cbcf0ec0a58f,0,0,0,,,0,0,0,no_overlap
improve-06ec9a1bb6ed2e22,0,0,0,,,0,0,0,no_overlap
improve-33b51530e33f111a,0,0,0,,,0,0,0,no_overlap
improve-feb4f7afe7cecc6d,0,0,0,,,0,0,0,no_overlap
improve-0a170e778b1a7a4b,0,0,0,,,0,0,0,no_overlap
improve-c2522408e289f22f,0,0,0,,,0,0,0,no_overlap
improve-a935af2e82175d32,0,0,0,,,0,0,0,no_overlap
improve-e183e8e3ad79648e,0,0,0,,,0,0,0,no_overlap
improve-edc738983b97d73d,0,0,0,,,0,0,0,no_overlap
improve-9887c6f64cf81c30,0,0,0,,,0,0,0,no_overlap
improve-2f0826fba3557fd3,0,0,0,,,0,0,0,no_overlap
improve-504e64dd9feab6e6,0,0,0,,,0,0,0,no_overlap
improve-bd0f96df020a76af,0,0,0,,,0,0,0,no_overlap
improve-9382005b64c5409f,0,0,0,,,0,0,0,no_overlap
improve-faab1d2bcd7a8515,0,0,0,,,0,0,0,no_overlap
improve-3aab5ecc0ef09e6f,0,0,0,,,0,0,0,no_overlap
improve-895471385cef7d00,0,0,0,,,0,0,0,no_overlap
improve-3612f1b6539b6396,0,0,0,,,0,0,0,no_overlap
improve-597e1315c9386d7e,0,0,0,,,0,0,0,no_overlap
improve-91226a755f3c5094,0,0,0,,,0,0,0,no_overlap
improve-78807fe3944d0130,0,0,0,,,0,0,0,no_overlap
improve-71b7d11632a6b539,0,0,0,,,0,0,0,no_overlap
improve-1ddc34c4d210573d,0,0,0,,,0,0,0,no_overlap
improve-17e31e4ddeb01e3d,0,0,0,,,0,0,0,no_overlap
improve-c46eb104680fe65d,0,0,0,,,0,0,0,no_overlap
improve-4ffca33efa1553fd,0,0,0,,,0,0,0,no_overlap
improve-549808f5dcec6299,0,0,0,,,0,0,0,no_overlap
improve-4418b755eebc66e2,0,0,0,,,0,0,0,no_overlap
improve-2a88f3c258620e70,0,0,0,,,0,0,0,no_overlap
improve-3c0ca64d8d34eb16,0,0,0,,,0,0,0,no_overlap
improve-0660ba46c7bfd67e,0,0,0,,,0,0,0,no_overlap
improve-767968456d5ba486,1,0,0,,,0,0,0,no_overlap
improve-9d5d5bf2c483993b,1,0,0,,,0,0,0,no_overlap
improve-223cb8e15812f850,1,0,0,,,0,0,0,no_overlap
improve-da040ce5bbf0c0e4,1,0,0,,,0,0,0,no_overlap
improve-988a66757e48b800,1,0,0,,,0,0,0,no_overlap
improve-b3fd24728aa5409e,0,0,0,,,0,0,0,no_overlap
improve-72c3e2cdf7f3d505,0,0,0,,,0,0,0,no_overlap
improve-e01752dca312bbd1,0,0,0,,,0,0,0,no_overlap
improve-a3843b091fca9543,0,0,0,,,0,0,0,no_overlap
improve-c7b8521299ef8a8c,0,0,0,,,0,0,0,no_overlap
improve-da46d03dd030d042,0,0,0,,,0,0,0,no_overlap
improve-21de8f075b053c68,0,0,0,,,0,0,0,no_overlap
improve-5a00a81672af9ed1,0,0,0,,,0,0,0,no_overlap
improve-2148da83ebecb49e,0,0,0,,,0,0,0,no_overlap
improve-223c46d5313dc509,0,0,0,,,0,0,0,no_overlap
improve-9651ff5e6cb14f94,0,0,0,,,0,0,0,no_overlap
improve-e05941e33f07f152,0,0,0,,,0,0,0,no_overlap
improve-852f534f4d0fc824,0,0,0,,,0,0,0,no_overlap
improve-daa0f59fa62732cd,0,0,0,,,0,0,0,no_overlap
improve-6eebd4ac74ef8f9e,1,0,0,,,0,0,0,no_overlap
improve-e66fb5bde4af4d85,0,0,0,,,0,0,0,no_overlap
improve-d8cb7615150a07c5,0,0,0,,,0,0,0,no_overlap
improve-2be144d03b09e048,0,0,0,,,0,0,0,no_overlap
improve-4f63c5a5d21764a0,0,0,0,,,0,0,0,no_overlap
improve-d60acee8d04d6729,0,0,0,,,0,0,0,no_overlap
improve-3492eea2c10d4ec3,0,0,0,,,0,0,0,no_overlap
improve-a6e9ea52a9af906c,0,0,0,,,0,0,0,no_overlap
improve-b479aaf38872854a,0,0,0,,,0,0,0,no_overlap
improve-10322daeab687b4d,0,0,0,,,0,0,0,no_overlap
improve-2813f2f3f11578a4,0,0,0,,,0,0,0,no_overlap
improve-ba5751cb0ffef8b1,1,0,0,,,0,0,0,no_overlap
improve-712416de336efded,1,0,0,,,0,0,0,no_overlap
improve-8076ddbd74dfa18f,0,0,0,,,0,0,0,no_overlap
improve-c148d7bebeefac80,0,0,0,,,0,0,0,no_overlap
improve-efd28d7fb79589ef,0,0,0,,,0,0,0,no_overlap
improve-305dea9e84940292,0,0,0,,,0,0,0,no_overlap
improve-8f6ac934b7e15005,0,0,0,,,0,0,0,no_overlap
improve-0b8d07330f1deff2,0,0,0,,,0,0,0,no_overlap
improve-96cd90662d2d3410,0,0,0,,,0,0,0,no_overlap
improve-a9d0970d8d5bbf09,0,0,0,,,0,0,0,no_overlap
improve-141b55afc91d85bf,0,0,0,,,0,0,0,no_overlap
improve-a8bcbdd857d74bd7,0,0,0,,,0,0,0,no_overlap
improve-036184c2d979d95f,0,0,0,,,0,0,0,no_overlap
improve-092b755a11d20fdd,0,0,0,,,0,0,0,no_overlap
improve-16fe63ee9abcdade,0,0,0,,,0,0,0,no_overlap
improve-387b07585a86fb30,1,0,0,,,0,0,0,no_overlap
improve-85c899d2141c0a2b,0,0,0,,,0,0,0,no_overlap
improve-e0c391b685f5f6a7,0,0,0,,,0,0,0,no_overlap
improve-e2d6fc6ca49a532b,0,0,0,,,0,0,0,no_overlap
improve-5aaee5f4665816e4,0,0,0,,,0,0,0,no_overlap
improve-55ca35c430469239,0,0,0,,,0,0,0,no_overlap
improve-40ae797e776a4687,0,0,0,,,0,0,0,no_overlap
improve-80d26f9838f6107d,0,0,0,,,0,0,0,no_overlap
improve-a175f7b72b59d5dd,0,0,0,,,0,0,0,no_overlap
improve-641a09b843a241d3,0,0,0,,,0,0,0,no_overlap
improve-2a6aa475431c3e61,0,0,0,,,0,0,0,no_overlap
improve-951f7140fc25f0d0,0,0,0,,,0,0,0,no_overlap
improve-cd162c0738647f64,0,0,0,,,0,0,0,no_overlap
improve-dc8b0eee2daedfa7,0,0,0,,,0,0,0,no_overlap
improve-da6668938316f132,0,0,0,,,0,0,0,no_overlap
improve-a77de90f875d529d,0,0,0,,,0,0,0,no_overlap
improve-c06f9883729d43a7,0,0,0,,,0,0,0,no_overlap
improve-017a9b06f86bc9dd,0,0,0,,,0,0,0,no_overlap
improve-7ae50495b088907e,0,0,0,,,0,0,0,no_overlap
improve-7b324c22e92fa21b,0,0,0,,,0,0,0,no_overlap
improve-71d2dc835f0789d1,0,0,0,,,0,0,0,no_overlap
improve-573df6974ca52e82,0,0,0,,,0,0,0,no_overlap
improve-dec4fae97a99ae2e,0,0,0,,,0,0,0,no_overlap
improve-b16da3736459b780,0,0,0,,,0,0,0,no_overlap
improve-a414378628769e9e,0,0,0,,,0,0,0,no_overlap
improve-cf028e2453c247e3,0,0,0,,,0,0,0,no_overlap
improve-618fdd90ffbfb8c1,0,0,0,,,0,0,0,no_overlap
improve-39230b5fe750b828,0,0,0,,,0,0,0,no_overlap
improve-a210862b67898a2e,0,0,0,,,0,0,0,no_overlap
improve-d225becda4da9fef,0,0,0,,,0,0,0,no_overlap
improve-f6740f3944c57d59,0,0,0,,,0,0,0,no_overlap
improve-9a774667d3ad1bb5,0,0,0,,,0,0,0,no_overlap
improve-36482408425d5947,1,0,0,,,0,0,0,no_overlap
improve-a9e41c99dfd7c8e4,1,0,0,,,0,0,0,no_overlap
improve-9c2ff9d65049d012,0,0,0,,,0,0,0,no_overlap
improve-1c6769caa31cee4a,0,0,0,,,0,0,0,no_overlap
improve-c5b97d4aed13a7ea,0,0,0,,,0,0,0,no_overlap
improve-0e2439e3191681ca,0,0,0,,,0,0,0,no_overlap
improve-6a29e8e9442f40a7,0,0,0,,,0,0,0,no_overlap
improve-4f1c8de331fdeba8,0,0,0,,,0,0,0,no_overlap
improve-e3671b98dcba7ecf,0,0,0,,,0,0,0,no_overlap
improve-da71e1ded2074dda,0,0,0,,,0,0,0,no_overlap
improve-5cfddf7ba62fcf7e,0,0,0,,,0,0,0,no_overlap
improve-c0937812ed74ab03,0,0,0,,,0,0,0,no_overlap
improve-7ccd374854c794eb,0,0,0,,,0,0,0,no_overlap
improve-f5010b77c70bb428,0,0,0,,,0,0,0,no_overlap
improve-75d2b8a6890225a5,0,0,0,,,0,0,0,no_overlap
improve-8fc2adecb14e21d1,0,0,0,,,0,0,0,no_overlap
improve-6aa0f4671d846ebb,0,0,0,,,0,0,0,no_overlap
improve-503c2b927c7d8227,0,0,0,,,0,0,0,no_overlap
improve-35d8a77614494be1,0,0,0,,,0,0,0,no_overlap
improve-92416fabe283d4d8,0,0,0,,,0,0,0,no_overlap
improve-43345c4e621b330d,0,0,0,,,0,0,0,no_overlap
improve-4bfd9d06c945ef19,0,0,0,,,0,0,0,no_overlap
improve-574d5930e23bfc72,0,0,0,,,0,0,0,no_overlap
improve-f57dc78c4d11b076,0,0,0,,,0,0,0,no_overlap
improve-a8a456f9468ebc12,1,0,0,,,0,0,0,no_overlap
improve-9444a77ee6f4ab55,0,0,0,,,0,0,0,no_overlap
improve-75ee6e0c44fa781f,0,0,0,,,0,0,0,no_overlap
improve-e337b171601d9747,0,0,0,,,0,0,0,no_overlap
improve-c5c0d4b1793b29c9,0,0,0,,,0,0,0,no_overlap
improve-7cc5cef827782010,0,0,0,,,0,0,0,no_overlap
improve-a42caa9359ba2e3e,0,0,0,,,0,0,0,no_overlap
improve-0f9b1e3f32ce7d69,0,0,0,,,0,0,0,no_overlap
improve-caab06343abc6f43,1,0,0,,,0,0,0,no_overlap
improve-53023123dfd24f59,0,0,0,,,0,0,0,no_overlap
improve-17ee42b1c8cf095e,0,0,0,,,0,0,0,no_overlap
improve-919ed604b19d5f95,0,0,0,,,0,0,0,no_overlap
improve-28cc0eebc78491e6,0,0,0,,,0,0,0,no_overlap
improve-61f78bd89810bb1f,0,0,0,,,0,0,0,no_overlap
improve-181ad82434e7e65b,0,0,0,,,0,0,0,no_overlap
improve-6fa6bd403a793350,0,0,0,,,0,0,0,no_overlap
improve-a80a889d952544da,0,0,0,,,0,0,0,no_overlap
improve-f52b6408856a10f6,0,0,0,,,0,0,0,no_overlap
improve-635760aa31f3abd2,0,0,0,,,0,0,0,no_overlap
improve-f4fef68aafda8cbc,0,0,0,,,0,0,0,no_overlap
improve-761a726a46bd90b2,0,0,0,,,0,0,0,no_overlap
improve-2ebe50ce0d272df2,0,0,0,,,0,0,0,no_overlap
improve-b0bdd082e72b470a,0,0,0,,,0,0,0,no_overlap
improve-7c0b9a1561818341,0,0,0,,,0,0,0,no_overlap
improve-195b3c216ed5bab5,0,0,0,,,0,0,0,no_overlap
improve-3f3c43fb38b70f2c,0,0,0,,,0,0,0,no_overlap
improve-77b1a6dfa2479cb7,0,0,0,,,0,0,0,no_overlap
improve-1fad35caf4ab3b47,0,0,0,,,0,0,0,no_overlap
improve-cea1398e5a9cb74d,0,0,0,,,0,0,0,no_overlap
improve-9a6b8beb999a055d,0,0,0,,,0,0,0,no_overlap
improve-031a23fc804a1abb,0,0,0,,,0,0,0,no_overlap
improve-a3c874f152227c33,0,0,0,,,0,0,0,no_overlap
improve-3abbe10c983dbad4,0,0,0,,,0,0,0,no_overlap
improve-50f6f7f0db7e6d4a,0,0,0,,,0,0,0,no_overlap
improve-5c8f912dba544bbb,0,0,0,,,0,0,0,no_overlap
improve-f6d8cee01da4d192,0,0,0,,,0,0,0,no_overlap
improve-a5f43db04cb7c023,0,0,0,,,0,0,0,no_overlap
improve-299dff9ddfa6cf1c,0,0,0,,,0,0,0,no_overlap
improve-dc052c26dbe4350a,0,0,0,,,0,0,0,no_overlap
improve-5c80b40368b2c941,0,0,0,,,0,0,0,no_overlap
improve-6f74d50fae350578,1,0,0,,,0,0,0,no_overlap
improve-e38aec0806f93e78,0,0,0,,,0,0,0,no_overlap
improve-648c0365652a3a84,0,0,0,,,0,0,0,no_overlap
improve-ed30221a38076b6d,0,0,0,,,0,0,0,no_overlap
improve-000a2c81705b5ea8,0,0,0,,,0,0,0,no_overlap
improve-1f273f130d3b9018,0,0,0,,,0,0,0,no_overlap
improve-2fcc2360efc2bcab,0,0,0,,,0,0,0,no_overlap
improve-ee03a2df7e904786,0,0,0,,,0,0,0,no_overlap
improve-d6f1e5f8e57d648e,0,0,0,,,0,0,0,no_overlap
improve-b681915821b496bc,0,0,0,,,0,0,0,no_overlap
improve-e8f486608d6dc9e9,0,0,0,,,0,0,0,no_overlap
improve-94d86010e707456d,0,0,0,,,0,0,0,no_overlap
improve-fb6311e2c57d5336,0,0,0,,,0,0,0,no_overlap
improve-0b5908dd5e78279f,0,0,0,,,0,0,0,no_overlap
improve-fd673615de29b51b,0,0,0,,,0,0,0,no_overlap
improve-b81bf56de490d7b1,0,0,0,,,0,0,0,no_overlap
improve-9d5e64ab470d7fe3,0,0,0,,,0,0,0,no_overlap
improve-6df96af76bc5c536,0,0,0,,,0,0,0,no_overlap
improve-b6ea720d87c04763,0,0,0,,,0,0,0,no_overlap
improve-1fc9e9a5a1a56857,0,0,0,,,0,0,0,no_overlap
improve-1c2ce01c134ffb6d,0,0,0,,,0,0,0,no_overlap
improve-4599ebf948159b37,0,0,0,,,0,0,0,no_overlap
improve-d041af7b23b3535a,0,0,0,,,0,0,0,no_overlap
improve-eda91a3d029921b3,0,0,0,,,0,0,0,no_overlap
improve-1ac7a23ff7376765,0,0,0,,,0,0,0,no_overlap
improve-7e6220bd41aa335b,0,0,0,,,0,0,0,no_overlap
improve-ea35dd2ebd4f1669,0,0,0,,,0,0,0,no_overlap
improve-2f6ef2a0626df8c2,0,0,0,,,0,0,0,no_overlap
improve-6e15931bcf55dc66,0,0,0,,,0,0,0,no_overlap
improve-c7b852ff315f85ea,0,0,0,,,0,0,0,no_overlap
improve-c20c094ec9ca466b,0,0,0,,,0,0,0,no_overlap
improve-51c58cbc2dbf85c1,0,0,0,,,0,0,0,no_overlap
improve-7afd81a5973405e4,0,0,0,,,0,0,0,no_overlap
improve-6e9164c4bd4d369d,0,0,0,,,0,0,0,no_overlap
improve-ab26816c4bcf19be,0,0,0,,,0,0,0,no_overlap
improve-1a55de02a43f94ba,0,0,0,,,0,0,0,no_overlap
improve-3136abbe70f70f4a,0,0,0,,,0,0,0,no_overlap
improve-8d21d8906f4393f2,0,0,0,,,0,0,0,no_overlap
improve-65bb37c35d8459dd,0,0,0,,,0,0,0,no_overlap
improve-2f8d37aaa7744e15,0,0,0,,,0,0,0,no_overlap
improve-9784dc9d4006c657,0,0,0,,,0,0,0,no_overlap
improve-8a5ebbcf2d851e2e,0,0,0,,,0,0,0,no_overlap
improve-b8d486564bac9941,0,0,0,,,0,0,0,no_overlap
improve-f4a3a7677852b651,0,0,0,,,0,0,0,no_overlap
improve-51d42d13f5eb48be,0,0,0,,,0,0,0,no_overlap
improve-561aa513f0107a8b,0,0,0,,,0,0,0,no_overlap
improve-824c8217fd6ee172,1,0,0,,,0,0,0,no_overlap
improve-d9635e011f5f6501,0,0,0,,,0,0,0,no_overlap
improve-fbb8e94f0a90382b,0,0,0,,,0,0,0,no_overlap
improve-5eef5053d439ec3f,0,0,0,,,0,0,0,no_overlap
improve-7605b721ac10b0c2,0,0,0,,,0,0,0,no_overlap
improve-e21a9ba657b4d1a4,0,0,0,,,0,0,0,no_overlap
improve-985c5ae2046e72da,0,0,0,,,0,0,0,no_overlap
improve-4001a8dfe11d0f22,0,0,0,,,0,0,0,no_overlap
improve-eb5434a8b79b2e1c,0,0,0,,,0,0,0,no_overlap
improve-ecce40e124c53e32,0,0,0,,,0,0,0,no_overlap
improve-5cb13fe1c0104b59,0,0,0,,,0,0,0,no_overlap
improve-d97d12b02c162d8d,0,0,0,,,0,0,0,no_overlap
improve-2c7f95ddcea1c936,0,0,0,,,0,0,0,no_overlap
improve-715f6d44759995e6,0,0,0,,,0,0,0,no_overlap
improve-813c8f52891f9662,0,0,0,,,0,0,0,no_overlap
improve-9b7b4ba79423168b,0,0,0,,,0,0,0,no_overlap
improve-3278d0e2571b8d33,0,0,0,,,0,0,0,no_overlap
improve-c727241878bc8561,0,0,0,,,0,0,0,no_overlap
improve-0c618cd6e8860227,0,0,0,,,0,0,0,no_overlap
improve-d3f41054fa220fa2,0,0,0,,,0,0,0,no_overlap
improve-0d0510b2014a695b,0,0,0,,,0,0,0,no_overlap
improve-777669249f025cc8,0,0,0,,,0,0,0,no_overlap
improve-da1f4f2f76693d2a,0,0,0,,,0,0,0,no_overlap
improve-184dac72348585d0,0,0,0,,,0,0,0,no_overlap
improve-a4f68828f374cb6b,0,0,0,,,0,0,0,no_overlap
improve-5c02323213cc27ed,0,0,0,,,0,0,0,no_overlap
improve-55de73faa1b413e3,0,0,0,,,0,0,0,no_overlap
improve-4ebf181c3aac9924,0,0,0,,,0,0,0,no_overlap
improve-68c9f7990c51f3f3,0,0,0,,,0,0,0,no_overlap
improve-b45d62dbd95643f0,0,0,0,,,0,0,0,no_overlap
improve-712e37576bc36c56,0,0,0,,,0,0,0,no_overlap
improve-428e0ae1f8880f58,0,0,0,,,0,0,0,no_overlap
improve-d6b81eae8872803e,0,0,0,,,0,0,0,no_overlap
improve-5c9518698dc6e54a,0,0,0,,,0,0,0,no_overlap
improve-2d2ce76638699782,0,0,0,,,0,0,0,no_overlap
improve-1af336cd0231f272,0,0,0,,,0,0,0,no_overlap
improve-19f21d82671d7f87,0,0,0,,,0,0,0,no_overlap
improve-350fdb88c08b0d24,0,0,0,,,0,0,0,no_overlap
improve-d76dd82b82d537bd,0,0,0,,,0,0,0,no_overlap
improve-994d780dd26b275c,0,0,0,,,0,0,0,no_overlap
improve-3f65511d25f654ab,0,0,0,,,0,0,0,no_overlap
improve-d01d261bf59f6b94,0,0,0,,,0,0,0,no_overlap
improve-810e8ff1c772afe2,0,0,0,,,0,0,0,no_overlap
improve-a6b59ca06a25d5ae,0,0,0,,,0,0,0,no_overlap
improve-62091bbd90abe58d,1,0,0,,,0,0,0,no_overlap
improve-041efc1c15dd649c,0,0,0,,,0,0,0,no_overlap
improve-7213835a5faebf0d,0,0,0,,,0,0,0,no_overlap
improve-1aa23b6f9b93fa37,0,0,0,,,0,0,0,no_overlap
improve-cda656b09a291bc8,0,0,0,,,0,0,0,no_overlap
improve-8fa4ec0264e4e7a2,1,0,0,,,0,0,0,no_overlap
improve-440ab34d2f0b3d09,1,0,0,,,0,0,0,no_overlap
improve-40a3217ee5060d81,0,0,0,,,0,0,0,no_overlap
improve-8f8ca73e703b3c7b,0,0,0,,,0,0,0,no_overlap
improve-f6966c09e683d521,0,0,0,,,0,0,0,no_overlap
improve-8336b566749a3974,0,0,0,,,0,0,0,no_overlap
improve-f5813dd8292312f6,0,0,0,,,0,0,0,no_overlap
improve-7076534c855b54a5,0,0,0,,,0,0,0,no_overlap
improve-6754dade3f3735ed,0,0,0,,,0,0,0,no_overlap
improve-b056bf74ab45f5d4,0,0,0,,,0,0,0,no_overlap
improve-ee46ca621a07b9bd,0,0,0,,,0,0,0,no_overlap
improve-70464a2c51d2c4a3,0,0,0,,,0,0,0,no_overlap
improve-b453a94494534c78,0,0,0,,,0,0,0,no_overlap
improve-11f7851019a9a87b,0,0,0,,,0,0,0,no_overlap
improve-ee29f2149f94cd9a,1,0,0,,,0,0,0,no_overlap
improve-1a3e6db9d5918186,0,0,0,,,0,0,0,no_overlap
improve-e829e1c5fab70b5f,0,0,0,,,0,0,0,no_overlap
improve-9c11bc728047e3ed,0,0,0,,,0,0,0,no_overlap
improve-0f89960ac1533c16,0,0,0,,,0,0,0,no_overlap
improve-d02c701aaf092e58,0,0,0,,,0,0,0,no_overlap
improve-243f0121a4e8aefe,0,0,0,,,0,0,0,no_overlap
improve-6e14979c40402ba9,0,0,0,,,0,0,0,no_overlap
improve-04a91f2c1d3ccde3,0,0,0,,,0,0,0,no_overlap
improve-a3251e101a103eed,0,0,0,,,0,0,0,no_overlap
improve-4731beb4d24e4109,0,0,0,,,0,0,0,no_overlap
improve-2ca0833d1b6b1f62,0,0,0,,,0,0,0,no_overlap
improve-d8e980775c01285e,0,0,0,,,0,0,0,no_overlap
improve-05186cc8d5caf8ea,0,0,0,,,0,0,0,no_overlap
improve-783959fe8ec0d01d,0,0,0,,,0,0,0,no_overlap
improve-19bc79849761352f,0,0,0,,,0,0,0,no_overlap
improve-c8d30017173b0eb0,0,0,0,,,0,0,0,no_overlap
improve-a818953afc4dbc4f,0,0,0,,,0,0,0,no_overlap
improve-ab930f8415c182e5,0,0,0,,,0,0,0,no_overlap
improve-d7ce0e5434050a66,0,0,0,,,0,0,0,no_overlap
improve-1c98d13fad9d2f7f,0,0,0,,,0,0,0,no_overlap
improve-1a756312281786c6,0,0,0,,,0,0,0,no_overlap
improve-0de7e63b1d3d39d2,0,0,0,,,0,0,0,no_overlap
improve-a5ba00f6c4e80684,0,0,0,,,0,0,0,no_overlap
improve-261c8ddc5d389b3a,0,0,0,,,0,0,0,no_overlap
improve-d9816818a23338b3,0,0,0,,,0,0,0,no_overlap
improve-cdc1045ef44bef6f,0,0,0,,,0,0,0,no_overlap
improve-60fd9163c0d366a8,0,0,0,,,0,0,0,no_overlap
improve-0039a2ef9f227e28,0,0,0,,,0,0,0,no_overlap
improve-fa74b6a0f8a62fba,0,0,0,,,0,0,0,no_overlap
improve-8b5e60d9dc020f55,0,0,0,,,0,0,0,no_overlap
improve-a9ba83add7b584f7,0,0,0,,,0,0,0,no_overlap
improve-03307547df43606b,0,0,0,,,0,0,0,no_overlap
improve-68852a7a917b70b8,0,0,0,,,0,0,0,no_overlap
improve-ccbf4b24a99666e8,0,0,0,,,0,0,0,no_overlap
improve-e193c109b49c6361,0,0,0,,,0,0,0,no_overlap
improve-e8ddb40b6c90a465,0,0,0,,,0,0,0,no_overlap
improve-e435b79333dce8e7,0,0,0,,,0,0,0,no_overlap
improve-6eeeccc4d8744b8d,0,0,0,,,0,0,0,no_overlap
improve-9ca4600456771218,0,0,0,,,0,0,0,no_overlap
improve-9a96dededec78aad,0,0,0,,,0,0,0,no_overlap
improve-96ed77be6abbce02,0,0,0,,,0,0,0,no_overlap
improve-feb6fa9fcf825e4c,0,0,0,,,0,0,0,no_overlap
improve-8409cc9f7acd6d04,0,0,0,,,0,0,0,no_overlap
improve-c674c6e6973c0ef2,0,0,0,,,0,0,0,no_overlap
improve-3946ad0b2273ee7f,1,0,0,,,0,0,0,no_overlap
improve-3583034fa81c2205,0,0,0,,,0,0,0,no_overlap
improve-a7edfe38a47097e3,0,0,0,,,0,0,0,no_overlap
improve-0c1fa5c65ded6f51,0,0,0,,,0,0,0,no_overlap
improve-7850e040ba350144,0,0,0,,,0,0,0,no_overlap
improve-38fd874db4296b9a,0,0,0,,,0,0,0,no_overlap
improve-19bb6f50164d24ec,0,0,0,,,0,0,0,no_overlap
improve-cb0717e4518a9108,0,0,0,,,0,0,0,no_overlap
improve-04e1c471f433941d,0,0,0,,,0,0,0,no_overlap
improve-0d47a39c4319b4b0,0,0,0,,,0,0,0,no_overlap
improve-976c9dbdd0b5e7ca,0,0,0,,,0,0,0,no_overlap
improve-1512b614de17e8a7,0,0,0,,,0,0,0,no_overlap
improve-2e0193886eb46a60,0,0,0,,,0,0,0,no_overlap
improve-9fd28afa2a402624,0,0,0,,,0,0,0,no_overlap
improve-93e36e3b56afce16,0,0,0,,,0,0,0,no_overlap
improve-0df1977b1a8e91fa,0,0,0,,,0,0,0,no_overlap
improve-49475a98978c4785,0,0,0,,,0,0,0,no_overlap
improve-2d29de3f1aa9968c,0,0,0,,,0,0,0,no_overlap
improve-936ec1be4ac3d9b6,0,0,0,,,0,0,0,no_overlap
improve-aad7b36236f9bdd2,0,0,0,,,0,0,0,no_overlap
improve-c3968d2165b75b50,0,0,0,,,0,0,0,no_overlap
improve-0d55f6beb88b827f,0,0,0,,,0,0,0,no_overlap
improve-15660d00079d17aa,0,0,0,,,0,0,0,no_overlap
improve-81a549cbdc6cd32c,0,0,0,,,0,0,0,no_overlap
improve-42604d116f6b2fe8,0,0,0,,,0,0,0,no_overlap
improve-8cc090aa465f4cf4,0,0,0,,,0,0,0,no_overlap
improve-028621f54fdbfbf7,0,0,0,,,0,0,0,no_overlap
improve-387ac78bff3d0fa6,0,0,0,,,0,0,0,no_overlap
improve-f153c6ab8424579e,0,0,0,,,0,0,0,no_overlap
improve-e0d46a64eded2b66,0,0,0,,,0,0,0,no_overlap
improve-8927b6614e63254d,0,0,0,,,0,0,0,no_overlap
improve-2b80bdc9934e704c,0,0,0,,,0,0,0,no_overlap
improve-4dc68ba5948c545d,0,0,0,,,0,0,0,no_overlap
improve-f6dc5af4bd5efaad,0,0,0,,,0,0,0,no_overlap
improve-306d80e992401ef3,0,0,0,,,0,0,0,no_overlap
improve-a44944ddea688638,0,0,0,,,0,0,0,no_overlap
improve-4483c69a2c88327c,0,0,0,,,0,0,0,no_overlap
improve-b086249cd4c7fc6a,0,0,0,,,0,0,0,no_overlap
improve-483c783868448a30,0,0,0,,,0,0,0,no_overlap
improve-907b01fad27592f8,0,0,0,,,0,0,0,no_overlap
improve-e97e6fd0a77ae55c,0,0,0,,,0,0,0,no_overlap
improve-0ac1813886809d76,0,0,0,,,0,0,0,no_overlap
improve-b6a82fac92b8f571,0,0,0,,,0,0,0,no_overlap
improve-dfdcfe9be69ae807,1,0,0,,,0,0,0,no_overlap
improve-13dc52703b373a29,0,0,0,,,0,0,0,no_overlap
improve-1afff430c8ffbf18,0,0,0,,,0,0,0,no_overlap
improve-900ae93a8be1d149,0,0,0,,,0,0,0,no_overlap
improve-635f5c95fde97ff2,0,0,0,,,0,0,0,no_overlap
improve-81b2704798c0e1ae,0,0,0,,,0,0,0,no_overlap
improve-f3e77efd3b83ce64,0,0,0,,,0,0,0,no_overlap
improve-5ca28a76ffe6072b,1,0,0,,,0,0,0,no_overlap
improve-fa25833ec6186182,0,0,0,,,0,0,0,no_overlap
improve-626cb3f4964876a9,0,0,0,,,0,0,0,no_overlap
improve-599a6ae4e0c7fac8,0,0,0,,,0,0,0,no_overlap
improve-6d302ad0818c9b4a,0,0,0,,,0,0,0,no_overlap
improve-e97b244a78ed4cca,0,0,0,,,0,0,0,no_overlap
improve-5f5f8ca72739eac9,0,0,0,,,0,0,0,no_overlap
improve-fa274eba0c333de6,0,0,0,,,0,0,0,no_overlap
improve-4e33e304a27e3105,0,0,0,,,0,0,0,no_overlap
improve-c1e02fbc10dbc3d0,0,0,0,,,0,0,0,no_overlap
improve-43a38f64cf0b4d8f,0,0,0,,,0,0,0,no_overlap
improve-06a79f6e2fac4790,0,0,0,,,0,0,0,no_overlap
improve-28e1f782e43dec50,0,0,0,,,0,0,0,no_overlap
improve-2b7e3d91b71525ba,0,0,0,,,0,0,0,no_overlap
improve-f247e71d509acad6,0,0,0,,,0,0,0,no_overlap
improve-4b4e1c3115df0900,0,0,0,,,0,0,0,no_overlap
improve-7d886f9610a2db31,0,0,0,,,0,0,0,no_overlap
improve-6955c545ced77b9a,0,0,0,,,0,0,0,no_overlap
improve-20e97b55c7b36901,0,0,0,,,0,0,0,no_overlap
improve-b919f31e828175fe,0,0,0,,,0,0,0,no_overlap
improve-d1ae8624aa5844b5,0,0,0,,,0,0,0,no_overlap
improve-81736409acc089cd,0,0,0,,,0,0,0,no_overlap
improve-20c9573f444d1543,0,0,0,,,0,0,0,no_overlap
improve-ccdee7c7b0640332,0,0,0,,,0,0,0,no_overlap
improve-745f2ce90fef4394,0,0,0,,,0,0,0,no_overlap
improve-0d8b9b40ff064d10,0,0,0,,,0,0,0,no_overlap
improve-e478b2527c0af68a,0,0,0,,,0,0,0,no_overlap
improve-9f5c0e9bda820f6a,0,0,0,,,0,0,0,no_overlap
improve-5a7387c73ff9bc46,0,0,0,,,0,0,0,no_overlap
improve-4413a56377be9063,0,0,0,,,0,0,0,no_overlap
improve-4796d5113452246f,0,0,0,,,0,0,0,no_overlap
improve-b30bae6e908051af,0,0,0,,,0,0,0,no_overlap
improve-496c96cd9e0c566f,0,0,0,,,0,0,0,no_overlap
improve-1806214a42a1e8d3,0,0,0,,,0,0,0,no_overlap
improve-1fafd28b5fd1736e,0,0,0,,,0,0,0,no_overlap
improve-4238ac16be034e21,0,0,0,,,0,0,0,no_overlap
improve-84af6f200c2b92e9,0,0,0,,,0,0,0,no_overlap
improve-2b3905bc74b59f95,0,0,0,,,0,0,0,no_overlap
improve-9b3852d6ff67956b,0,0,0,,,0,0,0,no_overlap
improve-d83da91187b9d9cd,0,0,0,,,0,0,0,no_overlap
improve-edacb1b9ec4acf61,0,0,0,,,0,0,0,no_overlap
improve-d20df2f22cbd1818,0,0,0,,,0,0,0,no_overlap
improve-daabd343b5d3d736,0,0,0,,,0,0,0,no_overlap
improve-3440a0bcc579d5a8,0,0,0,,,0,0,0,no_overlap
improve-3558153e15c03ba3,0,0,0,,,0,0,0,no_overlap
improve-cbb51f3af26b66a8,1,0,0,,,0,0,0,no_overlap
improve-54a2805b4937c02e,0,0,0,,,0,0,0,no_overlap
improve-6a5c82dee36fb92f,0,0,0,,,0,0,0,no_overlap
improve-f108377abddfe887,0,0,0,,,0,0,0,no_overlap
improve-3956feb2077f5bfe,0,0,0,,,0,0,0,no_overlap
improve-96c7d55024ec385e,0,0,0,,,0,0,0,no_overlap
improve-2051ebc891c52d2e,0,0,0,,,0,0,0,no_overlap
improve-65806b92a59c12ad,0,0,0,,,0,0,0,no_overlap
improve-0816566b3da9dda9,0,0,0,,,0,0,0,no_overlap
improve-7bd713ceb66b8cc2,0,0,0,,,0,0,0,no_overlap
improve-0625e8327d166efa,0,0,0,,,0,0,0,no_overlap
improve-0e8947da856e5915,0,0,0,,,0,0,0,no_overlap
improve-ffe07cf73bfc0396,1,0,0,,,0,0,0,no_overlap
improve-c5714e6230d5c6d3,0,0,0,,,0,0,0,no_overlap
improve-b585eef246fc78b0,0,0,0,,,0,0,0,no_overlap
improve-300a70190003be29,0,0,0,,,0,0,0,no_overlap
improve-348b6bda95f9d6bc,0,0,0,,,0,0,0,no_overlap
improve-393ce702a6f43c87,0,0,0,,,0,0,0,no_overlap
improve-8b2ea667568038bb,0,0,0,,,0,0,0,no_overlap
improve-dda5fcbbd69629d1,0,0,0,,,0,0,0,no_overlap
improve-3566acb6f794360e,0,0,0,,,0,0,0,no_overlap
improve-416a7a04dddffb54,1,0,0,,,0,0,0,no_overlap
improve-a2b723501545ccdc,0,0,0,,,0,0,0,no_overlap
improve-62f6b57193271489,0,0,0,,,0,0,0,no_overlap
improve-2db052eb7bfef4e7,0,0,0,,,0,0,0,no_overlap
improve-01c01388b2489583,0,0,0,,,0,0,0,no_overlap
improve-2b34020e998f8e60,0,0,0,,,0,0,0,no_overlap
improve-f2ff6046be439f21,0,0,0,,,0,0,0,no_overlap
improve-d5df7c15ce0c7567,0,0,0,,,0,0,0,no_overlap
improve-72078f02b7c4cf70,1,0,0,,,0,0,0,no_overlap
improve-e230869bbb53db59,0,0,0,,,0,0,0,no_overlap
improve-31eb9ddf8f9fc2b9,0,0,0,,,0,0,0,no_overlap
improve-4a66c650066c0aa8,0,0,0,,,0,0,0,no_overlap
improve-5ac455a1773d5960,0,0,0,,,0,0,0,no_overlap
improve-53b164d65a83b5a0,0,0,0,,,0,0,0,no_overlap
improve-2397eb751023530b,0,0,0,,,0,0,0,no_overlap
improve-148407642deb7e52,0,0,0,,,0,0,0,no_overlap
improve-7cb23f20b0ca1f25,0,0,0,,,0,0,0,no_overlap
improve-ca2e015e3e84ab0e,0,0,0,,,0,0,0,no_overlap
improve-9d9ffd1541078a0c,0,0,0,,,0,0,0,no_overlap
improve-d56cb8e99e6f8734,0,0,0,,,0,0,0,no_overlap
improve-6ccec255828f6ef8,0,0,0,,,0,0,0,no_overlap
improve-2f4a11bad3bc8ea2,0,0,0,,,0,0,0,no_overlap
improve-8246212c99987969,0,0,0,,,0,0,0,no_overlap
improve-c6fbe0a508a27236,0,0,0,,,0,0,0,no_overlap
improve-759e35d4ad9544d8,0,0,0,,,0,0,0,no_overlap
improve-6e22a514245945b0,1,0,0,,,0,0,0,no_overlap
improve-25744f9d0778b890,1,0,0,,,0,0,0,no_overlap
improve-80b2f1b8ef791645,0,0,0,,,0,0,0,no_overlap
improve-0a563d6476f3e4f0,0,0,0,,,0,0,0,no_overlap
improve-a201640578746a22,0,0,0,,,0,0,0,no_overlap
improve-4a0d94a811ba5883,0,0,0,,,0,0,0,no_overlap
improve-55b287802a3f67d1,0,0,0,,,0,0,0,no_overlap
improve-488aecfd91866b00,0,0,0,,,0,0,0,no_overlap
improve-e2c994c5748d1100,0,0,0,,,0,0,0,no_overlap
improve-46542ac85bb4b28c,0,0,0,,,0,0,0,no_overlap
improve-05e3dbb3e9f1700a,0,0,0,,,0,0,0,no_overlap
improve-15732efd285937ca,0,0,0,,,0,0,0,no_overlap
improve-2eb1b65b71fa2f48,0,0,0,,,0,0,0,no_overlap
improve-0d953b343314beda,0,0,0,,,0,0,0,no_overlap
improve-15bb1c6f86e81eaa,0,0,0,,,0,0,0,no_overlap
improve-0d9ef70ea568339e,0,0,0,,,0,0,0,no_overlap
improve-eec77459f87180ad,0,0,0,,,0,0,0,no_overlap
improve-4d1ab9404e05d402,0,0,0,,,0,0,0,no_overlap
improve-ca10f21545944488,0,0,0,,,0,0,0,no_overlap
improve-5e9b33b09d81e61a,0,0,0,,,0,0,0,no_overlap
improve-a82791d6f35d8cb2,0,0,0,,,0,0,0,no_overlap
improve-3a55e33f9ca8db88,0,0,0,,,0,0,0,no_overlap
improve-5d0c2c006cc581f1,0,0,0,,,0,0,0,no_overlap
improve-35c47382e5bac254,0,0,0,,,0,0,0,no_overlap
improve-f784258a1d1e96d5,0,0,0,,,0,0,0,no_overlap
improve-77d1c7595f6b8012,0,0,0,,,0,0,0,no_overlap
improve-26251fd868b5a298,0,0,0,,,0,0,0,no_overlap
improve-e6c5c196c35a01e5,0,0,0,,,0,0,0,no_overlap
improve-382d38c24beafb68,0,0,0,,,0,0,0,no_overlap
improve-ba6a83b1d65a1384,0,0,0,,,0,0,0,no_overlap
improve-cb8d068bdf121588,0,0,0,,,0,0,0,no_overlap
improve-9b77453cf37273e2,0,0,0,,,0,0,0,no_overlap
improve-5ce3fb532b17e897,0,0,0,,,0,0,0,no_overlap
improve-a0865a8ffd7b230f,0,0,0,,,0,0,0,no_overlap
improve-ee3c4cb0f672ea63,0,0,0,,,0,0,0,no_overlap
improve-39c28ada34cc4789,0,0,0,,,0,0,0,no_overlap
improve-022f668c310b9816,0,0,0,,,0,0,0,no_overlap
improve-1e4c3e36cb209578,0,0,0,,,0,0,0,no_overlap
improve-4d52a481544a6d66,0,0,0,,,0,0,0,no_overlap
improve-d825ddbad5dac2c8,0,0,0,,,0,0,0,no_overlap
improve-9e702540b689510f,0,0,0,,,0,0,0,no_overlap
improve-dc730da98e0fd2e2,0,0,0,,,0,0,0,no_overlap
improve-7b9434f1f17202dc,0,0,0,,,0,0,0,no_overlap
improve-0e67a01e7f7aaa5d,0,0,0,,,0,0,0,no_overlap
improve-2cd9b680622140dc,0,0,0,,,0,0,0,no_overlap
improve-4d9459f943731506,0,0,0,,,0,0,0,no_overlap
improve-5a8feb6c2fba64e9,0,0,0,,,0,0,0,no_overlap
improve-9fb6f5b17686dd41,0,0,0,,,0,0,0,no_overlap
improve-f5503bc5d0322110,0,0,0,,,0,0,0,no_overlap
improve-cf192013adf4207c,0,0,0,,,0,0,0,no_overlap
improve-b8a1338e208932cd,0,0,0,,,0,0,0,no_overlap
improve-3fe237c036ee0a7b,0,0,0,,,0,0,0,no_overlap
improve-c7832cfb1ccd5b75,0,0,1,,,0,1,1,peptide_only_different_hla
improve-4eed45ab93a0d910,0,0,1,,,0,1,1,peptide_only_different_hla
improve-e63b6dcdb2d4b085,0,0,0,,,0,0,0,no_overlap
improve-433818260227d09a,1,0,0,,,0,0,0,no_overlap
improve-e211db0bc5cf1c2b,0,0,0,,,0,0,0,no_overlap
improve-8412e1a7c7ac2df1,0,0,0,,,0,0,0,no_overlap
improve-0c40179a76018c48,0,0,0,,,0,0,0,no_overlap
improve-7f9d979fcc775961,0,0,0,,,0,0,0,no_overlap
improve-4fb724b2dc34c692,1,0,0,,,0,0,0,no_overlap
improve-02daa892e785456d,0,0,0,,,0,0,0,no_overlap
improve-cabe10ee02538b1d,0,0,0,,,0,0,0,no_overlap
improve-62e28fcd1f8c0203,0,0,0,,,0,0,0,no_overlap
improve-436b2fc8613ac3f7,0,0,0,,,0,0,0,no_overlap
improve-fdd58963fc1ccd6e,0,0,0,,,0,0,0,no_overlap
improve-069933b51f053c24,0,0,0,,,0,0,0,no_overlap
improve-f682f48c5dd7aceb,0,0,0,,,0,0,0,no_overlap
improve-ea2969e04d693450,0,0,0,,,0,0,0,no_overlap
improve-09f9ae6b6000096a,0,0,0,,,0,0,0,no_overlap
improve-e8a5a738d3142507,0,0,0,,,0,0,0,no_overlap
improve-9f90518977099eb8,0,0,0,,,0,0,0,no_overlap
improve-e1ca87c1b514c2a7,0,0,0,,,0,0,0,no_overlap
improve-59ae25020aa59b61,0,0,0,,,0,0,0,no_overlap
improve-e3b52ef745fafc85,0,0,0,,,0,0,0,no_overlap
improve-8d4982e40c3f5bbe,0,0,0,,,0,0,0,no_overlap
improve-194e6e38c12da1ef,0,0,0,,,0,0,0,no_overlap
improve-d135dd46ac52dbc3,0,0,0,,,0,0,0,no_overlap
improve-8eb3e3c5499bd863,0,0,0,,,0,0,0,no_overlap
improve-1e458ce5e381bad1,0,0,0,,,0,0,0,no_overlap
improve-eba230f531d5782a,0,0,0,,,0,0,0,no_overlap
improve-a565fe0f628bd087,0,0,0,,,0,0,0,no_overlap
improve-94fcee3daddcc53c,0,0,0,,,0,0,0,no_overlap
improve-f20905445087bf2b,0,0,0,,,0,0,0,no_overlap
improve-1700b12b9f8a670e,0,0,0,,,0,0,0,no_overlap
improve-b4b2dda5dbfd30a3,0,0,0,,,0,0,0,no_overlap
improve-0b7c35930ae57660,0,0,0,,,0,0,0,no_overlap
improve-e3b3585d14e0851d,0,0,0,,,0,0,0,no_overlap
improve-fe4b8712a6b29e28,0,0,0,,,0,0,0,no_overlap
improve-e5e59fcd3cb83043,0,0,0,,,0,0,0,no_overlap
improve-b07769c411174e8c,0,0,0,,,0,0,0,no_overlap
improve-b2cb68d3e66fdaa8,1,0,0,,,0,0,0,no_overlap
improve-2d803a597f4676ab,1,0,0,,,0,0,0,no_overlap
improve-112a5d4fc211d030,0,0,0,,,0,0,0,no_overlap
improve-a43c017d69583a25,0,0,0,,,0,0,0,no_overlap
improve-7c19b13a06b8efae,0,0,0,,,0,0,0,no_overlap
improve-5891128637a1a6fb,0,0,0,,,0,0,0,no_overlap
improve-1b5ba852b3b9b2b0,0,0,0,,,0,0,0,no_overlap
improve-27870a6cd8d6c7fb,0,0,0,,,0,0,0,no_overlap
improve-198f51947755614f,0,0,0,,,0,0,0,no_overlap
improve-133e745189087a07,0,0,0,,,0,0,0,no_overlap
improve-febb79c76344935a,0,0,0,,,0,0,0,no_overlap
improve-b7104a6786a4016b,0,0,0,,,0,0,0,no_overlap
improve-82cf1b01f6ab41c0,0,0,0,,,0,0,0,no_overlap
improve-b0bc6d359a716f02,0,0,0,,,0,0,0,no_overlap
improve-762a461cddbd1d2c,0,0,0,,,0,0,0,no_overlap
improve-4a0b04ff94b28a27,0,0,0,,,0,0,0,no_overlap
improve-343e301cb0331008,0,0,0,,,0,0,0,no_overlap
improve-09366ceeb0f05063,0,0,0,,,0,0,0,no_overlap
improve-fec1361be1e7e75a,0,0,0,,,0,0,0,no_overlap
improve-ed422d820f52e54d,0,0,0,,,0,0,0,no_overlap
improve-7ddfa4c3532d9f81,0,0,0,,,0,0,0,no_overlap
improve-0e072aa986e50bfe,0,0,0,,,0,0,0,no_overlap
improve-ce0a4f2cc0da234d,0,0,0,,,0,0,0,no_overlap
improve-58a2201a5a19596b,0,0,0,,,0,0,0,no_overlap
improve-165a0936b3bb6276,1,0,0,,,0,0,0,no_overlap
improve-14c36daa3b3925b8,0,0,0,,,0,0,0,no_overlap
improve-cbcdc2f937b1fe25,0,0,0,,,0,0,0,no_overlap
improve-241cbb796f39fd2b,0,0,0,,,0,0,0,no_overlap
improve-ab4107c995c61337,0,0,0,,,0,0,0,no_overlap
improve-015cbacb65f4a118,0,0,0,,,0,0,0,no_overlap
improve-12cac87ca132e8a1,0,0,0,,,0,0,0,no_overlap
improve-4baf16269af6cd30,0,0,0,,,0,0,0,no_overlap
improve-f7dce71aad2f9773,0,0,0,,,0,0,0,no_overlap
improve-37de57f7eb7b4330,0,0,0,,,0,0,0,no_overlap
improve-6e8a555ccc604cdb,0,0,0,,,0,0,0,no_overlap
improve-8836a9c472a378c6,0,0,0,,,0,0,0,no_overlap
improve-674fb22dff541530,0,0,0,,,0,0,0,no_overlap
improve-e1d1373a7dcd5352,0,0,0,,,0,0,0,no_overlap
improve-efc7604ff02cb831,0,0,0,,,0,0,0,no_overlap
improve-523619004cffdc75,0,0,0,,,0,0,0,no_overlap
improve-2b940c695937694d,0,0,0,,,0,0,0,no_overlap
improve-7f9bb8bdb09dd828,0,0,0,,,0,0,0,no_overlap
improve-e66eaa089aa7651a,0,0,0,,,0,0,0,no_overlap
improve-46906c288d9b8753,0,0,0,,,0,0,0,no_overlap
improve-192cd840c7570ee5,0,0,0,,,0,0,0,no_overlap
improve-489fd6cacd4899c0,0,0,0,,,0,0,0,no_overlap
improve-07a79d99c13e2aeb,0,0,0,,,0,0,0,no_overlap
improve-723f292bf5f69e60,0,0,0,,,0,0,0,no_overlap
improve-4864323b2dfe30ad,0,0,0,,,0,0,0,no_overlap
improve-b6d2812f182c54b0,0,0,0,,,0,0,0,no_overlap
improve-7f89f787add2c278,0,0,0,,,0,0,0,no_overlap
improve-93561bac44859366,0,0,0,,,0,0,0,no_overlap
improve-855fdb3c24d5dce1,0,0,0,,,0,0,0,no_overlap
improve-6cc18b506e4a4c62,0,0,0,,,0,0,0,no_overlap
improve-dd3efa2ce333a604,0,0,0,,,0,0,0,no_overlap
improve-9ebe72939e0ac192,1,0,0,,,0,0,0,no_overlap
improve-57bea1496ff78c9a,0,0,0,,,0,0,0,no_overlap
improve-b8e962b5c28c0eaf,0,0,0,,,0,0,0,no_overlap
improve-ed32628d5e66d49a,0,0,0,,,0,0,0,no_overlap
improve-e8a824557a2be7cf,0,0,0,,,0,0,0,no_overlap
improve-062626d9042163b1,0,0,0,,,0,0,0,no_overlap
improve-797768020acb9f95,0,0,0,,,0,0,0,no_overlap
improve-ee27bb849b02364a,0,0,0,,,0,0,0,no_overlap
improve-b5c6ed67f18c738e,0,0,0,,,0,0,0,no_overlap
improve-86ed2d62627fe402,0,0,0,,,0,0,0,no_overlap
improve-3adcffe45547cabf,0,0,0,,,0,0,0,no_overlap
improve-1e6230aa161379a5,0,0,0,,,0,0,0,no_overlap
improve-4e40706b2a8375f3,0,0,0,,,0,0,0,no_overlap
improve-13d9f9fee5f02c7d,0,0,0,,,0,0,0,no_overlap
improve-681e4c12c1ce80fb,0,0,0,,,0,0,0,no_overlap
improve-dbd7068eac9ca50f,0,0,0,,,0,0,0,no_overlap
improve-aa361cea054b1973,0,0,0,,,0,0,0,no_overlap
improve-742199f949cbbbe4,0,0,0,,,0,0,0,no_overlap
improve-45370b78324850b9,0,0,0,,,0,0,0,no_overlap
improve-8730e97c903f612e,0,0,0,,,0,0,0,no_overlap
improve-236f12971024ea9f,0,0,0,,,0,0,0,no_overlap
improve-cfab9eefe399bb90,0,0,0,,,0,0,0,no_overlap
improve-813b1d304f424ded,0,0,0,,,0,0,0,no_overlap
improve-044e4512ce203594,0,0,0,,,0,0,0,no_overlap
improve-24a18772ba0e883c,0,0,0,,,0,0,0,no_overlap
improve-094258f9a10fd5b7,0,0,0,,,0,0,0,no_overlap
improve-a8b2b6babafcb80d,0,0,0,,,0,0,0,no_overlap
improve-a66a72cde4753e00,0,0,0,,,0,0,0,no_overlap
improve-f8295f26827b42b9,0,0,0,,,0,0,0,no_overlap
improve-7f0d5f0741d1d171,0,0,0,,,0,0,0,no_overlap
improve-061d01bc12d1d052,0,0,0,,,0,0,0,no_overlap
improve-d17a3f052fa8e906,0,0,0,,,0,0,0,no_overlap
improve-7626c11d48dbd194,0,0,0,,,0,0,0,no_overlap
improve-3d3c8124a3171255,0,0,0,,,0,0,0,no_overlap
improve-57af944746b5e92b,0,0,0,,,0,0,0,no_overlap
improve-09b675337ef3a922,0,0,0,,,0,0,0,no_overlap
improve-a0459b906b60fbd8,0,0,0,,,0,0,0,no_overlap
improve-f06fa709a56dec1f,0,0,0,,,0,0,0,no_overlap
improve-69453f51453d9423,0,0,0,,,0,0,0,no_overlap
improve-9287c44bcb4c3162,0,0,0,,,0,0,0,no_overlap
improve-d94dc8214d2541dc,0,0,0,,,0,0,0,no_overlap
improve-1977117f10a785aa,0,0,0,,,0,0,0,no_overlap
improve-ac2414bfe05d2ffd,0,0,0,,,0,0,0,no_overlap
improve-202f688d3c750e5a,0,0,0,,,0,0,0,no_overlap
improve-ba38fe358c1ab9cb,0,0,0,,,0,0,0,no_overlap
improve-edbc35a0b023941d,0,0,0,,,0,0,0,no_overlap
improve-29653d451cd70756,0,0,0,,,0,0,0,no_overlap
improve-d24b5aca31c50c86,0,0,0,,,0,0,0,no_overlap
improve-e075ab94ac790666,0,0,0,,,0,0,0,no_overlap
improve-3591b5d07744661c,0,0,0,,,0,0,0,no_overlap
improve-c0c7b17aeab17c1d,0,0,0,,,0,0,0,no_overlap
improve-ec9d297b608cb240,0,0,0,,,0,0,0,no_overlap
improve-46853345a7028829,0,0,0,,,0,0,0,no_overlap
improve-5026a1c3c7be86a4,0,0,0,,,0,0,0,no_overlap
improve-57553970e9451360,0,0,0,,,0,0,0,no_overlap
improve-e9d4c7fa79cce1dd,0,0,0,,,0,0,0,no_overlap
improve-eddad76c37f94fe4,0,0,0,,,0,0,0,no_overlap
improve-a0dded50cdeb1090,0,0,0,,,0,0,0,no_overlap
improve-66b4e79f98a772e1,0,0,0,,,0,0,0,no_overlap
improve-869f47b2de55c207,0,0,0,,,0,0,0,no_overlap
improve-cf56fd52460ebdbd,0,0,0,,,0,0,0,no_overlap
improve-69c0135beafb2a57,0,0,0,,,0,0,0,no_overlap
improve-a18af68e763e832e,0,0,0,,,0,0,0,no_overlap
improve-6d9997bf8fbf1198,0,0,0,,,0,0,0,no_overlap
improve-c8d9264a4eb0da82,0,0,0,,,0,0,0,no_overlap
improve-72886726fa039a1a,0,0,0,,,0,0,0,no_overlap
improve-f5f0e192e4486839,0,0,0,,,0,0,0,no_overlap
improve-932152b3cc1c5cd8,0,0,0,,,0,0,0,no_overlap
improve-d94fabe54cc115db,0,0,0,,,0,0,0,no_overlap
improve-7b42208eb7a9c521,0,0,0,,,0,0,0,no_overlap
improve-ed4295be8598bf54,1,0,0,,,0,0,0,no_overlap
improve-a8efdfcc59764ef0,0,0,0,,,0,0,0,no_overlap
improve-5da51edd7f8d81c0,0,0,0,,,0,0,0,no_overlap
improve-1b4306b9c80537b3,0,0,0,,,0,0,0,no_overlap
improve-d05f855f8ece7918,0,0,0,,,0,0,0,no_overlap
improve-02e24789353946cc,0,0,0,,,0,0,0,no_overlap
improve-a820b22c1f9d7926,0,0,0,,,0,0,0,no_overlap
improve-52879c2692ba6def,0,0,0,,,0,0,0,no_overlap
improve-c6e1227e6661e767,0,0,0,,,0,0,0,no_overlap
improve-ccf6ad207a53588c,0,0,0,,,0,0,0,no_overlap
improve-6cc0daabd1fb6b88,0,0,0,,,0,0,0,no_overlap
improve-c25d7ebbbe4022e7,0,0,0,,,0,0,0,no_overlap
improve-1b22de2bc8158366,0,0,0,,,0,0,0,no_overlap
improve-7e0ef8a7f8686fa8,0,0,0,,,0,0,0,no_overlap
improve-1e13fd08b074b93f,0,0,0,,,0,0,0,no_overlap
improve-80ec4f6a4ed6e7ce,0,0,0,,,0,0,0,no_overlap
improve-5f05f93d5e8d99e6,0,0,0,,,0,0,0,no_overlap
improve-1da8dea097bd4b84,0,0,0,,,0,0,0,no_overlap
improve-89ed16ef45e5b4c9,0,0,0,,,0,0,0,no_overlap
improve-4b20ff2e2c7ee089,0,0,0,,,0,0,0,no_overlap
improve-542a8faffde51752,0,0,0,,,0,0,0,no_overlap
improve-9985face8d3c9a9e,0,0,0,,,0,0,0,no_overlap
improve-57ed9d2c02dffaa1,1,0,0,,,0,0,0,no_overlap
improve-c3f4c41228963546,0,0,0,,,0,0,0,no_overlap
improve-0fc8bd1cfcdfd06f,0,0,0,,,0,0,0,no_overlap
improve-5b56aaf769da59f7,0,0,0,,,0,0,0,no_overlap
improve-63b3ef576adfbd9d,0,0,0,,,0,0,0,no_overlap
improve-73b6c687d95e2a9f,0,0,0,,,0,0,0,no_overlap
improve-6176f5ca9212a7cd,0,0,0,,,0,0,0,no_overlap
improve-94d4f2c46e95b0f4,0,0,0,,,0,0,0,no_overlap
improve-8c250dc7f657338c,0,0,0,,,0,0,0,no_overlap
improve-098761beefa98ebc,0,0,0,,,0,0,0,no_overlap
improve-7a0087730408b9ee,0,0,0,,,0,0,0,no_overlap
improve-693468474451905a,0,0,0,,,0,0,0,no_overlap
improve-a534854378ccee0f,0,0,0,,,0,0,0,no_overlap
improve-7a6fd70ed012ef97,0,0,0,,,0,0,0,no_overlap
improve-cb1f801730a6ac08,0,0,0,,,0,0,0,no_overlap
improve-5a94933ca8c76d9b,0,0,0,,,0,0,0,no_overlap
improve-43ef34d623dbe090,0,0,0,,,0,0,0,no_overlap
improve-92158c448921854d,0,0,0,,,0,0,0,no_overlap
improve-62af9ead973c9302,0,0,0,,,0,0,0,no_overlap
improve-8088701aa2d2ec56,0,0,0,,,0,0,0,no_overlap
improve-55c4925774701b39,0,0,0,,,0,0,0,no_overlap
improve-f6221222516a8352,0,0,0,,,0,0,0,no_overlap
improve-6d1cd8f7ec172d58,0,0,0,,,0,0,0,no_overlap
improve-fd43a3ef343d1995,0,0,0,,,0,0,0,no_overlap
improve-9a6476e01897bf9a,0,0,0,,,0,0,0,no_overlap
improve-6f2e8a97d9d76466,0,0,0,,,0,0,0,no_overlap
improve-fe5be9c7d8caabd3,0,0,0,,,0,0,0,no_overlap
improve-63422bb387f18620,0,0,0,,,0,0,0,no_overlap
improve-deeea4ab8e2ce224,0,0,0,,,0,0,0,no_overlap
improve-9f8478032cf01807,0,0,0,,,0,0,0,no_overlap
improve-f3fe0266bcff47d7,0,0,0,,,0,0,0,no_overlap
improve-8456f384e9fc9fcd,0,0,0,,,0,0,0,no_overlap
improve-f14824ec52d43e96,0,0,0,,,0,0,0,no_overlap
improve-d3d599953a073668,0,0,0,,,0,0,0,no_overlap
improve-6ec92298348da8a3,0,0,0,,,0,0,0,no_overlap
improve-25476ce2fd5c17ed,0,0,0,,,0,0,0,no_overlap
improve-21e1c75285df1a8a,0,0,0,,,0,0,0,no_overlap
improve-118ec136c1d82c24,0,0,0,,,0,0,0,no_overlap
improve-1f8ff93cb2ebd73f,0,0,0,,,0,0,0,no_overlap
improve-66f36abc775ee3a6,0,0,0,,,0,0,0,no_overlap
improve-aed68f15bc46313d,0,0,0,,,0,0,0,no_overlap
improve-cbbb6766c1384894,0,0,0,,,0,0,0,no_overlap
improve-343605925dd99082,0,0,0,,,0,0,0,no_overlap
improve-8f528ab6b090bf3b,0,0,0,,,0,0,0,no_overlap
improve-2c31ade36ca1a20f,0,0,0,,,0,0,0,no_overlap
improve-708583937801b176,0,0,0,,,0,0,0,no_overlap
improve-e0e396aa7530766f,0,0,0,,,0,0,0,no_overlap
improve-1c4e3b11450defff,0,0,0,,,0,0,0,no_overlap
improve-8b45d17da91233f8,0,0,0,,,0,0,0,no_overlap
improve-07e4f6699edc8c48,0,0,0,,,0,0,0,no_overlap
improve-e6c2e54eee547d19,0,0,0,,,0,0,0,no_overlap
improve-65612e0aeb6b855e,0,0,0,,,0,0,0,no_overlap
improve-d4f982987416f9fe,0,0,0,,,0,0,0,no_overlap
improve-fca410f179dd6dd7,0,0,0,,,0,0,0,no_overlap
improve-48198430c5d1bd9d,0,0,0,,,0,0,0,no_overlap
improve-5e7cd53defe7b197,0,0,0,,,0,0,0,no_overlap
improve-84ae61e31f105176,0,0,0,,,0,0,0,no_overlap
improve-292010e2a6bc8acc,0,0,0,,,0,0,0,no_overlap
improve-d450898e02859694,0,0,0,,,0,0,0,no_overlap
improve-898ac55a39efb690,0,0,0,,,0,0,0,no_overlap
improve-cde71c5f48f786c3,0,0,0,,,0,0,0,no_overlap
improve-8ea9fc03cea9ff6e,0,0,0,,,0,0,0,no_overlap
improve-46b1c55c0cea9d4a,0,0,0,,,0,0,0,no_overlap
improve-a0d0f982e04c717d,0,0,0,,,0,0,0,no_overlap
improve-40f74e3806dee611,0,0,0,,,0,0,0,no_overlap
improve-078e7e3d3b2a14d1,0,0,0,,,0,0,0,no_overlap
improve-d25be69fb9261ba7,0,0,0,,,0,0,0,no_overlap
improve-395a02a857801721,0,0,0,,,0,0,0,no_overlap
improve-92ce8eb174e498b7,0,0,0,,,0,0,0,no_overlap
improve-50aeb13262553686,0,0,0,,,0,0,0,no_overlap
improve-30b4ec16579a00b5,0,0,0,,,0,0,0,no_overlap
improve-4ba5076edba2065d,0,0,0,,,0,0,0,no_overlap
improve-77e91405ffa44d99,0,0,0,,,0,0,0,no_overlap
improve-0cde4804ebab61b8,0,0,0,,,0,0,0,no_overlap
improve-d41f633bfa44f112,0,0,0,,,0,0,0,no_overlap
improve-c664f461dc809208,0,0,0,,,0,0,0,no_overlap
improve-103edbb9bb2f2a6e,0,0,0,,,0,0,0,no_overlap
improve-6e5948e856ae342f,0,0,0,,,0,0,0,no_overlap
improve-d59d7f1123abbee3,0,0,0,,,0,0,0,no_overlap
improve-c92c7341f708d259,0,0,0,,,0,0,0,no_overlap
improve-88a1d1c74550ff01,0,0,0,,,0,0,0,no_overlap
improve-172ca854d178593c,0,0,0,,,0,0,0,no_overlap
improve-35fe0c6f92c41f20,0,0,0,,,0,0,0,no_overlap
improve-fcdbc5d1865ff107,0,0,0,,,0,0,0,no_overlap
improve-93671a7476cb4729,0,0,0,,,0,0,0,no_overlap
improve-428a5141f19b7204,0,0,0,,,0,0,0,no_overlap
improve-d8c6d2d24645e517,0,0,0,,,0,0,0,no_overlap
improve-7ac580e879f4d860,0,0,0,,,0,0,0,no_overlap
improve-d180aac7f6304b5d,0,0,0,,,0,0,0,no_overlap
improve-99c09a47623ba510,0,0,0,,,0,0,0,no_overlap
improve-100749ab93f92fb9,0,0,0,,,0,0,0,no_overlap
improve-961c0496f6922309,0,0,0,,,0,0,0,no_overlap
improve-6f1233e4ac5e0aef,0,0,0,,,0,0,0,no_overlap
improve-88370f0c430b310a,0,0,0,,,0,0,0,no_overlap
improve-3e97f70c8ce2c25b,0,0,0,,,0,0,0,no_overlap
improve-2e408562d8a4e137,0,0,0,,,0,0,0,no_overlap
improve-b104a51469d3ee3a,0,0,0,,,0,0,0,no_overlap
improve-17e703fd6f2dff7a,0,0,0,,,0,0,0,no_overlap
improve-2227fab0e1e60fa3,0,0,0,,,0,0,0,no_overlap
improve-efe8439edf86c35e,0,0,0,,,0,0,0,no_overlap
improve-fd2a4ea03625e295,0,0,0,,,0,0,0,no_overlap
improve-3cf22e0a9bb61d4f,0,0,0,,,0,0,0,no_overlap
improve-cca3e1c4c309f6cf,0,0,0,,,0,0,0,no_overlap
improve-3f2000edb7fd5566,0,0,0,,,0,0,0,no_overlap
improve-0ad2feab64a81c5c,0,0,0,,,0,0,0,no_overlap
improve-465303e228e3a148,0,0,0,,,0,0,0,no_overlap
improve-197c86fe69826b8a,0,0,0,,,0,0,0,no_overlap
improve-a246ab1cb3e55438,0,0,0,,,0,0,0,no_overlap
improve-29e0fb4a1c5323ce,0,0,0,,,0,0,0,no_overlap
improve-15a3cf223fd7a013,0,0,0,,,0,0,0,no_overlap
improve-2ff43a28dad4585c,0,0,0,,,0,0,0,no_overlap
improve-9039ab7a8579533c,0,0,0,,,0,0,0,no_overlap
improve-42f4501afcf6839b,0,0,0,,,0,0,0,no_overlap
improve-50c224aeea967fa6,0,0,0,,,0,0,0,no_overlap
improve-471fc9d9db4da7b1,0,0,0,,,0,0,0,no_overlap
improve-f545678cadc32664,0,0,0,,,0,0,0,no_overlap
improve-d67914a664d80264,0,0,0,,,0,0,0,no_overlap
improve-781f9f1938212557,0,0,0,,,0,0,0,no_overlap
improve-1ec58da82c64432c,0,0,0,,,0,0,0,no_overlap
improve-e757f2bdbf2530ca,0,0,0,,,0,0,0,no_overlap
improve-036d5be5c497507f,0,0,0,,,0,0,0,no_overlap
improve-343e6b99d4dbb3a3,0,0,0,,,0,0,0,no_overlap
improve-d85cb4edc883dea5,0,0,0,,,0,0,0,no_overlap
improve-eeae7d585000c084,0,0,0,,,0,0,0,no_overlap
improve-92eac66bdf3cc4f3,0,0,0,,,0,0,0,no_overlap
improve-f61de7d1b77c7b5e,0,0,0,,,0,0,0,no_overlap
improve-c51337c1781668b5,0,0,0,,,0,0,0,no_overlap
improve-63bb36153f926427,0,0,0,,,0,0,0,no_overlap
improve-92abd7930a5fddbe,0,0,0,,,0,0,0,no_overlap
improve-6fd06d68b5114b72,0,0,0,,,0,0,0,no_overlap
improve-51fb743bdb15c300,0,0,0,,,0,0,0,no_overlap
improve-bd2e8ad8c7f14b91,0,0,0,,,0,0,0,no_overlap
improve-8d1934b960649bd4,0,0,0,,,0,0,0,no_overlap
improve-eb817757fd7911af,0,0,0,,,0,0,0,no_overlap
improve-792418c33b3cec1f,0,0,0,,,0,0,0,no_overlap
improve-c9a458b410689e0a,0,0,0,,,0,0,0,no_overlap
improve-92323a2e22dce153,0,0,0,,,0,0,0,no_overlap
improve-a57d59c898866eb4,0,0,0,,,0,0,0,no_overlap
improve-cd0303e8a5496e58,0,0,0,,,0,0,0,no_overlap
improve-b8b7e59791428a20,0,0,0,,,0,0,0,no_overlap
improve-0b4988d78d701c40,0,0,0,,,0,0,0,no_overlap
improve-bb80212ca54fe500,0,0,0,,,0,0,0,no_overlap
improve-331dd2063c32c809,0,0,0,,,0,0,0,no_overlap
improve-65f7a42a58ce219f,0,0,0,,,0,0,0,no_overlap
improve-65b0ff6d4e496184,0,0,0,,,0,0,0,no_overlap
improve-0243f9df838324b7,0,0,0,,,0,0,0,no_overlap
improve-2fbfa4b7b560ff0f,0,0,0,,,0,0,0,no_overlap
improve-e4b407ccb272d5f8,0,0,0,,,0,0,0,no_overlap
improve-b086911a1225f222,0,0,0,,,0,0,0,no_overlap
improve-7e8a6573769d10ee,0,0,0,,,0,0,0,no_overlap
improve-bd108f249d07f111,0,0,0,,,0,0,0,no_overlap
improve-43c738f3d1d79e22,0,0,0,,,0,0,0,no_overlap
improve-327a649433aa5492,0,0,0,,,0,0,0,no_overlap
improve-b27aea680471938f,0,0,0,,,0,0,0,no_overlap
improve-cb7abbbba80fa81b,0,0,0,,,0,0,0,no_overlap
improve-6743701cca175c5c,0,0,0,,,0,0,0,no_overlap
improve-b25ce1a7bfa7ec2e,0,0,0,,,0,0,0,no_overlap
improve-cf7f1f17bf2da709,0,0,0,,,0,0,0,no_overlap
improve-4373c5652e504236,0,0,0,,,0,0,0,no_overlap
improve-362b9dd25855b465,0,0,0,,,0,0,0,no_overlap
improve-e3df66a45bb27445,0,0,0,,,0,0,0,no_overlap
improve-1bc55892966e17d6,0,0,0,,,0,0,0,no_overlap
improve-33a6894250b48028,0,0,0,,,0,0,0,no_overlap
improve-e7e2036318c470ec,0,0,0,,,0,0,0,no_overlap
improve-2f1dfa7692201d96,0,0,0,,,0,0,0,no_overlap
improve-3f345d01065ac2eb,0,0,0,,,0,0,0,no_overlap
improve-54a6f18114e245a0,1,0,0,,,0,0,0,no_overlap
improve-7dedb3b84c98a5a0,1,0,0,,,0,0,0,no_overlap
improve-3d9245f6f731db97,0,0,0,,,0,0,0,no_overlap
improve-aef1c2b578f0c1d9,0,0,0,,,0,0,0,no_overlap
improve-be7e1a68d2fdd7b2,0,0,0,,,0,0,0,no_overlap
improve-3bd62a7eb117f597,0,0,0,,,0,0,0,no_overlap
improve-6757c132605396e3,0,0,0,,,0,0,0,no_overlap
improve-3a62aac696e0e516,0,0,0,,,0,0,0,no_overlap
improve-865ea74330c5e577,0,0,0,,,0,0,0,no_overlap
improve-2a6832cda124508d,0,0,0,,,0,0,0,no_overlap
improve-e883b26a14ef1685,0,0,0,,,0,0,0,no_overlap
improve-1116092396315d9c,0,0,0,,,0,0,0,no_overlap
improve-32b410b4c76b39b8,0,0,0,,,0,0,0,no_overlap
improve-c1a4d2c43a636970,0,0,0,,,0,0,0,no_overlap
improve-d9c494a9df76b66a,0,0,0,,,0,0,0,no_overlap
improve-5233e922e9df173a,0,0,0,,,0,0,0,no_overlap
improve-92bd78e7aa3d5f94,0,0,0,,,0,0,0,no_overlap
improve-979e4211cd1b1396,0,0,0,,,0,0,0,no_overlap
improve-672d9ab68ca4a65d,0,0,0,,,0,0,0,no_overlap
improve-f955350dec9e3f33,0,0,0,,,0,0,0,no_overlap
improve-c1ded69ad66e7457,0,0,0,,,0,0,0,no_overlap
improve-f71fd9151a53175f,0,0,0,,,0,0,0,no_overlap
improve-41160f993c5ac5d6,0,0,0,,,0,0,0,no_overlap
improve-c1c2e66ca40ecc16,0,0,0,,,0,0,0,no_overlap
improve-3c8ab9191df25e88,0,0,0,,,0,0,0,no_overlap
