record_id,benchmark_label,exact_prime2_peptide_hla,exact_bigmhc_im_trainval,exact_deepimmuno_peptide_hla,union_known_exact_overlap,prime2_label_conflict,deepimmuno_label_conflict,peptide_only_prime2_different_hla,peptide_only_deepimmuno_different_hla,near_hamming1_prime2_same_hla,near_hamming1_deepimmuno_same_hla,deephlapan_training_overlap
zhao-vaccine-cc5177931a4be3c3,0,0,0,0,0,0,0,0,0,0,0,unknown_official_row_manifest_unavailable
zhao-vaccine-cd9d03017ea06bfb,0,0,0,0,0,0,0,0,0,0,0,unknown_official_row_manifest_unavailable
zhao-vaccine-cb103548daf629bf,0,0,0,0,0,0,0,0,0,0,0,unknown_official_row_manifest_unavailable
zhao-vaccine-f08d5d9716c87bcf,0,0,0,0,0,0,0,0,0,0,0,unknown_official_row_manifest_unavailable
zhao-vaccine-3192c0e3fed93154,0,0,0,0,0,0,0,0,0,0,0,unknown_official_row_manifest_unavailable
zhao-vaccine-903b6facc7e442c1,0,0,0,0,0,0,0,0,0,0,0,unknown_official_row_manifest_unavailable
zhao-vaccine-b26ed9ae357d0d47,0,0,0,0,0,0,0,0,0,0,0,unknown_official_row_manifest_unavailable
zhao-vaccine-963f50e290b7356b,0,0,0,0,0,0,0,0,0,0,0,unknown_official_row_manifest_unavailable
zhao-vaccine-552b2d6f0ee562dd,0,0,0,0,0,0,0,0,0,0,0,unknown_official_row_manifest_unavailable
zhao-vaccine-2ae867b6e66bd88f,0,0,0,0,0,0,0,0,0,0,0,unknown_official_row_manifest_unavailable
zhao-vaccine-ca925cf2e48aec66,0,0,0,0,0,0,0,0,0,0,0,unknown_official_row_manifest_unavailable
zhao-vaccine-5a8125604ba2f1ef,0,0,0,0,0,0,0,0,0,0,0,unknown_official_row_manifest_unavailable
zhao-vaccine-c6d33472b279f35f,0,0,0,0,0,0,0,0,0,0,0,unknown_official_row_manifest_unavailable
zhao-vaccine-64ae25542b695d68,1,0,0,0,0,0,0,0,0,0,0,unknown_official_row_manifest_unavailable
zhao-vaccine-e21983e68c841496,0,0,0,0,0,0,0,0,0,0,0,unknown_official_row_manifest_unavailable
zhao-vaccine-a9814ac50aac91d7,1,0,0,0,0,0,0,0,0,0,0,unknown_official_row_manifest_unavailable
zhao-vaccine-6b3565ce2aee893c,0,0,0,0,0,0,0,0,0,0,0,unknown_official_row_manifest_unavailable
zhao-vaccine-216ffedc64136058,1,0,0,0,0,0,0,0,0,0,0,unknown_official_row_manifest_unavailable
zhao-vaccine-32c2e9da3e2ffcf5,0,0,0,0,0,0,0,0,0,0,0,unknown_official_row_manifest_unavailable
zhao-vaccine-84bf18995ccd3ac7,0,0,0,0,0,0,0,0,0,0,0,unknown_official_row_manifest_unavailable
zhao-vaccine-b31446e55ef91111,0,0,0,0,0,0,0,0,0,0,0,unknown_official_row_manifest_unavailable
zhao-vaccine-51f51c49a8e26bf5,0,0,0,0,0,0,0,0,0,0,0,unknown_official_row_manifest_unavailable
zhao-vaccine-ba3ba0e4df7070c8,1,0,0,0,0,0,0,0,0,0,0,unknown_official_row_manifest_unavailable
zhao-vaccine-c539b96ad108688f,0,0,0,0,0,0,0,0,0,0,0,unknown_official_row_manifest_unavailable
zhao-vaccine-57a55d88765b75c2,0,0,0,0,0,0,0,0,0,0,0,unknown_official_row_manifest_unavailable
zhao-vaccine-a08f55e2c3d0e686,0,0,0,0,0,0,0,0,0,0,0,unknown_official_row_manifest_unavailable
zhao-vaccine-663a44a421e57c58,0,0,0,0,0,0,0,0,0,0,0,unknown_official_row_manifest_unavailable
zhao-vaccine-75ec8654c437d145,0,0,0,0,0,0,0,0,0,0,0,unknown_official_row_manifest_unavailable
zhao-vaccine-c0b18e17fb95b0ce,0,0,0,0,0,0,0,0,0,0,0,unknown_official_row_manifest_unavailable
zhao-vaccine-dc56d83b9268b0e4,0,0,0,0,0,0,0,0,0,0,0,unknown_official_row_manifest_unavailable
zhao-vaccine-9d4560b23643427b,0,0,0,0,0,0,0,0,0,0,0,unknown_official_row_manifest_unavailable
zhao-vaccine-793aed9191a47fb7,0,0,0,0,0,0,0,0,0,0,0,unknown_official_row_manifest_unavailable
zhao-vaccine-11c80127a1777f0b,0,0,0,0,0,0,0,0,0,0,0,unknown_official_row_manifest_unavailable
zhao-vaccine-0e55ec495f82eb06,0,0,0,0,0,0,0,0,0,0,0,unknown_official_row_manifest_unavailable
zhao-vaccine-632e1a6ecee4b189,0,0,0,0,0,0,0,0,0,0,0,unknown_official_row_manifest_unavailable
zhao-vaccine-f2940a4e316a4039,0,0,0,0,0,0,0,0,0,0,0,unknown_official_row_manifest_unavailable
zhao-vaccine-cdb85d262afa7e9a,0,0,0,0,0,0,0,0,0,0,0,unknown_official_row_manifest_unavailable
zhao-vaccine-014bd639c774cd87,0,0,0,0,0,0,0,0,0,0,0,unknown_official_row_manifest_unavailable
zhao-vaccine-65e623aadc02d7b4,0,0,0,0,0,0,0,0,0,0,0,unknown_official_row_manifest_unavailable
zhao-vaccine-58b739ae69170773,0,0,0,0,0,0,0,0,0,0,0,unknown_official_row_manifest_unavailable
zhao-vaccine-7b6f86e747814c45,0,0,0,0,0,0,0,0,0,0,0,unknown_official_row_manifest_unavailable
zhao-vaccine-5c1663d10533a1a7,0,0,0,0,0,0,0,0,0,0,0,unknown_official_row_manifest_unavailable
zhao-vaccine-5f8659d92cd36359,0,0,0,0,0,0,0,0,0,0,0,unknown_official_row_manifest_unavailable
zhao-vaccine-950121b76038c2c0,0,0,0,0,0,0,0,0,0,0,0,unknown_official_row_manifest_unavailable
zhao-vaccine-0a56a76ea51563b6,0,0,0,0,0,0,0,0,0,0,0,unknown_official_row_manifest_unavailable
zhao-vaccine-6ebe14892da71061,0,0,0,0,0,0,0,0,0,0,0,unknown_official_row_manifest_unavailable
zhao-vaccine-dedb75a56ec2b5ba,0,0,0,0,0,0,0,0,0,0,0,unknown_official_row_manifest_unavailable
zhao-vaccine-307d7668f3794977,0,0,0,0,0,0,0,0,0,0,0,unknown_official_row_manifest_unavailable
zhao-vaccine-a5ba7a2f40a30c73,0,0,0,0,0,0,0,0,0,0,0,unknown_official_row_manifest_unavailable
zhao-vaccine-721b23e769b23024,1,0,0,0,0,0,0,0,0,0,0,unknown_official_row_manifest_unavailable
zhao-vaccine-ef4ef897001d5f16,0,0,0,0,0,0,0,0,0,0,0,unknown_official_row_manifest_unavailable
zhao-vaccine-1754863200e530d4,0,0,0,0,0,0,0,0,0,0,0,unknown_official_row_manifest_unavailable
zhao-vaccine-c4347419983fbf7a,0,0,0,0,0,0,0,0,0,0,0,unknown_official_row_manifest_unavailable
zhao-vaccine-20994a61ffa7d9ee,0,0,0,0,0,0,0,0,0,0,0,unknown_official_row_manifest_unavailable
zhao-vaccine-c4933d5b027e3a50,0,0,0,0,0,0,0,0,0,0,0,unknown_official_row_manifest_unavailable
zhao-vaccine-769bcab9bf9ccbd6,1,0,0,0,0,0,0,0,0,0,0,unknown_official_row_manifest_unavailable
zhao-vaccine-e3d2d037340b51d9,1,0,0,0,0,0,0,0,0,0,0,unknown_official_row_manifest_unavailable
zhao-vaccine-7c5cedc69e322fdf,1,0,0,0,0,0,0,0,0,0,0,unknown_official_row_manifest_unavailable
zhao-vaccine-bb7e738de16de201,0,0,0,0,0,0,0,0,0,0,0,unknown_official_row_manifest_unavailable
zhao-vaccine-3c7c00959cdbd0be,1,0,0,0,0,0,0,0,0,0,0,unknown_official_row_manifest_unavailable
zhao-vaccine-5f357bb53e0ccd46,0,0,0,0,0,0,0,0,0,0,0,unknown_official_row_manifest_unavailable
zhao-vaccine-b4ff6ed193ff01e1,0,0,0,0,0,0,0,0,0,0,0,unknown_official_row_manifest_unavailable
zhao-vaccine-a3b89c628988d1f0,0,0,0,0,0,0,0,0,0,0,0,unknown_official_row_manifest_unavailable
zhao-vaccine-6602303a8186d1dc,0,0,0,0,0,0,0,0,0,0,0,unknown_official_row_manifest_unavailable
zhao-vaccine-f261f0bff4da5636,0,0,0,0,0,0,0,0,0,0,0,unknown_official_row_manifest_unavailable
zhao-vaccine-a7ca659448536804,1,0,0,0,0,0,0,0,0,0,0,unknown_official_row_manifest_unavailable
zhao-vaccine-115765bd03d87a4c,1,0,0,0,0,0,0,0,0,0,0,unknown_official_row_manifest_unavailable
zhao-vaccine-4e3e4eefd195b820,1,0,0,0,0,0,0,0,0,0,0,unknown_official_row_manifest_unavailable
zhao-vaccine-d7de270e64839b12,0,0,0,0,0,0,0,0,0,0,0,unknown_official_row_manifest_unavailable
zhao-vaccine-8bf05f928c2bd4e9,0,0,0,0,0,0,0,0,0,0,0,unknown_official_row_manifest_unavailable
zhao-vaccine-05c56392726f06f7,0,0,0,0,0,0,0,0,0,0,0,unknown_official_row_manifest_unavailable
zhao-vaccine-b560b39a749dc71f,0,0,0,0,0,0,0,0,0,0,0,unknown_official_row_manifest_unavailable
zhao-vaccine-56be5b3de62021b3,0,0,0,0,0,0,0,0,0,0,0,unknown_official_row_manifest_unavailable
zhao-vaccine-3cddb5de3fdc73f8,0,0,0,0,0,0,0,0,0,0,0,unknown_official_row_manifest_unavailable
zhao-vaccine-53ec168fd080effa,0,0,0,0,0,0,0,0,0,0,0,unknown_official_row_manifest_unavailable
zhao-vaccine-32a90e336ffe9f36,0,0,0,0,0,0,0,0,0,0,0,unknown_official_row_manifest_unavailable
zhao-vaccine-67871099a490d0b7,0,0,0,0,0,0,0,0,0,0,0,unknown_official_row_manifest_unavailable
zhao-vaccine-e59b09ec5c615041,0,0,0,0,0,0,0,0,0,0,0,unknown_official_row_manifest_unavailable
zhao-vaccine-f1e4f673cb84311b,0,0,0,0,0,0,0,0,0,0,0,unknown_official_row_manifest_unavailable
zhao-vaccine-b1370175a555b7d6,0,0,0,0,0,0,0,0,0,0,0,unknown_official_row_manifest_unavailable
zhao-vaccine-0eea6d5b9cd833c3,0,0,0,0,0,0,0,0,0,0,0,unknown_official_row_manifest_unavailable
zhao-vaccine-ff9183813284c18c,0,0,0,0,0,0,0,0,0,0,0,unknown_official_row_manifest_unavailable
zhao-vaccine-a337cd9e3db2db1c,1,0,0,0,0,0,0,0,0,0,0,unknown_official_row_manifest_unavailable
zhao-vaccine-bad48b682dea20e2,0,0,0,0,0,0,0,0,0,0,0,unknown_official_row_manifest_unavailable
zhao-vaccine-69265220b712eaff,0,0,0,0,0,0,0,0,0,0,0,unknown_official_row_manifest_unavailable
zhao-vaccine-30fce3961fb83225,0,0,0,0,0,0,0,0,0,0,0,unknown_official_row_manifest_unavailable
zhao-vaccine-a33346cd1639929e,0,0,0,0,0,0,0,0,0,0,0,unknown_official_row_manifest_unavailable
zhao-vaccine-8237ebe4fa614cb2,0,0,0,0,0,0,0,0,0,0,0,unknown_official_row_manifest_unavailable
zhao-vaccine-8fd0352416cfec6e,0,0,0,0,0,0,0,0,0,0,0,unknown_official_row_manifest_unavailable
zhao-vaccine-678bd3325aebf69a,0,0,0,0,0,0,0,0,0,0,0,unknown_official_row_manifest_unavailable
zhao-vaccine-8e33615b93106694,0,0,0,0,0,0,0,0,0,0,0,unknown_official_row_manifest_unavailable
zhao-vaccine-f0fe0e1502ca3c40,0,0,0,0,0,0,0,0,0,0,0,unknown_official_row_manifest_unavailable
zhao-vaccine-53b0894b3f86cda3,0,0,0,0,0,0,0,0,0,0,0,unknown_official_row_manifest_unavailable
zhao-vaccine-e90da088575654ed,0,0,0,0,0,0,0,0,0,0,0,unknown_official_row_manifest_unavailable
zhao-vaccine-15fc7b4196341249,0,0,0,0,0,0,0,0,0,0,0,unknown_official_row_manifest_unavailable
zhao-vaccine-31e400851e8cba8e,0,0,0,0,0,0,0,0,0,0,0,unknown_official_row_manifest_unavailable
zhao-vaccine-728cbd534905bb7c,0,0,0,0,0,0,0,0,0,0,0,unknown_official_row_manifest_unavailable
zhao-vaccine-a4010af471f417b5,0,0,0,0,0,0,0,0,0,0,0,unknown_official_row_manifest_unavailable
zhao-vaccine-2dbff2366e148251,0,0,0,0,0,0,0,0,0,0,0,unknown_official_row_manifest_unavailable
zhao-vaccine-d5f2a4fb941105d2,0,0,0,0,0,0,0,0,0,0,0,unknown_official_row_manifest_unavailable
zhao-vaccine-dba5560226e496f4,0,0,0,0,0,0,0,0,0,0,0,unknown_official_row_manifest_unavailable
zhao-vaccine-55d96c19400f7e26,0,0,0,0,0,0,0,0,0,0,0,unknown_official_row_manifest_unavailable
zhao-vaccine-bd2f8606fb30409a,1,0,0,0,0,0,0,0,0,0,0,unknown_official_row_manifest_unavailable
zhao-vaccine-65a25a2687793bd5,0,0,0,0,0,0,0,0,0,0,0,unknown_official_row_manifest_unavailable
zhao-vaccine-e10b49188814293a,0,0,0,0,0,0,0,0,0,0,0,unknown_official_row_manifest_unavailable
zhao-vaccine-230be4384e65ea36,0,0,0,0,0,0,0,0,0,0,0,unknown_official_row_manifest_unavailable
zhao-vaccine-616ff67e3e0809a3,0,0,0,0,0,0,0,0,0,0,0,unknown_official_row_manifest_unavailable
zhao-vaccine-a579507c6a7fddf4,0,0,0,0,0,0,0,0,0,0,0,unknown_official_row_manifest_unavailable
zhao-vaccine-dd746da151697768,0,0,0,0,0,0,0,0,0,0,0,unknown_official_row_manifest_unavailable
zhao-vaccine-3a22225a5d7f2908,0,0,0,0,0,0,0,0,0,0,0,unknown_official_row_manifest_unavailable
zhao-vaccine-5caf67c8d2a99efb,0,0,0,0,0,0,0,0,0,0,0,unknown_official_row_manifest_unavailable
zhao-vaccine-9a578efb510196ff,0,0,0,0,0,0,0,0,0,0,0,unknown_official_row_manifest_unavailable
zhao-vaccine-d695470f95d9e06e,0,0,0,0,0,0,0,0,0,0,0,unknown_official_row_manifest_unavailable
zhao-vaccine-efa3f2649bac6ab4,1,0,0,0,0,0,0,0,0,0,0,unknown_official_row_manifest_unavailable
zhao-vaccine-08f2b9d1776ef138,0,0,0,0,0,0,0,0,0,0,0,unknown_official_row_manifest_unavailable
zhao-vaccine-fadd82945ab4638b,0,0,0,0,0,0,0,0,0,0,0,unknown_official_row_manifest_unavailable
zhao-vaccine-0c6854e9a75f6d2c,0,0,0,0,0,0,0,0,0,0,0,unknown_official_row_manifest_unavailable
zhao-vaccine-ce3874fa7fbdef2a,0,0,0,0,0,0,0,0,0,0,0,unknown_official_row_manifest_unavailable
zhao-vaccine-aad48279dc4dd514,0,0,0,0,0,0,0,0,0,0,0,unknown_official_row_manifest_unavailable
zhao-vaccine-c026707a02efbd26,0,0,0,0,0,0,0,0,0,0,0,unknown_official_row_manifest_unavailable
zhao-vaccine-bfa4b61c793e605f,0,0,0,0,0,0,0,0,0,0,0,unknown_official_row_manifest_unavailable
zhao-vaccine-15401e249b05f5c5,0,0,0,0,0,0,0,0,0,0,0,unknown_official_row_manifest_unavailable
zhao-vaccine-6b5beddba8bd252c,0,0,0,0,0,0,0,0,0,0,0,unknown_official_row_manifest_unavailable
zhao-vaccine-1c5b74ef6f95d794,0,0,0,0,0,0,0,0,0,0,0,unknown_official_row_manifest_unavailable
zhao-vaccine-fea68d4d27ef7814,0,0,0,0,0,0,0,0,0,0,0,unknown_official_row_manifest_unavailable
zhao-vaccine-d007cff8a448a8ef,0,0,0,0,0,0,0,0,0,0,0,unknown_official_row_manifest_unavailable
zhao-vaccine-3e1dbf3a6ee4c36f,0,0,0,0,0,0,0,0,0,0,0,unknown_official_row_manifest_unavailable
zhao-vaccine-e988571ea77fc8a5,0,0,0,0,0,0,0,0,0,0,0,unknown_official_row_manifest_unavailable
zhao-vaccine-cc846329c598f7ef,1,0,0,0,0,0,0,0,0,0,0,unknown_official_row_manifest_unavailable
zhao-vaccine-2ae7ecfc3864a89f,0,0,0,0,0,0,0,0,0,0,0,unknown_official_row_manifest_unavailable
zhao-vaccine-1c60e7cef35ab689,0,0,0,0,0,0,0,0,0,0,0,unknown_official_row_manifest_unavailable
zhao-vaccine-b95d13f1321c6ed3,0,0,0,0,0,0,0,0,0,0,0,unknown_official_row_manifest_unavailable
zhao-vaccine-1e97369be34cf2f7,0,0,0,0,0,0,0,0,0,0,0,unknown_official_row_manifest_unavailable
zhao-vaccine-5289e0af5170b9c0,0,0,0,0,0,0,0,0,0,0,0,unknown_official_row_manifest_unavailable
zhao-vaccine-0382554b4ecb89e3,0,0,0,0,0,0,0,0,0,0,0,unknown_official_row_manifest_unavailable
zhao-vaccine-b1fc86c569d9b3b0,0,0,0,0,0,0,0,0,0,0,0,unknown_official_row_manifest_unavailable
zhao-vaccine-9e10dcb2a49789d0,0,0,0,0,0,0,0,0,0,0,0,unknown_official_row_manifest_unavailable
zhao-vaccine-538a116eb355ac3f,0,0,0,0,0,0,0,0,0,0,0,unknown_official_row_manifest_unavailable
zhao-vaccine-5555779da3a7954b,0,0,0,0,0,0,0,0,0,0,0,unknown_official_row_manifest_unavailable
zhao-vaccine-1207e1f28a7ce672,1,0,0,0,0,0,0,0,0,0,0,unknown_official_row_manifest_unavailable
zhao-vaccine-145673a06fe32c32,0,0,0,0,0,0,0,0,0,0,0,unknown_official_row_manifest_unavailable
zhao-vaccine-8778badd24dbb533,0,0,0,0,0,0,0,0,0,0,0,unknown_official_row_manifest_unavailable
zhao-vaccine-361fc2f6770f984f,0,0,0,0,0,0,0,0,0,0,0,unknown_official_row_manifest_unavailable
zhao-vaccine-1070795508b31641,0,0,0,0,0,0,0,0,0,0,0,unknown_official_row_manifest_unavailable
zhao-vaccine-a5bfe0738421772d,0,0,0,0,0,0,0,0,0,0,0,unknown_official_row_manifest_unavailable
zhao-vaccine-37ce52867b245b48,0,0,0,0,0,0,0,0,0,0,0,unknown_official_row_manifest_unavailable
zhao-vaccine-da47a1ad401e2996,0,0,0,0,0,0,0,0,0,0,0,unknown_official_row_manifest_unavailable
zhao-vaccine-96f54241bdd80a5f,0,0,0,0,0,0,0,0,0,0,0,unknown_official_row_manifest_unavailable
zhao-vaccine-7bb94fe418471df7,0,0,0,0,0,0,0,0,0,0,0,unknown_official_row_manifest_unavailable
zhao-vaccine-a6747d61775f09f7,0,0,0,0,0,0,0,0,0,0,0,unknown_official_row_manifest_unavailable
zhao-vaccine-6da954109a635742,0,0,0,0,0,0,0,0,0,0,0,unknown_official_row_manifest_unavailable
zhao-vaccine-f441c6d5ea9c9518,0,0,0,0,0,0,0,0,0,0,0,unknown_official_row_manifest_unavailable
zhao-vaccine-5d08657e7e0d61ea,0,0,0,0,0,0,0,0,0,0,0,unknown_official_row_manifest_unavailable
zhao-vaccine-9afe0fd40501fb25,0,0,0,0,0,0,0,0,0,0,0,unknown_official_row_manifest_unavailable
zhao-vaccine-4483f2a784fc6ed9,0,0,0,0,0,0,0,0,0,0,0,unknown_official_row_manifest_unavailable
zhao-vaccine-dc896238782e4631,0,0,0,0,0,0,0,0,0,0,0,unknown_official_row_manifest_unavailable
zhao-vaccine-bf220356d06db0f0,1,0,0,0,0,0,0,0,0,0,0,unknown_official_row_manifest_unavailable
zhao-vaccine-a75e663bab34906c,0,0,0,0,0,0,0,0,0,0,0,unknown_official_row_manifest_unavailable
zhao-vaccine-54ec293e84e13508,0,0,0,0,0,0,0,0,0,0,0,unknown_official_row_manifest_unavailable
zhao-vaccine-6d227e48064eb22f,0,0,0,0,0,0,0,0,0,0,0,unknown_official_row_manifest_unavailable
zhao-vaccine-44f1285caea075a7,0,0,0,0,0,0,0,0,0,0,0,unknown_official_row_manifest_unavailable
zhao-vaccine-2dea372668b54f24,0,0,0,0,0,0,0,0,0,0,0,unknown_official_row_manifest_unavailable
zhao-vaccine-a65e858815f38613,0,0,0,0,0,0,0,0,0,0,0,unknown_official_row_manifest_unavailable
zhao-vaccine-798364a9eb823880,0,0,0,0,0,0,0,0,0,0,0,unknown_official_row_manifest_unavailable
zhao-vaccine-295b177510adca1e,0,0,0,0,0,0,0,0,0,0,0,unknown_official_row_manifest_unavailable
zhao-vaccine-25b0ee2d16a42eda,0,0,0,0,0,0,0,0,0,0,0,unknown_official_row_manifest_unavailable
zhao-vaccine-dead279e867c4665,1,0,0,0,0,0,0,0,0,0,0,unknown_official_row_manifest_unavailable
zhao-vaccine-b629247dcc4ce157,0,0,0,0,0,0,0,0,0,0,0,unknown_official_row_manifest_unavailable
zhao-vaccine-645c0657755c03d1,0,0,0,0,0,0,0,0,0,0,0,unknown_official_row_manifest_unavailable
zhao-vaccine-56e09080ec5d141a,1,0,0,0,0,0,0,0,0,0,0,unknown_official_row_manifest_unavailable
zhao-vaccine-e65870d5c13f0cae,0,0,0,0,0,0,0,0,0,0,0,unknown_official_row_manifest_unavailable
zhao-vaccine-e163786dd60b30c6,0,0,0,0,0,0,0,0,0,0,0,unknown_official_row_manifest_unavailable
zhao-vaccine-52abf4ab6ec53398,0,0,0,0,0,0,0,0,0,0,0,unknown_official_row_manifest_unavailable
zhao-vaccine-f095e17a85ac6274,0,0,0,0,0,0,0,0,0,0,0,unknown_official_row_manifest_unavailable
zhao-vaccine-ae66c36ac74a789a,0,0,0,0,0,0,0,0,0,0,0,unknown_official_row_manifest_unavailable
zhao-vaccine-efda1ba858fbe5cd,0,0,0,0,0,0,0,0,0,0,0,unknown_official_row_manifest_unavailable
zhao-vaccine-748ce69b5e1e7d7a,0,0,0,0,0,0,0,0,0,0,0,unknown_official_row_manifest_unavailable
zhao-vaccine-3aff159c60b53eab,0,0,0,0,0,0,0,0,0,0,0,unknown_official_row_manifest_unavailable
zhao-vaccine-36b2b5626e9cf020,0,0,0,0,0,0,0,0,0,0,0,unknown_official_row_manifest_unavailable
zhao-vaccine-914803d50e1be2db,0,0,0,0,0,0,0,0,0,0,0,unknown_official_row_manifest_unavailable
zhao-vaccine-57e80af6b56dfdf5,0,0,0,0,0,0,0,0,0,0,0,unknown_official_row_manifest_unavailable
zhao-vaccine-9e18dbe1835f1997,0,0,0,0,0,0,0,0,0,0,0,unknown_official_row_manifest_unavailable
zhao-vaccine-9d185ca51b52793e,0,0,0,0,0,0,0,0,0,0,0,unknown_official_row_manifest_unavailable
zhao-vaccine-c845ec4db4fdf2b1,0,0,0,0,0,0,0,0,0,0,0,unknown_official_row_manifest_unavailable
zhao-vaccine-2559495fe7cc09c8,0,0,0,0,0,0,0,0,0,0,0,unknown_official_row_manifest_unavailable
zhao-vaccine-e228d834b3506f37,0,0,0,0,0,0,0,0,0,0,0,unknown_official_row_manifest_unavailable
zhao-vaccine-632173550f8defa7,0,0,0,0,0,0,0,0,0,0,0,unknown_official_row_manifest_unavailable
zhao-vaccine-429e2fc94d9e9045,0,0,0,0,0,0,0,0,0,0,0,unknown_official_row_manifest_unavailable
zhao-vaccine-5fe6eb68309e409a,0,0,0,0,0,0,0,0,0,0,0,unknown_official_row_manifest_unavailable
zhao-vaccine-0dfb7b47d5d12f64,0,0,0,0,0,0,0,0,0,0,0,unknown_official_row_manifest_unavailable
zhao-vaccine-3e67648453abcd83,0,0,0,0,0,0,0,0,0,0,0,unknown_official_row_manifest_unavailable
zhao-vaccine-38f2049f0ff4c129,0,0,0,0,0,0,0,0,0,0,0,unknown_official_row_manifest_unavailable
zhao-vaccine-57d0eb88667194d5,0,0,0,0,0,0,0,0,0,0,0,unknown_official_row_manifest_unavailable
zhao-vaccine-f1aee3464f60a35c,0,0,0,0,0,0,0,0,0,0,0,unknown_official_row_manifest_unavailable
zhao-vaccine-2558c43d3ff0ad35,0,0,0,0,0,0,0,0,0,0,0,unknown_official_row_manifest_unavailable
zhao-vaccine-c772357dc481e666,0,0,0,0,0,0,0,0,0,0,0,unknown_official_row_manifest_unavailable
zhao-vaccine-4fd5d53649a59869,0,0,0,0,0,0,0,0,0,0,0,unknown_official_row_manifest_unavailable
zhao-vaccine-03337e287c4c1eb9,0,0,0,0,0,0,0,0,0,0,0,unknown_official_row_manifest_unavailable
zhao-vaccine-a1619d1bdeaec50c,0,0,0,0,0,0,0,0,0,0,0,unknown_official_row_manifest_unavailable
zhao-vaccine-357637a55b5dfa0c,0,0,0,0,0,0,0,0,0,0,0,unknown_official_row_manifest_unavailable
zhao-vaccine-f5effd103564b8de,0,0,0,0,0,0,0,0,0,0,0,unknown_official_row_manifest_unavailable
zhao-vaccine-616ea22fb1ba1a9e,0,0,0,0,0,0,0,0,0,0,0,unknown_official_row_manifest_unavailable
zhao-vaccine-c88d67228419fc50,0,0,0,0,0,0,0,0,0,0,0,unknown_official_row_manifest_unavailable
zhao-vaccine-ca0cdaf9d43b725f,0,0,0,0,0,0,0,0,0,0,0,unknown_official_row_manifest_unavailable
zhao-vaccine-b79174e32f0a9eae,0,0,0,0,0,0,0,0,0,0,0,unknown_official_row_manifest_unavailable
zhao-vaccine-2bf13a54882991b8,0,0,0,0,0,0,0,0,0,0,0,unknown_official_row_manifest_unavailable
zhao-vaccine-8f375180dc93b864,0,0,0,0,0,0,0,0,0,0,0,unknown_official_row_manifest_unavailable
zhao-vaccine-85eb791d393f0129,0,0,0,0,0,0,0,0,0,0,0,unknown_official_row_manifest_unavailable
zhao-vaccine-7625040ee15f1bba,0,0,0,0,0,0,0,0,0,0,0,unknown_official_row_manifest_unavailable
zhao-vaccine-a4ade91218cdc75f,0,0,0,0,0,0,0,0,0,0,0,unknown_official_row_manifest_unavailable
zhao-vaccine-401d2a0add232871,0,0,0,0,0,0,0,0,0,0,0,unknown_official_row_manifest_unavailable
zhao-vaccine-b4bca017beffad42,0,0,0,0,0,0,0,0,0,0,0,unknown_official_row_manifest_unavailable
zhao-vaccine-429e3f8c0f5c862c,0,0,0,0,0,0,0,0,0,0,0,unknown_official_row_manifest_unavailable
zhao-vaccine-4d63951595b04409,0,0,0,0,0,0,0,0,0,0,0,unknown_official_row_manifest_unavailable
zhao-vaccine-47647b5942f35551,0,0,0,0,0,0,0,0,0,0,0,unknown_official_row_manifest_unavailable
zhao-vaccine-fdd8fc87e5104d7b,0,0,0,0,0,0,0,0,0,0,0,unknown_official_row_manifest_unavailable
zhao-vaccine-d4aa4e707108dc27,0,0,0,0,0,0,0,0,0,0,0,unknown_official_row_manifest_unavailable
zhao-vaccine-c51e7ea4f4c184cc,0,0,0,0,0,0,0,0,0,0,0,unknown_official_row_manifest_unavailable
zhao-vaccine-d05912317fe97c27,0,0,0,0,0,0,0,0,0,0,0,unknown_official_row_manifest_unavailable
zhao-vaccine-e6461efde3c2741a,0,0,0,0,0,0,0,0,0,0,0,unknown_official_row_manifest_unavailable
zhao-vaccine-5df5dec8f4f78c14,0,0,0,0,0,0,0,0,0,0,0,unknown_official_row_manifest_unavailable
zhao-vaccine-b669bb46479a807e,0,0,0,0,0,0,0,0,0,0,0,unknown_official_row_manifest_unavailable
zhao-vaccine-cf766650b07d46ee,0,0,0,0,0,0,0,0,0,0,0,unknown_official_row_manifest_unavailable
zhao-vaccine-74aa856bf12974ba,0,0,0,0,0,0,0,0,0,0,0,unknown_official_row_manifest_unavailable
zhao-vaccine-64c98e09b69a5d62,0,0,0,0,0,0,0,0,0,0,0,unknown_official_row_manifest_unavailable
zhao-vaccine-80bf7079133ebe0b,0,0,0,0,0,0,0,0,0,0,0,unknown_official_row_manifest_unavailable
zhao-vaccine-efcea0bc4d09a05f,0,0,0,0,0,0,0,0,0,0,0,unknown_official_row_manifest_unavailable
zhao-vaccine-c8f8737258d70cd3,0,0,0,0,0,0,0,0,0,0,0,unknown_official_row_manifest_unavailable
zhao-vaccine-b6b92b7e81b75a24,0,0,0,0,0,0,0,0,0,0,0,unknown_official_row_manifest_unavailable
zhao-vaccine-59e134551336c4e2,0,0,0,0,0,0,0,0,0,0,0,unknown_official_row_manifest_unavailable
zhao-vaccine-36e0cd0961711f12,1,0,0,0,0,0,0,0,0,0,0,unknown_official_row_manifest_unavailable
zhao-vaccine-14d313929ec1d378,0,0,0,0,0,0,0,0,0,0,0,unknown_official_row_manifest_unavailable
zhao-vaccine-09d2cc1ffc78278c,0,0,0,0,0,0,0,0,0,0,0,unknown_official_row_manifest_unavailable
zhao-vaccine-29926a93b0712d4a,0,0,0,0,0,0,0,0,0,0,0,unknown_official_row_manifest_unavailable
zhao-vaccine-cf5b8ca20e933ae7,0,0,0,0,0,0,0,0,0,0,0,unknown_official_row_manifest_unavailable
zhao-vaccine-7acafd6c9399806c,0,0,0,0,0,0,0,0,0,0,0,unknown_official_row_manifest_unavailable
zhao-vaccine-1f54547768a20317,0,0,0,0,0,0,0,0,0,0,0,unknown_official_row_manifest_unavailable
zhao-vaccine-aeca70f8cbb54a5f,0,0,0,0,0,0,0,0,0,0,0,unknown_official_row_manifest_unavailable
zhao-vaccine-22646f8f1e1870b8,0,0,0,0,0,0,0,0,0,0,0,unknown_official_row_manifest_unavailable
zhao-vaccine-6cc35d9d03631477,0,0,0,0,0,0,0,0,0,0,0,unknown_official_row_manifest_unavailable
zhao-vaccine-2a6e650dc246bcb9,0,0,0,0,0,0,0,0,0,0,0,unknown_official_row_manifest_unavailable
zhao-vaccine-906a46f65f28953c,0,0,0,0,0,0,0,0,0,0,0,unknown_official_row_manifest_unavailable
zhao-vaccine-447ed56142240d01,0,0,0,0,0,0,0,0,0,0,0,unknown_official_row_manifest_unavailable
zhao-vaccine-ed9e43eb5539cacc,0,0,0,0,0,0,0,0,0,0,0,unknown_official_row_manifest_unavailable
zhao-vaccine-5c20ac9e9a0ee4fd,0,0,0,0,0,0,0,0,0,0,0,unknown_official_row_manifest_unavailable
zhao-vaccine-bb8687f15bc6f190,0,0,0,0,0,0,0,0,0,0,0,unknown_official_row_manifest_unavailable
zhao-vaccine-af08ded50637db18,0,0,0,0,0,0,0,0,0,0,0,unknown_official_row_manifest_unavailable
zhao-vaccine-0a348598a556c0e9,0,0,0,0,0,0,0,0,0,0,0,unknown_official_row_manifest_unavailable
zhao-vaccine-6dff12cf97e8daa0,0,0,0,0,0,0,0,0,0,0,0,unknown_official_row_manifest_unavailable
zhao-vaccine-3e7d11a8e23fcc9b,0,0,0,0,0,0,0,0,0,0,0,unknown_official_row_manifest_unavailable
zhao-vaccine-961bc6818383d108,1,0,0,0,0,0,0,0,0,0,0,unknown_official_row_manifest_unavailable
zhao-vaccine-a06ffb29914ff89e,1,0,0,0,0,0,0,0,0,0,0,unknown_official_row_manifest_unavailable
zhao-vaccine-3b206bf21e2c226f,1,0,0,0,0,0,0,0,0,0,0,unknown_official_row_manifest_unavailable
zhao-vaccine-c65b7de8500d2319,0,0,0,0,0,0,0,0,0,0,0,unknown_official_row_manifest_unavailable
zhao-vaccine-e44496dfd999e7ba,0,0,0,0,0,0,0,0,0,0,0,unknown_official_row_manifest_unavailable
zhao-vaccine-fbde732c3898b73d,0,0,0,0,0,0,0,0,0,0,0,unknown_official_row_manifest_unavailable
zhao-vaccine-3ac5f839d4b889f0,0,0,0,0,0,0,0,0,0,0,0,unknown_official_row_manifest_unavailable
zhao-vaccine-1194756f00230216,0,0,0,0,0,0,0,0,0,0,0,unknown_official_row_manifest_unavailable
zhao-vaccine-f2ae0bcb8691fda9,1,0,0,0,0,0,0,0,0,0,0,unknown_official_row_manifest_unavailable
zhao-vaccine-f0fb4c07c768db71,1,0,0,0,0,0,0,0,0,0,0,unknown_official_row_manifest_unavailable
zhao-vaccine-78496bc341152f7f,1,0,0,0,0,0,0,0,0,0,0,unknown_official_row_manifest_unavailable
zhao-vaccine-9d8d8ea4af10a013,1,0,0,0,0,0,0,0,0,1,0,unknown_official_row_manifest_unavailable
zhao-vaccine-6eb6266f157532ce,0,0,0,0,0,0,0,0,0,0,0,unknown_official_row_manifest_unavailable
zhao-vaccine-c1a076ce01ad4895,0,0,0,0,0,0,0,0,0,0,0,unknown_official_row_manifest_unavailable
zhao-vaccine-4bbfb97b7db0de5a,0,0,0,0,0,0,0,0,0,0,0,unknown_official_row_manifest_unavailable
zhao-vaccine-b4daaf3d4726716c,0,0,0,0,0,0,0,0,0,0,0,unknown_official_row_manifest_unavailable
zhao-vaccine-68ff3dde884e7c4e,0,0,0,0,0,0,0,0,0,0,0,unknown_official_row_manifest_unavailable
zhao-vaccine-0fde749e91676614,0,0,0,0,0,0,0,0,0,0,0,unknown_official_row_manifest_unavailable
zhao-vaccine-6c19ca9415660072,0,0,0,0,0,0,0,0,0,0,0,unknown_official_row_manifest_unavailable
zhao-vaccine-e193835d86e00144,0,0,0,0,0,0,0,0,0,0,0,unknown_official_row_manifest_unavailable
zhao-vaccine-34858ebc5372184d,0,0,0,0,0,0,0,0,0,0,0,unknown_official_row_manifest_unavailable
zhao-vaccine-53a1191cb4bd5ee6,0,0,0,0,0,0,0,0,0,0,0,unknown_official_row_manifest_unavailable
zhao-vaccine-61ffb955f248e05d,0,0,0,0,0,0,0,0,0,0,0,unknown_official_row_manifest_unavailable
zhao-vaccine-6118202e104aeba7,0,0,0,0,0,0,0,0,0,0,0,unknown_official_row_manifest_unavailable
zhao-vaccine-320d4b079fad1973,1,0,0,0,0,0,0,0,0,0,0,unknown_official_row_manifest_unavailable
zhao-vaccine-ba2179005c8430b0,0,0,0,0,0,0,0,0,0,0,0,unknown_official_row_manifest_unavailable
zhao-vaccine-9bc9263a325135b3,0,0,0,0,0,0,0,0,0,0,0,unknown_official_row_manifest_unavailable
zhao-vaccine-151cd04499d7313c,0,0,0,0,0,0,0,0,0,0,0,unknown_official_row_manifest_unavailable
zhao-vaccine-d52a1385e04d713d,0,0,0,0,0,0,0,0,0,0,0,unknown_official_row_manifest_unavailable
zhao-vaccine-844033c362ad7a84,1,0,0,0,0,0,0,0,0,0,0,unknown_official_row_manifest_unavailable
zhao-vaccine-882306121ddf6b32,0,0,0,0,0,0,0,0,0,0,0,unknown_official_row_manifest_unavailable
zhao-vaccine-11ef567a0e7465d5,1,0,0,0,0,0,0,0,0,0,0,unknown_official_row_manifest_unavailable
zhao-vaccine-e185c06a06832ff7,0,0,0,0,0,0,0,0,0,0,0,unknown_official_row_manifest_unavailable
zhao-vaccine-99a2be21eb0c1347,0,0,0,0,0,0,0,0,0,0,0,unknown_official_row_manifest_unavailable
zhao-vaccine-cdb1ded316e5bc08,0,0,0,0,0,0,0,0,0,0,0,unknown_official_row_manifest_unavailable
zhao-vaccine-b2e421139854d8be,0,0,0,0,0,0,0,0,0,0,0,unknown_official_row_manifest_unavailable
zhao-vaccine-1d6a83690a176302,0,0,0,0,0,0,0,0,0,0,0,unknown_official_row_manifest_unavailable
zhao-vaccine-e3cd5634b3b73d2b,0,0,0,0,0,0,0,0,0,0,0,unknown_official_row_manifest_unavailable
zhao-vaccine-9f2f88a4b27fe475,0,0,0,0,0,0,0,0,0,0,0,unknown_official_row_manifest_unavailable
zhao-vaccine-7f3ccab1ad04ec08,0,0,0,0,0,0,0,0,0,0,0,unknown_official_row_manifest_unavailable
zhao-vaccine-fb6c9cad429e4680,0,0,0,0,0,0,0,0,0,0,0,unknown_official_row_manifest_unavailable
zhao-vaccine-1ed8bfb076e0bd86,0,0,0,0,0,0,0,0,0,0,0,unknown_official_row_manifest_unavailable
zhao-vaccine-549621310287b89a,0,0,0,0,0,0,0,0,0,0,0,unknown_official_row_manifest_unavailable
zhao-vaccine-4c4549e8b044b957,0,0,0,0,0,0,0,0,0,0,0,unknown_official_row_manifest_unavailable
zhao-vaccine-260a1f44f52497e0,0,0,0,0,0,0,0,0,0,0,0,unknown_official_row_manifest_unavailable
zhao-vaccine-110de4aa20d26af6,0,0,0,0,0,0,0,0,0,0,0,unknown_official_row_manifest_unavailable
zhao-vaccine-e8653d192eae3e34,0,0,0,0,0,0,0,0,0,0,0,unknown_official_row_manifest_unavailable
zhao-vaccine-e17f1f0641708376,0,0,0,0,0,0,0,0,0,0,0,unknown_official_row_manifest_unavailable
zhao-vaccine-cf72de33b138153d,0,0,0,0,0,0,0,0,0,0,0,unknown_official_row_manifest_unavailable
zhao-vaccine-bf0289636ad7c89c,0,0,0,0,0,0,0,0,0,0,0,unknown_official_row_manifest_unavailable
zhao-vaccine-51278c3cc9822a92,0,0,0,0,0,0,0,0,0,0,0,unknown_official_row_manifest_unavailable
zhao-vaccine-0c2febc3043a65b7,0,0,0,0,0,0,0,0,0,0,0,unknown_official_row_manifest_unavailable
zhao-vaccine-0f1c7070e2b3c380,0,0,0,0,0,0,0,0,0,0,0,unknown_official_row_manifest_unavailable
zhao-vaccine-5759f50764496c1f,0,0,0,0,0,0,0,0,0,0,0,unknown_official_row_manifest_unavailable
zhao-vaccine-da11dd7c2aa31ca7,0,0,0,0,0,0,0,0,0,0,0,unknown_official_row_manifest_unavailable
zhao-vaccine-4af4c0c7f6941ea8,0,0,0,0,0,0,0,0,0,0,0,unknown_official_row_manifest_unavailable
zhao-vaccine-6ec07fc29b17d28c,0,0,0,0,0,0,0,0,0,0,0,unknown_official_row_manifest_unavailable
zhao-vaccine-67401c1a974e2cdb,0,0,0,0,0,0,0,0,0,0,0,unknown_official_row_manifest_unavailable
zhao-vaccine-1022680eb48a536b,0,0,0,0,0,0,0,0,0,0,0,unknown_official_row_manifest_unavailable
zhao-vaccine-01655e2ddd89c647,0,0,0,0,0,0,0,0,0,0,0,unknown_official_row_manifest_unavailable
zhao-vaccine-b7c9a2590ca97e55,0,0,0,0,0,0,0,0,0,0,0,unknown_official_row_manifest_unavailable
zhao-vaccine-69313463a7bc3db2,0,0,0,0,0,0,0,0,0,0,0,unknown_official_row_manifest_unavailable
zhao-vaccine-241f5ed344b276f1,0,0,0,0,0,0,0,0,0,0,0,unknown_official_row_manifest_unavailable
zhao-vaccine-74515f7ab26177d9,0,0,0,0,0,0,0,0,0,0,0,unknown_official_row_manifest_unavailable
zhao-vaccine-f7d81e959bed76fd,0,0,0,0,0,0,0,0,0,0,0,unknown_official_row_manifest_unavailable
zhao-vaccine-5df0851945e75a9b,0,0,0,0,0,0,0,0,0,0,0,unknown_official_row_manifest_unavailable
zhao-vaccine-12bccd0f8cb0d82d,0,0,0,0,0,0,0,0,0,0,0,unknown_official_row_manifest_unavailable
zhao-vaccine-7cefe8761aadff4f,0,0,0,0,0,0,0,0,0,0,0,unknown_official_row_manifest_unavailable
zhao-vaccine-6474740652487b1e,0,0,0,0,0,0,0,0,0,0,0,unknown_official_row_manifest_unavailable
zhao-vaccine-1384b13ea4a47498,0,0,0,0,0,0,0,0,0,0,0,unknown_official_row_manifest_unavailable
zhao-vaccine-e7e684493a85f4c3,0,0,0,0,0,0,0,0,0,0,0,unknown_official_row_manifest_unavailable
zhao-vaccine-c102a196bf89a4b6,0,0,0,0,0,0,0,0,0,0,0,unknown_official_row_manifest_unavailable
zhao-vaccine-7e30652ffdcbe453,0,0,0,0,0,0,0,0,0,0,0,unknown_official_row_manifest_unavailable
zhao-vaccine-e9276b52de40e1ac,0,0,0,0,0,0,0,0,0,0,0,unknown_official_row_manifest_unavailable
zhao-vaccine-a12b39139dc6298b,0,0,0,0,0,0,0,0,0,0,0,unknown_official_row_manifest_unavailable
zhao-vaccine-1635417f470261e1,0,0,0,0,0,0,0,0,0,0,0,unknown_official_row_manifest_unavailable
zhao-vaccine-b23cc827d2fcd84a,0,0,0,0,0,0,0,0,0,0,0,unknown_official_row_manifest_unavailable
zhao-vaccine-8d2ca10b3e719cd3,0,0,0,0,0,0,0,0,0,0,0,unknown_official_row_manifest_unavailable
zhao-vaccine-d2a8e851b57602e5,0,0,0,0,0,0,0,0,0,0,0,unknown_official_row_manifest_unavailable
zhao-vaccine-fd6568cd3764d90d,1,0,0,0,0,0,0,0,0,0,0,unknown_official_row_manifest_unavailable
zhao-vaccine-f7c51ed7a58a8934,0,0,0,0,0,0,0,0,0,0,0,unknown_official_row_manifest_unavailable
zhao-vaccine-a26b667b16047e56,1,0,0,0,0,0,0,0,0,0,0,unknown_official_row_manifest_unavailable
zhao-vaccine-b2e66ff16b79a023,0,0,0,0,0,0,0,0,0,0,0,unknown_official_row_manifest_unavailable
zhao-vaccine-b696a57d6d62315a,1,0,0,0,0,0,0,0,0,0,0,unknown_official_row_manifest_unavailable
zhao-vaccine-8b054f154e9bb54b,0,0,0,0,0,0,0,0,0,0,0,unknown_official_row_manifest_unavailable
zhao-vaccine-65c857de58a443cf,0,0,0,0,0,0,0,0,0,0,0,unknown_official_row_manifest_unavailable
zhao-vaccine-8d5c6842d3d9446c,1,0,0,0,0,0,0,0,0,0,0,unknown_official_row_manifest_unavailable
zhao-vaccine-e6d0ff2c0266fc1f,0,0,0,0,0,0,0,0,0,0,0,unknown_official_row_manifest_unavailable
zhao-vaccine-2e3b3050a35eda79,0,0,0,0,0,0,0,0,0,0,0,unknown_official_row_manifest_unavailable
zhao-vaccine-fd3b9f94ce8b5966,1,0,0,0,0,0,0,0,0,0,0,unknown_official_row_manifest_unavailable
zhao-vaccine-0b7bce2881c6a27d,0,0,0,0,0,0,0,0,0,0,0,unknown_official_row_manifest_unavailable
zhao-vaccine-7ead1c9658b454fa,0,0,0,0,0,0,0,0,0,0,0,unknown_official_row_manifest_unavailable
zhao-vaccine-e8d4832f24f49fa4,0,0,0,0,0,0,0,0,0,0,0,unknown_official_row_manifest_unavailable
zhao-vaccine-5c7446710515ea0c,1,0,0,0,0,0,0,0,0,0,0,unknown_official_row_manifest_unavailable
zhao-vaccine-4792240faf0d2442,1,0,0,0,0,0,0,0,0,0,0,unknown_official_row_manifest_unavailable
zhao-vaccine-5af70a1de861bbe8,1,0,0,0,0,0,0,0,0,0,0,unknown_official_row_manifest_unavailable
zhao-vaccine-9fe53c22422fa653,0,0,0,0,0,0,0,0,0,0,0,unknown_official_row_manifest_unavailable
zhao-vaccine-43730793527c1c58,0,0,0,0,0,0,0,0,0,0,0,unknown_official_row_manifest_unavailable
zhao-vaccine-bd98ad0dbc1ffda8,0,0,0,0,0,0,0,0,0,0,0,unknown_official_row_manifest_unavailable
zhao-vaccine-10c33d138e6258f8,0,0,0,0,0,0,0,0,0,0,0,unknown_official_row_manifest_unavailable
zhao-vaccine-da2fd43a3a17bed7,0,0,0,0,0,0,0,0,0,0,0,unknown_official_row_manifest_unavailable
zhao-vaccine-c12281bbf19a4abd,0,0,0,0,0,0,0,0,0,0,0,unknown_official_row_manifest_unavailable
zhao-vaccine-0d500fc84bf8ae30,0,0,0,0,0,0,0,0,0,0,0,unknown_official_row_manifest_unavailable
zhao-vaccine-b49f7842d9b4a6c3,0,0,0,0,0,0,0,0,0,0,0,unknown_official_row_manifest_unavailable
zhao-vaccine-583d9b909f2e2085,0,0,0,0,0,0,0,0,0,0,0,unknown_official_row_manifest_unavailable
zhao-vaccine-e873b21bfae977d0,0,0,0,0,0,0,0,0,0,0,0,unknown_official_row_manifest_unavailable
zhao-vaccine-223711e0310fa27f,0,0,0,0,0,0,0,0,0,0,0,unknown_official_row_manifest_unavailable
zhao-vaccine-9f527410587768f6,0,0,0,0,0,0,0,0,0,0,0,unknown_official_row_manifest_unavailable
zhao-vaccine-82e6fde91e616b78,0,0,0,0,0,0,0,0,0,0,0,unknown_official_row_manifest_unavailable
zhao-vaccine-015f3f5c3a4f049a,0,0,0,0,0,0,0,0,0,0,0,unknown_official_row_manifest_unavailable
zhao-vaccine-3031b8e82ad731c2,1,0,0,0,0,0,0,0,0,0,0,unknown_official_row_manifest_unavailable
zhao-vaccine-61a7f63d46d0b1ae,1,0,0,0,0,0,0,0,0,0,0,unknown_official_row_manifest_unavailable
zhao-vaccine-b336a4ecc473e5ed,0,0,0,0,0,0,0,0,0,0,0,unknown_official_row_manifest_unavailable
zhao-vaccine-87ab2eaf6804788f,0,0,0,0,0,0,0,0,0,0,0,unknown_official_row_manifest_unavailable
zhao-vaccine-baf353825f382be5,0,0,0,0,0,0,0,0,0,0,0,unknown_official_row_manifest_unavailable
zhao-vaccine-35a3684a71df0b96,1,0,0,0,0,0,0,0,0,0,0,unknown_official_row_manifest_unavailable
zhao-vaccine-cedb684e7e44c0cb,0,0,0,0,0,0,0,0,0,0,0,unknown_official_row_manifest_unavailable
zhao-vaccine-cbb6b14e95ca88b8,0,0,0,0,0,0,0,0,0,0,0,unknown_official_row_manifest_unavailable
zhao-vaccine-c03d89200c428847,0,0,0,0,0,0,0,0,0,0,0,unknown_official_row_manifest_unavailable
zhao-vaccine-28be76526d52543c,0,0,0,0,0,0,0,0,0,0,0,unknown_official_row_manifest_unavailable
zhao-vaccine-e9b4f0dfabc14750,0,0,0,0,0,0,0,0,0,0,0,unknown_official_row_manifest_unavailable
zhao-vaccine-2ac21cd9be4184b0,0,0,0,0,0,0,0,0,0,0,0,unknown_official_row_manifest_unavailable
zhao-vaccine-48ea254de5fa16b2,0,0,0,0,0,0,0,0,0,0,0,unknown_official_row_manifest_unavailable
zhao-vaccine-523654c7d864f1f5,0,0,0,0,0,0,0,0,0,0,0,unknown_official_row_manifest_unavailable
zhao-vaccine-1793bf4cd6bd1c14,0,0,0,0,0,0,0,0,0,0,0,unknown_official_row_manifest_unavailable
zhao-vaccine-1c8a35e9d70dbe16,0,0,0,0,0,0,0,0,0,0,0,unknown_official_row_manifest_unavailable
zhao-vaccine-ebe9d5fbde63d333,0,0,0,0,0,0,0,0,0,0,0,unknown_official_row_manifest_unavailable
zhao-vaccine-b2667228dbb9774b,0,0,0,0,0,0,0,0,0,0,0,unknown_official_row_manifest_unavailable
zhao-vaccine-f24baca37be1a650,0,0,0,0,0,0,0,0,0,0,0,unknown_official_row_manifest_unavailable
zhao-vaccine-aca0c405a9761509,0,0,0,0,0,0,0,0,0,0,0,unknown_official_row_manifest_unavailable
zhao-vaccine-137f30055973381d,0,0,0,0,0,0,0,0,0,0,0,unknown_official_row_manifest_unavailable
zhao-vaccine-553a77fd774c7be2,1,1,0,0,1,1,0,0,0,0,0,unknown_official_row_manifest_unavailable
zhao-vaccine-5acb13985756e139,0,0,0,0,0,0,0,0,0,0,0,unknown_official_row_manifest_unavailable
zhao-vaccine-323a6abee6b08db3,0,0,0,0,0,0,0,0,0,0,0,unknown_official_row_manifest_unavailable
zhao-vaccine-79ac2042de749929,0,0,0,0,0,0,0,0,0,0,0,unknown_official_row_manifest_unavailable
zhao-vaccine-e8b4f2b70db831b0,0,0,0,0,0,0,0,0,0,0,0,unknown_official_row_manifest_unavailable
zhao-vaccine-608b009f82c88493,0,0,0,0,0,0,0,0,0,0,0,unknown_official_row_manifest_unavailable
zhao-vaccine-37a807759a502c1b,0,0,0,0,0,0,0,0,0,0,0,unknown_official_row_manifest_unavailable
zhao-vaccine-1e4ca59f5ebf7442,0,0,0,0,0,0,0,0,0,0,0,unknown_official_row_manifest_unavailable
zhao-vaccine-c8f047294af0328d,0,0,0,0,0,0,0,0,0,0,0,unknown_official_row_manifest_unavailable
zhao-vaccine-cc5704e7d618677e,0,0,0,0,0,0,0,0,0,0,0,unknown_official_row_manifest_unavailable
zhao-vaccine-8aff6dc901f42ea5,0,0,0,0,0,0,0,0,0,0,0,unknown_official_row_manifest_unavailable
zhao-vaccine-d6dda5366e5dc976,0,0,0,0,0,0,0,0,0,0,0,unknown_official_row_manifest_unavailable
zhao-vaccine-f468df5e69517960,0,0,0,0,0,0,0,0,0,0,0,unknown_official_row_manifest_unavailable
zhao-vaccine-50bc0715030f03ce,0,0,0,0,0,0,0,0,0,0,0,unknown_official_row_manifest_unavailable
zhao-vaccine-72b35402f2106ea1,0,0,0,0,0,0,0,0,0,0,0,unknown_official_row_manifest_unavailable
zhao-vaccine-aff9eeada839b58c,0,0,0,0,0,0,0,0,0,1,0,unknown_official_row_manifest_unavailable
zhao-vaccine-97e30c74a87e05dd,1,0,0,0,0,0,0,0,0,0,0,unknown_official_row_manifest_unavailable
zhao-vaccine-9a583860aa7fe6c9,0,0,0,0,0,0,0,0,0,0,0,unknown_official_row_manifest_unavailable
zhao-vaccine-82473da3aebe3f99,0,0,0,0,0,0,0,0,0,0,0,unknown_official_row_manifest_unavailable
zhao-vaccine-890d0481078605a4,0,0,0,0,0,0,0,0,0,0,0,unknown_official_row_manifest_unavailable
zhao-vaccine-a8bf16d20e1d5fe5,0,0,0,0,0,0,0,0,0,0,0,unknown_official_row_manifest_unavailable
zhao-vaccine-c0be17cb2d09a5d5,1,0,0,0,0,0,0,0,0,0,0,unknown_official_row_manifest_unavailable
zhao-vaccine-cd89b89400829c25,0,0,0,0,0,0,0,0,0,0,0,unknown_official_row_manifest_unavailable
zhao-vaccine-e892d242b06d9fef,0,0,0,0,0,0,0,0,0,0,0,unknown_official_row_manifest_unavailable
zhao-vaccine-499d980535ba1168,1,0,0,0,0,0,0,0,0,0,0,unknown_official_row_manifest_unavailable
zhao-vaccine-bdaf73e85080bde2,0,0,0,0,0,0,0,0,0,0,0,unknown_official_row_manifest_unavailable
zhao-vaccine-2489806640445d7d,0,0,0,0,0,0,0,0,0,0,0,unknown_official_row_manifest_unavailable
zhao-vaccine-f60a46f135c08e02,0,0,0,0,0,0,0,0,0,0,0,unknown_official_row_manifest_unavailable
zhao-vaccine-ffaecc34260f7f52,0,0,0,0,0,0,0,0,0,0,0,unknown_official_row_manifest_unavailable
zhao-vaccine-c85a2cc2b4de6371,0,0,0,0,0,0,0,0,0,0,0,unknown_official_row_manifest_unavailable
zhao-vaccine-6f3f8d1b39baf09d,0,0,0,0,0,0,0,0,0,0,0,unknown_official_row_manifest_unavailable
zhao-vaccine-f4b15d0bffde55ea,0,0,0,0,0,0,0,0,0,0,0,unknown_official_row_manifest_unavailable
zhao-vaccine-5561a66512f160ac,0,0,0,0,0,0,0,0,0,0,0,unknown_official_row_manifest_unavailable
zhao-vaccine-8b2d3eae07a1cdc2,0,0,0,0,0,0,0,0,0,0,0,unknown_official_row_manifest_unavailable
zhao-vaccine-b8483b3360c62c21,0,0,0,0,0,0,0,0,0,0,0,unknown_official_row_manifest_unavailable
zhao-vaccine-f17e8558595ff874,0,0,0,0,0,0,0,0,0,0,0,unknown_official_row_manifest_unavailable
zhao-vaccine-388ced9e4ae5f521,0,0,0,0,0,0,0,0,0,0,0,unknown_official_row_manifest_unavailable
zhao-vaccine-27a21bc63a907d16,0,0,0,0,0,0,0,0,0,0,0,unknown_official_row_manifest_unavailable
zhao-vaccine-ae18f2e796864520,0,0,0,0,0,0,0,0,0,0,0,unknown_official_row_manifest_unavailable
zhao-vaccine-8fadb6aecb562960,0,0,0,0,0,0,0,0,0,0,0,unknown_official_row_manifest_unavailable
zhao-vaccine-0e185306b20150b5,0,0,0,0,0,0,0,0,0,0,0,unknown_official_row_manifest_unavailable
zhao-vaccine-6bbfc6d3e617ef40,1,0,0,0,0,0,0,0,0,0,0,unknown_official_row_manifest_unavailable
zhao-vaccine-f4bf623eef927650,0,0,0,0,0,0,0,0,0,0,0,unknown_official_row_manifest_unavailable
zhao-vaccine-a4ef4400bf6c6cb8,0,0,0,0,0,0,0,0,0,0,0,unknown_official_row_manifest_unavailable
zhao-vaccine-23218612d1b1bd4d,0,0,0,0,0,0,0,0,0,0,0,unknown_official_row_manifest_unavailable
zhao-vaccine-f2bfb3f08b47a945,0,0,0,0,0,0,0,0,0,0,0,unknown_official_row_manifest_unavailable
zhao-vaccine-ac077a669b8c0ac7,0,0,0,0,0,0,0,0,0,0,0,unknown_official_row_manifest_unavailable
zhao-vaccine-f293452f2cf65714,0,0,0,0,0,0,0,0,0,0,0,unknown_official_row_manifest_unavailable
zhao-vaccine-d7c6cc0e7224b387,0,0,0,0,0,0,0,0,0,0,0,unknown_official_row_manifest_unavailable
zhao-vaccine-197a2688bbcb56e2,1,0,0,0,0,0,0,0,0,0,0,unknown_official_row_manifest_unavailable
zhao-vaccine-555e0c858a41ad16,0,0,0,0,0,0,0,0,0,0,0,unknown_official_row_manifest_unavailable
zhao-vaccine-a5e52fa3c62e264d,0,0,0,0,0,0,0,0,0,0,0,unknown_official_row_manifest_unavailable
zhao-vaccine-c5a2cd71fbec8b68,0,0,0,0,0,0,0,0,0,0,0,unknown_official_row_manifest_unavailable
zhao-vaccine-c725f3b8b9b97a16,0,0,0,0,0,0,0,0,0,0,0,unknown_official_row_manifest_unavailable
zhao-vaccine-eaced34e514edeba,0,0,0,0,0,0,0,0,0,0,0,unknown_official_row_manifest_unavailable
zhao-vaccine-ff023dfa06b2e9c0,0,0,0,0,0,0,0,0,0,0,0,unknown_official_row_manifest_unavailable
zhao-vaccine-d9c2127acd3f15f1,0,0,0,0,0,0,0,0,0,0,0,unknown_official_row_manifest_unavailable
zhao-vaccine-f9d4a9cd87e8c515,0,0,0,0,0,0,0,0,0,0,0,unknown_official_row_manifest_unavailable
zhao-vaccine-dfa1ab9e713a5529,0,0,0,0,0,0,0,0,0,0,0,unknown_official_row_manifest_unavailable
zhao-vaccine-8e92e35ad8116779,0,0,0,0,0,0,0,0,0,0,0,unknown_official_row_manifest_unavailable
zhao-vaccine-42486ac4b15adbd7,1,0,0,0,0,0,0,0,0,0,0,unknown_official_row_manifest_unavailable
zhao-vaccine-5a26a19caa216cea,0,0,0,0,0,0,0,0,0,0,0,unknown_official_row_manifest_unavailable
zhao-vaccine-8198aac58d5d86bc,0,0,0,0,0,0,0,0,0,0,0,unknown_official_row_manifest_unavailable
zhao-vaccine-31e03651fe8fe943,1,0,0,0,0,0,0,0,0,0,0,unknown_official_row_manifest_unavailable
zhao-vaccine-487db9eb855d99c1,1,0,0,0,0,0,0,0,0,0,0,unknown_official_row_manifest_unavailable
zhao-vaccine-fdaaf105de7ed76c,0,0,0,0,0,0,0,0,0,0,0,unknown_official_row_manifest_unavailable
zhao-vaccine-050bcbe5980a1004,0,0,0,0,0,0,0,0,0,0,0,unknown_official_row_manifest_unavailable
zhao-vaccine-5acf73ef956fb0f6,0,0,0,0,0,0,0,0,0,0,0,unknown_official_row_manifest_unavailable
zhao-vaccine-134e01af040c07a5,0,0,0,0,0,0,0,0,0,0,0,unknown_official_row_manifest_unavailable
zhao-vaccine-44f468e26ce5f493,0,0,0,0,0,0,0,0,0,0,0,unknown_official_row_manifest_unavailable
zhao-vaccine-788ef1f0f8f2eee4,0,0,0,0,0,0,0,0,0,0,0,unknown_official_row_manifest_unavailable
zhao-vaccine-115c6885fd051bc2,0,0,0,0,0,0,0,0,0,0,0,unknown_official_row_manifest_unavailable
zhao-vaccine-b3f51b3b1f498e40,0,0,0,0,0,0,0,0,0,0,0,unknown_official_row_manifest_unavailable
zhao-vaccine-cc283018234c377b,1,0,0,0,0,0,0,0,0,0,0,unknown_official_row_manifest_unavailable
zhao-vaccine-d926f805c75dc10b,0,0,0,0,0,0,0,0,0,0,0,unknown_official_row_manifest_unavailable
zhao-vaccine-db814c15ce0ec86c,0,0,0,0,0,0,0,0,0,0,0,unknown_official_row_manifest_unavailable
zhao-vaccine-a0058cafd0fe79e0,0,0,0,0,0,0,0,0,0,0,0,unknown_official_row_manifest_unavailable
zhao-vaccine-93aa3e2ee884c663,1,0,0,0,0,0,0,0,0,0,0,unknown_official_row_manifest_unavailable
zhao-vaccine-a52e8847ab059479,0,0,0,0,0,0,0,0,0,0,0,unknown_official_row_manifest_unavailable
zhao-vaccine-1ad1c20fea1a4314,0,0,0,0,0,0,0,0,0,0,0,unknown_official_row_manifest_unavailable
zhao-vaccine-af155a4e6e202d04,0,0,0,0,0,0,0,0,0,0,0,unknown_official_row_manifest_unavailable
zhao-vaccine-083c39bbd7b7d3d6,1,0,0,0,0,0,0,0,0,0,0,unknown_official_row_manifest_unavailable
zhao-vaccine-bcbeab3a6933c9ae,0,0,0,0,0,0,0,0,0,0,0,unknown_official_row_manifest_unavailable
zhao-vaccine-a8f28c25fb5a2142,0,0,0,0,0,0,0,0,0,0,0,unknown_official_row_manifest_unavailable
zhao-vaccine-eb4eb1948e41f5ba,0,0,0,0,0,0,0,0,0,0,0,unknown_official_row_manifest_unavailable
zhao-vaccine-b6fccafa1723483f,0,0,0,0,0,0,0,0,0,0,0,unknown_official_row_manifest_unavailable
zhao-vaccine-69a7d7e3d1e6949b,0,0,0,0,0,0,0,0,0,0,0,unknown_official_row_manifest_unavailable
zhao-vaccine-2fab9ffb21a79c4d,0,0,0,0,0,0,0,0,0,0,0,unknown_official_row_manifest_unavailable
zhao-vaccine-f5ff43b40835f440,0,0,0,0,0,0,0,0,0,0,0,unknown_official_row_manifest_unavailable
zhao-vaccine-004684bafb2b4cc9,0,0,0,0,0,0,0,0,0,0,0,unknown_official_row_manifest_unavailable
zhao-vaccine-5e7e6e2edd04f76c,0,0,0,0,0,0,0,0,0,0,0,unknown_official_row_manifest_unavailable
zhao-vaccine-d6e658332687ca69,0,0,0,0,0,0,0,0,0,0,0,unknown_official_row_manifest_unavailable
zhao-vaccine-0576c1b82786bfa4,0,0,0,0,0,0,0,0,0,0,0,unknown_official_row_manifest_unavailable
zhao-vaccine-eebeb2ab9639b50d,0,0,0,0,0,0,0,0,0,0,0,unknown_official_row_manifest_unavailable
zhao-vaccine-95c58fac230ea0f3,0,0,0,0,0,0,0,0,0,0,0,unknown_official_row_manifest_unavailable
zhao-vaccine-bb1a0c27e90239ef,0,0,0,0,0,0,0,0,0,0,0,unknown_official_row_manifest_unavailable
zhao-vaccine-1c3a67755fd7fca1,0,0,0,0,0,0,0,0,0,0,0,unknown_official_row_manifest_unavailable
zhao-vaccine-3ef5d2b22192452c,0,0,0,0,0,0,0,0,0,0,0,unknown_official_row_manifest_unavailable
zhao-vaccine-2035a2c4e1d3b152,0,0,0,0,0,0,0,0,0,0,0,unknown_official_row_manifest_unavailable
zhao-vaccine-7385fb196deb3bf7,0,0,0,0,0,0,0,0,0,0,0,unknown_official_row_manifest_unavailable
zhao-vaccine-dbb983045ceede00,0,0,0,0,0,0,0,0,0,0,0,unknown_official_row_manifest_unavailable
zhao-vaccine-527f95a4e289d7e9,0,0,0,0,0,0,0,0,0,0,0,unknown_official_row_manifest_unavailable
zhao-vaccine-04005fe536e93742,0,0,0,0,0,0,0,0,0,0,0,unknown_official_row_manifest_unavailable
zhao-vaccine-2ebb94dcfe10a6ab,0,0,0,0,0,0,0,0,0,0,0,unknown_official_row_manifest_unavailable
zhao-vaccine-822871467a2cb9f7,0,0,0,0,0,0,0,0,0,0,0,unknown_official_row_manifest_unavailable
zhao-vaccine-d22412fcd0906159,0,0,0,0,0,0,0,0,0,0,0,unknown_official_row_manifest_unavailable
zhao-vaccine-1bc4abb5ce77ef26,0,0,0,0,0,0,0,0,0,0,0,unknown_official_row_manifest_unavailable
zhao-vaccine-d042e70a4fac48ce,0,0,0,0,0,0,0,0,0,0,0,unknown_official_row_manifest_unavailable
zhao-vaccine-49a3aed1972a53cb,0,0,0,0,0,0,0,0,0,0,0,unknown_official_row_manifest_unavailable
zhao-vaccine-3efc9e2f4bf83404,0,0,0,0,0,0,0,0,0,0,0,unknown_official_row_manifest_unavailable
zhao-vaccine-bd733d897205f436,0,0,0,0,0,0,0,0,0,0,0,unknown_official_row_manifest_unavailable
zhao-vaccine-552deaa19718651e,0,0,0,0,0,0,0,0,0,1,0,unknown_official_row_manifest_unavailable
zhao-vaccine-179ec83aee84c481,0,0,0,0,0,0,0,0,0,0,0,unknown_official_row_manifest_unavailable
zhao-vaccine-e73b70638bcacc49,0,0,0,0,0,0,0,0,0,0,0,unknown_official_row_manifest_unavailable
zhao-vaccine-475cff767bc113d1,0,0,0,0,0,0,0,0,0,0,0,unknown_official_row_manifest_unavailable
zhao-vaccine-3d2247c88733bc02,0,0,0,0,0,0,0,0,0,0,0,unknown_official_row_manifest_unavailable
zhao-vaccine-23d1214c81edd2bf,0,0,0,0,0,0,0,0,0,0,0,unknown_official_row_manifest_unavailable
zhao-vaccine-77c91184c7fe8a44,0,0,0,0,0,0,0,0,0,0,0,unknown_official_row_manifest_unavailable
zhao-vaccine-3bc56fd5f749551a,0,0,0,0,0,0,0,0,0,0,0,unknown_official_row_manifest_unavailable
zhao-vaccine-601d5c1084d82d5e,0,0,0,0,0,0,0,0,0,0,0,unknown_official_row_manifest_unavailable
zhao-vaccine-9daff6e5105ae694,0,0,0,0,0,0,0,0,0,0,0,unknown_official_row_manifest_unavailable
zhao-vaccine-d27e4266e28272a5,0,0,0,0,0,0,0,0,0,0,0,unknown_official_row_manifest_unavailable
zhao-vaccine-3d0b0f4d4ff1e144,0,0,0,0,0,0,0,0,0,0,0,unknown_official_row_manifest_unavailable
zhao-vaccine-4dc99915264a3be9,0,0,0,0,0,0,0,0,0,0,0,unknown_official_row_manifest_unavailable
zhao-vaccine-95841985f246888a,0,0,0,0,0,0,0,0,0,0,0,unknown_official_row_manifest_unavailable
zhao-vaccine-b0d0cc94e7ddcb4c,0,0,0,0,0,0,0,0,0,0,0,unknown_official_row_manifest_unavailable
zhao-vaccine-e5b6e6531027fb8f,0,0,0,0,0,0,0,0,0,0,0,unknown_official_row_manifest_unavailable
zhao-vaccine-1d176f8351e9f7ad,0,0,0,0,0,0,0,0,0,0,0,unknown_official_row_manifest_unavailable
zhao-vaccine-d412ce466d5b1dc9,0,0,0,0,0,0,0,0,0,0,0,unknown_official_row_manifest_unavailable
zhao-vaccine-15fe9978ca52b138,0,0,0,0,0,0,0,0,0,0,0,unknown_official_row_manifest_unavailable
zhao-vaccine-2bfc958d9bf6634e,0,0,0,0,0,0,0,0,0,0,0,unknown_official_row_manifest_unavailable
zhao-vaccine-628a7fb3dbfebccc,0,0,0,0,0,0,0,0,0,0,0,unknown_official_row_manifest_unavailable
zhao-vaccine-a4de99f6c1c81857,0,0,0,0,0,0,0,0,0,0,0,unknown_official_row_manifest_unavailable
zhao-vaccine-47d94499ca222d03,0,0,0,0,0,0,0,0,0,0,0,unknown_official_row_manifest_unavailable
zhao-vaccine-7bc119052ceb79ba,0,0,0,0,0,0,0,0,0,0,0,unknown_official_row_manifest_unavailable
zhao-vaccine-03b8d0dfc45ddca1,0,0,0,0,0,0,0,0,0,0,0,unknown_official_row_manifest_unavailable
zhao-vaccine-15d95e5a1176ca46,0,0,0,0,0,0,0,0,0,0,0,unknown_official_row_manifest_unavailable
zhao-vaccine-54c4c39a2e4f38f8,0,0,0,0,0,0,0,0,0,0,0,unknown_official_row_manifest_unavailable
zhao-vaccine-4cb2c73c4037fe42,0,0,0,0,0,0,0,0,0,0,0,unknown_official_row_manifest_unavailable
zhao-vaccine-d51f8c32cad1ba20,0,0,0,0,0,0,0,0,0,0,0,unknown_official_row_manifest_unavailable
zhao-vaccine-10aed5dd64ac5e96,0,0,0,0,0,0,0,0,0,0,0,unknown_official_row_manifest_unavailable
zhao-vaccine-b4d79cc663ff7cb6,0,0,0,0,0,0,0,0,0,0,0,unknown_official_row_manifest_unavailable
zhao-vaccine-0965fc823e5c55b6,0,0,0,0,0,0,0,0,0,0,0,unknown_official_row_manifest_unavailable
zhao-vaccine-e82dd5c586f503f8,0,0,0,0,0,0,0,0,0,0,0,unknown_official_row_manifest_unavailable
zhao-vaccine-96f5d7454e5ad071,0,0,0,0,0,0,0,0,0,0,0,unknown_official_row_manifest_unavailable
zhao-vaccine-2320522f4904ce2d,0,0,0,0,0,0,0,0,0,0,0,unknown_official_row_manifest_unavailable
zhao-vaccine-65768a47eeba2a4b,0,0,0,0,0,0,0,0,0,0,0,unknown_official_row_manifest_unavailable
zhao-vaccine-0454fe88d4ac8002,0,0,0,0,0,0,0,0,0,0,0,unknown_official_row_manifest_unavailable
zhao-vaccine-89993b9b649d4bf9,0,0,0,0,0,0,0,0,0,0,0,unknown_official_row_manifest_unavailable
zhao-vaccine-c214618b34c2e443,0,0,0,0,0,0,0,0,0,0,0,unknown_official_row_manifest_unavailable
zhao-vaccine-d234ed653d6ff2ef,1,0,0,0,0,0,0,0,0,0,0,unknown_official_row_manifest_unavailable
zhao-vaccine-933c3a1a5d3fcfb5,0,0,0,0,0,0,0,0,0,0,0,unknown_official_row_manifest_unavailable
zhao-vaccine-86625401541d7ccb,0,0,0,0,0,0,0,0,0,0,0,unknown_official_row_manifest_unavailable
zhao-vaccine-92fb0552f2f37ea6,0,0,0,0,0,0,0,0,0,0,0,unknown_official_row_manifest_unavailable
zhao-vaccine-11227a4a3d59829a,1,0,0,0,0,0,0,0,0,0,0,unknown_official_row_manifest_unavailable
zhao-vaccine-7d23928704435dc6,0,0,0,0,0,0,0,0,0,0,0,unknown_official_row_manifest_unavailable
zhao-vaccine-1c332b4d9a7afa33,0,0,0,0,0,0,0,0,0,0,0,unknown_official_row_manifest_unavailable
zhao-vaccine-d55305c322d0068a,0,0,0,0,0,0,0,0,0,0,0,unknown_official_row_manifest_unavailable
zhao-vaccine-223101ef12b1d5d5,0,0,0,0,0,0,0,0,0,0,0,unknown_official_row_manifest_unavailable
zhao-vaccine-b681ee4ba6fc6869,0,0,0,0,0,0,0,0,0,0,0,unknown_official_row_manifest_unavailable
zhao-vaccine-650741bfed719a3e,0,0,0,0,0,0,0,0,0,0,0,unknown_official_row_manifest_unavailable
zhao-vaccine-b287db63851eeff5,0,0,0,0,0,0,0,0,0,0,0,unknown_official_row_manifest_unavailable
zhao-vaccine-0c6afaae20915efb,0,0,0,0,0,0,0,0,0,0,0,unknown_official_row_manifest_unavailable
zhao-vaccine-64f082f381176acb,0,0,0,0,0,0,0,0,0,0,0,unknown_official_row_manifest_unavailable
zhao-vaccine-5fc783e702f9eba8,0,0,0,0,0,0,0,0,0,0,0,unknown_official_row_manifest_unavailable
zhao-vaccine-292259718a089cab,0,0,0,0,0,0,0,0,0,0,0,unknown_official_row_manifest_unavailable
zhao-vaccine-de9066f21b4546ac,1,0,0,0,0,0,0,0,0,0,0,unknown_official_row_manifest_unavailable
zhao-vaccine-00ebc5582e851a99,0,0,0,0,0,0,0,0,0,0,0,unknown_official_row_manifest_unavailable
zhao-vaccine-be9e7274af2b2d63,0,0,0,0,0,0,0,0,0,0,0,unknown_official_row_manifest_unavailable
zhao-vaccine-874e8070deb080f0,0,0,0,0,0,0,0,0,0,0,0,unknown_official_row_manifest_unavailable
zhao-vaccine-bb29c2d6a8cfb75e,0,0,0,0,0,0,0,0,0,0,0,unknown_official_row_manifest_unavailable
zhao-vaccine-eca0d8162dca164b,0,0,0,0,0,0,0,0,0,0,0,unknown_official_row_manifest_unavailable
zhao-vaccine-db2184f5f215317b,0,0,0,0,0,0,0,0,0,0,0,unknown_official_row_manifest_unavailable
zhao-vaccine-7616ec8d421ab8e7,1,0,0,0,0,0,0,0,0,0,0,unknown_official_row_manifest_unavailable
zhao-vaccine-dbe2c008385f4065,0,0,0,0,0,0,0,0,0,0,0,unknown_official_row_manifest_unavailable
zhao-vaccine-89b3b969bcd62f64,0,0,0,0,0,0,0,0,0,0,0,unknown_official_row_manifest_unavailable
zhao-vaccine-c335fa90a3776c2f,0,0,0,0,0,0,0,0,0,0,0,unknown_official_row_manifest_unavailable
zhao-vaccine-400dad68348762c6,0,0,0,0,0,0,0,0,0,0,0,unknown_official_row_manifest_unavailable
zhao-vaccine-5a30a78672029a4b,0,0,0,0,0,0,0,0,0,0,0,unknown_official_row_manifest_unavailable
zhao-vaccine-0aa35de3d0cd0f2e,0,0,0,0,0,0,0,0,0,0,0,unknown_official_row_manifest_unavailable
zhao-vaccine-3b18add8d940be3b,0,0,0,0,0,0,0,0,0,0,0,unknown_official_row_manifest_unavailable
zhao-vaccine-0eb19c92b8572161,0,0,0,0,0,0,0,0,0,0,0,unknown_official_row_manifest_unavailable
zhao-vaccine-89ab0d7c0ad5c525,0,0,0,0,0,0,0,0,0,0,0,unknown_official_row_manifest_unavailable
zhao-vaccine-7045b8cd65c4aed2,0,0,0,0,0,0,0,0,0,0,0,unknown_official_row_manifest_unavailable
zhao-vaccine-868fc1305293857a,0,0,0,0,0,0,0,0,0,0,0,unknown_official_row_manifest_unavailable
zhao-vaccine-e570d74e15005831,0,0,0,0,0,0,0,0,0,0,0,unknown_official_row_manifest_unavailable
zhao-vaccine-74ea5a395af3821e,0,0,0,0,0,0,0,0,0,0,0,unknown_official_row_manifest_unavailable
zhao-vaccine-c486185e561321a7,0,0,0,0,0,0,0,0,0,0,0,unknown_official_row_manifest_unavailable
zhao-vaccine-4653ae3aa2d99671,0,0,0,0,0,0,0,0,0,0,0,unknown_official_row_manifest_unavailable
zhao-vaccine-c99e66b2806b47c3,0,0,0,0,0,0,0,0,0,0,0,unknown_official_row_manifest_unavailable
zhao-vaccine-077c38d007d0e296,0,0,0,0,0,0,0,0,0,0,0,unknown_official_row_manifest_unavailable
zhao-vaccine-4e1525c5465ce693,0,0,0,0,0,0,0,0,0,0,0,unknown_official_row_manifest_unavailable
zhao-vaccine-675c4724bf5f1cbb,1,0,0,0,0,0,0,0,0,0,0,unknown_official_row_manifest_unavailable
zhao-vaccine-897fe8a79c4344c2,1,0,0,0,0,0,0,0,0,0,0,unknown_official_row_manifest_unavailable
zhao-vaccine-f301d3d1318cc99b,1,0,0,0,0,0,0,0,0,0,0,unknown_official_row_manifest_unavailable
zhao-vaccine-547c0f5e092fcfce,1,0,0,0,0,0,0,0,0,0,0,unknown_official_row_manifest_unavailable
zhao-vaccine-34448f6db97f37d2,0,0,0,0,0,0,0,0,0,0,0,unknown_official_row_manifest_unavailable
zhao-vaccine-3f35f9e1e5dcea03,0,0,0,0,0,0,0,0,0,0,0,unknown_official_row_manifest_unavailable
zhao-vaccine-a77e03747be6f8e2,1,0,0,0,0,0,0,0,0,0,0,unknown_official_row_manifest_unavailable
zhao-vaccine-eb263d1b89e1830f,1,0,0,0,0,0,0,0,0,0,0,unknown_official_row_manifest_unavailable
zhao-vaccine-4ca9e42a55a7d196,1,0,0,0,0,0,0,0,0,0,0,unknown_official_row_manifest_unavailable
zhao-vaccine-841f843f3ecdb273,1,0,0,0,0,0,0,0,0,0,0,unknown_official_row_manifest_unavailable
zhao-vaccine-e19cac8daeddc91e,1,0,0,0,0,0,0,0,0,0,0,unknown_official_row_manifest_unavailable
zhao-vaccine-70ec9496400c2d96,1,0,0,0,0,0,0,0,0,0,0,unknown_official_row_manifest_unavailable
zhao-vaccine-2406c7f4c5568981,1,0,0,0,0,0,0,0,0,0,0,unknown_official_row_manifest_unavailable
zhao-vaccine-f58974483659bc06,1,0,0,0,0,0,0,0,0,0,0,unknown_official_row_manifest_unavailable
zhao-vaccine-dd143204918ae739,0,0,0,0,0,0,0,0,0,0,0,unknown_official_row_manifest_unavailable
zhao-vaccine-834822ba2dd54e62,0,0,0,0,0,0,0,0,0,0,0,unknown_official_row_manifest_unavailable
zhao-vaccine-a2c1308a319a89a1,1,0,0,0,0,0,0,0,0,0,0,unknown_official_row_manifest_unavailable
zhao-vaccine-a4f5baf91435e3dd,0,0,0,0,0,0,0,0,0,0,0,unknown_official_row_manifest_unavailable
zhao-vaccine-cd6ea47a1621b54b,0,0,0,0,0,0,0,0,0,0,0,unknown_official_row_manifest_unavailable
zhao-vaccine-dc823bb26dd083f3,0,0,0,0,0,0,0,0,0,0,0,unknown_official_row_manifest_unavailable
zhao-vaccine-3ea2cdcf52d34617,1,0,0,0,0,0,0,0,0,0,0,unknown_official_row_manifest_unavailable
zhao-vaccine-0a72b615bc5857d9,0,0,0,0,0,0,0,0,0,0,0,unknown_official_row_manifest_unavailable
zhao-vaccine-37afde455e133417,0,0,0,0,0,0,0,0,0,0,0,unknown_official_row_manifest_unavailable
zhao-vaccine-1b4173c9a4a95c41,0,0,0,0,0,0,0,0,0,0,0,unknown_official_row_manifest_unavailable
zhao-vaccine-0b4d677f1b84c9b4,0,0,0,0,0,0,0,0,0,0,0,unknown_official_row_manifest_unavailable
zhao-vaccine-a4f37f8021b7e841,0,0,0,0,0,0,0,0,0,0,0,unknown_official_row_manifest_unavailable
zhao-vaccine-7407554767f0c782,0,0,0,0,0,0,0,0,0,0,0,unknown_official_row_manifest_unavailable
zhao-vaccine-e87adfb42491b475,0,0,0,0,0,0,0,0,0,0,0,unknown_official_row_manifest_unavailable
zhao-vaccine-4608aff8b90b7751,1,0,0,0,0,0,0,0,0,0,0,unknown_official_row_manifest_unavailable
zhao-vaccine-a38f0b4774ee8d03,0,0,0,0,0,0,0,0,0,0,0,unknown_official_row_manifest_unavailable
zhao-vaccine-13953415301cf176,0,0,0,0,0,0,0,0,0,0,0,unknown_official_row_manifest_unavailable
zhao-vaccine-8cd82d97fc7c076e,0,0,0,0,0,0,0,0,0,0,0,unknown_official_row_manifest_unavailable
zhao-vaccine-9b53f60837368957,0,0,0,0,0,0,0,0,0,0,0,unknown_official_row_manifest_unavailable
zhao-vaccine-88e84548469445f4,0,0,0,0,0,0,0,0,0,0,0,unknown_official_row_manifest_unavailable
zhao-vaccine-7476851d9534e310,0,0,0,0,0,0,0,0,0,0,0,unknown_official_row_manifest_unavailable
zhao-vaccine-627ff41af6a00cdb,0,0,0,0,0,0,0,0,0,0,0,unknown_official_row_manifest_unavailable
zhao-vaccine-be08242d923ef061,1,0,0,0,0,0,0,0,0,0,0,unknown_official_row_manifest_unavailable
zhao-vaccine-d903a5698261b3c8,1,0,0,0,0,0,0,0,0,0,0,unknown_official_row_manifest_unavailable
zhao-vaccine-354e3296551734fc,1,0,0,0,0,0,0,0,0,0,0,unknown_official_row_manifest_unavailable
zhao-vaccine-db96e69b306cec11,1,0,0,0,0,0,0,0,0,0,0,unknown_official_row_manifest_unavailable
zhao-vaccine-25e9aa95382b9b81,0,0,0,0,0,0,0,0,0,0,0,unknown_official_row_manifest_unavailable
zhao-vaccine-aca8d5b04290cf53,0,0,0,0,0,0,0,0,0,0,0,unknown_official_row_manifest_unavailable
zhao-vaccine-a0b7cf2411e2ce98,1,0,0,0,0,0,0,0,0,0,0,unknown_official_row_manifest_unavailable
zhao-vaccine-940a71fc528c9c3a,0,0,0,0,0,0,0,0,0,0,0,unknown_official_row_manifest_unavailable
zhao-vaccine-ff0ee141ea3683bc,0,0,0,0,0,0,0,0,0,0,0,unknown_official_row_manifest_unavailable
zhao-vaccine-39bc95abd5991029,1,0,0,0,0,0,0,0,0,0,0,unknown_official_row_manifest_unavailable
zhao-vaccine-88c2d4f2ab12000b,0,0,0,0,0,0,0,0,0,0,0,unknown_official_row_manifest_unavailable
zhao-vaccine-c59f2b9ad31b5b66,0,0,0,0,0,0,0,0,0,0,0,unknown_official_row_manifest_unavailable
zhao-vaccine-63a16a978ce57b49,0,0,0,0,0,0,0,0,0,0,0,unknown_official_row_manifest_unavailable
zhao-vaccine-c9b84b79d3a1f196,0,0,0,0,0,0,0,0,0,0,0,unknown_official_row_manifest_unavailable
zhao-vaccine-616f65f167de3213,0,0,0,0,0,0,0,0,0,0,0,unknown_official_row_manifest_unavailable
zhao-vaccine-8fa800ae6297b07f,0,0,0,0,0,0,0,0,0,0,0,unknown_official_row_manifest_unavailable
zhao-vaccine-e6c995508f6b8b97,0,0,0,0,0,0,0,0,0,0,0,unknown_official_row_manifest_unavailable
zhao-vaccine-895bee1ec0b5fbb3,0,0,0,0,0,0,0,0,0,0,0,unknown_official_row_manifest_unavailable
zhao-vaccine-f73820b5ccde65b5,0,0,0,0,0,0,0,0,0,0,0,unknown_official_row_manifest_unavailable
zhao-vaccine-00f1923403b6b019,0,0,0,0,0,0,0,0,0,0,0,unknown_official_row_manifest_unavailable
zhao-vaccine-4b8df077829e6980,0,0,0,0,0,0,0,0,0,0,0,unknown_official_row_manifest_unavailable
zhao-vaccine-0aa3647ec94e3181,0,0,0,0,0,0,0,0,0,0,0,unknown_official_row_manifest_unavailable
zhao-vaccine-fa4e8d3c569efbb5,0,0,0,0,0,0,0,0,0,0,0,unknown_official_row_manifest_unavailable
zhao-vaccine-d246d27339880814,0,0,0,0,0,0,0,0,0,0,0,unknown_official_row_manifest_unavailable
zhao-vaccine-0abbca74aa82ff8d,0,0,0,0,0,0,0,0,0,0,0,unknown_official_row_manifest_unavailable
zhao-vaccine-b8d1f70683fb782d,0,0,0,0,0,0,0,0,0,0,0,unknown_official_row_manifest_unavailable
zhao-vaccine-d4f19b6aeacc9acc,0,0,0,0,0,0,0,0,0,0,0,unknown_official_row_manifest_unavailable
zhao-vaccine-fae0e58b45b2b3e7,0,0,0,0,0,0,0,0,0,0,0,unknown_official_row_manifest_unavailable
zhao-vaccine-91bf41d19d5a3297,0,0,0,0,0,0,0,0,0,0,0,unknown_official_row_manifest_unavailable
zhao-vaccine-3072a4920293f8e4,0,0,0,0,0,0,0,0,0,0,0,unknown_official_row_manifest_unavailable
zhao-vaccine-874955b202561616,0,0,0,0,0,0,0,0,0,0,0,unknown_official_row_manifest_unavailable
zhao-vaccine-3ae295a23c08ed7d,0,0,0,0,0,0,0,0,0,0,0,unknown_official_row_manifest_unavailable
zhao-vaccine-3efce3460b7a4e47,0,0,0,0,0,0,0,0,0,0,0,unknown_official_row_manifest_unavailable
zhao-vaccine-5b46c9113e5507b4,0,0,0,0,0,0,0,0,0,0,0,unknown_official_row_manifest_unavailable
zhao-vaccine-ac62717bdfea0acb,0,0,0,0,0,0,0,0,0,0,0,unknown_official_row_manifest_unavailable
zhao-vaccine-2c23902c93ef9031,0,0,0,0,0,0,0,0,0,0,0,unknown_official_row_manifest_unavailable
zhao-vaccine-4753da1a46e276fc,0,0,0,0,0,0,0,0,0,0,0,unknown_official_row_manifest_unavailable
zhao-vaccine-51f00b368ae3cabe,0,0,0,0,0,0,0,0,0,0,0,unknown_official_row_manifest_unavailable
zhao-vaccine-b5c86b2360f65b48,0,0,0,0,0,0,0,0,0,0,0,unknown_official_row_manifest_unavailable
zhao-vaccine-2767057dbbf63a70,0,0,0,0,0,0,0,0,0,0,0,unknown_official_row_manifest_unavailable
zhao-vaccine-5fce8179edad0c4c,0,0,0,0,0,0,0,0,0,0,0,unknown_official_row_manifest_unavailable
zhao-vaccine-a543462cc9f9278f,0,0,0,0,0,0,0,0,0,0,0,unknown_official_row_manifest_unavailable
zhao-vaccine-e9501dfc8304b65b,0,0,0,0,0,0,0,0,0,0,0,unknown_official_row_manifest_unavailable
zhao-vaccine-eae2f44c7e6f7545,0,0,0,0,0,0,0,0,0,0,0,unknown_official_row_manifest_unavailable
zhao-vaccine-f2ffda41c7bd4378,0,0,0,0,0,0,0,0,0,0,0,unknown_official_row_manifest_unavailable
zhao-vaccine-12b618c2cf1ed1f0,0,0,0,0,0,0,0,0,0,0,0,unknown_official_row_manifest_unavailable
zhao-vaccine-623358367e6eacbf,0,0,0,0,0,0,0,0,0,0,0,unknown_official_row_manifest_unavailable
zhao-vaccine-d4f9347e28104ce8,0,0,0,0,0,0,0,0,0,0,0,unknown_official_row_manifest_unavailable
zhao-vaccine-b1ecee23a07f2855,0,0,0,0,0,0,0,0,0,0,0,unknown_official_row_manifest_unavailable
zhao-vaccine-65a1856ffc74de64,0,0,0,0,0,0,0,0,0,0,0,unknown_official_row_manifest_unavailable
zhao-vaccine-2466a2275803c898,1,0,0,0,0,0,0,0,0,0,0,unknown_official_row_manifest_unavailable
zhao-vaccine-ceeab670992f2bde,1,0,0,0,0,0,0,0,0,0,0,unknown_official_row_manifest_unavailable
zhao-vaccine-13234abcc62e39a3,1,0,0,0,0,0,0,0,0,0,0,unknown_official_row_manifest_unavailable
zhao-vaccine-2334035fe8c03a61,1,0,0,0,0,0,0,0,0,0,0,unknown_official_row_manifest_unavailable
zhao-vaccine-cca6479c6d67d1a3,1,0,0,0,0,0,0,0,0,0,0,unknown_official_row_manifest_unavailable
zhao-vaccine-940d7e8d23e50bde,1,0,0,0,0,0,0,0,0,0,0,unknown_official_row_manifest_unavailable
zhao-vaccine-c520cceb3618956f,1,0,0,0,0,0,0,0,0,0,0,unknown_official_row_manifest_unavailable
zhao-vaccine-590321641555bdd4,0,0,0,0,0,0,0,0,0,0,0,unknown_official_row_manifest_unavailable
zhao-vaccine-b1555d61b37da579,1,0,0,0,0,0,0,0,0,0,0,unknown_official_row_manifest_unavailable
zhao-vaccine-6ee4b5111afb1ae6,1,0,0,0,0,0,0,0,0,0,0,unknown_official_row_manifest_unavailable
zhao-vaccine-bd18a6ba75b62ac8,1,0,0,0,0,0,0,0,0,0,0,unknown_official_row_manifest_unavailable
zhao-vaccine-011cbc47316c6c54,1,0,0,0,0,0,0,0,0,0,0,unknown_official_row_manifest_unavailable
zhao-vaccine-1e7f325db4971357,1,0,0,0,0,0,0,0,0,0,0,unknown_official_row_manifest_unavailable
zhao-vaccine-7bdc109f932c292b,1,0,0,0,0,0,0,0,0,0,0,unknown_official_row_manifest_unavailable
zhao-vaccine-2e9093d1df047344,1,0,0,0,0,0,0,0,0,0,0,unknown_official_row_manifest_unavailable
zhao-vaccine-41f4541974f3d119,1,0,0,0,0,0,0,0,0,0,0,unknown_official_row_manifest_unavailable
zhao-vaccine-efe0205564201753,1,0,0,0,0,0,0,0,0,0,0,unknown_official_row_manifest_unavailable
zhao-vaccine-09c7ad177e1b1df0,0,0,0,0,0,0,0,0,0,0,0,unknown_official_row_manifest_unavailable
zhao-vaccine-09a1abfb71cfd972,1,0,0,0,0,0,0,0,0,0,0,unknown_official_row_manifest_unavailable
zhao-vaccine-8f1fb2ba27b6b0ef,0,0,0,0,0,0,0,0,0,0,0,unknown_official_row_manifest_unavailable
zhao-vaccine-3944ad7a200bed45,0,0,0,0,0,0,0,0,0,0,0,unknown_official_row_manifest_unavailable
zhao-vaccine-89662fac64388428,0,0,0,0,0,0,0,0,0,0,0,unknown_official_row_manifest_unavailable
zhao-vaccine-615d33021f15ac04,0,0,0,0,0,0,0,0,0,0,0,unknown_official_row_manifest_unavailable
zhao-vaccine-7644ca8a4f4eac0f,0,0,0,0,0,0,0,0,0,0,0,unknown_official_row_manifest_unavailable
zhao-vaccine-b90a2c82cf9d57ac,0,0,0,0,0,0,0,0,0,0,0,unknown_official_row_manifest_unavailable
zhao-vaccine-c8c411f898b41145,0,0,0,0,0,0,0,0,0,0,0,unknown_official_row_manifest_unavailable
zhao-vaccine-0113b08ef02a1837,0,0,0,0,0,0,0,0,0,0,0,unknown_official_row_manifest_unavailable
zhao-vaccine-6a067ef1ea4ca8a5,0,0,0,0,0,0,0,0,0,0,0,unknown_official_row_manifest_unavailable
zhao-vaccine-0d21bfcac05c0903,0,0,0,0,0,0,0,0,0,0,0,unknown_official_row_manifest_unavailable
zhao-vaccine-127d022b672bfa6e,0,0,0,0,0,0,0,1,0,0,0,unknown_official_row_manifest_unavailable
zhao-vaccine-ebe204540dc589f6,0,0,0,0,0,0,0,0,0,0,0,unknown_official_row_manifest_unavailable
zhao-vaccine-4c412b408d01b12c,0,0,0,0,0,0,0,0,0,0,0,unknown_official_row_manifest_unavailable
zhao-vaccine-89365f27fea85179,0,0,0,0,0,0,0,0,0,0,0,unknown_official_row_manifest_unavailable
zhao-vaccine-3614d38d7f84e3ab,0,0,0,0,0,0,0,0,0,0,0,unknown_official_row_manifest_unavailable
zhao-vaccine-04765a1581b81652,0,0,0,0,0,0,0,0,0,0,0,unknown_official_row_manifest_unavailable
zhao-vaccine-751a65f63babbab9,0,0,0,0,0,0,0,0,0,0,0,unknown_official_row_manifest_unavailable
zhao-vaccine-0598b041e094dfda,0,0,0,0,0,0,0,0,0,0,0,unknown_official_row_manifest_unavailable
zhao-vaccine-1fcda1058213059e,0,0,0,0,0,0,0,0,0,0,0,unknown_official_row_manifest_unavailable
zhao-vaccine-a149e753c39e2e2f,0,0,0,0,0,0,0,0,0,0,0,unknown_official_row_manifest_unavailable
zhao-vaccine-15aa8059f37d52e7,0,0,0,0,0,0,0,0,0,0,0,unknown_official_row_manifest_unavailable
zhao-vaccine-aecd32c835c90945,0,0,0,0,0,0,0,0,0,0,0,unknown_official_row_manifest_unavailable
zhao-vaccine-3c3221c6e10611cc,0,0,0,0,0,0,0,0,0,0,0,unknown_official_row_manifest_unavailable
zhao-vaccine-369dd0e964dc3d41,0,0,0,0,0,0,0,0,0,0,0,unknown_official_row_manifest_unavailable
zhao-vaccine-84f9e53918e8d995,0,0,0,0,0,0,0,0,0,0,0,unknown_official_row_manifest_unavailable
zhao-vaccine-4b24fe0e3318fd2b,0,0,0,0,0,0,0,0,0,0,0,unknown_official_row_manifest_unavailable
zhao-vaccine-9d835bbd79fc6203,0,0,0,0,0,0,0,0,0,0,0,unknown_official_row_manifest_unavailable
zhao-vaccine-d88b8e8fac467cda,0,0,0,0,0,0,0,0,0,0,0,unknown_official_row_manifest_unavailable
zhao-vaccine-309aef550a3b165d,0,0,0,0,0,0,0,0,0,0,0,unknown_official_row_manifest_unavailable
zhao-vaccine-395a5a0f5f04ab8c,0,0,0,0,0,0,0,0,0,0,0,unknown_official_row_manifest_unavailable
zhao-vaccine-3481ca46d016164f,0,0,0,0,0,0,0,0,0,0,0,unknown_official_row_manifest_unavailable
zhao-vaccine-971426eea1a742ca,0,0,0,0,0,0,0,0,0,0,0,unknown_official_row_manifest_unavailable
zhao-vaccine-a50601baa324efef,0,0,0,0,0,0,0,0,0,0,0,unknown_official_row_manifest_unavailable
zhao-vaccine-d34e259267438653,0,0,0,0,0,0,0,0,0,0,0,unknown_official_row_manifest_unavailable
zhao-vaccine-25b4e62a0d851e29,1,0,0,0,0,0,0,0,0,0,0,unknown_official_row_manifest_unavailable
zhao-vaccine-8358e63308d7f0c4,1,0,0,0,0,0,0,0,0,0,0,unknown_official_row_manifest_unavailable
zhao-vaccine-c178432744b13c78,1,0,0,0,0,0,0,0,0,0,0,unknown_official_row_manifest_unavailable
zhao-vaccine-1034fb45051e64fe,1,0,0,0,0,0,0,0,0,0,0,unknown_official_row_manifest_unavailable
zhao-vaccine-6e56355af497a2f0,0,0,0,0,0,0,0,0,0,0,0,unknown_official_row_manifest_unavailable
zhao-vaccine-c5728cec5c7d7224,0,0,0,0,0,0,0,0,0,0,0,unknown_official_row_manifest_unavailable
zhao-vaccine-6e1d3196a45f7a2e,0,0,0,0,0,0,0,0,0,0,0,unknown_official_row_manifest_unavailable
zhao-vaccine-cc0566dfc06ca302,0,0,0,0,0,0,0,0,0,0,0,unknown_official_row_manifest_unavailable
zhao-vaccine-2d01a6516182134c,0,0,0,0,0,0,0,0,0,0,0,unknown_official_row_manifest_unavailable
zhao-vaccine-44ee76e75a70f0b1,0,0,0,0,0,0,0,0,0,0,0,unknown_official_row_manifest_unavailable
zhao-vaccine-b3656859d3ce07ff,0,0,0,0,0,0,0,0,0,0,0,unknown_official_row_manifest_unavailable
zhao-vaccine-93fe426b74cb09bf,0,0,0,0,0,0,0,0,0,0,0,unknown_official_row_manifest_unavailable
zhao-vaccine-bf5533c3b7d71a29,0,0,0,0,0,0,0,0,0,0,0,unknown_official_row_manifest_unavailable
zhao-vaccine-3884abecfdb2a157,0,0,0,0,0,0,0,0,0,0,0,unknown_official_row_manifest_unavailable
zhao-vaccine-802c7522efe8643f,0,0,0,0,0,0,0,0,0,0,0,unknown_official_row_manifest_unavailable
zhao-vaccine-1832aacc6ce93c31,0,0,0,0,0,0,0,0,0,0,0,unknown_official_row_manifest_unavailable
zhao-vaccine-164ea58f2fc6f377,0,0,0,0,0,0,0,0,0,0,0,unknown_official_row_manifest_unavailable
zhao-vaccine-9b5389ba1798a395,0,0,0,0,0,0,0,0,0,0,0,unknown_official_row_manifest_unavailable
zhao-vaccine-8b7630c45e269635,0,0,0,0,0,0,0,0,0,0,0,unknown_official_row_manifest_unavailable
zhao-vaccine-74cc9ca5fb1a8008,0,0,0,0,0,0,0,0,0,0,0,unknown_official_row_manifest_unavailable
zhao-vaccine-5f4bdfc04cf84619,0,0,0,0,0,0,0,0,0,0,0,unknown_official_row_manifest_unavailable
zhao-vaccine-ebada584684de4fd,0,0,0,0,0,0,0,0,0,0,0,unknown_official_row_manifest_unavailable
zhao-vaccine-be2c775518f83b4d,0,0,0,0,0,0,0,0,0,0,0,unknown_official_row_manifest_unavailable
zhao-vaccine-b69d26ca091066fa,0,0,0,0,0,0,0,0,0,0,0,unknown_official_row_manifest_unavailable
zhao-vaccine-d628b6bfd6356534,0,0,0,0,0,0,0,0,0,0,0,unknown_official_row_manifest_unavailable
zhao-vaccine-f9f29366ab5ac473,0,0,0,0,0,0,0,0,0,0,0,unknown_official_row_manifest_unavailable
zhao-vaccine-2b5e3d1c9a1fff67,0,0,0,0,0,0,0,0,0,0,0,unknown_official_row_manifest_unavailable
zhao-vaccine-5a7f28b9eb70924a,0,0,0,0,0,0,0,0,0,0,0,unknown_official_row_manifest_unavailable
zhao-vaccine-7bec4b8abc45c956,0,0,0,0,0,0,0,0,0,0,0,unknown_official_row_manifest_unavailable
zhao-vaccine-0792da8d85fbaca5,0,0,0,0,0,0,0,0,0,0,0,unknown_official_row_manifest_unavailable
zhao-vaccine-cd2203bfcc4cde42,0,0,0,0,0,0,0,0,0,0,0,unknown_official_row_manifest_unavailable
zhao-vaccine-af4eba9e86eb8cad,0,0,0,0,0,0,0,0,0,0,0,unknown_official_row_manifest_unavailable
zhao-vaccine-d3be1b037ac46cae,0,0,0,0,0,0,0,0,0,0,0,unknown_official_row_manifest_unavailable
zhao-vaccine-b81228a0c1578d43,0,0,0,0,0,0,0,0,0,0,0,unknown_official_row_manifest_unavailable
zhao-vaccine-8e357c97f0eb285c,0,0,0,0,0,0,0,0,0,0,0,unknown_official_row_manifest_unavailable
zhao-vaccine-dce008024279bca6,1,0,0,0,0,0,0,0,0,0,0,unknown_official_row_manifest_unavailable
zhao-vaccine-15326b7cf9712f20,0,0,0,0,0,0,0,0,0,0,0,unknown_official_row_manifest_unavailable
zhao-vaccine-63251d7d3a3fd8ac,0,0,0,0,0,0,0,0,0,0,0,unknown_official_row_manifest_unavailable
zhao-vaccine-9f9de6941e5901b9,1,0,0,0,0,0,0,0,0,0,0,unknown_official_row_manifest_unavailable
zhao-vaccine-fd11a5b1ee72d0e2,0,0,0,0,0,0,0,0,0,0,0,unknown_official_row_manifest_unavailable
zhao-vaccine-d601ca8ec575d818,0,0,0,0,0,0,0,0,0,0,0,unknown_official_row_manifest_unavailable
zhao-vaccine-abe3780abf8c2339,1,0,0,0,0,0,0,0,0,0,0,unknown_official_row_manifest_unavailable
zhao-vaccine-f2bbba69c49ee9d8,0,0,0,0,0,0,0,0,0,0,0,unknown_official_row_manifest_unavailable
zhao-vaccine-384d6d35758b5077,0,0,0,0,0,0,0,0,0,0,0,unknown_official_row_manifest_unavailable
zhao-vaccine-79e464655b759b78,0,0,0,0,0,0,0,0,0,0,0,unknown_official_row_manifest_unavailable
zhao-vaccine-2df488aa9efe4167,0,0,0,0,0,0,0,0,0,0,0,unknown_official_row_manifest_unavailable
zhao-vaccine-e02174bf70cf48e1,0,0,0,0,0,0,0,0,0,0,0,unknown_official_row_manifest_unavailable
zhao-vaccine-79a96393714afdc1,0,0,0,0,0,0,0,0,0,0,0,unknown_official_row_manifest_unavailable
zhao-vaccine-6b254b7b2c3bf169,0,0,0,0,0,0,0,0,0,0,0,unknown_official_row_manifest_unavailable
zhao-vaccine-829b28362531375b,0,0,0,0,0,0,0,0,0,0,0,unknown_official_row_manifest_unavailable
zhao-vaccine-b07374752303c7ce,0,0,0,0,0,0,0,0,0,0,0,unknown_official_row_manifest_unavailable
zhao-vaccine-0a968a6e8f5bb3a5,0,0,0,0,0,0,0,0,0,0,0,unknown_official_row_manifest_unavailable
zhao-vaccine-dfcc24d0c9399a71,0,0,0,0,0,0,0,0,0,0,0,unknown_official_row_manifest_unavailable
zhao-vaccine-f88b213c3693011f,0,0,0,0,0,0,0,0,0,0,0,unknown_official_row_manifest_unavailable
zhao-vaccine-1b924ca5b95b9789,0,0,0,0,0,0,0,0,0,0,0,unknown_official_row_manifest_unavailable
zhao-vaccine-a529ef70085fd160,0,0,0,0,0,0,0,0,0,0,0,unknown_official_row_manifest_unavailable
zhao-vaccine-f2f04fea5f4bd62f,0,0,0,0,0,0,0,0,0,0,0,unknown_official_row_manifest_unavailable
zhao-vaccine-8b569e01b4c0fa1d,0,0,0,0,0,0,0,0,0,0,0,unknown_official_row_manifest_unavailable
zhao-vaccine-7ba0ee3aedadd920,0,0,0,0,0,0,0,0,0,0,0,unknown_official_row_manifest_unavailable
zhao-vaccine-73318b0e1d0f5698,0,0,0,0,0,0,0,0,0,0,0,unknown_official_row_manifest_unavailable
zhao-vaccine-617e8b4c605e848a,0,0,0,0,0,0,0,0,0,0,0,unknown_official_row_manifest_unavailable
zhao-vaccine-968dd34985109398,0,0,0,0,0,0,0,0,0,0,0,unknown_official_row_manifest_unavailable
zhao-vaccine-30a8f44992e1727b,0,0,0,0,0,0,0,0,0,0,0,unknown_official_row_manifest_unavailable
zhao-vaccine-8e7ed2309f8a8c76,0,0,0,0,0,0,0,0,0,0,0,unknown_official_row_manifest_unavailable
zhao-vaccine-5ec2f637f82295c6,0,0,0,0,0,0,0,0,0,0,0,unknown_official_row_manifest_unavailable
zhao-vaccine-e0d97b661fbbca8e,0,0,0,0,0,0,0,0,0,0,0,unknown_official_row_manifest_unavailable
zhao-vaccine-1ecaf53c0361fd76,0,0,0,0,0,0,0,0,0,0,0,unknown_official_row_manifest_unavailable
zhao-vaccine-07dc64ecc1d1c80c,0,0,0,0,0,0,0,0,0,0,0,unknown_official_row_manifest_unavailable
zhao-vaccine-2a74b63a389d29da,0,0,0,0,0,0,0,0,0,0,0,unknown_official_row_manifest_unavailable
zhao-vaccine-c5027f69096ce937,1,0,0,0,0,0,0,0,0,0,0,unknown_official_row_manifest_unavailable
zhao-vaccine-64b03c25eb1e4aca,0,0,0,0,0,0,0,0,0,0,0,unknown_official_row_manifest_unavailable
zhao-vaccine-09b09241df7ba57a,0,0,0,0,0,0,0,0,0,0,0,unknown_official_row_manifest_unavailable
zhao-vaccine-46c73c5643b5c015,0,0,0,0,0,0,0,0,0,0,0,unknown_official_row_manifest_unavailable
zhao-vaccine-ded05c41d0885a79,0,0,0,0,0,0,0,0,0,0,0,unknown_official_row_manifest_unavailable
zhao-vaccine-569a1f5d232617cc,0,0,0,0,0,0,0,0,0,0,0,unknown_official_row_manifest_unavailable
zhao-vaccine-a6ba52504edaec3a,0,0,0,0,0,0,0,0,0,0,0,unknown_official_row_manifest_unavailable
zhao-vaccine-441263c256cd1d32,0,0,0,0,0,0,0,0,0,0,0,unknown_official_row_manifest_unavailable
zhao-vaccine-ce1b25ef98db3b8f,0,0,0,0,0,0,0,0,0,0,0,unknown_official_row_manifest_unavailable
zhao-vaccine-98fdab332ce80606,0,0,0,0,0,0,0,0,0,0,0,unknown_official_row_manifest_unavailable
zhao-vaccine-32042d43ea9234e9,0,0,0,0,0,0,0,0,0,0,0,unknown_official_row_manifest_unavailable
zhao-vaccine-978388f28ca83380,0,0,0,0,0,0,0,0,0,0,0,unknown_official_row_manifest_unavailable
zhao-vaccine-dbb83903928a1b3d,1,0,0,0,0,0,0,0,0,0,0,unknown_official_row_manifest_unavailable
zhao-vaccine-484d4a1e69dbaff1,0,0,0,0,0,0,0,0,0,0,0,unknown_official_row_manifest_unavailable
zhao-vaccine-587f63e0750195b8,1,0,0,0,0,0,0,0,0,0,0,unknown_official_row_manifest_unavailable
zhao-vaccine-189a3e09a651a5ca,0,0,0,0,0,0,0,0,0,0,0,unknown_official_row_manifest_unavailable
zhao-vaccine-1c92e6cb78af1121,0,0,0,0,0,0,0,0,0,0,0,unknown_official_row_manifest_unavailable
zhao-vaccine-c5f13bbc156d1ffd,0,0,0,0,0,0,0,0,0,0,0,unknown_official_row_manifest_unavailable
zhao-vaccine-005c2d41ff568581,0,0,0,0,0,0,0,0,0,0,0,unknown_official_row_manifest_unavailable
zhao-vaccine-754cdd08691b463b,0,0,0,0,0,0,0,0,0,0,0,unknown_official_row_manifest_unavailable
zhao-vaccine-44191f451fb5342f,0,0,0,0,0,0,0,0,0,0,0,unknown_official_row_manifest_unavailable
zhao-vaccine-bc0b04f0db31deef,1,0,0,0,0,0,0,0,0,0,0,unknown_official_row_manifest_unavailable
zhao-vaccine-248486bef67ddc1a,1,0,0,0,0,0,0,0,0,0,0,unknown_official_row_manifest_unavailable
zhao-vaccine-435c57bd5626e81d,1,0,0,0,0,0,0,0,0,0,0,unknown_official_row_manifest_unavailable
zhao-vaccine-6a80222eb3cd9960,1,0,0,0,0,0,0,0,0,0,0,unknown_official_row_manifest_unavailable
zhao-vaccine-18bb777b4e863040,0,0,0,0,0,0,0,0,0,0,0,unknown_official_row_manifest_unavailable
zhao-vaccine-c73520e05162fa63,0,0,0,0,0,0,0,0,0,0,0,unknown_official_row_manifest_unavailable
zhao-vaccine-2d42ee092024504b,1,0,0,0,0,0,0,0,0,0,0,unknown_official_row_manifest_unavailable
zhao-vaccine-3c4ba0f989f56cbc,0,0,0,0,0,0,0,0,0,0,0,unknown_official_row_manifest_unavailable
zhao-vaccine-8a4ba03a807552d8,0,0,0,0,0,0,0,0,0,0,0,unknown_official_row_manifest_unavailable
zhao-vaccine-3a488a69cfdbb0b4,0,0,0,0,0,0,0,0,0,0,0,unknown_official_row_manifest_unavailable
zhao-vaccine-2f981576be4f5fcd,0,0,0,0,0,0,0,0,0,0,0,unknown_official_row_manifest_unavailable
zhao-vaccine-80e29e057aded50f,0,0,0,0,0,0,0,0,0,0,0,unknown_official_row_manifest_unavailable
zhao-vaccine-a6efb11623db8198,0,0,0,0,0,0,0,0,0,0,0,unknown_official_row_manifest_unavailable
zhao-vaccine-f3f3f5539242b996,0,0,0,0,0,0,0,0,0,0,0,unknown_official_row_manifest_unavailable
zhao-vaccine-f31510ca0cca7dc2,0,0,0,0,0,0,0,0,0,0,0,unknown_official_row_manifest_unavailable
zhao-vaccine-fe692678a2348211,0,0,0,0,0,0,0,0,0,0,0,unknown_official_row_manifest_unavailable
zhao-vaccine-feb8ab75cbc6a6b1,0,0,0,0,0,0,0,0,0,0,0,unknown_official_row_manifest_unavailable
zhao-vaccine-b8df57798d7bb9e4,0,0,0,0,0,0,0,0,0,0,0,unknown_official_row_manifest_unavailable
zhao-vaccine-ebb911c0b47448a5,0,0,0,0,0,0,0,0,0,0,0,unknown_official_row_manifest_unavailable
zhao-vaccine-6d945c4de6fb7fdd,0,0,0,0,0,0,0,0,0,0,0,unknown_official_row_manifest_unavailable
zhao-vaccine-7ca1890125ff12ec,0,0,0,0,0,0,0,0,0,0,0,unknown_official_row_manifest_unavailable
zhao-vaccine-b84d5e06e4a5de93,0,0,0,0,0,0,0,0,0,0,0,unknown_official_row_manifest_unavailable
zhao-vaccine-5a666db4b7cd0c81,1,0,0,0,0,0,0,0,0,0,0,unknown_official_row_manifest_unavailable
zhao-vaccine-ff9e4d8c3d7ed1a1,0,0,0,0,0,0,0,0,0,0,0,unknown_official_row_manifest_unavailable
zhao-vaccine-d7edde17da32e7a7,0,0,0,0,0,0,0,0,0,0,0,unknown_official_row_manifest_unavailable
zhao-vaccine-1b9041952158e85a,0,0,0,0,0,0,0,0,0,0,0,unknown_official_row_manifest_unavailable
zhao-vaccine-76096a14f7beac73,0,0,0,0,0,0,0,0,0,0,0,unknown_official_row_manifest_unavailable
zhao-vaccine-f84831fabf9966dc,0,0,0,0,0,0,0,0,0,0,0,unknown_official_row_manifest_unavailable
zhao-vaccine-6fa72e4c980319d1,0,0,0,0,0,0,0,0,0,0,0,unknown_official_row_manifest_unavailable
zhao-vaccine-fecf0e4ffb53c9ba,0,0,0,0,0,0,0,0,0,0,0,unknown_official_row_manifest_unavailable
zhao-vaccine-7f048c24cf7f67cd,0,0,0,0,0,0,0,0,0,0,0,unknown_official_row_manifest_unavailable
zhao-vaccine-8f28ecfbd8e04b8a,0,0,0,0,0,0,0,0,0,0,0,unknown_official_row_manifest_unavailable
zhao-vaccine-c7ecbe8a43080a18,0,0,0,0,0,0,0,0,0,0,0,unknown_official_row_manifest_unavailable
zhao-vaccine-d353f5ffe14092d8,0,0,0,0,0,0,0,0,0,0,0,unknown_official_row_manifest_unavailable
zhao-vaccine-68919353742998c9,0,0,0,0,0,0,0,0,0,0,0,unknown_official_row_manifest_unavailable
zhao-vaccine-adb6b5a92a4bda9e,0,0,0,0,0,0,0,0,0,0,0,unknown_official_row_manifest_unavailable
zhao-vaccine-1b0f9ac57d3deca0,0,0,0,0,0,0,0,0,0,0,0,unknown_official_row_manifest_unavailable
zhao-vaccine-352b15a9113e1c3f,0,0,0,0,0,0,0,0,0,0,0,unknown_official_row_manifest_unavailable
zhao-vaccine-d245b9086a4c4e55,0,0,0,0,0,0,0,0,0,0,0,unknown_official_row_manifest_unavailable
zhao-vaccine-b9a1d54db9353202,0,0,0,0,0,0,0,0,0,0,0,unknown_official_row_manifest_unavailable
zhao-vaccine-65e1e957b18a0883,0,0,0,0,0,0,0,0,0,0,0,unknown_official_row_manifest_unavailable
zhao-vaccine-5aad249cfbd1da6a,0,0,0,0,0,0,0,0,0,0,0,unknown_official_row_manifest_unavailable
zhao-vaccine-1f8caded918cd1a8,0,0,0,0,0,0,0,0,0,0,0,unknown_official_row_manifest_unavailable
zhao-vaccine-a32c2f2da9e9e873,0,0,0,0,0,0,0,0,0,0,0,unknown_official_row_manifest_unavailable
zhao-vaccine-d794cc06a0b7dbc2,0,0,0,0,0,0,0,0,0,0,0,unknown_official_row_manifest_unavailable
zhao-vaccine-2198b7a3c74589cf,0,0,0,0,0,0,0,0,0,0,0,unknown_official_row_manifest_unavailable
zhao-vaccine-6dd07e8066f0f846,0,0,0,0,0,0,0,0,0,0,0,unknown_official_row_manifest_unavailable
zhao-vaccine-83a2818ca048bc91,0,0,0,0,0,0,0,0,0,0,0,unknown_official_row_manifest_unavailable
zhao-vaccine-30af01ce73e0a329,0,0,0,0,0,0,0,0,0,0,0,unknown_official_row_manifest_unavailable
zhao-vaccine-8e5f572bf39bb70e,0,0,0,0,0,0,0,0,0,0,0,unknown_official_row_manifest_unavailable
zhao-vaccine-947c1a25434f2c88,0,0,0,0,0,0,0,0,0,0,0,unknown_official_row_manifest_unavailable
zhao-vaccine-cf7bbfda04adec09,0,0,0,0,0,0,0,0,0,0,0,unknown_official_row_manifest_unavailable
zhao-vaccine-0a37b5892da9f729,0,0,0,0,0,0,0,0,0,0,0,unknown_official_row_manifest_unavailable
zhao-vaccine-3c5ff23770c9c9eb,0,0,0,0,0,0,0,0,0,0,0,unknown_official_row_manifest_unavailable
zhao-vaccine-07cda9d9316a2417,0,0,0,0,0,0,0,0,0,0,0,unknown_official_row_manifest_unavailable
zhao-vaccine-25c3d50852fb5fbc,0,0,0,0,0,0,0,0,0,0,0,unknown_official_row_manifest_unavailable
zhao-vaccine-c61e31faea397e00,0,0,0,0,0,0,0,0,0,0,0,unknown_official_row_manifest_unavailable
zhao-vaccine-1c2709e2c8b958f5,0,0,0,0,0,0,0,0,0,0,0,unknown_official_row_manifest_unavailable
zhao-vaccine-52e8109ad1474de0,0,0,0,0,0,0,0,0,0,0,0,unknown_official_row_manifest_unavailable
zhao-vaccine-f2460d83b4aa9649,0,0,0,0,0,0,0,0,0,0,0,unknown_official_row_manifest_unavailable
zhao-vaccine-3fc85da93c900ad1,0,0,0,0,0,0,0,0,0,0,0,unknown_official_row_manifest_unavailable
zhao-vaccine-504366f07af83dea,0,0,0,0,0,0,0,0,0,0,0,unknown_official_row_manifest_unavailable
zhao-vaccine-3dd3b83dc8a140dd,0,0,0,0,0,0,0,0,0,0,0,unknown_official_row_manifest_unavailable
zhao-vaccine-92586d96b0544d0e,0,0,0,0,0,0,0,0,0,0,0,unknown_official_row_manifest_unavailable
zhao-vaccine-d62cd0eb01450541,0,0,0,0,0,0,0,0,0,0,0,unknown_official_row_manifest_unavailable
zhao-vaccine-0bb4de090da7557e,0,0,0,0,0,0,0,0,0,0,0,unknown_official_row_manifest_unavailable
zhao-vaccine-d83594b606a34d9f,0,0,0,0,0,0,0,0,0,0,0,unknown_official_row_manifest_unavailable
zhao-vaccine-9b36daa85674e41c,0,0,0,0,0,0,0,0,0,0,0,unknown_official_row_manifest_unavailable
zhao-vaccine-a7d26b31e15305c0,1,0,0,0,0,0,0,0,0,0,0,unknown_official_row_manifest_unavailable
zhao-vaccine-a77fb0e9d66e5b92,0,0,0,0,0,0,0,0,0,0,0,unknown_official_row_manifest_unavailable
zhao-vaccine-6af6761dc326c7b4,1,0,0,0,0,0,0,0,0,0,0,unknown_official_row_manifest_unavailable
zhao-vaccine-70021a4a83d0b97b,1,0,0,0,0,0,0,0,0,0,0,unknown_official_row_manifest_unavailable
zhao-vaccine-b8c034b4f7906cda,0,0,0,0,0,0,0,0,0,0,0,unknown_official_row_manifest_unavailable
zhao-vaccine-61ac7c025d684e3f,0,0,0,0,0,0,0,0,0,0,0,unknown_official_row_manifest_unavailable
zhao-vaccine-c9b86ce6d1009213,1,0,0,0,0,0,0,0,0,0,0,unknown_official_row_manifest_unavailable
zhao-vaccine-2b01871034639ce6,1,0,0,0,0,0,0,0,0,0,0,unknown_official_row_manifest_unavailable
zhao-vaccine-0b898604ae640790,1,0,0,0,0,0,0,0,0,0,0,unknown_official_row_manifest_unavailable
zhao-vaccine-090509de5bbe3e7c,1,0,0,0,0,0,0,0,0,0,0,unknown_official_row_manifest_unavailable
zhao-vaccine-c0f6ab4dadf74287,1,0,0,0,0,0,0,0,0,0,0,unknown_official_row_manifest_unavailable
zhao-vaccine-24bb80e6d446539e,1,0,0,0,0,0,0,0,0,0,0,unknown_official_row_manifest_unavailable
zhao-vaccine-3201a3fb6e0c8fa5,0,0,0,0,0,0,0,0,0,0,0,unknown_official_row_manifest_unavailable
zhao-vaccine-83712a929d036711,0,0,0,0,0,0,0,0,0,0,0,unknown_official_row_manifest_unavailable
zhao-vaccine-bc7e6e0737e44920,0,0,0,0,0,0,0,0,0,0,0,unknown_official_row_manifest_unavailable
zhao-vaccine-0eaf0e818a7a746a,0,0,0,0,0,0,0,0,0,0,0,unknown_official_row_manifest_unavailable
zhao-vaccine-e1587f78f0414f32,0,0,0,0,0,0,0,0,0,0,0,unknown_official_row_manifest_unavailable
zhao-vaccine-41f5931366c040c0,0,0,0,0,0,0,0,0,0,0,0,unknown_official_row_manifest_unavailable
zhao-vaccine-7175cb119bd96102,0,0,0,0,0,0,0,0,0,0,0,unknown_official_row_manifest_unavailable
zhao-vaccine-75af5bb08906c7f7,0,0,0,0,0,0,0,0,0,0,0,unknown_official_row_manifest_unavailable
zhao-vaccine-19030f73262529ce,0,0,0,0,0,0,0,0,0,0,0,unknown_official_row_manifest_unavailable
zhao-vaccine-854adfc6e548ab72,0,0,0,0,0,0,0,0,0,0,0,unknown_official_row_manifest_unavailable
zhao-vaccine-40a84aa5f7529b52,0,0,0,0,0,0,0,0,0,0,0,unknown_official_row_manifest_unavailable
zhao-vaccine-1071886d40129d5f,0,0,0,0,0,0,0,0,0,0,0,unknown_official_row_manifest_unavailable
zhao-vaccine-3fc0b7f5778f75b1,0,0,0,0,0,0,0,0,0,0,0,unknown_official_row_manifest_unavailable
zhao-vaccine-cc31c8cbc49a2519,0,0,0,0,0,0,0,0,0,0,0,unknown_official_row_manifest_unavailable
zhao-vaccine-76da3ee3a519e089,0,0,0,0,0,0,0,0,0,0,0,unknown_official_row_manifest_unavailable
zhao-vaccine-3e0d2622f82171c5,0,0,0,0,0,0,0,0,0,0,0,unknown_official_row_manifest_unavailable
zhao-vaccine-db3d9b700db0c77c,0,0,0,0,0,0,0,0,0,0,0,unknown_official_row_manifest_unavailable
zhao-vaccine-9973ae04539ea32e,0,0,0,0,0,0,0,0,0,0,0,unknown_official_row_manifest_unavailable
zhao-vaccine-5561ea5eae8c4914,0,0,0,0,0,0,0,0,0,0,0,unknown_official_row_manifest_unavailable
zhao-vaccine-2b4eb78cc400768f,0,0,0,0,0,0,0,0,0,0,0,unknown_official_row_manifest_unavailable
zhao-vaccine-007a79875c9c2c9d,0,0,0,0,0,0,0,0,0,0,0,unknown_official_row_manifest_unavailable
zhao-vaccine-94c540703c35d914,0,0,0,0,0,0,0,0,0,0,0,unknown_official_row_manifest_unavailable
zhao-vaccine-d0539841cb147534,0,0,0,0,0,0,0,0,0,0,0,unknown_official_row_manifest_unavailable
zhao-vaccine-6fb9fcc725620c4d,0,0,0,0,0,0,0,0,0,0,0,unknown_official_row_manifest_unavailable
zhao-vaccine-fd3485d9cfbed701,0,0,0,0,0,0,0,0,0,0,0,unknown_official_row_manifest_unavailable
zhao-vaccine-7b19004e1c7b69aa,0,0,0,0,0,0,0,0,0,0,0,unknown_official_row_manifest_unavailable
zhao-vaccine-77558f19fda1309c,1,0,0,0,0,0,0,0,0,0,0,unknown_official_row_manifest_unavailable
zhao-vaccine-a927269393d2526c,1,0,0,0,0,0,0,0,0,0,0,unknown_official_row_manifest_unavailable
zhao-vaccine-de540479a7332cba,1,0,0,0,0,0,0,0,0,0,0,unknown_official_row_manifest_unavailable
zhao-vaccine-ff2e1d9399179786,1,0,0,0,0,0,0,0,0,0,0,unknown_official_row_manifest_unavailable
zhao-vaccine-4acd10b38d0e4aec,0,0,0,0,0,0,0,0,0,0,0,unknown_official_row_manifest_unavailable
zhao-vaccine-7bc11d2eff81b4cd,0,0,0,0,0,0,0,0,0,0,0,unknown_official_row_manifest_unavailable
zhao-vaccine-b6daf7f342caeef5,0,0,0,0,0,0,0,0,0,0,0,unknown_official_row_manifest_unavailable
zhao-vaccine-00444c5d625a1ea1,0,0,0,0,0,0,0,0,0,0,0,unknown_official_row_manifest_unavailable
zhao-vaccine-1899550845bc9391,0,0,0,0,0,0,0,0,0,0,0,unknown_official_row_manifest_unavailable
zhao-vaccine-9ce74503a7a65f1d,0,0,0,0,0,0,0,0,0,0,0,unknown_official_row_manifest_unavailable
zhao-vaccine-fe2a205d7de5f153,0,0,0,0,0,0,0,0,0,0,0,unknown_official_row_manifest_unavailable
zhao-vaccine-5527cbf00d4c06a3,0,0,0,0,0,0,0,0,0,0,0,unknown_official_row_manifest_unavailable
zhao-vaccine-9d0b0ecd97822a8b,0,0,0,0,0,0,0,0,0,0,0,unknown_official_row_manifest_unavailable
zhao-vaccine-33922ab67dedb95d,0,0,0,0,0,0,0,0,0,0,0,unknown_official_row_manifest_unavailable
zhao-vaccine-833cf7dfafb80ee6,0,0,0,0,0,0,0,0,0,0,0,unknown_official_row_manifest_unavailable
zhao-vaccine-9c298b12a5abcbfa,0,0,0,0,0,0,0,0,0,0,0,unknown_official_row_manifest_unavailable
zhao-vaccine-25d343c06b9fd1ba,0,0,0,0,0,0,0,0,0,0,0,unknown_official_row_manifest_unavailable
zhao-vaccine-3662082b8c37f2db,0,0,0,0,0,0,0,0,0,0,0,unknown_official_row_manifest_unavailable
zhao-vaccine-c53cad49f5b42005,0,0,0,0,0,0,0,0,0,0,0,unknown_official_row_manifest_unavailable
zhao-vaccine-df06f3847c640434,0,0,0,0,0,0,0,0,0,0,0,unknown_official_row_manifest_unavailable
zhao-vaccine-6f4c3b14f541f3a9,0,0,0,0,0,0,0,0,0,0,0,unknown_official_row_manifest_unavailable
zhao-vaccine-c5aed4506530e7c9,0,0,0,0,0,0,0,0,0,0,0,unknown_official_row_manifest_unavailable
zhao-vaccine-d27b82ea25c2079b,0,0,0,0,0,0,0,0,0,0,0,unknown_official_row_manifest_unavailable
zhao-vaccine-86c23021ac8ba472,0,0,0,0,0,0,0,0,0,0,0,unknown_official_row_manifest_unavailable
zhao-vaccine-ffc1986181cf6a8f,0,0,0,0,0,0,0,0,0,0,0,unknown_official_row_manifest_unavailable
zhao-vaccine-31a2265075b0b0c8,0,0,0,0,0,0,0,0,0,0,0,unknown_official_row_manifest_unavailable
zhao-vaccine-051b07f7c5733441,0,0,0,0,0,0,0,0,0,0,0,unknown_official_row_manifest_unavailable
zhao-vaccine-5d3905faafb72e53,0,0,0,0,0,0,0,0,0,0,0,unknown_official_row_manifest_unavailable
zhao-vaccine-ea6d50d1b1de9fd2,0,0,0,0,0,0,0,0,0,0,0,unknown_official_row_manifest_unavailable
zhao-vaccine-1e3b690b4259c6bf,0,0,0,0,0,0,0,0,0,0,0,unknown_official_row_manifest_unavailable
zhao-vaccine-23eaf44ccb8cdb3e,0,0,0,0,0,0,0,0,0,0,0,unknown_official_row_manifest_unavailable
zhao-vaccine-58ec51281e3f45bc,0,0,0,0,0,0,0,0,0,0,0,unknown_official_row_manifest_unavailable
zhao-vaccine-d84459d062f5308c,0,0,0,0,0,0,0,0,0,0,0,unknown_official_row_manifest_unavailable
zhao-vaccine-4a803735b7e2e91b,0,0,0,0,0,0,0,0,0,0,0,unknown_official_row_manifest_unavailable
zhao-vaccine-d7741495ca0a47c4,0,0,0,0,0,0,0,0,0,0,0,unknown_official_row_manifest_unavailable
zhao-vaccine-acabdb04a03520ef,0,0,0,0,0,0,0,0,0,0,0,unknown_official_row_manifest_unavailable
zhao-vaccine-67558adaa52c27b5,0,0,0,0,0,0,0,0,0,0,0,unknown_official_row_manifest_unavailable
zhao-vaccine-8258688d0ed6bf63,0,0,0,0,0,0,0,0,0,0,0,unknown_official_row_manifest_unavailable
zhao-vaccine-c5e47ff83f2303a2,0,0,0,0,0,0,0,0,0,0,0,unknown_official_row_manifest_unavailable
zhao-vaccine-1156acf6e931f52a,0,0,0,0,0,0,0,0,0,0,0,unknown_official_row_manifest_unavailable
zhao-vaccine-c226c4e421abf75f,0,0,0,0,0,0,0,0,0,0,0,unknown_official_row_manifest_unavailable
zhao-vaccine-d9a38d29ef1a121f,0,0,0,0,0,0,0,0,0,0,0,unknown_official_row_manifest_unavailable
zhao-vaccine-0d39d96932a02503,1,0,0,0,0,0,0,0,0,0,0,unknown_official_row_manifest_unavailable
zhao-vaccine-f27df856a4f854dc,0,0,0,0,0,0,0,0,0,0,0,unknown_official_row_manifest_unavailable
zhao-vaccine-1de18c9067041a38,0,0,0,0,0,0,0,0,0,0,0,unknown_official_row_manifest_unavailable
zhao-vaccine-5bf5127cbae8097b,0,0,0,0,0,0,0,0,0,0,0,unknown_official_row_manifest_unavailable
zhao-vaccine-f04ac6b512432b83,0,0,0,0,0,0,0,0,0,0,0,unknown_official_row_manifest_unavailable
zhao-vaccine-2d5bc81066cb27d4,0,0,0,0,0,0,0,0,0,0,0,unknown_official_row_manifest_unavailable
zhao-vaccine-d54a3c817ef7f91a,1,0,0,0,0,0,0,0,0,0,0,unknown_official_row_manifest_unavailable
zhao-vaccine-af1ae015379e0d4c,0,0,0,0,0,0,0,0,0,0,0,unknown_official_row_manifest_unavailable
zhao-vaccine-5c4e1393fcceb6cc,0,0,0,0,0,0,0,0,0,0,0,unknown_official_row_manifest_unavailable
zhao-vaccine-2c02aa2259b38cf7,0,0,0,0,0,0,0,0,0,0,0,unknown_official_row_manifest_unavailable
zhao-vaccine-90f9b84f47894dac,0,0,0,0,0,0,0,0,0,0,0,unknown_official_row_manifest_unavailable
zhao-vaccine-ab9a566bfd9e22f5,1,0,0,0,0,0,0,0,0,0,0,unknown_official_row_manifest_unavailable
zhao-vaccine-d9320bb718c273a5,0,0,0,0,0,0,0,0,0,0,0,unknown_official_row_manifest_unavailable
zhao-vaccine-e869ced7f0f72d4c,1,0,0,0,0,0,0,0,0,0,0,unknown_official_row_manifest_unavailable
zhao-vaccine-dddf213bd7d4e6a7,0,0,0,0,0,0,0,0,0,0,0,unknown_official_row_manifest_unavailable
zhao-vaccine-14d05f3a9c4040d4,0,0,0,0,0,0,0,0,0,0,0,unknown_official_row_manifest_unavailable
zhao-vaccine-9d4621b374c0f21f,0,0,0,0,0,0,0,0,0,0,0,unknown_official_row_manifest_unavailable
zhao-vaccine-b84e6ed1d53c9c56,0,0,0,0,0,0,0,0,0,0,0,unknown_official_row_manifest_unavailable
zhao-vaccine-1747d4da366e49c6,0,0,0,0,0,0,0,0,0,0,0,unknown_official_row_manifest_unavailable
zhao-vaccine-69f62b48be1b9947,0,0,0,0,0,0,0,0,0,0,0,unknown_official_row_manifest_unavailable
zhao-vaccine-70b013abf6dfe8cb,0,0,0,0,0,0,0,0,0,0,0,unknown_official_row_manifest_unavailable
zhao-vaccine-beeb78dcb3ce1bd6,0,0,0,0,0,0,0,0,0,0,0,unknown_official_row_manifest_unavailable
zhao-vaccine-d334b09365885e61,0,0,0,0,0,0,0,0,0,0,0,unknown_official_row_manifest_unavailable
zhao-vaccine-e321724542ff486e,0,0,0,0,0,0,0,0,0,0,0,unknown_official_row_manifest_unavailable
zhao-vaccine-ce7bb3b1d8d91074,0,0,0,0,0,0,0,0,0,0,0,unknown_official_row_manifest_unavailable
zhao-vaccine-7c9cd3f31ce9f18a,0,0,0,0,0,0,0,0,0,0,0,unknown_official_row_manifest_unavailable
zhao-vaccine-d8b3cb9f783ea9a4,0,0,0,0,0,0,0,0,0,0,0,unknown_official_row_manifest_unavailable
zhao-vaccine-a874ce1e2754a8d5,0,0,0,0,0,0,0,0,0,0,0,unknown_official_row_manifest_unavailable
zhao-vaccine-75d5de385669e3bc,0,0,0,0,0,0,0,0,0,0,0,unknown_official_row_manifest_unavailable
zhao-vaccine-0c875e7bc235bb96,0,0,0,0,0,0,0,0,0,0,0,unknown_official_row_manifest_unavailable
zhao-vaccine-e18369fa05ea709c,0,0,0,0,0,0,0,0,0,0,0,unknown_official_row_manifest_unavailable
zhao-vaccine-3a7020641c49a4b0,0,0,0,0,0,0,0,0,0,0,0,unknown_official_row_manifest_unavailable
zhao-vaccine-f1ae7c881294ac52,0,0,0,0,0,0,0,0,0,0,0,unknown_official_row_manifest_unavailable
zhao-vaccine-29a1785dacf85576,0,0,0,0,0,0,0,0,0,0,0,unknown_official_row_manifest_unavailable
zhao-vaccine-5cbd31005d3bcff5,0,0,0,0,0,0,0,0,0,0,0,unknown_official_row_manifest_unavailable
zhao-vaccine-11ba54e0b96687a1,0,0,0,0,0,0,0,0,0,0,0,unknown_official_row_manifest_unavailable
zhao-vaccine-f441a9b109397bee,0,0,0,0,0,0,0,0,0,0,0,unknown_official_row_manifest_unavailable
zhao-vaccine-db1e2cbd88910c6f,0,0,0,0,0,0,0,0,0,0,0,unknown_official_row_manifest_unavailable
zhao-vaccine-3b22f7af42025ab1,0,0,0,0,0,0,0,0,0,0,0,unknown_official_row_manifest_unavailable
zhao-vaccine-00ff16e25073019b,0,0,0,0,0,0,0,0,0,0,0,unknown_official_row_manifest_unavailable
zhao-vaccine-4f105e0d47e30f78,0,0,0,0,0,0,0,0,0,0,0,unknown_official_row_manifest_unavailable
zhao-vaccine-09bbcb8a8cac6970,0,0,0,0,0,0,0,0,0,0,0,unknown_official_row_manifest_unavailable
zhao-vaccine-f4e70bd617a1ab13,0,0,0,0,0,0,0,0,0,0,0,unknown_official_row_manifest_unavailable
zhao-vaccine-f23e51c40f064c5d,0,0,0,0,0,0,0,0,0,0,0,unknown_official_row_manifest_unavailable
zhao-vaccine-e2d933ef6fc6330c,0,0,0,0,0,0,0,0,0,0,0,unknown_official_row_manifest_unavailable
zhao-vaccine-a6d7efa078e4403a,0,0,0,0,0,0,0,0,0,0,0,unknown_official_row_manifest_unavailable
zhao-vaccine-ed02672548c2c6e9,0,0,0,0,0,0,0,0,0,0,0,unknown_official_row_manifest_unavailable
zhao-vaccine-584580aa40b32fb0,0,0,0,0,0,0,0,0,0,0,0,unknown_official_row_manifest_unavailable
zhao-vaccine-7713216b739e01fb,0,0,0,0,0,0,0,0,0,0,0,unknown_official_row_manifest_unavailable
zhao-vaccine-37150d21cb59561e,0,0,0,0,0,0,0,0,0,0,0,unknown_official_row_manifest_unavailable
zhao-vaccine-8865368c74775ec5,0,0,0,0,0,0,0,0,0,0,0,unknown_official_row_manifest_unavailable
zhao-vaccine-0f899e5797566725,0,0,0,0,0,0,0,0,0,0,0,unknown_official_row_manifest_unavailable
zhao-vaccine-52fff727b9b7b4e2,0,0,0,0,0,0,0,0,0,0,0,unknown_official_row_manifest_unavailable
zhao-vaccine-edaf4e83f46c187e,0,0,0,0,0,0,0,0,0,0,0,unknown_official_row_manifest_unavailable
zhao-vaccine-edef5e1d5a58e9e1,0,0,0,0,0,0,0,0,0,0,0,unknown_official_row_manifest_unavailable
zhao-vaccine-48533e9a40327f8f,0,0,0,0,0,0,0,0,0,0,0,unknown_official_row_manifest_unavailable
zhao-vaccine-1225cede0d420f0a,0,0,0,0,0,0,0,0,0,0,0,unknown_official_row_manifest_unavailable
zhao-vaccine-6510e76c70f1f951,0,0,0,0,0,0,0,0,0,0,0,unknown_official_row_manifest_unavailable
zhao-vaccine-eccddbe101d23034,0,0,0,0,0,0,0,0,0,0,0,unknown_official_row_manifest_unavailable
zhao-vaccine-cee042b9a88d7012,0,0,0,0,0,0,0,0,0,0,0,unknown_official_row_manifest_unavailable
zhao-vaccine-881f4582c98f353c,0,0,0,0,0,0,0,0,0,0,0,unknown_official_row_manifest_unavailable
zhao-vaccine-3fb480f105298172,0,0,0,0,0,0,0,0,0,0,0,unknown_official_row_manifest_unavailable
zhao-vaccine-cc75b72e942baa44,0,0,0,0,0,0,0,0,0,0,0,unknown_official_row_manifest_unavailable
zhao-vaccine-f477a52b434974ac,0,0,0,0,0,0,0,0,0,0,0,unknown_official_row_manifest_unavailable
zhao-vaccine-0d4ac2a843d56400,0,0,0,0,0,0,0,0,0,0,0,unknown_official_row_manifest_unavailable
zhao-vaccine-9c13590bea498179,0,0,0,0,0,0,0,0,0,0,0,unknown_official_row_manifest_unavailable
zhao-vaccine-072a700de284fe72,0,0,0,0,0,0,0,0,0,0,0,unknown_official_row_manifest_unavailable
zhao-vaccine-a2dcf44fa3d2f757,0,0,0,0,0,0,0,0,0,0,0,unknown_official_row_manifest_unavailable
zhao-vaccine-e65463d2a7a97dc5,0,0,0,0,0,0,0,0,0,0,0,unknown_official_row_manifest_unavailable
zhao-vaccine-4650c5767516b0b6,0,0,0,0,0,0,0,0,0,0,0,unknown_official_row_manifest_unavailable
zhao-vaccine-7df8b7a96621bbdb,0,0,0,0,0,0,0,0,0,0,0,unknown_official_row_manifest_unavailable
zhao-vaccine-8df2fe8b5fcd796a,0,0,0,0,0,0,0,0,0,0,0,unknown_official_row_manifest_unavailable
zhao-vaccine-2b2980afd052a1b5,0,0,0,0,0,0,0,0,0,0,0,unknown_official_row_manifest_unavailable
zhao-vaccine-a45b6e7fa969b248,0,0,0,0,0,0,0,0,0,0,0,unknown_official_row_manifest_unavailable
zhao-vaccine-e327e6b3bfed204f,0,0,0,0,0,0,0,0,0,0,0,unknown_official_row_manifest_unavailable
zhao-vaccine-5128432b204cfd4e,0,0,0,0,0,0,0,0,0,0,0,unknown_official_row_manifest_unavailable
zhao-vaccine-d7dd66fd394437a0,0,0,0,0,0,0,0,0,0,0,0,unknown_official_row_manifest_unavailable
zhao-vaccine-44fd213985f71f6c,0,0,0,0,0,0,0,0,0,0,0,unknown_official_row_manifest_unavailable
zhao-vaccine-499666ed8d657795,0,0,0,0,0,0,0,0,0,0,0,unknown_official_row_manifest_unavailable
zhao-vaccine-9d9ba5caea4fd60c,0,0,0,0,0,0,0,0,0,0,0,unknown_official_row_manifest_unavailable
zhao-vaccine-896f258e6a8bc219,0,0,0,0,0,0,0,0,0,0,0,unknown_official_row_manifest_unavailable
zhao-vaccine-bce5ab8297ffee2e,0,0,0,0,0,0,0,0,0,0,0,unknown_official_row_manifest_unavailable
zhao-vaccine-28f2b4b018fc889c,0,0,0,0,0,0,0,0,0,0,0,unknown_official_row_manifest_unavailable
zhao-vaccine-0d435af2cc1c0837,0,0,0,0,0,0,0,0,0,0,0,unknown_official_row_manifest_unavailable
zhao-vaccine-23b2964a86bec6f7,0,0,0,0,0,0,0,0,0,0,0,unknown_official_row_manifest_unavailable
zhao-vaccine-60060e39e49769a1,0,0,0,0,0,0,0,0,0,0,0,unknown_official_row_manifest_unavailable
zhao-vaccine-0d8578a424909227,0,0,0,0,0,0,0,0,0,0,0,unknown_official_row_manifest_unavailable
zhao-vaccine-94b3e3445fb06039,0,0,0,0,0,0,0,0,0,0,1,unknown_official_row_manifest_unavailable
zhao-vaccine-4c18b6ddad0a8dbf,0,0,0,0,0,0,0,0,0,0,0,unknown_official_row_manifest_unavailable
zhao-vaccine-c6a100959123a7ed,0,0,0,0,0,0,0,0,0,0,0,unknown_official_row_manifest_unavailable
zhao-vaccine-618b58eaa5cd53b8,0,0,0,0,0,0,0,0,0,0,0,unknown_official_row_manifest_unavailable
zhao-vaccine-3e5db6fc81d2d533,0,0,0,0,0,0,0,0,0,0,0,unknown_official_row_manifest_unavailable
zhao-vaccine-fd51fc61ca07288d,0,0,0,0,0,0,0,0,0,0,0,unknown_official_row_manifest_unavailable
zhao-vaccine-bf5a71d5d2b227d9,0,0,0,0,0,0,0,0,0,0,0,unknown_official_row_manifest_unavailable
zhao-vaccine-0f240ad0137eb3f3,0,0,0,0,0,0,0,0,0,0,0,unknown_official_row_manifest_unavailable
zhao-vaccine-cfe3664f792212d3,1,0,0,0,0,0,0,0,0,0,0,unknown_official_row_manifest_unavailable
zhao-vaccine-16db6e7f6bbac813,1,0,0,0,0,0,0,0,0,0,0,unknown_official_row_manifest_unavailable
zhao-vaccine-e20d6e4e58b77110,1,0,0,0,0,0,0,0,0,0,0,unknown_official_row_manifest_unavailable
zhao-vaccine-def347ffae70b03d,0,0,0,0,0,0,0,0,0,0,0,unknown_official_row_manifest_unavailable
zhao-vaccine-8b658589a82e87b0,0,0,0,0,0,0,0,0,0,0,0,unknown_official_row_manifest_unavailable
zhao-vaccine-e2fb505f56286e67,0,0,0,0,0,0,0,0,0,0,0,unknown_official_row_manifest_unavailable
zhao-vaccine-9118c66e983589f8,0,0,0,0,0,0,0,0,0,0,0,unknown_official_row_manifest_unavailable
zhao-vaccine-1d02e09803958091,0,0,0,0,0,0,0,0,0,0,0,unknown_official_row_manifest_unavailable
zhao-vaccine-510b74e07ea8db2b,0,0,0,0,0,0,0,0,0,0,0,unknown_official_row_manifest_unavailable
zhao-vaccine-c8346c8646d4e728,0,0,0,0,0,0,0,0,0,0,0,unknown_official_row_manifest_unavailable
zhao-vaccine-0c2cf1608b20c5a4,0,0,0,0,0,0,0,0,0,0,0,unknown_official_row_manifest_unavailable
zhao-vaccine-8626e24ab1d31ea8,1,0,0,0,0,0,0,0,0,0,0,unknown_official_row_manifest_unavailable
zhao-vaccine-a28616596073e629,1,0,0,0,0,0,0,0,0,0,0,unknown_official_row_manifest_unavailable
zhao-vaccine-7257286bd367c408,1,0,0,0,0,0,0,0,0,0,0,unknown_official_row_manifest_unavailable
zhao-vaccine-c5b77a6ed25596e0,1,0,0,0,0,0,0,0,0,0,0,unknown_official_row_manifest_unavailable
zhao-vaccine-fd194026788064ed,1,1,1,0,1,1,0,0,0,0,0,unknown_official_row_manifest_unavailable
zhao-vaccine-18a4c5aa2273d155,0,0,0,0,0,0,0,0,0,0,0,unknown_official_row_manifest_unavailable
zhao-vaccine-ef8468c36f804179,0,0,0,0,0,0,0,0,0,0,0,unknown_official_row_manifest_unavailable
zhao-vaccine-92b7acc5c70af21c,0,0,0,0,0,0,0,0,0,0,0,unknown_official_row_manifest_unavailable
zhao-vaccine-f4ce4ccfed2d2f41,0,0,0,0,0,0,0,0,0,0,0,unknown_official_row_manifest_unavailable
zhao-vaccine-349b472eb2f1778d,0,0,0,0,0,0,0,0,0,0,0,unknown_official_row_manifest_unavailable
zhao-vaccine-ffbbba5d0dfacd11,0,0,0,0,0,0,0,0,0,0,0,unknown_official_row_manifest_unavailable
zhao-vaccine-3e4ca4df78b5be4d,0,0,0,0,0,0,0,0,0,0,0,unknown_official_row_manifest_unavailable
zhao-vaccine-547c0c584e98eca8,0,0,0,0,0,0,0,0,0,0,0,unknown_official_row_manifest_unavailable
zhao-vaccine-4f8b483a89e3a1fd,0,0,0,0,0,0,0,0,0,0,0,unknown_official_row_manifest_unavailable
zhao-vaccine-8a3e73d8c82ac463,0,0,0,0,0,0,0,0,0,0,0,unknown_official_row_manifest_unavailable
zhao-vaccine-5fc34613283706ed,0,0,0,0,0,0,0,0,0,0,0,unknown_official_row_manifest_unavailable
zhao-vaccine-b2a13355f88ffd42,0,0,0,0,0,0,0,0,0,0,0,unknown_official_row_manifest_unavailable
zhao-vaccine-c5df1e0bc55ec669,0,0,0,0,0,0,0,0,0,0,0,unknown_official_row_manifest_unavailable
zhao-vaccine-70fbe6867e415f45,0,0,0,0,0,0,0,0,0,0,0,unknown_official_row_manifest_unavailable
zhao-vaccine-8b81bd6a089c6050,0,0,0,0,0,0,0,0,0,0,0,unknown_official_row_manifest_unavailable
zhao-vaccine-f8a5057eb6aa17bc,0,0,0,0,0,0,0,0,0,0,0,unknown_official_row_manifest_unavailable
zhao-vaccine-bd917fc342cc44fb,0,0,0,0,0,0,0,0,0,0,0,unknown_official_row_manifest_unavailable
zhao-vaccine-0a64926287f05fd8,0,0,0,0,0,0,0,0,0,0,0,unknown_official_row_manifest_unavailable
zhao-vaccine-e1f6ba4ad13e507c,0,0,0,0,0,0,0,0,0,0,0,unknown_official_row_manifest_unavailable
zhao-vaccine-b88a77172820f677,0,0,0,0,0,0,0,0,0,0,0,unknown_official_row_manifest_unavailable
zhao-vaccine-e38b136ca466e13c,0,0,0,0,0,0,0,0,0,0,0,unknown_official_row_manifest_unavailable
zhao-vaccine-c43663a252b8980b,0,0,0,0,0,0,0,0,0,0,0,unknown_official_row_manifest_unavailable
zhao-vaccine-111c67c6c484cfa3,1,0,0,0,0,0,0,0,0,0,0,unknown_official_row_manifest_unavailable
zhao-vaccine-b0a8f16b7f842d03,0,0,0,0,0,0,0,0,0,0,0,unknown_official_row_manifest_unavailable
zhao-vaccine-c5890df81b18720d,0,0,0,0,0,0,0,0,0,0,0,unknown_official_row_manifest_unavailable
zhao-vaccine-46872701a0a2a47a,0,0,0,0,0,0,0,0,0,0,0,unknown_official_row_manifest_unavailable
zhao-vaccine-583e12cb7d411808,0,0,0,0,0,0,0,0,0,0,0,unknown_official_row_manifest_unavailable
zhao-vaccine-d30e8c087eda6c20,0,0,0,0,0,0,0,0,0,0,0,unknown_official_row_manifest_unavailable
zhao-vaccine-3c85f3d9d4e93734,0,0,0,0,0,0,0,0,0,0,0,unknown_official_row_manifest_unavailable
zhao-vaccine-a57c584437f79f43,0,0,0,0,0,0,0,0,0,0,0,unknown_official_row_manifest_unavailable
zhao-vaccine-eddc36ad99328b45,0,0,0,0,0,0,0,0,0,0,0,unknown_official_row_manifest_unavailable
zhao-vaccine-631a83cd1ff9f6d5,0,0,0,0,0,0,0,0,0,0,0,unknown_official_row_manifest_unavailable
zhao-vaccine-c5a32306c9253edb,0,0,0,0,0,0,0,0,0,0,0,unknown_official_row_manifest_unavailable
zhao-vaccine-77dec992827058b9,0,0,0,0,0,0,0,0,0,0,0,unknown_official_row_manifest_unavailable
zhao-vaccine-2de8930c8b86e724,0,0,0,0,0,0,0,0,0,0,0,unknown_official_row_manifest_unavailable
zhao-vaccine-33f38bb85cbf6299,0,0,0,0,0,0,0,0,0,0,0,unknown_official_row_manifest_unavailable
zhao-vaccine-c19c9dc853050c21,0,0,0,0,0,0,0,0,0,0,0,unknown_official_row_manifest_unavailable
zhao-vaccine-b88998db5fd93482,0,0,0,0,0,0,0,0,0,0,0,unknown_official_row_manifest_unavailable
zhao-vaccine-13aa67078c319951,0,0,0,0,0,0,0,0,0,0,0,unknown_official_row_manifest_unavailable
zhao-vaccine-d90878efe5822086,0,0,0,0,0,0,0,0,0,0,0,unknown_official_row_manifest_unavailable
zhao-vaccine-06e9606c97b68cef,0,0,0,0,0,0,0,0,0,0,0,unknown_official_row_manifest_unavailable
zhao-vaccine-26bc11c522c8c8d0,0,0,0,0,0,0,0,0,0,0,0,unknown_official_row_manifest_unavailable
zhao-vaccine-86fefe15c0e2cfde,0,0,0,0,0,0,0,0,0,0,0,unknown_official_row_manifest_unavailable
zhao-vaccine-a8b12c894c15cf31,0,0,0,0,0,0,0,0,0,0,0,unknown_official_row_manifest_unavailable
zhao-vaccine-2e21c6847cb378a3,0,0,0,0,0,0,0,0,0,0,0,unknown_official_row_manifest_unavailable
zhao-vaccine-e4c48b2c632925e2,0,0,0,0,0,0,0,0,0,0,0,unknown_official_row_manifest_unavailable
zhao-vaccine-009799247df05f44,0,0,0,0,0,0,0,0,0,0,0,unknown_official_row_manifest_unavailable
zhao-vaccine-63b0db62185f6407,0,0,0,0,0,0,0,0,0,0,0,unknown_official_row_manifest_unavailable
zhao-vaccine-5d0b2d2cf7d9ac10,0,0,0,0,0,0,0,0,0,0,0,unknown_official_row_manifest_unavailable
zhao-vaccine-32030c8bab304bee,0,0,0,0,0,0,0,0,0,0,0,unknown_official_row_manifest_unavailable
zhao-vaccine-768f9aaae34ebf80,0,0,0,0,0,0,0,0,0,0,0,unknown_official_row_manifest_unavailable
zhao-vaccine-ae857bf742b38673,0,0,0,0,0,0,0,0,0,0,0,unknown_official_row_manifest_unavailable
zhao-vaccine-b199c65d7b41c4d7,0,0,0,0,0,0,0,0,0,0,0,unknown_official_row_manifest_unavailable
zhao-vaccine-c2b522ddd373a51f,0,0,0,0,0,0,0,0,0,0,0,unknown_official_row_manifest_unavailable
zhao-vaccine-6ce285bdd2bed768,0,0,0,0,0,0,0,0,0,0,0,unknown_official_row_manifest_unavailable
zhao-vaccine-2679a4950165023a,0,0,0,0,0,0,0,0,0,0,0,unknown_official_row_manifest_unavailable
zhao-vaccine-ae1e7c2da06f200b,1,0,0,0,0,0,0,0,0,0,0,unknown_official_row_manifest_unavailable
zhao-vaccine-359086787e9de044,1,0,0,0,0,0,0,0,0,0,0,unknown_official_row_manifest_unavailable
zhao-vaccine-460fc9afc8100272,1,0,0,0,0,0,0,0,0,0,0,unknown_official_row_manifest_unavailable
zhao-vaccine-80d78ec35a6f6fa2,0,0,0,0,0,0,0,0,0,0,0,unknown_official_row_manifest_unavailable
zhao-vaccine-3ab10b4aef3633f5,0,0,0,0,0,0,0,0,0,0,0,unknown_official_row_manifest_unavailable
zhao-vaccine-6c6d92733efd0218,0,0,0,0,0,0,0,0,0,0,0,unknown_official_row_manifest_unavailable
zhao-vaccine-b63797a2afa2195c,0,0,0,0,0,0,0,0,0,0,0,unknown_official_row_manifest_unavailable
zhao-vaccine-504a034d570b45b1,1,0,0,0,0,0,0,0,0,0,0,unknown_official_row_manifest_unavailable
zhao-vaccine-fd71c5862d712b79,1,0,0,0,0,0,0,0,0,0,0,unknown_official_row_manifest_unavailable
zhao-vaccine-fc61c288d6f86c66,0,0,0,0,0,0,0,0,0,0,0,unknown_official_row_manifest_unavailable
zhao-vaccine-295f0d9324f50020,0,0,0,0,0,0,0,0,0,0,0,unknown_official_row_manifest_unavailable
zhao-vaccine-686b28e817cecc11,0,0,0,0,0,0,0,0,0,0,0,unknown_official_row_manifest_unavailable
zhao-vaccine-b1df13609440b3d9,0,0,0,0,0,0,0,0,0,0,0,unknown_official_row_manifest_unavailable
zhao-vaccine-02506f33b4d01f46,0,0,0,0,0,0,0,0,0,0,0,unknown_official_row_manifest_unavailable
zhao-vaccine-b4f0e1014f65889d,0,0,0,0,0,0,0,0,0,0,0,unknown_official_row_manifest_unavailable
zhao-vaccine-dfadd40888765663,0,0,0,0,0,0,0,0,0,0,0,unknown_official_row_manifest_unavailable
zhao-vaccine-9dea16bef4516084,0,0,0,0,0,0,0,0,0,0,0,unknown_official_row_manifest_unavailable
zhao-vaccine-22dbe62f90569d8f,0,0,0,0,0,0,0,0,0,0,0,unknown_official_row_manifest_unavailable
zhao-vaccine-eeb6181ce975a175,0,0,0,0,0,0,0,0,0,0,0,unknown_official_row_manifest_unavailable
zhao-vaccine-281f997ddf02cd3e,0,0,0,0,0,0,0,0,0,0,0,unknown_official_row_manifest_unavailable
zhao-vaccine-8376165a117d2e89,0,0,0,0,0,0,0,0,0,0,0,unknown_official_row_manifest_unavailable
zhao-vaccine-a2cc24f8f15d5c0e,0,0,0,0,0,0,0,0,0,0,0,unknown_official_row_manifest_unavailable
zhao-vaccine-2e7a450e7bee9223,0,0,0,0,0,0,0,0,0,0,0,unknown_official_row_manifest_unavailable
zhao-vaccine-d74c0b8e3080c05b,0,0,0,0,0,0,0,0,0,0,0,unknown_official_row_manifest_unavailable
zhao-vaccine-eb270bce78e71c74,0,0,0,0,0,0,0,0,0,0,0,unknown_official_row_manifest_unavailable
zhao-vaccine-225aa2d95d125a96,0,0,0,0,0,0,0,0,0,0,0,unknown_official_row_manifest_unavailable
zhao-vaccine-8baa0907a3a2f844,0,0,0,0,0,0,0,0,0,0,0,unknown_official_row_manifest_unavailable
zhao-vaccine-577133aec8888fe9,0,0,0,0,0,0,0,0,0,0,0,unknown_official_row_manifest_unavailable
zhao-vaccine-c6d3aaf3d53a483b,0,0,0,0,0,0,0,0,0,0,0,unknown_official_row_manifest_unavailable
zhao-vaccine-b3af603d01f38c0f,0,0,0,0,0,0,0,0,0,0,0,unknown_official_row_manifest_unavailable
zhao-vaccine-8dc781b40d72b54a,0,0,0,0,0,0,0,0,0,0,0,unknown_official_row_manifest_unavailable
zhao-vaccine-99e7adc837f46994,0,0,0,0,0,0,0,0,0,0,0,unknown_official_row_manifest_unavailable
zhao-vaccine-98ab333879313a70,0,0,0,0,0,0,0,0,0,0,0,unknown_official_row_manifest_unavailable
zhao-vaccine-5b288c299a93e20d,0,0,0,0,0,0,0,0,0,0,0,unknown_official_row_manifest_unavailable
zhao-vaccine-b8a96fa8b84c511e,0,0,0,0,0,0,0,0,0,0,0,unknown_official_row_manifest_unavailable
zhao-vaccine-33e21b6612697d4b,0,0,0,0,0,0,0,0,0,0,0,unknown_official_row_manifest_unavailable
zhao-vaccine-07cb9dad5d70b7c1,0,0,0,0,0,0,0,0,0,0,0,unknown_official_row_manifest_unavailable
zhao-vaccine-b9b3487643166b15,0,0,0,0,0,0,0,0,0,0,0,unknown_official_row_manifest_unavailable
zhao-vaccine-a33ff8b144afbab0,0,0,0,0,0,0,0,0,0,0,0,unknown_official_row_manifest_unavailable
zhao-vaccine-f07475c3a311b607,0,0,0,0,0,0,0,0,0,0,0,unknown_official_row_manifest_unavailable
zhao-vaccine-9ba1226317d01e09,1,0,0,0,0,0,0,0,0,0,0,unknown_official_row_manifest_unavailable
zhao-vaccine-16b9dd30277c58dc,0,0,0,0,0,0,0,0,0,0,0,unknown_official_row_manifest_unavailable
zhao-vaccine-906423e7a9f1ae78,0,0,0,0,0,0,0,0,0,0,0,unknown_official_row_manifest_unavailable
zhao-vaccine-78750f579ebfdcb6,0,0,0,0,0,0,0,0,0,0,0,unknown_official_row_manifest_unavailable
zhao-vaccine-5a21509d0043ae1a,0,0,0,0,0,0,0,0,0,0,0,unknown_official_row_manifest_unavailable
zhao-vaccine-dd14f496e3a86934,1,0,0,0,0,0,0,0,0,0,0,unknown_official_row_manifest_unavailable
zhao-vaccine-86b75250c03ea53b,0,0,0,0,0,0,0,0,0,0,0,unknown_official_row_manifest_unavailable
zhao-vaccine-31960489b4013665,1,0,0,0,0,0,0,0,0,0,0,unknown_official_row_manifest_unavailable
zhao-vaccine-5617a0e59f3d4078,0,0,0,0,0,0,0,0,0,0,0,unknown_official_row_manifest_unavailable
zhao-vaccine-9f593e06abbb0eea,0,0,0,0,0,0,0,0,0,0,0,unknown_official_row_manifest_unavailable
zhao-vaccine-ad6ce35b38ffd4d0,0,0,0,0,0,0,0,0,0,0,0,unknown_official_row_manifest_unavailable
zhao-vaccine-ac986c31390bf292,0,0,0,0,0,0,0,0,0,0,0,unknown_official_row_manifest_unavailable
zhao-vaccine-41630836cbcd5a59,0,0,0,0,0,0,0,0,0,0,0,unknown_official_row_manifest_unavailable
zhao-vaccine-5ecbc5a9281e34ec,0,0,0,0,0,0,0,0,0,0,0,unknown_official_row_manifest_unavailable
zhao-vaccine-32f518f69932d13b,0,0,0,0,0,0,0,0,0,0,0,unknown_official_row_manifest_unavailable
zhao-vaccine-e19a796ace7fa068,0,0,0,0,0,0,0,0,0,0,0,unknown_official_row_manifest_unavailable
zhao-vaccine-ca3f0cd38f68c5b0,0,0,0,0,0,0,0,0,0,0,0,unknown_official_row_manifest_unavailable
zhao-vaccine-816928834ca6880b,0,0,0,0,0,0,0,0,0,0,0,unknown_official_row_manifest_unavailable
zhao-vaccine-e23a1689111af98c,0,0,0,0,0,0,0,0,0,0,0,unknown_official_row_manifest_unavailable
zhao-vaccine-a10343782c35dec6,0,0,0,0,0,0,0,0,0,0,0,unknown_official_row_manifest_unavailable
zhao-vaccine-0f526c174cccf9f2,0,0,0,0,0,0,0,0,0,0,0,unknown_official_row_manifest_unavailable
zhao-vaccine-8529a0644b96257c,0,0,0,0,0,0,0,0,0,0,0,unknown_official_row_manifest_unavailable
zhao-vaccine-266b958b64b41efd,0,0,0,0,0,0,0,0,0,0,0,unknown_official_row_manifest_unavailable
zhao-vaccine-80ceb6a6a1bb0a4d,0,0,0,0,0,0,0,0,0,0,0,unknown_official_row_manifest_unavailable
zhao-vaccine-0e97573007c0a37d,0,0,0,0,0,0,0,0,0,0,0,unknown_official_row_manifest_unavailable
zhao-vaccine-edacf82dc2fb757b,0,0,0,0,0,0,0,0,0,0,0,unknown_official_row_manifest_unavailable
zhao-vaccine-dc8af8563931870d,0,0,0,0,0,0,0,0,0,0,0,unknown_official_row_manifest_unavailable
zhao-vaccine-e6274305d4e8b4d7,0,0,0,0,0,0,0,0,0,0,0,unknown_official_row_manifest_unavailable
zhao-vaccine-673abe4fab2a3ecd,0,0,0,0,0,0,0,0,0,0,0,unknown_official_row_manifest_unavailable
zhao-vaccine-e015e8872e5b1927,0,0,0,0,0,0,0,0,0,0,0,unknown_official_row_manifest_unavailable
zhao-vaccine-bfd3875d2df7819d,0,0,0,0,0,0,0,0,0,0,0,unknown_official_row_manifest_unavailable
zhao-vaccine-80c11e1b76ad3aa2,0,0,0,0,0,0,0,0,0,0,0,unknown_official_row_manifest_unavailable
zhao-vaccine-2695e0a739a0a4b5,0,0,0,0,0,0,0,0,0,0,0,unknown_official_row_manifest_unavailable
zhao-vaccine-a24ecb95b1f37836,0,0,0,0,0,0,0,0,0,0,0,unknown_official_row_manifest_unavailable
zhao-vaccine-28ae2adfd5cd6feb,0,0,0,0,0,0,0,0,0,0,0,unknown_official_row_manifest_unavailable
zhao-vaccine-577097b0397b9b93,0,0,0,0,0,0,0,0,0,0,0,unknown_official_row_manifest_unavailable
zhao-vaccine-77de561d5e363f4b,0,0,0,0,0,0,0,0,0,0,0,unknown_official_row_manifest_unavailable
zhao-vaccine-16440a5ca88d493a,0,0,0,0,0,0,0,0,0,0,0,unknown_official_row_manifest_unavailable
zhao-vaccine-8d4f9610da079c3f,0,0,0,0,0,0,0,0,0,0,0,unknown_official_row_manifest_unavailable
zhao-vaccine-a9a2a35ffa140114,0,0,0,0,0,0,0,0,0,0,0,unknown_official_row_manifest_unavailable
zhao-vaccine-a9007f601e3b6877,1,0,0,0,0,0,0,0,0,0,0,unknown_official_row_manifest_unavailable
zhao-vaccine-afe51aa60867ba3e,0,0,0,0,0,0,0,0,0,0,0,unknown_official_row_manifest_unavailable
zhao-vaccine-1cb817ed61fe9c0b,0,0,0,0,0,0,0,0,0,0,0,unknown_official_row_manifest_unavailable
zhao-vaccine-cd3a8980b6b79aec,0,0,0,0,0,0,0,0,0,0,0,unknown_official_row_manifest_unavailable
zhao-vaccine-1c9fc499f93446fe,0,0,0,0,0,0,0,0,0,0,0,unknown_official_row_manifest_unavailable
zhao-vaccine-a0413338ef5f7e2a,0,0,0,0,0,0,0,0,0,0,0,unknown_official_row_manifest_unavailable
zhao-vaccine-7c39c1d5aafa633b,0,0,0,0,0,0,0,0,0,0,0,unknown_official_row_manifest_unavailable
zhao-vaccine-fa563625966ac878,0,0,0,0,0,0,0,0,0,0,0,unknown_official_row_manifest_unavailable
zhao-vaccine-84503a1a8d9f8586,0,0,0,0,0,0,0,0,0,0,0,unknown_official_row_manifest_unavailable
zhao-vaccine-d9ba4c2ab9400cce,0,0,0,0,0,0,0,0,0,0,0,unknown_official_row_manifest_unavailable
zhao-vaccine-c4481ad855ed4643,0,0,0,0,0,0,0,0,0,0,0,unknown_official_row_manifest_unavailable
zhao-vaccine-660767dc26787cf8,0,0,0,0,0,0,0,0,0,0,0,unknown_official_row_manifest_unavailable
zhao-vaccine-cd23d6c8eb8a67c3,0,0,0,0,0,0,0,0,0,0,0,unknown_official_row_manifest_unavailable
zhao-vaccine-db3fd43faa1ccff4,0,0,0,0,0,0,0,0,0,0,0,unknown_official_row_manifest_unavailable
zhao-vaccine-38f4469eb5d715ba,0,0,0,0,0,0,0,0,0,0,0,unknown_official_row_manifest_unavailable
zhao-vaccine-5cb528e79fa2ecd1,0,0,0,0,0,0,0,0,0,0,0,unknown_official_row_manifest_unavailable
zhao-vaccine-b86637f59a5fa88b,0,0,0,0,0,0,0,0,0,0,0,unknown_official_row_manifest_unavailable
zhao-vaccine-02ce8dcf0587e6d1,0,0,0,0,0,0,0,0,0,0,0,unknown_official_row_manifest_unavailable
zhao-vaccine-47a27c89ab9210b9,0,0,0,0,0,0,0,0,0,0,0,unknown_official_row_manifest_unavailable
zhao-vaccine-7621b27ceafb9888,0,0,0,0,0,0,0,0,0,0,0,unknown_official_row_manifest_unavailable
zhao-vaccine-418e9702537709ff,0,0,0,0,0,0,0,0,0,0,0,unknown_official_row_manifest_unavailable
zhao-vaccine-60406f0a7c5d89a8,0,0,0,0,0,0,0,0,0,0,0,unknown_official_row_manifest_unavailable
zhao-vaccine-88a20a1633b4ef83,0,0,0,0,0,0,0,0,0,0,0,unknown_official_row_manifest_unavailable
zhao-vaccine-0e95844072a41d4c,0,0,0,0,0,0,0,0,0,0,0,unknown_official_row_manifest_unavailable
zhao-vaccine-a0aeea5eec1aa085,0,0,0,0,0,0,0,0,0,0,0,unknown_official_row_manifest_unavailable
zhao-vaccine-116741093975ed18,0,0,0,0,0,0,0,0,0,0,0,unknown_official_row_manifest_unavailable
zhao-vaccine-7bbeead0b1a4ff1f,0,0,0,0,0,0,0,0,0,0,0,unknown_official_row_manifest_unavailable
zhao-vaccine-e28c03ef65e466e9,0,0,0,0,0,0,0,0,0,0,0,unknown_official_row_manifest_unavailable
zhao-vaccine-435b60d1c4cb8866,0,0,0,0,0,0,0,0,0,0,0,unknown_official_row_manifest_unavailable
zhao-vaccine-6c3b5d7bc0188a24,0,0,0,0,0,0,0,0,0,0,0,unknown_official_row_manifest_unavailable
zhao-vaccine-7d54947d7e8af18f,0,0,0,0,0,0,0,0,0,0,0,unknown_official_row_manifest_unavailable
zhao-vaccine-f42717a6ac30ffd0,0,0,0,0,0,0,0,0,0,0,0,unknown_official_row_manifest_unavailable
zhao-vaccine-e554a5dcb4e74ab3,0,0,0,0,0,0,0,0,0,0,0,unknown_official_row_manifest_unavailable
zhao-vaccine-4d3d8fd29860b025,0,0,0,0,0,0,0,0,0,0,0,unknown_official_row_manifest_unavailable
zhao-vaccine-36996b8e0417e284,0,0,0,0,0,0,0,0,0,0,0,unknown_official_row_manifest_unavailable
zhao-vaccine-c0226371c3867d6f,0,0,0,0,0,0,0,0,0,0,0,unknown_official_row_manifest_unavailable
zhao-vaccine-f041200535f682bf,0,0,0,0,0,0,0,0,0,0,0,unknown_official_row_manifest_unavailable
zhao-vaccine-0ab166c4e29cdecc,0,0,0,0,0,0,0,0,0,0,0,unknown_official_row_manifest_unavailable
zhao-vaccine-f677e1a10a0595d8,0,0,0,0,0,0,0,0,0,0,0,unknown_official_row_manifest_unavailable
zhao-vaccine-3f4a765dece741e6,0,0,0,0,0,0,0,0,0,0,0,unknown_official_row_manifest_unavailable
zhao-vaccine-6868b9864460da9e,0,0,0,0,0,0,0,0,0,0,0,unknown_official_row_manifest_unavailable
zhao-vaccine-5dd36f5ee55e8883,0,0,0,0,0,0,0,0,0,0,0,unknown_official_row_manifest_unavailable
zhao-vaccine-20f4081fe59847fc,0,0,0,0,0,0,0,0,0,0,0,unknown_official_row_manifest_unavailable
zhao-vaccine-088457b3cc574222,0,0,0,0,0,0,0,0,0,0,0,unknown_official_row_manifest_unavailable
zhao-vaccine-14bbceb36aa6c0da,0,0,0,0,0,0,0,0,0,0,0,unknown_official_row_manifest_unavailable
zhao-vaccine-ce1246e2931151a3,0,0,0,0,0,0,0,0,0,0,0,unknown_official_row_manifest_unavailable
zhao-vaccine-45d7a6ceaa64879e,0,0,0,0,0,0,0,0,0,0,0,unknown_official_row_manifest_unavailable
zhao-vaccine-448f0ce01bcf5e67,0,0,0,0,0,0,0,0,0,0,0,unknown_official_row_manifest_unavailable
zhao-vaccine-5acc772f0c218538,0,0,0,0,0,0,0,0,0,0,0,unknown_official_row_manifest_unavailable
zhao-vaccine-8f6368c4e6f355e2,0,0,0,0,0,0,0,0,0,0,0,unknown_official_row_manifest_unavailable
zhao-vaccine-abb34459ed500446,0,0,0,0,0,0,0,0,0,0,0,unknown_official_row_manifest_unavailable
zhao-vaccine-c19f43c028dd06ae,0,0,0,0,0,0,0,0,0,0,0,unknown_official_row_manifest_unavailable
zhao-vaccine-6ee3262e65533d4a,0,0,0,0,0,0,0,0,0,0,0,unknown_official_row_manifest_unavailable
zhao-vaccine-2d202b0a52a43a2e,0,0,0,0,0,0,0,0,0,0,0,unknown_official_row_manifest_unavailable
zhao-vaccine-a5d880e21f044781,1,0,0,0,0,0,0,0,0,0,0,unknown_official_row_manifest_unavailable
zhao-vaccine-73659d102e59d85b,0,0,0,0,0,0,0,0,0,0,0,unknown_official_row_manifest_unavailable
zhao-vaccine-0334a8ae14faaa2d,0,0,0,0,0,0,0,0,0,0,0,unknown_official_row_manifest_unavailable
zhao-vaccine-3eb94e1e08b00c01,0,0,0,0,0,0,0,0,0,0,0,unknown_official_row_manifest_unavailable
zhao-vaccine-e02fcb6eef821af5,0,0,0,0,0,0,0,0,0,0,0,unknown_official_row_manifest_unavailable
zhao-vaccine-aebfeda419195cb0,0,0,0,0,0,0,0,0,0,0,0,unknown_official_row_manifest_unavailable
zhao-vaccine-f145b9ffc8a1f59c,0,0,0,0,0,0,0,0,0,0,0,unknown_official_row_manifest_unavailable
zhao-vaccine-97cf03fe0349d513,0,0,0,0,0,0,0,0,0,0,0,unknown_official_row_manifest_unavailable
zhao-vaccine-6f73d07aa4c67a19,0,0,0,0,0,0,0,0,0,0,0,unknown_official_row_manifest_unavailable
zhao-vaccine-04a9b502010fdbe3,0,0,0,0,0,0,0,0,0,0,0,unknown_official_row_manifest_unavailable
zhao-vaccine-6536a7f840c24ccb,0,0,0,0,0,0,0,0,0,0,0,unknown_official_row_manifest_unavailable
zhao-vaccine-d83b42c7657e0820,0,0,0,0,0,0,0,0,0,0,0,unknown_official_row_manifest_unavailable
zhao-vaccine-012a547be5fb8dbd,0,0,0,0,0,0,0,0,0,0,0,unknown_official_row_manifest_unavailable
zhao-vaccine-6cc08ec7d6bde57a,0,0,0,0,0,0,0,0,0,0,0,unknown_official_row_manifest_unavailable
zhao-vaccine-e16f51b54e3bfb1c,1,0,0,0,0,0,0,0,0,0,0,unknown_official_row_manifest_unavailable
zhao-vaccine-55545bc00f110e01,0,0,0,0,0,0,0,0,0,0,0,unknown_official_row_manifest_unavailable
zhao-vaccine-efece602cd2b93f3,1,0,0,0,0,0,0,0,0,0,0,unknown_official_row_manifest_unavailable
zhao-vaccine-594a0daa800552b6,1,0,0,0,0,0,0,0,0,0,0,unknown_official_row_manifest_unavailable
zhao-vaccine-bae201e4ced1f34b,0,0,0,0,0,0,0,0,0,0,0,unknown_official_row_manifest_unavailable
zhao-vaccine-2ef0909a4500d016,0,0,0,0,0,0,0,0,0,0,0,unknown_official_row_manifest_unavailable
zhao-vaccine-15cbf14c5545cc93,0,0,0,0,0,0,0,0,0,0,0,unknown_official_row_manifest_unavailable
zhao-vaccine-5b773f4e7f9ade0f,0,0,0,0,0,0,0,0,0,0,0,unknown_official_row_manifest_unavailable
zhao-vaccine-42ab827593cacaf0,0,0,0,0,0,0,0,0,0,0,0,unknown_official_row_manifest_unavailable
zhao-vaccine-52ae3f2c28117bac,0,0,0,0,0,0,0,0,0,0,0,unknown_official_row_manifest_unavailable
zhao-vaccine-517cba3caff78694,0,0,0,0,0,0,0,0,0,0,0,unknown_official_row_manifest_unavailable
zhao-vaccine-4c51fc68e2191e97,0,0,0,0,0,0,0,0,0,0,0,unknown_official_row_manifest_unavailable
zhao-vaccine-14056954cee090d8,0,0,0,0,0,0,0,0,0,0,0,unknown_official_row_manifest_unavailable
zhao-vaccine-22b7c72cda5f4f92,0,0,0,0,0,0,0,0,0,0,0,unknown_official_row_manifest_unavailable
zhao-vaccine-2c80beabad2f409a,0,0,0,0,0,0,0,0,0,0,0,unknown_official_row_manifest_unavailable
zhao-vaccine-797aadb964204ef5,0,0,0,0,0,0,0,0,0,0,0,unknown_official_row_manifest_unavailable
zhao-vaccine-b05e679605d00fa0,0,0,0,0,0,0,0,0,0,0,0,unknown_official_row_manifest_unavailable
zhao-vaccine-281ff6eb4951893c,0,0,0,0,0,0,0,0,0,0,0,unknown_official_row_manifest_unavailable
zhao-vaccine-641eeb38a4276a28,0,0,0,0,0,0,0,0,0,0,0,unknown_official_row_manifest_unavailable
zhao-vaccine-51e0501ebb728dd2,0,0,0,0,0,0,0,0,0,0,0,unknown_official_row_manifest_unavailable
zhao-vaccine-3b787be7b79029f5,0,0,0,0,0,0,0,0,0,0,0,unknown_official_row_manifest_unavailable
zhao-vaccine-0fbc219a71b459d7,0,0,0,0,0,0,0,0,0,0,0,unknown_official_row_manifest_unavailable
zhao-vaccine-819717c4a7657372,1,0,0,0,0,0,0,0,0,0,0,unknown_official_row_manifest_unavailable
zhao-vaccine-8479b9a0390ae4db,0,0,0,0,0,0,0,0,0,0,0,unknown_official_row_manifest_unavailable
zhao-vaccine-e7fe3251a7a672d6,0,0,0,0,0,0,0,0,0,0,0,unknown_official_row_manifest_unavailable
zhao-vaccine-2639280ce061272b,0,0,0,0,0,0,0,0,0,0,0,unknown_official_row_manifest_unavailable
zhao-vaccine-fa3761c9e3dfbaf8,0,0,0,0,0,0,0,0,0,0,0,unknown_official_row_manifest_unavailable
zhao-vaccine-5c309b0ee9644e7f,0,0,0,0,0,0,0,0,0,0,0,unknown_official_row_manifest_unavailable
zhao-vaccine-524c708d6b0a6d49,0,0,0,0,0,0,0,0,0,0,0,unknown_official_row_manifest_unavailable
zhao-vaccine-3d88f66111beb214,0,0,0,0,0,0,0,0,0,0,0,unknown_official_row_manifest_unavailable
zhao-vaccine-8907cd4e05dd0f92,0,0,0,0,0,0,0,0,0,0,0,unknown_official_row_manifest_unavailable
zhao-vaccine-f23c0f7c70eff213,0,0,0,0,0,0,0,0,0,0,0,unknown_official_row_manifest_unavailable
zhao-vaccine-7fd9c28c1ab8d41f,0,0,0,0,0,0,0,0,0,0,0,unknown_official_row_manifest_unavailable
zhao-vaccine-4890fc8fedc99646,0,0,0,0,0,0,0,0,0,0,0,unknown_official_row_manifest_unavailable
zhao-vaccine-6f5461a6e864b728,0,0,0,0,0,0,0,0,0,0,0,unknown_official_row_manifest_unavailable
zhao-vaccine-68eb9f2926cc4388,0,0,0,0,0,0,0,0,0,0,0,unknown_official_row_manifest_unavailable
zhao-vaccine-5f8390cd580cd614,0,0,0,0,0,0,0,0,0,0,0,unknown_official_row_manifest_unavailable
zhao-vaccine-a1eb666216cae9fe,0,0,0,0,0,0,0,0,0,0,0,unknown_official_row_manifest_unavailable
zhao-vaccine-b9e08f235d024ff3,0,0,0,0,0,0,0,0,0,0,0,unknown_official_row_manifest_unavailable
zhao-vaccine-5267d3482db35612,0,0,0,0,0,0,0,0,0,0,0,unknown_official_row_manifest_unavailable
zhao-vaccine-b4b4aeec5f1810de,0,0,0,0,0,0,0,0,0,0,0,unknown_official_row_manifest_unavailable
zhao-vaccine-604f17ed6a74d0b8,0,0,0,0,0,0,0,0,0,0,0,unknown_official_row_manifest_unavailable
zhao-vaccine-b4cb37bc42987742,0,0,0,0,0,0,0,0,0,0,0,unknown_official_row_manifest_unavailable
zhao-vaccine-0f8514bb254721a2,0,0,0,0,0,0,0,0,0,0,0,unknown_official_row_manifest_unavailable
zhao-vaccine-d510c0fe27e8e6ae,0,0,0,0,0,0,0,0,0,0,0,unknown_official_row_manifest_unavailable
zhao-vaccine-c52900c3c3a75519,0,0,0,0,0,0,0,0,0,0,0,unknown_official_row_manifest_unavailable
zhao-vaccine-b2eddeff20b2d70c,1,0,0,0,0,0,0,0,0,0,0,unknown_official_row_manifest_unavailable
zhao-vaccine-fba14c530156892d,1,0,0,0,0,0,0,0,0,0,0,unknown_official_row_manifest_unavailable
zhao-vaccine-737ad01679904f1b,1,0,0,0,0,0,0,0,0,0,0,unknown_official_row_manifest_unavailable
zhao-vaccine-988225c2c3d75486,1,0,0,0,0,0,0,0,0,0,0,unknown_official_row_manifest_unavailable
zhao-vaccine-43f78a8a89388e4b,1,0,0,0,0,0,0,0,0,0,0,unknown_official_row_manifest_unavailable
zhao-vaccine-5b4e0532c530f9f4,1,0,0,0,0,0,0,0,0,0,0,unknown_official_row_manifest_unavailable
zhao-vaccine-936f0aa9388d6bb3,1,0,0,0,0,0,0,0,0,0,0,unknown_official_row_manifest_unavailable
zhao-vaccine-e7da5386683a898e,0,0,0,0,0,0,0,0,0,0,0,unknown_official_row_manifest_unavailable
zhao-vaccine-4f9555ca9e78447d,0,0,0,0,0,0,0,0,0,0,0,unknown_official_row_manifest_unavailable
zhao-vaccine-e9b99729a2052602,0,0,0,0,0,0,0,0,0,0,0,unknown_official_row_manifest_unavailable
zhao-vaccine-2ba4241ff4084969,0,0,0,0,0,0,0,0,0,0,0,unknown_official_row_manifest_unavailable
zhao-vaccine-90c2b36bc40b8d53,0,0,0,0,0,0,0,0,0,0,0,unknown_official_row_manifest_unavailable
zhao-vaccine-4a9b1ac687685d32,0,0,0,0,0,0,0,0,0,0,0,unknown_official_row_manifest_unavailable
zhao-vaccine-35798390cdc3448b,1,0,0,0,0,0,0,0,0,0,0,unknown_official_row_manifest_unavailable
zhao-vaccine-8e9f7415eabd9d0a,0,0,0,0,0,0,0,0,0,0,0,unknown_official_row_manifest_unavailable
zhao-vaccine-269dcaac8c66cb04,0,0,0,0,0,0,0,1,0,0,0,unknown_official_row_manifest_unavailable
zhao-vaccine-0dd28b3c47484db1,0,0,0,0,0,0,0,0,0,0,0,unknown_official_row_manifest_unavailable
zhao-vaccine-431e4f01dd7c96f4,0,0,0,0,0,0,0,0,0,0,0,unknown_official_row_manifest_unavailable
zhao-vaccine-e6c35c1196d80f36,0,0,0,0,0,0,0,0,0,0,0,unknown_official_row_manifest_unavailable
zhao-vaccine-870dcf0226a3eb24,0,0,0,0,0,0,0,0,0,0,0,unknown_official_row_manifest_unavailable
zhao-vaccine-1b673ac561af2fb5,0,0,0,0,0,0,0,0,0,0,0,unknown_official_row_manifest_unavailable
zhao-vaccine-6a07c6e959d2f535,0,0,0,0,0,0,0,0,0,0,0,unknown_official_row_manifest_unavailable
zhao-vaccine-1ba07f9e080374be,0,0,0,0,0,0,0,0,0,0,0,unknown_official_row_manifest_unavailable
zhao-vaccine-b9e00c9dbefadad5,0,0,0,0,0,0,0,0,0,0,0,unknown_official_row_manifest_unavailable
zhao-vaccine-f219a0d187201467,0,0,0,0,0,0,0,0,0,0,0,unknown_official_row_manifest_unavailable
zhao-vaccine-a7beb96254b63e25,0,0,0,0,0,0,0,0,0,0,0,unknown_official_row_manifest_unavailable
zhao-vaccine-1cb9ac6233ddb252,0,0,0,0,0,0,0,0,0,0,0,unknown_official_row_manifest_unavailable
zhao-vaccine-eb7703099d566609,0,0,0,0,0,0,0,0,0,0,0,unknown_official_row_manifest_unavailable
zhao-vaccine-3ed702e03bac3c15,0,0,0,0,0,0,0,0,0,0,0,unknown_official_row_manifest_unavailable
zhao-vaccine-15c987b0238bc1b4,0,0,0,0,0,0,0,0,0,0,0,unknown_official_row_manifest_unavailable
zhao-vaccine-09ac43660c1274b9,0,0,0,0,0,0,0,0,0,0,0,unknown_official_row_manifest_unavailable
zhao-vaccine-c7114845a57964b2,0,0,0,0,0,0,0,0,0,0,0,unknown_official_row_manifest_unavailable
zhao-vaccine-51d1ebd1091ead4d,0,0,0,0,0,0,0,0,0,0,0,unknown_official_row_manifest_unavailable
zhao-vaccine-2f4d0a44cc42d77f,0,0,0,0,0,0,0,0,0,0,0,unknown_official_row_manifest_unavailable
zhao-vaccine-eb61572e9fbb2a60,0,0,0,0,0,0,0,0,0,0,0,unknown_official_row_manifest_unavailable
zhao-vaccine-febcbcc27fb08659,0,0,0,0,0,0,0,0,0,0,0,unknown_official_row_manifest_unavailable
zhao-vaccine-b010f27f12c8c387,0,0,0,0,0,0,0,0,0,0,0,unknown_official_row_manifest_unavailable
zhao-vaccine-77c9354a57881cf6,0,0,0,0,0,0,0,0,0,0,0,unknown_official_row_manifest_unavailable
zhao-vaccine-7e05698aef8fa29d,0,0,0,0,0,0,0,0,0,0,0,unknown_official_row_manifest_unavailable
zhao-vaccine-2fd37e72f03a6047,0,0,0,0,0,0,0,0,0,0,0,unknown_official_row_manifest_unavailable
zhao-vaccine-2dd454ce2c01def5,0,0,0,0,0,0,0,0,0,0,0,unknown_official_row_manifest_unavailable
zhao-vaccine-999a8cf710284be9,0,0,0,0,0,0,0,0,0,0,0,unknown_official_row_manifest_unavailable
zhao-vaccine-ff03078496576466,0,0,0,0,0,0,0,0,0,0,0,unknown_official_row_manifest_unavailable
zhao-vaccine-31e70fd63ba96952,0,0,0,0,0,0,0,0,0,0,0,unknown_official_row_manifest_unavailable
zhao-vaccine-c304d48c557c7837,0,0,0,0,0,0,0,0,0,0,0,unknown_official_row_manifest_unavailable
zhao-vaccine-f4c3237149f49ebf,0,0,0,0,0,0,0,0,0,0,0,unknown_official_row_manifest_unavailable
zhao-vaccine-a140bd84f67a0c6f,0,0,0,0,0,0,0,0,0,0,0,unknown_official_row_manifest_unavailable
zhao-vaccine-20d6899ac9bb7275,0,0,0,0,0,0,0,0,0,0,0,unknown_official_row_manifest_unavailable
zhao-vaccine-91328204c315fcc8,0,0,0,0,0,0,0,0,0,0,0,unknown_official_row_manifest_unavailable
zhao-vaccine-35b7ef036ad9d2bb,0,0,0,0,0,0,0,0,0,0,0,unknown_official_row_manifest_unavailable
zhao-vaccine-cecbcdd5db255dee,0,0,0,0,0,0,0,0,0,0,0,unknown_official_row_manifest_unavailable
zhao-vaccine-daed3fc8bf078fa2,0,0,0,0,0,0,0,0,0,0,0,unknown_official_row_manifest_unavailable
zhao-vaccine-998ed325d9a64141,0,0,0,0,0,0,0,0,0,0,0,unknown_official_row_manifest_unavailable
zhao-vaccine-6c7174c682a4fa1a,0,0,0,0,0,0,0,0,0,0,0,unknown_official_row_manifest_unavailable
zhao-vaccine-f9db4d94966b045f,0,0,0,0,0,0,0,0,0,0,0,unknown_official_row_manifest_unavailable
zhao-vaccine-7899e271f24dbaaa,0,0,0,0,0,0,0,0,0,0,0,unknown_official_row_manifest_unavailable
zhao-vaccine-782ea6c26658340c,0,0,0,0,0,0,0,0,0,0,0,unknown_official_row_manifest_unavailable
zhao-vaccine-4fdaca389da0a357,0,0,0,0,0,0,0,0,0,0,0,unknown_official_row_manifest_unavailable
zhao-vaccine-f6c578840065b9ad,0,0,0,0,0,0,0,0,0,0,0,unknown_official_row_manifest_unavailable
zhao-vaccine-38a151781c112c83,1,0,0,0,0,0,0,0,0,0,0,unknown_official_row_manifest_unavailable
zhao-vaccine-e3dbd23545dcf992,0,0,0,0,0,0,0,0,0,0,0,unknown_official_row_manifest_unavailable
zhao-vaccine-4b7a5315ae885e02,0,0,0,0,0,0,0,0,0,0,0,unknown_official_row_manifest_unavailable
zhao-vaccine-b107a7c085e028fa,0,0,0,0,0,0,0,0,0,0,0,unknown_official_row_manifest_unavailable
zhao-vaccine-906d3f0af697c94f,0,0,0,0,0,0,0,0,0,1,0,unknown_official_row_manifest_unavailable
zhao-vaccine-40eee1f7b3b872bf,0,0,0,0,0,0,0,0,0,0,0,unknown_official_row_manifest_unavailable
zhao-vaccine-fbe97d4793ad925e,0,0,0,0,0,0,0,0,0,0,0,unknown_official_row_manifest_unavailable
zhao-vaccine-99bf0685a25d9f4e,0,0,0,0,0,0,0,0,0,0,0,unknown_official_row_manifest_unavailable
zhao-vaccine-49c73a581f5af388,0,0,0,0,0,0,0,0,0,0,0,unknown_official_row_manifest_unavailable
zhao-vaccine-2c5226e372e7c6aa,1,0,0,0,0,0,0,0,0,0,0,unknown_official_row_manifest_unavailable
zhao-vaccine-5f372107c6cf3c03,0,0,0,0,0,0,0,0,0,0,0,unknown_official_row_manifest_unavailable
zhao-vaccine-61c20c5796f55f00,0,0,0,0,0,0,0,0,0,0,0,unknown_official_row_manifest_unavailable
zhao-vaccine-6c2ff6bbf2e25434,0,0,0,0,0,0,0,0,0,0,0,unknown_official_row_manifest_unavailable
zhao-vaccine-4e848c7999f82d03,0,0,0,0,0,0,0,0,0,0,0,unknown_official_row_manifest_unavailable
zhao-vaccine-2a76499d5769d1c7,0,0,0,0,0,0,0,0,0,0,0,unknown_official_row_manifest_unavailable
zhao-vaccine-3e32e82aa160cb78,0,0,0,0,0,0,0,0,0,0,0,unknown_official_row_manifest_unavailable
zhao-vaccine-b62a015c56847360,0,0,0,0,0,0,0,0,0,0,0,unknown_official_row_manifest_unavailable
zhao-vaccine-443278b0fe4f1a94,0,0,0,0,0,0,0,0,0,0,0,unknown_official_row_manifest_unavailable
zhao-vaccine-83c4b6833bc79d5a,0,0,0,0,0,0,0,0,0,1,0,unknown_official_row_manifest_unavailable
zhao-vaccine-41f8a4a277c3bf57,0,0,0,0,0,0,0,0,0,0,0,unknown_official_row_manifest_unavailable
zhao-vaccine-b5609f4b00b5ecbf,0,0,0,0,0,0,0,0,0,0,0,unknown_official_row_manifest_unavailable
zhao-vaccine-674f8dd0f2497205,0,0,0,0,0,0,0,0,0,0,0,unknown_official_row_manifest_unavailable
zhao-vaccine-6442e1e73e72e2b9,0,0,0,0,0,0,0,0,0,0,0,unknown_official_row_manifest_unavailable
zhao-vaccine-4fce6223728d6fe9,0,0,0,0,0,0,0,0,0,0,0,unknown_official_row_manifest_unavailable
zhao-vaccine-bc19aa25441d4845,0,0,0,0,0,0,0,0,0,0,0,unknown_official_row_manifest_unavailable
zhao-vaccine-8cc78eadeb184fd3,0,0,0,0,0,0,0,0,0,0,0,unknown_official_row_manifest_unavailable
zhao-vaccine-3c807871ccdfaaa5,1,0,0,0,0,0,0,0,0,0,0,unknown_official_row_manifest_unavailable
zhao-vaccine-a506809dd22a0c23,0,0,0,0,0,0,0,0,0,0,0,unknown_official_row_manifest_unavailable
zhao-vaccine-c8af7f143c9713e7,0,0,0,0,0,0,0,0,0,0,0,unknown_official_row_manifest_unavailable
zhao-vaccine-b98b49d9dc2ddbaa,0,0,0,0,0,0,0,0,0,0,0,unknown_official_row_manifest_unavailable
zhao-vaccine-027d4038dc5b09ff,0,0,0,0,0,0,0,0,0,0,0,unknown_official_row_manifest_unavailable
zhao-vaccine-594361c936eecf3b,0,0,0,0,0,0,0,0,0,0,0,unknown_official_row_manifest_unavailable
zhao-vaccine-31e968234ae09e75,0,0,0,0,0,0,0,0,0,0,0,unknown_official_row_manifest_unavailable
zhao-vaccine-19f1cbd28ac92618,0,0,0,0,0,0,0,0,0,0,0,unknown_official_row_manifest_unavailable
zhao-vaccine-2c71ed8fab9b97e6,0,0,0,0,0,0,0,0,0,0,0,unknown_official_row_manifest_unavailable
zhao-vaccine-f4db7077efae5ef9,0,0,0,0,0,0,0,0,0,0,0,unknown_official_row_manifest_unavailable
zhao-vaccine-f3037d9d01c7f32a,0,0,0,0,0,0,0,0,0,0,0,unknown_official_row_manifest_unavailable
zhao-vaccine-e77814e4dc74abe3,0,0,0,0,0,0,0,0,0,0,0,unknown_official_row_manifest_unavailable
zhao-vaccine-16ef0fbf13441ca0,0,0,0,0,0,0,0,0,0,0,0,unknown_official_row_manifest_unavailable
zhao-vaccine-a75b0331c22d7ed7,0,0,0,0,0,0,0,0,0,0,0,unknown_official_row_manifest_unavailable
zhao-vaccine-c555803c2dad8235,0,0,0,0,0,0,0,0,0,0,0,unknown_official_row_manifest_unavailable
zhao-vaccine-53f9e7c4492b596e,0,0,0,0,0,0,0,0,0,0,0,unknown_official_row_manifest_unavailable
zhao-vaccine-cedf6ad7f324daa7,0,0,0,0,0,0,0,0,0,0,0,unknown_official_row_manifest_unavailable
zhao-vaccine-42a8d192101bf2a7,1,0,0,0,0,0,0,0,0,0,0,unknown_official_row_manifest_unavailable
zhao-vaccine-2efff9f95c83b59e,0,0,0,0,0,0,0,0,0,0,0,unknown_official_row_manifest_unavailable
zhao-vaccine-1b3fd906eff85f35,0,0,0,0,0,0,0,0,0,0,0,unknown_official_row_manifest_unavailable
zhao-vaccine-ed04da0224f05378,1,0,0,0,0,0,0,0,0,0,0,unknown_official_row_manifest_unavailable
zhao-vaccine-c6e61155d8a27f75,0,0,0,0,0,0,0,0,0,0,0,unknown_official_row_manifest_unavailable
zhao-vaccine-23edf1fdf3ae1ce2,0,0,0,0,0,0,0,0,0,0,0,unknown_official_row_manifest_unavailable
zhao-vaccine-ffa85861f014f958,0,0,0,0,0,0,0,0,0,0,0,unknown_official_row_manifest_unavailable
zhao-vaccine-89eb018657dac248,0,0,0,0,0,0,0,0,0,0,0,unknown_official_row_manifest_unavailable
zhao-vaccine-dd6fcd2a9d2c2d22,0,0,0,0,0,0,0,0,0,0,0,unknown_official_row_manifest_unavailable
zhao-vaccine-33f9f2fdb380c481,0,0,0,0,0,0,0,0,0,0,0,unknown_official_row_manifest_unavailable
zhao-vaccine-00bbe998fe67645a,0,0,0,0,0,0,0,0,0,0,0,unknown_official_row_manifest_unavailable
zhao-vaccine-a279cd33662b7c39,0,0,0,0,0,0,0,0,0,0,0,unknown_official_row_manifest_unavailable
zhao-vaccine-ec1761a6f877a578,0,0,0,0,0,0,0,0,0,0,0,unknown_official_row_manifest_unavailable
zhao-vaccine-498121a87cf9006a,0,0,0,0,0,0,0,0,0,0,0,unknown_official_row_manifest_unavailable
zhao-vaccine-505928c8dfd97252,0,0,0,0,0,0,0,0,0,0,0,unknown_official_row_manifest_unavailable
zhao-vaccine-88d2cf97086ba2b1,0,0,0,0,0,0,0,0,0,0,0,unknown_official_row_manifest_unavailable
zhao-vaccine-8e31a740414c436d,0,0,0,0,0,0,0,0,0,0,0,unknown_official_row_manifest_unavailable
zhao-vaccine-67a7cb1a9cd5537a,0,0,0,0,0,0,0,0,0,0,0,unknown_official_row_manifest_unavailable
zhao-vaccine-ed105e94eb33c23f,0,0,0,0,0,0,0,0,0,0,0,unknown_official_row_manifest_unavailable
zhao-vaccine-ca907375d90ffd56,0,0,0,0,0,0,0,0,0,0,0,unknown_official_row_manifest_unavailable
zhao-vaccine-af5421d3479e6ec6,1,0,0,0,0,0,0,0,0,0,0,unknown_official_row_manifest_unavailable
zhao-vaccine-cfb0d6a91bade6e3,0,0,0,0,0,0,0,0,0,0,0,unknown_official_row_manifest_unavailable
zhao-vaccine-c6bccb45706420d2,0,0,0,0,0,0,0,0,0,0,0,unknown_official_row_manifest_unavailable
zhao-vaccine-ed91fd9062182556,0,0,0,0,0,0,0,0,0,0,0,unknown_official_row_manifest_unavailable
zhao-vaccine-a7881a1349c324b0,0,0,0,0,0,0,0,0,0,0,0,unknown_official_row_manifest_unavailable
zhao-vaccine-accfc28005a997a0,0,0,0,0,0,0,0,0,0,0,0,unknown_official_row_manifest_unavailable
zhao-vaccine-7ecc3afcfc479b22,0,0,0,0,0,0,0,0,0,0,0,unknown_official_row_manifest_unavailable
zhao-vaccine-987370e7342d1375,0,0,0,0,0,0,0,0,0,0,0,unknown_official_row_manifest_unavailable
zhao-vaccine-71fb48b138c68493,0,0,0,0,0,0,0,0,0,0,0,unknown_official_row_manifest_unavailable
zhao-vaccine-fe504cb3a34de30b,0,0,0,0,0,0,0,0,0,0,0,unknown_official_row_manifest_unavailable
zhao-vaccine-8853121dd0c52702,0,0,0,0,0,0,0,0,0,0,0,unknown_official_row_manifest_unavailable
zhao-vaccine-a09fbd4532049d91,0,0,0,0,0,0,0,0,0,0,0,unknown_official_row_manifest_unavailable
zhao-vaccine-187d77f183b34239,0,0,0,0,0,0,0,0,0,0,0,unknown_official_row_manifest_unavailable
zhao-vaccine-593425b8c0ccf8bf,0,0,0,0,0,0,0,0,0,0,0,unknown_official_row_manifest_unavailable
zhao-vaccine-21a52baf4580180e,0,0,0,0,0,0,0,0,0,0,0,unknown_official_row_manifest_unavailable
zhao-vaccine-0f5a57f6f7175fc0,0,0,0,0,0,0,0,0,0,0,0,unknown_official_row_manifest_unavailable
zhao-vaccine-ec7dff67820e77d1,0,0,0,0,0,0,0,0,0,0,0,unknown_official_row_manifest_unavailable
zhao-vaccine-08887c0779567264,0,0,0,0,0,0,0,0,0,0,0,unknown_official_row_manifest_unavailable
zhao-vaccine-44e11c0e9ea75d63,0,0,0,0,0,0,0,0,0,0,0,unknown_official_row_manifest_unavailable
zhao-vaccine-4eff2f302bcaea44,0,0,0,0,0,0,0,0,0,0,0,unknown_official_row_manifest_unavailable
zhao-vaccine-4cb9d365261492ad,0,0,0,0,0,0,0,0,0,0,0,unknown_official_row_manifest_unavailable
zhao-vaccine-7c419d91c68603f4,0,0,0,0,0,0,0,0,0,0,0,unknown_official_row_manifest_unavailable
zhao-vaccine-870b2b766c30a36c,0,0,0,0,0,0,0,0,0,0,0,unknown_official_row_manifest_unavailable
zhao-vaccine-8bdb3677f1d98aff,0,0,0,0,0,0,0,0,0,0,0,unknown_official_row_manifest_unavailable
zhao-vaccine-c3b4945d0c5d5a65,0,0,0,0,0,0,0,0,0,0,0,unknown_official_row_manifest_unavailable
zhao-vaccine-840f21de3849ccc5,0,0,0,0,0,0,0,0,0,0,0,unknown_official_row_manifest_unavailable
zhao-vaccine-e5f3b76448b2e3ea,0,0,0,0,0,0,0,0,0,0,0,unknown_official_row_manifest_unavailable
zhao-vaccine-6e15508381a3dd0b,0,0,0,0,0,0,0,0,0,0,0,unknown_official_row_manifest_unavailable
zhao-vaccine-09990d670d0f6f25,0,0,0,0,0,0,0,0,0,0,0,unknown_official_row_manifest_unavailable
zhao-vaccine-97c3b1accfcaaea2,1,0,0,0,0,0,0,0,0,0,0,unknown_official_row_manifest_unavailable
zhao-vaccine-0e62a9c6910a92b7,0,0,0,0,0,0,0,0,0,0,0,unknown_official_row_manifest_unavailable
zhao-vaccine-0eaa66ab2c642dc8,0,0,0,0,0,0,0,0,0,0,0,unknown_official_row_manifest_unavailable
zhao-vaccine-077ba4b974560005,0,0,0,0,0,0,0,0,0,0,0,unknown_official_row_manifest_unavailable
zhao-vaccine-94ededcc1d3dcd1a,0,0,0,0,0,0,0,0,0,0,0,unknown_official_row_manifest_unavailable
zhao-vaccine-1b8f8f27299b8c02,0,0,0,0,0,0,0,0,0,0,0,unknown_official_row_manifest_unavailable
zhao-vaccine-fdc7a53c57604dd2,0,0,0,0,0,0,0,0,0,0,0,unknown_official_row_manifest_unavailable
zhao-vaccine-d702c99028cd8b72,0,0,0,0,0,0,0,0,0,0,0,unknown_official_row_manifest_unavailable
zhao-vaccine-7cc532e2dc3aab79,0,0,0,0,0,0,0,0,0,0,0,unknown_official_row_manifest_unavailable
zhao-vaccine-2b0b1a9adb16d807,0,0,0,0,0,0,0,0,0,0,0,unknown_official_row_manifest_unavailable
zhao-vaccine-b2fa34c6b5886283,1,0,0,0,0,0,0,0,0,0,0,unknown_official_row_manifest_unavailable
zhao-vaccine-a1d67ef963399fc6,0,0,0,0,0,0,0,0,0,0,0,unknown_official_row_manifest_unavailable
zhao-vaccine-60705d8cda191056,0,0,0,0,0,0,0,0,0,0,0,unknown_official_row_manifest_unavailable
zhao-vaccine-6780d94636a0170d,0,0,0,0,0,0,0,0,0,0,0,unknown_official_row_manifest_unavailable
zhao-vaccine-9d1b561dc3405f4d,0,0,0,0,0,0,0,0,0,0,0,unknown_official_row_manifest_unavailable
zhao-vaccine-7cbdf40ccbc28cfe,0,0,0,0,0,0,0,0,0,0,0,unknown_official_row_manifest_unavailable
zhao-vaccine-c8b652520bf83db2,0,0,0,0,0,0,0,0,0,0,0,unknown_official_row_manifest_unavailable
zhao-vaccine-6307a7641f804ad7,0,0,0,0,0,0,0,0,0,0,0,unknown_official_row_manifest_unavailable
zhao-vaccine-f27ca35b1558b455,0,0,0,0,0,0,0,0,0,0,0,unknown_official_row_manifest_unavailable
zhao-vaccine-76e5059cd3b3c3ad,0,0,0,0,0,0,0,0,0,0,0,unknown_official_row_manifest_unavailable
zhao-vaccine-1a5b99b311a83746,0,0,0,0,0,0,0,0,0,0,0,unknown_official_row_manifest_unavailable
zhao-vaccine-f7e2831b9ad53f98,0,0,0,0,0,0,0,0,0,0,0,unknown_official_row_manifest_unavailable
zhao-vaccine-d2daf8fb140cfed0,0,0,0,0,0,0,0,0,0,0,0,unknown_official_row_manifest_unavailable
zhao-vaccine-f6ddf367d3aa0944,0,0,0,0,0,0,0,0,0,0,0,unknown_official_row_manifest_unavailable
zhao-vaccine-00908c84222df7b5,0,0,0,0,0,0,0,0,0,0,0,unknown_official_row_manifest_unavailable
zhao-vaccine-b442aa09c915e1b0,0,0,0,0,0,0,0,0,0,0,0,unknown_official_row_manifest_unavailable
zhao-vaccine-2a4efa7dc4e16be3,0,0,0,0,0,0,0,0,0,0,0,unknown_official_row_manifest_unavailable
zhao-vaccine-f844c7c3634362b8,0,0,0,0,0,0,0,0,0,0,0,unknown_official_row_manifest_unavailable
zhao-vaccine-a724b8334d910f2a,0,0,0,0,0,0,0,0,0,0,0,unknown_official_row_manifest_unavailable
zhao-vaccine-6f5a9d2a685e6156,0,0,0,0,0,0,0,0,0,0,0,unknown_official_row_manifest_unavailable
zhao-vaccine-6799be403a5dbd26,0,0,0,0,0,0,0,0,0,0,0,unknown_official_row_manifest_unavailable
zhao-vaccine-c802fa23167d5f2a,1,0,0,0,0,0,0,0,0,0,0,unknown_official_row_manifest_unavailable
zhao-vaccine-d860eddaa0290236,0,0,0,0,0,0,0,0,0,0,0,unknown_official_row_manifest_unavailable
zhao-vaccine-cbb789d156e2aba7,0,0,0,0,0,0,0,0,0,0,0,unknown_official_row_manifest_unavailable
zhao-vaccine-b770e8f9159c9169,0,0,0,0,0,0,0,0,0,0,0,unknown_official_row_manifest_unavailable
zhao-vaccine-173ce343846a1385,0,0,0,0,0,0,0,0,0,0,0,unknown_official_row_manifest_unavailable
zhao-vaccine-24a02762c3c11d45,1,0,0,0,0,0,0,0,0,0,0,unknown_official_row_manifest_unavailable
zhao-vaccine-b6974ef7d6e802a7,1,0,0,0,0,0,0,0,0,0,0,unknown_official_row_manifest_unavailable
zhao-vaccine-c05520f12a2c83f4,0,0,0,0,0,0,0,0,0,0,0,unknown_official_row_manifest_unavailable
zhao-vaccine-551d258967ca2f3c,0,0,0,0,0,0,0,0,0,0,0,unknown_official_row_manifest_unavailable
zhao-vaccine-a6669be1d1983a32,1,0,0,0,0,0,0,0,0,0,0,unknown_official_row_manifest_unavailable
zhao-vaccine-ff446da963d36eef,0,0,0,0,0,0,0,0,0,0,0,unknown_official_row_manifest_unavailable
zhao-vaccine-6e8fa7e919c20256,1,0,0,0,0,0,0,0,0,0,0,unknown_official_row_manifest_unavailable
zhao-vaccine-961b997f7b26e7e6,1,0,0,0,0,0,0,0,0,0,0,unknown_official_row_manifest_unavailable
zhao-vaccine-9ff55164e617cab1,0,0,0,0,0,0,0,0,0,0,0,unknown_official_row_manifest_unavailable
zhao-vaccine-1a8a6c27562c8053,0,0,0,0,0,0,0,0,0,0,0,unknown_official_row_manifest_unavailable
zhao-vaccine-bf21c75ba65f9f20,1,0,0,0,0,0,0,0,0,0,0,unknown_official_row_manifest_unavailable
zhao-vaccine-e8e1055788c37784,0,0,0,0,0,0,0,0,0,0,0,unknown_official_row_manifest_unavailable
zhao-vaccine-249ec9d719d2e2b9,0,0,0,0,0,0,0,0,0,0,0,unknown_official_row_manifest_unavailable
zhao-vaccine-714dd3fd331ab889,0,0,0,0,0,0,0,0,0,0,0,unknown_official_row_manifest_unavailable
zhao-vaccine-1308adb57ad1d4a5,0,0,0,0,0,0,0,0,0,0,0,unknown_official_row_manifest_unavailable
zhao-vaccine-da4c729d49ea6247,0,0,0,0,0,0,0,0,0,0,0,unknown_official_row_manifest_unavailable
zhao-vaccine-3fd3e86583758e28,0,0,0,0,0,0,0,0,0,0,0,unknown_official_row_manifest_unavailable
zhao-vaccine-6f2582757604863f,0,0,0,0,0,0,0,0,0,0,0,unknown_official_row_manifest_unavailable
zhao-vaccine-57692480797c79b9,0,0,0,0,0,0,0,0,0,0,0,unknown_official_row_manifest_unavailable
zhao-vaccine-6bc3ae1ef23d0f04,0,0,0,0,0,0,0,0,0,0,0,unknown_official_row_manifest_unavailable
zhao-vaccine-d759e0316788cd2b,0,0,0,0,0,0,0,0,0,0,0,unknown_official_row_manifest_unavailable
zhao-vaccine-9728ae87187a9e73,0,0,0,0,0,0,0,0,0,0,0,unknown_official_row_manifest_unavailable
zhao-vaccine-c4cca9f1763e34dd,0,0,0,0,0,0,0,0,0,0,0,unknown_official_row_manifest_unavailable
zhao-vaccine-3ced89732d0ad931,1,0,0,0,0,0,0,0,0,0,0,unknown_official_row_manifest_unavailable
zhao-vaccine-441d0364a06033cb,0,0,0,0,0,0,0,0,0,0,0,unknown_official_row_manifest_unavailable
zhao-vaccine-16c6c9d27fe832a4,0,0,0,0,0,0,0,0,0,0,0,unknown_official_row_manifest_unavailable
zhao-vaccine-c7af78855e502553,0,0,0,0,0,0,0,0,0,0,0,unknown_official_row_manifest_unavailable
zhao-vaccine-00de87cde7b07881,0,0,0,0,0,0,0,0,0,0,0,unknown_official_row_manifest_unavailable
zhao-vaccine-cb1097c8202abd0c,0,0,0,0,0,0,0,0,0,0,0,unknown_official_row_manifest_unavailable
zhao-vaccine-6a9952f2ac9c73d8,0,0,0,0,0,0,0,0,0,0,0,unknown_official_row_manifest_unavailable
zhao-vaccine-f06b64d4bf97a124,0,0,0,0,0,0,0,0,0,0,0,unknown_official_row_manifest_unavailable
zhao-vaccine-f015f92eb8c65959,0,0,0,0,0,0,0,0,0,0,0,unknown_official_row_manifest_unavailable
zhao-vaccine-f11917d7db4ada39,0,0,0,0,0,0,0,0,0,0,0,unknown_official_row_manifest_unavailable
zhao-vaccine-613756e440edc424,0,0,0,0,0,0,0,0,0,0,0,unknown_official_row_manifest_unavailable
zhao-vaccine-da5e353209a40617,0,0,0,0,0,0,0,0,0,0,0,unknown_official_row_manifest_unavailable
zhao-vaccine-c71558be4c0f1af9,0,0,0,0,0,0,0,0,0,0,0,unknown_official_row_manifest_unavailable
zhao-vaccine-fade937a83b19822,0,0,0,0,0,0,0,0,0,0,0,unknown_official_row_manifest_unavailable
zhao-vaccine-db87e0dbaca0d72a,0,0,0,0,0,0,0,0,0,0,0,unknown_official_row_manifest_unavailable
zhao-vaccine-c9db65c1907c2f77,0,0,0,0,0,0,0,0,0,0,0,unknown_official_row_manifest_unavailable
zhao-vaccine-653ce61563cfa368,0,0,0,0,0,0,0,0,0,0,0,unknown_official_row_manifest_unavailable
zhao-vaccine-8c82294b8ef6ef37,0,0,0,0,0,0,0,0,0,0,0,unknown_official_row_manifest_unavailable
zhao-vaccine-89b8be7d7def609d,0,0,0,0,0,0,0,0,0,0,0,unknown_official_row_manifest_unavailable
zhao-vaccine-d06b3454cfc7d74e,0,0,0,0,0,0,0,0,0,0,0,unknown_official_row_manifest_unavailable
zhao-vaccine-f617bbebb60664b7,0,0,0,0,0,0,0,0,0,0,0,unknown_official_row_manifest_unavailable
zhao-vaccine-3a526a6437849961,0,0,0,0,0,0,0,0,0,0,0,unknown_official_row_manifest_unavailable
zhao-vaccine-b11e8dbcf5c8593f,0,0,0,0,0,0,0,0,0,0,0,unknown_official_row_manifest_unavailable
zhao-vaccine-47e5e89b76063222,0,0,0,0,0,0,0,0,0,0,0,unknown_official_row_manifest_unavailable
zhao-vaccine-bb31a5226daef6cb,0,0,0,0,0,0,0,0,0,0,0,unknown_official_row_manifest_unavailable
zhao-vaccine-ffbe2fce3b2bcb9b,0,0,0,0,0,0,0,0,0,0,0,unknown_official_row_manifest_unavailable
zhao-vaccine-e07e0fa3e619dfb3,1,0,0,0,0,0,0,0,0,0,0,unknown_official_row_manifest_unavailable
zhao-vaccine-8ec26eb23f396652,1,0,0,0,0,0,0,0,0,0,0,unknown_official_row_manifest_unavailable
zhao-vaccine-4a579e89601e7a16,0,0,0,0,0,0,0,0,0,0,0,unknown_official_row_manifest_unavailable
zhao-vaccine-c1d91edb6f2ec47b,0,0,0,0,0,0,0,0,0,0,0,unknown_official_row_manifest_unavailable
zhao-vaccine-72726c139f67b795,0,0,0,0,0,0,0,0,0,0,0,unknown_official_row_manifest_unavailable
zhao-vaccine-cca85c5f54c03406,0,0,0,0,0,0,0,0,0,0,0,unknown_official_row_manifest_unavailable
zhao-vaccine-0b159fd368dd378e,0,0,0,0,0,0,0,0,0,0,0,unknown_official_row_manifest_unavailable
zhao-vaccine-0d32134ee9a1c1e9,0,0,0,0,0,0,0,0,0,0,0,unknown_official_row_manifest_unavailable
zhao-vaccine-d6ff8f98181fc5e2,0,0,0,0,0,0,0,0,0,0,0,unknown_official_row_manifest_unavailable
zhao-vaccine-cc92e6999b763405,0,0,0,0,0,0,0,0,0,0,0,unknown_official_row_manifest_unavailable
zhao-vaccine-c184a6b978d8f6b9,0,0,0,0,0,0,0,0,0,0,0,unknown_official_row_manifest_unavailable
zhao-vaccine-d2e3d30a8e2ae2ef,0,0,0,0,0,0,0,0,0,0,0,unknown_official_row_manifest_unavailable
zhao-vaccine-3e39a16929680e56,0,0,0,0,0,0,0,0,0,0,0,unknown_official_row_manifest_unavailable
zhao-vaccine-99c9f8800047835e,0,0,0,0,0,0,0,0,0,0,0,unknown_official_row_manifest_unavailable
zhao-vaccine-4f15ebf0cc570314,0,0,0,0,0,0,0,0,0,0,0,unknown_official_row_manifest_unavailable
zhao-vaccine-8e9dff058c4dbaa7,0,0,0,0,0,0,0,0,0,0,0,unknown_official_row_manifest_unavailable
zhao-vaccine-6cb85a15b9145556,0,0,0,0,0,0,0,0,0,0,0,unknown_official_row_manifest_unavailable
zhao-vaccine-944c5ddaf90c82cc,0,0,0,0,0,0,0,0,0,0,0,unknown_official_row_manifest_unavailable
zhao-vaccine-9340e0b1f4dc7863,0,0,0,0,0,0,0,0,0,0,0,unknown_official_row_manifest_unavailable
zhao-vaccine-c5bcc740de8ab116,0,0,0,0,0,0,0,0,0,0,0,unknown_official_row_manifest_unavailable
zhao-vaccine-d4b2ec84b19120e6,0,0,0,0,0,0,0,0,0,0,0,unknown_official_row_manifest_unavailable
zhao-vaccine-fbe1c72a258123e4,0,0,0,0,0,0,0,0,0,0,0,unknown_official_row_manifest_unavailable
zhao-vaccine-5dd0d746e26b0604,1,0,0,0,0,0,0,0,0,0,0,unknown_official_row_manifest_unavailable
zhao-vaccine-814632626ebe017e,0,0,0,0,0,0,0,0,0,0,0,unknown_official_row_manifest_unavailable
zhao-vaccine-0a1dbcd3feca07b8,0,0,0,0,0,0,0,0,0,0,0,unknown_official_row_manifest_unavailable
zhao-vaccine-8e8ef0aa252f8088,0,0,0,0,0,0,0,0,0,0,0,unknown_official_row_manifest_unavailable
zhao-vaccine-4e7da546c9997730,0,0,0,0,0,0,0,0,0,0,0,unknown_official_row_manifest_unavailable
zhao-vaccine-587ceac3b1a5e6c2,0,0,0,0,0,0,0,0,0,0,0,unknown_official_row_manifest_unavailable
zhao-vaccine-fb86bd9fe3f5507b,0,0,0,0,0,0,0,0,0,0,0,unknown_official_row_manifest_unavailable
zhao-vaccine-8fd9a4ebb7a5b5c0,0,0,0,0,0,0,0,0,0,0,0,unknown_official_row_manifest_unavailable
zhao-vaccine-b1694ee7a23598c2,0,0,0,0,0,0,0,0,0,0,0,unknown_official_row_manifest_unavailable
zhao-vaccine-5eb10cfe95b8bda7,0,0,0,0,0,0,0,0,0,0,0,unknown_official_row_manifest_unavailable
zhao-vaccine-2d8d532720213eac,0,0,0,0,0,0,0,0,0,0,0,unknown_official_row_manifest_unavailable
zhao-vaccine-748f6e43c22911b6,0,0,0,0,0,0,0,0,0,0,0,unknown_official_row_manifest_unavailable
zhao-vaccine-a101d49a478c72bd,0,0,0,0,0,0,0,0,0,0,0,unknown_official_row_manifest_unavailable
zhao-vaccine-a0edaa74581fa67c,0,0,0,0,0,0,0,0,0,0,0,unknown_official_row_manifest_unavailable
zhao-vaccine-e4858b6abb51f937,0,0,0,0,0,0,0,0,0,0,0,unknown_official_row_manifest_unavailable
zhao-vaccine-1af9b30e1a5e4022,1,0,0,0,0,0,0,0,0,0,0,unknown_official_row_manifest_unavailable
zhao-vaccine-f1a5af131974bd0b,0,0,0,0,0,0,0,0,0,0,0,unknown_official_row_manifest_unavailable
zhao-vaccine-0c19e14dba1e42b4,0,0,0,0,0,0,0,0,0,0,0,unknown_official_row_manifest_unavailable
zhao-vaccine-062e0a4b0e686c90,0,0,0,0,0,0,0,0,0,0,0,unknown_official_row_manifest_unavailable
zhao-vaccine-476198a6046e6b3f,0,0,0,0,0,0,0,0,0,0,0,unknown_official_row_manifest_unavailable
zhao-vaccine-08a566e6459e92e2,0,0,0,0,0,0,0,0,0,0,0,unknown_official_row_manifest_unavailable
zhao-vaccine-948f57640c27f6a4,0,0,0,0,0,0,0,0,0,0,0,unknown_official_row_manifest_unavailable
zhao-vaccine-92fa162c7917d129,1,0,0,0,0,0,0,0,0,0,0,unknown_official_row_manifest_unavailable
zhao-vaccine-a24e8d0c596fcd11,0,0,0,0,0,0,0,0,0,0,0,unknown_official_row_manifest_unavailable
zhao-vaccine-ce24e3f91c9fcc89,0,0,0,0,0,0,0,0,0,0,0,unknown_official_row_manifest_unavailable
zhao-vaccine-aba6efbe2e8d61b9,0,0,0,0,0,0,0,0,0,0,0,unknown_official_row_manifest_unavailable
zhao-vaccine-2e4420aa46f43efe,0,0,0,0,0,0,0,0,0,0,0,unknown_official_row_manifest_unavailable
zhao-vaccine-b1d75c3e5bc3145b,0,0,0,0,0,0,0,0,0,0,0,unknown_official_row_manifest_unavailable
zhao-vaccine-653abff2c7dbeb4e,0,0,0,0,0,0,0,0,0,0,0,unknown_official_row_manifest_unavailable
zhao-vaccine-8412f6129880042f,0,0,0,0,0,0,0,0,0,0,0,unknown_official_row_manifest_unavailable
zhao-vaccine-b9cb69f374205b32,0,0,0,0,0,0,0,0,0,0,0,unknown_official_row_manifest_unavailable
zhao-vaccine-1aa9762a4d76dda9,0,0,0,0,0,0,0,0,0,0,0,unknown_official_row_manifest_unavailable
zhao-vaccine-ed8321fccc8a12c1,0,0,0,0,0,0,0,0,0,0,0,unknown_official_row_manifest_unavailable
zhao-vaccine-f07f258117264300,0,0,0,0,0,0,0,0,0,0,0,unknown_official_row_manifest_unavailable
zhao-vaccine-fce720b3ba2ba141,0,0,0,0,0,0,0,0,0,0,0,unknown_official_row_manifest_unavailable
zhao-vaccine-3b847886ab646802,0,0,0,0,0,0,0,0,0,0,0,unknown_official_row_manifest_unavailable
zhao-vaccine-8e8117b5c5782698,0,0,0,0,0,0,0,0,0,0,0,unknown_official_row_manifest_unavailable
zhao-vaccine-dca95adb5fcdf592,0,0,0,0,0,0,0,0,0,0,0,unknown_official_row_manifest_unavailable
zhao-vaccine-0e4e9c333e92b287,0,0,0,0,0,0,0,0,0,0,0,unknown_official_row_manifest_unavailable
zhao-vaccine-af57e5cb49a1b3d7,0,0,0,0,0,0,0,0,0,0,0,unknown_official_row_manifest_unavailable
zhao-vaccine-1112c9b9b46720e7,0,0,0,0,0,0,0,0,0,0,0,unknown_official_row_manifest_unavailable
zhao-vaccine-033a1b3d78898765,0,0,0,0,0,0,0,0,0,0,0,unknown_official_row_manifest_unavailable
zhao-vaccine-7ba22a1143f5d992,0,0,0,0,0,0,0,0,0,0,0,unknown_official_row_manifest_unavailable
zhao-vaccine-1e9f45fe3cc9ac63,0,0,0,0,0,0,0,0,0,0,0,unknown_official_row_manifest_unavailable
zhao-vaccine-5e908d937d39faff,0,0,0,0,0,0,0,0,0,0,0,unknown_official_row_manifest_unavailable
zhao-vaccine-f3877179230c6cee,0,0,0,0,0,0,0,0,0,0,0,unknown_official_row_manifest_unavailable
zhao-vaccine-4ecfbac6e637b799,0,0,0,0,0,0,0,0,0,0,0,unknown_official_row_manifest_unavailable
zhao-vaccine-14b4f65b1f45bcbf,0,0,0,0,0,0,0,0,0,0,0,unknown_official_row_manifest_unavailable
zhao-vaccine-f91297d3a00de2d2,0,0,0,0,0,0,0,0,0,0,0,unknown_official_row_manifest_unavailable
zhao-vaccine-4844706cc9fa4d1b,0,0,0,0,0,0,0,0,0,0,0,unknown_official_row_manifest_unavailable
zhao-vaccine-da2194e4a86ae034,0,0,0,0,0,0,0,0,0,0,0,unknown_official_row_manifest_unavailable
zhao-vaccine-9c48013f878a865c,0,0,0,0,0,0,0,0,0,0,0,unknown_official_row_manifest_unavailable
zhao-vaccine-3da711f6f654d036,0,0,0,0,0,0,0,0,0,0,0,unknown_official_row_manifest_unavailable
zhao-vaccine-34689bf638cfdb3d,0,0,0,0,0,0,0,0,0,0,0,unknown_official_row_manifest_unavailable
zhao-vaccine-3accaf032fdb315d,0,0,0,0,0,0,0,0,0,0,0,unknown_official_row_manifest_unavailable
zhao-vaccine-7dac8ac91244377f,0,0,0,0,0,0,0,0,0,0,0,unknown_official_row_manifest_unavailable
zhao-vaccine-40e47cdb16d89757,0,0,0,0,0,0,0,0,0,0,0,unknown_official_row_manifest_unavailable
zhao-vaccine-aefefb4cdc17d9f1,0,0,0,0,0,0,0,0,0,0,0,unknown_official_row_manifest_unavailable
zhao-vaccine-8050a70c910bdf1a,0,0,0,0,0,0,0,0,0,0,0,unknown_official_row_manifest_unavailable
zhao-vaccine-ac96e34d65a393e8,1,0,0,0,0,0,0,0,0,0,0,unknown_official_row_manifest_unavailable
zhao-vaccine-b4d038d59719dff9,0,0,0,0,0,0,0,0,0,0,0,unknown_official_row_manifest_unavailable
zhao-vaccine-9e1085e0289a57d9,0,0,0,0,0,0,0,0,0,0,0,unknown_official_row_manifest_unavailable
zhao-vaccine-178a58421c8cfa58,1,0,0,0,0,0,0,0,0,0,0,unknown_official_row_manifest_unavailable
zhao-vaccine-4a6ee428b3d6f1f9,0,0,0,0,0,0,0,0,0,0,0,unknown_official_row_manifest_unavailable
zhao-vaccine-105dd4c375a2930a,0,0,0,0,0,0,0,0,0,0,0,unknown_official_row_manifest_unavailable
zhao-vaccine-f2e66f35c41716e3,0,0,0,0,0,0,0,0,0,0,0,unknown_official_row_manifest_unavailable
zhao-vaccine-8abeb04ad206babd,0,0,0,0,0,0,0,0,0,0,0,unknown_official_row_manifest_unavailable
zhao-vaccine-346901b6cb8320ce,0,0,0,0,0,0,0,0,0,0,0,unknown_official_row_manifest_unavailable
zhao-vaccine-bc928fd98bebcbe4,0,0,0,0,0,0,0,0,0,0,0,unknown_official_row_manifest_unavailable
zhao-vaccine-812386af1a37b5a2,0,0,0,0,0,0,0,0,0,0,0,unknown_official_row_manifest_unavailable
zhao-vaccine-cd4c3877e1df5df8,0,0,0,0,0,0,0,0,0,0,0,unknown_official_row_manifest_unavailable
zhao-vaccine-37cd8d397d30c00a,0,0,0,0,0,0,0,0,0,0,0,unknown_official_row_manifest_unavailable
zhao-vaccine-69589f3e984c8850,0,0,0,0,0,0,0,0,0,0,0,unknown_official_row_manifest_unavailable
zhao-vaccine-6138d66158ae812f,0,0,0,0,0,0,0,0,0,0,0,unknown_official_row_manifest_unavailable
zhao-vaccine-f89aafae5b4bb03a,0,0,0,0,0,0,0,0,0,0,0,unknown_official_row_manifest_unavailable
zhao-vaccine-d24f1d08ffeb3dab,0,0,0,0,0,0,0,0,0,0,0,unknown_official_row_manifest_unavailable
zhao-vaccine-15f900835dd0ed74,0,0,0,0,0,0,0,0,0,0,0,unknown_official_row_manifest_unavailable
zhao-vaccine-b4c900974a4cb22d,1,0,0,0,0,0,0,0,0,0,0,unknown_official_row_manifest_unavailable
zhao-vaccine-4877473089ccabe2,0,0,0,0,0,0,0,0,0,0,0,unknown_official_row_manifest_unavailable
zhao-vaccine-57da1458d87b5cd8,0,0,0,0,0,0,0,0,0,0,0,unknown_official_row_manifest_unavailable
zhao-vaccine-7cda442e2003096d,0,0,0,0,0,0,0,0,0,0,0,unknown_official_row_manifest_unavailable
zhao-vaccine-c9ac16c653d4ad34,0,0,0,0,0,0,0,0,0,0,0,unknown_official_row_manifest_unavailable
zhao-vaccine-5bb46d67d4132b05,1,0,0,0,0,0,0,0,0,0,0,unknown_official_row_manifest_unavailable
zhao-vaccine-22b245e10cc5f7eb,0,0,0,0,0,0,0,0,0,0,0,unknown_official_row_manifest_unavailable
zhao-vaccine-0c5f2cf1a9f96611,0,0,0,0,0,0,0,0,0,0,0,unknown_official_row_manifest_unavailable
zhao-vaccine-fdb9bb32b532156a,0,0,0,0,0,0,0,0,0,0,0,unknown_official_row_manifest_unavailable
zhao-vaccine-09ce50e75ae0ded3,0,0,0,0,0,0,0,0,0,0,0,unknown_official_row_manifest_unavailable
zhao-vaccine-17602f761fea6700,0,0,0,0,0,0,0,0,0,0,0,unknown_official_row_manifest_unavailable
zhao-vaccine-23b1162fe09c3a71,0,0,0,0,0,0,0,0,0,0,0,unknown_official_row_manifest_unavailable
zhao-vaccine-adf230b14ce59796,0,0,0,0,0,0,0,0,0,0,0,unknown_official_row_manifest_unavailable
zhao-vaccine-1844a0b8148bd71d,0,0,0,0,0,0,0,0,0,0,0,unknown_official_row_manifest_unavailable
zhao-vaccine-6b2a399d57d8a512,0,0,0,0,0,0,0,0,0,0,0,unknown_official_row_manifest_unavailable
zhao-vaccine-666279e80bba84cd,1,0,0,0,0,0,0,0,0,0,0,unknown_official_row_manifest_unavailable
zhao-vaccine-a3b9a38a195ea306,1,0,0,0,0,0,0,0,0,0,0,unknown_official_row_manifest_unavailable
zhao-vaccine-a99dea8872b2c603,0,0,0,0,0,0,0,0,0,0,0,unknown_official_row_manifest_unavailable
zhao-vaccine-38518cce6ca2ffcb,0,0,0,0,0,0,0,0,0,0,0,unknown_official_row_manifest_unavailable
zhao-vaccine-c06c5c593b790451,1,0,0,0,0,0,0,0,0,0,0,unknown_official_row_manifest_unavailable
zhao-vaccine-20a5c1bd7ed8243c,0,0,0,0,0,0,0,0,0,0,0,unknown_official_row_manifest_unavailable
zhao-vaccine-bf796feb0fa45107,0,0,0,0,0,0,0,0,0,0,0,unknown_official_row_manifest_unavailable
zhao-vaccine-94d4dd10565ce56a,0,0,0,0,0,0,0,0,0,0,0,unknown_official_row_manifest_unavailable
zhao-vaccine-09d399e83ab7a200,0,0,0,0,0,0,0,0,0,0,0,unknown_official_row_manifest_unavailable
zhao-vaccine-57cf9d6748f03a4a,0,0,0,0,0,0,0,0,0,0,0,unknown_official_row_manifest_unavailable
zhao-vaccine-8ad9b3db50bd44f6,0,0,0,0,0,0,0,0,0,0,0,unknown_official_row_manifest_unavailable
zhao-vaccine-e7a31769d0def8cc,0,0,0,0,0,0,0,0,0,0,0,unknown_official_row_manifest_unavailable
zhao-vaccine-f31f5559dc01f968,0,0,0,0,0,0,0,0,0,0,0,unknown_official_row_manifest_unavailable
zhao-vaccine-801998d39a01c402,0,0,0,0,0,0,0,0,0,0,0,unknown_official_row_manifest_unavailable
zhao-vaccine-e97f71e837688aaa,0,0,0,0,0,0,0,0,0,0,0,unknown_official_row_manifest_unavailable
zhao-vaccine-94d6274ea0765859,0,0,0,0,0,0,0,0,0,0,0,unknown_official_row_manifest_unavailable
zhao-vaccine-8425d1356c40e035,0,0,0,0,0,0,0,0,0,0,0,unknown_official_row_manifest_unavailable
zhao-vaccine-9c842e77e6554e48,0,0,0,0,0,0,0,0,0,0,0,unknown_official_row_manifest_unavailable
zhao-vaccine-cd64ae47949e3e72,0,0,0,0,0,0,0,0,0,0,0,unknown_official_row_manifest_unavailable
zhao-vaccine-6cf2c368188f7ae7,0,0,0,0,0,0,0,0,0,0,0,unknown_official_row_manifest_unavailable
zhao-vaccine-76ba058c8a28fd7a,0,0,0,0,0,0,0,0,0,0,0,unknown_official_row_manifest_unavailable
zhao-vaccine-6084bbd3ff94c4d6,0,0,0,0,0,0,0,0,0,0,0,unknown_official_row_manifest_unavailable
zhao-vaccine-2d7a1bc0613aae0d,0,0,0,0,0,0,0,0,0,0,0,unknown_official_row_manifest_unavailable
zhao-vaccine-03696ce8c63ebae8,1,0,0,0,0,0,0,0,0,0,0,unknown_official_row_manifest_unavailable
zhao-vaccine-4d5941ad71cd0b01,0,0,0,0,0,0,0,0,0,0,0,unknown_official_row_manifest_unavailable
zhao-vaccine-8251be1752bc8dcd,0,0,0,0,0,0,0,0,0,0,0,unknown_official_row_manifest_unavailable
zhao-vaccine-e208fc7508babece,0,0,0,0,0,0,0,0,0,0,0,unknown_official_row_manifest_unavailable
zhao-vaccine-100390c97594b382,0,0,0,0,0,0,0,0,0,0,0,unknown_official_row_manifest_unavailable
zhao-vaccine-1c199c518ce694cb,0,0,0,0,0,0,0,0,0,0,0,unknown_official_row_manifest_unavailable
zhao-vaccine-d51c26cc1204892e,0,0,0,0,0,0,0,0,0,0,0,unknown_official_row_manifest_unavailable
zhao-vaccine-ace8856de2b9d7b3,0,0,0,0,0,0,0,0,0,0,0,unknown_official_row_manifest_unavailable
zhao-vaccine-83da3c5b9955b6ac,1,0,0,0,0,0,0,0,0,0,0,unknown_official_row_manifest_unavailable
zhao-vaccine-1ce93697a045b24c,1,0,0,0,0,0,0,0,0,0,0,unknown_official_row_manifest_unavailable
zhao-vaccine-00ac0fab7dc987f2,0,0,0,0,0,0,0,0,0,0,0,unknown_official_row_manifest_unavailable
zhao-vaccine-0f950ec7c02f9245,1,0,0,0,0,0,0,0,0,0,0,unknown_official_row_manifest_unavailable
zhao-vaccine-5ba15d97b5c72d95,1,0,0,0,0,0,0,0,0,0,0,unknown_official_row_manifest_unavailable
zhao-vaccine-02101f99d9930118,1,0,0,0,0,0,0,0,0,0,0,unknown_official_row_manifest_unavailable
zhao-vaccine-b0c6fa65bdac2715,1,0,0,0,0,0,0,0,0,0,0,unknown_official_row_manifest_unavailable
zhao-vaccine-017943547834366f,0,0,0,0,0,0,0,0,0,0,0,unknown_official_row_manifest_unavailable
zhao-vaccine-9f9a6c0bad07b12a,0,0,0,0,0,0,0,0,0,0,0,unknown_official_row_manifest_unavailable
zhao-vaccine-281311a043c39d11,0,0,0,0,0,0,0,0,0,0,0,unknown_official_row_manifest_unavailable
zhao-vaccine-67ace035b9c07219,0,0,0,0,0,0,0,0,0,0,0,unknown_official_row_manifest_unavailable
zhao-vaccine-6dfb4aaff25a87d1,0,0,0,0,0,0,0,0,0,0,0,unknown_official_row_manifest_unavailable
zhao-vaccine-78a648a518e6de28,0,0,0,0,0,0,0,0,0,0,0,unknown_official_row_manifest_unavailable
zhao-vaccine-37d860fc95091de9,0,0,0,0,0,0,0,0,0,0,0,unknown_official_row_manifest_unavailable
zhao-vaccine-3ce7a0caddd675f9,0,0,0,0,0,0,0,0,0,0,0,unknown_official_row_manifest_unavailable
zhao-vaccine-8293be323b8f2284,0,0,0,0,0,0,0,0,0,0,0,unknown_official_row_manifest_unavailable
zhao-vaccine-dc69e571bb1bc716,0,0,0,0,0,0,0,0,0,0,0,unknown_official_row_manifest_unavailable
zhao-vaccine-d7fe439d720d67b1,1,0,0,0,0,0,0,0,0,0,0,unknown_official_row_manifest_unavailable
zhao-vaccine-4235e6d69f92bbd5,0,0,0,0,0,0,0,0,0,0,0,unknown_official_row_manifest_unavailable
zhao-vaccine-d02ba01dc53c000d,1,0,0,0,0,0,0,0,0,0,0,unknown_official_row_manifest_unavailable
zhao-vaccine-2cb0e7ca904e77d9,1,0,0,0,0,0,0,0,0,0,0,unknown_official_row_manifest_unavailable
zhao-vaccine-f840dd851aae3824,1,0,0,0,0,0,0,0,0,0,0,unknown_official_row_manifest_unavailable
zhao-vaccine-68a434f6aca144e8,1,0,0,0,0,0,0,0,0,0,0,unknown_official_row_manifest_unavailable
zhao-vaccine-0e1a76b226778434,0,0,0,0,0,0,0,0,0,0,0,unknown_official_row_manifest_unavailable
zhao-vaccine-721dee814c7f8a57,1,0,0,0,0,0,0,0,0,0,0,unknown_official_row_manifest_unavailable
zhao-vaccine-8da882afc2068d8a,1,0,0,0,0,0,0,0,0,0,0,unknown_official_row_manifest_unavailable
zhao-vaccine-45383782e52dba9f,1,0,0,0,0,0,0,0,0,0,0,unknown_official_row_manifest_unavailable
zhao-vaccine-b12f5ac75bfe6b89,1,0,0,0,0,0,0,0,0,0,0,unknown_official_row_manifest_unavailable
zhao-vaccine-0e0a9637ed1282c1,0,0,0,0,0,0,0,0,0,0,0,unknown_official_row_manifest_unavailable
zhao-vaccine-7abc1c35e3ccf355,0,0,0,0,0,0,0,0,0,0,0,unknown_official_row_manifest_unavailable
zhao-vaccine-f318b7095b4ef52c,1,0,0,0,0,0,0,0,0,0,0,unknown_official_row_manifest_unavailable
zhao-vaccine-78297893a7d3d0ba,0,0,0,0,0,0,0,0,0,0,0,unknown_official_row_manifest_unavailable
zhao-vaccine-ca490b1797ede1e9,0,0,0,0,0,0,0,0,0,0,0,unknown_official_row_manifest_unavailable
zhao-vaccine-9362a3e8b434e17a,0,0,0,0,0,0,0,0,0,0,0,unknown_official_row_manifest_unavailable
zhao-vaccine-d05f94d034d5e2d6,0,0,0,0,0,0,0,0,0,0,0,unknown_official_row_manifest_unavailable
zhao-vaccine-3ebcaa48f079929c,1,0,0,0,0,0,0,0,0,0,0,unknown_official_row_manifest_unavailable
zhao-vaccine-5ade12ab778df5ff,0,0,0,0,0,0,0,0,0,0,0,unknown_official_row_manifest_unavailable
zhao-vaccine-965e2dc89d4a2a57,0,0,0,0,0,0,0,0,0,0,0,unknown_official_row_manifest_unavailable
zhao-vaccine-4a37b653a73277cb,0,0,0,0,0,0,0,0,0,0,0,unknown_official_row_manifest_unavailable
zhao-vaccine-68e61ae20327db08,1,0,0,0,0,0,0,0,0,0,0,unknown_official_row_manifest_unavailable
zhao-vaccine-0a0eb08146a9e58f,0,0,0,0,0,0,0,0,0,0,0,unknown_official_row_manifest_unavailable
zhao-vaccine-e5ac726938f48c5d,0,0,0,0,0,0,0,0,0,0,0,unknown_official_row_manifest_unavailable
zhao-vaccine-dd30fe354dc0c723,0,0,0,0,0,0,0,0,0,0,0,unknown_official_row_manifest_unavailable
zhao-vaccine-e46cba4d94b1bd9e,0,0,0,0,0,0,0,0,0,0,0,unknown_official_row_manifest_unavailable
zhao-vaccine-1217ba726b35ed9d,0,0,0,0,0,0,0,0,0,0,0,unknown_official_row_manifest_unavailable
zhao-vaccine-83bbda76fb652d04,0,0,0,0,0,0,0,0,0,0,0,unknown_official_row_manifest_unavailable
zhao-vaccine-e99a9dc2f937246e,0,0,0,0,0,0,0,0,0,0,0,unknown_official_row_manifest_unavailable
zhao-vaccine-3ad1731be926e556,0,0,0,0,0,0,0,0,0,0,0,unknown_official_row_manifest_unavailable
zhao-vaccine-b9b9751942a91107,0,0,0,0,0,0,0,0,0,0,0,unknown_official_row_manifest_unavailable
zhao-vaccine-91666c65422008e9,1,0,0,0,0,0,0,0,0,0,0,unknown_official_row_manifest_unavailable
zhao-vaccine-cdb5d238c73f1200,0,0,0,0,0,0,0,0,0,0,0,unknown_official_row_manifest_unavailable
zhao-vaccine-e371cb75a5a01267,0,0,0,0,0,0,0,0,0,0,0,unknown_official_row_manifest_unavailable
zhao-vaccine-15446e222104cacb,0,0,0,0,0,0,0,0,0,0,0,unknown_official_row_manifest_unavailable
zhao-vaccine-d2e2e9a9a8a8791f,0,0,0,0,0,0,0,0,0,0,0,unknown_official_row_manifest_unavailable
zhao-vaccine-add9dc988b885c6f,0,0,0,0,0,0,0,0,0,0,0,unknown_official_row_manifest_unavailable
zhao-vaccine-05fa169c96907506,0,0,0,0,0,0,0,0,0,0,0,unknown_official_row_manifest_unavailable
zhao-vaccine-fe5e333b881da058,1,0,0,0,0,0,0,0,0,0,0,unknown_official_row_manifest_unavailable
zhao-vaccine-a1f11828eab95061,0,0,0,0,0,0,0,0,0,0,0,unknown_official_row_manifest_unavailable
zhao-vaccine-4976b66839febef0,0,0,0,0,0,0,0,0,0,0,0,unknown_official_row_manifest_unavailable
zhao-vaccine-ca5cbad36e6778e3,0,0,0,0,0,0,0,0,0,0,0,unknown_official_row_manifest_unavailable
zhao-vaccine-36f07ee5c996dad0,1,0,0,0,0,0,0,0,0,0,0,unknown_official_row_manifest_unavailable
zhao-vaccine-623cfad1dc12cce2,1,0,0,0,0,0,0,0,0,0,0,unknown_official_row_manifest_unavailable
zhao-vaccine-d41aafddc13976b8,1,0,0,0,0,0,0,0,0,0,0,unknown_official_row_manifest_unavailable
zhao-vaccine-27d07976725d29e9,1,0,0,0,0,0,0,0,0,0,0,unknown_official_row_manifest_unavailable
zhao-vaccine-7e2ffaba808811ba,0,0,0,0,0,0,0,0,0,0,0,unknown_official_row_manifest_unavailable
zhao-vaccine-4ea2fcd0fcbe695b,0,0,0,0,0,0,0,0,0,0,0,unknown_official_row_manifest_unavailable
zhao-vaccine-5f1312331fdfb170,0,0,0,0,0,0,0,0,0,0,0,unknown_official_row_manifest_unavailable
zhao-vaccine-1e73947ea9698cd9,0,0,0,0,0,0,0,0,0,0,0,unknown_official_row_manifest_unavailable
zhao-vaccine-3b94a7db18ed886c,0,0,0,0,0,0,0,0,0,0,0,unknown_official_row_manifest_unavailable
zhao-vaccine-f375803c6f3695b8,0,0,0,0,0,0,0,0,0,0,0,unknown_official_row_manifest_unavailable
zhao-vaccine-4f915ffeb85dbc8d,0,0,0,0,0,0,0,0,0,0,0,unknown_official_row_manifest_unavailable
zhao-vaccine-0a499f1b47d241ee,0,0,0,0,0,0,0,0,0,0,0,unknown_official_row_manifest_unavailable
zhao-vaccine-c1ddf01a1259a6bb,0,0,0,0,0,0,0,0,0,0,0,unknown_official_row_manifest_unavailable
zhao-vaccine-a7117a4ef7e4c666,1,0,0,0,0,0,0,0,0,0,0,unknown_official_row_manifest_unavailable
zhao-vaccine-2f16d7a7b8377c8f,0,0,0,0,0,0,0,0,0,0,0,unknown_official_row_manifest_unavailable
zhao-vaccine-b18aa826b16d7473,0,0,0,0,0,0,0,0,0,0,0,unknown_official_row_manifest_unavailable
zhao-vaccine-32935ef444cf0d1a,0,0,0,0,0,0,0,0,0,0,0,unknown_official_row_manifest_unavailable
zhao-vaccine-eef0dcadc94c2b17,0,0,0,0,0,0,0,0,0,0,0,unknown_official_row_manifest_unavailable
zhao-vaccine-2e4ead9606072288,0,0,0,0,0,0,0,0,0,0,0,unknown_official_row_manifest_unavailable
zhao-vaccine-4530abbf39780e70,1,0,0,0,0,0,0,0,0,0,0,unknown_official_row_manifest_unavailable
zhao-vaccine-0cebec48fdf19314,1,0,0,0,0,0,0,0,0,0,0,unknown_official_row_manifest_unavailable
zhao-vaccine-1e0e282136a23d80,1,0,0,0,0,0,0,0,0,0,0,unknown_official_row_manifest_unavailable
zhao-vaccine-14a6f9f5f9c4b644,1,0,0,0,0,0,0,0,0,0,0,unknown_official_row_manifest_unavailable
zhao-vaccine-28a198f03d6a3d2b,1,0,0,0,0,0,0,0,0,0,0,unknown_official_row_manifest_unavailable
zhao-vaccine-a84cc466cc5afbbe,1,0,0,0,0,0,0,0,0,0,0,unknown_official_row_manifest_unavailable
zhao-vaccine-ef3f5ad4b93866cc,0,0,0,0,0,0,0,0,0,0,0,unknown_official_row_manifest_unavailable
zhao-vaccine-574c8885e9744870,0,0,0,0,0,0,0,0,0,0,0,unknown_official_row_manifest_unavailable
zhao-vaccine-82adf1f14fa8a979,0,0,0,0,0,0,0,0,0,0,0,unknown_official_row_manifest_unavailable
zhao-vaccine-901263935668805b,0,0,0,0,0,0,0,0,0,0,0,unknown_official_row_manifest_unavailable
zhao-vaccine-74933d8cbe88ccd3,0,0,0,0,0,0,0,0,0,0,0,unknown_official_row_manifest_unavailable
zhao-vaccine-a5f23bb559b34bec,0,0,0,0,0,0,0,0,0,0,0,unknown_official_row_manifest_unavailable
zhao-vaccine-f6fad87ef2b47eb9,0,0,0,0,0,0,0,0,0,0,0,unknown_official_row_manifest_unavailable
zhao-vaccine-0262934196cb9e41,0,0,0,0,0,0,0,0,0,0,0,unknown_official_row_manifest_unavailable
zhao-vaccine-1b06ec46d9433877,1,0,0,0,0,0,0,0,0,0,0,unknown_official_row_manifest_unavailable
zhao-vaccine-7b2afc20a6b058a9,0,0,0,0,0,0,0,0,0,0,0,unknown_official_row_manifest_unavailable
zhao-vaccine-baae71af4bb9e079,0,0,0,0,0,0,0,0,0,0,0,unknown_official_row_manifest_unavailable
zhao-vaccine-7a024abbd4a188e0,0,0,0,0,0,0,0,0,0,0,0,unknown_official_row_manifest_unavailable
zhao-vaccine-19d5e810431b3469,0,0,0,0,0,0,0,0,0,0,0,unknown_official_row_manifest_unavailable
zhao-vaccine-f7e33e7285d5153f,0,0,0,0,0,0,0,0,0,0,0,unknown_official_row_manifest_unavailable
zhao-vaccine-4047f64ca9c106e4,0,0,0,0,0,0,0,0,0,0,0,unknown_official_row_manifest_unavailable
zhao-vaccine-847c20e7477bba02,1,0,0,0,0,0,0,0,0,0,0,unknown_official_row_manifest_unavailable
zhao-vaccine-bb485ecb0ce26b91,1,0,0,0,0,0,0,0,0,0,0,unknown_official_row_manifest_unavailable
zhao-vaccine-c05bac34add61bb1,1,0,0,0,0,0,0,0,0,0,0,unknown_official_row_manifest_unavailable
zhao-vaccine-5534446f3d190f70,0,0,0,0,0,0,0,0,0,0,0,unknown_official_row_manifest_unavailable
zhao-vaccine-53388bac37626a87,0,0,0,0,0,0,0,0,0,0,0,unknown_official_row_manifest_unavailable
zhao-vaccine-8abf1996ba692904,1,0,0,0,0,0,0,0,0,0,0,unknown_official_row_manifest_unavailable
zhao-vaccine-757ae8492c22eb3f,0,0,0,0,0,0,0,0,0,0,0,unknown_official_row_manifest_unavailable
zhao-vaccine-3ea5228db64f8d96,1,0,0,0,0,0,0,0,0,0,0,unknown_official_row_manifest_unavailable
zhao-vaccine-4790475ca217608e,0,0,0,0,0,0,0,0,0,0,0,unknown_official_row_manifest_unavailable
zhao-vaccine-afd5e19a1b147b9a,0,0,0,0,0,0,0,0,0,0,0,unknown_official_row_manifest_unavailable
zhao-vaccine-6cab74d4a96292f4,0,0,0,0,0,0,0,0,0,0,0,unknown_official_row_manifest_unavailable
zhao-vaccine-0f291bbc2c7c1b5f,0,0,0,0,0,0,0,0,0,0,0,unknown_official_row_manifest_unavailable
zhao-vaccine-a7aa287de24c9826,0,0,0,0,0,0,0,0,0,0,0,unknown_official_row_manifest_unavailable
zhao-vaccine-f1f94e300dd118aa,1,0,0,0,0,0,0,0,0,0,0,unknown_official_row_manifest_unavailable
zhao-vaccine-e6b1f83b3277b8d9,0,0,0,0,0,0,0,0,0,0,0,unknown_official_row_manifest_unavailable
zhao-vaccine-dd6ecef799be6c63,0,0,0,0,0,0,0,0,0,0,0,unknown_official_row_manifest_unavailable
zhao-vaccine-f55395eba5409875,0,0,0,0,0,0,0,0,0,0,0,unknown_official_row_manifest_unavailable
zhao-vaccine-b9a94da25e365890,0,0,0,0,0,0,0,0,0,0,0,unknown_official_row_manifest_unavailable
zhao-vaccine-a049a2f2e4b35180,0,0,0,0,0,0,0,0,0,0,0,unknown_official_row_manifest_unavailable
zhao-vaccine-13d286ba01d0a83e,0,0,0,0,0,0,0,0,0,0,0,unknown_official_row_manifest_unavailable
zhao-vaccine-b038f5f750d38efd,0,0,0,0,0,0,0,0,0,0,0,unknown_official_row_manifest_unavailable
zhao-vaccine-d748dbaed29682c9,0,0,0,0,0,0,0,0,0,0,0,unknown_official_row_manifest_unavailable
zhao-vaccine-9ee1859f9bbf0ae8,0,0,0,0,0,0,0,0,0,0,0,unknown_official_row_manifest_unavailable
zhao-vaccine-2fdfa797ea37ce66,0,0,0,0,0,0,0,0,0,0,0,unknown_official_row_manifest_unavailable
zhao-vaccine-b2c9e6232941da23,0,0,0,0,0,0,0,0,0,0,0,unknown_official_row_manifest_unavailable
zhao-vaccine-6091222d399811e6,0,0,0,0,0,0,0,0,0,0,0,unknown_official_row_manifest_unavailable
zhao-vaccine-1b161db2ed733492,0,0,0,0,0,0,0,0,0,0,0,unknown_official_row_manifest_unavailable
zhao-vaccine-263acd72c8883e72,0,0,0,0,0,0,0,0,0,1,0,unknown_official_row_manifest_unavailable
zhao-vaccine-ea9b42df33b35136,0,0,0,0,0,0,0,0,0,0,0,unknown_official_row_manifest_unavailable
zhao-vaccine-ac1f5e7f4a167598,0,0,0,0,0,0,0,0,0,0,0,unknown_official_row_manifest_unavailable
zhao-vaccine-908da7f0c6dbf27e,0,0,0,0,0,0,0,0,0,0,0,unknown_official_row_manifest_unavailable
zhao-vaccine-031c5d86a2e63417,0,0,0,0,0,0,0,0,0,0,0,unknown_official_row_manifest_unavailable
zhao-vaccine-4795d6108b3fcf2f,0,0,0,0,0,0,0,0,0,0,0,unknown_official_row_manifest_unavailable
zhao-vaccine-805f739bbbe2a085,0,0,0,0,0,0,0,0,0,0,0,unknown_official_row_manifest_unavailable
zhao-vaccine-70221838fed9296f,0,0,0,0,0,0,0,0,0,0,0,unknown_official_row_manifest_unavailable
zhao-vaccine-cd42d37b5144c969,0,0,0,0,0,0,0,0,0,0,0,unknown_official_row_manifest_unavailable
zhao-vaccine-798e8c8cb4ead921,0,0,0,0,0,0,0,0,0,0,0,unknown_official_row_manifest_unavailable
zhao-vaccine-709599a72a22a926,0,0,0,0,0,0,0,0,0,0,0,unknown_official_row_manifest_unavailable
zhao-vaccine-fec3c5b2df774825,0,0,0,0,0,0,0,0,0,0,0,unknown_official_row_manifest_unavailable
zhao-vaccine-5a89d94cd81780a6,0,0,0,0,0,0,0,0,0,0,0,unknown_official_row_manifest_unavailable
zhao-vaccine-09ee401936c37fa7,0,0,0,0,0,0,0,0,0,0,0,unknown_official_row_manifest_unavailable
zhao-vaccine-5b3d89b46098fe58,0,0,0,0,0,0,0,0,0,0,0,unknown_official_row_manifest_unavailable
zhao-vaccine-4d3d09eb60c5f34b,0,0,0,0,0,0,0,0,0,0,0,unknown_official_row_manifest_unavailable
zhao-vaccine-a328e5fc04a430e3,0,0,0,0,0,0,0,0,0,0,0,unknown_official_row_manifest_unavailable
zhao-vaccine-fccb7f3ae8f5c7ed,0,0,0,0,0,0,0,0,0,0,0,unknown_official_row_manifest_unavailable
zhao-vaccine-915adc2bcd8e9f65,0,0,0,0,0,0,0,0,0,0,0,unknown_official_row_manifest_unavailable
zhao-vaccine-2850ba32b283001a,0,0,0,0,0,0,0,0,0,0,0,unknown_official_row_manifest_unavailable
zhao-vaccine-cd86df511d584650,0,0,0,0,0,0,0,0,0,0,0,unknown_official_row_manifest_unavailable
zhao-vaccine-8efa39564b99c4a6,0,0,0,0,0,0,0,0,0,0,0,unknown_official_row_manifest_unavailable
zhao-vaccine-4ad340d38191a34c,0,0,0,0,0,0,0,0,0,0,0,unknown_official_row_manifest_unavailable
zhao-vaccine-f8ee8bb521237a3f,0,0,0,0,0,0,0,0,0,0,0,unknown_official_row_manifest_unavailable
zhao-vaccine-3f67c407a7230fb3,0,0,0,0,0,0,0,0,0,0,0,unknown_official_row_manifest_unavailable
zhao-vaccine-d6255db4b7fdd63b,0,0,0,0,0,0,0,0,0,0,0,unknown_official_row_manifest_unavailable
zhao-vaccine-d8c6932c34ad2191,1,0,0,0,0,0,0,0,0,0,0,unknown_official_row_manifest_unavailable
zhao-vaccine-a3601d5320ed6e38,0,0,0,0,0,0,0,0,0,0,0,unknown_official_row_manifest_unavailable
zhao-vaccine-86b69c161becb07f,0,0,0,0,0,0,0,0,0,0,0,unknown_official_row_manifest_unavailable
zhao-vaccine-8025dcb106d1995a,0,0,0,0,0,0,0,0,0,0,0,unknown_official_row_manifest_unavailable
zhao-vaccine-b97bb436ed02cdf5,0,0,0,0,0,0,0,0,0,0,0,unknown_official_row_manifest_unavailable
zhao-vaccine-f363bfe0d8b4dd32,0,0,0,0,0,0,0,0,0,0,0,unknown_official_row_manifest_unavailable
zhao-vaccine-0fba2a8bc58d9236,0,0,0,0,0,0,0,0,0,0,0,unknown_official_row_manifest_unavailable
zhao-vaccine-2e34af137aef944c,1,0,0,0,0,0,0,0,0,0,0,unknown_official_row_manifest_unavailable
zhao-vaccine-181e81b5e44272c6,0,0,0,0,0,0,0,0,0,0,0,unknown_official_row_manifest_unavailable
zhao-vaccine-bfd366de75e0e09e,0,0,0,0,0,0,0,0,0,0,0,unknown_official_row_manifest_unavailable
zhao-vaccine-87c75460d38d08e9,1,0,0,0,0,0,0,0,0,0,0,unknown_official_row_manifest_unavailable
zhao-vaccine-30adaa3969782222,0,0,0,0,0,0,0,0,0,0,0,unknown_official_row_manifest_unavailable
zhao-vaccine-63fd3942caea490b,0,0,0,0,0,0,0,0,0,0,0,unknown_official_row_manifest_unavailable
zhao-vaccine-24d2d07ca8e2377f,0,0,0,0,0,0,0,0,0,0,0,unknown_official_row_manifest_unavailable
zhao-vaccine-fcaca752fcb71c95,0,0,0,0,0,0,0,0,0,0,0,unknown_official_row_manifest_unavailable
zhao-vaccine-cc83beed24066d27,0,0,0,0,0,0,0,0,0,0,0,unknown_official_row_manifest_unavailable
zhao-vaccine-3dc3a5fedb44c738,0,0,0,0,0,0,0,0,0,0,0,unknown_official_row_manifest_unavailable
zhao-vaccine-61e2eb896e39a71a,1,0,0,0,0,0,0,0,0,0,0,unknown_official_row_manifest_unavailable
zhao-vaccine-a2baf0b885265cc4,0,0,0,0,0,0,0,0,0,0,0,unknown_official_row_manifest_unavailable
zhao-vaccine-723c07672285f426,0,0,0,0,0,0,0,0,0,0,0,unknown_official_row_manifest_unavailable
zhao-vaccine-21600a4722a9456b,0,0,0,0,0,0,0,0,0,0,0,unknown_official_row_manifest_unavailable
zhao-vaccine-41e40bf9c0cef1b9,1,0,0,0,0,0,0,0,0,0,0,unknown_official_row_manifest_unavailable
zhao-vaccine-f772d44d15868d84,1,0,0,0,0,0,0,0,0,0,0,unknown_official_row_manifest_unavailable
zhao-vaccine-c06a6c0b6ba9ccc2,1,0,0,0,0,0,0,0,0,0,0,unknown_official_row_manifest_unavailable
zhao-vaccine-882a48551f5bbe82,1,0,0,0,0,0,0,0,0,0,0,unknown_official_row_manifest_unavailable
zhao-vaccine-938e8eb3b62a04fa,0,0,0,0,0,0,0,0,0,0,0,unknown_official_row_manifest_unavailable
zhao-vaccine-44db9eff40c7ac4b,0,0,0,0,0,0,0,0,0,0,0,unknown_official_row_manifest_unavailable
zhao-vaccine-3c10f98fea9749ac,0,0,0,0,0,0,0,0,0,0,0,unknown_official_row_manifest_unavailable
zhao-vaccine-412fd5789a6e82ab,0,0,0,0,0,0,0,0,0,0,0,unknown_official_row_manifest_unavailable
zhao-vaccine-2c13df52c9d6fdf1,1,0,0,0,0,0,0,0,0,0,0,unknown_official_row_manifest_unavailable
zhao-vaccine-22c079fe2694c804,0,0,0,0,0,0,0,0,0,0,0,unknown_official_row_manifest_unavailable
zhao-vaccine-cd526b2c1907ac73,1,0,0,0,0,0,0,0,0,0,0,unknown_official_row_manifest_unavailable
zhao-vaccine-8ac5cf800546df58,1,0,0,0,0,0,0,0,0,0,0,unknown_official_row_manifest_unavailable
zhao-vaccine-00c1dcc185bde872,0,0,0,0,0,0,0,0,0,0,0,unknown_official_row_manifest_unavailable
zhao-vaccine-d78fee591be503a1,0,0,0,0,0,0,0,0,0,0,0,unknown_official_row_manifest_unavailable
zhao-vaccine-09b6e33926787118,0,0,0,0,0,0,0,0,0,0,0,unknown_official_row_manifest_unavailable
zhao-vaccine-a8525b43cfc364ce,0,0,0,0,0,0,0,0,0,0,0,unknown_official_row_manifest_unavailable
zhao-vaccine-65294b91c49a1a7d,1,0,0,0,0,0,0,0,0,0,0,unknown_official_row_manifest_unavailable
zhao-vaccine-2ff4768cbbf94e4c,0,0,0,0,0,0,0,0,0,0,0,unknown_official_row_manifest_unavailable
zhao-vaccine-01cd981de90c3d60,0,0,0,0,0,0,0,0,0,0,0,unknown_official_row_manifest_unavailable
zhao-vaccine-e43e167f3e1e4297,0,0,0,0,0,0,0,0,0,0,0,unknown_official_row_manifest_unavailable
zhao-vaccine-4eddbf01a9786d30,0,0,0,0,0,0,0,0,0,0,0,unknown_official_row_manifest_unavailable
zhao-vaccine-fa0115a2ee0cdc16,1,0,0,0,0,0,0,0,0,0,0,unknown_official_row_manifest_unavailable
zhao-vaccine-18899191312d29f0,0,0,0,0,0,0,0,0,0,0,0,unknown_official_row_manifest_unavailable
zhao-vaccine-06be400bb4a0453e,0,0,0,0,0,0,0,0,0,0,0,unknown_official_row_manifest_unavailable
zhao-vaccine-e0b596dc1a05778f,0,0,0,0,0,0,0,0,0,0,0,unknown_official_row_manifest_unavailable
zhao-vaccine-1c4bbb79c97e8575,0,0,0,0,0,0,0,0,0,0,0,unknown_official_row_manifest_unavailable
zhao-vaccine-a9bbd7265634e145,0,0,0,0,0,0,0,0,0,0,0,unknown_official_row_manifest_unavailable
zhao-vaccine-bb6eb34428fdcc0c,0,0,0,0,0,0,0,0,0,0,0,unknown_official_row_manifest_unavailable
zhao-vaccine-bc0a1780a417046d,0,0,0,0,0,0,0,0,0,0,0,unknown_official_row_manifest_unavailable
zhao-vaccine-b30a776cdfe26224,1,0,0,0,0,0,0,0,0,0,0,unknown_official_row_manifest_unavailable
zhao-vaccine-76fda69f2421b833,0,0,0,0,0,0,0,0,0,0,0,unknown_official_row_manifest_unavailable
zhao-vaccine-9360840d0776a1aa,0,0,0,0,0,0,0,0,0,0,0,unknown_official_row_manifest_unavailable
zhao-vaccine-ba1d9463aef66318,0,0,0,0,0,0,0,0,0,0,0,unknown_official_row_manifest_unavailable
zhao-vaccine-809ea96fe6eff952,0,0,0,0,0,0,0,0,0,0,0,unknown_official_row_manifest_unavailable
zhao-vaccine-ab50749b1824253d,0,0,0,0,0,0,0,0,0,0,0,unknown_official_row_manifest_unavailable
zhao-vaccine-0a9d514e34065af1,0,0,0,0,0,0,0,0,0,0,0,unknown_official_row_manifest_unavailable
zhao-vaccine-7cb7f9d86207d395,0,0,0,0,0,0,0,0,0,0,0,unknown_official_row_manifest_unavailable
zhao-vaccine-1d6dc5a561493d8b,0,0,0,0,0,0,0,0,0,0,0,unknown_official_row_manifest_unavailable
zhao-vaccine-0f2474dc1098b847,0,0,0,0,0,0,0,0,0,0,0,unknown_official_row_manifest_unavailable
zhao-vaccine-93437d0ca6cc3f4a,0,0,0,0,0,0,0,0,0,0,0,unknown_official_row_manifest_unavailable
zhao-vaccine-7cefccc42174ee95,0,0,0,0,0,0,0,0,0,0,0,unknown_official_row_manifest_unavailable
zhao-vaccine-079ef0271ac9e975,0,0,0,0,0,0,0,0,0,0,0,unknown_official_row_manifest_unavailable
zhao-vaccine-b41967fa4cf49b25,0,0,0,0,0,0,0,0,0,0,0,unknown_official_row_manifest_unavailable
zhao-vaccine-946ddf2c6a43b996,0,0,0,0,0,0,0,0,0,0,0,unknown_official_row_manifest_unavailable
zhao-vaccine-722b8a2ea5f24a03,0,0,0,0,0,0,0,0,0,0,0,unknown_official_row_manifest_unavailable
zhao-vaccine-3626f70f7a07035f,0,0,0,0,0,0,0,0,0,0,0,unknown_official_row_manifest_unavailable
zhao-vaccine-8cabf7e977217886,0,0,0,0,0,0,0,0,0,0,0,unknown_official_row_manifest_unavailable
zhao-vaccine-7228155ba0aa5c5f,0,0,0,0,0,0,0,0,0,0,0,unknown_official_row_manifest_unavailable
zhao-vaccine-0ba58e68d7f5133b,0,0,0,0,0,0,0,0,0,0,0,unknown_official_row_manifest_unavailable
zhao-vaccine-e4deb194a1357a71,0,0,0,0,0,0,0,0,0,0,0,unknown_official_row_manifest_unavailable
zhao-vaccine-19c376b64f0b1de2,0,0,0,0,0,0,0,0,0,0,0,unknown_official_row_manifest_unavailable
zhao-vaccine-140491b1fa68941f,0,0,0,0,0,0,0,0,0,0,0,unknown_official_row_manifest_unavailable
zhao-vaccine-151f78b5a753d106,0,0,0,0,0,0,0,0,0,0,0,unknown_official_row_manifest_unavailable
zhao-vaccine-eb0ad728400653ac,0,0,0,0,0,0,0,0,0,0,0,unknown_official_row_manifest_unavailable
zhao-vaccine-99f8df5e12f8b46e,0,0,0,0,0,0,0,0,0,0,0,unknown_official_row_manifest_unavailable
zhao-vaccine-40fbb3f28a53a8a7,0,0,0,0,0,0,0,0,0,0,0,unknown_official_row_manifest_unavailable
zhao-vaccine-82a23958d254b203,0,0,0,0,0,0,0,0,0,0,0,unknown_official_row_manifest_unavailable
zhao-vaccine-713689999ba72283,0,0,0,0,0,0,0,0,0,0,0,unknown_official_row_manifest_unavailable
zhao-vaccine-a575ae6fd2b17237,0,0,0,0,0,0,0,0,0,0,0,unknown_official_row_manifest_unavailable
zhao-vaccine-95fd7c896d0867e5,0,0,0,0,0,0,0,0,0,0,0,unknown_official_row_manifest_unavailable
zhao-vaccine-d4a4ca1acb79296d,0,0,0,0,0,0,0,0,0,0,0,unknown_official_row_manifest_unavailable
zhao-vaccine-c1207e03b56471ef,0,0,0,0,0,0,0,0,0,0,0,unknown_official_row_manifest_unavailable
zhao-vaccine-5471c61d183ccb8a,0,0,0,0,0,0,0,0,0,0,0,unknown_official_row_manifest_unavailable
zhao-vaccine-3747b31ac9667d99,0,0,0,0,0,0,0,0,0,0,0,unknown_official_row_manifest_unavailable
zhao-vaccine-2ac9c0797079a8f8,0,0,0,0,0,0,0,0,0,0,0,unknown_official_row_manifest_unavailable
zhao-vaccine-cea4c99c6b575a84,0,0,0,0,0,0,0,0,0,0,0,unknown_official_row_manifest_unavailable
zhao-vaccine-c65e76b58623ec6f,0,0,0,0,0,0,0,0,0,0,0,unknown_official_row_manifest_unavailable
zhao-vaccine-30cffa2eae82fc65,0,0,0,0,0,0,0,0,0,0,0,unknown_official_row_manifest_unavailable
zhao-vaccine-5271e489e168317d,0,0,0,0,0,0,0,0,0,0,0,unknown_official_row_manifest_unavailable
zhao-vaccine-c869d0ab10b4d9c8,0,0,0,0,0,0,0,0,0,0,0,unknown_official_row_manifest_unavailable
zhao-vaccine-5de825ff36eeb4cd,0,0,0,0,0,0,0,0,0,0,0,unknown_official_row_manifest_unavailable
zhao-vaccine-8a1df542b0c6078e,0,0,0,0,0,0,0,0,0,0,0,unknown_official_row_manifest_unavailable
zhao-vaccine-b97c99a9a7b58e43,0,0,0,0,0,0,0,0,0,0,0,unknown_official_row_manifest_unavailable
zhao-vaccine-eae16822f375c784,0,0,0,0,0,0,0,0,0,0,0,unknown_official_row_manifest_unavailable
zhao-vaccine-84d0fd643fa679a7,0,0,0,0,0,0,0,0,0,0,0,unknown_official_row_manifest_unavailable
zhao-vaccine-47c911d1a48723c2,0,0,0,0,0,0,0,0,0,0,0,unknown_official_row_manifest_unavailable
zhao-vaccine-00a60dae88e48c26,0,0,0,0,0,0,0,0,0,0,0,unknown_official_row_manifest_unavailable
zhao-vaccine-d8a8dac7ed33ad24,0,0,0,0,0,0,0,0,0,0,0,unknown_official_row_manifest_unavailable
zhao-vaccine-1f30d870df77aaaf,1,0,0,0,0,0,0,0,0,0,0,unknown_official_row_manifest_unavailable
zhao-vaccine-d2ce7cae6d60843b,0,0,0,0,0,0,0,0,0,0,0,unknown_official_row_manifest_unavailable
zhao-vaccine-9041951216454b7e,1,0,0,0,0,0,0,0,0,0,0,unknown_official_row_manifest_unavailable
zhao-vaccine-30d18a9534ed46fd,1,0,0,0,0,0,0,0,0,0,0,unknown_official_row_manifest_unavailable
zhao-vaccine-0694786ec4b3bbc4,1,0,0,0,0,0,0,0,0,0,0,unknown_official_row_manifest_unavailable
zhao-vaccine-20ff43cf2c8610ca,1,0,0,0,0,0,0,0,0,0,0,unknown_official_row_manifest_unavailable
zhao-vaccine-022a87c5e80b550a,0,0,0,0,0,0,0,0,0,0,0,unknown_official_row_manifest_unavailable
zhao-vaccine-3dbb935d8070d9d5,0,0,0,0,0,0,0,0,0,0,0,unknown_official_row_manifest_unavailable
zhao-vaccine-0702ce1c17bfdb8a,0,0,0,0,0,0,0,0,0,0,0,unknown_official_row_manifest_unavailable
zhao-vaccine-c35a927cccb1663e,1,0,0,0,0,0,0,0,0,0,0,unknown_official_row_manifest_unavailable
zhao-vaccine-60384e36ea732f65,1,0,0,0,0,0,0,0,0,0,0,unknown_official_row_manifest_unavailable
zhao-vaccine-e78c9fc98da01c4d,1,0,0,0,0,0,0,0,0,0,0,unknown_official_row_manifest_unavailable
zhao-vaccine-150c426926b7bf2c,1,0,0,0,0,0,0,0,0,0,0,unknown_official_row_manifest_unavailable
zhao-vaccine-6862cd4e653c1828,0,0,0,0,0,0,0,0,0,0,0,unknown_official_row_manifest_unavailable
zhao-vaccine-5906d463321eec30,0,0,0,0,0,0,0,0,0,0,0,unknown_official_row_manifest_unavailable
zhao-vaccine-d838759e43906b9e,0,0,0,0,0,0,0,0,0,0,0,unknown_official_row_manifest_unavailable
zhao-vaccine-f56a3859d007d5ea,0,0,0,0,0,0,0,0,0,0,0,unknown_official_row_manifest_unavailable
zhao-vaccine-8dad62203483ce1a,0,0,0,0,0,0,0,0,0,0,0,unknown_official_row_manifest_unavailable
zhao-vaccine-0297677f678e6640,0,0,0,0,0,0,0,0,0,0,0,unknown_official_row_manifest_unavailable
zhao-vaccine-0cc663f1083811c9,0,0,0,0,0,0,0,0,0,0,0,unknown_official_row_manifest_unavailable
zhao-vaccine-234211c4399c1179,0,0,0,0,0,0,0,0,0,0,0,unknown_official_row_manifest_unavailable
zhao-vaccine-70b77e7605ec1014,0,0,0,0,0,0,0,0,0,0,0,unknown_official_row_manifest_unavailable
zhao-vaccine-94637f4b40db0bae,0,0,0,0,0,0,0,0,0,0,0,unknown_official_row_manifest_unavailable
zhao-vaccine-8df3abe30ada419b,0,0,0,0,0,0,0,0,0,0,0,unknown_official_row_manifest_unavailable
zhao-vaccine-1349900b079f91d5,0,0,0,0,0,0,0,0,0,0,0,unknown_official_row_manifest_unavailable
zhao-vaccine-180865673008432f,0,0,0,0,0,0,0,0,0,0,0,unknown_official_row_manifest_unavailable
zhao-vaccine-59d5c53567b1f4e7,0,0,0,0,0,0,0,0,0,0,0,unknown_official_row_manifest_unavailable
zhao-vaccine-9237ce7aebed61e3,0,0,0,0,0,0,0,0,0,0,0,unknown_official_row_manifest_unavailable
zhao-vaccine-ef3ae58ddf2195b0,0,0,0,0,0,0,0,0,0,0,0,unknown_official_row_manifest_unavailable
zhao-vaccine-c8db98bd41f0a9df,0,0,0,0,0,0,0,0,0,0,0,unknown_official_row_manifest_unavailable
zhao-vaccine-37e68b546abd5711,0,0,0,0,0,0,0,0,0,0,0,unknown_official_row_manifest_unavailable
zhao-vaccine-645528354f0b9832,0,0,0,0,0,0,0,0,0,0,0,unknown_official_row_manifest_unavailable
zhao-vaccine-06ac4a5ed97705c5,0,0,0,0,0,0,0,0,0,0,0,unknown_official_row_manifest_unavailable
zhao-vaccine-cdc58305626f8a76,0,0,0,0,0,0,0,0,0,0,0,unknown_official_row_manifest_unavailable
zhao-vaccine-1bb5454d726123c4,0,0,0,0,0,0,0,0,0,0,0,unknown_official_row_manifest_unavailable
zhao-vaccine-fc412ba0fecbdccb,0,0,0,0,0,0,0,0,0,0,0,unknown_official_row_manifest_unavailable
zhao-vaccine-dc825f8473ec39fd,0,0,0,0,0,0,0,0,0,0,0,unknown_official_row_manifest_unavailable
zhao-vaccine-df4c8617f3823d34,0,0,0,0,0,0,0,0,0,0,0,unknown_official_row_manifest_unavailable
zhao-vaccine-5536d9cd51935a7c,1,0,0,0,0,0,0,0,0,0,0,unknown_official_row_manifest_unavailable
zhao-vaccine-b38adf1a34a10357,1,0,0,0,0,0,0,0,0,0,0,unknown_official_row_manifest_unavailable
zhao-vaccine-aaddee91634b4a65,1,0,0,0,0,0,0,0,0,0,0,unknown_official_row_manifest_unavailable
zhao-vaccine-3fefaf7cf6c662cd,1,0,0,0,0,0,0,0,0,0,0,unknown_official_row_manifest_unavailable
zhao-vaccine-6628e04f9ddbfbf6,0,0,0,0,0,0,0,0,0,0,0,unknown_official_row_manifest_unavailable
zhao-vaccine-28b6cea5f1f503f6,0,0,0,0,0,0,0,0,0,0,0,unknown_official_row_manifest_unavailable
zhao-vaccine-7a5eaeb9f38eb2a5,0,0,0,0,0,0,0,0,0,0,0,unknown_official_row_manifest_unavailable
zhao-vaccine-4634de9646f305ec,0,0,0,0,0,0,0,0,0,0,0,unknown_official_row_manifest_unavailable
zhao-vaccine-7afd3356d2ec51b0,0,0,0,0,0,0,0,0,0,0,0,unknown_official_row_manifest_unavailable
zhao-vaccine-fefd263d2f7f6e4b,0,0,0,0,0,0,0,0,0,0,0,unknown_official_row_manifest_unavailable
zhao-vaccine-006db7f66708b833,0,0,0,0,0,0,0,0,0,0,0,unknown_official_row_manifest_unavailable
zhao-vaccine-546e2eb178b315b1,0,0,0,0,0,0,0,0,0,0,0,unknown_official_row_manifest_unavailable
zhao-vaccine-40088cdb03109f67,0,0,0,0,0,0,0,0,0,0,0,unknown_official_row_manifest_unavailable
zhao-vaccine-1e1164e9839091cb,0,0,0,0,0,0,0,0,0,0,0,unknown_official_row_manifest_unavailable
zhao-vaccine-52757f62ded011a3,1,0,0,0,0,0,0,0,0,0,0,unknown_official_row_manifest_unavailable
zhao-vaccine-8ea5312eb0adff73,0,0,0,0,0,0,0,0,0,0,0,unknown_official_row_manifest_unavailable
zhao-vaccine-f1dce5f301e2336e,0,0,0,0,0,0,0,0,0,0,0,unknown_official_row_manifest_unavailable
zhao-vaccine-35a88421aeb0c758,0,0,0,0,0,0,0,0,0,0,0,unknown_official_row_manifest_unavailable
zhao-vaccine-f147d872726839fc,0,0,0,0,0,0,0,0,0,0,0,unknown_official_row_manifest_unavailable
zhao-vaccine-b0eda9d86c2022bb,0,0,0,0,0,0,0,0,0,0,0,unknown_official_row_manifest_unavailable
zhao-vaccine-5cddd1e998209590,0,0,0,0,0,0,0,0,0,0,0,unknown_official_row_manifest_unavailable
zhao-vaccine-eb8ee542e0e4abb0,0,0,0,0,0,0,0,0,0,0,0,unknown_official_row_manifest_unavailable
zhao-vaccine-9cbc55f563fa4d7c,0,0,0,0,0,0,0,0,0,0,0,unknown_official_row_manifest_unavailable
zhao-vaccine-839fc7d85c2fdcb0,0,0,0,0,0,0,0,0,0,0,0,unknown_official_row_manifest_unavailable
zhao-vaccine-0937ca06052a3e32,0,0,0,0,0,0,0,0,0,0,0,unknown_official_row_manifest_unavailable
zhao-vaccine-a9b2ef34a4a4f738,0,0,0,0,0,0,0,0,0,0,0,unknown_official_row_manifest_unavailable
zhao-vaccine-fcec977a276bdf8c,0,0,0,0,0,0,0,0,0,0,0,unknown_official_row_manifest_unavailable
zhao-vaccine-7a09b470d60c0895,0,0,0,0,0,0,0,0,0,0,0,unknown_official_row_manifest_unavailable
zhao-vaccine-3372d006c19f3cc4,0,0,0,0,0,0,0,0,0,0,0,unknown_official_row_manifest_unavailable
zhao-vaccine-b40b1b13f33fc0c2,1,0,0,0,0,0,0,0,0,0,0,unknown_official_row_manifest_unavailable
zhao-vaccine-45cb7fbedbb1c0c3,1,0,0,0,0,0,0,0,0,0,0,unknown_official_row_manifest_unavailable
zhao-vaccine-b349d9cfc662fc3f,0,0,0,0,0,0,0,0,0,0,0,unknown_official_row_manifest_unavailable
zhao-vaccine-ff806cde4c5e99e1,0,0,0,0,0,0,0,0,0,0,0,unknown_official_row_manifest_unavailable
zhao-vaccine-1206dc3feba6e30e,0,0,0,0,0,0,0,0,0,0,0,unknown_official_row_manifest_unavailable
zhao-vaccine-90351014ab7f9ef2,0,0,0,0,0,0,0,0,0,0,0,unknown_official_row_manifest_unavailable
zhao-vaccine-b012698f34ee7444,0,0,0,0,0,0,0,0,0,0,0,unknown_official_row_manifest_unavailable
zhao-vaccine-a2d6b5d52e8e2a06,0,0,0,0,0,0,0,0,0,0,0,unknown_official_row_manifest_unavailable
zhao-vaccine-2a55b2b506873138,0,0,0,0,0,0,0,0,0,0,0,unknown_official_row_manifest_unavailable
zhao-vaccine-0a4af062d10dde2c,0,0,0,0,0,0,0,0,0,0,0,unknown_official_row_manifest_unavailable
zhao-vaccine-ba1d65802cd3eaf9,0,0,0,0,0,0,0,0,0,0,0,unknown_official_row_manifest_unavailable
zhao-vaccine-6632872a0b3e448c,0,0,0,0,0,0,0,0,0,0,0,unknown_official_row_manifest_unavailable
zhao-vaccine-0179e24f8724c4a2,0,0,0,0,0,0,0,0,0,0,0,unknown_official_row_manifest_unavailable
zhao-vaccine-7ba3cb1c854964c6,0,0,0,0,0,0,0,0,0,0,0,unknown_official_row_manifest_unavailable
zhao-vaccine-763cda9e0bb31298,0,0,0,0,0,0,0,0,0,0,0,unknown_official_row_manifest_unavailable
zhao-vaccine-e22b469e68254879,0,0,0,0,0,0,0,0,0,0,0,unknown_official_row_manifest_unavailable
zhao-vaccine-44063f3c8fb4dcf5,1,0,0,0,0,0,0,0,0,0,0,unknown_official_row_manifest_unavailable
zhao-vaccine-d2cfccf2ae541c09,0,0,0,0,0,0,0,0,0,0,0,unknown_official_row_manifest_unavailable
zhao-vaccine-64773930bac26b74,1,0,0,0,0,0,0,0,0,0,0,unknown_official_row_manifest_unavailable
zhao-vaccine-baa1ccdf328ebe08,1,0,0,0,0,0,0,0,0,0,0,unknown_official_row_manifest_unavailable
zhao-vaccine-8bcd58c46c00f5e3,1,0,0,0,0,0,0,0,0,0,0,unknown_official_row_manifest_unavailable
zhao-vaccine-f3de3519292f9040,0,0,0,0,0,0,0,0,0,0,0,unknown_official_row_manifest_unavailable
zhao-vaccine-aaab17ba46dc2729,1,0,0,0,0,0,0,0,0,0,0,unknown_official_row_manifest_unavailable
zhao-vaccine-dc8bf0863af81f55,1,0,0,0,0,0,0,0,0,0,0,unknown_official_row_manifest_unavailable
zhao-vaccine-aef7322119dad1c7,1,0,0,0,0,0,0,0,0,0,0,unknown_official_row_manifest_unavailable
zhao-vaccine-ec94cc88e5d47778,0,0,0,0,0,0,0,0,0,0,0,unknown_official_row_manifest_unavailable
zhao-vaccine-0e08c8e41a1fd3bc,0,0,0,0,0,0,0,0,0,0,0,unknown_official_row_manifest_unavailable
zhao-vaccine-1592302bf61f7835,1,0,0,0,0,0,0,0,0,0,0,unknown_official_row_manifest_unavailable
zhao-vaccine-d94a4ac63f944c6b,0,0,0,0,0,0,0,0,0,0,0,unknown_official_row_manifest_unavailable
zhao-vaccine-c483b1de01ead533,0,0,0,0,0,0,0,0,0,1,0,unknown_official_row_manifest_unavailable
zhao-vaccine-9e8fc39d95a40a1f,0,0,0,0,0,0,0,0,0,0,0,unknown_official_row_manifest_unavailable
zhao-vaccine-6363fe1dd915ea5b,0,0,0,0,0,0,0,0,0,0,0,unknown_official_row_manifest_unavailable
zhao-vaccine-cd64b4192a9c9894,0,0,0,0,0,0,0,0,0,0,0,unknown_official_row_manifest_unavailable
zhao-vaccine-d1371927058a5898,0,0,0,0,0,0,0,0,0,0,0,unknown_official_row_manifest_unavailable
zhao-vaccine-0d7bb9929488898f,0,0,0,0,0,0,0,0,0,0,0,unknown_official_row_manifest_unavailable
zhao-vaccine-3679fae15754e273,1,0,0,0,0,0,0,0,0,0,0,unknown_official_row_manifest_unavailable
zhao-vaccine-a33ee1dd3b2f09a1,0,0,0,0,0,0,0,0,0,0,0,unknown_official_row_manifest_unavailable
zhao-vaccine-112f4a88e10feba3,0,0,0,0,0,0,0,0,0,0,0,unknown_official_row_manifest_unavailable
zhao-vaccine-51e00233f3f7e7ca,0,0,0,0,0,0,0,0,0,0,0,unknown_official_row_manifest_unavailable
zhao-vaccine-a891cfc889051ef8,0,0,0,0,0,0,0,0,0,0,0,unknown_official_row_manifest_unavailable
zhao-vaccine-38e000addf6f4701,0,0,0,0,0,0,0,0,0,0,0,unknown_official_row_manifest_unavailable
zhao-vaccine-a8ebe5e94913fd30,0,0,0,0,0,0,0,0,0,0,0,unknown_official_row_manifest_unavailable
zhao-vaccine-ba8ad90e15f22284,0,0,0,0,0,0,0,0,0,0,0,unknown_official_row_manifest_unavailable
zhao-vaccine-a825adb3986d85b1,0,0,0,0,0,0,0,0,0,0,0,unknown_official_row_manifest_unavailable
zhao-vaccine-d73b9d3454d5e3ba,0,0,0,0,0,0,0,0,0,0,0,unknown_official_row_manifest_unavailable
zhao-vaccine-098597d31e02ff18,0,0,0,0,0,0,0,0,0,0,0,unknown_official_row_manifest_unavailable
zhao-vaccine-e17001ee68f8b2b6,0,0,0,0,0,0,0,0,0,0,0,unknown_official_row_manifest_unavailable
zhao-vaccine-3821bcfab49c8dda,0,0,0,0,0,0,0,0,0,0,0,unknown_official_row_manifest_unavailable
zhao-vaccine-b5376bbf72b75a70,0,0,0,0,0,0,0,0,0,0,0,unknown_official_row_manifest_unavailable
zhao-vaccine-8ce3e00395eaa80f,0,0,0,0,0,0,0,0,0,0,0,unknown_official_row_manifest_unavailable
zhao-vaccine-6fe2d12f3351fe80,0,0,0,0,0,0,0,0,0,0,0,unknown_official_row_manifest_unavailable
zhao-vaccine-e6aa519622814498,0,0,0,0,0,0,0,0,0,0,0,unknown_official_row_manifest_unavailable
zhao-vaccine-28680df863991b81,0,0,0,0,0,0,0,0,0,0,0,unknown_official_row_manifest_unavailable
zhao-vaccine-3a04d026d8ca0c16,0,0,0,0,0,0,0,0,0,0,0,unknown_official_row_manifest_unavailable
zhao-vaccine-8fa00450fd1bd1ea,0,0,0,0,0,0,0,0,0,0,0,unknown_official_row_manifest_unavailable
zhao-vaccine-902524f8714db0a0,0,0,0,0,0,0,0,0,0,0,0,unknown_official_row_manifest_unavailable
zhao-vaccine-166f9c9be7a28013,0,0,0,0,0,0,0,0,0,0,0,unknown_official_row_manifest_unavailable
zhao-vaccine-d4e4cbda7eddf547,0,0,0,0,0,0,0,0,0,0,0,unknown_official_row_manifest_unavailable
zhao-vaccine-1228c02b9ebad53d,0,0,0,0,0,0,0,0,0,0,0,unknown_official_row_manifest_unavailable
zhao-vaccine-16bae7dd6fe15f00,0,0,0,0,0,0,0,0,0,0,0,unknown_official_row_manifest_unavailable
zhao-vaccine-85cf428a5750ca1a,0,0,0,0,0,0,0,0,0,0,0,unknown_official_row_manifest_unavailable
zhao-vaccine-33fd6104c0ed9ad5,0,0,0,0,0,0,0,0,0,0,0,unknown_official_row_manifest_unavailable
zhao-vaccine-4baf337f7a2317cd,0,0,0,0,0,0,0,0,0,0,0,unknown_official_row_manifest_unavailable
zhao-vaccine-77cc94148cfef17a,0,0,0,0,0,0,0,0,0,0,0,unknown_official_row_manifest_unavailable
zhao-vaccine-ec860c1541ddf880,0,0,0,0,0,0,0,0,0,0,0,unknown_official_row_manifest_unavailable
zhao-vaccine-ff0e778a62e2c15f,0,0,0,0,0,0,0,0,0,0,0,unknown_official_row_manifest_unavailable
zhao-vaccine-cfb615fd7a59e172,0,0,0,0,0,0,0,0,0,0,0,unknown_official_row_manifest_unavailable
zhao-vaccine-0bae040f7ad64682,0,0,0,0,0,0,0,0,0,0,0,unknown_official_row_manifest_unavailable
zhao-vaccine-0cf5974c881fdb74,0,0,0,0,0,0,0,0,0,0,0,unknown_official_row_manifest_unavailable
zhao-vaccine-c80f6f094b695166,0,0,0,0,0,0,0,0,0,0,0,unknown_official_row_manifest_unavailable
zhao-vaccine-bed24addf506ce34,0,0,0,0,0,0,0,0,0,0,0,unknown_official_row_manifest_unavailable
zhao-vaccine-dfdd9ca8c63955a9,0,0,0,0,0,0,0,1,0,1,0,unknown_official_row_manifest_unavailable
zhao-vaccine-132b0e1662304a94,0,0,0,0,0,0,0,0,0,0,0,unknown_official_row_manifest_unavailable
zhao-vaccine-f1a49243ae0c64e6,0,0,0,0,0,0,0,0,0,0,0,unknown_official_row_manifest_unavailable
zhao-vaccine-fa380ed85f15cc2e,1,0,0,0,0,0,0,0,0,0,0,unknown_official_row_manifest_unavailable
zhao-vaccine-1dfd583f79b300b6,0,0,0,0,0,0,0,0,0,0,0,unknown_official_row_manifest_unavailable
zhao-vaccine-b1ac9f609618f8ca,0,0,0,0,0,0,0,0,0,0,0,unknown_official_row_manifest_unavailable
zhao-vaccine-fb673980ce81a692,0,0,0,0,0,0,0,0,0,0,0,unknown_official_row_manifest_unavailable
zhao-vaccine-bc737e82b758fa39,0,0,0,0,0,0,0,0,0,0,0,unknown_official_row_manifest_unavailable
zhao-vaccine-6e7ce227f1e7e95c,0,0,0,0,0,0,0,0,0,0,0,unknown_official_row_manifest_unavailable
zhao-vaccine-c85c158e98c6d4ce,1,0,0,0,0,0,0,0,0,0,0,unknown_official_row_manifest_unavailable
zhao-vaccine-b5643709e76f41a2,1,0,0,0,0,0,0,0,0,0,0,unknown_official_row_manifest_unavailable
zhao-vaccine-c324908cc731511f,0,0,0,0,0,0,0,0,0,0,0,unknown_official_row_manifest_unavailable
zhao-vaccine-e26babc136986b5c,0,0,0,0,0,0,0,0,0,0,0,unknown_official_row_manifest_unavailable
zhao-vaccine-ed76349c9e2dd472,0,0,0,0,0,0,0,0,0,1,0,unknown_official_row_manifest_unavailable
zhao-vaccine-f46f09dbc700467c,0,0,0,0,0,0,0,0,0,0,0,unknown_official_row_manifest_unavailable
zhao-vaccine-43909cc41eef52d8,0,0,0,0,0,0,0,0,0,0,0,unknown_official_row_manifest_unavailable
zhao-vaccine-9ff097726bf7df82,0,0,0,0,0,0,0,0,0,0,0,unknown_official_row_manifest_unavailable
zhao-vaccine-07cc120068811e93,0,0,0,0,0,0,0,0,0,0,0,unknown_official_row_manifest_unavailable
zhao-vaccine-cb6e9da5baefeef6,0,0,0,0,0,0,0,0,0,0,0,unknown_official_row_manifest_unavailable
zhao-vaccine-e42e79bfabd35285,0,0,0,0,0,0,0,0,0,0,0,unknown_official_row_manifest_unavailable
zhao-vaccine-eb11477b0efd0a9d,0,0,0,0,0,0,0,0,0,0,0,unknown_official_row_manifest_unavailable
zhao-vaccine-aba286679a3af33b,0,0,0,0,0,0,0,0,0,0,0,unknown_official_row_manifest_unavailable
zhao-vaccine-e001077a510ea0ab,1,0,0,0,0,0,0,0,0,0,0,unknown_official_row_manifest_unavailable
zhao-vaccine-8aedb3da06ef5aa9,0,0,0,0,0,0,0,0,0,0,0,unknown_official_row_manifest_unavailable
zhao-vaccine-4f3da3709e858594,1,0,0,0,0,0,0,0,0,0,0,unknown_official_row_manifest_unavailable
zhao-vaccine-66cf6b1fcec64658,0,0,0,0,0,0,0,0,0,0,0,unknown_official_row_manifest_unavailable
zhao-vaccine-110f8acbe4b1fca8,0,0,0,0,0,0,0,0,0,0,0,unknown_official_row_manifest_unavailable
zhao-vaccine-e9a46f9004af1a7e,0,0,0,0,0,0,0,0,0,0,0,unknown_official_row_manifest_unavailable
zhao-vaccine-e2051480d50651a1,0,0,0,0,0,0,0,0,0,0,0,unknown_official_row_manifest_unavailable
zhao-vaccine-d8c68ff39c6d67bc,0,0,0,0,0,0,0,0,0,0,0,unknown_official_row_manifest_unavailable
zhao-vaccine-bbd81a245bdb6a53,0,0,0,0,0,0,0,0,0,0,0,unknown_official_row_manifest_unavailable
zhao-vaccine-92fd5241864b220f,0,0,0,0,0,0,0,0,0,0,0,unknown_official_row_manifest_unavailable
zhao-vaccine-5d33fb0ff018fbe9,0,0,0,0,0,0,0,0,0,0,0,unknown_official_row_manifest_unavailable
zhao-vaccine-8ee91c6641ca1ff0,0,0,0,0,0,0,0,0,0,0,0,unknown_official_row_manifest_unavailable
zhao-vaccine-9d3f40a0956a4e9d,0,0,0,0,0,0,0,0,0,0,0,unknown_official_row_manifest_unavailable
zhao-vaccine-9901cb3a4b27ed5a,0,0,0,0,0,0,0,0,0,0,0,unknown_official_row_manifest_unavailable
zhao-vaccine-4b07864e3140705d,1,0,0,0,0,0,0,0,0,0,0,unknown_official_row_manifest_unavailable
zhao-vaccine-110db05232ea3082,0,0,0,0,0,0,0,0,0,0,0,unknown_official_row_manifest_unavailable
zhao-vaccine-e4d2b521029f4c75,0,0,0,0,0,0,0,0,0,0,0,unknown_official_row_manifest_unavailable
zhao-vaccine-a282ba8a7a06086e,0,0,0,0,0,0,0,0,0,0,0,unknown_official_row_manifest_unavailable
zhao-vaccine-77c18644e2932fb6,0,0,0,0,0,0,0,0,0,0,0,unknown_official_row_manifest_unavailable
zhao-vaccine-aa1cd6de21c627b5,0,0,0,0,0,0,0,0,0,0,0,unknown_official_row_manifest_unavailable
zhao-vaccine-bc68d3539269548a,0,0,0,0,0,0,0,0,0,0,0,unknown_official_row_manifest_unavailable
zhao-vaccine-1eec771665f33903,0,0,0,0,0,0,0,0,0,0,0,unknown_official_row_manifest_unavailable
zhao-vaccine-594e87b0587a9e9f,0,0,0,0,0,0,0,0,0,0,0,unknown_official_row_manifest_unavailable
zhao-vaccine-04b4770698a2974e,0,0,0,0,0,0,0,0,0,0,0,unknown_official_row_manifest_unavailable
zhao-vaccine-c58e108dfd64cbc0,0,0,0,0,0,0,0,0,0,0,0,unknown_official_row_manifest_unavailable
zhao-vaccine-d92517974d4f3f89,1,0,0,0,0,0,0,0,0,0,0,unknown_official_row_manifest_unavailable
zhao-vaccine-6e32a3a4d24b8733,0,0,0,0,0,0,0,0,0,0,0,unknown_official_row_manifest_unavailable
zhao-vaccine-0b28e737575328f2,0,0,0,0,0,0,0,0,0,0,0,unknown_official_row_manifest_unavailable
zhao-vaccine-cffd74d560631564,0,0,0,0,0,0,0,0,0,0,0,unknown_official_row_manifest_unavailable
zhao-vaccine-65b6f9f578d64a3a,1,0,0,0,0,0,0,0,0,0,0,unknown_official_row_manifest_unavailable
zhao-vaccine-83583be375927df6,1,0,0,0,0,0,0,0,0,0,0,unknown_official_row_manifest_unavailable
zhao-vaccine-f8a95121fa99348f,1,0,0,0,0,0,0,0,0,0,0,unknown_official_row_manifest_unavailable
zhao-vaccine-65db3d80fa5b7e99,1,0,0,0,0,0,0,0,0,0,0,unknown_official_row_manifest_unavailable
zhao-vaccine-3db26662dded174b,0,0,0,0,0,0,0,0,0,0,0,unknown_official_row_manifest_unavailable
zhao-vaccine-ecca5c8d455577b7,0,0,0,0,0,0,0,0,0,0,0,unknown_official_row_manifest_unavailable
zhao-vaccine-a939cdd1e64517db,1,0,0,0,0,0,0,0,0,0,0,unknown_official_row_manifest_unavailable
zhao-vaccine-3a91b0412741607d,0,0,0,0,0,0,0,0,0,0,0,unknown_official_row_manifest_unavailable
zhao-vaccine-950d323708c0c079,0,0,0,0,0,0,0,0,0,1,0,unknown_official_row_manifest_unavailable
zhao-vaccine-0fbf25678eb746d0,0,0,0,0,0,0,0,0,0,0,0,unknown_official_row_manifest_unavailable
zhao-vaccine-357ed390ee7d1fdc,0,0,0,0,0,0,0,0,0,0,0,unknown_official_row_manifest_unavailable
zhao-vaccine-240e01cc8bb465d9,0,0,0,0,0,0,0,0,0,0,0,unknown_official_row_manifest_unavailable
zhao-vaccine-2f2100d375af7d5a,0,0,0,0,0,0,0,0,0,0,0,unknown_official_row_manifest_unavailable
zhao-vaccine-afe0dec4eb28ae10,0,0,0,0,0,0,0,0,0,0,0,unknown_official_row_manifest_unavailable
zhao-vaccine-936805b3da156177,0,0,0,0,0,0,0,0,0,0,0,unknown_official_row_manifest_unavailable
zhao-vaccine-424685eefad90556,0,0,0,0,0,0,0,0,0,0,0,unknown_official_row_manifest_unavailable
zhao-vaccine-76a4efdae6a914b3,0,0,0,0,0,0,0,0,0,0,0,unknown_official_row_manifest_unavailable
zhao-vaccine-36426fe45a930122,0,0,0,0,0,0,0,0,0,0,0,unknown_official_row_manifest_unavailable
zhao-vaccine-f747b2b51cfbabad,0,0,0,0,0,0,0,0,0,0,0,unknown_official_row_manifest_unavailable
zhao-vaccine-27e1a9e9e35414a7,0,0,0,0,0,0,0,0,0,0,0,unknown_official_row_manifest_unavailable
zhao-vaccine-404d7ce39ecf59f9,0,0,0,0,0,0,0,0,0,0,0,unknown_official_row_manifest_unavailable
zhao-vaccine-8065b928ecd8e7f8,0,0,0,0,0,0,0,0,0,0,0,unknown_official_row_manifest_unavailable
zhao-vaccine-ad459a5f33f3e1a8,0,0,0,0,0,0,0,0,0,0,0,unknown_official_row_manifest_unavailable
zhao-vaccine-d09e210ef6ab7eb3,0,0,0,0,0,0,0,0,0,0,0,unknown_official_row_manifest_unavailable
zhao-vaccine-aa2c1bda5b31a11f,0,0,0,0,0,0,0,0,0,0,0,unknown_official_row_manifest_unavailable
zhao-vaccine-3fbf3551139b5a42,0,0,0,0,0,0,0,0,0,1,0,unknown_official_row_manifest_unavailable
zhao-vaccine-1e95a45f3420bc91,1,0,0,0,0,0,0,0,0,0,0,unknown_official_row_manifest_unavailable
zhao-vaccine-2bac15822f4621cb,1,0,0,0,0,0,0,0,0,0,0,unknown_official_row_manifest_unavailable
zhao-vaccine-bbc17f4dc4d180d2,1,0,0,0,0,0,0,0,0,0,0,unknown_official_row_manifest_unavailable
zhao-vaccine-a1819a144253c3e6,0,0,0,0,0,0,0,0,0,0,0,unknown_official_row_manifest_unavailable
zhao-vaccine-073cca260922bb4f,0,0,0,0,0,0,0,0,0,0,0,unknown_official_row_manifest_unavailable
zhao-vaccine-126571c60a679ff2,0,0,0,0,0,0,0,0,0,0,0,unknown_official_row_manifest_unavailable
zhao-vaccine-53cc5e2c52609258,0,0,0,0,0,0,0,0,0,0,0,unknown_official_row_manifest_unavailable
zhao-vaccine-4fd86bb638616a00,0,0,0,0,0,0,0,0,0,0,0,unknown_official_row_manifest_unavailable
zhao-vaccine-093e4d37b1ecc877,0,0,0,0,0,0,0,0,0,0,0,unknown_official_row_manifest_unavailable
zhao-vaccine-0c1b41d2765f72e0,0,0,0,0,0,0,0,0,0,0,0,unknown_official_row_manifest_unavailable
zhao-vaccine-d266d1821cd62f33,0,0,0,0,0,0,0,0,0,0,0,unknown_official_row_manifest_unavailable
zhao-vaccine-e435197463fe5b7c,0,0,0,0,0,0,0,0,0,0,0,unknown_official_row_manifest_unavailable
zhao-vaccine-c6f922bd7724668d,0,0,0,0,0,0,0,0,0,0,0,unknown_official_row_manifest_unavailable
zhao-vaccine-3861173c349a7587,0,0,0,0,0,0,0,0,0,0,0,unknown_official_row_manifest_unavailable
zhao-vaccine-52a2e78b51a70337,0,0,0,0,0,0,0,0,0,0,0,unknown_official_row_manifest_unavailable
zhao-vaccine-8fac527caef104e1,0,0,0,0,0,0,0,0,0,0,0,unknown_official_row_manifest_unavailable
zhao-vaccine-3d1f8c74d397ed46,0,0,0,0,0,0,0,0,0,0,0,unknown_official_row_manifest_unavailable
zhao-vaccine-fee31d8d1b435872,0,0,0,0,0,0,0,0,0,0,0,unknown_official_row_manifest_unavailable
zhao-vaccine-a6ce883b480ebf92,0,0,0,0,0,0,0,0,0,0,0,unknown_official_row_manifest_unavailable
zhao-vaccine-e5be39d25fc4aeb6,0,0,0,0,0,0,0,0,0,0,0,unknown_official_row_manifest_unavailable
zhao-vaccine-bd41813397b358e6,0,0,0,0,0,0,0,0,0,0,0,unknown_official_row_manifest_unavailable
zhao-vaccine-886afa53cb6fd290,0,0,0,0,0,0,0,0,0,0,0,unknown_official_row_manifest_unavailable
zhao-vaccine-89b2e10bbeb05b74,1,0,0,0,0,0,0,0,0,0,0,unknown_official_row_manifest_unavailable
zhao-vaccine-950ce035fa9f7b3e,1,0,0,0,0,0,0,0,0,0,0,unknown_official_row_manifest_unavailable
zhao-vaccine-41d4a32ce031bda7,1,0,0,0,0,0,0,0,0,0,0,unknown_official_row_manifest_unavailable
zhao-vaccine-a3baeddfcc144f84,1,0,0,0,0,0,0,0,0,0,0,unknown_official_row_manifest_unavailable
zhao-vaccine-f41ac392317c1f3c,1,0,0,0,0,0,0,0,0,0,0,unknown_official_row_manifest_unavailable
zhao-vaccine-13044e099e8c07a3,1,0,0,0,0,0,0,0,0,0,0,unknown_official_row_manifest_unavailable
zhao-vaccine-77ce0dbf21cd2413,1,0,0,0,0,0,0,0,0,0,0,unknown_official_row_manifest_unavailable
zhao-vaccine-3a765fcf8cf7cbcd,0,0,0,0,0,0,0,0,0,0,0,unknown_official_row_manifest_unavailable
zhao-vaccine-ee128565ffd955fd,0,0,0,0,0,0,0,0,0,0,0,unknown_official_row_manifest_unavailable
zhao-vaccine-50aa884055c16bdc,0,0,0,0,0,0,0,0,0,0,0,unknown_official_row_manifest_unavailable
zhao-vaccine-8bfc8433c2db53d0,0,0,0,0,0,0,0,0,0,0,0,unknown_official_row_manifest_unavailable
zhao-vaccine-6e57bbd91e448670,0,0,0,0,0,0,0,0,0,0,0,unknown_official_row_manifest_unavailable
zhao-vaccine-8ac8c2227e3a36fe,0,0,0,0,0,0,0,0,0,0,0,unknown_official_row_manifest_unavailable
zhao-vaccine-ec6e03b4a77258a4,0,0,0,0,0,0,0,0,0,0,0,unknown_official_row_manifest_unavailable
zhao-vaccine-3f721116ed966486,0,0,0,0,0,0,0,0,0,0,0,unknown_official_row_manifest_unavailable
zhao-vaccine-0ff87130a67a50da,0,0,0,0,0,0,0,0,0,0,0,unknown_official_row_manifest_unavailable
zhao-vaccine-ba76e0ea75e6adf0,0,0,0,0,0,0,0,0,0,0,0,unknown_official_row_manifest_unavailable
zhao-vaccine-f01a2d38b51af23b,0,0,0,0,0,0,0,0,0,0,0,unknown_official_row_manifest_unavailable
zhao-vaccine-cdd84c3ea35dd116,0,0,0,0,0,0,0,0,0,0,0,unknown_official_row_manifest_unavailable
zhao-vaccine-9a68cd155d557b58,0,0,0,0,0,0,0,0,0,0,0,unknown_official_row_manifest_unavailable
zhao-vaccine-88b886753b3b85e8,0,0,0,0,0,0,0,0,0,0,0,unknown_official_row_manifest_unavailable
zhao-vaccine-e7bc5743829b1ff8,0,0,0,0,0,0,0,0,0,0,0,unknown_official_row_manifest_unavailable
zhao-vaccine-d3cbe9756a3b5068,0,0,0,0,0,0,0,0,0,0,0,unknown_official_row_manifest_unavailable
zhao-vaccine-35398a4ea27add69,0,0,0,0,0,0,0,0,0,0,0,unknown_official_row_manifest_unavailable
zhao-vaccine-75838fb2556f29fb,0,0,0,0,0,0,0,0,0,0,0,unknown_official_row_manifest_unavailable
zhao-vaccine-fc9f2ef790e4890f,0,0,0,0,0,0,0,0,0,0,0,unknown_official_row_manifest_unavailable
zhao-vaccine-f98d7a49c6d35606,0,0,0,0,0,0,0,0,0,0,0,unknown_official_row_manifest_unavailable
zhao-vaccine-01c18581bbb4033b,0,0,0,0,0,0,0,0,0,0,0,unknown_official_row_manifest_unavailable
zhao-vaccine-9c4d9f5cd8d83848,1,0,0,0,0,0,0,0,0,0,0,unknown_official_row_manifest_unavailable
zhao-vaccine-7b47e99c9258d4a3,0,0,0,0,0,0,0,0,0,0,0,unknown_official_row_manifest_unavailable
zhao-vaccine-e96c0f3a45eafbc7,1,0,0,0,0,0,0,0,0,0,0,unknown_official_row_manifest_unavailable
zhao-vaccine-65dbbea4d969c167,1,0,0,0,0,0,0,0,0,0,0,unknown_official_row_manifest_unavailable
zhao-vaccine-d5c2d92c68c00e44,1,0,0,0,0,0,0,0,0,0,0,unknown_official_row_manifest_unavailable
zhao-vaccine-abb8026d5686da7b,1,0,0,0,0,0,0,0,0,0,0,unknown_official_row_manifest_unavailable
zhao-vaccine-49367aefb06d8c31,0,0,0,0,0,0,0,0,0,0,0,unknown_official_row_manifest_unavailable
zhao-vaccine-48ca07a27a0067b5,0,0,0,0,0,0,0,0,0,0,0,unknown_official_row_manifest_unavailable
zhao-vaccine-6480557c7f803095,0,0,0,0,0,0,0,0,0,0,0,unknown_official_row_manifest_unavailable
zhao-vaccine-c8d3f0455cd3ed01,0,0,0,0,0,0,0,0,0,0,0,unknown_official_row_manifest_unavailable
zhao-vaccine-58ce32e861af7792,0,0,0,0,0,0,0,0,0,0,0,unknown_official_row_manifest_unavailable
zhao-vaccine-af7867960576ddea,0,0,0,0,0,0,0,0,0,0,0,unknown_official_row_manifest_unavailable
zhao-vaccine-d76fe74404e305c1,0,0,0,0,0,0,0,0,0,0,0,unknown_official_row_manifest_unavailable
zhao-vaccine-763f2b118fd63fbc,0,0,0,0,0,0,0,0,0,0,0,unknown_official_row_manifest_unavailable
zhao-vaccine-883f615fab64dfb8,0,0,0,0,0,0,0,0,0,0,0,unknown_official_row_manifest_unavailable
zhao-vaccine-7f7c6490de6c9249,0,0,0,0,0,0,0,0,0,0,0,unknown_official_row_manifest_unavailable
zhao-vaccine-123576c9caf5ad31,0,0,0,0,0,0,0,0,0,1,0,unknown_official_row_manifest_unavailable
zhao-vaccine-693fd279dc9bb1ec,0,0,0,0,0,0,0,0,0,0,0,unknown_official_row_manifest_unavailable
zhao-vaccine-bf2f1d17d58cffd9,0,0,0,0,0,0,0,0,0,0,0,unknown_official_row_manifest_unavailable
zhao-vaccine-57f993589faabbec,0,0,0,0,0,0,0,0,0,0,0,unknown_official_row_manifest_unavailable
zhao-vaccine-7cd0e9aead6fcaaf,0,0,0,0,0,0,0,0,0,0,0,unknown_official_row_manifest_unavailable
zhao-vaccine-22c4363b550164a3,0,0,0,0,0,0,0,0,0,0,0,unknown_official_row_manifest_unavailable
zhao-vaccine-ef38ec39be9860e2,0,0,0,0,0,0,0,0,0,0,0,unknown_official_row_manifest_unavailable
zhao-vaccine-61c746584373405e,0,0,0,0,0,0,0,0,0,0,0,unknown_official_row_manifest_unavailable
zhao-vaccine-ded69bf99718e3d9,0,0,0,0,0,0,0,0,0,0,0,unknown_official_row_manifest_unavailable
zhao-vaccine-a4299c752707339b,0,0,0,0,0,0,0,0,0,0,0,unknown_official_row_manifest_unavailable
zhao-vaccine-0cb879fc2ea296cb,0,0,0,0,0,0,0,0,0,0,0,unknown_official_row_manifest_unavailable
zhao-vaccine-e96f43fb3732dc73,1,0,0,0,0,0,0,0,0,0,0,unknown_official_row_manifest_unavailable
zhao-vaccine-c3a86d4262560250,0,0,0,0,0,0,0,0,0,0,0,unknown_official_row_manifest_unavailable
zhao-vaccine-f26d4f2511028545,0,0,0,0,0,0,0,0,0,0,0,unknown_official_row_manifest_unavailable
zhao-vaccine-17cd8a70de1f9524,0,0,0,0,0,0,0,0,0,0,0,unknown_official_row_manifest_unavailable
zhao-vaccine-53c061a2df04d43f,0,0,0,0,0,0,0,0,0,0,0,unknown_official_row_manifest_unavailable
zhao-vaccine-c5c934898c1498c5,0,0,0,0,0,0,0,0,0,0,0,unknown_official_row_manifest_unavailable
zhao-vaccine-5469e5b6e273cfe8,0,0,0,0,0,0,0,0,0,0,0,unknown_official_row_manifest_unavailable
zhao-vaccine-b66efd8b1004fd38,0,0,0,0,0,0,0,0,0,0,0,unknown_official_row_manifest_unavailable
zhao-vaccine-b6672e0ed6cce55b,0,0,0,0,0,0,0,0,0,0,0,unknown_official_row_manifest_unavailable
zhao-vaccine-6c96df56c06254f7,1,0,0,0,0,0,0,0,0,0,0,unknown_official_row_manifest_unavailable
zhao-vaccine-b3b05f40a5ae38cd,0,0,0,0,0,0,0,0,0,0,0,unknown_official_row_manifest_unavailable
zhao-vaccine-a5d6113530ed9ca5,0,0,0,0,0,0,0,0,0,0,0,unknown_official_row_manifest_unavailable
zhao-vaccine-9e22e5c4001b2b25,1,0,0,0,0,0,0,0,0,0,0,unknown_official_row_manifest_unavailable
zhao-vaccine-a0bffa2e4df419a4,1,0,0,0,0,0,0,0,0,0,0,unknown_official_row_manifest_unavailable
zhao-vaccine-a5e12eac44df3654,1,0,0,0,0,0,0,0,0,0,0,unknown_official_row_manifest_unavailable
zhao-vaccine-232a4430d93e1e7b,1,0,0,0,0,0,0,0,0,0,0,unknown_official_row_manifest_unavailable
zhao-vaccine-d4ee26bee0c7e8f2,0,0,0,0,0,0,0,0,0,0,0,unknown_official_row_manifest_unavailable
zhao-vaccine-aac6b4aab80bd17f,0,0,0,0,0,0,0,0,0,0,0,unknown_official_row_manifest_unavailable
zhao-vaccine-b986085474b8f378,0,0,0,0,0,0,0,0,0,0,0,unknown_official_row_manifest_unavailable
zhao-vaccine-ea33020d7e678e1e,0,0,0,0,0,0,0,0,0,0,0,unknown_official_row_manifest_unavailable
zhao-vaccine-9b32270348e217cb,1,0,0,0,0,0,0,0,0,0,0,unknown_official_row_manifest_unavailable
zhao-vaccine-862202bcd03e623d,0,0,0,0,0,0,0,0,0,0,0,unknown_official_row_manifest_unavailable
zhao-vaccine-bcc986f5cfd492fe,0,0,0,0,0,0,0,0,0,0,0,unknown_official_row_manifest_unavailable
zhao-vaccine-2dbf60795fe422ef,0,0,0,0,0,0,0,0,0,0,0,unknown_official_row_manifest_unavailable
zhao-vaccine-9f92d2e098c6dc9d,0,0,0,0,0,0,0,0,0,0,0,unknown_official_row_manifest_unavailable
zhao-vaccine-8ee9e17f582aa7b8,0,0,0,0,0,0,0,0,0,0,0,unknown_official_row_manifest_unavailable
zhao-vaccine-beb0fc9b184c1e1d,0,0,0,0,0,0,0,0,0,0,0,unknown_official_row_manifest_unavailable
zhao-vaccine-1f1412b93ee74c9a,0,0,0,0,0,0,0,0,0,0,0,unknown_official_row_manifest_unavailable
zhao-vaccine-7295facff9a98907,0,0,0,0,0,0,0,0,0,0,0,unknown_official_row_manifest_unavailable
zhao-vaccine-4b8b32343d0e1494,0,0,0,0,0,0,0,0,0,0,0,unknown_official_row_manifest_unavailable
zhao-vaccine-70ae4c4c65f581b2,0,0,0,0,0,0,0,0,0,0,0,unknown_official_row_manifest_unavailable
zhao-vaccine-740bb4ddd21edc40,0,0,0,0,0,0,0,0,0,0,0,unknown_official_row_manifest_unavailable
zhao-vaccine-4085b8c28233ad53,0,0,0,0,0,0,0,0,0,0,0,unknown_official_row_manifest_unavailable
zhao-vaccine-bb9240271b41d4eb,0,0,0,0,0,0,0,0,0,0,0,unknown_official_row_manifest_unavailable
zhao-vaccine-455522409374bfb4,1,0,0,0,0,0,0,0,0,0,0,unknown_official_row_manifest_unavailable
zhao-vaccine-2d9459470e3bfe2c,0,0,0,0,0,0,0,0,0,0,0,unknown_official_row_manifest_unavailable
zhao-vaccine-415df34c48d316bb,1,0,0,0,0,0,0,0,0,0,0,unknown_official_row_manifest_unavailable
zhao-vaccine-c32ca0517468f741,1,0,0,0,0,0,0,0,0,0,0,unknown_official_row_manifest_unavailable
zhao-vaccine-ac036837e07861b7,1,0,0,0,0,0,0,0,0,0,0,unknown_official_row_manifest_unavailable
zhao-vaccine-b8f24bf56b36f946,0,0,0,0,0,0,0,0,0,0,0,unknown_official_row_manifest_unavailable
zhao-vaccine-bde06b90e2aa0b4e,0,0,0,0,0,0,0,0,0,0,0,unknown_official_row_manifest_unavailable
zhao-vaccine-bdac5831570297ae,0,0,0,0,0,0,0,0,0,0,0,unknown_official_row_manifest_unavailable
zhao-vaccine-942ac5b1216c0403,0,0,0,0,0,0,0,0,0,0,0,unknown_official_row_manifest_unavailable
zhao-vaccine-370a499e276d926a,0,0,0,0,0,0,0,0,0,0,0,unknown_official_row_manifest_unavailable
zhao-vaccine-e72fd9d2772a0882,0,0,0,0,0,0,0,0,0,0,0,unknown_official_row_manifest_unavailable
zhao-vaccine-d9ba6ec4cee877d0,0,0,0,0,0,0,0,0,0,0,0,unknown_official_row_manifest_unavailable
zhao-vaccine-1b65998e1d51b50f,1,0,0,0,0,0,0,0,0,0,0,unknown_official_row_manifest_unavailable
zhao-vaccine-cf2224f1e7653ac5,1,0,0,0,0,0,0,0,0,0,0,unknown_official_row_manifest_unavailable
zhao-vaccine-f843d271a421258a,0,0,0,0,0,0,0,0,0,0,0,unknown_official_row_manifest_unavailable
zhao-vaccine-f96491cd3971be1f,1,0,0,0,0,0,0,0,0,0,0,unknown_official_row_manifest_unavailable
zhao-vaccine-f4f4a8beecf2010b,0,0,0,0,0,0,0,0,0,0,0,unknown_official_row_manifest_unavailable
zhao-vaccine-d7bda8f21f9111c6,0,0,0,0,0,0,0,0,0,0,0,unknown_official_row_manifest_unavailable
zhao-vaccine-31e564e215b3cfe5,0,0,0,0,0,0,0,0,0,0,0,unknown_official_row_manifest_unavailable
zhao-vaccine-c3a5dfbc4bc221fe,0,0,0,0,0,0,0,0,0,0,0,unknown_official_row_manifest_unavailable
zhao-vaccine-46ce3752982841aa,0,0,0,0,0,0,0,0,0,0,0,unknown_official_row_manifest_unavailable
zhao-vaccine-586e1e8f81ff3690,0,0,0,0,0,0,0,0,0,0,0,unknown_official_row_manifest_unavailable
zhao-vaccine-0f9ddbc5c7132ece,0,0,0,0,0,0,0,0,0,0,0,unknown_official_row_manifest_unavailable
zhao-vaccine-94b2c81d4e70f7a5,0,0,0,0,0,0,0,0,0,0,0,unknown_official_row_manifest_unavailable
zhao-vaccine-b682f9e79586e497,0,0,0,0,0,0,0,0,0,0,0,unknown_official_row_manifest_unavailable
zhao-vaccine-aef146d106256bc8,0,0,0,0,0,0,0,0,0,0,0,unknown_official_row_manifest_unavailable
zhao-vaccine-91f31987a78f9ed7,0,0,0,0,0,0,0,0,0,0,0,unknown_official_row_manifest_unavailable
zhao-vaccine-df436ef4fffdb899,0,0,0,0,0,0,0,0,0,0,0,unknown_official_row_manifest_unavailable
zhao-vaccine-513004622274aa67,0,0,0,0,0,0,0,0,0,0,0,unknown_official_row_manifest_unavailable
zhao-vaccine-10a70a28e2f92441,0,0,0,0,0,0,0,0,0,0,0,unknown_official_row_manifest_unavailable
zhao-vaccine-cb3467e682418124,0,0,0,0,0,0,0,0,0,0,0,unknown_official_row_manifest_unavailable
zhao-vaccine-c29393ae111c6e8b,0,0,0,0,0,0,0,0,0,0,0,unknown_official_row_manifest_unavailable
zhao-vaccine-52710c4a483a2fa2,0,0,0,0,0,0,0,0,0,0,0,unknown_official_row_manifest_unavailable
zhao-vaccine-2d6c89308b3309be,0,0,0,0,0,0,0,0,0,0,0,unknown_official_row_manifest_unavailable
zhao-vaccine-ccc64794cc440f1b,0,0,0,0,0,0,0,0,0,0,0,unknown_official_row_manifest_unavailable
zhao-vaccine-3cb758b99d9d1ed4,0,0,0,0,0,0,0,0,0,0,0,unknown_official_row_manifest_unavailable
zhao-vaccine-9a25a2ccf2d68794,0,0,0,0,0,0,0,0,0,0,0,unknown_official_row_manifest_unavailable
zhao-vaccine-a2c6f8984c2dc322,0,0,0,0,0,0,0,0,0,0,0,unknown_official_row_manifest_unavailable
zhao-vaccine-060df49eaffa10c5,0,0,0,0,0,0,0,0,0,0,0,unknown_official_row_manifest_unavailable
zhao-vaccine-6e078690e9488283,0,0,0,0,0,0,0,0,0,0,0,unknown_official_row_manifest_unavailable
zhao-vaccine-0949d10bcc94c1e0,0,0,0,0,0,0,0,0,0,0,0,unknown_official_row_manifest_unavailable
zhao-vaccine-f9b310adb5e285b4,1,0,0,0,0,0,0,0,0,0,0,unknown_official_row_manifest_unavailable
zhao-vaccine-7abafc6200be6f2e,1,0,0,0,0,0,0,0,0,0,0,unknown_official_row_manifest_unavailable
zhao-vaccine-85f37f469c719b76,1,0,0,0,0,0,0,0,0,0,0,unknown_official_row_manifest_unavailable
zhao-vaccine-a50a3fee92ccb4b5,1,0,0,0,0,0,0,0,0,0,0,unknown_official_row_manifest_unavailable
zhao-vaccine-27d11b535bd50554,1,0,0,0,0,0,0,0,0,0,0,unknown_official_row_manifest_unavailable
zhao-vaccine-e3e0fd2528a6d6b5,1,0,0,0,0,0,0,0,0,0,0,unknown_official_row_manifest_unavailable
