record_id,predictor,predictor_version,task,score,score_direction,status,bigmhc_im,bigmhc_el
zhao-vaccine-cc5177931a4be3c3,BigMHC,v1.0,immunogenicity,0.19645199,higher,predicted,0.19645199,0.47972557
zhao-vaccine-cd9d03017ea06bfb,BigMHC,v1.0,immunogenicity,0.19173132,higher,predicted,0.19173132,0.13064943
zhao-vaccine-cb103548daf629bf,BigMHC,v1.0,immunogenicity,0.123852424,higher,predicted,0.123852424,0.1561002
zhao-vaccine-f08d5d9716c87bcf,BigMHC,v1.0,immunogenicity,0.13711819,higher,predicted,0.13711819,0.5261877
zhao-vaccine-3192c0e3fed93154,BigMHC,v1.0,immunogenicity,0.091934614,higher,predicted,0.091934614,0.2568163
zhao-vaccine-903b6facc7e442c1,BigMHC,v1.0,immunogenicity,0.11333182,higher,predicted,0.11333182,0.036959194
zhao-vaccine-b26ed9ae357d0d47,BigMHC,v1.0,immunogenicity,0.05491149,higher,predicted,0.05491149,0.0041397214
zhao-vaccine-963f50e290b7356b,BigMHC,v1.0,immunogenicity,0.0565834,higher,predicted,0.0565834,0.063063525
zhao-vaccine-552b2d6f0ee562dd,BigMHC,v1.0,immunogenicity,0.095622085,higher,predicted,0.095622085,0.070244744
zhao-vaccine-2ae867b6e66bd88f,BigMHC,v1.0,immunogenicity,0.050807595,higher,predicted,0.050807595,0.077031694
zhao-vaccine-ca925cf2e48aec66,BigMHC,v1.0,immunogenicity,0.2833969,higher,predicted,0.2833969,0.5621014
zhao-vaccine-5a8125604ba2f1ef,BigMHC,v1.0,immunogenicity,0.20101103,higher,predicted,0.20101103,0.071364634
zhao-vaccine-c6d33472b279f35f,BigMHC,v1.0,immunogenicity,0.40977368,higher,predicted,0.40977368,0.010951866
zhao-vaccine-64ae25542b695d68,BigMHC,v1.0,immunogenicity,0.1713895,higher,predicted,0.1713895,0.00078476727
zhao-vaccine-e21983e68c841496,BigMHC,v1.0,immunogenicity,0.0779343,higher,predicted,0.0779343,0.0058416193
zhao-vaccine-a9814ac50aac91d7,BigMHC,v1.0,immunogenicity,0.38292927,higher,predicted,0.38292927,0.2103103
zhao-vaccine-6b3565ce2aee893c,BigMHC,v1.0,immunogenicity,0.07865497,higher,predicted,0.07865497,0.17244695
zhao-vaccine-216ffedc64136058,BigMHC,v1.0,immunogenicity,0.039426185,higher,predicted,0.039426185,0.0034338913
zhao-vaccine-32c2e9da3e2ffcf5,BigMHC,v1.0,immunogenicity,0.01853496,higher,predicted,0.01853496,0.00086121645
zhao-vaccine-84bf18995ccd3ac7,BigMHC,v1.0,immunogenicity,0.0012230306,higher,predicted,0.0012230306,5.2292922e-05
zhao-vaccine-b31446e55ef91111,BigMHC,v1.0,immunogenicity,0.040400457,higher,predicted,0.040400457,0.10103936
zhao-vaccine-51f51c49a8e26bf5,BigMHC,v1.0,immunogenicity,0.04056888,higher,predicted,0.04056888,0.029791242
zhao-vaccine-ba3ba0e4df7070c8,BigMHC,v1.0,immunogenicity,0.16466835,higher,predicted,0.16466835,0.07615962
zhao-vaccine-c539b96ad108688f,BigMHC,v1.0,immunogenicity,0.076510854,higher,predicted,0.076510854,0.001479035
zhao-vaccine-57a55d88765b75c2,BigMHC,v1.0,immunogenicity,0.095555834,higher,predicted,0.095555834,0.0020501874
zhao-vaccine-a08f55e2c3d0e686,BigMHC,v1.0,immunogenicity,0.022377534,higher,predicted,0.022377534,0.001708002
zhao-vaccine-663a44a421e57c58,BigMHC,v1.0,immunogenicity,0.0273049,higher,predicted,0.0273049,8.797994e-05
zhao-vaccine-75ec8654c437d145,BigMHC,v1.0,immunogenicity,0.013982847,higher,predicted,0.013982847,0.0008677812
zhao-vaccine-c0b18e17fb95b0ce,BigMHC,v1.0,immunogenicity,0.4320628,higher,predicted,0.4320628,0.009297661
zhao-vaccine-dc56d83b9268b0e4,BigMHC,v1.0,immunogenicity,0.50926924,higher,predicted,0.50926924,0.07992012
zhao-vaccine-9d4560b23643427b,BigMHC,v1.0,immunogenicity,0.07178866,higher,predicted,0.07178866,0.0028577216
zhao-vaccine-793aed9191a47fb7,BigMHC,v1.0,immunogenicity,0.007742516,higher,predicted,0.007742516,0.13318573
zhao-vaccine-11c80127a1777f0b,BigMHC,v1.0,immunogenicity,0.1831632,higher,predicted,0.1831632,0.20939454
zhao-vaccine-0e55ec495f82eb06,BigMHC,v1.0,immunogenicity,0.20534325,higher,predicted,0.20534325,0.69813675
zhao-vaccine-632e1a6ecee4b189,BigMHC,v1.0,immunogenicity,0.19795796,higher,predicted,0.19795796,0.035295438
zhao-vaccine-f2940a4e316a4039,BigMHC,v1.0,immunogenicity,0.22537325,higher,predicted,0.22537325,0.0018675042
zhao-vaccine-cdb85d262afa7e9a,BigMHC,v1.0,immunogenicity,0.00095617835,higher,predicted,0.00095617835,0.0028452424
zhao-vaccine-014bd639c774cd87,BigMHC,v1.0,immunogenicity,0.1853718,higher,predicted,0.1853718,0.14492582
zhao-vaccine-65e623aadc02d7b4,BigMHC,v1.0,immunogenicity,0.2637692,higher,predicted,0.2637692,0.0084588025
zhao-vaccine-58b739ae69170773,BigMHC,v1.0,immunogenicity,0.30043966,higher,predicted,0.30043966,0.07768292
zhao-vaccine-7b6f86e747814c45,BigMHC,v1.0,immunogenicity,0.04101071,higher,predicted,0.04101071,0.06115995
zhao-vaccine-5c1663d10533a1a7,BigMHC,v1.0,immunogenicity,0.3435714,higher,predicted,0.3435714,0.015535923
zhao-vaccine-5f8659d92cd36359,BigMHC,v1.0,immunogenicity,0.15486202,higher,predicted,0.15486202,0.022116477
zhao-vaccine-950121b76038c2c0,BigMHC,v1.0,immunogenicity,0.20313981,higher,predicted,0.20313981,0.0093474025
zhao-vaccine-0a56a76ea51563b6,BigMHC,v1.0,immunogenicity,0.39971986,higher,predicted,0.39971986,0.27413058
zhao-vaccine-6ebe14892da71061,BigMHC,v1.0,immunogenicity,0.25647518,higher,predicted,0.25647518,0.018060701
zhao-vaccine-dedb75a56ec2b5ba,BigMHC,v1.0,immunogenicity,0.20805927,higher,predicted,0.20805927,0.002551409
zhao-vaccine-307d7668f3794977,BigMHC,v1.0,immunogenicity,0.054085977,higher,predicted,0.054085977,0.19511965
zhao-vaccine-a5ba7a2f40a30c73,BigMHC,v1.0,immunogenicity,0.18221068,higher,predicted,0.18221068,0.049115717
zhao-vaccine-721b23e769b23024,BigMHC,v1.0,immunogenicity,0.2552771,higher,predicted,0.2552771,0.0750608
zhao-vaccine-ef4ef897001d5f16,BigMHC,v1.0,immunogenicity,0.51089054,higher,predicted,0.51089054,0.019158112
zhao-vaccine-1754863200e530d4,BigMHC,v1.0,immunogenicity,0.20413665,higher,predicted,0.20413665,0.13425821
zhao-vaccine-c4347419983fbf7a,BigMHC,v1.0,immunogenicity,0.105015084,higher,predicted,0.105015084,0.010958073
zhao-vaccine-20994a61ffa7d9ee,BigMHC,v1.0,immunogenicity,0.31141114,higher,predicted,0.31141114,0.50801843
zhao-vaccine-c4933d5b027e3a50,BigMHC,v1.0,immunogenicity,0.1828207,higher,predicted,0.1828207,0.02315901
zhao-vaccine-769bcab9bf9ccbd6,BigMHC,v1.0,immunogenicity,0.28665924,higher,predicted,0.28665924,0.021908522
zhao-vaccine-e3d2d037340b51d9,BigMHC,v1.0,immunogenicity,0.53068084,higher,predicted,0.53068084,0.80999833
zhao-vaccine-7c5cedc69e322fdf,BigMHC,v1.0,immunogenicity,0.37877366,higher,predicted,0.37877366,0.25741547
zhao-vaccine-bb7e738de16de201,BigMHC,v1.0,immunogenicity,0.21816929,higher,predicted,0.21816929,0.9176621
zhao-vaccine-3c7c00959cdbd0be,BigMHC,v1.0,immunogenicity,0.07439,higher,predicted,0.07439,0.81352156
zhao-vaccine-5f357bb53e0ccd46,BigMHC,v1.0,immunogenicity,0.07844223,higher,predicted,0.07844223,0.01666213
zhao-vaccine-b4ff6ed193ff01e1,BigMHC,v1.0,immunogenicity,0.2969423,higher,predicted,0.2969423,0.5362125
zhao-vaccine-a3b89c628988d1f0,BigMHC,v1.0,immunogenicity,0.047771227,higher,predicted,0.047771227,0.0020156004
zhao-vaccine-6602303a8186d1dc,BigMHC,v1.0,immunogenicity,0.0761953,higher,predicted,0.0761953,0.036392216
zhao-vaccine-f261f0bff4da5636,BigMHC,v1.0,immunogenicity,0.037490476,higher,predicted,0.037490476,0.0019966501
zhao-vaccine-a7ca659448536804,BigMHC,v1.0,immunogenicity,0.25529286,higher,predicted,0.25529286,0.6522675
zhao-vaccine-115765bd03d87a4c,BigMHC,v1.0,immunogenicity,0.05123399,higher,predicted,0.05123399,0.14928892
zhao-vaccine-4e3e4eefd195b820,BigMHC,v1.0,immunogenicity,0.03281255,higher,predicted,0.03281255,0.0011523858
zhao-vaccine-d7de270e64839b12,BigMHC,v1.0,immunogenicity,0.59508353,higher,predicted,0.59508353,0.10304154
zhao-vaccine-8bf05f928c2bd4e9,BigMHC,v1.0,immunogenicity,0.092900224,higher,predicted,0.092900224,0.038774047
zhao-vaccine-05c56392726f06f7,BigMHC,v1.0,immunogenicity,0.1558718,higher,predicted,0.1558718,0.0007388252
zhao-vaccine-b560b39a749dc71f,BigMHC,v1.0,immunogenicity,0.21180438,higher,predicted,0.21180438,0.4052123
zhao-vaccine-56be5b3de62021b3,BigMHC,v1.0,immunogenicity,0.11578264,higher,predicted,0.11578264,0.10082825
zhao-vaccine-3cddb5de3fdc73f8,BigMHC,v1.0,immunogenicity,0.16876404,higher,predicted,0.16876404,0.89275664
zhao-vaccine-53ec168fd080effa,BigMHC,v1.0,immunogenicity,0.13930824,higher,predicted,0.13930824,0.0029530532
zhao-vaccine-32a90e336ffe9f36,BigMHC,v1.0,immunogenicity,0.25301698,higher,predicted,0.25301698,0.016538274
zhao-vaccine-67871099a490d0b7,BigMHC,v1.0,immunogenicity,0.117213,higher,predicted,0.117213,0.6199439
zhao-vaccine-e59b09ec5c615041,BigMHC,v1.0,immunogenicity,0.065515384,higher,predicted,0.065515384,0.2322082
zhao-vaccine-f1e4f673cb84311b,BigMHC,v1.0,immunogenicity,0.15973325,higher,predicted,0.15973325,0.00515678
zhao-vaccine-b1370175a555b7d6,BigMHC,v1.0,immunogenicity,0.36977768,higher,predicted,0.36977768,0.15304558
zhao-vaccine-0eea6d5b9cd833c3,BigMHC,v1.0,immunogenicity,0.011047742,higher,predicted,0.011047742,0.00017038801
zhao-vaccine-ff9183813284c18c,BigMHC,v1.0,immunogenicity,0.0886935,higher,predicted,0.0886935,0.003387758
zhao-vaccine-a337cd9e3db2db1c,BigMHC,v1.0,immunogenicity,0.110067666,higher,predicted,0.110067666,0.84038055
zhao-vaccine-bad48b682dea20e2,BigMHC,v1.0,immunogenicity,0.0002174695,higher,predicted,0.0002174695,5.1461226e-05
zhao-vaccine-69265220b712eaff,BigMHC,v1.0,immunogenicity,0.14048901,higher,predicted,0.14048901,0.07157158
zhao-vaccine-30fce3961fb83225,BigMHC,v1.0,immunogenicity,0.61519337,higher,predicted,0.61519337,0.93787557
zhao-vaccine-a33346cd1639929e,BigMHC,v1.0,immunogenicity,0.010506478,higher,predicted,0.010506478,0.0004685789
zhao-vaccine-8237ebe4fa614cb2,BigMHC,v1.0,immunogenicity,0.0002174695,higher,predicted,0.0002174695,5.1461226e-05
zhao-vaccine-8fd0352416cfec6e,BigMHC,v1.0,immunogenicity,0.012489376,higher,predicted,0.012489376,0.014786358
zhao-vaccine-678bd3325aebf69a,BigMHC,v1.0,immunogenicity,0.010933484,higher,predicted,0.010933484,0.02143675
zhao-vaccine-8e33615b93106694,BigMHC,v1.0,immunogenicity,0.032660116,higher,predicted,0.032660116,0.009626337
zhao-vaccine-f0fe0e1502ca3c40,BigMHC,v1.0,immunogenicity,0.36476603,higher,predicted,0.36476603,0.980552
zhao-vaccine-53b0894b3f86cda3,BigMHC,v1.0,immunogenicity,0.007945933,higher,predicted,0.007945933,0.00987753
zhao-vaccine-e90da088575654ed,BigMHC,v1.0,immunogenicity,0.15143037,higher,predicted,0.15143037,0.49384195
zhao-vaccine-15fc7b4196341249,BigMHC,v1.0,immunogenicity,0.799485,higher,predicted,0.799485,0.5765849
zhao-vaccine-31e400851e8cba8e,BigMHC,v1.0,immunogenicity,0.27040035,higher,predicted,0.27040035,0.36811405
zhao-vaccine-728cbd534905bb7c,BigMHC,v1.0,immunogenicity,0.18167654,higher,predicted,0.18167654,0.15566702
zhao-vaccine-a4010af471f417b5,BigMHC,v1.0,immunogenicity,0.3220892,higher,predicted,0.3220892,0.02172744
zhao-vaccine-2dbff2366e148251,BigMHC,v1.0,immunogenicity,0.3737204,higher,predicted,0.3737204,0.01783955
zhao-vaccine-d5f2a4fb941105d2,BigMHC,v1.0,immunogenicity,0.22777976,higher,predicted,0.22777976,0.83144885
zhao-vaccine-dba5560226e496f4,BigMHC,v1.0,immunogenicity,0.13657242,higher,predicted,0.13657242,0.20661244
zhao-vaccine-55d96c19400f7e26,BigMHC,v1.0,immunogenicity,0.043965977,higher,predicted,0.043965977,0.30561092
zhao-vaccine-bd2f8606fb30409a,BigMHC,v1.0,immunogenicity,0.28118828,higher,predicted,0.28118828,0.7624926
zhao-vaccine-65a25a2687793bd5,BigMHC,v1.0,immunogenicity,0.31806126,higher,predicted,0.31806126,0.29654607
zhao-vaccine-e10b49188814293a,BigMHC,v1.0,immunogenicity,0.3303166,higher,predicted,0.3303166,0.13717628
zhao-vaccine-230be4384e65ea36,BigMHC,v1.0,immunogenicity,0.00041853279,higher,predicted,0.00041853279,0.0003525459
zhao-vaccine-616ff67e3e0809a3,BigMHC,v1.0,immunogenicity,0.00018810532,higher,predicted,0.00018810532,0.0013563213
zhao-vaccine-a579507c6a7fddf4,BigMHC,v1.0,immunogenicity,0.10072737,higher,predicted,0.10072737,0.015889594
zhao-vaccine-dd746da151697768,BigMHC,v1.0,immunogenicity,0.38304248,higher,predicted,0.38304248,0.2884407
zhao-vaccine-3a22225a5d7f2908,BigMHC,v1.0,immunogenicity,0.059475034,higher,predicted,0.059475034,0.0045319637
zhao-vaccine-5caf67c8d2a99efb,BigMHC,v1.0,immunogenicity,0.029089207,higher,predicted,0.029089207,0.0031649568
zhao-vaccine-9a578efb510196ff,BigMHC,v1.0,immunogenicity,0.03510833,higher,predicted,0.03510833,0.18777035
zhao-vaccine-d695470f95d9e06e,BigMHC,v1.0,immunogenicity,0.105883874,higher,predicted,0.105883874,0.17301096
zhao-vaccine-efa3f2649bac6ab4,BigMHC,v1.0,immunogenicity,0.13677879,higher,predicted,0.13677879,0.019934015
zhao-vaccine-08f2b9d1776ef138,BigMHC,v1.0,immunogenicity,0.20304464,higher,predicted,0.20304464,0.15429974
zhao-vaccine-fadd82945ab4638b,BigMHC,v1.0,immunogenicity,0.44008678,higher,predicted,0.44008678,0.00407328
zhao-vaccine-0c6854e9a75f6d2c,BigMHC,v1.0,immunogenicity,0.30591252,higher,predicted,0.30591252,0.4133471
zhao-vaccine-ce3874fa7fbdef2a,BigMHC,v1.0,immunogenicity,0.32546076,higher,predicted,0.32546076,0.8022299
zhao-vaccine-aad48279dc4dd514,BigMHC,v1.0,immunogenicity,0.6449995,higher,predicted,0.6449995,0.041470893
zhao-vaccine-c026707a02efbd26,BigMHC,v1.0,immunogenicity,0.033850286,higher,predicted,0.033850286,0.00012739429
zhao-vaccine-bfa4b61c793e605f,BigMHC,v1.0,immunogenicity,0.069127135,higher,predicted,0.069127135,0.4166042
zhao-vaccine-15401e249b05f5c5,BigMHC,v1.0,immunogenicity,0.050058413,higher,predicted,0.050058413,0.014180595
zhao-vaccine-6b5beddba8bd252c,BigMHC,v1.0,immunogenicity,0.08270848,higher,predicted,0.08270848,0.2256496
zhao-vaccine-1c5b74ef6f95d794,BigMHC,v1.0,immunogenicity,0.20396025,higher,predicted,0.20396025,0.14630042
zhao-vaccine-fea68d4d27ef7814,BigMHC,v1.0,immunogenicity,0.10253633,higher,predicted,0.10253633,0.7845564
zhao-vaccine-d007cff8a448a8ef,BigMHC,v1.0,immunogenicity,0.045965903,higher,predicted,0.045965903,0.00289474
zhao-vaccine-3e1dbf3a6ee4c36f,BigMHC,v1.0,immunogenicity,0.298247,higher,predicted,0.298247,0.45053726
zhao-vaccine-e988571ea77fc8a5,BigMHC,v1.0,immunogenicity,0.010487172,higher,predicted,0.010487172,0.0027828352
zhao-vaccine-cc846329c598f7ef,BigMHC,v1.0,immunogenicity,0.02722737,higher,predicted,0.02722737,0.06658178
zhao-vaccine-2ae7ecfc3864a89f,BigMHC,v1.0,immunogenicity,0.037000183,higher,predicted,0.037000183,0.0075463722
zhao-vaccine-1c60e7cef35ab689,BigMHC,v1.0,immunogenicity,0.12391402,higher,predicted,0.12391402,0.38146392
zhao-vaccine-b95d13f1321c6ed3,BigMHC,v1.0,immunogenicity,0.08299295,higher,predicted,0.08299295,0.07777304
zhao-vaccine-1e97369be34cf2f7,BigMHC,v1.0,immunogenicity,0.12037885,higher,predicted,0.12037885,0.80246925
zhao-vaccine-5289e0af5170b9c0,BigMHC,v1.0,immunogenicity,0.01800819,higher,predicted,0.01800819,0.022852998
zhao-vaccine-0382554b4ecb89e3,BigMHC,v1.0,immunogenicity,0.16489723,higher,predicted,0.16489723,0.8161748
zhao-vaccine-b1fc86c569d9b3b0,BigMHC,v1.0,immunogenicity,0.12163677,higher,predicted,0.12163677,0.35948023
zhao-vaccine-9e10dcb2a49789d0,BigMHC,v1.0,immunogenicity,0.9317031,higher,predicted,0.9317031,0.94472784
zhao-vaccine-538a116eb355ac3f,BigMHC,v1.0,immunogenicity,0.02655262,higher,predicted,0.02655262,0.023162337
zhao-vaccine-5555779da3a7954b,BigMHC,v1.0,immunogenicity,0.08530665,higher,predicted,0.08530665,0.008749256
zhao-vaccine-1207e1f28a7ce672,BigMHC,v1.0,immunogenicity,0.047002364,higher,predicted,0.047002364,0.060685456
zhao-vaccine-145673a06fe32c32,BigMHC,v1.0,immunogenicity,0.083022006,higher,predicted,0.083022006,0.0007754417
zhao-vaccine-8778badd24dbb533,BigMHC,v1.0,immunogenicity,0.27826613,higher,predicted,0.27826613,0.5606585
zhao-vaccine-361fc2f6770f984f,BigMHC,v1.0,immunogenicity,0.3412682,higher,predicted,0.3412682,0.9113118
zhao-vaccine-1070795508b31641,BigMHC,v1.0,immunogenicity,0.061678432,higher,predicted,0.061678432,0.023905592
zhao-vaccine-a5bfe0738421772d,BigMHC,v1.0,immunogenicity,0.13714013,higher,predicted,0.13714013,0.026822025
zhao-vaccine-37ce52867b245b48,BigMHC,v1.0,immunogenicity,0.17696021,higher,predicted,0.17696021,0.42869383
zhao-vaccine-da47a1ad401e2996,BigMHC,v1.0,immunogenicity,0.059611056,higher,predicted,0.059611056,0.006170184
zhao-vaccine-96f54241bdd80a5f,BigMHC,v1.0,immunogenicity,0.09563843,higher,predicted,0.09563843,0.011026441
zhao-vaccine-7bb94fe418471df7,BigMHC,v1.0,immunogenicity,0.11269234,higher,predicted,0.11269234,0.0038609616
zhao-vaccine-a6747d61775f09f7,BigMHC,v1.0,immunogenicity,0.04715636,higher,predicted,0.04715636,0.00048463856
zhao-vaccine-6da954109a635742,BigMHC,v1.0,immunogenicity,0.07350479,higher,predicted,0.07350479,0.0008129257
zhao-vaccine-f441c6d5ea9c9518,BigMHC,v1.0,immunogenicity,0.41994542,higher,predicted,0.41994542,0.12839495
zhao-vaccine-5d08657e7e0d61ea,BigMHC,v1.0,immunogenicity,0.10032375,higher,predicted,0.10032375,0.00095705397
zhao-vaccine-9afe0fd40501fb25,BigMHC,v1.0,immunogenicity,0.59282047,higher,predicted,0.59282047,0.9951195
zhao-vaccine-4483f2a784fc6ed9,BigMHC,v1.0,immunogenicity,0.543281,higher,predicted,0.543281,0.9220408
zhao-vaccine-dc896238782e4631,BigMHC,v1.0,immunogenicity,0.16843854,higher,predicted,0.16843854,0.033801734
zhao-vaccine-bf220356d06db0f0,BigMHC,v1.0,immunogenicity,0.13341129,higher,predicted,0.13341129,0.000384277
zhao-vaccine-a75e663bab34906c,BigMHC,v1.0,immunogenicity,0.086284295,higher,predicted,0.086284295,0.01702637
zhao-vaccine-54ec293e84e13508,BigMHC,v1.0,immunogenicity,0.14299849,higher,predicted,0.14299849,0.008786417
zhao-vaccine-6d227e48064eb22f,BigMHC,v1.0,immunogenicity,0.089726605,higher,predicted,0.089726605,0.5836753
zhao-vaccine-44f1285caea075a7,BigMHC,v1.0,immunogenicity,0.28008324,higher,predicted,0.28008324,0.23574446
zhao-vaccine-2dea372668b54f24,BigMHC,v1.0,immunogenicity,0.12738898,higher,predicted,0.12738898,0.041252337
zhao-vaccine-a65e858815f38613,BigMHC,v1.0,immunogenicity,0.40679425,higher,predicted,0.40679425,0.21159646
zhao-vaccine-798364a9eb823880,BigMHC,v1.0,immunogenicity,0.018572127,higher,predicted,0.018572127,0.0029605923
zhao-vaccine-295b177510adca1e,BigMHC,v1.0,immunogenicity,0.1088227,higher,predicted,0.1088227,0.0020731757
zhao-vaccine-25b0ee2d16a42eda,BigMHC,v1.0,immunogenicity,0.4222464,higher,predicted,0.4222464,0.02688748
zhao-vaccine-dead279e867c4665,BigMHC,v1.0,immunogenicity,0.23900294,higher,predicted,0.23900294,0.045409895
zhao-vaccine-b629247dcc4ce157,BigMHC,v1.0,immunogenicity,0.006969751,higher,predicted,0.006969751,0.00091175205
zhao-vaccine-645c0657755c03d1,BigMHC,v1.0,immunogenicity,0.09030008,higher,predicted,0.09030008,0.03955093
zhao-vaccine-56e09080ec5d141a,BigMHC,v1.0,immunogenicity,0.61143845,higher,predicted,0.61143845,0.07596029
zhao-vaccine-e65870d5c13f0cae,BigMHC,v1.0,immunogenicity,0.35118428,higher,predicted,0.35118428,0.006860373
zhao-vaccine-e163786dd60b30c6,BigMHC,v1.0,immunogenicity,0.07834441,higher,predicted,0.07834441,0.009229988
zhao-vaccine-52abf4ab6ec53398,BigMHC,v1.0,immunogenicity,0.075321026,higher,predicted,0.075321026,0.13398765
zhao-vaccine-f095e17a85ac6274,BigMHC,v1.0,immunogenicity,0.20348065,higher,predicted,0.20348065,0.0074070045
zhao-vaccine-ae66c36ac74a789a,BigMHC,v1.0,immunogenicity,0.21017478,higher,predicted,0.21017478,0.004262529
zhao-vaccine-efda1ba858fbe5cd,BigMHC,v1.0,immunogenicity,0.102578044,higher,predicted,0.102578044,0.026905581
zhao-vaccine-748ce69b5e1e7d7a,BigMHC,v1.0,immunogenicity,0.08738436,higher,predicted,0.08738436,0.029848302
zhao-vaccine-3aff159c60b53eab,BigMHC,v1.0,immunogenicity,0.19416265,higher,predicted,0.19416265,0.0017406292
zhao-vaccine-36b2b5626e9cf020,BigMHC,v1.0,immunogenicity,0.00552501,higher,predicted,0.00552501,0.011331751
zhao-vaccine-914803d50e1be2db,BigMHC,v1.0,immunogenicity,0.10008591,higher,predicted,0.10008591,0.040231217
zhao-vaccine-57e80af6b56dfdf5,BigMHC,v1.0,immunogenicity,0.031245625,higher,predicted,0.031245625,0.015184464
zhao-vaccine-9e18dbe1835f1997,BigMHC,v1.0,immunogenicity,0.06374142,higher,predicted,0.06374142,0.014351676
zhao-vaccine-9d185ca51b52793e,BigMHC,v1.0,immunogenicity,0.358287,higher,predicted,0.358287,0.8883384
zhao-vaccine-c845ec4db4fdf2b1,BigMHC,v1.0,immunogenicity,0.13609627,higher,predicted,0.13609627,0.36671543
zhao-vaccine-2559495fe7cc09c8,BigMHC,v1.0,immunogenicity,0.2731685,higher,predicted,0.2731685,0.07232918
zhao-vaccine-e228d834b3506f37,BigMHC,v1.0,immunogenicity,0.3295147,higher,predicted,0.3295147,0.10967862
zhao-vaccine-632173550f8defa7,BigMHC,v1.0,immunogenicity,0.14847231,higher,predicted,0.14847231,0.004565233
zhao-vaccine-429e2fc94d9e9045,BigMHC,v1.0,immunogenicity,0.047673635,higher,predicted,0.047673635,0.002354911
zhao-vaccine-5fe6eb68309e409a,BigMHC,v1.0,immunogenicity,0.090561874,higher,predicted,0.090561874,0.30771613
zhao-vaccine-0dfb7b47d5d12f64,BigMHC,v1.0,immunogenicity,0.10586893,higher,predicted,0.10586893,0.6012514
zhao-vaccine-3e67648453abcd83,BigMHC,v1.0,immunogenicity,0.31978467,higher,predicted,0.31978467,0.97159016
zhao-vaccine-38f2049f0ff4c129,BigMHC,v1.0,immunogenicity,0.12773211,higher,predicted,0.12773211,0.026546944
zhao-vaccine-57d0eb88667194d5,BigMHC,v1.0,immunogenicity,0.12495593,higher,predicted,0.12495593,0.024495648
zhao-vaccine-f1aee3464f60a35c,BigMHC,v1.0,immunogenicity,0.42197224,higher,predicted,0.42197224,0.020958439
zhao-vaccine-2558c43d3ff0ad35,BigMHC,v1.0,immunogenicity,0.3375454,higher,predicted,0.3375454,0.0077629723
zhao-vaccine-c772357dc481e666,BigMHC,v1.0,immunogenicity,0.0094399005,higher,predicted,0.0094399005,1.7667797e-05
zhao-vaccine-4fd5d53649a59869,BigMHC,v1.0,immunogenicity,0.53148496,higher,predicted,0.53148496,0.9839358
zhao-vaccine-03337e287c4c1eb9,BigMHC,v1.0,immunogenicity,0.09828683,higher,predicted,0.09828683,0.04865477
zhao-vaccine-a1619d1bdeaec50c,BigMHC,v1.0,immunogenicity,0.0046638185,higher,predicted,0.0046638185,0.0001225385
zhao-vaccine-357637a55b5dfa0c,BigMHC,v1.0,immunogenicity,0.009489529,higher,predicted,0.009489529,0.002376591
zhao-vaccine-f5effd103564b8de,BigMHC,v1.0,immunogenicity,0.031715903,higher,predicted,0.031715903,0.0015790054
zhao-vaccine-616ea22fb1ba1a9e,BigMHC,v1.0,immunogenicity,0.20274265,higher,predicted,0.20274265,0.22038364
zhao-vaccine-c88d67228419fc50,BigMHC,v1.0,immunogenicity,0.21838532,higher,predicted,0.21838532,0.08263941
zhao-vaccine-ca0cdaf9d43b725f,BigMHC,v1.0,immunogenicity,0.15533412,higher,predicted,0.15533412,0.4152381
zhao-vaccine-b79174e32f0a9eae,BigMHC,v1.0,immunogenicity,0.19972096,higher,predicted,0.19972096,0.032816682
zhao-vaccine-2bf13a54882991b8,BigMHC,v1.0,immunogenicity,0.07623521,higher,predicted,0.07623521,0.37602535
zhao-vaccine-8f375180dc93b864,BigMHC,v1.0,immunogenicity,0.043392304,higher,predicted,0.043392304,0.0019239977
zhao-vaccine-85eb791d393f0129,BigMHC,v1.0,immunogenicity,0.0084753735,higher,predicted,0.0084753735,0.0046598464
zhao-vaccine-7625040ee15f1bba,BigMHC,v1.0,immunogenicity,0.11693479,higher,predicted,0.11693479,0.11262369
zhao-vaccine-a4ade91218cdc75f,BigMHC,v1.0,immunogenicity,0.0609832,higher,predicted,0.0609832,0.85729057
zhao-vaccine-401d2a0add232871,BigMHC,v1.0,immunogenicity,0.005843186,higher,predicted,0.005843186,0.00077953906
zhao-vaccine-b4bca017beffad42,BigMHC,v1.0,immunogenicity,0.36802548,higher,predicted,0.36802548,0.2992434
zhao-vaccine-429e3f8c0f5c862c,BigMHC,v1.0,immunogenicity,0.28077057,higher,predicted,0.28077057,0.1638906
zhao-vaccine-4d63951595b04409,BigMHC,v1.0,immunogenicity,0.09294443,higher,predicted,0.09294443,0.007831355
zhao-vaccine-47647b5942f35551,BigMHC,v1.0,immunogenicity,0.15813705,higher,predicted,0.15813705,0.025778072
zhao-vaccine-fdd8fc87e5104d7b,BigMHC,v1.0,immunogenicity,0.0036481584,higher,predicted,0.0036481584,0.00013198347
zhao-vaccine-d4aa4e707108dc27,BigMHC,v1.0,immunogenicity,0.34457678,higher,predicted,0.34457678,0.4797617
zhao-vaccine-c51e7ea4f4c184cc,BigMHC,v1.0,immunogenicity,0.11902387,higher,predicted,0.11902387,0.010440097
zhao-vaccine-d05912317fe97c27,BigMHC,v1.0,immunogenicity,0.22389853,higher,predicted,0.22389853,0.086831555
zhao-vaccine-e6461efde3c2741a,BigMHC,v1.0,immunogenicity,0.14722829,higher,predicted,0.14722829,0.23826885
zhao-vaccine-5df5dec8f4f78c14,BigMHC,v1.0,immunogenicity,0.17012975,higher,predicted,0.17012975,0.098593764
zhao-vaccine-b669bb46479a807e,BigMHC,v1.0,immunogenicity,0.074262716,higher,predicted,0.074262716,0.018887678
zhao-vaccine-cf766650b07d46ee,BigMHC,v1.0,immunogenicity,0.1178567,higher,predicted,0.1178567,0.78784704
zhao-vaccine-74aa856bf12974ba,BigMHC,v1.0,immunogenicity,0.41244832,higher,predicted,0.41244832,0.2113408
zhao-vaccine-64c98e09b69a5d62,BigMHC,v1.0,immunogenicity,0.19000758,higher,predicted,0.19000758,0.28707787
zhao-vaccine-80bf7079133ebe0b,BigMHC,v1.0,immunogenicity,0.023082826,higher,predicted,0.023082826,0.013148514
zhao-vaccine-efcea0bc4d09a05f,BigMHC,v1.0,immunogenicity,0.19441135,higher,predicted,0.19441135,0.7113491
zhao-vaccine-c8f8737258d70cd3,BigMHC,v1.0,immunogenicity,0.4248495,higher,predicted,0.4248495,0.696451
zhao-vaccine-b6b92b7e81b75a24,BigMHC,v1.0,immunogenicity,0.16932997,higher,predicted,0.16932997,0.03405466
zhao-vaccine-59e134551336c4e2,BigMHC,v1.0,immunogenicity,0.21774456,higher,predicted,0.21774456,0.18769793
zhao-vaccine-36e0cd0961711f12,BigMHC,v1.0,immunogenicity,0.21702525,higher,predicted,0.21702525,0.10264112
zhao-vaccine-14d313929ec1d378,BigMHC,v1.0,immunogenicity,0.029793939,higher,predicted,0.029793939,0.27829865
zhao-vaccine-09d2cc1ffc78278c,BigMHC,v1.0,immunogenicity,0.023115067,higher,predicted,0.023115067,0.0389472
zhao-vaccine-29926a93b0712d4a,BigMHC,v1.0,immunogenicity,0.01385589,higher,predicted,0.01385589,0.0034406465
zhao-vaccine-cf5b8ca20e933ae7,BigMHC,v1.0,immunogenicity,0.07272736,higher,predicted,0.07272736,0.0071248882
zhao-vaccine-7acafd6c9399806c,BigMHC,v1.0,immunogenicity,0.018983169,higher,predicted,0.018983169,0.0041528386
zhao-vaccine-1f54547768a20317,BigMHC,v1.0,immunogenicity,0.053473763,higher,predicted,0.053473763,0.010447701
zhao-vaccine-aeca70f8cbb54a5f,BigMHC,v1.0,immunogenicity,0.002656244,higher,predicted,0.002656244,0.0011510906
zhao-vaccine-22646f8f1e1870b8,BigMHC,v1.0,immunogenicity,0.047002662,higher,predicted,0.047002662,0.022294387
zhao-vaccine-6cc35d9d03631477,BigMHC,v1.0,immunogenicity,0.003699413,higher,predicted,0.003699413,0.041038103
zhao-vaccine-2a6e650dc246bcb9,BigMHC,v1.0,immunogenicity,0.0675811,higher,predicted,0.0675811,0.055163063
zhao-vaccine-906a46f65f28953c,BigMHC,v1.0,immunogenicity,0.03726271,higher,predicted,0.03726271,0.12606284
zhao-vaccine-447ed56142240d01,BigMHC,v1.0,immunogenicity,0.25854868,higher,predicted,0.25854868,0.6421359
zhao-vaccine-ed9e43eb5539cacc,BigMHC,v1.0,immunogenicity,0.03818046,higher,predicted,0.03818046,0.01966826
zhao-vaccine-5c20ac9e9a0ee4fd,BigMHC,v1.0,immunogenicity,0.019970264,higher,predicted,0.019970264,0.0056518624
zhao-vaccine-bb8687f15bc6f190,BigMHC,v1.0,immunogenicity,0.020630287,higher,predicted,0.020630287,0.043991208
zhao-vaccine-af08ded50637db18,BigMHC,v1.0,immunogenicity,0.019163487,higher,predicted,0.019163487,0.015150325
zhao-vaccine-0a348598a556c0e9,BigMHC,v1.0,immunogenicity,0.00029445838,higher,predicted,0.00029445838,0.00033945375
zhao-vaccine-6dff12cf97e8daa0,BigMHC,v1.0,immunogenicity,0.16176939,higher,predicted,0.16176939,0.34998733
zhao-vaccine-3e7d11a8e23fcc9b,BigMHC,v1.0,immunogenicity,0.28011972,higher,predicted,0.28011972,0.9715269
zhao-vaccine-961bc6818383d108,BigMHC,v1.0,immunogenicity,0.3061675,higher,predicted,0.3061675,0.4370919
zhao-vaccine-a06ffb29914ff89e,BigMHC,v1.0,immunogenicity,0.4153409,higher,predicted,0.4153409,0.22408268
zhao-vaccine-3b206bf21e2c226f,BigMHC,v1.0,immunogenicity,0.10922987,higher,predicted,0.10922987,0.110011816
zhao-vaccine-c65b7de8500d2319,BigMHC,v1.0,immunogenicity,0.039204158,higher,predicted,0.039204158,0.026995009
zhao-vaccine-e44496dfd999e7ba,BigMHC,v1.0,immunogenicity,0.034985248,higher,predicted,0.034985248,0.037165213
zhao-vaccine-fbde732c3898b73d,BigMHC,v1.0,immunogenicity,0.1604577,higher,predicted,0.1604577,0.6032839
zhao-vaccine-3ac5f839d4b889f0,BigMHC,v1.0,immunogenicity,0.020579865,higher,predicted,0.020579865,0.0031226792
zhao-vaccine-1194756f00230216,BigMHC,v1.0,immunogenicity,0.14130116,higher,predicted,0.14130116,0.014186363
zhao-vaccine-f2ae0bcb8691fda9,BigMHC,v1.0,immunogenicity,0.5781669,higher,predicted,0.5781669,0.8879934
zhao-vaccine-f0fb4c07c768db71,BigMHC,v1.0,immunogenicity,0.13049667,higher,predicted,0.13049667,0.011509719
zhao-vaccine-78496bc341152f7f,BigMHC,v1.0,immunogenicity,0.00081102515,higher,predicted,0.00081102515,9.231631e-05
zhao-vaccine-9d8d8ea4af10a013,BigMHC,v1.0,immunogenicity,0.08664346,higher,predicted,0.08664346,0.19492497
zhao-vaccine-6eb6266f157532ce,BigMHC,v1.0,immunogenicity,0.05259174,higher,predicted,0.05259174,0.01157029
zhao-vaccine-c1a076ce01ad4895,BigMHC,v1.0,immunogenicity,0.01756424,higher,predicted,0.01756424,0.024935523
zhao-vaccine-4bbfb97b7db0de5a,BigMHC,v1.0,immunogenicity,0.020004107,higher,predicted,0.020004107,0.0004547299
zhao-vaccine-b4daaf3d4726716c,BigMHC,v1.0,immunogenicity,0.10075209,higher,predicted,0.10075209,0.26139474
zhao-vaccine-68ff3dde884e7c4e,BigMHC,v1.0,immunogenicity,0.064530246,higher,predicted,0.064530246,0.4391672
zhao-vaccine-0fde749e91676614,BigMHC,v1.0,immunogenicity,0.10135569,higher,predicted,0.10135569,0.00025939717
zhao-vaccine-6c19ca9415660072,BigMHC,v1.0,immunogenicity,0.08749844,higher,predicted,0.08749844,0.0005278175
zhao-vaccine-e193835d86e00144,BigMHC,v1.0,immunogenicity,0.13246492,higher,predicted,0.13246492,0.00703238
zhao-vaccine-34858ebc5372184d,BigMHC,v1.0,immunogenicity,0.2760081,higher,predicted,0.2760081,0.07201838
zhao-vaccine-53a1191cb4bd5ee6,BigMHC,v1.0,immunogenicity,0.013294633,higher,predicted,0.013294633,0.030898836
zhao-vaccine-61ffb955f248e05d,BigMHC,v1.0,immunogenicity,0.0060279714,higher,predicted,0.0060279714,0.00023141438
zhao-vaccine-6118202e104aeba7,BigMHC,v1.0,immunogenicity,0.19945279,higher,predicted,0.19945279,0.91268146
zhao-vaccine-320d4b079fad1973,BigMHC,v1.0,immunogenicity,0.183758,higher,predicted,0.183758,0.08645811
zhao-vaccine-ba2179005c8430b0,BigMHC,v1.0,immunogenicity,0.33965725,higher,predicted,0.33965725,0.9638387
zhao-vaccine-9bc9263a325135b3,BigMHC,v1.0,immunogenicity,0.011069367,higher,predicted,0.011069367,0.020149779
zhao-vaccine-151cd04499d7313c,BigMHC,v1.0,immunogenicity,0.6680449,higher,predicted,0.6680449,0.7749695
zhao-vaccine-d52a1385e04d713d,BigMHC,v1.0,immunogenicity,0.030802598,higher,predicted,0.030802598,0.8105731
zhao-vaccine-844033c362ad7a84,BigMHC,v1.0,immunogenicity,0.3883435,higher,predicted,0.3883435,0.6166921
zhao-vaccine-882306121ddf6b32,BigMHC,v1.0,immunogenicity,0.058755476,higher,predicted,0.058755476,0.003652674
zhao-vaccine-11ef567a0e7465d5,BigMHC,v1.0,immunogenicity,0.031929255,higher,predicted,0.031929255,0.0012091055
zhao-vaccine-e185c06a06832ff7,BigMHC,v1.0,immunogenicity,0.16545531,higher,predicted,0.16545531,0.013723909
zhao-vaccine-99a2be21eb0c1347,BigMHC,v1.0,immunogenicity,0.43109864,higher,predicted,0.43109864,0.08815523
zhao-vaccine-cdb1ded316e5bc08,BigMHC,v1.0,immunogenicity,0.01440767,higher,predicted,0.01440767,0.07459694
zhao-vaccine-b2e421139854d8be,BigMHC,v1.0,immunogenicity,0.31168938,higher,predicted,0.31168938,0.42850783
zhao-vaccine-1d6a83690a176302,BigMHC,v1.0,immunogenicity,0.10145012,higher,predicted,0.10145012,0.40839198
zhao-vaccine-e3cd5634b3b73d2b,BigMHC,v1.0,immunogenicity,0.3499122,higher,predicted,0.3499122,0.25412506
zhao-vaccine-9f2f88a4b27fe475,BigMHC,v1.0,immunogenicity,0.36635303,higher,predicted,0.36635303,0.102581434
zhao-vaccine-7f3ccab1ad04ec08,BigMHC,v1.0,immunogenicity,0.2438264,higher,predicted,0.2438264,0.20763923
zhao-vaccine-fb6c9cad429e4680,BigMHC,v1.0,immunogenicity,0.42958376,higher,predicted,0.42958376,0.82835007
zhao-vaccine-1ed8bfb076e0bd86,BigMHC,v1.0,immunogenicity,0.13843645,higher,predicted,0.13843645,0.7919487
zhao-vaccine-549621310287b89a,BigMHC,v1.0,immunogenicity,0.7621027,higher,predicted,0.7621027,0.015046044
zhao-vaccine-4c4549e8b044b957,BigMHC,v1.0,immunogenicity,0.2564551,higher,predicted,0.2564551,0.8844553
zhao-vaccine-260a1f44f52497e0,BigMHC,v1.0,immunogenicity,0.66582793,higher,predicted,0.66582793,0.7207071
zhao-vaccine-110de4aa20d26af6,BigMHC,v1.0,immunogenicity,0.1027659,higher,predicted,0.1027659,0.06222987
zhao-vaccine-e8653d192eae3e34,BigMHC,v1.0,immunogenicity,0.48011035,higher,predicted,0.48011035,0.10696019
zhao-vaccine-e17f1f0641708376,BigMHC,v1.0,immunogenicity,0.033911664,higher,predicted,0.033911664,0.00033326077
zhao-vaccine-cf72de33b138153d,BigMHC,v1.0,immunogenicity,0.011404017,higher,predicted,0.011404017,0.0021267373
zhao-vaccine-bf0289636ad7c89c,BigMHC,v1.0,immunogenicity,0.04271655,higher,predicted,0.04271655,0.032340456
zhao-vaccine-51278c3cc9822a92,BigMHC,v1.0,immunogenicity,0.31551674,higher,predicted,0.31551674,0.29711032
zhao-vaccine-0c2febc3043a65b7,BigMHC,v1.0,immunogenicity,0.09268337,higher,predicted,0.09268337,0.007593475
zhao-vaccine-0f1c7070e2b3c380,BigMHC,v1.0,immunogenicity,0.0026837778,higher,predicted,0.0026837778,0.0724337
zhao-vaccine-5759f50764496c1f,BigMHC,v1.0,immunogenicity,0.013707899,higher,predicted,0.013707899,0.025780182
zhao-vaccine-da11dd7c2aa31ca7,BigMHC,v1.0,immunogenicity,0.015592855,higher,predicted,0.015592855,0.33030897
zhao-vaccine-4af4c0c7f6941ea8,BigMHC,v1.0,immunogenicity,0.37403825,higher,predicted,0.37403825,0.11828425
zhao-vaccine-6ec07fc29b17d28c,BigMHC,v1.0,immunogenicity,0.6002553,higher,predicted,0.6002553,0.7701496
zhao-vaccine-67401c1a974e2cdb,BigMHC,v1.0,immunogenicity,0.2203639,higher,predicted,0.2203639,0.58156365
zhao-vaccine-1022680eb48a536b,BigMHC,v1.0,immunogenicity,0.19990084,higher,predicted,0.19990084,0.6299153
zhao-vaccine-01655e2ddd89c647,BigMHC,v1.0,immunogenicity,0.18461013,higher,predicted,0.18461013,0.105580784
zhao-vaccine-b7c9a2590ca97e55,BigMHC,v1.0,immunogenicity,0.1392678,higher,predicted,0.1392678,0.035914328
zhao-vaccine-69313463a7bc3db2,BigMHC,v1.0,immunogenicity,0.06463869,higher,predicted,0.06463869,0.01353656
zhao-vaccine-241f5ed344b276f1,BigMHC,v1.0,immunogenicity,0.08286045,higher,predicted,0.08286045,0.016297488
zhao-vaccine-74515f7ab26177d9,BigMHC,v1.0,immunogenicity,0.024410442,higher,predicted,0.024410442,0.21881892
zhao-vaccine-f7d81e959bed76fd,BigMHC,v1.0,immunogenicity,0.008859894,higher,predicted,0.008859894,0.0037122252
zhao-vaccine-5df0851945e75a9b,BigMHC,v1.0,immunogenicity,0.11378304,higher,predicted,0.11378304,0.15416881
zhao-vaccine-12bccd0f8cb0d82d,BigMHC,v1.0,immunogenicity,0.035646383,higher,predicted,0.035646383,0.002847834
zhao-vaccine-7cefe8761aadff4f,BigMHC,v1.0,immunogenicity,0.07236525,higher,predicted,0.07236525,0.11722637
zhao-vaccine-6474740652487b1e,BigMHC,v1.0,immunogenicity,0.09782435,higher,predicted,0.09782435,0.06875814
zhao-vaccine-1384b13ea4a47498,BigMHC,v1.0,immunogenicity,0.16470824,higher,predicted,0.16470824,0.91125596
zhao-vaccine-e7e684493a85f4c3,BigMHC,v1.0,immunogenicity,0.056588594,higher,predicted,0.056588594,0.2185855
zhao-vaccine-c102a196bf89a4b6,BigMHC,v1.0,immunogenicity,0.026300523,higher,predicted,0.026300523,0.0006320604
zhao-vaccine-7e30652ffdcbe453,BigMHC,v1.0,immunogenicity,0.03373759,higher,predicted,0.03373759,0.058965586
zhao-vaccine-e9276b52de40e1ac,BigMHC,v1.0,immunogenicity,0.0776893,higher,predicted,0.0776893,0.007981015
zhao-vaccine-a12b39139dc6298b,BigMHC,v1.0,immunogenicity,0.068620324,higher,predicted,0.068620324,0.009262474
zhao-vaccine-1635417f470261e1,BigMHC,v1.0,immunogenicity,0.05691337,higher,predicted,0.05691337,0.1677785
zhao-vaccine-b23cc827d2fcd84a,BigMHC,v1.0,immunogenicity,0.0023171883,higher,predicted,0.0023171883,0.004579711
zhao-vaccine-8d2ca10b3e719cd3,BigMHC,v1.0,immunogenicity,0.023206664,higher,predicted,0.023206664,0.0060461676
zhao-vaccine-d2a8e851b57602e5,BigMHC,v1.0,immunogenicity,0.004749078,higher,predicted,0.004749078,0.00037496974
zhao-vaccine-fd6568cd3764d90d,BigMHC,v1.0,immunogenicity,0.048544437,higher,predicted,0.048544437,0.9207794
zhao-vaccine-f7c51ed7a58a8934,BigMHC,v1.0,immunogenicity,0.15333797,higher,predicted,0.15333797,0.02775051
zhao-vaccine-a26b667b16047e56,BigMHC,v1.0,immunogenicity,0.0140859205,higher,predicted,0.0140859205,0.44938758
zhao-vaccine-b2e66ff16b79a023,BigMHC,v1.0,immunogenicity,0.030712033,higher,predicted,0.030712033,0.32308164
zhao-vaccine-b696a57d6d62315a,BigMHC,v1.0,immunogenicity,0.20905134,higher,predicted,0.20905134,0.1430558
zhao-vaccine-8b054f154e9bb54b,BigMHC,v1.0,immunogenicity,0.118812755,higher,predicted,0.118812755,0.2412914
zhao-vaccine-65c857de58a443cf,BigMHC,v1.0,immunogenicity,0.28183085,higher,predicted,0.28183085,0.007644854
zhao-vaccine-8d5c6842d3d9446c,BigMHC,v1.0,immunogenicity,0.12886666,higher,predicted,0.12886666,0.5199996
zhao-vaccine-e6d0ff2c0266fc1f,BigMHC,v1.0,immunogenicity,0.28793103,higher,predicted,0.28793103,0.022737866
zhao-vaccine-2e3b3050a35eda79,BigMHC,v1.0,immunogenicity,0.07075426,higher,predicted,0.07075426,0.07187595
zhao-vaccine-fd3b9f94ce8b5966,BigMHC,v1.0,immunogenicity,0.10148214,higher,predicted,0.10148214,0.03303534
zhao-vaccine-0b7bce2881c6a27d,BigMHC,v1.0,immunogenicity,0.29178843,higher,predicted,0.29178843,0.7112629
zhao-vaccine-7ead1c9658b454fa,BigMHC,v1.0,immunogenicity,0.42297602,higher,predicted,0.42297602,0.88063186
zhao-vaccine-e8d4832f24f49fa4,BigMHC,v1.0,immunogenicity,0.27978733,higher,predicted,0.27978733,0.21351244
zhao-vaccine-5c7446710515ea0c,BigMHC,v1.0,immunogenicity,0.024607837,higher,predicted,0.024607837,0.023007518
zhao-vaccine-4792240faf0d2442,BigMHC,v1.0,immunogenicity,0.14773278,higher,predicted,0.14773278,0.0133208865
zhao-vaccine-5af70a1de861bbe8,BigMHC,v1.0,immunogenicity,0.15516254,higher,predicted,0.15516254,0.5929244
zhao-vaccine-9fe53c22422fa653,BigMHC,v1.0,immunogenicity,0.36302564,higher,predicted,0.36302564,0.92262775
zhao-vaccine-43730793527c1c58,BigMHC,v1.0,immunogenicity,0.31536284,higher,predicted,0.31536284,0.14576885
zhao-vaccine-bd98ad0dbc1ffda8,BigMHC,v1.0,immunogenicity,0.21194877,higher,predicted,0.21194877,0.09427089
zhao-vaccine-10c33d138e6258f8,BigMHC,v1.0,immunogenicity,0.25983778,higher,predicted,0.25983778,0.16063632
zhao-vaccine-da2fd43a3a17bed7,BigMHC,v1.0,immunogenicity,0.01560915,higher,predicted,0.01560915,0.044831406
zhao-vaccine-c12281bbf19a4abd,BigMHC,v1.0,immunogenicity,0.07156684,higher,predicted,0.07156684,0.006803372
zhao-vaccine-0d500fc84bf8ae30,BigMHC,v1.0,immunogenicity,0.38511828,higher,predicted,0.38511828,0.22323872
zhao-vaccine-b49f7842d9b4a6c3,BigMHC,v1.0,immunogenicity,0.053560577,higher,predicted,0.053560577,0.022180464
zhao-vaccine-583d9b909f2e2085,BigMHC,v1.0,immunogenicity,0.112607524,higher,predicted,0.112607524,0.1489488
zhao-vaccine-e873b21bfae977d0,BigMHC,v1.0,immunogenicity,0.012930415,higher,predicted,0.012930415,0.0076635084
zhao-vaccine-223711e0310fa27f,BigMHC,v1.0,immunogenicity,0.012951582,higher,predicted,0.012951582,0.01705952
zhao-vaccine-9f527410587768f6,BigMHC,v1.0,immunogenicity,0.01802586,higher,predicted,0.01802586,0.0455785
zhao-vaccine-82e6fde91e616b78,BigMHC,v1.0,immunogenicity,0.7120485,higher,predicted,0.7120485,0.9927764
zhao-vaccine-015f3f5c3a4f049a,BigMHC,v1.0,immunogenicity,0.4903931,higher,predicted,0.4903931,0.25862148
zhao-vaccine-3031b8e82ad731c2,BigMHC,v1.0,immunogenicity,0.030803224,higher,predicted,0.030803224,0.0021390694
zhao-vaccine-61a7f63d46d0b1ae,BigMHC,v1.0,immunogenicity,0.01177039,higher,predicted,0.01177039,0.0038797178
zhao-vaccine-b336a4ecc473e5ed,BigMHC,v1.0,immunogenicity,0.073147275,higher,predicted,0.073147275,0.14616801
zhao-vaccine-87ab2eaf6804788f,BigMHC,v1.0,immunogenicity,0.07579996,higher,predicted,0.07579996,0.7905191
zhao-vaccine-baf353825f382be5,BigMHC,v1.0,immunogenicity,0.014333801,higher,predicted,0.014333801,0.004875582
zhao-vaccine-35a3684a71df0b96,BigMHC,v1.0,immunogenicity,0.6316017,higher,predicted,0.6316017,0.16703092
zhao-vaccine-cedb684e7e44c0cb,BigMHC,v1.0,immunogenicity,0.017310696,higher,predicted,0.017310696,0.0011083465
zhao-vaccine-cbb6b14e95ca88b8,BigMHC,v1.0,immunogenicity,0.058238484,higher,predicted,0.058238484,0.48159078
zhao-vaccine-c03d89200c428847,BigMHC,v1.0,immunogenicity,0.02258922,higher,predicted,0.02258922,0.0003868699
zhao-vaccine-28be76526d52543c,BigMHC,v1.0,immunogenicity,0.5469327,higher,predicted,0.5469327,0.90004617
zhao-vaccine-e9b4f0dfabc14750,BigMHC,v1.0,immunogenicity,0.45707813,higher,predicted,0.45707813,0.00035702463
zhao-vaccine-2ac21cd9be4184b0,BigMHC,v1.0,immunogenicity,0.28594756,higher,predicted,0.28594756,0.018989827
zhao-vaccine-48ea254de5fa16b2,BigMHC,v1.0,immunogenicity,0.3271931,higher,predicted,0.3271931,0.049787946
zhao-vaccine-523654c7d864f1f5,BigMHC,v1.0,immunogenicity,0.70455045,higher,predicted,0.70455045,0.25740188
zhao-vaccine-1793bf4cd6bd1c14,BigMHC,v1.0,immunogenicity,0.17695954,higher,predicted,0.17695954,0.72697175
zhao-vaccine-1c8a35e9d70dbe16,BigMHC,v1.0,immunogenicity,0.56783664,higher,predicted,0.56783664,0.8672423
zhao-vaccine-ebe9d5fbde63d333,BigMHC,v1.0,immunogenicity,0.43553597,higher,predicted,0.43553597,0.44791678
zhao-vaccine-b2667228dbb9774b,BigMHC,v1.0,immunogenicity,0.1809021,higher,predicted,0.1809021,0.043019902
zhao-vaccine-f24baca37be1a650,BigMHC,v1.0,immunogenicity,0.38865346,higher,predicted,0.38865346,0.33966774
zhao-vaccine-aca0c405a9761509,BigMHC,v1.0,immunogenicity,0.13003309,higher,predicted,0.13003309,0.28960517
zhao-vaccine-137f30055973381d,BigMHC,v1.0,immunogenicity,0.4332913,higher,predicted,0.4332913,0.5667043
zhao-vaccine-5acb13985756e139,BigMHC,v1.0,immunogenicity,0.08200313,higher,predicted,0.08200313,0.014439282
zhao-vaccine-323a6abee6b08db3,BigMHC,v1.0,immunogenicity,0.07712509,higher,predicted,0.07712509,0.003916477
zhao-vaccine-79ac2042de749929,BigMHC,v1.0,immunogenicity,0.10238125,higher,predicted,0.10238125,0.17550011
zhao-vaccine-e8b4f2b70db831b0,BigMHC,v1.0,immunogenicity,0.004227394,higher,predicted,0.004227394,0.0006926196
zhao-vaccine-608b009f82c88493,BigMHC,v1.0,immunogenicity,0.5824291,higher,predicted,0.5824291,0.897264
zhao-vaccine-37a807759a502c1b,BigMHC,v1.0,immunogenicity,0.58013695,higher,predicted,0.58013695,0.9273986
zhao-vaccine-1e4ca59f5ebf7442,BigMHC,v1.0,immunogenicity,0.0050206073,higher,predicted,0.0050206073,0.024727326
zhao-vaccine-c8f047294af0328d,BigMHC,v1.0,immunogenicity,0.12980488,higher,predicted,0.12980488,0.073598966
zhao-vaccine-cc5704e7d618677e,BigMHC,v1.0,immunogenicity,0.29139763,higher,predicted,0.29139763,0.0843004
zhao-vaccine-8aff6dc901f42ea5,BigMHC,v1.0,immunogenicity,0.009442462,higher,predicted,0.009442462,0.018838936
zhao-vaccine-d6dda5366e5dc976,BigMHC,v1.0,immunogenicity,0.026020145,higher,predicted,0.026020145,0.057998907
zhao-vaccine-f468df5e69517960,BigMHC,v1.0,immunogenicity,0.33159575,higher,predicted,0.33159575,0.34276697
zhao-vaccine-50bc0715030f03ce,BigMHC,v1.0,immunogenicity,0.33425918,higher,predicted,0.33425918,0.5189071
zhao-vaccine-72b35402f2106ea1,BigMHC,v1.0,immunogenicity,0.30142856,higher,predicted,0.30142856,0.355083
zhao-vaccine-aff9eeada839b58c,BigMHC,v1.0,immunogenicity,0.20202658,higher,predicted,0.20202658,0.019491458
zhao-vaccine-97e30c74a87e05dd,BigMHC,v1.0,immunogenicity,0.5695075,higher,predicted,0.5695075,0.16089629
zhao-vaccine-9a583860aa7fe6c9,BigMHC,v1.0,immunogenicity,0.4045088,higher,predicted,0.4045088,0.52498156
zhao-vaccine-82473da3aebe3f99,BigMHC,v1.0,immunogenicity,0.14409947,higher,predicted,0.14409947,0.04301676
zhao-vaccine-890d0481078605a4,BigMHC,v1.0,immunogenicity,0.8550057,higher,predicted,0.8550057,0.7616152
zhao-vaccine-a8bf16d20e1d5fe5,BigMHC,v1.0,immunogenicity,0.2496939,higher,predicted,0.2496939,0.06615999
zhao-vaccine-c0be17cb2d09a5d5,BigMHC,v1.0,immunogenicity,0.74759996,higher,predicted,0.74759996,0.99640507
zhao-vaccine-cd89b89400829c25,BigMHC,v1.0,immunogenicity,0.54640543,higher,predicted,0.54640543,0.21581076
zhao-vaccine-e892d242b06d9fef,BigMHC,v1.0,immunogenicity,0.66305715,higher,predicted,0.66305715,0.2223164
zhao-vaccine-499d980535ba1168,BigMHC,v1.0,immunogenicity,0.329527,higher,predicted,0.329527,0.19934297
zhao-vaccine-bdaf73e85080bde2,BigMHC,v1.0,immunogenicity,0.1888204,higher,predicted,0.1888204,0.49088714
zhao-vaccine-2489806640445d7d,BigMHC,v1.0,immunogenicity,0.075383954,higher,predicted,0.075383954,0.6843308
zhao-vaccine-f60a46f135c08e02,BigMHC,v1.0,immunogenicity,0.066209935,higher,predicted,0.066209935,0.29270858
zhao-vaccine-ffaecc34260f7f52,BigMHC,v1.0,immunogenicity,0.18870583,higher,predicted,0.18870583,0.0012647518
zhao-vaccine-c85a2cc2b4de6371,BigMHC,v1.0,immunogenicity,0.19246662,higher,predicted,0.19246662,0.0010973334
zhao-vaccine-6f3f8d1b39baf09d,BigMHC,v1.0,immunogenicity,0.16574772,higher,predicted,0.16574772,0.15865137
zhao-vaccine-f4b15d0bffde55ea,BigMHC,v1.0,immunogenicity,0.12644546,higher,predicted,0.12644546,0.003630953
zhao-vaccine-5561a66512f160ac,BigMHC,v1.0,immunogenicity,0.36237046,higher,predicted,0.36237046,0.0011918021
zhao-vaccine-8b2d3eae07a1cdc2,BigMHC,v1.0,immunogenicity,0.17712401,higher,predicted,0.17712401,0.00056448934
zhao-vaccine-b8483b3360c62c21,BigMHC,v1.0,immunogenicity,0.3349033,higher,predicted,0.3349033,0.16796431
zhao-vaccine-f17e8558595ff874,BigMHC,v1.0,immunogenicity,0.07146532,higher,predicted,0.07146532,0.9129564
zhao-vaccine-388ced9e4ae5f521,BigMHC,v1.0,immunogenicity,0.044137675,higher,predicted,0.044137675,0.0046304977
zhao-vaccine-27a21bc63a907d16,BigMHC,v1.0,immunogenicity,0.010978923,higher,predicted,0.010978923,0.006330182
zhao-vaccine-ae18f2e796864520,BigMHC,v1.0,immunogenicity,0.0056070113,higher,predicted,0.0056070113,0.002561743
zhao-vaccine-8fadb6aecb562960,BigMHC,v1.0,immunogenicity,0.006104476,higher,predicted,0.006104476,0.0016246103
zhao-vaccine-0e185306b20150b5,BigMHC,v1.0,immunogenicity,0.0066006007,higher,predicted,0.0066006007,0.051854853
zhao-vaccine-6bbfc6d3e617ef40,BigMHC,v1.0,immunogenicity,0.6487623,higher,predicted,0.6487623,0.019076066
zhao-vaccine-f4bf623eef927650,BigMHC,v1.0,immunogenicity,0.05945171,higher,predicted,0.05945171,0.13057259
zhao-vaccine-a4ef4400bf6c6cb8,BigMHC,v1.0,immunogenicity,0.6433652,higher,predicted,0.6433652,0.67329377
zhao-vaccine-23218612d1b1bd4d,BigMHC,v1.0,immunogenicity,0.036513023,higher,predicted,0.036513023,0.46161053
zhao-vaccine-f2bfb3f08b47a945,BigMHC,v1.0,immunogenicity,0.117116995,higher,predicted,0.117116995,0.1005844
zhao-vaccine-ac077a669b8c0ac7,BigMHC,v1.0,immunogenicity,0.05199793,higher,predicted,0.05199793,0.0014216726
zhao-vaccine-f293452f2cf65714,BigMHC,v1.0,immunogenicity,0.027274776,higher,predicted,0.027274776,0.0069289063
zhao-vaccine-d7c6cc0e7224b387,BigMHC,v1.0,immunogenicity,0.026711699,higher,predicted,0.026711699,0.09808235
zhao-vaccine-197a2688bbcb56e2,BigMHC,v1.0,immunogenicity,0.21274087,higher,predicted,0.21274087,0.75606054
zhao-vaccine-555e0c858a41ad16,BigMHC,v1.0,immunogenicity,0.4295183,higher,predicted,0.4295183,0.16991411
zhao-vaccine-a5e52fa3c62e264d,BigMHC,v1.0,immunogenicity,0.087023735,higher,predicted,0.087023735,0.3310671
zhao-vaccine-c5a2cd71fbec8b68,BigMHC,v1.0,immunogenicity,0.04029377,higher,predicted,0.04029377,0.0021445905
zhao-vaccine-c725f3b8b9b97a16,BigMHC,v1.0,immunogenicity,0.19945955,higher,predicted,0.19945955,0.014441712
zhao-vaccine-eaced34e514edeba,BigMHC,v1.0,immunogenicity,0.3068721,higher,predicted,0.3068721,0.036170922
zhao-vaccine-ff023dfa06b2e9c0,BigMHC,v1.0,immunogenicity,0.062169652,higher,predicted,0.062169652,0.0031947645
zhao-vaccine-d9c2127acd3f15f1,BigMHC,v1.0,immunogenicity,0.060517017,higher,predicted,0.060517017,0.0040811384
zhao-vaccine-f9d4a9cd87e8c515,BigMHC,v1.0,immunogenicity,0.22081481,higher,predicted,0.22081481,0.08266292
zhao-vaccine-dfa1ab9e713a5529,BigMHC,v1.0,immunogenicity,0.095243886,higher,predicted,0.095243886,0.1461957
zhao-vaccine-8e92e35ad8116779,BigMHC,v1.0,immunogenicity,0.059642248,higher,predicted,0.059642248,0.0040298435
zhao-vaccine-42486ac4b15adbd7,BigMHC,v1.0,immunogenicity,0.024902804,higher,predicted,0.024902804,0.000222136
zhao-vaccine-5a26a19caa216cea,BigMHC,v1.0,immunogenicity,0.004083277,higher,predicted,0.004083277,0.0035184084
zhao-vaccine-8198aac58d5d86bc,BigMHC,v1.0,immunogenicity,0.009604096,higher,predicted,0.009604096,0.0012164923
zhao-vaccine-31e03651fe8fe943,BigMHC,v1.0,immunogenicity,0.55993205,higher,predicted,0.55993205,0.28851864
zhao-vaccine-487db9eb855d99c1,BigMHC,v1.0,immunogenicity,0.4496949,higher,predicted,0.4496949,0.72345865
zhao-vaccine-fdaaf105de7ed76c,BigMHC,v1.0,immunogenicity,0.4385882,higher,predicted,0.4385882,0.04805314
zhao-vaccine-050bcbe5980a1004,BigMHC,v1.0,immunogenicity,0.058506254,higher,predicted,0.058506254,0.015228747
zhao-vaccine-5acf73ef956fb0f6,BigMHC,v1.0,immunogenicity,0.334229,higher,predicted,0.334229,0.45312458
zhao-vaccine-134e01af040c07a5,BigMHC,v1.0,immunogenicity,0.15168712,higher,predicted,0.15168712,0.1449815
zhao-vaccine-44f468e26ce5f493,BigMHC,v1.0,immunogenicity,0.33111265,higher,predicted,0.33111265,0.6651041
zhao-vaccine-788ef1f0f8f2eee4,BigMHC,v1.0,immunogenicity,0.20628534,higher,predicted,0.20628534,0.43370762
zhao-vaccine-115c6885fd051bc2,BigMHC,v1.0,immunogenicity,0.28705797,higher,predicted,0.28705797,0.31195635
zhao-vaccine-b3f51b3b1f498e40,BigMHC,v1.0,immunogenicity,0.22116014,higher,predicted,0.22116014,0.57986176
zhao-vaccine-cc283018234c377b,BigMHC,v1.0,immunogenicity,0.22802822,higher,predicted,0.22802822,0.32829258
zhao-vaccine-d926f805c75dc10b,BigMHC,v1.0,immunogenicity,0.19443777,higher,predicted,0.19443777,0.07286926
zhao-vaccine-db814c15ce0ec86c,BigMHC,v1.0,immunogenicity,0.22472017,higher,predicted,0.22472017,0.47751155
zhao-vaccine-a0058cafd0fe79e0,BigMHC,v1.0,immunogenicity,0.26516256,higher,predicted,0.26516256,0.2153043
zhao-vaccine-93aa3e2ee884c663,BigMHC,v1.0,immunogenicity,0.0118536865,higher,predicted,0.0118536865,0.18648998
zhao-vaccine-a52e8847ab059479,BigMHC,v1.0,immunogenicity,0.41275534,higher,predicted,0.41275534,0.38045472
zhao-vaccine-1ad1c20fea1a4314,BigMHC,v1.0,immunogenicity,0.34039,higher,predicted,0.34039,0.95363533
zhao-vaccine-af155a4e6e202d04,BigMHC,v1.0,immunogenicity,0.025273317,higher,predicted,0.025273317,0.36404958
zhao-vaccine-083c39bbd7b7d3d6,BigMHC,v1.0,immunogenicity,0.002093813,higher,predicted,0.002093813,0.2030479
zhao-vaccine-bcbeab3a6933c9ae,BigMHC,v1.0,immunogenicity,0.06606679,higher,predicted,0.06606679,0.1174063
zhao-vaccine-a8f28c25fb5a2142,BigMHC,v1.0,immunogenicity,0.155213,higher,predicted,0.155213,0.7012939
zhao-vaccine-eb4eb1948e41f5ba,BigMHC,v1.0,immunogenicity,0.12259967,higher,predicted,0.12259967,0.5093574
zhao-vaccine-b6fccafa1723483f,BigMHC,v1.0,immunogenicity,0.031989515,higher,predicted,0.031989515,0.017884776
zhao-vaccine-69a7d7e3d1e6949b,BigMHC,v1.0,immunogenicity,0.14864035,higher,predicted,0.14864035,0.013418903
zhao-vaccine-2fab9ffb21a79c4d,BigMHC,v1.0,immunogenicity,0.06415296,higher,predicted,0.06415296,0.018591437
zhao-vaccine-f5ff43b40835f440,BigMHC,v1.0,immunogenicity,0.4701024,higher,predicted,0.4701024,0.98135203
zhao-vaccine-004684bafb2b4cc9,BigMHC,v1.0,immunogenicity,0.07843145,higher,predicted,0.07843145,0.78379434
zhao-vaccine-5e7e6e2edd04f76c,BigMHC,v1.0,immunogenicity,0.27919826,higher,predicted,0.27919826,0.7176692
zhao-vaccine-d6e658332687ca69,BigMHC,v1.0,immunogenicity,0.006364648,higher,predicted,0.006364648,0.016061116
zhao-vaccine-0576c1b82786bfa4,BigMHC,v1.0,immunogenicity,0.005543118,higher,predicted,0.005543118,0.0039996067
zhao-vaccine-eebeb2ab9639b50d,BigMHC,v1.0,immunogenicity,0.017796936,higher,predicted,0.017796936,0.007078093
zhao-vaccine-95c58fac230ea0f3,BigMHC,v1.0,immunogenicity,0.0064660967,higher,predicted,0.0064660967,0.00068788836
zhao-vaccine-bb1a0c27e90239ef,BigMHC,v1.0,immunogenicity,0.031160539,higher,predicted,0.031160539,0.26799327
zhao-vaccine-1c3a67755fd7fca1,BigMHC,v1.0,immunogenicity,0.04942884,higher,predicted,0.04942884,0.13889353
zhao-vaccine-3ef5d2b22192452c,BigMHC,v1.0,immunogenicity,0.044148657,higher,predicted,0.044148657,0.1395605
zhao-vaccine-2035a2c4e1d3b152,BigMHC,v1.0,immunogenicity,0.3834288,higher,predicted,0.3834288,0.8356105
zhao-vaccine-7385fb196deb3bf7,BigMHC,v1.0,immunogenicity,0.42070565,higher,predicted,0.42070565,0.45596832
zhao-vaccine-dbb983045ceede00,BigMHC,v1.0,immunogenicity,0.68939847,higher,predicted,0.68939847,0.815296
zhao-vaccine-527f95a4e289d7e9,BigMHC,v1.0,immunogenicity,0.26430073,higher,predicted,0.26430073,0.12385242
zhao-vaccine-04005fe536e93742,BigMHC,v1.0,immunogenicity,0.03908119,higher,predicted,0.03908119,0.6584633
zhao-vaccine-2ebb94dcfe10a6ab,BigMHC,v1.0,immunogenicity,0.78892237,higher,predicted,0.78892237,0.9336471
zhao-vaccine-822871467a2cb9f7,BigMHC,v1.0,immunogenicity,0.6466338,higher,predicted,0.6466338,0.52130973
zhao-vaccine-d22412fcd0906159,BigMHC,v1.0,immunogenicity,0.35627705,higher,predicted,0.35627705,0.7795207
zhao-vaccine-1bc4abb5ce77ef26,BigMHC,v1.0,immunogenicity,0.3954619,higher,predicted,0.3954619,0.16353813
zhao-vaccine-d042e70a4fac48ce,BigMHC,v1.0,immunogenicity,0.3271017,higher,predicted,0.3271017,0.29718843
zhao-vaccine-49a3aed1972a53cb,BigMHC,v1.0,immunogenicity,0.21104814,higher,predicted,0.21104814,0.92739385
zhao-vaccine-3efc9e2f4bf83404,BigMHC,v1.0,immunogenicity,0.06269404,higher,predicted,0.06269404,0.469933
zhao-vaccine-bd733d897205f436,BigMHC,v1.0,immunogenicity,0.029093621,higher,predicted,0.029093621,0.17220458
zhao-vaccine-552deaa19718651e,BigMHC,v1.0,immunogenicity,0.22968952,higher,predicted,0.22968952,0.8072424
zhao-vaccine-179ec83aee84c481,BigMHC,v1.0,immunogenicity,0.024173345,higher,predicted,0.024173345,0.004546464
zhao-vaccine-e73b70638bcacc49,BigMHC,v1.0,immunogenicity,0.067906424,higher,predicted,0.067906424,0.0077011036
zhao-vaccine-475cff767bc113d1,BigMHC,v1.0,immunogenicity,0.045057703,higher,predicted,0.045057703,0.00095151656
zhao-vaccine-3d2247c88733bc02,BigMHC,v1.0,immunogenicity,0.042669553,higher,predicted,0.042669553,0.0541964
zhao-vaccine-23d1214c81edd2bf,BigMHC,v1.0,immunogenicity,0.027361987,higher,predicted,0.027361987,0.0008962946
zhao-vaccine-77c91184c7fe8a44,BigMHC,v1.0,immunogenicity,0.03729948,higher,predicted,0.03729948,0.017884037
zhao-vaccine-3bc56fd5f749551a,BigMHC,v1.0,immunogenicity,0.30930004,higher,predicted,0.30930004,0.7224454
zhao-vaccine-601d5c1084d82d5e,BigMHC,v1.0,immunogenicity,0.5591985,higher,predicted,0.5591985,0.8843908
zhao-vaccine-9daff6e5105ae694,BigMHC,v1.0,immunogenicity,0.19064128,higher,predicted,0.19064128,0.09506305
zhao-vaccine-d27e4266e28272a5,BigMHC,v1.0,immunogenicity,0.30777088,higher,predicted,0.30777088,0.6279445
zhao-vaccine-3d0b0f4d4ff1e144,BigMHC,v1.0,immunogenicity,0.2432739,higher,predicted,0.2432739,0.1086517
zhao-vaccine-4dc99915264a3be9,BigMHC,v1.0,immunogenicity,0.24392365,higher,predicted,0.24392365,0.0033667535
zhao-vaccine-95841985f246888a,BigMHC,v1.0,immunogenicity,0.19114503,higher,predicted,0.19114503,0.0007622847
zhao-vaccine-b0d0cc94e7ddcb4c,BigMHC,v1.0,immunogenicity,0.23728786,higher,predicted,0.23728786,0.00089098344
zhao-vaccine-e5b6e6531027fb8f,BigMHC,v1.0,immunogenicity,0.21799974,higher,predicted,0.21799974,0.006509515
zhao-vaccine-1d176f8351e9f7ad,BigMHC,v1.0,immunogenicity,0.36362022,higher,predicted,0.36362022,0.0001603696
zhao-vaccine-d412ce466d5b1dc9,BigMHC,v1.0,immunogenicity,0.118145585,higher,predicted,0.118145585,0.0040827543
zhao-vaccine-15fe9978ca52b138,BigMHC,v1.0,immunogenicity,0.037126113,higher,predicted,0.037126113,0.2308434
zhao-vaccine-2bfc958d9bf6634e,BigMHC,v1.0,immunogenicity,0.069213964,higher,predicted,0.069213964,0.39041314
zhao-vaccine-628a7fb3dbfebccc,BigMHC,v1.0,immunogenicity,0.08918781,higher,predicted,0.08918781,0.505343
zhao-vaccine-a4de99f6c1c81857,BigMHC,v1.0,immunogenicity,0.3399344,higher,predicted,0.3399344,0.5899979
zhao-vaccine-47d94499ca222d03,BigMHC,v1.0,immunogenicity,0.33411828,higher,predicted,0.33411828,0.40933546
zhao-vaccine-7bc119052ceb79ba,BigMHC,v1.0,immunogenicity,0.08453814,higher,predicted,0.08453814,3.6766665e-05
zhao-vaccine-03b8d0dfc45ddca1,BigMHC,v1.0,immunogenicity,0.11535195,higher,predicted,0.11535195,0.42984644
zhao-vaccine-15d95e5a1176ca46,BigMHC,v1.0,immunogenicity,0.21347086,higher,predicted,0.21347086,0.45816168
zhao-vaccine-54c4c39a2e4f38f8,BigMHC,v1.0,immunogenicity,0.15424536,higher,predicted,0.15424536,0.17264941
zhao-vaccine-4cb2c73c4037fe42,BigMHC,v1.0,immunogenicity,0.19126013,higher,predicted,0.19126013,0.89301866
zhao-vaccine-d51f8c32cad1ba20,BigMHC,v1.0,immunogenicity,0.26282865,higher,predicted,0.26282865,0.012269321
zhao-vaccine-10aed5dd64ac5e96,BigMHC,v1.0,immunogenicity,0.08966697,higher,predicted,0.08966697,0.2906756
zhao-vaccine-b4d79cc663ff7cb6,BigMHC,v1.0,immunogenicity,0.09571763,higher,predicted,0.09571763,0.0016461479
zhao-vaccine-0965fc823e5c55b6,BigMHC,v1.0,immunogenicity,0.021240672,higher,predicted,0.021240672,9.839564e-05
zhao-vaccine-e82dd5c586f503f8,BigMHC,v1.0,immunogenicity,0.09390986,higher,predicted,0.09390986,0.30999517
zhao-vaccine-96f5d7454e5ad071,BigMHC,v1.0,immunogenicity,0.2970255,higher,predicted,0.2970255,0.22678688
zhao-vaccine-2320522f4904ce2d,BigMHC,v1.0,immunogenicity,0.64378226,higher,predicted,0.64378226,0.38235173
zhao-vaccine-65768a47eeba2a4b,BigMHC,v1.0,immunogenicity,0.015785892,higher,predicted,0.015785892,0.0010041058
zhao-vaccine-0454fe88d4ac8002,BigMHC,v1.0,immunogenicity,0.07675164,higher,predicted,0.07675164,0.0035341415
zhao-vaccine-89993b9b649d4bf9,BigMHC,v1.0,immunogenicity,0.30030087,higher,predicted,0.30030087,0.034824017
zhao-vaccine-c214618b34c2e443,BigMHC,v1.0,immunogenicity,0.38585734,higher,predicted,0.38585734,0.123451315
zhao-vaccine-d234ed653d6ff2ef,BigMHC,v1.0,immunogenicity,0.0031554326,higher,predicted,0.0031554326,0.0078926105
zhao-vaccine-933c3a1a5d3fcfb5,BigMHC,v1.0,immunogenicity,0.1697515,higher,predicted,0.1697515,0.079831704
zhao-vaccine-86625401541d7ccb,BigMHC,v1.0,immunogenicity,0.11217212,higher,predicted,0.11217212,0.26572424
zhao-vaccine-92fb0552f2f37ea6,BigMHC,v1.0,immunogenicity,0.03508916,higher,predicted,0.03508916,0.26165262
zhao-vaccine-11227a4a3d59829a,BigMHC,v1.0,immunogenicity,0.5022965,higher,predicted,0.5022965,0.8404488
zhao-vaccine-7d23928704435dc6,BigMHC,v1.0,immunogenicity,0.24273956,higher,predicted,0.24273956,0.20822263
zhao-vaccine-1c332b4d9a7afa33,BigMHC,v1.0,immunogenicity,0.6910914,higher,predicted,0.6910914,0.8947168
zhao-vaccine-d55305c322d0068a,BigMHC,v1.0,immunogenicity,0.23611905,higher,predicted,0.23611905,0.02863345
zhao-vaccine-223101ef12b1d5d5,BigMHC,v1.0,immunogenicity,0.287611,higher,predicted,0.287611,0.38695785
zhao-vaccine-b681ee4ba6fc6869,BigMHC,v1.0,immunogenicity,0.6966328,higher,predicted,0.6966328,0.73484546
zhao-vaccine-650741bfed719a3e,BigMHC,v1.0,immunogenicity,0.33849958,higher,predicted,0.33849958,0.25039992
zhao-vaccine-b287db63851eeff5,BigMHC,v1.0,immunogenicity,0.4041615,higher,predicted,0.4041615,0.32440582
zhao-vaccine-0c6afaae20915efb,BigMHC,v1.0,immunogenicity,0.03997564,higher,predicted,0.03997564,0.0024876234
zhao-vaccine-64f082f381176acb,BigMHC,v1.0,immunogenicity,0.29183075,higher,predicted,0.29183075,0.023915548
zhao-vaccine-5fc783e702f9eba8,BigMHC,v1.0,immunogenicity,0.033495564,higher,predicted,0.033495564,0.00077983027
zhao-vaccine-292259718a089cab,BigMHC,v1.0,immunogenicity,0.022239877,higher,predicted,0.022239877,0.008808759
zhao-vaccine-de9066f21b4546ac,BigMHC,v1.0,immunogenicity,0.2279413,higher,predicted,0.2279413,0.054001834
zhao-vaccine-00ebc5582e851a99,BigMHC,v1.0,immunogenicity,0.12559341,higher,predicted,0.12559341,0.1785574
zhao-vaccine-be9e7274af2b2d63,BigMHC,v1.0,immunogenicity,0.016475549,higher,predicted,0.016475549,0.058027927
zhao-vaccine-874e8070deb080f0,BigMHC,v1.0,immunogenicity,0.0006243967,higher,predicted,0.0006243967,0.0045898925
zhao-vaccine-bb29c2d6a8cfb75e,BigMHC,v1.0,immunogenicity,0.32256174,higher,predicted,0.32256174,0.020438831
zhao-vaccine-eca0d8162dca164b,BigMHC,v1.0,immunogenicity,0.72766334,higher,predicted,0.72766334,0.7292986
zhao-vaccine-db2184f5f215317b,BigMHC,v1.0,immunogenicity,0.0381717,higher,predicted,0.0381717,0.0034466393
zhao-vaccine-7616ec8d421ab8e7,BigMHC,v1.0,immunogenicity,0.08756228,higher,predicted,0.08756228,0.0021485193
zhao-vaccine-dbe2c008385f4065,BigMHC,v1.0,immunogenicity,0.44063944,higher,predicted,0.44063944,0.32947546
zhao-vaccine-89b3b969bcd62f64,BigMHC,v1.0,immunogenicity,0.2275367,higher,predicted,0.2275367,0.009725547
zhao-vaccine-c335fa90a3776c2f,BigMHC,v1.0,immunogenicity,0.0036095453,higher,predicted,0.0036095453,0.006942112
zhao-vaccine-400dad68348762c6,BigMHC,v1.0,immunogenicity,0.29672933,higher,predicted,0.29672933,0.0029687989
zhao-vaccine-5a30a78672029a4b,BigMHC,v1.0,immunogenicity,0.11644577,higher,predicted,0.11644577,0.0082322555
zhao-vaccine-0aa35de3d0cd0f2e,BigMHC,v1.0,immunogenicity,0.07430558,higher,predicted,0.07430558,0.8987637
zhao-vaccine-3b18add8d940be3b,BigMHC,v1.0,immunogenicity,0.10892506,higher,predicted,0.10892506,0.0019035123
zhao-vaccine-0eb19c92b8572161,BigMHC,v1.0,immunogenicity,0.2918102,higher,predicted,0.2918102,0.96263444
zhao-vaccine-89ab0d7c0ad5c525,BigMHC,v1.0,immunogenicity,0.044193976,higher,predicted,0.044193976,0.0020702293
zhao-vaccine-7045b8cd65c4aed2,BigMHC,v1.0,immunogenicity,0.025304604,higher,predicted,0.025304604,0.052066732
zhao-vaccine-868fc1305293857a,BigMHC,v1.0,immunogenicity,0.056866046,higher,predicted,0.056866046,0.16553509
zhao-vaccine-e570d74e15005831,BigMHC,v1.0,immunogenicity,0.009240294,higher,predicted,0.009240294,0.12091764
zhao-vaccine-74ea5a395af3821e,BigMHC,v1.0,immunogenicity,0.30565193,higher,predicted,0.30565193,0.09347034
zhao-vaccine-c486185e561321a7,BigMHC,v1.0,immunogenicity,0.012747513,higher,predicted,0.012747513,0.008705226
zhao-vaccine-4653ae3aa2d99671,BigMHC,v1.0,immunogenicity,0.024584323,higher,predicted,0.024584323,0.052158363
zhao-vaccine-c99e66b2806b47c3,BigMHC,v1.0,immunogenicity,0.013499379,higher,predicted,0.013499379,0.056513827
zhao-vaccine-077c38d007d0e296,BigMHC,v1.0,immunogenicity,0.00420981,higher,predicted,0.00420981,0.00055620994
zhao-vaccine-4e1525c5465ce693,BigMHC,v1.0,immunogenicity,0.38299865,higher,predicted,0.38299865,0.5623171
zhao-vaccine-675c4724bf5f1cbb,BigMHC,v1.0,immunogenicity,0.75787514,higher,predicted,0.75787514,0.88790226
zhao-vaccine-897fe8a79c4344c2,BigMHC,v1.0,immunogenicity,0.35142627,higher,predicted,0.35142627,0.06453954
zhao-vaccine-f301d3d1318cc99b,BigMHC,v1.0,immunogenicity,0.16673243,higher,predicted,0.16673243,0.0069373697
zhao-vaccine-547c0f5e092fcfce,BigMHC,v1.0,immunogenicity,0.01652048,higher,predicted,0.01652048,0.0020022874
zhao-vaccine-34448f6db97f37d2,BigMHC,v1.0,immunogenicity,0.6871639,higher,predicted,0.6871639,0.43869433
zhao-vaccine-3f35f9e1e5dcea03,BigMHC,v1.0,immunogenicity,0.23092255,higher,predicted,0.23092255,0.10908072
zhao-vaccine-a77e03747be6f8e2,BigMHC,v1.0,immunogenicity,0.14644276,higher,predicted,0.14644276,0.8045779
zhao-vaccine-eb263d1b89e1830f,BigMHC,v1.0,immunogenicity,0.4314471,higher,predicted,0.4314471,0.5492609
zhao-vaccine-4ca9e42a55a7d196,BigMHC,v1.0,immunogenicity,0.0426722,higher,predicted,0.0426722,0.29205438
zhao-vaccine-841f843f3ecdb273,BigMHC,v1.0,immunogenicity,0.37741253,higher,predicted,0.37741253,0.83012974
zhao-vaccine-e19cac8daeddc91e,BigMHC,v1.0,immunogenicity,0.4559538,higher,predicted,0.4559538,0.103653215
zhao-vaccine-70ec9496400c2d96,BigMHC,v1.0,immunogenicity,0.16432135,higher,predicted,0.16432135,0.025191339
zhao-vaccine-2406c7f4c5568981,BigMHC,v1.0,immunogenicity,0.06703704,higher,predicted,0.06703704,0.835187
zhao-vaccine-f58974483659bc06,BigMHC,v1.0,immunogenicity,0.4323554,higher,predicted,0.4323554,0.9645522
zhao-vaccine-dd143204918ae739,BigMHC,v1.0,immunogenicity,0.010874015,higher,predicted,0.010874015,0.00015281924
zhao-vaccine-834822ba2dd54e62,BigMHC,v1.0,immunogenicity,0.15606034,higher,predicted,0.15606034,0.035388157
zhao-vaccine-a2c1308a319a89a1,BigMHC,v1.0,immunogenicity,0.13004084,higher,predicted,0.13004084,0.6005817
zhao-vaccine-a4f5baf91435e3dd,BigMHC,v1.0,immunogenicity,0.10107851,higher,predicted,0.10107851,0.50264037
zhao-vaccine-cd6ea47a1621b54b,BigMHC,v1.0,immunogenicity,0.31649256,higher,predicted,0.31649256,0.62757224
zhao-vaccine-dc823bb26dd083f3,BigMHC,v1.0,immunogenicity,0.41101435,higher,predicted,0.41101435,0.54792804
zhao-vaccine-3ea2cdcf52d34617,BigMHC,v1.0,immunogenicity,0.24027877,higher,predicted,0.24027877,0.07372928
zhao-vaccine-0a72b615bc5857d9,BigMHC,v1.0,immunogenicity,0.11547093,higher,predicted,0.11547093,0.04451281
zhao-vaccine-37afde455e133417,BigMHC,v1.0,immunogenicity,0.25238946,higher,predicted,0.25238946,0.93449163
zhao-vaccine-1b4173c9a4a95c41,BigMHC,v1.0,immunogenicity,0.32269743,higher,predicted,0.32269743,0.70103323
zhao-vaccine-0b4d677f1b84c9b4,BigMHC,v1.0,immunogenicity,0.24701552,higher,predicted,0.24701552,0.40826973
zhao-vaccine-a4f37f8021b7e841,BigMHC,v1.0,immunogenicity,0.10520319,higher,predicted,0.10520319,0.2615891
zhao-vaccine-7407554767f0c782,BigMHC,v1.0,immunogenicity,0.19427732,higher,predicted,0.19427732,0.03432634
zhao-vaccine-e87adfb42491b475,BigMHC,v1.0,immunogenicity,0.2396762,higher,predicted,0.2396762,0.114534214
zhao-vaccine-4608aff8b90b7751,BigMHC,v1.0,immunogenicity,0.15506229,higher,predicted,0.15506229,0.18751834
zhao-vaccine-a38f0b4774ee8d03,BigMHC,v1.0,immunogenicity,0.28506258,higher,predicted,0.28506258,0.0052962857
zhao-vaccine-13953415301cf176,BigMHC,v1.0,immunogenicity,0.32909986,higher,predicted,0.32909986,0.73975813
zhao-vaccine-8cd82d97fc7c076e,BigMHC,v1.0,immunogenicity,0.11333295,higher,predicted,0.11333295,0.0016020385
zhao-vaccine-9b53f60837368957,BigMHC,v1.0,immunogenicity,0.22766754,higher,predicted,0.22766754,0.00021322185
zhao-vaccine-88e84548469445f4,BigMHC,v1.0,immunogenicity,0.25722808,higher,predicted,0.25722808,0.0022128772
zhao-vaccine-7476851d9534e310,BigMHC,v1.0,immunogenicity,0.026147991,higher,predicted,0.026147991,3.2461037e-05
zhao-vaccine-627ff41af6a00cdb,BigMHC,v1.0,immunogenicity,0.35671407,higher,predicted,0.35671407,0.06762598
zhao-vaccine-be08242d923ef061,BigMHC,v1.0,immunogenicity,0.053313058,higher,predicted,0.053313058,0.100847445
zhao-vaccine-d903a5698261b3c8,BigMHC,v1.0,immunogenicity,0.04371546,higher,predicted,0.04371546,0.011847542
zhao-vaccine-354e3296551734fc,BigMHC,v1.0,immunogenicity,0.2630198,higher,predicted,0.2630198,0.7977148
zhao-vaccine-db96e69b306cec11,BigMHC,v1.0,immunogenicity,0.1914387,higher,predicted,0.1914387,0.82531554
zhao-vaccine-25e9aa95382b9b81,BigMHC,v1.0,immunogenicity,0.16030137,higher,predicted,0.16030137,0.41909984
zhao-vaccine-aca8d5b04290cf53,BigMHC,v1.0,immunogenicity,0.014068158,higher,predicted,0.014068158,0.054274272
zhao-vaccine-a0b7cf2411e2ce98,BigMHC,v1.0,immunogenicity,0.1476068,higher,predicted,0.1476068,0.107438385
zhao-vaccine-940a71fc528c9c3a,BigMHC,v1.0,immunogenicity,0.0059371963,higher,predicted,0.0059371963,0.0030963016
zhao-vaccine-ff0ee141ea3683bc,BigMHC,v1.0,immunogenicity,0.046507366,higher,predicted,0.046507366,0.1492652
zhao-vaccine-39bc95abd5991029,BigMHC,v1.0,immunogenicity,0.021762703,higher,predicted,0.021762703,0.12374636
zhao-vaccine-88c2d4f2ab12000b,BigMHC,v1.0,immunogenicity,0.35542205,higher,predicted,0.35542205,0.10938569
zhao-vaccine-c59f2b9ad31b5b66,BigMHC,v1.0,immunogenicity,0.65302616,higher,predicted,0.65302616,0.6602324
zhao-vaccine-63a16a978ce57b49,BigMHC,v1.0,immunogenicity,0.5716254,higher,predicted,0.5716254,0.9716005
zhao-vaccine-c9b84b79d3a1f196,BigMHC,v1.0,immunogenicity,0.7966103,higher,predicted,0.7966103,0.37420145
zhao-vaccine-616f65f167de3213,BigMHC,v1.0,immunogenicity,0.020228865,higher,predicted,0.020228865,0.027842898
zhao-vaccine-8fa800ae6297b07f,BigMHC,v1.0,immunogenicity,0.3512706,higher,predicted,0.3512706,0.019435864
zhao-vaccine-e6c995508f6b8b97,BigMHC,v1.0,immunogenicity,0.16096261,higher,predicted,0.16096261,0.06340587
zhao-vaccine-895bee1ec0b5fbb3,BigMHC,v1.0,immunogenicity,0.53202164,higher,predicted,0.53202164,0.150645
zhao-vaccine-f73820b5ccde65b5,BigMHC,v1.0,immunogenicity,0.0989397,higher,predicted,0.0989397,0.09204862
zhao-vaccine-00f1923403b6b019,BigMHC,v1.0,immunogenicity,0.5771483,higher,predicted,0.5771483,0.03974212
zhao-vaccine-4b8df077829e6980,BigMHC,v1.0,immunogenicity,0.69700295,higher,predicted,0.69700295,0.9911933
zhao-vaccine-0aa3647ec94e3181,BigMHC,v1.0,immunogenicity,0.3508389,higher,predicted,0.3508389,0.56104565
zhao-vaccine-fa4e8d3c569efbb5,BigMHC,v1.0,immunogenicity,0.61110276,higher,predicted,0.61110276,0.46799374
zhao-vaccine-d246d27339880814,BigMHC,v1.0,immunogenicity,0.28142428,higher,predicted,0.28142428,0.036272816
zhao-vaccine-0abbca74aa82ff8d,BigMHC,v1.0,immunogenicity,0.36721495,higher,predicted,0.36721495,0.063995875
zhao-vaccine-b8d1f70683fb782d,BigMHC,v1.0,immunogenicity,0.8573567,higher,predicted,0.8573567,0.98117095
zhao-vaccine-d4f19b6aeacc9acc,BigMHC,v1.0,immunogenicity,0.49840873,higher,predicted,0.49840873,0.28587145
zhao-vaccine-fae0e58b45b2b3e7,BigMHC,v1.0,immunogenicity,0.59915847,higher,predicted,0.59915847,0.12481426
zhao-vaccine-91bf41d19d5a3297,BigMHC,v1.0,immunogenicity,0.4572142,higher,predicted,0.4572142,0.0031681417
zhao-vaccine-3072a4920293f8e4,BigMHC,v1.0,immunogenicity,0.07787592,higher,predicted,0.07787592,0.0060749287
zhao-vaccine-874955b202561616,BigMHC,v1.0,immunogenicity,0.46759623,higher,predicted,0.46759623,0.8343135
zhao-vaccine-3ae295a23c08ed7d,BigMHC,v1.0,immunogenicity,0.18312405,higher,predicted,0.18312405,0.040270485
zhao-vaccine-3efce3460b7a4e47,BigMHC,v1.0,immunogenicity,0.23451059,higher,predicted,0.23451059,0.038964815
zhao-vaccine-5b46c9113e5507b4,BigMHC,v1.0,immunogenicity,0.49593687,higher,predicted,0.49593687,0.17944486
zhao-vaccine-ac62717bdfea0acb,BigMHC,v1.0,immunogenicity,0.56724936,higher,predicted,0.56724936,0.91530526
zhao-vaccine-2c23902c93ef9031,BigMHC,v1.0,immunogenicity,0.6320779,higher,predicted,0.6320779,0.984377
zhao-vaccine-4753da1a46e276fc,BigMHC,v1.0,immunogenicity,0.4328298,higher,predicted,0.4328298,0.5773154
zhao-vaccine-51f00b368ae3cabe,BigMHC,v1.0,immunogenicity,0.06017572,higher,predicted,0.06017572,0.06649103
zhao-vaccine-b5c86b2360f65b48,BigMHC,v1.0,immunogenicity,0.19363701,higher,predicted,0.19363701,0.55207974
zhao-vaccine-2767057dbbf63a70,BigMHC,v1.0,immunogenicity,0.1834338,higher,predicted,0.1834338,0.004704998
zhao-vaccine-5fce8179edad0c4c,BigMHC,v1.0,immunogenicity,0.19007792,higher,predicted,0.19007792,0.051799405
zhao-vaccine-a543462cc9f9278f,BigMHC,v1.0,immunogenicity,0.12431096,higher,predicted,0.12431096,0.01298287
zhao-vaccine-e9501dfc8304b65b,BigMHC,v1.0,immunogenicity,0.81626433,higher,predicted,0.81626433,0.99603045
zhao-vaccine-eae2f44c7e6f7545,BigMHC,v1.0,immunogenicity,0.71589744,higher,predicted,0.71589744,0.9561134
zhao-vaccine-f2ffda41c7bd4378,BigMHC,v1.0,immunogenicity,0.026433857,higher,predicted,0.026433857,0.65780735
zhao-vaccine-12b618c2cf1ed1f0,BigMHC,v1.0,immunogenicity,0.18691278,higher,predicted,0.18691278,0.36275634
zhao-vaccine-623358367e6eacbf,BigMHC,v1.0,immunogenicity,0.10204191,higher,predicted,0.10204191,0.019776087
zhao-vaccine-d4f9347e28104ce8,BigMHC,v1.0,immunogenicity,0.18655394,higher,predicted,0.18655394,0.034103222
zhao-vaccine-b1ecee23a07f2855,BigMHC,v1.0,immunogenicity,0.05328844,higher,predicted,0.05328844,0.01719364
zhao-vaccine-65a1856ffc74de64,BigMHC,v1.0,immunogenicity,0.010088332,higher,predicted,0.010088332,0.0009591601
zhao-vaccine-2466a2275803c898,BigMHC,v1.0,immunogenicity,0.12129196,higher,predicted,0.12129196,0.0010395676
zhao-vaccine-ceeab670992f2bde,BigMHC,v1.0,immunogenicity,0.14949493,higher,predicted,0.14949493,0.0041028564
zhao-vaccine-13234abcc62e39a3,BigMHC,v1.0,immunogenicity,0.020410072,higher,predicted,0.020410072,0.00085268583
zhao-vaccine-2334035fe8c03a61,BigMHC,v1.0,immunogenicity,0.36954734,higher,predicted,0.36954734,0.008796342
zhao-vaccine-cca6479c6d67d1a3,BigMHC,v1.0,immunogenicity,0.39981467,higher,predicted,0.39981467,0.11662378
zhao-vaccine-940d7e8d23e50bde,BigMHC,v1.0,immunogenicity,0.17785265,higher,predicted,0.17785265,0.96647924
zhao-vaccine-c520cceb3618956f,BigMHC,v1.0,immunogenicity,0.19013776,higher,predicted,0.19013776,0.00049302133
zhao-vaccine-590321641555bdd4,BigMHC,v1.0,immunogenicity,0.09944377,higher,predicted,0.09944377,0.5473178
zhao-vaccine-b1555d61b37da579,BigMHC,v1.0,immunogenicity,0.18038665,higher,predicted,0.18038665,0.39641675
zhao-vaccine-6ee4b5111afb1ae6,BigMHC,v1.0,immunogenicity,0.0748127,higher,predicted,0.0748127,0.00020018175
zhao-vaccine-bd18a6ba75b62ac8,BigMHC,v1.0,immunogenicity,0.07802196,higher,predicted,0.07802196,0.13109152
zhao-vaccine-011cbc47316c6c54,BigMHC,v1.0,immunogenicity,0.31706983,higher,predicted,0.31706983,0.031476088
zhao-vaccine-1e7f325db4971357,BigMHC,v1.0,immunogenicity,0.24662633,higher,predicted,0.24662633,0.8386502
zhao-vaccine-7bdc109f932c292b,BigMHC,v1.0,immunogenicity,0.082729064,higher,predicted,0.082729064,0.118387066
zhao-vaccine-2e9093d1df047344,BigMHC,v1.0,immunogenicity,0.13949612,higher,predicted,0.13949612,0.00075106526
zhao-vaccine-41f4541974f3d119,BigMHC,v1.0,immunogenicity,0.09638773,higher,predicted,0.09638773,0.00044317293
zhao-vaccine-efe0205564201753,BigMHC,v1.0,immunogenicity,0.1972916,higher,predicted,0.1972916,0.0018835168
zhao-vaccine-09c7ad177e1b1df0,BigMHC,v1.0,immunogenicity,0.13677499,higher,predicted,0.13677499,0.0027186354
zhao-vaccine-09a1abfb71cfd972,BigMHC,v1.0,immunogenicity,0.023045335,higher,predicted,0.023045335,0.028410966
zhao-vaccine-8f1fb2ba27b6b0ef,BigMHC,v1.0,immunogenicity,0.0985647,higher,predicted,0.0985647,0.036578916
zhao-vaccine-3944ad7a200bed45,BigMHC,v1.0,immunogenicity,0.12910224,higher,predicted,0.12910224,0.07928326
zhao-vaccine-89662fac64388428,BigMHC,v1.0,immunogenicity,0.24552825,higher,predicted,0.24552825,0.35140833
zhao-vaccine-615d33021f15ac04,BigMHC,v1.0,immunogenicity,0.13485444,higher,predicted,0.13485444,0.44319883
zhao-vaccine-7644ca8a4f4eac0f,BigMHC,v1.0,immunogenicity,0.124108605,higher,predicted,0.124108605,0.3867607
zhao-vaccine-b90a2c82cf9d57ac,BigMHC,v1.0,immunogenicity,0.12785523,higher,predicted,0.12785523,0.22610469
zhao-vaccine-c8c411f898b41145,BigMHC,v1.0,immunogenicity,0.15940985,higher,predicted,0.15940985,0.062331058
zhao-vaccine-0113b08ef02a1837,BigMHC,v1.0,immunogenicity,0.21173514,higher,predicted,0.21173514,0.13449925
zhao-vaccine-6a067ef1ea4ca8a5,BigMHC,v1.0,immunogenicity,0.31516194,higher,predicted,0.31516194,0.5987979
zhao-vaccine-0d21bfcac05c0903,BigMHC,v1.0,immunogenicity,0.14124288,higher,predicted,0.14124288,0.0042363587
zhao-vaccine-127d022b672bfa6e,BigMHC,v1.0,immunogenicity,0.13897265,higher,predicted,0.13897265,0.008108279
zhao-vaccine-ebe204540dc589f6,BigMHC,v1.0,immunogenicity,0.0029810327,higher,predicted,0.0029810327,0.00073396444
zhao-vaccine-4c412b408d01b12c,BigMHC,v1.0,immunogenicity,0.028771548,higher,predicted,0.028771548,0.053585317
zhao-vaccine-89365f27fea85179,BigMHC,v1.0,immunogenicity,0.003669226,higher,predicted,0.003669226,0.00024606328
zhao-vaccine-3614d38d7f84e3ab,BigMHC,v1.0,immunogenicity,0.12636672,higher,predicted,0.12636672,0.07196569
zhao-vaccine-04765a1581b81652,BigMHC,v1.0,immunogenicity,0.006147415,higher,predicted,0.006147415,0.009541596
zhao-vaccine-751a65f63babbab9,BigMHC,v1.0,immunogenicity,0.010078898,higher,predicted,0.010078898,0.0017144833
zhao-vaccine-0598b041e094dfda,BigMHC,v1.0,immunogenicity,0.006705282,higher,predicted,0.006705282,0.0015705342
zhao-vaccine-1fcda1058213059e,BigMHC,v1.0,immunogenicity,0.0073353727,higher,predicted,0.0073353727,0.004125243
zhao-vaccine-a149e753c39e2e2f,BigMHC,v1.0,immunogenicity,0.028928366,higher,predicted,0.028928366,0.08755774
zhao-vaccine-15aa8059f37d52e7,BigMHC,v1.0,immunogenicity,0.051072735,higher,predicted,0.051072735,0.40762815
zhao-vaccine-aecd32c835c90945,BigMHC,v1.0,immunogenicity,0.0034221713,higher,predicted,0.0034221713,0.00095567794
zhao-vaccine-3c3221c6e10611cc,BigMHC,v1.0,immunogenicity,0.026960665,higher,predicted,0.026960665,0.03831285
zhao-vaccine-369dd0e964dc3d41,BigMHC,v1.0,immunogenicity,0.04661091,higher,predicted,0.04661091,0.8113559
zhao-vaccine-84f9e53918e8d995,BigMHC,v1.0,immunogenicity,0.017423062,higher,predicted,0.017423062,0.040666368
zhao-vaccine-4b24fe0e3318fd2b,BigMHC,v1.0,immunogenicity,0.022041393,higher,predicted,0.022041393,0.43233034
zhao-vaccine-9d835bbd79fc6203,BigMHC,v1.0,immunogenicity,0.029896365,higher,predicted,0.029896365,0.08001943
zhao-vaccine-d88b8e8fac467cda,BigMHC,v1.0,immunogenicity,0.008536221,higher,predicted,0.008536221,0.0014511773
zhao-vaccine-309aef550a3b165d,BigMHC,v1.0,immunogenicity,0.18439098,higher,predicted,0.18439098,0.72538036
zhao-vaccine-395a5a0f5f04ab8c,BigMHC,v1.0,immunogenicity,0.0114550395,higher,predicted,0.0114550395,0.06356864
zhao-vaccine-3481ca46d016164f,BigMHC,v1.0,immunogenicity,0.06111438,higher,predicted,0.06111438,0.06782174
zhao-vaccine-971426eea1a742ca,BigMHC,v1.0,immunogenicity,0.16242112,higher,predicted,0.16242112,0.11361685
zhao-vaccine-a50601baa324efef,BigMHC,v1.0,immunogenicity,0.18369016,higher,predicted,0.18369016,0.137445
zhao-vaccine-d34e259267438653,BigMHC,v1.0,immunogenicity,0.05078004,higher,predicted,0.05078004,0.01366376
zhao-vaccine-25b4e62a0d851e29,BigMHC,v1.0,immunogenicity,0.27877584,higher,predicted,0.27877584,0.009366476
zhao-vaccine-8358e63308d7f0c4,BigMHC,v1.0,immunogenicity,0.24298683,higher,predicted,0.24298683,0.14197429
zhao-vaccine-c178432744b13c78,BigMHC,v1.0,immunogenicity,0.17741327,higher,predicted,0.17741327,0.036584727
zhao-vaccine-1034fb45051e64fe,BigMHC,v1.0,immunogenicity,0.042834394,higher,predicted,0.042834394,0.011978573
zhao-vaccine-6e56355af497a2f0,BigMHC,v1.0,immunogenicity,0.13589044,higher,predicted,0.13589044,0.002929264
zhao-vaccine-c5728cec5c7d7224,BigMHC,v1.0,immunogenicity,0.023489136,higher,predicted,0.023489136,0.0015922702
zhao-vaccine-6e1d3196a45f7a2e,BigMHC,v1.0,immunogenicity,0.028872019,higher,predicted,0.028872019,0.22702725
zhao-vaccine-cc0566dfc06ca302,BigMHC,v1.0,immunogenicity,0.18766856,higher,predicted,0.18766856,0.046622284
zhao-vaccine-2d01a6516182134c,BigMHC,v1.0,immunogenicity,0.04222358,higher,predicted,0.04222358,0.78965825
zhao-vaccine-44ee76e75a70f0b1,BigMHC,v1.0,immunogenicity,0.30523232,higher,predicted,0.30523232,0.8466953
zhao-vaccine-b3656859d3ce07ff,BigMHC,v1.0,immunogenicity,0.09126414,higher,predicted,0.09126414,0.0096557755
zhao-vaccine-93fe426b74cb09bf,BigMHC,v1.0,immunogenicity,0.08308827,higher,predicted,0.08308827,0.08468543
zhao-vaccine-bf5533c3b7d71a29,BigMHC,v1.0,immunogenicity,0.0064531346,higher,predicted,0.0064531346,0.08099814
zhao-vaccine-3884abecfdb2a157,BigMHC,v1.0,immunogenicity,0.30986685,higher,predicted,0.30986685,0.22794114
zhao-vaccine-802c7522efe8643f,BigMHC,v1.0,immunogenicity,0.08753467,higher,predicted,0.08753467,0.051142015
zhao-vaccine-1832aacc6ce93c31,BigMHC,v1.0,immunogenicity,0.28594828,higher,predicted,0.28594828,0.96063054
zhao-vaccine-164ea58f2fc6f377,BigMHC,v1.0,immunogenicity,0.1633538,higher,predicted,0.1633538,0.22297263
zhao-vaccine-9b5389ba1798a395,BigMHC,v1.0,immunogenicity,0.009597463,higher,predicted,0.009597463,0.05162381
zhao-vaccine-8b7630c45e269635,BigMHC,v1.0,immunogenicity,0.2957613,higher,predicted,0.2957613,0.50541747
zhao-vaccine-74cc9ca5fb1a8008,BigMHC,v1.0,immunogenicity,0.00045057022,higher,predicted,0.00045057022,0.0012995012
zhao-vaccine-5f4bdfc04cf84619,BigMHC,v1.0,immunogenicity,0.4670252,higher,predicted,0.4670252,0.63158095
zhao-vaccine-ebada584684de4fd,BigMHC,v1.0,immunogenicity,6.104335e-05,higher,predicted,6.104335e-05,0.00020978648
zhao-vaccine-be2c775518f83b4d,BigMHC,v1.0,immunogenicity,0.10271362,higher,predicted,0.10271362,0.005891536
zhao-vaccine-b69d26ca091066fa,BigMHC,v1.0,immunogenicity,0.03745017,higher,predicted,0.03745017,0.07514886
zhao-vaccine-d628b6bfd6356534,BigMHC,v1.0,immunogenicity,0.033141084,higher,predicted,0.033141084,0.6036285
zhao-vaccine-f9f29366ab5ac473,BigMHC,v1.0,immunogenicity,0.10537969,higher,predicted,0.10537969,0.09698165
zhao-vaccine-2b5e3d1c9a1fff67,BigMHC,v1.0,immunogenicity,0.16129173,higher,predicted,0.16129173,0.10353434
zhao-vaccine-5a7f28b9eb70924a,BigMHC,v1.0,immunogenicity,0.04267754,higher,predicted,0.04267754,0.024539668
zhao-vaccine-7bec4b8abc45c956,BigMHC,v1.0,immunogenicity,0.005302665,higher,predicted,0.005302665,0.001677932
zhao-vaccine-0792da8d85fbaca5,BigMHC,v1.0,immunogenicity,0.023012893,higher,predicted,0.023012893,0.00017504406
zhao-vaccine-cd2203bfcc4cde42,BigMHC,v1.0,immunogenicity,0.032192618,higher,predicted,0.032192618,0.39655015
zhao-vaccine-af4eba9e86eb8cad,BigMHC,v1.0,immunogenicity,0.055152655,higher,predicted,0.055152655,0.03865477
zhao-vaccine-d3be1b037ac46cae,BigMHC,v1.0,immunogenicity,0.13389073,higher,predicted,0.13389073,0.009567953
zhao-vaccine-b81228a0c1578d43,BigMHC,v1.0,immunogenicity,0.010371123,higher,predicted,0.010371123,0.0041950806
zhao-vaccine-8e357c97f0eb285c,BigMHC,v1.0,immunogenicity,0.13371909,higher,predicted,0.13371909,0.018258855
zhao-vaccine-dce008024279bca6,BigMHC,v1.0,immunogenicity,0.1576277,higher,predicted,0.1576277,0.5560905
zhao-vaccine-15326b7cf9712f20,BigMHC,v1.0,immunogenicity,0.12727144,higher,predicted,0.12727144,7.656007e-05
zhao-vaccine-63251d7d3a3fd8ac,BigMHC,v1.0,immunogenicity,0.0703521,higher,predicted,0.0703521,0.027825829
zhao-vaccine-9f9de6941e5901b9,BigMHC,v1.0,immunogenicity,0.24839982,higher,predicted,0.24839982,0.0001920897
zhao-vaccine-fd11a5b1ee72d0e2,BigMHC,v1.0,immunogenicity,0.011921393,higher,predicted,0.011921393,0.0018589144
zhao-vaccine-d601ca8ec575d818,BigMHC,v1.0,immunogenicity,0.19884539,higher,predicted,0.19884539,8.3313105e-05
zhao-vaccine-abe3780abf8c2339,BigMHC,v1.0,immunogenicity,0.045490503,higher,predicted,0.045490503,0.00059750455
zhao-vaccine-f2bbba69c49ee9d8,BigMHC,v1.0,immunogenicity,0.29245633,higher,predicted,0.29245633,0.006122087
zhao-vaccine-384d6d35758b5077,BigMHC,v1.0,immunogenicity,0.41840073,higher,predicted,0.41840073,0.24258937
zhao-vaccine-79e464655b759b78,BigMHC,v1.0,immunogenicity,0.5302027,higher,predicted,0.5302027,0.7749163
zhao-vaccine-2df488aa9efe4167,BigMHC,v1.0,immunogenicity,0.06678187,higher,predicted,0.06678187,0.47914672
zhao-vaccine-e02174bf70cf48e1,BigMHC,v1.0,immunogenicity,0.6105096,higher,predicted,0.6105096,0.9337607
zhao-vaccine-79a96393714afdc1,BigMHC,v1.0,immunogenicity,0.0049578687,higher,predicted,0.0049578687,0.00021164461
zhao-vaccine-6b254b7b2c3bf169,BigMHC,v1.0,immunogenicity,0.00028824486,higher,predicted,0.00028824486,0.00010897374
zhao-vaccine-829b28362531375b,BigMHC,v1.0,immunogenicity,0.075381555,higher,predicted,0.075381555,0.0034202307
zhao-vaccine-b07374752303c7ce,BigMHC,v1.0,immunogenicity,0.009799662,higher,predicted,0.009799662,5.1950687e-05
zhao-vaccine-0a968a6e8f5bb3a5,BigMHC,v1.0,immunogenicity,0.09549824,higher,predicted,0.09549824,0.4801452
zhao-vaccine-dfcc24d0c9399a71,BigMHC,v1.0,immunogenicity,0.0031583004,higher,predicted,0.0031583004,0.00311931
zhao-vaccine-f88b213c3693011f,BigMHC,v1.0,immunogenicity,0.096056186,higher,predicted,0.096056186,0.06897803
zhao-vaccine-1b924ca5b95b9789,BigMHC,v1.0,immunogenicity,0.02094243,higher,predicted,0.02094243,0.05499495
zhao-vaccine-a529ef70085fd160,BigMHC,v1.0,immunogenicity,0.19756918,higher,predicted,0.19756918,0.56354797
zhao-vaccine-f2f04fea5f4bd62f,BigMHC,v1.0,immunogenicity,0.18177454,higher,predicted,0.18177454,0.30475822
zhao-vaccine-8b569e01b4c0fa1d,BigMHC,v1.0,immunogenicity,0.053068217,higher,predicted,0.053068217,0.010482955
zhao-vaccine-7ba0ee3aedadd920,BigMHC,v1.0,immunogenicity,0.050685447,higher,predicted,0.050685447,0.84989625
zhao-vaccine-73318b0e1d0f5698,BigMHC,v1.0,immunogenicity,0.10604676,higher,predicted,0.10604676,0.6097221
zhao-vaccine-617e8b4c605e848a,BigMHC,v1.0,immunogenicity,0.009216184,higher,predicted,0.009216184,0.008492619
zhao-vaccine-968dd34985109398,BigMHC,v1.0,immunogenicity,0.02816171,higher,predicted,0.02816171,0.06878739
zhao-vaccine-30a8f44992e1727b,BigMHC,v1.0,immunogenicity,0.08475725,higher,predicted,0.08475725,0.8920189
zhao-vaccine-8e7ed2309f8a8c76,BigMHC,v1.0,immunogenicity,0.14462054,higher,predicted,0.14462054,0.73612744
zhao-vaccine-5ec2f637f82295c6,BigMHC,v1.0,immunogenicity,0.12871572,higher,predicted,0.12871572,0.020711038
zhao-vaccine-e0d97b661fbbca8e,BigMHC,v1.0,immunogenicity,0.036056634,higher,predicted,0.036056634,0.16707075
zhao-vaccine-1ecaf53c0361fd76,BigMHC,v1.0,immunogenicity,0.09499339,higher,predicted,0.09499339,0.0026147787
zhao-vaccine-07dc64ecc1d1c80c,BigMHC,v1.0,immunogenicity,0.07847411,higher,predicted,0.07847411,0.8181892
zhao-vaccine-2a74b63a389d29da,BigMHC,v1.0,immunogenicity,0.1033046,higher,predicted,0.1033046,0.12096232
zhao-vaccine-c5027f69096ce937,BigMHC,v1.0,immunogenicity,0.112504475,higher,predicted,0.112504475,0.79337066
zhao-vaccine-64b03c25eb1e4aca,BigMHC,v1.0,immunogenicity,0.4064014,higher,predicted,0.4064014,0.91423947
zhao-vaccine-09b09241df7ba57a,BigMHC,v1.0,immunogenicity,0.5787924,higher,predicted,0.5787924,0.37207794
zhao-vaccine-46c73c5643b5c015,BigMHC,v1.0,immunogenicity,0.43552583,higher,predicted,0.43552583,0.1395558
zhao-vaccine-ded05c41d0885a79,BigMHC,v1.0,immunogenicity,0.2291272,higher,predicted,0.2291272,0.04859715
zhao-vaccine-569a1f5d232617cc,BigMHC,v1.0,immunogenicity,0.017214818,higher,predicted,0.017214818,0.187134
zhao-vaccine-a6ba52504edaec3a,BigMHC,v1.0,immunogenicity,0.08517785,higher,predicted,0.08517785,0.0045169317
zhao-vaccine-441263c256cd1d32,BigMHC,v1.0,immunogenicity,0.042248677,higher,predicted,0.042248677,0.30728936
zhao-vaccine-ce1b25ef98db3b8f,BigMHC,v1.0,immunogenicity,0.048414804,higher,predicted,0.048414804,0.34913057
zhao-vaccine-98fdab332ce80606,BigMHC,v1.0,immunogenicity,0.23617853,higher,predicted,0.23617853,0.122045256
zhao-vaccine-32042d43ea9234e9,BigMHC,v1.0,immunogenicity,0.046598997,higher,predicted,0.046598997,0.0039316616
zhao-vaccine-978388f28ca83380,BigMHC,v1.0,immunogenicity,0.60133404,higher,predicted,0.60133404,0.08378633
zhao-vaccine-dbb83903928a1b3d,BigMHC,v1.0,immunogenicity,0.6636967,higher,predicted,0.6636967,0.052672874
zhao-vaccine-484d4a1e69dbaff1,BigMHC,v1.0,immunogenicity,0.02923486,higher,predicted,0.02923486,0.056070376
zhao-vaccine-587f63e0750195b8,BigMHC,v1.0,immunogenicity,0.22052503,higher,predicted,0.22052503,0.97617394
zhao-vaccine-189a3e09a651a5ca,BigMHC,v1.0,immunogenicity,0.056622367,higher,predicted,0.056622367,0.9043983
zhao-vaccine-1c92e6cb78af1121,BigMHC,v1.0,immunogenicity,0.08070786,higher,predicted,0.08070786,0.64442265
zhao-vaccine-c5f13bbc156d1ffd,BigMHC,v1.0,immunogenicity,0.05562655,higher,predicted,0.05562655,0.46838576
zhao-vaccine-005c2d41ff568581,BigMHC,v1.0,immunogenicity,0.06744819,higher,predicted,0.06744819,0.00010371255
zhao-vaccine-754cdd08691b463b,BigMHC,v1.0,immunogenicity,0.17552233,higher,predicted,0.17552233,0.42316034
zhao-vaccine-44191f451fb5342f,BigMHC,v1.0,immunogenicity,0.25290677,higher,predicted,0.25290677,0.55804235
zhao-vaccine-bc0b04f0db31deef,BigMHC,v1.0,immunogenicity,0.28005677,higher,predicted,0.28005677,0.06281336
zhao-vaccine-248486bef67ddc1a,BigMHC,v1.0,immunogenicity,0.15185316,higher,predicted,0.15185316,0.41716042
zhao-vaccine-435c57bd5626e81d,BigMHC,v1.0,immunogenicity,0.008983121,higher,predicted,0.008983121,0.42356798
zhao-vaccine-6a80222eb3cd9960,BigMHC,v1.0,immunogenicity,0.28733188,higher,predicted,0.28733188,0.33190605
zhao-vaccine-18bb777b4e863040,BigMHC,v1.0,immunogenicity,0.015882857,higher,predicted,0.015882857,0.004294717
zhao-vaccine-c73520e05162fa63,BigMHC,v1.0,immunogenicity,0.0019327126,higher,predicted,0.0019327126,0.00049327995
zhao-vaccine-2d42ee092024504b,BigMHC,v1.0,immunogenicity,0.007032703,higher,predicted,0.007032703,0.00069005264
zhao-vaccine-3c4ba0f989f56cbc,BigMHC,v1.0,immunogenicity,0.20130268,higher,predicted,0.20130268,0.0049315654
zhao-vaccine-8a4ba03a807552d8,BigMHC,v1.0,immunogenicity,0.21236935,higher,predicted,0.21236935,0.26882395
zhao-vaccine-3a488a69cfdbb0b4,BigMHC,v1.0,immunogenicity,0.20595786,higher,predicted,0.20595786,0.08338805
zhao-vaccine-2f981576be4f5fcd,BigMHC,v1.0,immunogenicity,0.29401165,higher,predicted,0.29401165,0.064060025
zhao-vaccine-80e29e057aded50f,BigMHC,v1.0,immunogenicity,0.10520585,higher,predicted,0.10520585,0.07336632
zhao-vaccine-a6efb11623db8198,BigMHC,v1.0,immunogenicity,0.18521485,higher,predicted,0.18521485,0.21111037
zhao-vaccine-f3f3f5539242b996,BigMHC,v1.0,immunogenicity,0.14609446,higher,predicted,0.14609446,0.06856311
zhao-vaccine-f31510ca0cca7dc2,BigMHC,v1.0,immunogenicity,0.24360159,higher,predicted,0.24360159,0.0017191205
zhao-vaccine-fe692678a2348211,BigMHC,v1.0,immunogenicity,0.2431848,higher,predicted,0.2431848,0.0027391505
zhao-vaccine-feb8ab75cbc6a6b1,BigMHC,v1.0,immunogenicity,0.18182597,higher,predicted,0.18182597,0.0038213148
zhao-vaccine-b8df57798d7bb9e4,BigMHC,v1.0,immunogenicity,0.05977606,higher,predicted,0.05977606,8.716534e-05
zhao-vaccine-ebb911c0b47448a5,BigMHC,v1.0,immunogenicity,0.21504152,higher,predicted,0.21504152,0.0020426435
zhao-vaccine-6d945c4de6fb7fdd,BigMHC,v1.0,immunogenicity,0.009376502,higher,predicted,0.009376502,0.0007445294
zhao-vaccine-7ca1890125ff12ec,BigMHC,v1.0,immunogenicity,0.078871496,higher,predicted,0.078871496,0.11051447
zhao-vaccine-b84d5e06e4a5de93,BigMHC,v1.0,immunogenicity,0.070978105,higher,predicted,0.070978105,0.65359336
zhao-vaccine-5a666db4b7cd0c81,BigMHC,v1.0,immunogenicity,0.5302242,higher,predicted,0.5302242,0.85588557
zhao-vaccine-ff9e4d8c3d7ed1a1,BigMHC,v1.0,immunogenicity,0.074414335,higher,predicted,0.074414335,0.5346351
zhao-vaccine-d7edde17da32e7a7,BigMHC,v1.0,immunogenicity,0.06882471,higher,predicted,0.06882471,0.2015409
zhao-vaccine-1b9041952158e85a,BigMHC,v1.0,immunogenicity,0.0005594042,higher,predicted,0.0005594042,0.0014136089
zhao-vaccine-76096a14f7beac73,BigMHC,v1.0,immunogenicity,0.20614877,higher,predicted,0.20614877,0.85740197
zhao-vaccine-f84831fabf9966dc,BigMHC,v1.0,immunogenicity,0.5384492,higher,predicted,0.5384492,0.061915245
zhao-vaccine-6fa72e4c980319d1,BigMHC,v1.0,immunogenicity,0.2456461,higher,predicted,0.2456461,0.31819415
zhao-vaccine-fecf0e4ffb53c9ba,BigMHC,v1.0,immunogenicity,0.22723822,higher,predicted,0.22723822,0.009078843
zhao-vaccine-7f048c24cf7f67cd,BigMHC,v1.0,immunogenicity,0.19163243,higher,predicted,0.19163243,0.018914448
zhao-vaccine-8f28ecfbd8e04b8a,BigMHC,v1.0,immunogenicity,0.2511565,higher,predicted,0.2511565,0.30958822
zhao-vaccine-c7ecbe8a43080a18,BigMHC,v1.0,immunogenicity,0.26213104,higher,predicted,0.26213104,0.23928516
zhao-vaccine-d353f5ffe14092d8,BigMHC,v1.0,immunogenicity,0.22775955,higher,predicted,0.22775955,0.48466736
zhao-vaccine-68919353742998c9,BigMHC,v1.0,immunogenicity,0.0051557915,higher,predicted,0.0051557915,0.06147678
zhao-vaccine-adb6b5a92a4bda9e,BigMHC,v1.0,immunogenicity,0.1452056,higher,predicted,0.1452056,0.04821573
zhao-vaccine-1b0f9ac57d3deca0,BigMHC,v1.0,immunogenicity,0.0037402262,higher,predicted,0.0037402262,0.0032341494
zhao-vaccine-352b15a9113e1c3f,BigMHC,v1.0,immunogenicity,0.0013873127,higher,predicted,0.0013873127,0.00031002195
zhao-vaccine-d245b9086a4c4e55,BigMHC,v1.0,immunogenicity,0.23509361,higher,predicted,0.23509361,0.004744899
zhao-vaccine-b9a1d54db9353202,BigMHC,v1.0,immunogenicity,0.00077206356,higher,predicted,0.00077206356,4.412892e-05
zhao-vaccine-65e1e957b18a0883,BigMHC,v1.0,immunogenicity,0.13394263,higher,predicted,0.13394263,0.90143603
zhao-vaccine-5aad249cfbd1da6a,BigMHC,v1.0,immunogenicity,0.0048980163,higher,predicted,0.0048980163,0.002697531
zhao-vaccine-1f8caded918cd1a8,BigMHC,v1.0,immunogenicity,0.0027375298,higher,predicted,0.0027375298,0.004064427
zhao-vaccine-a32c2f2da9e9e873,BigMHC,v1.0,immunogenicity,0.019869367,higher,predicted,0.019869367,0.012479166
zhao-vaccine-d794cc06a0b7dbc2,BigMHC,v1.0,immunogenicity,0.006025695,higher,predicted,0.006025695,0.004523008
zhao-vaccine-2198b7a3c74589cf,BigMHC,v1.0,immunogenicity,0.09172821,higher,predicted,0.09172821,0.03516571
zhao-vaccine-6dd07e8066f0f846,BigMHC,v1.0,immunogenicity,0.13870564,higher,predicted,0.13870564,0.014158237
zhao-vaccine-83a2818ca048bc91,BigMHC,v1.0,immunogenicity,0.20724931,higher,predicted,0.20724931,0.8095389
zhao-vaccine-30af01ce73e0a329,BigMHC,v1.0,immunogenicity,0.16094598,higher,predicted,0.16094598,0.08724684
zhao-vaccine-8e5f572bf39bb70e,BigMHC,v1.0,immunogenicity,0.037610315,higher,predicted,0.037610315,0.007784384
zhao-vaccine-947c1a25434f2c88,BigMHC,v1.0,immunogenicity,0.082894094,higher,predicted,0.082894094,0.007343337
zhao-vaccine-cf7bbfda04adec09,BigMHC,v1.0,immunogenicity,0.23594749,higher,predicted,0.23594749,0.09010773
zhao-vaccine-0a37b5892da9f729,BigMHC,v1.0,immunogenicity,0.034746435,higher,predicted,0.034746435,0.009926255
zhao-vaccine-3c5ff23770c9c9eb,BigMHC,v1.0,immunogenicity,0.044623736,higher,predicted,0.044623736,0.0064227483
zhao-vaccine-07cda9d9316a2417,BigMHC,v1.0,immunogenicity,0.0015311765,higher,predicted,0.0015311765,0.00020284278
zhao-vaccine-25c3d50852fb5fbc,BigMHC,v1.0,immunogenicity,0.3951356,higher,predicted,0.3951356,0.5100891
zhao-vaccine-c61e31faea397e00,BigMHC,v1.0,immunogenicity,0.49359494,higher,predicted,0.49359494,0.3047205
zhao-vaccine-1c2709e2c8b958f5,BigMHC,v1.0,immunogenicity,0.4931051,higher,predicted,0.4931051,0.6286206
zhao-vaccine-52e8109ad1474de0,BigMHC,v1.0,immunogenicity,0.43980333,higher,predicted,0.43980333,0.5123436
zhao-vaccine-f2460d83b4aa9649,BigMHC,v1.0,immunogenicity,0.50123954,higher,predicted,0.50123954,0.6650033
zhao-vaccine-3fc85da93c900ad1,BigMHC,v1.0,immunogenicity,0.6452838,higher,predicted,0.6452838,0.7880788
zhao-vaccine-504366f07af83dea,BigMHC,v1.0,immunogenicity,0.29314727,higher,predicted,0.29314727,0.1892568
zhao-vaccine-3dd3b83dc8a140dd,BigMHC,v1.0,immunogenicity,0.5586702,higher,predicted,0.5586702,0.9569877
zhao-vaccine-92586d96b0544d0e,BigMHC,v1.0,immunogenicity,0.44529176,higher,predicted,0.44529176,0.712191
zhao-vaccine-d62cd0eb01450541,BigMHC,v1.0,immunogenicity,0.82189125,higher,predicted,0.82189125,0.72666925
zhao-vaccine-0bb4de090da7557e,BigMHC,v1.0,immunogenicity,0.42855787,higher,predicted,0.42855787,0.075227484
zhao-vaccine-d83594b606a34d9f,BigMHC,v1.0,immunogenicity,0.48709846,higher,predicted,0.48709846,0.13101025
zhao-vaccine-9b36daa85674e41c,BigMHC,v1.0,immunogenicity,0.2593876,higher,predicted,0.2593876,0.16479465
zhao-vaccine-a7d26b31e15305c0,BigMHC,v1.0,immunogenicity,0.54594123,higher,predicted,0.54594123,0.30534413
zhao-vaccine-a77fb0e9d66e5b92,BigMHC,v1.0,immunogenicity,0.17670347,higher,predicted,0.17670347,0.56819856
zhao-vaccine-6af6761dc326c7b4,BigMHC,v1.0,immunogenicity,0.08119213,higher,predicted,0.08119213,0.29313952
zhao-vaccine-70021a4a83d0b97b,BigMHC,v1.0,immunogenicity,0.00421305,higher,predicted,0.00421305,0.008410726
zhao-vaccine-b8c034b4f7906cda,BigMHC,v1.0,immunogenicity,0.1311889,higher,predicted,0.1311889,0.0029794758
zhao-vaccine-61ac7c025d684e3f,BigMHC,v1.0,immunogenicity,0.31218836,higher,predicted,0.31218836,0.015634496
zhao-vaccine-c9b86ce6d1009213,BigMHC,v1.0,immunogenicity,0.32469514,higher,predicted,0.32469514,0.15680003
zhao-vaccine-2b01871034639ce6,BigMHC,v1.0,immunogenicity,0.4205453,higher,predicted,0.4205453,0.4221156
zhao-vaccine-0b898604ae640790,BigMHC,v1.0,immunogenicity,0.060866833,higher,predicted,0.060866833,0.2903299
zhao-vaccine-090509de5bbe3e7c,BigMHC,v1.0,immunogenicity,0.013683556,higher,predicted,0.013683556,0.23557337
zhao-vaccine-c0f6ab4dadf74287,BigMHC,v1.0,immunogenicity,0.13370977,higher,predicted,0.13370977,0.0006000314
zhao-vaccine-24bb80e6d446539e,BigMHC,v1.0,immunogenicity,0.0130207185,higher,predicted,0.0130207185,0.07818749
zhao-vaccine-3201a3fb6e0c8fa5,BigMHC,v1.0,immunogenicity,0.024849841,higher,predicted,0.024849841,0.05445869
zhao-vaccine-83712a929d036711,BigMHC,v1.0,immunogenicity,0.037862472,higher,predicted,0.037862472,0.041114468
zhao-vaccine-bc7e6e0737e44920,BigMHC,v1.0,immunogenicity,0.5317558,higher,predicted,0.5317558,0.6999031
zhao-vaccine-0eaf0e818a7a746a,BigMHC,v1.0,immunogenicity,0.6879117,higher,predicted,0.6879117,0.9713997
zhao-vaccine-e1587f78f0414f32,BigMHC,v1.0,immunogenicity,0.07770676,higher,predicted,0.07770676,0.1404394
zhao-vaccine-41f5931366c040c0,BigMHC,v1.0,immunogenicity,0.42646828,higher,predicted,0.42646828,0.37911955
zhao-vaccine-7175cb119bd96102,BigMHC,v1.0,immunogenicity,0.387142,higher,predicted,0.387142,0.7477373
zhao-vaccine-75af5bb08906c7f7,BigMHC,v1.0,immunogenicity,0.17303309,higher,predicted,0.17303309,0.045503013
zhao-vaccine-19030f73262529ce,BigMHC,v1.0,immunogenicity,0.109501205,higher,predicted,0.109501205,0.67375433
zhao-vaccine-854adfc6e548ab72,BigMHC,v1.0,immunogenicity,0.2584344,higher,predicted,0.2584344,0.037466977
zhao-vaccine-40a84aa5f7529b52,BigMHC,v1.0,immunogenicity,0.22062877,higher,predicted,0.22062877,0.0010678351
zhao-vaccine-1071886d40129d5f,BigMHC,v1.0,immunogenicity,0.18627842,higher,predicted,0.18627842,0.023491034
zhao-vaccine-3fc0b7f5778f75b1,BigMHC,v1.0,immunogenicity,0.079709396,higher,predicted,0.079709396,0.0002884778
zhao-vaccine-cc31c8cbc49a2519,BigMHC,v1.0,immunogenicity,0.11321137,higher,predicted,0.11321137,0.80871147
zhao-vaccine-76da3ee3a519e089,BigMHC,v1.0,immunogenicity,0.2280909,higher,predicted,0.2280909,0.4330032
zhao-vaccine-3e0d2622f82171c5,BigMHC,v1.0,immunogenicity,0.13260908,higher,predicted,0.13260908,0.78768986
zhao-vaccine-db3d9b700db0c77c,BigMHC,v1.0,immunogenicity,0.033819824,higher,predicted,0.033819824,0.18523762
zhao-vaccine-9973ae04539ea32e,BigMHC,v1.0,immunogenicity,0.03655867,higher,predicted,0.03655867,0.422834
zhao-vaccine-5561ea5eae8c4914,BigMHC,v1.0,immunogenicity,0.11926965,higher,predicted,0.11926965,0.35266766
zhao-vaccine-2b4eb78cc400768f,BigMHC,v1.0,immunogenicity,0.12919109,higher,predicted,0.12919109,0.008238996
zhao-vaccine-007a79875c9c2c9d,BigMHC,v1.0,immunogenicity,0.08009918,higher,predicted,0.08009918,0.46662423
zhao-vaccine-94c540703c35d914,BigMHC,v1.0,immunogenicity,0.039705534,higher,predicted,0.039705534,0.23089513
zhao-vaccine-d0539841cb147534,BigMHC,v1.0,immunogenicity,0.75451916,higher,predicted,0.75451916,0.89745075
zhao-vaccine-6fb9fcc725620c4d,BigMHC,v1.0,immunogenicity,0.21099272,higher,predicted,0.21099272,0.019310188
zhao-vaccine-fd3485d9cfbed701,BigMHC,v1.0,immunogenicity,0.3173152,higher,predicted,0.3173152,0.5806126
zhao-vaccine-7b19004e1c7b69aa,BigMHC,v1.0,immunogenicity,0.0045233895,higher,predicted,0.0045233895,0.015595336
zhao-vaccine-77558f19fda1309c,BigMHC,v1.0,immunogenicity,0.36747783,higher,predicted,0.36747783,0.0014221827
zhao-vaccine-a927269393d2526c,BigMHC,v1.0,immunogenicity,0.20879516,higher,predicted,0.20879516,0.1885059
zhao-vaccine-de540479a7332cba,BigMHC,v1.0,immunogenicity,0.0802781,higher,predicted,0.0802781,3.663554e-05
zhao-vaccine-ff2e1d9399179786,BigMHC,v1.0,immunogenicity,0.36154085,higher,predicted,0.36154085,0.24654189
zhao-vaccine-4acd10b38d0e4aec,BigMHC,v1.0,immunogenicity,0.038095642,higher,predicted,0.038095642,0.0037875292
zhao-vaccine-7bc11d2eff81b4cd,BigMHC,v1.0,immunogenicity,0.39428204,higher,predicted,0.39428204,0.15213683
zhao-vaccine-b6daf7f342caeef5,BigMHC,v1.0,immunogenicity,0.047277395,higher,predicted,0.047277395,0.0022042952
zhao-vaccine-00444c5d625a1ea1,BigMHC,v1.0,immunogenicity,0.38934466,higher,predicted,0.38934466,0.052400153
zhao-vaccine-1899550845bc9391,BigMHC,v1.0,immunogenicity,0.4176971,higher,predicted,0.4176971,0.21289659
zhao-vaccine-9ce74503a7a65f1d,BigMHC,v1.0,immunogenicity,0.18618856,higher,predicted,0.18618856,0.017423142
zhao-vaccine-fe2a205d7de5f153,BigMHC,v1.0,immunogenicity,0.0031876902,higher,predicted,0.0031876902,7.475913e-05
zhao-vaccine-5527cbf00d4c06a3,BigMHC,v1.0,immunogenicity,0.0040530143,higher,predicted,0.0040530143,6.3324136e-05
zhao-vaccine-9d0b0ecd97822a8b,BigMHC,v1.0,immunogenicity,0.088414244,higher,predicted,0.088414244,0.8815264
zhao-vaccine-33922ab67dedb95d,BigMHC,v1.0,immunogenicity,0.55319107,higher,predicted,0.55319107,0.106193885
zhao-vaccine-833cf7dfafb80ee6,BigMHC,v1.0,immunogenicity,0.015157154,higher,predicted,0.015157154,0.0028154715
zhao-vaccine-9c298b12a5abcbfa,BigMHC,v1.0,immunogenicity,0.25688618,higher,predicted,0.25688618,0.2661376
zhao-vaccine-25d343c06b9fd1ba,BigMHC,v1.0,immunogenicity,0.23220985,higher,predicted,0.23220985,0.20759578
zhao-vaccine-3662082b8c37f2db,BigMHC,v1.0,immunogenicity,0.4917748,higher,predicted,0.4917748,0.85702974
zhao-vaccine-c53cad49f5b42005,BigMHC,v1.0,immunogenicity,0.6331797,higher,predicted,0.6331797,0.5627888
zhao-vaccine-df06f3847c640434,BigMHC,v1.0,immunogenicity,0.24713051,higher,predicted,0.24713051,0.02866897
zhao-vaccine-6f4c3b14f541f3a9,BigMHC,v1.0,immunogenicity,0.71924144,higher,predicted,0.71924144,0.7500886
zhao-vaccine-c5aed4506530e7c9,BigMHC,v1.0,immunogenicity,0.39241746,higher,predicted,0.39241746,0.9880246
zhao-vaccine-d27b82ea25c2079b,BigMHC,v1.0,immunogenicity,0.6863015,higher,predicted,0.6863015,0.73165816
zhao-vaccine-86c23021ac8ba472,BigMHC,v1.0,immunogenicity,0.07969273,higher,predicted,0.07969273,0.019215424
zhao-vaccine-ffc1986181cf6a8f,BigMHC,v1.0,immunogenicity,0.28377807,higher,predicted,0.28377807,0.8537055
zhao-vaccine-31a2265075b0b0c8,BigMHC,v1.0,immunogenicity,0.25677937,higher,predicted,0.25677937,0.6739483
zhao-vaccine-051b07f7c5733441,BigMHC,v1.0,immunogenicity,0.39283663,higher,predicted,0.39283663,0.014553809
zhao-vaccine-5d3905faafb72e53,BigMHC,v1.0,immunogenicity,0.037041664,higher,predicted,0.037041664,0.009462702
zhao-vaccine-ea6d50d1b1de9fd2,BigMHC,v1.0,immunogenicity,0.07872848,higher,predicted,0.07872848,0.02021979
zhao-vaccine-1e3b690b4259c6bf,BigMHC,v1.0,immunogenicity,0.01449058,higher,predicted,0.01449058,0.08031903
zhao-vaccine-23eaf44ccb8cdb3e,BigMHC,v1.0,immunogenicity,0.10413974,higher,predicted,0.10413974,0.2144779
zhao-vaccine-58ec51281e3f45bc,BigMHC,v1.0,immunogenicity,0.0110606775,higher,predicted,0.0110606775,0.0012686605
zhao-vaccine-d84459d062f5308c,BigMHC,v1.0,immunogenicity,0.3364273,higher,predicted,0.3364273,0.03828144
zhao-vaccine-4a803735b7e2e91b,BigMHC,v1.0,immunogenicity,0.49294764,higher,predicted,0.49294764,0.080795504
zhao-vaccine-d7741495ca0a47c4,BigMHC,v1.0,immunogenicity,0.61641985,higher,predicted,0.61641985,0.026613314
zhao-vaccine-acabdb04a03520ef,BigMHC,v1.0,immunogenicity,0.010001293,higher,predicted,0.010001293,0.002180264
zhao-vaccine-67558adaa52c27b5,BigMHC,v1.0,immunogenicity,0.005464428,higher,predicted,0.005464428,0.0026997644
zhao-vaccine-8258688d0ed6bf63,BigMHC,v1.0,immunogenicity,0.36859718,higher,predicted,0.36859718,0.6604087
zhao-vaccine-c5e47ff83f2303a2,BigMHC,v1.0,immunogenicity,0.068673104,higher,predicted,0.068673104,0.021222036
zhao-vaccine-1156acf6e931f52a,BigMHC,v1.0,immunogenicity,0.16889465,higher,predicted,0.16889465,0.0318637
zhao-vaccine-c226c4e421abf75f,BigMHC,v1.0,immunogenicity,0.12847538,higher,predicted,0.12847538,0.15425107
zhao-vaccine-d9a38d29ef1a121f,BigMHC,v1.0,immunogenicity,0.0029576935,higher,predicted,0.0029576935,0.004669188
zhao-vaccine-0d39d96932a02503,BigMHC,v1.0,immunogenicity,0.17616558,higher,predicted,0.17616558,0.000246415
zhao-vaccine-f27df856a4f854dc,BigMHC,v1.0,immunogenicity,0.14454146,higher,predicted,0.14454146,5.1862215e-05
zhao-vaccine-1de18c9067041a38,BigMHC,v1.0,immunogenicity,0.0050750384,higher,predicted,0.0050750384,0.0015697133
zhao-vaccine-5bf5127cbae8097b,BigMHC,v1.0,immunogenicity,0.22838409,higher,predicted,0.22838409,0.0013124669
zhao-vaccine-f04ac6b512432b83,BigMHC,v1.0,immunogenicity,0.15125692,higher,predicted,0.15125692,0.00020320309
zhao-vaccine-2d5bc81066cb27d4,BigMHC,v1.0,immunogenicity,0.45959997,higher,predicted,0.45959997,0.0017381931
zhao-vaccine-d54a3c817ef7f91a,BigMHC,v1.0,immunogenicity,0.0699403,higher,predicted,0.0699403,0.006164447
zhao-vaccine-af1ae015379e0d4c,BigMHC,v1.0,immunogenicity,0.03724534,higher,predicted,0.03724534,0.027604992
zhao-vaccine-5c4e1393fcceb6cc,BigMHC,v1.0,immunogenicity,0.08974282,higher,predicted,0.08974282,0.07816023
zhao-vaccine-2c02aa2259b38cf7,BigMHC,v1.0,immunogenicity,0.109088264,higher,predicted,0.109088264,0.5541441
zhao-vaccine-90f9b84f47894dac,BigMHC,v1.0,immunogenicity,0.2938709,higher,predicted,0.2938709,0.7735859
zhao-vaccine-ab9a566bfd9e22f5,BigMHC,v1.0,immunogenicity,0.15718053,higher,predicted,0.15718053,0.0139013035
zhao-vaccine-d9320bb718c273a5,BigMHC,v1.0,immunogenicity,0.16713834,higher,predicted,0.16713834,0.513419
zhao-vaccine-e869ced7f0f72d4c,BigMHC,v1.0,immunogenicity,0.37158522,higher,predicted,0.37158522,0.66106474
zhao-vaccine-dddf213bd7d4e6a7,BigMHC,v1.0,immunogenicity,0.28804135,higher,predicted,0.28804135,0.18835315
zhao-vaccine-14d05f3a9c4040d4,BigMHC,v1.0,immunogenicity,0.1377459,higher,predicted,0.1377459,0.0006772895
zhao-vaccine-9d4621b374c0f21f,BigMHC,v1.0,immunogenicity,0.04226536,higher,predicted,0.04226536,0.09499413
zhao-vaccine-b84e6ed1d53c9c56,BigMHC,v1.0,immunogenicity,0.013294054,higher,predicted,0.013294054,0.0042045093
zhao-vaccine-1747d4da366e49c6,BigMHC,v1.0,immunogenicity,0.011480883,higher,predicted,0.011480883,0.118674435
zhao-vaccine-69f62b48be1b9947,BigMHC,v1.0,immunogenicity,0.011512526,higher,predicted,0.011512526,0.0585249
zhao-vaccine-70b013abf6dfe8cb,BigMHC,v1.0,immunogenicity,0.13352112,higher,predicted,0.13352112,0.27707615
zhao-vaccine-beeb78dcb3ce1bd6,BigMHC,v1.0,immunogenicity,0.08218666,higher,predicted,0.08218666,0.042492114
zhao-vaccine-d334b09365885e61,BigMHC,v1.0,immunogenicity,0.015761582,higher,predicted,0.015761582,0.029395664
zhao-vaccine-e321724542ff486e,BigMHC,v1.0,immunogenicity,0.32277754,higher,predicted,0.32277754,0.6703244
zhao-vaccine-ce7bb3b1d8d91074,BigMHC,v1.0,immunogenicity,0.15121087,higher,predicted,0.15121087,0.43429187
zhao-vaccine-7c9cd3f31ce9f18a,BigMHC,v1.0,immunogenicity,0.5343202,higher,predicted,0.5343202,0.88334084
zhao-vaccine-d8b3cb9f783ea9a4,BigMHC,v1.0,immunogenicity,0.4512673,higher,predicted,0.4512673,0.9949067
zhao-vaccine-a874ce1e2754a8d5,BigMHC,v1.0,immunogenicity,0.06521486,higher,predicted,0.06521486,0.46512192
zhao-vaccine-75d5de385669e3bc,BigMHC,v1.0,immunogenicity,0.1984647,higher,predicted,0.1984647,0.77491957
zhao-vaccine-0c875e7bc235bb96,BigMHC,v1.0,immunogenicity,0.008203329,higher,predicted,0.008203329,0.0038716365
zhao-vaccine-e18369fa05ea709c,BigMHC,v1.0,immunogenicity,0.049771708,higher,predicted,0.049771708,0.0014747005
zhao-vaccine-3a7020641c49a4b0,BigMHC,v1.0,immunogenicity,0.03345288,higher,predicted,0.03345288,0.00087107345
zhao-vaccine-f1ae7c881294ac52,BigMHC,v1.0,immunogenicity,0.019509122,higher,predicted,0.019509122,0.007134939
zhao-vaccine-29a1785dacf85576,BigMHC,v1.0,immunogenicity,0.2727135,higher,predicted,0.2727135,0.040035915
zhao-vaccine-5cbd31005d3bcff5,BigMHC,v1.0,immunogenicity,0.06573002,higher,predicted,0.06573002,0.0041586948
zhao-vaccine-11ba54e0b96687a1,BigMHC,v1.0,immunogenicity,0.20154925,higher,predicted,0.20154925,0.06335579
zhao-vaccine-f441a9b109397bee,BigMHC,v1.0,immunogenicity,0.32010862,higher,predicted,0.32010862,0.6129123
zhao-vaccine-db1e2cbd88910c6f,BigMHC,v1.0,immunogenicity,0.18469402,higher,predicted,0.18469402,0.8977335
zhao-vaccine-3b22f7af42025ab1,BigMHC,v1.0,immunogenicity,0.05440261,higher,predicted,0.05440261,0.002420833
zhao-vaccine-00ff16e25073019b,BigMHC,v1.0,immunogenicity,0.263482,higher,predicted,0.263482,0.067779996
zhao-vaccine-4f105e0d47e30f78,BigMHC,v1.0,immunogenicity,0.14755747,higher,predicted,0.14755747,0.933283
zhao-vaccine-09bbcb8a8cac6970,BigMHC,v1.0,immunogenicity,0.43993285,higher,predicted,0.43993285,0.6356439
zhao-vaccine-f4e70bd617a1ab13,BigMHC,v1.0,immunogenicity,0.24904715,higher,predicted,0.24904715,0.36575228
zhao-vaccine-f23e51c40f064c5d,BigMHC,v1.0,immunogenicity,0.25435403,higher,predicted,0.25435403,0.1140619
zhao-vaccine-e2d933ef6fc6330c,BigMHC,v1.0,immunogenicity,0.19714795,higher,predicted,0.19714795,0.7121933
zhao-vaccine-a6d7efa078e4403a,BigMHC,v1.0,immunogenicity,0.12431824,higher,predicted,0.12431824,0.046118196
zhao-vaccine-ed02672548c2c6e9,BigMHC,v1.0,immunogenicity,0.16496328,higher,predicted,0.16496328,0.0013018915
zhao-vaccine-584580aa40b32fb0,BigMHC,v1.0,immunogenicity,0.12420174,higher,predicted,0.12420174,0.27213794
zhao-vaccine-7713216b739e01fb,BigMHC,v1.0,immunogenicity,0.0038994313,higher,predicted,0.0038994313,0.0025130042
zhao-vaccine-37150d21cb59561e,BigMHC,v1.0,immunogenicity,0.04539841,higher,predicted,0.04539841,0.0029716745
zhao-vaccine-8865368c74775ec5,BigMHC,v1.0,immunogenicity,0.020631833,higher,predicted,0.020631833,0.1555006
zhao-vaccine-0f899e5797566725,BigMHC,v1.0,immunogenicity,0.05239881,higher,predicted,0.05239881,0.5603939
zhao-vaccine-52fff727b9b7b4e2,BigMHC,v1.0,immunogenicity,0.01889859,higher,predicted,0.01889859,0.39283466
zhao-vaccine-edaf4e83f46c187e,BigMHC,v1.0,immunogenicity,0.043059833,higher,predicted,0.043059833,0.09436699
zhao-vaccine-edef5e1d5a58e9e1,BigMHC,v1.0,immunogenicity,0.15166284,higher,predicted,0.15166284,0.60809994
zhao-vaccine-48533e9a40327f8f,BigMHC,v1.0,immunogenicity,0.07282644,higher,predicted,0.07282644,0.101833545
zhao-vaccine-1225cede0d420f0a,BigMHC,v1.0,immunogenicity,0.019604253,higher,predicted,0.019604253,0.0074451827
zhao-vaccine-6510e76c70f1f951,BigMHC,v1.0,immunogenicity,0.021374485,higher,predicted,0.021374485,0.09776916
zhao-vaccine-eccddbe101d23034,BigMHC,v1.0,immunogenicity,0.15062277,higher,predicted,0.15062277,0.10177755
zhao-vaccine-cee042b9a88d7012,BigMHC,v1.0,immunogenicity,0.10596825,higher,predicted,0.10596825,0.9254273
zhao-vaccine-881f4582c98f353c,BigMHC,v1.0,immunogenicity,0.15274784,higher,predicted,0.15274784,0.03290724
zhao-vaccine-3fb480f105298172,BigMHC,v1.0,immunogenicity,0.115700565,higher,predicted,0.115700565,0.16880727
zhao-vaccine-cc75b72e942baa44,BigMHC,v1.0,immunogenicity,0.025119571,higher,predicted,0.025119571,0.06435226
zhao-vaccine-f477a52b434974ac,BigMHC,v1.0,immunogenicity,0.13584639,higher,predicted,0.13584639,0.030419571
zhao-vaccine-0d4ac2a843d56400,BigMHC,v1.0,immunogenicity,0.07569073,higher,predicted,0.07569073,0.0268517
zhao-vaccine-9c13590bea498179,BigMHC,v1.0,immunogenicity,0.058772232,higher,predicted,0.058772232,0.07666905
zhao-vaccine-072a700de284fe72,BigMHC,v1.0,immunogenicity,0.2734077,higher,predicted,0.2734077,0.7892075
zhao-vaccine-a2dcf44fa3d2f757,BigMHC,v1.0,immunogenicity,0.42155188,higher,predicted,0.42155188,0.52357113
zhao-vaccine-e65463d2a7a97dc5,BigMHC,v1.0,immunogenicity,0.8022743,higher,predicted,0.8022743,0.9573003
zhao-vaccine-4650c5767516b0b6,BigMHC,v1.0,immunogenicity,0.4343728,higher,predicted,0.4343728,0.74938565
zhao-vaccine-7df8b7a96621bbdb,BigMHC,v1.0,immunogenicity,0.6663923,higher,predicted,0.6663923,0.87385863
zhao-vaccine-8df2fe8b5fcd796a,BigMHC,v1.0,immunogenicity,0.43982294,higher,predicted,0.43982294,0.08022274
zhao-vaccine-2b2980afd052a1b5,BigMHC,v1.0,immunogenicity,0.035194647,higher,predicted,0.035194647,0.83499
zhao-vaccine-a45b6e7fa969b248,BigMHC,v1.0,immunogenicity,0.3087595,higher,predicted,0.3087595,0.0363655
zhao-vaccine-e327e6b3bfed204f,BigMHC,v1.0,immunogenicity,0.275115,higher,predicted,0.275115,0.47572568
zhao-vaccine-5128432b204cfd4e,BigMHC,v1.0,immunogenicity,0.07200974,higher,predicted,0.07200974,0.11743226
zhao-vaccine-d7dd66fd394437a0,BigMHC,v1.0,immunogenicity,0.05506197,higher,predicted,0.05506197,0.02407803
zhao-vaccine-44fd213985f71f6c,BigMHC,v1.0,immunogenicity,0.09452908,higher,predicted,0.09452908,0.74911755
zhao-vaccine-499666ed8d657795,BigMHC,v1.0,immunogenicity,0.13747886,higher,predicted,0.13747886,0.014612702
zhao-vaccine-9d9ba5caea4fd60c,BigMHC,v1.0,immunogenicity,0.06528082,higher,predicted,0.06528082,0.75332224
zhao-vaccine-896f258e6a8bc219,BigMHC,v1.0,immunogenicity,0.0027625808,higher,predicted,0.0027625808,0.00014044809
zhao-vaccine-bce5ab8297ffee2e,BigMHC,v1.0,immunogenicity,0.0027458824,higher,predicted,0.0027458824,0.0011646234
zhao-vaccine-28f2b4b018fc889c,BigMHC,v1.0,immunogenicity,0.060094398,higher,predicted,0.060094398,0.5466545
zhao-vaccine-0d435af2cc1c0837,BigMHC,v1.0,immunogenicity,0.014055363,higher,predicted,0.014055363,0.06910215
zhao-vaccine-23b2964a86bec6f7,BigMHC,v1.0,immunogenicity,0.40774843,higher,predicted,0.40774843,0.09799123
zhao-vaccine-60060e39e49769a1,BigMHC,v1.0,immunogenicity,0.74147826,higher,predicted,0.74147826,0.85515517
zhao-vaccine-0d8578a424909227,BigMHC,v1.0,immunogenicity,0.22340862,higher,predicted,0.22340862,0.51479113
zhao-vaccine-94b3e3445fb06039,BigMHC,v1.0,immunogenicity,0.37692383,higher,predicted,0.37692383,0.13704121
zhao-vaccine-4c18b6ddad0a8dbf,BigMHC,v1.0,immunogenicity,0.35420707,higher,predicted,0.35420707,0.6148047
zhao-vaccine-c6a100959123a7ed,BigMHC,v1.0,immunogenicity,0.57589024,higher,predicted,0.57589024,0.7321679
zhao-vaccine-618b58eaa5cd53b8,BigMHC,v1.0,immunogenicity,0.23762262,higher,predicted,0.23762262,0.21398988
zhao-vaccine-3e5db6fc81d2d533,BigMHC,v1.0,immunogenicity,0.29622597,higher,predicted,0.29622597,0.15480532
zhao-vaccine-fd51fc61ca07288d,BigMHC,v1.0,immunogenicity,0.055942956,higher,predicted,0.055942956,0.024780098
zhao-vaccine-bf5a71d5d2b227d9,BigMHC,v1.0,immunogenicity,0.20962022,higher,predicted,0.20962022,0.23542391
zhao-vaccine-0f240ad0137eb3f3,BigMHC,v1.0,immunogenicity,0.00048810922,higher,predicted,0.00048810922,0.0018576412
zhao-vaccine-cfe3664f792212d3,BigMHC,v1.0,immunogenicity,0.013779165,higher,predicted,0.013779165,0.11014024
zhao-vaccine-16db6e7f6bbac813,BigMHC,v1.0,immunogenicity,0.00045339568,higher,predicted,0.00045339568,0.0005486366
zhao-vaccine-e20d6e4e58b77110,BigMHC,v1.0,immunogenicity,0.27251095,higher,predicted,0.27251095,0.13890408
zhao-vaccine-def347ffae70b03d,BigMHC,v1.0,immunogenicity,0.066581964,higher,predicted,0.066581964,0.17146315
zhao-vaccine-8b658589a82e87b0,BigMHC,v1.0,immunogenicity,0.059238534,higher,predicted,0.059238534,0.6500708
zhao-vaccine-e2fb505f56286e67,BigMHC,v1.0,immunogenicity,0.051020406,higher,predicted,0.051020406,0.0036448292
zhao-vaccine-9118c66e983589f8,BigMHC,v1.0,immunogenicity,0.022171726,higher,predicted,0.022171726,0.0044482048
zhao-vaccine-1d02e09803958091,BigMHC,v1.0,immunogenicity,0.14006478,higher,predicted,0.14006478,0.9456959
zhao-vaccine-510b74e07ea8db2b,BigMHC,v1.0,immunogenicity,0.12685694,higher,predicted,0.12685694,0.8235445
zhao-vaccine-c8346c8646d4e728,BigMHC,v1.0,immunogenicity,0.17001915,higher,predicted,0.17001915,0.78005564
zhao-vaccine-0c2cf1608b20c5a4,BigMHC,v1.0,immunogenicity,0.15015575,higher,predicted,0.15015575,0.5855015
zhao-vaccine-8626e24ab1d31ea8,BigMHC,v1.0,immunogenicity,0.10532769,higher,predicted,0.10532769,0.7605385
zhao-vaccine-a28616596073e629,BigMHC,v1.0,immunogenicity,0.022717182,higher,predicted,0.022717182,0.8412307
zhao-vaccine-7257286bd367c408,BigMHC,v1.0,immunogenicity,0.21604349,higher,predicted,0.21604349,0.51298064
zhao-vaccine-c5b77a6ed25596e0,BigMHC,v1.0,immunogenicity,0.017056663,higher,predicted,0.017056663,0.0033738916
zhao-vaccine-18a4c5aa2273d155,BigMHC,v1.0,immunogenicity,0.007377246,higher,predicted,0.007377246,0.076277815
zhao-vaccine-ef8468c36f804179,BigMHC,v1.0,immunogenicity,0.14739232,higher,predicted,0.14739232,0.005580112
zhao-vaccine-92b7acc5c70af21c,BigMHC,v1.0,immunogenicity,0.048502438,higher,predicted,0.048502438,0.503929
zhao-vaccine-f4ce4ccfed2d2f41,BigMHC,v1.0,immunogenicity,0.26925537,higher,predicted,0.26925537,0.43861857
zhao-vaccine-349b472eb2f1778d,BigMHC,v1.0,immunogenicity,0.07004181,higher,predicted,0.07004181,0.038268328
zhao-vaccine-ffbbba5d0dfacd11,BigMHC,v1.0,immunogenicity,0.024262946,higher,predicted,0.024262946,0.0052843736
zhao-vaccine-3e4ca4df78b5be4d,BigMHC,v1.0,immunogenicity,0.1534712,higher,predicted,0.1534712,0.002415228
zhao-vaccine-547c0c584e98eca8,BigMHC,v1.0,immunogenicity,0.010316719,higher,predicted,0.010316719,0.06755792
zhao-vaccine-4f8b483a89e3a1fd,BigMHC,v1.0,immunogenicity,0.03882844,higher,predicted,0.03882844,0.0035932497
zhao-vaccine-8a3e73d8c82ac463,BigMHC,v1.0,immunogenicity,0.06753326,higher,predicted,0.06753326,0.10028498
zhao-vaccine-5fc34613283706ed,BigMHC,v1.0,immunogenicity,0.13801348,higher,predicted,0.13801348,0.44514352
zhao-vaccine-b2a13355f88ffd42,BigMHC,v1.0,immunogenicity,0.24588715,higher,predicted,0.24588715,0.40839648
zhao-vaccine-c5df1e0bc55ec669,BigMHC,v1.0,immunogenicity,0.34217057,higher,predicted,0.34217057,0.19484209
zhao-vaccine-70fbe6867e415f45,BigMHC,v1.0,immunogenicity,0.038776826,higher,predicted,0.038776826,0.008581137
zhao-vaccine-8b81bd6a089c6050,BigMHC,v1.0,immunogenicity,0.01717872,higher,predicted,0.01717872,0.036508184
zhao-vaccine-f8a5057eb6aa17bc,BigMHC,v1.0,immunogenicity,0.03548131,higher,predicted,0.03548131,0.023805734
zhao-vaccine-bd917fc342cc44fb,BigMHC,v1.0,immunogenicity,0.064313665,higher,predicted,0.064313665,0.009221467
zhao-vaccine-0a64926287f05fd8,BigMHC,v1.0,immunogenicity,0.08915627,higher,predicted,0.08915627,0.29431054
zhao-vaccine-e1f6ba4ad13e507c,BigMHC,v1.0,immunogenicity,0.013456643,higher,predicted,0.013456643,0.0008033129
zhao-vaccine-b88a77172820f677,BigMHC,v1.0,immunogenicity,0.03859986,higher,predicted,0.03859986,0.008551023
zhao-vaccine-e38b136ca466e13c,BigMHC,v1.0,immunogenicity,0.4268412,higher,predicted,0.4268412,0.118177
zhao-vaccine-c43663a252b8980b,BigMHC,v1.0,immunogenicity,0.22329423,higher,predicted,0.22329423,0.012614831
zhao-vaccine-111c67c6c484cfa3,BigMHC,v1.0,immunogenicity,0.028483452,higher,predicted,0.028483452,0.04875996
zhao-vaccine-b0a8f16b7f842d03,BigMHC,v1.0,immunogenicity,0.056865085,higher,predicted,0.056865085,0.06277048
zhao-vaccine-c5890df81b18720d,BigMHC,v1.0,immunogenicity,0.27149114,higher,predicted,0.27149114,0.97860235
zhao-vaccine-46872701a0a2a47a,BigMHC,v1.0,immunogenicity,0.13189133,higher,predicted,0.13189133,0.69512707
zhao-vaccine-583e12cb7d411808,BigMHC,v1.0,immunogenicity,0.41957203,higher,predicted,0.41957203,0.43906933
zhao-vaccine-d30e8c087eda6c20,BigMHC,v1.0,immunogenicity,0.011183254,higher,predicted,0.011183254,0.009420613
zhao-vaccine-3c85f3d9d4e93734,BigMHC,v1.0,immunogenicity,0.0703043,higher,predicted,0.0703043,0.73736155
zhao-vaccine-a57c584437f79f43,BigMHC,v1.0,immunogenicity,0.110877685,higher,predicted,0.110877685,0.09144171
zhao-vaccine-eddc36ad99328b45,BigMHC,v1.0,immunogenicity,0.0026317597,higher,predicted,0.0026317597,0.006863411
zhao-vaccine-631a83cd1ff9f6d5,BigMHC,v1.0,immunogenicity,0.28332636,higher,predicted,0.28332636,0.18508053
zhao-vaccine-c5a32306c9253edb,BigMHC,v1.0,immunogenicity,0.10440489,higher,predicted,0.10440489,0.0017509451
zhao-vaccine-77dec992827058b9,BigMHC,v1.0,immunogenicity,0.008989579,higher,predicted,0.008989579,0.00062164286
zhao-vaccine-2de8930c8b86e724,BigMHC,v1.0,immunogenicity,0.38395554,higher,predicted,0.38395554,0.10673388
zhao-vaccine-33f38bb85cbf6299,BigMHC,v1.0,immunogenicity,0.273081,higher,predicted,0.273081,0.50133646
zhao-vaccine-c19c9dc853050c21,BigMHC,v1.0,immunogenicity,0.34402254,higher,predicted,0.34402254,0.04281371
zhao-vaccine-b88998db5fd93482,BigMHC,v1.0,immunogenicity,0.43711567,higher,predicted,0.43711567,0.008426355
zhao-vaccine-13aa67078c319951,BigMHC,v1.0,immunogenicity,0.25442454,higher,predicted,0.25442454,0.060804907
zhao-vaccine-d90878efe5822086,BigMHC,v1.0,immunogenicity,0.20839988,higher,predicted,0.20839988,0.059584443
zhao-vaccine-06e9606c97b68cef,BigMHC,v1.0,immunogenicity,0.20521374,higher,predicted,0.20521374,0.1361383
zhao-vaccine-26bc11c522c8c8d0,BigMHC,v1.0,immunogenicity,0.033419754,higher,predicted,0.033419754,0.020511245
zhao-vaccine-86fefe15c0e2cfde,BigMHC,v1.0,immunogenicity,0.0005180667,higher,predicted,0.0005180667,0.00048793573
zhao-vaccine-a8b12c894c15cf31,BigMHC,v1.0,immunogenicity,0.8416695,higher,predicted,0.8416695,0.9689783
zhao-vaccine-2e21c6847cb378a3,BigMHC,v1.0,immunogenicity,0.068920195,higher,predicted,0.068920195,0.11145232
zhao-vaccine-e4c48b2c632925e2,BigMHC,v1.0,immunogenicity,0.75678724,higher,predicted,0.75678724,0.5795502
zhao-vaccine-009799247df05f44,BigMHC,v1.0,immunogenicity,0.83188313,higher,predicted,0.83188313,0.9916323
zhao-vaccine-63b0db62185f6407,BigMHC,v1.0,immunogenicity,0.8166806,higher,predicted,0.8166806,0.85500944
zhao-vaccine-5d0b2d2cf7d9ac10,BigMHC,v1.0,immunogenicity,0.28833824,higher,predicted,0.28833824,0.18777001
zhao-vaccine-32030c8bab304bee,BigMHC,v1.0,immunogenicity,0.009040299,higher,predicted,0.009040299,0.0022807706
zhao-vaccine-768f9aaae34ebf80,BigMHC,v1.0,immunogenicity,0.13642618,higher,predicted,0.13642618,0.03935703
zhao-vaccine-ae857bf742b38673,BigMHC,v1.0,immunogenicity,0.005736404,higher,predicted,0.005736404,0.009273777
zhao-vaccine-b199c65d7b41c4d7,BigMHC,v1.0,immunogenicity,0.2751915,higher,predicted,0.2751915,0.3420733
zhao-vaccine-c2b522ddd373a51f,BigMHC,v1.0,immunogenicity,0.52540344,higher,predicted,0.52540344,0.2665432
zhao-vaccine-6ce285bdd2bed768,BigMHC,v1.0,immunogenicity,0.18724634,higher,predicted,0.18724634,0.07808981
zhao-vaccine-2679a4950165023a,BigMHC,v1.0,immunogenicity,0.8098559,higher,predicted,0.8098559,0.3797297
zhao-vaccine-ae1e7c2da06f200b,BigMHC,v1.0,immunogenicity,0.045063626,higher,predicted,0.045063626,0.010150098
zhao-vaccine-359086787e9de044,BigMHC,v1.0,immunogenicity,0.84228814,higher,predicted,0.84228814,0.8384341
zhao-vaccine-460fc9afc8100272,BigMHC,v1.0,immunogenicity,0.31721425,higher,predicted,0.31721425,0.08469266
zhao-vaccine-80d78ec35a6f6fa2,BigMHC,v1.0,immunogenicity,0.46882042,higher,predicted,0.46882042,0.077735595
zhao-vaccine-3ab10b4aef3633f5,BigMHC,v1.0,immunogenicity,0.6042644,higher,predicted,0.6042644,0.90049964
zhao-vaccine-6c6d92733efd0218,BigMHC,v1.0,immunogenicity,0.12797478,higher,predicted,0.12797478,0.030017074
zhao-vaccine-b63797a2afa2195c,BigMHC,v1.0,immunogenicity,0.32498154,higher,predicted,0.32498154,0.016763376
zhao-vaccine-504a034d570b45b1,BigMHC,v1.0,immunogenicity,0.11573104,higher,predicted,0.11573104,0.00724975
zhao-vaccine-fd71c5862d712b79,BigMHC,v1.0,immunogenicity,0.35405186,higher,predicted,0.35405186,0.04560441
zhao-vaccine-fc61c288d6f86c66,BigMHC,v1.0,immunogenicity,0.52234334,higher,predicted,0.52234334,0.6497884
zhao-vaccine-295f0d9324f50020,BigMHC,v1.0,immunogenicity,0.22289725,higher,predicted,0.22289725,0.14518611
zhao-vaccine-686b28e817cecc11,BigMHC,v1.0,immunogenicity,0.34291023,higher,predicted,0.34291023,0.09478543
zhao-vaccine-b1df13609440b3d9,BigMHC,v1.0,immunogenicity,0.28340587,higher,predicted,0.28340587,0.06438168
zhao-vaccine-02506f33b4d01f46,BigMHC,v1.0,immunogenicity,0.36355552,higher,predicted,0.36355552,0.09977202
zhao-vaccine-b4f0e1014f65889d,BigMHC,v1.0,immunogenicity,0.19305854,higher,predicted,0.19305854,0.0023130495
zhao-vaccine-dfadd40888765663,BigMHC,v1.0,immunogenicity,0.3006497,higher,predicted,0.3006497,0.025117246
zhao-vaccine-9dea16bef4516084,BigMHC,v1.0,immunogenicity,0.2783999,higher,predicted,0.2783999,0.21311498
zhao-vaccine-22dbe62f90569d8f,BigMHC,v1.0,immunogenicity,0.0825423,higher,predicted,0.0825423,0.2587239
zhao-vaccine-eeb6181ce975a175,BigMHC,v1.0,immunogenicity,0.5271613,higher,predicted,0.5271613,0.6608437
zhao-vaccine-281f997ddf02cd3e,BigMHC,v1.0,immunogenicity,0.70599014,higher,predicted,0.70599014,0.19642174
zhao-vaccine-8376165a117d2e89,BigMHC,v1.0,immunogenicity,0.71504736,higher,predicted,0.71504736,0.118586026
zhao-vaccine-a2cc24f8f15d5c0e,BigMHC,v1.0,immunogenicity,0.023533886,higher,predicted,0.023533886,0.0001857778
zhao-vaccine-2e7a450e7bee9223,BigMHC,v1.0,immunogenicity,0.21260239,higher,predicted,0.21260239,0.33590063
zhao-vaccine-d74c0b8e3080c05b,BigMHC,v1.0,immunogenicity,0.00046110825,higher,predicted,0.00046110825,0.0005884144
zhao-vaccine-eb270bce78e71c74,BigMHC,v1.0,immunogenicity,0.12151812,higher,predicted,0.12151812,0.12985519
zhao-vaccine-225aa2d95d125a96,BigMHC,v1.0,immunogenicity,0.07399356,higher,predicted,0.07399356,0.01516709
zhao-vaccine-8baa0907a3a2f844,BigMHC,v1.0,immunogenicity,0.24853861,higher,predicted,0.24853861,0.5087283
zhao-vaccine-577133aec8888fe9,BigMHC,v1.0,immunogenicity,0.40958092,higher,predicted,0.40958092,0.9946875
zhao-vaccine-c6d3aaf3d53a483b,BigMHC,v1.0,immunogenicity,0.008951393,higher,predicted,0.008951393,0.0013826136
zhao-vaccine-b3af603d01f38c0f,BigMHC,v1.0,immunogenicity,0.008149366,higher,predicted,0.008149366,0.00052161346
zhao-vaccine-8dc781b40d72b54a,BigMHC,v1.0,immunogenicity,0.5670308,higher,predicted,0.5670308,0.8519711
zhao-vaccine-99e7adc837f46994,BigMHC,v1.0,immunogenicity,0.58808804,higher,predicted,0.58808804,0.5931715
zhao-vaccine-98ab333879313a70,BigMHC,v1.0,immunogenicity,0.6220799,higher,predicted,0.6220799,0.24209678
zhao-vaccine-5b288c299a93e20d,BigMHC,v1.0,immunogenicity,0.08749758,higher,predicted,0.08749758,0.12985009
zhao-vaccine-b8a96fa8b84c511e,BigMHC,v1.0,immunogenicity,0.07974809,higher,predicted,0.07974809,0.008647381
zhao-vaccine-33e21b6612697d4b,BigMHC,v1.0,immunogenicity,0.3836442,higher,predicted,0.3836442,0.06153844
zhao-vaccine-07cb9dad5d70b7c1,BigMHC,v1.0,immunogenicity,0.2358237,higher,predicted,0.2358237,0.16621426
zhao-vaccine-b9b3487643166b15,BigMHC,v1.0,immunogenicity,0.20091985,higher,predicted,0.20091985,0.2072364
zhao-vaccine-a33ff8b144afbab0,BigMHC,v1.0,immunogenicity,0.06772017,higher,predicted,0.06772017,0.031743113
zhao-vaccine-f07475c3a311b607,BigMHC,v1.0,immunogenicity,0.78663695,higher,predicted,0.78663695,0.76830053
zhao-vaccine-9ba1226317d01e09,BigMHC,v1.0,immunogenicity,0.6002979,higher,predicted,0.6002979,0.63750756
zhao-vaccine-16b9dd30277c58dc,BigMHC,v1.0,immunogenicity,0.4656504,higher,predicted,0.4656504,0.32938877
zhao-vaccine-906423e7a9f1ae78,BigMHC,v1.0,immunogenicity,0.10409189,higher,predicted,0.10409189,0.75976425
zhao-vaccine-78750f579ebfdcb6,BigMHC,v1.0,immunogenicity,0.018373787,higher,predicted,0.018373787,0.24638918
zhao-vaccine-5a21509d0043ae1a,BigMHC,v1.0,immunogenicity,0.029642168,higher,predicted,0.029642168,0.1673366
zhao-vaccine-dd14f496e3a86934,BigMHC,v1.0,immunogenicity,0.38853875,higher,predicted,0.38853875,0.6625833
zhao-vaccine-86b75250c03ea53b,BigMHC,v1.0,immunogenicity,0.29740003,higher,predicted,0.29740003,0.7778135
zhao-vaccine-31960489b4013665,BigMHC,v1.0,immunogenicity,0.00074250525,higher,predicted,0.00074250525,0.008903893
zhao-vaccine-5617a0e59f3d4078,BigMHC,v1.0,immunogenicity,0.024796117,higher,predicted,0.024796117,0.28906092
zhao-vaccine-9f593e06abbb0eea,BigMHC,v1.0,immunogenicity,0.008365971,higher,predicted,0.008365971,0.04038975
zhao-vaccine-ad6ce35b38ffd4d0,BigMHC,v1.0,immunogenicity,0.19537796,higher,predicted,0.19537796,0.027441239
zhao-vaccine-ac986c31390bf292,BigMHC,v1.0,immunogenicity,0.02420263,higher,predicted,0.02420263,0.13628386
zhao-vaccine-41630836cbcd5a59,BigMHC,v1.0,immunogenicity,0.064628765,higher,predicted,0.064628765,0.54621
zhao-vaccine-5ecbc5a9281e34ec,BigMHC,v1.0,immunogenicity,0.37579587,higher,predicted,0.37579587,0.52325445
zhao-vaccine-32f518f69932d13b,BigMHC,v1.0,immunogenicity,0.81040716,higher,predicted,0.81040716,0.9919079
zhao-vaccine-e19a796ace7fa068,BigMHC,v1.0,immunogenicity,0.05149434,higher,predicted,0.05149434,0.03949892
zhao-vaccine-ca3f0cd38f68c5b0,BigMHC,v1.0,immunogenicity,0.1549686,higher,predicted,0.1549686,0.8698101
zhao-vaccine-816928834ca6880b,BigMHC,v1.0,immunogenicity,0.10672263,higher,predicted,0.10672263,0.042994063
zhao-vaccine-e23a1689111af98c,BigMHC,v1.0,immunogenicity,0.026369754,higher,predicted,0.026369754,0.0013902683
zhao-vaccine-a10343782c35dec6,BigMHC,v1.0,immunogenicity,0.08292609,higher,predicted,0.08292609,0.03202149
zhao-vaccine-0f526c174cccf9f2,BigMHC,v1.0,immunogenicity,0.011703963,higher,predicted,0.011703963,0.01121422
zhao-vaccine-8529a0644b96257c,BigMHC,v1.0,immunogenicity,0.2340072,higher,predicted,0.2340072,0.9766407
zhao-vaccine-266b958b64b41efd,BigMHC,v1.0,immunogenicity,0.0060316836,higher,predicted,0.0060316836,0.0029923082
zhao-vaccine-80ceb6a6a1bb0a4d,BigMHC,v1.0,immunogenicity,0.11173101,higher,predicted,0.11173101,0.016313022
zhao-vaccine-0e97573007c0a37d,BigMHC,v1.0,immunogenicity,0.12627216,higher,predicted,0.12627216,0.099142216
zhao-vaccine-edacf82dc2fb757b,BigMHC,v1.0,immunogenicity,0.038104083,higher,predicted,0.038104083,0.25312462
zhao-vaccine-dc8af8563931870d,BigMHC,v1.0,immunogenicity,0.63799137,higher,predicted,0.63799137,0.9857092
zhao-vaccine-e6274305d4e8b4d7,BigMHC,v1.0,immunogenicity,0.046725634,higher,predicted,0.046725634,0.38528806
zhao-vaccine-673abe4fab2a3ecd,BigMHC,v1.0,immunogenicity,0.41784373,higher,predicted,0.41784373,0.8262331
zhao-vaccine-e015e8872e5b1927,BigMHC,v1.0,immunogenicity,0.26331463,higher,predicted,0.26331463,0.090630725
zhao-vaccine-bfd3875d2df7819d,BigMHC,v1.0,immunogenicity,0.1433104,higher,predicted,0.1433104,0.58888394
zhao-vaccine-80c11e1b76ad3aa2,BigMHC,v1.0,immunogenicity,0.29286507,higher,predicted,0.29286507,0.716853
zhao-vaccine-2695e0a739a0a4b5,BigMHC,v1.0,immunogenicity,0.0020910401,higher,predicted,0.0020910401,0.0016336915
zhao-vaccine-a24ecb95b1f37836,BigMHC,v1.0,immunogenicity,0.35976318,higher,predicted,0.35976318,0.7061564
zhao-vaccine-28ae2adfd5cd6feb,BigMHC,v1.0,immunogenicity,0.28053668,higher,predicted,0.28053668,0.045529243
zhao-vaccine-577097b0397b9b93,BigMHC,v1.0,immunogenicity,0.3055583,higher,predicted,0.3055583,0.065692104
zhao-vaccine-77de561d5e363f4b,BigMHC,v1.0,immunogenicity,0.37567368,higher,predicted,0.37567368,0.7844865
zhao-vaccine-16440a5ca88d493a,BigMHC,v1.0,immunogenicity,0.46971145,higher,predicted,0.46971145,0.40796593
zhao-vaccine-8d4f9610da079c3f,BigMHC,v1.0,immunogenicity,0.21930937,higher,predicted,0.21930937,0.0433833
zhao-vaccine-a9a2a35ffa140114,BigMHC,v1.0,immunogenicity,0.43266854,higher,predicted,0.43266854,0.3477027
zhao-vaccine-a9007f601e3b6877,BigMHC,v1.0,immunogenicity,0.04520137,higher,predicted,0.04520137,0.01373075
zhao-vaccine-afe51aa60867ba3e,BigMHC,v1.0,immunogenicity,0.41725048,higher,predicted,0.41725048,0.11529136
zhao-vaccine-1cb817ed61fe9c0b,BigMHC,v1.0,immunogenicity,0.60769755,higher,predicted,0.60769755,0.4115293
zhao-vaccine-cd3a8980b6b79aec,BigMHC,v1.0,immunogenicity,0.01820358,higher,predicted,0.01820358,0.0033130466
zhao-vaccine-1c9fc499f93446fe,BigMHC,v1.0,immunogenicity,0.12995125,higher,predicted,0.12995125,0.016399834
zhao-vaccine-a0413338ef5f7e2a,BigMHC,v1.0,immunogenicity,0.012549346,higher,predicted,0.012549346,0.28263465
zhao-vaccine-7c39c1d5aafa633b,BigMHC,v1.0,immunogenicity,0.15853214,higher,predicted,0.15853214,0.0936503
zhao-vaccine-fa563625966ac878,BigMHC,v1.0,immunogenicity,0.012657234,higher,predicted,0.012657234,0.0059106126
zhao-vaccine-84503a1a8d9f8586,BigMHC,v1.0,immunogenicity,0.0020815525,higher,predicted,0.0020815525,0.00035196758
zhao-vaccine-d9ba4c2ab9400cce,BigMHC,v1.0,immunogenicity,0.2574268,higher,predicted,0.2574268,0.03474397
zhao-vaccine-c4481ad855ed4643,BigMHC,v1.0,immunogenicity,0.021272285,higher,predicted,0.021272285,0.030922865
zhao-vaccine-660767dc26787cf8,BigMHC,v1.0,immunogenicity,0.11321137,higher,predicted,0.11321137,0.80871147
zhao-vaccine-cd23d6c8eb8a67c3,BigMHC,v1.0,immunogenicity,0.04251472,higher,predicted,0.04251472,0.23785138
zhao-vaccine-db3fd43faa1ccff4,BigMHC,v1.0,immunogenicity,0.009326553,higher,predicted,0.009326553,0.0004976919
zhao-vaccine-38f4469eb5d715ba,BigMHC,v1.0,immunogenicity,0.016334465,higher,predicted,0.016334465,0.0011553911
zhao-vaccine-5cb528e79fa2ecd1,BigMHC,v1.0,immunogenicity,0.5945374,higher,predicted,0.5945374,0.93736315
zhao-vaccine-b86637f59a5fa88b,BigMHC,v1.0,immunogenicity,0.37305334,higher,predicted,0.37305334,0.8507978
zhao-vaccine-02ce8dcf0587e6d1,BigMHC,v1.0,immunogenicity,0.2857568,higher,predicted,0.2857568,0.10318879
zhao-vaccine-47a27c89ab9210b9,BigMHC,v1.0,immunogenicity,0.093671784,higher,predicted,0.093671784,0.031833105
zhao-vaccine-7621b27ceafb9888,BigMHC,v1.0,immunogenicity,0.23126271,higher,predicted,0.23126271,0.1813397
zhao-vaccine-418e9702537709ff,BigMHC,v1.0,immunogenicity,0.17981552,higher,predicted,0.17981552,0.0986187
zhao-vaccine-60406f0a7c5d89a8,BigMHC,v1.0,immunogenicity,0.24168514,higher,predicted,0.24168514,0.011087232
zhao-vaccine-88a20a1633b4ef83,BigMHC,v1.0,immunogenicity,0.15880023,higher,predicted,0.15880023,0.07128549
zhao-vaccine-0e95844072a41d4c,BigMHC,v1.0,immunogenicity,0.033766944,higher,predicted,0.033766944,0.0032702025
zhao-vaccine-a0aeea5eec1aa085,BigMHC,v1.0,immunogenicity,0.36200666,higher,predicted,0.36200666,0.5705952
zhao-vaccine-116741093975ed18,BigMHC,v1.0,immunogenicity,0.27530083,higher,predicted,0.27530083,0.18724874
zhao-vaccine-7bbeead0b1a4ff1f,BigMHC,v1.0,immunogenicity,0.38743177,higher,predicted,0.38743177,0.07709316
zhao-vaccine-e28c03ef65e466e9,BigMHC,v1.0,immunogenicity,0.6992174,higher,predicted,0.6992174,0.3577486
zhao-vaccine-435b60d1c4cb8866,BigMHC,v1.0,immunogenicity,0.127048,higher,predicted,0.127048,0.27060032
zhao-vaccine-6c3b5d7bc0188a24,BigMHC,v1.0,immunogenicity,0.06470515,higher,predicted,0.06470515,0.047573995
zhao-vaccine-7d54947d7e8af18f,BigMHC,v1.0,immunogenicity,0.18243954,higher,predicted,0.18243954,0.16559242
zhao-vaccine-f42717a6ac30ffd0,BigMHC,v1.0,immunogenicity,0.04923886,higher,predicted,0.04923886,0.0016525087
zhao-vaccine-e554a5dcb4e74ab3,BigMHC,v1.0,immunogenicity,0.028969245,higher,predicted,0.028969245,0.00085826375
zhao-vaccine-4d3d8fd29860b025,BigMHC,v1.0,immunogenicity,0.12779786,higher,predicted,0.12779786,0.67528266
zhao-vaccine-36996b8e0417e284,BigMHC,v1.0,immunogenicity,0.42246088,higher,predicted,0.42246088,0.17841999
zhao-vaccine-c0226371c3867d6f,BigMHC,v1.0,immunogenicity,0.25873992,higher,predicted,0.25873992,0.8967422
zhao-vaccine-f041200535f682bf,BigMHC,v1.0,immunogenicity,0.06066362,higher,predicted,0.06066362,0.19204147
zhao-vaccine-0ab166c4e29cdecc,BigMHC,v1.0,immunogenicity,0.1105184,higher,predicted,0.1105184,0.42993364
zhao-vaccine-f677e1a10a0595d8,BigMHC,v1.0,immunogenicity,0.03680262,higher,predicted,0.03680262,0.0023800537
zhao-vaccine-3f4a765dece741e6,BigMHC,v1.0,immunogenicity,0.025616255,higher,predicted,0.025616255,0.19622673
zhao-vaccine-6868b9864460da9e,BigMHC,v1.0,immunogenicity,0.6860439,higher,predicted,0.6860439,0.9881234
zhao-vaccine-5dd36f5ee55e8883,BigMHC,v1.0,immunogenicity,0.03636324,higher,predicted,0.03636324,0.11267438
zhao-vaccine-20f4081fe59847fc,BigMHC,v1.0,immunogenicity,0.041278873,higher,predicted,0.041278873,0.0035891333
zhao-vaccine-088457b3cc574222,BigMHC,v1.0,immunogenicity,0.009472213,higher,predicted,0.009472213,0.0030715081
zhao-vaccine-14bbceb36aa6c0da,BigMHC,v1.0,immunogenicity,0.015350004,higher,predicted,0.015350004,0.012669517
zhao-vaccine-ce1246e2931151a3,BigMHC,v1.0,immunogenicity,0.064004205,higher,predicted,0.064004205,0.19694643
zhao-vaccine-45d7a6ceaa64879e,BigMHC,v1.0,immunogenicity,0.21874972,higher,predicted,0.21874972,0.88259554
zhao-vaccine-448f0ce01bcf5e67,BigMHC,v1.0,immunogenicity,0.10495704,higher,predicted,0.10495704,0.014682931
zhao-vaccine-5acc772f0c218538,BigMHC,v1.0,immunogenicity,0.1821287,higher,predicted,0.1821287,0.20482102
zhao-vaccine-8f6368c4e6f355e2,BigMHC,v1.0,immunogenicity,0.011137135,higher,predicted,0.011137135,0.029916344
zhao-vaccine-abb34459ed500446,BigMHC,v1.0,immunogenicity,0.014976384,higher,predicted,0.014976384,0.0041541522
zhao-vaccine-c19f43c028dd06ae,BigMHC,v1.0,immunogenicity,0.03914076,higher,predicted,0.03914076,0.24535812
zhao-vaccine-6ee3262e65533d4a,BigMHC,v1.0,immunogenicity,0.021998424,higher,predicted,0.021998424,0.09688834
zhao-vaccine-2d202b0a52a43a2e,BigMHC,v1.0,immunogenicity,0.054234456,higher,predicted,0.054234456,0.24828546
zhao-vaccine-a5d880e21f044781,BigMHC,v1.0,immunogenicity,0.13079616,higher,predicted,0.13079616,0.7641706
zhao-vaccine-73659d102e59d85b,BigMHC,v1.0,immunogenicity,0.13384709,higher,predicted,0.13384709,0.09959024
zhao-vaccine-0334a8ae14faaa2d,BigMHC,v1.0,immunogenicity,0.84680885,higher,predicted,0.84680885,0.95218366
zhao-vaccine-3eb94e1e08b00c01,BigMHC,v1.0,immunogenicity,0.8396692,higher,predicted,0.8396692,0.83681595
zhao-vaccine-e02fcb6eef821af5,BigMHC,v1.0,immunogenicity,0.05253827,higher,predicted,0.05253827,0.01647133
zhao-vaccine-aebfeda419195cb0,BigMHC,v1.0,immunogenicity,0.024416814,higher,predicted,0.024416814,0.0029306656
zhao-vaccine-f145b9ffc8a1f59c,BigMHC,v1.0,immunogenicity,0.27499804,higher,predicted,0.27499804,0.039027993
zhao-vaccine-97cf03fe0349d513,BigMHC,v1.0,immunogenicity,0.041034613,higher,predicted,0.041034613,0.084204935
zhao-vaccine-6f73d07aa4c67a19,BigMHC,v1.0,immunogenicity,0.0040258868,higher,predicted,0.0040258868,9.563618e-05
zhao-vaccine-04a9b502010fdbe3,BigMHC,v1.0,immunogenicity,0.20143215,higher,predicted,0.20143215,0.03318185
zhao-vaccine-6536a7f840c24ccb,BigMHC,v1.0,immunogenicity,0.2082258,higher,predicted,0.2082258,0.07438666
zhao-vaccine-d83b42c7657e0820,BigMHC,v1.0,immunogenicity,0.13574316,higher,predicted,0.13574316,0.019213948
zhao-vaccine-012a547be5fb8dbd,BigMHC,v1.0,immunogenicity,0.134881,higher,predicted,0.134881,0.008777983
zhao-vaccine-6cc08ec7d6bde57a,BigMHC,v1.0,immunogenicity,0.23588754,higher,predicted,0.23588754,0.631524
zhao-vaccine-e16f51b54e3bfb1c,BigMHC,v1.0,immunogenicity,0.20409097,higher,predicted,0.20409097,0.012740434
zhao-vaccine-55545bc00f110e01,BigMHC,v1.0,immunogenicity,0.3856813,higher,predicted,0.3856813,0.64061844
zhao-vaccine-efece602cd2b93f3,BigMHC,v1.0,immunogenicity,0.17460227,higher,predicted,0.17460227,5.624164e-05
zhao-vaccine-594a0daa800552b6,BigMHC,v1.0,immunogenicity,0.4049571,higher,predicted,0.4049571,7.590817e-05
zhao-vaccine-bae201e4ced1f34b,BigMHC,v1.0,immunogenicity,0.1242693,higher,predicted,0.1242693,0.05767724
zhao-vaccine-2ef0909a4500d016,BigMHC,v1.0,immunogenicity,0.2596073,higher,predicted,0.2596073,0.25769347
zhao-vaccine-15cbf14c5545cc93,BigMHC,v1.0,immunogenicity,0.40120476,higher,predicted,0.40120476,0.36202225
zhao-vaccine-5b773f4e7f9ade0f,BigMHC,v1.0,immunogenicity,0.28739023,higher,predicted,0.28739023,0.43642527
zhao-vaccine-42ab827593cacaf0,BigMHC,v1.0,immunogenicity,0.014496296,higher,predicted,0.014496296,0.031594053
zhao-vaccine-52ae3f2c28117bac,BigMHC,v1.0,immunogenicity,0.24350429,higher,predicted,0.24350429,0.011457083
zhao-vaccine-517cba3caff78694,BigMHC,v1.0,immunogenicity,0.03804813,higher,predicted,0.03804813,0.008386312
zhao-vaccine-4c51fc68e2191e97,BigMHC,v1.0,immunogenicity,0.0049730903,higher,predicted,0.0049730903,0.0028575542
zhao-vaccine-14056954cee090d8,BigMHC,v1.0,immunogenicity,0.53588283,higher,predicted,0.53588283,0.14982097
zhao-vaccine-22b7c72cda5f4f92,BigMHC,v1.0,immunogenicity,0.36374393,higher,predicted,0.36374393,0.046932794
zhao-vaccine-2c80beabad2f409a,BigMHC,v1.0,immunogenicity,0.4290221,higher,predicted,0.4290221,0.67611235
zhao-vaccine-797aadb964204ef5,BigMHC,v1.0,immunogenicity,0.033534206,higher,predicted,0.033534206,0.6899747
zhao-vaccine-b05e679605d00fa0,BigMHC,v1.0,immunogenicity,0.004035445,higher,predicted,0.004035445,0.074115805
zhao-vaccine-281ff6eb4951893c,BigMHC,v1.0,immunogenicity,0.45552096,higher,predicted,0.45552096,0.86820734
zhao-vaccine-641eeb38a4276a28,BigMHC,v1.0,immunogenicity,0.43756118,higher,predicted,0.43756118,0.7392081
zhao-vaccine-51e0501ebb728dd2,BigMHC,v1.0,immunogenicity,0.14378855,higher,predicted,0.14378855,0.008192985
zhao-vaccine-3b787be7b79029f5,BigMHC,v1.0,immunogenicity,0.05863266,higher,predicted,0.05863266,0.0067302203
zhao-vaccine-0fbc219a71b459d7,BigMHC,v1.0,immunogenicity,0.07090313,higher,predicted,0.07090313,0.047642004
zhao-vaccine-819717c4a7657372,BigMHC,v1.0,immunogenicity,0.11970284,higher,predicted,0.11970284,0.39026982
zhao-vaccine-8479b9a0390ae4db,BigMHC,v1.0,immunogenicity,0.889631,higher,predicted,0.889631,0.99802166
zhao-vaccine-e7fe3251a7a672d6,BigMHC,v1.0,immunogenicity,0.05931231,higher,predicted,0.05931231,0.0034599297
zhao-vaccine-2639280ce061272b,BigMHC,v1.0,immunogenicity,0.75758266,higher,predicted,0.75758266,0.9620678
zhao-vaccine-fa3761c9e3dfbaf8,BigMHC,v1.0,immunogenicity,0.0056935907,higher,predicted,0.0056935907,0.00051300135
zhao-vaccine-5c309b0ee9644e7f,BigMHC,v1.0,immunogenicity,0.0027118572,higher,predicted,0.0027118572,0.009703213
zhao-vaccine-524c708d6b0a6d49,BigMHC,v1.0,immunogenicity,0.0026560633,higher,predicted,0.0026560633,0.00035690278
zhao-vaccine-3d88f66111beb214,BigMHC,v1.0,immunogenicity,0.026599903,higher,predicted,0.026599903,0.011464791
zhao-vaccine-8907cd4e05dd0f92,BigMHC,v1.0,immunogenicity,0.032703154,higher,predicted,0.032703154,0.3304983
zhao-vaccine-f23c0f7c70eff213,BigMHC,v1.0,immunogenicity,0.695864,higher,predicted,0.695864,0.87047565
zhao-vaccine-7fd9c28c1ab8d41f,BigMHC,v1.0,immunogenicity,0.46000418,higher,predicted,0.46000418,0.99769646
zhao-vaccine-4890fc8fedc99646,BigMHC,v1.0,immunogenicity,0.18320079,higher,predicted,0.18320079,0.35357508
zhao-vaccine-6f5461a6e864b728,BigMHC,v1.0,immunogenicity,0.00015417532,higher,predicted,0.00015417532,6.119184e-05
zhao-vaccine-68eb9f2926cc4388,BigMHC,v1.0,immunogenicity,0.012324263,higher,predicted,0.012324263,0.0038164707
zhao-vaccine-5f8390cd580cd614,BigMHC,v1.0,immunogenicity,0.009953494,higher,predicted,0.009953494,0.21670237
zhao-vaccine-a1eb666216cae9fe,BigMHC,v1.0,immunogenicity,0.30988708,higher,predicted,0.30988708,0.03104589
zhao-vaccine-b9e08f235d024ff3,BigMHC,v1.0,immunogenicity,0.027323334,higher,predicted,0.027323334,0.0010584819
zhao-vaccine-5267d3482db35612,BigMHC,v1.0,immunogenicity,0.1397028,higher,predicted,0.1397028,0.03279465
zhao-vaccine-b4b4aeec5f1810de,BigMHC,v1.0,immunogenicity,0.15548842,higher,predicted,0.15548842,0.0009737352
zhao-vaccine-604f17ed6a74d0b8,BigMHC,v1.0,immunogenicity,0.36800542,higher,predicted,0.36800542,0.0016065015
zhao-vaccine-b4cb37bc42987742,BigMHC,v1.0,immunogenicity,0.176788,higher,predicted,0.176788,0.0045016236
zhao-vaccine-0f8514bb254721a2,BigMHC,v1.0,immunogenicity,0.15869106,higher,predicted,0.15869106,0.00927729
zhao-vaccine-d510c0fe27e8e6ae,BigMHC,v1.0,immunogenicity,0.05355054,higher,predicted,0.05355054,0.1384257
zhao-vaccine-c52900c3c3a75519,BigMHC,v1.0,immunogenicity,0.05259911,higher,predicted,0.05259911,0.00022598756
zhao-vaccine-b2eddeff20b2d70c,BigMHC,v1.0,immunogenicity,0.46700662,higher,predicted,0.46700662,0.27289096
zhao-vaccine-fba14c530156892d,BigMHC,v1.0,immunogenicity,0.4716033,higher,predicted,0.4716033,0.45904848
zhao-vaccine-737ad01679904f1b,BigMHC,v1.0,immunogenicity,0.43394443,higher,predicted,0.43394443,0.9272336
zhao-vaccine-988225c2c3d75486,BigMHC,v1.0,immunogenicity,0.23161367,higher,predicted,0.23161367,0.21377364
zhao-vaccine-43f78a8a89388e4b,BigMHC,v1.0,immunogenicity,0.20607077,higher,predicted,0.20607077,0.20448281
zhao-vaccine-5b4e0532c530f9f4,BigMHC,v1.0,immunogenicity,0.052069545,higher,predicted,0.052069545,0.014048032
zhao-vaccine-936f0aa9388d6bb3,BigMHC,v1.0,immunogenicity,0.34005022,higher,predicted,0.34005022,0.22006266
zhao-vaccine-e7da5386683a898e,BigMHC,v1.0,immunogenicity,0.21279466,higher,predicted,0.21279466,0.41776156
zhao-vaccine-4f9555ca9e78447d,BigMHC,v1.0,immunogenicity,0.0864725,higher,predicted,0.0864725,0.49123842
zhao-vaccine-e9b99729a2052602,BigMHC,v1.0,immunogenicity,0.029141461,higher,predicted,0.029141461,0.290027
zhao-vaccine-2ba4241ff4084969,BigMHC,v1.0,immunogenicity,0.68238556,higher,predicted,0.68238556,0.78477085
zhao-vaccine-90c2b36bc40b8d53,BigMHC,v1.0,immunogenicity,0.0059014484,higher,predicted,0.0059014484,0.012589236
zhao-vaccine-4a9b1ac687685d32,BigMHC,v1.0,immunogenicity,0.35584992,higher,predicted,0.35584992,0.33420372
zhao-vaccine-35798390cdc3448b,BigMHC,v1.0,immunogenicity,0.17536463,higher,predicted,0.17536463,0.019528562
zhao-vaccine-8e9f7415eabd9d0a,BigMHC,v1.0,immunogenicity,0.10340333,higher,predicted,0.10340333,0.005751069
zhao-vaccine-269dcaac8c66cb04,BigMHC,v1.0,immunogenicity,0.15211158,higher,predicted,0.15211158,0.23588693
zhao-vaccine-0dd28b3c47484db1,BigMHC,v1.0,immunogenicity,0.028524205,higher,predicted,0.028524205,0.0008758687
zhao-vaccine-431e4f01dd7c96f4,BigMHC,v1.0,immunogenicity,0.6493844,higher,predicted,0.6493844,0.30160213
zhao-vaccine-e6c35c1196d80f36,BigMHC,v1.0,immunogenicity,0.01892355,higher,predicted,0.01892355,0.020365667
zhao-vaccine-870dcf0226a3eb24,BigMHC,v1.0,immunogenicity,0.1310451,higher,predicted,0.1310451,0.9304986
zhao-vaccine-1b673ac561af2fb5,BigMHC,v1.0,immunogenicity,0.14884053,higher,predicted,0.14884053,0.10587798
zhao-vaccine-6a07c6e959d2f535,BigMHC,v1.0,immunogenicity,0.15617244,higher,predicted,0.15617244,0.20581068
zhao-vaccine-1ba07f9e080374be,BigMHC,v1.0,immunogenicity,0.29256007,higher,predicted,0.29256007,0.2628194
zhao-vaccine-b9e00c9dbefadad5,BigMHC,v1.0,immunogenicity,0.044613272,higher,predicted,0.044613272,0.41986224
zhao-vaccine-f219a0d187201467,BigMHC,v1.0,immunogenicity,0.028710952,higher,predicted,0.028710952,0.30170983
zhao-vaccine-a7beb96254b63e25,BigMHC,v1.0,immunogenicity,0.006800844,higher,predicted,0.006800844,0.0032681725
zhao-vaccine-1cb9ac6233ddb252,BigMHC,v1.0,immunogenicity,0.008587176,higher,predicted,0.008587176,0.0050802217
zhao-vaccine-eb7703099d566609,BigMHC,v1.0,immunogenicity,0.033598904,higher,predicted,0.033598904,0.54099613
zhao-vaccine-3ed702e03bac3c15,BigMHC,v1.0,immunogenicity,0.0834739,higher,predicted,0.0834739,0.01345582
zhao-vaccine-15c987b0238bc1b4,BigMHC,v1.0,immunogenicity,0.39358145,higher,predicted,0.39358145,0.9974194
zhao-vaccine-09ac43660c1274b9,BigMHC,v1.0,immunogenicity,0.00041029564,higher,predicted,0.00041029564,0.00017170252
zhao-vaccine-c7114845a57964b2,BigMHC,v1.0,immunogenicity,0.21283272,higher,predicted,0.21283272,0.04863269
zhao-vaccine-51d1ebd1091ead4d,BigMHC,v1.0,immunogenicity,0.22942686,higher,predicted,0.22942686,0.26087403
zhao-vaccine-2f4d0a44cc42d77f,BigMHC,v1.0,immunogenicity,0.065869905,higher,predicted,0.065869905,0.006898385
zhao-vaccine-eb61572e9fbb2a60,BigMHC,v1.0,immunogenicity,0.021685814,higher,predicted,0.021685814,0.00086792966
zhao-vaccine-febcbcc27fb08659,BigMHC,v1.0,immunogenicity,0.049238417,higher,predicted,0.049238417,0.009208283
zhao-vaccine-b010f27f12c8c387,BigMHC,v1.0,immunogenicity,0.14018935,higher,predicted,0.14018935,0.51022637
zhao-vaccine-77c9354a57881cf6,BigMHC,v1.0,immunogenicity,0.06576525,higher,predicted,0.06576525,0.07168411
zhao-vaccine-7e05698aef8fa29d,BigMHC,v1.0,immunogenicity,0.52302855,higher,predicted,0.52302855,0.7350382
zhao-vaccine-2fd37e72f03a6047,BigMHC,v1.0,immunogenicity,0.6440096,higher,predicted,0.6440096,0.24286802
zhao-vaccine-2dd454ce2c01def5,BigMHC,v1.0,immunogenicity,0.18955664,higher,predicted,0.18955664,0.17201403
zhao-vaccine-999a8cf710284be9,BigMHC,v1.0,immunogenicity,0.0094987,higher,predicted,0.0094987,0.0013585438
zhao-vaccine-ff03078496576466,BigMHC,v1.0,immunogenicity,0.0005146557,higher,predicted,0.0005146557,0.00017582589
zhao-vaccine-31e70fd63ba96952,BigMHC,v1.0,immunogenicity,0.010578058,higher,predicted,0.010578058,0.04067673
zhao-vaccine-c304d48c557c7837,BigMHC,v1.0,immunogenicity,0.010437951,higher,predicted,0.010437951,0.010882838
zhao-vaccine-f4c3237149f49ebf,BigMHC,v1.0,immunogenicity,0.06281727,higher,predicted,0.06281727,0.012278823
zhao-vaccine-a140bd84f67a0c6f,BigMHC,v1.0,immunogenicity,0.023082318,higher,predicted,0.023082318,0.001325309
zhao-vaccine-20d6899ac9bb7275,BigMHC,v1.0,immunogenicity,0.08005751,higher,predicted,0.08005751,0.0029610407
zhao-vaccine-91328204c315fcc8,BigMHC,v1.0,immunogenicity,0.04166733,higher,predicted,0.04166733,0.013375239
zhao-vaccine-35b7ef036ad9d2bb,BigMHC,v1.0,immunogenicity,0.629375,higher,predicted,0.629375,0.7146454
zhao-vaccine-cecbcdd5db255dee,BigMHC,v1.0,immunogenicity,0.0726788,higher,predicted,0.0726788,0.29450902
zhao-vaccine-daed3fc8bf078fa2,BigMHC,v1.0,immunogenicity,0.11743744,higher,predicted,0.11743744,0.033016738
zhao-vaccine-998ed325d9a64141,BigMHC,v1.0,immunogenicity,0.21120217,higher,predicted,0.21120217,0.011874108
zhao-vaccine-6c7174c682a4fa1a,BigMHC,v1.0,immunogenicity,0.019280177,higher,predicted,0.019280177,0.00094208994
zhao-vaccine-f9db4d94966b045f,BigMHC,v1.0,immunogenicity,0.50461024,higher,predicted,0.50461024,0.15501496
zhao-vaccine-7899e271f24dbaaa,BigMHC,v1.0,immunogenicity,0.36926726,higher,predicted,0.36926726,0.25839373
zhao-vaccine-782ea6c26658340c,BigMHC,v1.0,immunogenicity,0.50165147,higher,predicted,0.50165147,0.0232141
zhao-vaccine-4fdaca389da0a357,BigMHC,v1.0,immunogenicity,0.35492674,higher,predicted,0.35492674,0.9518429
zhao-vaccine-f6c578840065b9ad,BigMHC,v1.0,immunogenicity,0.18806504,higher,predicted,0.18806504,0.054816715
zhao-vaccine-38a151781c112c83,BigMHC,v1.0,immunogenicity,0.008827662,higher,predicted,0.008827662,5.0113285e-05
zhao-vaccine-e3dbd23545dcf992,BigMHC,v1.0,immunogenicity,0.03029705,higher,predicted,0.03029705,0.0052308026
zhao-vaccine-4b7a5315ae885e02,BigMHC,v1.0,immunogenicity,0.34192333,higher,predicted,0.34192333,0.018334793
zhao-vaccine-b107a7c085e028fa,BigMHC,v1.0,immunogenicity,0.11068274,higher,predicted,0.11068274,0.034851026
zhao-vaccine-906d3f0af697c94f,BigMHC,v1.0,immunogenicity,0.22968952,higher,predicted,0.22968952,0.8072424
zhao-vaccine-40eee1f7b3b872bf,BigMHC,v1.0,immunogenicity,0.027678298,higher,predicted,0.027678298,0.002751386
zhao-vaccine-fbe97d4793ad925e,BigMHC,v1.0,immunogenicity,0.16835923,higher,predicted,0.16835923,0.0007074027
zhao-vaccine-99bf0685a25d9f4e,BigMHC,v1.0,immunogenicity,0.08536797,higher,predicted,0.08536797,0.22793643
zhao-vaccine-49c73a581f5af388,BigMHC,v1.0,immunogenicity,0.06954936,higher,predicted,0.06954936,0.10489292
zhao-vaccine-2c5226e372e7c6aa,BigMHC,v1.0,immunogenicity,0.7929289,higher,predicted,0.7929289,0.9782098
zhao-vaccine-5f372107c6cf3c03,BigMHC,v1.0,immunogenicity,0.6694961,higher,predicted,0.6694961,0.43205556
zhao-vaccine-61c20c5796f55f00,BigMHC,v1.0,immunogenicity,0.25466675,higher,predicted,0.25466675,0.2904403
zhao-vaccine-6c2ff6bbf2e25434,BigMHC,v1.0,immunogenicity,0.4634396,higher,predicted,0.4634396,0.79052526
zhao-vaccine-4e848c7999f82d03,BigMHC,v1.0,immunogenicity,0.10498418,higher,predicted,0.10498418,0.020996047
zhao-vaccine-2a76499d5769d1c7,BigMHC,v1.0,immunogenicity,0.19212665,higher,predicted,0.19212665,0.017426595
zhao-vaccine-3e32e82aa160cb78,BigMHC,v1.0,immunogenicity,0.21577011,higher,predicted,0.21577011,0.12526329
zhao-vaccine-b62a015c56847360,BigMHC,v1.0,immunogenicity,0.21829103,higher,predicted,0.21829103,0.018500999
zhao-vaccine-443278b0fe4f1a94,BigMHC,v1.0,immunogenicity,0.20710778,higher,predicted,0.20710778,0.053066194
zhao-vaccine-83c4b6833bc79d5a,BigMHC,v1.0,immunogenicity,0.24067824,higher,predicted,0.24067824,0.8234787
zhao-vaccine-41f8a4a277c3bf57,BigMHC,v1.0,immunogenicity,0.39722037,higher,predicted,0.39722037,0.63918024
zhao-vaccine-b5609f4b00b5ecbf,BigMHC,v1.0,immunogenicity,0.21546726,higher,predicted,0.21546726,0.4637836
zhao-vaccine-674f8dd0f2497205,BigMHC,v1.0,immunogenicity,0.2923067,higher,predicted,0.2923067,0.43399242
zhao-vaccine-6442e1e73e72e2b9,BigMHC,v1.0,immunogenicity,0.42531508,higher,predicted,0.42531508,0.9121953
zhao-vaccine-4fce6223728d6fe9,BigMHC,v1.0,immunogenicity,0.21026932,higher,predicted,0.21026932,0.002532622
zhao-vaccine-bc19aa25441d4845,BigMHC,v1.0,immunogenicity,0.39382914,higher,predicted,0.39382914,0.9859869
zhao-vaccine-8cc78eadeb184fd3,BigMHC,v1.0,immunogenicity,0.059118383,higher,predicted,0.059118383,0.00017535247
zhao-vaccine-3c807871ccdfaaa5,BigMHC,v1.0,immunogenicity,0.17041217,higher,predicted,0.17041217,0.01274234
zhao-vaccine-a506809dd22a0c23,BigMHC,v1.0,immunogenicity,0.15683608,higher,predicted,0.15683608,0.6287202
zhao-vaccine-c8af7f143c9713e7,BigMHC,v1.0,immunogenicity,0.06350027,higher,predicted,0.06350027,0.0008044603
zhao-vaccine-b98b49d9dc2ddbaa,BigMHC,v1.0,immunogenicity,0.09735403,higher,predicted,0.09735403,0.00047185092
zhao-vaccine-027d4038dc5b09ff,BigMHC,v1.0,immunogenicity,0.029653622,higher,predicted,0.029653622,0.6543118
zhao-vaccine-594361c936eecf3b,BigMHC,v1.0,immunogenicity,0.18982635,higher,predicted,0.18982635,0.08088517
zhao-vaccine-31e968234ae09e75,BigMHC,v1.0,immunogenicity,0.21882692,higher,predicted,0.21882692,0.50583786
zhao-vaccine-19f1cbd28ac92618,BigMHC,v1.0,immunogenicity,0.031183934,higher,predicted,0.031183934,0.23292218
zhao-vaccine-2c71ed8fab9b97e6,BigMHC,v1.0,immunogenicity,0.029779296,higher,predicted,0.029779296,0.21128882
zhao-vaccine-f4db7077efae5ef9,BigMHC,v1.0,immunogenicity,0.019702882,higher,predicted,0.019702882,0.0886703
zhao-vaccine-f3037d9d01c7f32a,BigMHC,v1.0,immunogenicity,0.029952172,higher,predicted,0.029952172,0.0037112818
zhao-vaccine-e77814e4dc74abe3,BigMHC,v1.0,immunogenicity,0.347575,higher,predicted,0.347575,0.0019256521
zhao-vaccine-16ef0fbf13441ca0,BigMHC,v1.0,immunogenicity,0.1380395,higher,predicted,0.1380395,0.072380595
zhao-vaccine-a75b0331c22d7ed7,BigMHC,v1.0,immunogenicity,0.045755513,higher,predicted,0.045755513,0.055629045
zhao-vaccine-c555803c2dad8235,BigMHC,v1.0,immunogenicity,0.02745896,higher,predicted,0.02745896,0.004934142
zhao-vaccine-53f9e7c4492b596e,BigMHC,v1.0,immunogenicity,0.05415837,higher,predicted,0.05415837,0.0018309824
zhao-vaccine-cedf6ad7f324daa7,BigMHC,v1.0,immunogenicity,0.032631584,higher,predicted,0.032631584,5.313005e-05
zhao-vaccine-42a8d192101bf2a7,BigMHC,v1.0,immunogenicity,0.17158668,higher,predicted,0.17158668,0.58711916
zhao-vaccine-2efff9f95c83b59e,BigMHC,v1.0,immunogenicity,0.017888559,higher,predicted,0.017888559,0.0009714607
zhao-vaccine-1b3fd906eff85f35,BigMHC,v1.0,immunogenicity,0.0011167958,higher,predicted,0.0011167958,0.0006763477
zhao-vaccine-ed04da0224f05378,BigMHC,v1.0,immunogenicity,0.32394457,higher,predicted,0.32394457,0.67820555
zhao-vaccine-c6e61155d8a27f75,BigMHC,v1.0,immunogenicity,0.096345484,higher,predicted,0.096345484,0.18737425
zhao-vaccine-23edf1fdf3ae1ce2,BigMHC,v1.0,immunogenicity,0.31151175,higher,predicted,0.31151175,0.74352735
zhao-vaccine-ffa85861f014f958,BigMHC,v1.0,immunogenicity,0.31064513,higher,predicted,0.31064513,0.38066408
zhao-vaccine-89eb018657dac248,BigMHC,v1.0,immunogenicity,0.0014971576,higher,predicted,0.0014971576,0.010095781
zhao-vaccine-dd6fcd2a9d2c2d22,BigMHC,v1.0,immunogenicity,0.24801672,higher,predicted,0.24801672,0.020270333
zhao-vaccine-33f9f2fdb380c481,BigMHC,v1.0,immunogenicity,0.18077262,higher,predicted,0.18077262,0.48512405
zhao-vaccine-00bbe998fe67645a,BigMHC,v1.0,immunogenicity,0.20805927,higher,predicted,0.20805927,0.002551409
zhao-vaccine-a279cd33662b7c39,BigMHC,v1.0,immunogenicity,0.18680553,higher,predicted,0.18680553,0.14450602
zhao-vaccine-ec1761a6f877a578,BigMHC,v1.0,immunogenicity,0.17008848,higher,predicted,0.17008848,0.3641613
zhao-vaccine-498121a87cf9006a,BigMHC,v1.0,immunogenicity,0.1723162,higher,predicted,0.1723162,0.0015086966
zhao-vaccine-505928c8dfd97252,BigMHC,v1.0,immunogenicity,0.30672243,higher,predicted,0.30672243,0.0012041035
zhao-vaccine-88d2cf97086ba2b1,BigMHC,v1.0,immunogenicity,0.09630471,higher,predicted,0.09630471,0.23179317
zhao-vaccine-8e31a740414c436d,BigMHC,v1.0,immunogenicity,0.103824064,higher,predicted,0.103824064,0.1580763
zhao-vaccine-67a7cb1a9cd5537a,BigMHC,v1.0,immunogenicity,0.04359864,higher,predicted,0.04359864,0.038345546
zhao-vaccine-ed105e94eb33c23f,BigMHC,v1.0,immunogenicity,0.10922861,higher,predicted,0.10922861,0.0082191285
zhao-vaccine-ca907375d90ffd56,BigMHC,v1.0,immunogenicity,0.02263507,higher,predicted,0.02263507,0.014204315
zhao-vaccine-af5421d3479e6ec6,BigMHC,v1.0,immunogenicity,0.028381323,higher,predicted,0.028381323,0.020878213
zhao-vaccine-cfb0d6a91bade6e3,BigMHC,v1.0,immunogenicity,0.145449,higher,predicted,0.145449,0.012591098
zhao-vaccine-c6bccb45706420d2,BigMHC,v1.0,immunogenicity,0.08505715,higher,predicted,0.08505715,0.00817571
zhao-vaccine-ed91fd9062182556,BigMHC,v1.0,immunogenicity,0.008237432,higher,predicted,0.008237432,0.0001721423
zhao-vaccine-a7881a1349c324b0,BigMHC,v1.0,immunogenicity,0.37857893,higher,predicted,0.37857893,0.4533759
zhao-vaccine-accfc28005a997a0,BigMHC,v1.0,immunogenicity,0.2027751,higher,predicted,0.2027751,0.4175854
zhao-vaccine-7ecc3afcfc479b22,BigMHC,v1.0,immunogenicity,0.07966809,higher,predicted,0.07966809,0.6497768
zhao-vaccine-987370e7342d1375,BigMHC,v1.0,immunogenicity,0.39281303,higher,predicted,0.39281303,0.09376973
zhao-vaccine-71fb48b138c68493,BigMHC,v1.0,immunogenicity,0.0075911605,higher,predicted,0.0075911605,0.0035294069
zhao-vaccine-fe504cb3a34de30b,BigMHC,v1.0,immunogenicity,0.05483935,higher,predicted,0.05483935,0.02232623
zhao-vaccine-8853121dd0c52702,BigMHC,v1.0,immunogenicity,0.05435861,higher,predicted,0.05435861,0.0012152245
zhao-vaccine-a09fbd4532049d91,BigMHC,v1.0,immunogenicity,0.005221613,higher,predicted,0.005221613,0.000394278
zhao-vaccine-187d77f183b34239,BigMHC,v1.0,immunogenicity,0.02864473,higher,predicted,0.02864473,0.11132842
zhao-vaccine-593425b8c0ccf8bf,BigMHC,v1.0,immunogenicity,0.14076492,higher,predicted,0.14076492,0.0356416
zhao-vaccine-21a52baf4580180e,BigMHC,v1.0,immunogenicity,0.063349746,higher,predicted,0.063349746,0.001954692
zhao-vaccine-0f5a57f6f7175fc0,BigMHC,v1.0,immunogenicity,0.34033173,higher,predicted,0.34033173,0.0063883276
zhao-vaccine-ec7dff67820e77d1,BigMHC,v1.0,immunogenicity,0.008025774,higher,predicted,0.008025774,0.023244053
zhao-vaccine-08887c0779567264,BigMHC,v1.0,immunogenicity,0.071767144,higher,predicted,0.071767144,0.69957745
zhao-vaccine-44e11c0e9ea75d63,BigMHC,v1.0,immunogenicity,0.22786584,higher,predicted,0.22786584,0.054293755
zhao-vaccine-4eff2f302bcaea44,BigMHC,v1.0,immunogenicity,0.28672343,higher,predicted,0.28672343,0.015526304
zhao-vaccine-4cb9d365261492ad,BigMHC,v1.0,immunogenicity,0.2615392,higher,predicted,0.2615392,0.3245984
zhao-vaccine-7c419d91c68603f4,BigMHC,v1.0,immunogenicity,0.1953352,higher,predicted,0.1953352,0.1693968
zhao-vaccine-870b2b766c30a36c,BigMHC,v1.0,immunogenicity,0.5144765,higher,predicted,0.5144765,0.88627106
zhao-vaccine-8bdb3677f1d98aff,BigMHC,v1.0,immunogenicity,0.5279619,higher,predicted,0.5279619,0.76990205
zhao-vaccine-c3b4945d0c5d5a65,BigMHC,v1.0,immunogenicity,0.0119774565,higher,predicted,0.0119774565,0.008134455
zhao-vaccine-840f21de3849ccc5,BigMHC,v1.0,immunogenicity,0.053756,higher,predicted,0.053756,0.39409068
zhao-vaccine-e5f3b76448b2e3ea,BigMHC,v1.0,immunogenicity,0.041137964,higher,predicted,0.041137964,0.0027065487
zhao-vaccine-6e15508381a3dd0b,BigMHC,v1.0,immunogenicity,0.06922289,higher,predicted,0.06922289,0.012148752
zhao-vaccine-09990d670d0f6f25,BigMHC,v1.0,immunogenicity,0.09593265,higher,predicted,0.09593265,0.018450528
zhao-vaccine-97c3b1accfcaaea2,BigMHC,v1.0,immunogenicity,0.60317284,higher,predicted,0.60317284,0.4564502
zhao-vaccine-0e62a9c6910a92b7,BigMHC,v1.0,immunogenicity,0.9363918,higher,predicted,0.9363918,0.87171656
zhao-vaccine-0eaa66ab2c642dc8,BigMHC,v1.0,immunogenicity,0.39876884,higher,predicted,0.39876884,0.40728202
zhao-vaccine-077ba4b974560005,BigMHC,v1.0,immunogenicity,0.08415844,higher,predicted,0.08415844,0.19342278
zhao-vaccine-94ededcc1d3dcd1a,BigMHC,v1.0,immunogenicity,0.017693933,higher,predicted,0.017693933,0.16641669
zhao-vaccine-1b8f8f27299b8c02,BigMHC,v1.0,immunogenicity,0.08648883,higher,predicted,0.08648883,0.004136197
zhao-vaccine-fdc7a53c57604dd2,BigMHC,v1.0,immunogenicity,0.32260162,higher,predicted,0.32260162,0.113400616
zhao-vaccine-d702c99028cd8b72,BigMHC,v1.0,immunogenicity,0.12641177,higher,predicted,0.12641177,0.027898544
zhao-vaccine-7cc532e2dc3aab79,BigMHC,v1.0,immunogenicity,0.14079463,higher,predicted,0.14079463,0.90524894
zhao-vaccine-2b0b1a9adb16d807,BigMHC,v1.0,immunogenicity,0.11494716,higher,predicted,0.11494716,0.28575104
zhao-vaccine-b2fa34c6b5886283,BigMHC,v1.0,immunogenicity,0.13399453,higher,predicted,0.13399453,0.002449649
zhao-vaccine-a1d67ef963399fc6,BigMHC,v1.0,immunogenicity,0.029743088,higher,predicted,0.029743088,0.0055038193
zhao-vaccine-60705d8cda191056,BigMHC,v1.0,immunogenicity,0.061693013,higher,predicted,0.061693013,0.0005391437
zhao-vaccine-6780d94636a0170d,BigMHC,v1.0,immunogenicity,0.2722469,higher,predicted,0.2722469,0.0055200234
zhao-vaccine-9d1b561dc3405f4d,BigMHC,v1.0,immunogenicity,0.036864765,higher,predicted,0.036864765,0.023036659
zhao-vaccine-7cbdf40ccbc28cfe,BigMHC,v1.0,immunogenicity,0.18116473,higher,predicted,0.18116473,0.01087234
zhao-vaccine-c8b652520bf83db2,BigMHC,v1.0,immunogenicity,0.8394275,higher,predicted,0.8394275,0.9793009
zhao-vaccine-6307a7641f804ad7,BigMHC,v1.0,immunogenicity,0.47042844,higher,predicted,0.47042844,0.6540217
zhao-vaccine-f27ca35b1558b455,BigMHC,v1.0,immunogenicity,0.07166242,higher,predicted,0.07166242,0.035468612
zhao-vaccine-76e5059cd3b3c3ad,BigMHC,v1.0,immunogenicity,0.3535811,higher,predicted,0.3535811,0.5765287
zhao-vaccine-1a5b99b311a83746,BigMHC,v1.0,immunogenicity,0.33369067,higher,predicted,0.33369067,0.3538162
zhao-vaccine-f7e2831b9ad53f98,BigMHC,v1.0,immunogenicity,0.09198304,higher,predicted,0.09198304,0.3793729
zhao-vaccine-d2daf8fb140cfed0,BigMHC,v1.0,immunogenicity,0.121021196,higher,predicted,0.121021196,0.020122724
zhao-vaccine-f6ddf367d3aa0944,BigMHC,v1.0,immunogenicity,0.0043730936,higher,predicted,0.0043730936,0.0059326077
zhao-vaccine-00908c84222df7b5,BigMHC,v1.0,immunogenicity,0.40740713,higher,predicted,0.40740713,0.19829357
zhao-vaccine-b442aa09c915e1b0,BigMHC,v1.0,immunogenicity,0.4672451,higher,predicted,0.4672451,0.9811389
zhao-vaccine-2a4efa7dc4e16be3,BigMHC,v1.0,immunogenicity,0.17149305,higher,predicted,0.17149305,0.21104184
zhao-vaccine-f844c7c3634362b8,BigMHC,v1.0,immunogenicity,0.0662441,higher,predicted,0.0662441,0.18171524
zhao-vaccine-a724b8334d910f2a,BigMHC,v1.0,immunogenicity,0.2203639,higher,predicted,0.2203639,0.58156365
zhao-vaccine-6f5a9d2a685e6156,BigMHC,v1.0,immunogenicity,0.0022638682,higher,predicted,0.0022638682,0.00011096059
zhao-vaccine-6799be403a5dbd26,BigMHC,v1.0,immunogenicity,0.24574648,higher,predicted,0.24574648,0.00033733653
zhao-vaccine-c802fa23167d5f2a,BigMHC,v1.0,immunogenicity,0.31227157,higher,predicted,0.31227157,0.59714174
zhao-vaccine-d860eddaa0290236,BigMHC,v1.0,immunogenicity,0.038577534,higher,predicted,0.038577534,0.16934165
zhao-vaccine-cbb789d156e2aba7,BigMHC,v1.0,immunogenicity,0.16361369,higher,predicted,0.16361369,0.030649753
zhao-vaccine-b770e8f9159c9169,BigMHC,v1.0,immunogenicity,0.1957351,higher,predicted,0.1957351,0.015596663
zhao-vaccine-173ce343846a1385,BigMHC,v1.0,immunogenicity,0.14898124,higher,predicted,0.14898124,0.9567372
zhao-vaccine-24a02762c3c11d45,BigMHC,v1.0,immunogenicity,0.21958058,higher,predicted,0.21958058,0.001957456
zhao-vaccine-b6974ef7d6e802a7,BigMHC,v1.0,immunogenicity,0.37026232,higher,predicted,0.37026232,0.80239546
zhao-vaccine-c05520f12a2c83f4,BigMHC,v1.0,immunogenicity,0.6277999,higher,predicted,0.6277999,0.5829145
zhao-vaccine-551d258967ca2f3c,BigMHC,v1.0,immunogenicity,0.4677482,higher,predicted,0.4677482,0.63521
zhao-vaccine-a6669be1d1983a32,BigMHC,v1.0,immunogenicity,0.21952447,higher,predicted,0.21952447,0.64556724
zhao-vaccine-ff446da963d36eef,BigMHC,v1.0,immunogenicity,0.10908133,higher,predicted,0.10908133,0.02309103
zhao-vaccine-6e8fa7e919c20256,BigMHC,v1.0,immunogenicity,0.32992667,higher,predicted,0.32992667,0.8358844
zhao-vaccine-961b997f7b26e7e6,BigMHC,v1.0,immunogenicity,0.008843538,higher,predicted,0.008843538,0.011032895
zhao-vaccine-9ff55164e617cab1,BigMHC,v1.0,immunogenicity,0.49105102,higher,predicted,0.49105102,0.9023296
zhao-vaccine-1a8a6c27562c8053,BigMHC,v1.0,immunogenicity,0.16074036,higher,predicted,0.16074036,0.016447911
zhao-vaccine-bf21c75ba65f9f20,BigMHC,v1.0,immunogenicity,0.15659402,higher,predicted,0.15659402,0.15432665
zhao-vaccine-e8e1055788c37784,BigMHC,v1.0,immunogenicity,0.068555064,higher,predicted,0.068555064,0.040618036
zhao-vaccine-249ec9d719d2e2b9,BigMHC,v1.0,immunogenicity,0.055382345,higher,predicted,0.055382345,0.17888783
zhao-vaccine-714dd3fd331ab889,BigMHC,v1.0,immunogenicity,0.024548808,higher,predicted,0.024548808,0.016207617
zhao-vaccine-1308adb57ad1d4a5,BigMHC,v1.0,immunogenicity,0.028655784,higher,predicted,0.028655784,0.37991968
zhao-vaccine-da4c729d49ea6247,BigMHC,v1.0,immunogenicity,0.25849533,higher,predicted,0.25849533,0.011216971
zhao-vaccine-3fd3e86583758e28,BigMHC,v1.0,immunogenicity,0.14060277,higher,predicted,0.14060277,0.018867139
zhao-vaccine-6f2582757604863f,BigMHC,v1.0,immunogenicity,0.037038382,higher,predicted,0.037038382,0.11210147
zhao-vaccine-57692480797c79b9,BigMHC,v1.0,immunogenicity,0.11122904,higher,predicted,0.11122904,0.10573763
zhao-vaccine-6bc3ae1ef23d0f04,BigMHC,v1.0,immunogenicity,0.023957267,higher,predicted,0.023957267,0.0037218295
zhao-vaccine-d759e0316788cd2b,BigMHC,v1.0,immunogenicity,0.011069367,higher,predicted,0.011069367,0.020149779
zhao-vaccine-9728ae87187a9e73,BigMHC,v1.0,immunogenicity,0.7918997,higher,predicted,0.7918997,0.9913053
zhao-vaccine-c4cca9f1763e34dd,BigMHC,v1.0,immunogenicity,0.03847788,higher,predicted,0.03847788,0.31225014
zhao-vaccine-3ced89732d0ad931,BigMHC,v1.0,immunogenicity,0.07727354,higher,predicted,0.07727354,0.5360192
zhao-vaccine-441d0364a06033cb,BigMHC,v1.0,immunogenicity,0.084045164,higher,predicted,0.084045164,0.14637503
zhao-vaccine-16c6c9d27fe832a4,BigMHC,v1.0,immunogenicity,0.008427085,higher,predicted,0.008427085,0.0016856013
zhao-vaccine-c7af78855e502553,BigMHC,v1.0,immunogenicity,0.0028432042,higher,predicted,0.0028432042,0.00032447558
zhao-vaccine-00de87cde7b07881,BigMHC,v1.0,immunogenicity,0.29167062,higher,predicted,0.29167062,0.12159963
zhao-vaccine-cb1097c8202abd0c,BigMHC,v1.0,immunogenicity,0.33976072,higher,predicted,0.33976072,0.0016105014
zhao-vaccine-6a9952f2ac9c73d8,BigMHC,v1.0,immunogenicity,0.27831692,higher,predicted,0.27831692,0.46946812
zhao-vaccine-f06b64d4bf97a124,BigMHC,v1.0,immunogenicity,0.18225265,higher,predicted,0.18225265,0.03185356
zhao-vaccine-f015f92eb8c65959,BigMHC,v1.0,immunogenicity,0.097572096,higher,predicted,0.097572096,0.00086313667
zhao-vaccine-f11917d7db4ada39,BigMHC,v1.0,immunogenicity,0.15137275,higher,predicted,0.15137275,0.49194023
zhao-vaccine-613756e440edc424,BigMHC,v1.0,immunogenicity,0.55609107,higher,predicted,0.55609107,0.1472498
zhao-vaccine-da5e353209a40617,BigMHC,v1.0,immunogenicity,0.023368549,higher,predicted,0.023368549,0.006536871
zhao-vaccine-c71558be4c0f1af9,BigMHC,v1.0,immunogenicity,0.045661602,higher,predicted,0.045661602,0.023580503
zhao-vaccine-fade937a83b19822,BigMHC,v1.0,immunogenicity,0.113266654,higher,predicted,0.113266654,0.516689
zhao-vaccine-db87e0dbaca0d72a,BigMHC,v1.0,immunogenicity,0.31025365,higher,predicted,0.31025365,0.09970478
zhao-vaccine-c9db65c1907c2f77,BigMHC,v1.0,immunogenicity,0.17372443,higher,predicted,0.17372443,0.21603976
zhao-vaccine-653ce61563cfa368,BigMHC,v1.0,immunogenicity,0.108315244,higher,predicted,0.108315244,0.23720384
zhao-vaccine-8c82294b8ef6ef37,BigMHC,v1.0,immunogenicity,0.01397688,higher,predicted,0.01397688,0.0038922045
zhao-vaccine-89b8be7d7def609d,BigMHC,v1.0,immunogenicity,0.04175603,higher,predicted,0.04175603,0.01144909
zhao-vaccine-d06b3454cfc7d74e,BigMHC,v1.0,immunogenicity,0.036881935,higher,predicted,0.036881935,0.006416681
zhao-vaccine-f617bbebb60664b7,BigMHC,v1.0,immunogenicity,0.22633922,higher,predicted,0.22633922,0.002931356
zhao-vaccine-3a526a6437849961,BigMHC,v1.0,immunogenicity,0.017961586,higher,predicted,0.017961586,0.0050219786
zhao-vaccine-b11e8dbcf5c8593f,BigMHC,v1.0,immunogenicity,0.13195834,higher,predicted,0.13195834,0.25179598
zhao-vaccine-47e5e89b76063222,BigMHC,v1.0,immunogenicity,0.0067574335,higher,predicted,0.0067574335,0.0012534969
zhao-vaccine-bb31a5226daef6cb,BigMHC,v1.0,immunogenicity,0.08625174,higher,predicted,0.08625174,0.0039593107
zhao-vaccine-ffbe2fce3b2bcb9b,BigMHC,v1.0,immunogenicity,0.003972004,higher,predicted,0.003972004,0.0005044194
zhao-vaccine-e07e0fa3e619dfb3,BigMHC,v1.0,immunogenicity,0.08180345,higher,predicted,0.08180345,0.049922626
zhao-vaccine-8ec26eb23f396652,BigMHC,v1.0,immunogenicity,0.027065506,higher,predicted,0.027065506,0.017432379
zhao-vaccine-4a579e89601e7a16,BigMHC,v1.0,immunogenicity,0.07355132,higher,predicted,0.07355132,0.016095195
zhao-vaccine-c1d91edb6f2ec47b,BigMHC,v1.0,immunogenicity,0.043226928,higher,predicted,0.043226928,0.23174632
zhao-vaccine-72726c139f67b795,BigMHC,v1.0,immunogenicity,0.13698006,higher,predicted,0.13698006,0.0035922427
zhao-vaccine-cca85c5f54c03406,BigMHC,v1.0,immunogenicity,0.034440435,higher,predicted,0.034440435,0.014324556
zhao-vaccine-0b159fd368dd378e,BigMHC,v1.0,immunogenicity,0.18241048,higher,predicted,0.18241048,0.010231922
zhao-vaccine-0d32134ee9a1c1e9,BigMHC,v1.0,immunogenicity,0.055540204,higher,predicted,0.055540204,0.0032239724
zhao-vaccine-d6ff8f98181fc5e2,BigMHC,v1.0,immunogenicity,0.21635292,higher,predicted,0.21635292,0.5709307
zhao-vaccine-cc92e6999b763405,BigMHC,v1.0,immunogenicity,0.2471457,higher,predicted,0.2471457,0.0065323156
zhao-vaccine-c184a6b978d8f6b9,BigMHC,v1.0,immunogenicity,0.06632457,higher,predicted,0.06632457,0.004149324
zhao-vaccine-d2e3d30a8e2ae2ef,BigMHC,v1.0,immunogenicity,0.31635642,higher,predicted,0.31635642,0.53625816
zhao-vaccine-3e39a16929680e56,BigMHC,v1.0,immunogenicity,0.31959087,higher,predicted,0.31959087,0.069154836
zhao-vaccine-99c9f8800047835e,BigMHC,v1.0,immunogenicity,0.15319963,higher,predicted,0.15319963,0.0010904407
zhao-vaccine-4f15ebf0cc570314,BigMHC,v1.0,immunogenicity,0.12652376,higher,predicted,0.12652376,0.0028556217
zhao-vaccine-8e9dff058c4dbaa7,BigMHC,v1.0,immunogenicity,0.15327764,higher,predicted,0.15327764,0.90581566
zhao-vaccine-6cb85a15b9145556,BigMHC,v1.0,immunogenicity,0.23567441,higher,predicted,0.23567441,0.71191293
zhao-vaccine-944c5ddaf90c82cc,BigMHC,v1.0,immunogenicity,0.016261902,higher,predicted,0.016261902,0.010385682
zhao-vaccine-9340e0b1f4dc7863,BigMHC,v1.0,immunogenicity,0.0018345661,higher,predicted,0.0018345661,0.00023639525
zhao-vaccine-c5bcc740de8ab116,BigMHC,v1.0,immunogenicity,0.021069389,higher,predicted,0.021069389,0.013998638
zhao-vaccine-d4b2ec84b19120e6,BigMHC,v1.0,immunogenicity,0.4268412,higher,predicted,0.4268412,0.118177
zhao-vaccine-fbe1c72a258123e4,BigMHC,v1.0,immunogenicity,0.40338463,higher,predicted,0.40338463,0.00198792
zhao-vaccine-5dd0d746e26b0604,BigMHC,v1.0,immunogenicity,0.005161531,higher,predicted,0.005161531,0.0002158927
zhao-vaccine-814632626ebe017e,BigMHC,v1.0,immunogenicity,0.06316352,higher,predicted,0.06316352,0.005487136
zhao-vaccine-0a1dbcd3feca07b8,BigMHC,v1.0,immunogenicity,0.066807285,higher,predicted,0.066807285,0.0867313
zhao-vaccine-8e8ef0aa252f8088,BigMHC,v1.0,immunogenicity,0.057809804,higher,predicted,0.057809804,0.061516583
zhao-vaccine-4e7da546c9997730,BigMHC,v1.0,immunogenicity,0.02041112,higher,predicted,0.02041112,0.002972595
zhao-vaccine-587ceac3b1a5e6c2,BigMHC,v1.0,immunogenicity,0.29943368,higher,predicted,0.29943368,0.7266264
zhao-vaccine-fb86bd9fe3f5507b,BigMHC,v1.0,immunogenicity,0.2838555,higher,predicted,0.2838555,0.0684633
zhao-vaccine-8fd9a4ebb7a5b5c0,BigMHC,v1.0,immunogenicity,0.3749233,higher,predicted,0.3749233,0.12110174
zhao-vaccine-b1694ee7a23598c2,BigMHC,v1.0,immunogenicity,0.24403767,higher,predicted,0.24403767,0.18287054
zhao-vaccine-5eb10cfe95b8bda7,BigMHC,v1.0,immunogenicity,0.27013272,higher,predicted,0.27013272,0.07377438
zhao-vaccine-2d8d532720213eac,BigMHC,v1.0,immunogenicity,0.15939774,higher,predicted,0.15939774,0.023211984
zhao-vaccine-748f6e43c22911b6,BigMHC,v1.0,immunogenicity,0.49888024,higher,predicted,0.49888024,0.077840045
zhao-vaccine-a101d49a478c72bd,BigMHC,v1.0,immunogenicity,0.29224008,higher,predicted,0.29224008,0.23438807
zhao-vaccine-a0edaa74581fa67c,BigMHC,v1.0,immunogenicity,0.105715945,higher,predicted,0.105715945,0.020311395
zhao-vaccine-e4858b6abb51f937,BigMHC,v1.0,immunogenicity,0.019525293,higher,predicted,0.019525293,0.009742303
zhao-vaccine-1af9b30e1a5e4022,BigMHC,v1.0,immunogenicity,0.16452126,higher,predicted,0.16452126,0.14997046
zhao-vaccine-f1a5af131974bd0b,BigMHC,v1.0,immunogenicity,0.07956576,higher,predicted,0.07956576,0.004293901
zhao-vaccine-0c19e14dba1e42b4,BigMHC,v1.0,immunogenicity,0.30065826,higher,predicted,0.30065826,0.41662833
zhao-vaccine-062e0a4b0e686c90,BigMHC,v1.0,immunogenicity,0.029560298,higher,predicted,0.029560298,0.0011313419
zhao-vaccine-476198a6046e6b3f,BigMHC,v1.0,immunogenicity,0.18873975,higher,predicted,0.18873975,0.58289
zhao-vaccine-08a566e6459e92e2,BigMHC,v1.0,immunogenicity,0.29160303,higher,predicted,0.29160303,0.7836484
zhao-vaccine-948f57640c27f6a4,BigMHC,v1.0,immunogenicity,0.035639234,higher,predicted,0.035639234,0.05552833
zhao-vaccine-92fa162c7917d129,BigMHC,v1.0,immunogenicity,0.19709328,higher,predicted,0.19709328,0.0039353254
zhao-vaccine-a24e8d0c596fcd11,BigMHC,v1.0,immunogenicity,0.20731698,higher,predicted,0.20731698,0.55043924
zhao-vaccine-ce24e3f91c9fcc89,BigMHC,v1.0,immunogenicity,0.07971766,higher,predicted,0.07971766,0.007844474
zhao-vaccine-aba6efbe2e8d61b9,BigMHC,v1.0,immunogenicity,0.03801047,higher,predicted,0.03801047,0.0018904308
zhao-vaccine-2e4420aa46f43efe,BigMHC,v1.0,immunogenicity,0.11523319,higher,predicted,0.11523319,0.04251225
zhao-vaccine-b1d75c3e5bc3145b,BigMHC,v1.0,immunogenicity,0.089887545,higher,predicted,0.089887545,0.023376433
zhao-vaccine-653abff2c7dbeb4e,BigMHC,v1.0,immunogenicity,0.3780551,higher,predicted,0.3780551,0.23101267
zhao-vaccine-8412f6129880042f,BigMHC,v1.0,immunogenicity,0.18961075,higher,predicted,0.18961075,0.024697196
zhao-vaccine-b9cb69f374205b32,BigMHC,v1.0,immunogenicity,0.20652929,higher,predicted,0.20652929,0.04012497
zhao-vaccine-1aa9762a4d76dda9,BigMHC,v1.0,immunogenicity,0.018820912,higher,predicted,0.018820912,0.00926897
zhao-vaccine-ed8321fccc8a12c1,BigMHC,v1.0,immunogenicity,0.0045263255,higher,predicted,0.0045263255,0.035456263
zhao-vaccine-f07f258117264300,BigMHC,v1.0,immunogenicity,0.0776091,higher,predicted,0.0776091,0.07050807
zhao-vaccine-fce720b3ba2ba141,BigMHC,v1.0,immunogenicity,0.16883099,higher,predicted,0.16883099,0.32577893
zhao-vaccine-3b847886ab646802,BigMHC,v1.0,immunogenicity,0.00066782365,higher,predicted,0.00066782365,0.0020449138
zhao-vaccine-8e8117b5c5782698,BigMHC,v1.0,immunogenicity,0.0101506915,higher,predicted,0.0101506915,0.055378497
zhao-vaccine-dca95adb5fcdf592,BigMHC,v1.0,immunogenicity,0.008202661,higher,predicted,0.008202661,0.0454947
zhao-vaccine-0e4e9c333e92b287,BigMHC,v1.0,immunogenicity,0.0045151687,higher,predicted,0.0045151687,0.04208249
zhao-vaccine-af57e5cb49a1b3d7,BigMHC,v1.0,immunogenicity,0.20811924,higher,predicted,0.20811924,0.08660147
zhao-vaccine-1112c9b9b46720e7,BigMHC,v1.0,immunogenicity,0.011114657,higher,predicted,0.011114657,0.0014902247
zhao-vaccine-033a1b3d78898765,BigMHC,v1.0,immunogenicity,0.42846337,higher,predicted,0.42846337,0.7014146
zhao-vaccine-7ba22a1143f5d992,BigMHC,v1.0,immunogenicity,0.08599172,higher,predicted,0.08599172,0.011907971
zhao-vaccine-1e9f45fe3cc9ac63,BigMHC,v1.0,immunogenicity,0.25544327,higher,predicted,0.25544327,0.10214787
zhao-vaccine-5e908d937d39faff,BigMHC,v1.0,immunogenicity,0.2965751,higher,predicted,0.2965751,0.21092275
zhao-vaccine-f3877179230c6cee,BigMHC,v1.0,immunogenicity,0.066082954,higher,predicted,0.066082954,0.051973898
zhao-vaccine-4ecfbac6e637b799,BigMHC,v1.0,immunogenicity,0.044929776,higher,predicted,0.044929776,0.022968048
zhao-vaccine-14b4f65b1f45bcbf,BigMHC,v1.0,immunogenicity,0.28820652,higher,predicted,0.28820652,0.061645728
zhao-vaccine-f91297d3a00de2d2,BigMHC,v1.0,immunogenicity,0.03559837,higher,predicted,0.03559837,0.15245236
zhao-vaccine-4844706cc9fa4d1b,BigMHC,v1.0,immunogenicity,0.17906125,higher,predicted,0.17906125,0.10451193
zhao-vaccine-da2194e4a86ae034,BigMHC,v1.0,immunogenicity,0.6584605,higher,predicted,0.6584605,0.27581224
zhao-vaccine-9c48013f878a865c,BigMHC,v1.0,immunogenicity,0.18112583,higher,predicted,0.18112583,0.93519676
zhao-vaccine-3da711f6f654d036,BigMHC,v1.0,immunogenicity,0.034874268,higher,predicted,0.034874268,0.1932392
zhao-vaccine-34689bf638cfdb3d,BigMHC,v1.0,immunogenicity,0.014581421,higher,predicted,0.014581421,0.023114944
zhao-vaccine-3accaf032fdb315d,BigMHC,v1.0,immunogenicity,0.08652196,higher,predicted,0.08652196,0.0018304216
zhao-vaccine-7dac8ac91244377f,BigMHC,v1.0,immunogenicity,0.0345137,higher,predicted,0.0345137,0.005059836
zhao-vaccine-40e47cdb16d89757,BigMHC,v1.0,immunogenicity,0.009093098,higher,predicted,0.009093098,0.0015712472
zhao-vaccine-aefefb4cdc17d9f1,BigMHC,v1.0,immunogenicity,0.20637569,higher,predicted,0.20637569,0.037805717
zhao-vaccine-8050a70c910bdf1a,BigMHC,v1.0,immunogenicity,0.021218244,higher,predicted,0.021218244,0.015220632
zhao-vaccine-ac96e34d65a393e8,BigMHC,v1.0,immunogenicity,0.16445293,higher,predicted,0.16445293,0.153608
zhao-vaccine-b4d038d59719dff9,BigMHC,v1.0,immunogenicity,0.27519277,higher,predicted,0.27519277,0.59880555
zhao-vaccine-9e1085e0289a57d9,BigMHC,v1.0,immunogenicity,0.15409882,higher,predicted,0.15409882,0.011855382
zhao-vaccine-178a58421c8cfa58,BigMHC,v1.0,immunogenicity,0.08046832,higher,predicted,0.08046832,0.74471873
zhao-vaccine-4a6ee428b3d6f1f9,BigMHC,v1.0,immunogenicity,0.22198875,higher,predicted,0.22198875,0.0091306595
zhao-vaccine-105dd4c375a2930a,BigMHC,v1.0,immunogenicity,0.025981262,higher,predicted,0.025981262,0.0037175806
zhao-vaccine-f2e66f35c41716e3,BigMHC,v1.0,immunogenicity,0.33648896,higher,predicted,0.33648896,0.012663667
zhao-vaccine-8abeb04ad206babd,BigMHC,v1.0,immunogenicity,0.41145134,higher,predicted,0.41145134,0.5401594
zhao-vaccine-346901b6cb8320ce,BigMHC,v1.0,immunogenicity,0.43313095,higher,predicted,0.43313095,0.68334454
zhao-vaccine-bc928fd98bebcbe4,BigMHC,v1.0,immunogenicity,0.27462605,higher,predicted,0.27462605,0.96006775
zhao-vaccine-812386af1a37b5a2,BigMHC,v1.0,immunogenicity,0.026298065,higher,predicted,0.026298065,0.050572287
zhao-vaccine-cd4c3877e1df5df8,BigMHC,v1.0,immunogenicity,0.16941963,higher,predicted,0.16941963,0.24691953
zhao-vaccine-37cd8d397d30c00a,BigMHC,v1.0,immunogenicity,0.09780022,higher,predicted,0.09780022,0.2567388
zhao-vaccine-69589f3e984c8850,BigMHC,v1.0,immunogenicity,0.025888026,higher,predicted,0.025888026,0.0006780407
zhao-vaccine-6138d66158ae812f,BigMHC,v1.0,immunogenicity,0.36418703,higher,predicted,0.36418703,0.30817315
zhao-vaccine-f89aafae5b4bb03a,BigMHC,v1.0,immunogenicity,0.049625374,higher,predicted,0.049625374,0.80478066
zhao-vaccine-d24f1d08ffeb3dab,BigMHC,v1.0,immunogenicity,0.023968136,higher,predicted,0.023968136,0.73440987
zhao-vaccine-15f900835dd0ed74,BigMHC,v1.0,immunogenicity,0.092467465,higher,predicted,0.092467465,0.4752357
zhao-vaccine-b4c900974a4cb22d,BigMHC,v1.0,immunogenicity,0.2386268,higher,predicted,0.2386268,0.28085256
zhao-vaccine-4877473089ccabe2,BigMHC,v1.0,immunogenicity,0.057657424,higher,predicted,0.057657424,0.09992607
zhao-vaccine-57da1458d87b5cd8,BigMHC,v1.0,immunogenicity,0.2710758,higher,predicted,0.2710758,0.12198948
zhao-vaccine-7cda442e2003096d,BigMHC,v1.0,immunogenicity,0.23190296,higher,predicted,0.23190296,0.19268672
zhao-vaccine-c9ac16c653d4ad34,BigMHC,v1.0,immunogenicity,0.0069752787,higher,predicted,0.0069752787,0.17445345
zhao-vaccine-5bb46d67d4132b05,BigMHC,v1.0,immunogenicity,0.031195834,higher,predicted,0.031195834,0.004422301
zhao-vaccine-22b245e10cc5f7eb,BigMHC,v1.0,immunogenicity,0.26504305,higher,predicted,0.26504305,0.005304918
zhao-vaccine-0c5f2cf1a9f96611,BigMHC,v1.0,immunogenicity,0.17975271,higher,predicted,0.17975271,0.002310286
zhao-vaccine-fdb9bb32b532156a,BigMHC,v1.0,immunogenicity,0.090757005,higher,predicted,0.090757005,0.0027315277
zhao-vaccine-09ce50e75ae0ded3,BigMHC,v1.0,immunogenicity,0.13149408,higher,predicted,0.13149408,0.00147383
zhao-vaccine-17602f761fea6700,BigMHC,v1.0,immunogenicity,0.24328922,higher,predicted,0.24328922,0.00018340298
zhao-vaccine-23b1162fe09c3a71,BigMHC,v1.0,immunogenicity,0.06051189,higher,predicted,0.06051189,0.07264423
zhao-vaccine-adf230b14ce59796,BigMHC,v1.0,immunogenicity,0.10786728,higher,predicted,0.10786728,0.012062475
zhao-vaccine-1844a0b8148bd71d,BigMHC,v1.0,immunogenicity,0.1403413,higher,predicted,0.1403413,0.00038102426
zhao-vaccine-6b2a399d57d8a512,BigMHC,v1.0,immunogenicity,0.0986423,higher,predicted,0.0986423,0.024582664
zhao-vaccine-666279e80bba84cd,BigMHC,v1.0,immunogenicity,0.3607146,higher,predicted,0.3607146,0.32801124
zhao-vaccine-a3b9a38a195ea306,BigMHC,v1.0,immunogenicity,0.67321974,higher,predicted,0.67321974,0.9698927
zhao-vaccine-a99dea8872b2c603,BigMHC,v1.0,immunogenicity,0.0580702,higher,predicted,0.0580702,0.0014976617
zhao-vaccine-38518cce6ca2ffcb,BigMHC,v1.0,immunogenicity,0.09304679,higher,predicted,0.09304679,0.18339524
zhao-vaccine-c06c5c593b790451,BigMHC,v1.0,immunogenicity,0.4482166,higher,predicted,0.4482166,0.68521404
zhao-vaccine-20a5c1bd7ed8243c,BigMHC,v1.0,immunogenicity,0.04696041,higher,predicted,0.04696041,0.0052770474
zhao-vaccine-bf796feb0fa45107,BigMHC,v1.0,immunogenicity,0.4268412,higher,predicted,0.4268412,0.118177
zhao-vaccine-94d4dd10565ce56a,BigMHC,v1.0,immunogenicity,0.5011061,higher,predicted,0.5011061,0.7420631
zhao-vaccine-09d399e83ab7a200,BigMHC,v1.0,immunogenicity,0.24629614,higher,predicted,0.24629614,0.13613677
zhao-vaccine-57cf9d6748f03a4a,BigMHC,v1.0,immunogenicity,0.32678053,higher,predicted,0.32678053,0.11738843
zhao-vaccine-8ad9b3db50bd44f6,BigMHC,v1.0,immunogenicity,0.011096525,higher,predicted,0.011096525,0.092008814
zhao-vaccine-e7a31769d0def8cc,BigMHC,v1.0,immunogenicity,0.1935829,higher,predicted,0.1935829,0.009662016
zhao-vaccine-f31f5559dc01f968,BigMHC,v1.0,immunogenicity,0.031684395,higher,predicted,0.031684395,0.0036200373
zhao-vaccine-801998d39a01c402,BigMHC,v1.0,immunogenicity,0.09358957,higher,predicted,0.09358957,0.012625537
zhao-vaccine-e97f71e837688aaa,BigMHC,v1.0,immunogenicity,0.11789666,higher,predicted,0.11789666,0.0068886704
zhao-vaccine-94d6274ea0765859,BigMHC,v1.0,immunogenicity,0.042924993,higher,predicted,0.042924993,0.14402615
zhao-vaccine-8425d1356c40e035,BigMHC,v1.0,immunogenicity,0.013109949,higher,predicted,0.013109949,0.111244746
zhao-vaccine-9c842e77e6554e48,BigMHC,v1.0,immunogenicity,0.9705981,higher,predicted,0.9705981,0.28280774
zhao-vaccine-cd64ae47949e3e72,BigMHC,v1.0,immunogenicity,0.72259253,higher,predicted,0.72259253,0.09994127
zhao-vaccine-6cf2c368188f7ae7,BigMHC,v1.0,immunogenicity,0.83582264,higher,predicted,0.83582264,0.11301557
zhao-vaccine-76ba058c8a28fd7a,BigMHC,v1.0,immunogenicity,0.6409611,higher,predicted,0.6409611,0.04961713
zhao-vaccine-6084bbd3ff94c4d6,BigMHC,v1.0,immunogenicity,0.97385776,higher,predicted,0.97385776,0.61959606
zhao-vaccine-2d7a1bc0613aae0d,BigMHC,v1.0,immunogenicity,0.037610363,higher,predicted,0.037610363,0.0011844394
zhao-vaccine-03696ce8c63ebae8,BigMHC,v1.0,immunogenicity,0.3933272,higher,predicted,0.3933272,0.007204101
zhao-vaccine-4d5941ad71cd0b01,BigMHC,v1.0,immunogenicity,0.36740714,higher,predicted,0.36740714,0.6473872
zhao-vaccine-8251be1752bc8dcd,BigMHC,v1.0,immunogenicity,0.32618067,higher,predicted,0.32618067,0.81211597
zhao-vaccine-e208fc7508babece,BigMHC,v1.0,immunogenicity,0.11808437,higher,predicted,0.11808437,0.69428235
zhao-vaccine-100390c97594b382,BigMHC,v1.0,immunogenicity,0.04166365,higher,predicted,0.04166365,0.02737477
zhao-vaccine-1c199c518ce694cb,BigMHC,v1.0,immunogenicity,0.21871038,higher,predicted,0.21871038,0.093949616
zhao-vaccine-d51c26cc1204892e,BigMHC,v1.0,immunogenicity,0.046910256,higher,predicted,0.046910256,0.200868
zhao-vaccine-ace8856de2b9d7b3,BigMHC,v1.0,immunogenicity,0.28707173,higher,predicted,0.28707173,0.47726774
zhao-vaccine-83da3c5b9955b6ac,BigMHC,v1.0,immunogenicity,0.14533404,higher,predicted,0.14533404,0.072228715
zhao-vaccine-1ce93697a045b24c,BigMHC,v1.0,immunogenicity,0.05512822,higher,predicted,0.05512822,0.004656936
zhao-vaccine-00ac0fab7dc987f2,BigMHC,v1.0,immunogenicity,0.4307366,higher,predicted,0.4307366,0.73183584
zhao-vaccine-0f950ec7c02f9245,BigMHC,v1.0,immunogenicity,0.019084632,higher,predicted,0.019084632,0.8237763
zhao-vaccine-5ba15d97b5c72d95,BigMHC,v1.0,immunogenicity,0.35310665,higher,predicted,0.35310665,0.9499398
zhao-vaccine-02101f99d9930118,BigMHC,v1.0,immunogenicity,0.0041572223,higher,predicted,0.0041572223,0.2428992
zhao-vaccine-b0c6fa65bdac2715,BigMHC,v1.0,immunogenicity,0.007728498,higher,predicted,0.007728498,0.015708296
zhao-vaccine-017943547834366f,BigMHC,v1.0,immunogenicity,0.48562318,higher,predicted,0.48562318,0.96132743
zhao-vaccine-9f9a6c0bad07b12a,BigMHC,v1.0,immunogenicity,0.3740454,higher,predicted,0.3740454,0.97449166
zhao-vaccine-281311a043c39d11,BigMHC,v1.0,immunogenicity,0.037121464,higher,predicted,0.037121464,0.09526473
zhao-vaccine-67ace035b9c07219,BigMHC,v1.0,immunogenicity,0.7493395,higher,predicted,0.7493395,0.9595621
zhao-vaccine-6dfb4aaff25a87d1,BigMHC,v1.0,immunogenicity,0.22788034,higher,predicted,0.22788034,0.001151413
zhao-vaccine-78a648a518e6de28,BigMHC,v1.0,immunogenicity,0.3339049,higher,predicted,0.3339049,0.0007495323
zhao-vaccine-37d860fc95091de9,BigMHC,v1.0,immunogenicity,0.06799648,higher,predicted,0.06799648,0.0018073104
zhao-vaccine-3ce7a0caddd675f9,BigMHC,v1.0,immunogenicity,0.068170525,higher,predicted,0.068170525,0.03129316
zhao-vaccine-8293be323b8f2284,BigMHC,v1.0,immunogenicity,0.032788478,higher,predicted,0.032788478,0.0016349131
zhao-vaccine-dc69e571bb1bc716,BigMHC,v1.0,immunogenicity,0.03191125,higher,predicted,0.03191125,0.005997266
zhao-vaccine-d7fe439d720d67b1,BigMHC,v1.0,immunogenicity,0.3657878,higher,predicted,0.3657878,0.20686808
zhao-vaccine-4235e6d69f92bbd5,BigMHC,v1.0,immunogenicity,0.04589243,higher,predicted,0.04589243,0.027677199
zhao-vaccine-d02ba01dc53c000d,BigMHC,v1.0,immunogenicity,0.17452356,higher,predicted,0.17452356,0.47788906
zhao-vaccine-2cb0e7ca904e77d9,BigMHC,v1.0,immunogenicity,0.0755577,higher,predicted,0.0755577,0.028837243
zhao-vaccine-f840dd851aae3824,BigMHC,v1.0,immunogenicity,0.040042438,higher,predicted,0.040042438,0.7176051
zhao-vaccine-68a434f6aca144e8,BigMHC,v1.0,immunogenicity,0.016646529,higher,predicted,0.016646529,0.019802982
zhao-vaccine-0e1a76b226778434,BigMHC,v1.0,immunogenicity,0.01860346,higher,predicted,0.01860346,0.0014662312
zhao-vaccine-721dee814c7f8a57,BigMHC,v1.0,immunogenicity,0.028608466,higher,predicted,0.028608466,0.095026806
zhao-vaccine-8da882afc2068d8a,BigMHC,v1.0,immunogenicity,0.51608646,higher,predicted,0.51608646,0.8100988
zhao-vaccine-45383782e52dba9f,BigMHC,v1.0,immunogenicity,0.042181022,higher,predicted,0.042181022,0.028006528
zhao-vaccine-b12f5ac75bfe6b89,BigMHC,v1.0,immunogenicity,0.43638852,higher,predicted,0.43638852,0.5314825
zhao-vaccine-0e0a9637ed1282c1,BigMHC,v1.0,immunogenicity,0.13058716,higher,predicted,0.13058716,0.055499367
zhao-vaccine-7abc1c35e3ccf355,BigMHC,v1.0,immunogenicity,0.040308185,higher,predicted,0.040308185,0.09754791
zhao-vaccine-f318b7095b4ef52c,BigMHC,v1.0,immunogenicity,0.04105717,higher,predicted,0.04105717,0.004556173
zhao-vaccine-78297893a7d3d0ba,BigMHC,v1.0,immunogenicity,0.002094883,higher,predicted,0.002094883,0.0012357392
zhao-vaccine-ca490b1797ede1e9,BigMHC,v1.0,immunogenicity,0.16483967,higher,predicted,0.16483967,0.35082418
zhao-vaccine-9362a3e8b434e17a,BigMHC,v1.0,immunogenicity,0.07008649,higher,predicted,0.07008649,0.8391957
zhao-vaccine-d05f94d034d5e2d6,BigMHC,v1.0,immunogenicity,0.042490494,higher,predicted,0.042490494,0.5392228
zhao-vaccine-3ebcaa48f079929c,BigMHC,v1.0,immunogenicity,0.22048864,higher,predicted,0.22048864,0.14568798
zhao-vaccine-5ade12ab778df5ff,BigMHC,v1.0,immunogenicity,0.02596124,higher,predicted,0.02596124,0.064620115
zhao-vaccine-965e2dc89d4a2a57,BigMHC,v1.0,immunogenicity,0.550838,higher,predicted,0.550838,0.9812828
zhao-vaccine-4a37b653a73277cb,BigMHC,v1.0,immunogenicity,0.17372033,higher,predicted,0.17372033,0.0952568
zhao-vaccine-68e61ae20327db08,BigMHC,v1.0,immunogenicity,0.45377985,higher,predicted,0.45377985,0.69891083
zhao-vaccine-0a0eb08146a9e58f,BigMHC,v1.0,immunogenicity,0.12794907,higher,predicted,0.12794907,0.2049165
zhao-vaccine-e5ac726938f48c5d,BigMHC,v1.0,immunogenicity,0.29295403,higher,predicted,0.29295403,0.14064977
zhao-vaccine-dd30fe354dc0c723,BigMHC,v1.0,immunogenicity,0.5846647,higher,predicted,0.5846647,0.19044706
zhao-vaccine-e46cba4d94b1bd9e,BigMHC,v1.0,immunogenicity,0.29989544,higher,predicted,0.29989544,0.8603613
zhao-vaccine-1217ba726b35ed9d,BigMHC,v1.0,immunogenicity,0.41272712,higher,predicted,0.41272712,0.42718914
zhao-vaccine-83bbda76fb652d04,BigMHC,v1.0,immunogenicity,0.032123942,higher,predicted,0.032123942,0.51200044
zhao-vaccine-e99a9dc2f937246e,BigMHC,v1.0,immunogenicity,0.15999241,higher,predicted,0.15999241,0.21808477
zhao-vaccine-3ad1731be926e556,BigMHC,v1.0,immunogenicity,0.30271173,higher,predicted,0.30271173,0.0029564921
zhao-vaccine-b9b9751942a91107,BigMHC,v1.0,immunogenicity,0.2139145,higher,predicted,0.2139145,0.44166416
zhao-vaccine-91666c65422008e9,BigMHC,v1.0,immunogenicity,0.17622148,higher,predicted,0.17622148,0.00034030195
zhao-vaccine-cdb5d238c73f1200,BigMHC,v1.0,immunogenicity,0.361628,higher,predicted,0.361628,0.0010280687
zhao-vaccine-e371cb75a5a01267,BigMHC,v1.0,immunogenicity,0.7322505,higher,predicted,0.7322505,0.8532421
zhao-vaccine-15446e222104cacb,BigMHC,v1.0,immunogenicity,0.039210122,higher,predicted,0.039210122,0.1732862
zhao-vaccine-d2e2e9a9a8a8791f,BigMHC,v1.0,immunogenicity,0.012288643,higher,predicted,0.012288643,0.0048140916
zhao-vaccine-add9dc988b885c6f,BigMHC,v1.0,immunogenicity,0.043156635,higher,predicted,0.043156635,0.0016894524
zhao-vaccine-05fa169c96907506,BigMHC,v1.0,immunogenicity,0.6936143,higher,predicted,0.6936143,0.6110072
zhao-vaccine-fe5e333b881da058,BigMHC,v1.0,immunogenicity,0.3901128,higher,predicted,0.3901128,0.34995338
zhao-vaccine-a1f11828eab95061,BigMHC,v1.0,immunogenicity,0.37267494,higher,predicted,0.37267494,0.21763508
zhao-vaccine-4976b66839febef0,BigMHC,v1.0,immunogenicity,0.1833907,higher,predicted,0.1833907,0.22172667
zhao-vaccine-ca5cbad36e6778e3,BigMHC,v1.0,immunogenicity,0.10203513,higher,predicted,0.10203513,0.118900046
zhao-vaccine-36f07ee5c996dad0,BigMHC,v1.0,immunogenicity,0.016712433,higher,predicted,0.016712433,0.009738346
zhao-vaccine-623cfad1dc12cce2,BigMHC,v1.0,immunogenicity,0.18012324,higher,predicted,0.18012324,0.15639429
zhao-vaccine-d41aafddc13976b8,BigMHC,v1.0,immunogenicity,0.16022713,higher,predicted,0.16022713,0.0061587445
zhao-vaccine-27d07976725d29e9,BigMHC,v1.0,immunogenicity,0.44793513,higher,predicted,0.44793513,0.3409751
zhao-vaccine-7e2ffaba808811ba,BigMHC,v1.0,immunogenicity,0.18289624,higher,predicted,0.18289624,0.7078164
zhao-vaccine-4ea2fcd0fcbe695b,BigMHC,v1.0,immunogenicity,0.019203324,higher,predicted,0.019203324,0.041268956
zhao-vaccine-5f1312331fdfb170,BigMHC,v1.0,immunogenicity,0.0020474952,higher,predicted,0.0020474952,0.0076469765
zhao-vaccine-1e73947ea9698cd9,BigMHC,v1.0,immunogenicity,0.26205283,higher,predicted,0.26205283,0.039691128
zhao-vaccine-3b94a7db18ed886c,BigMHC,v1.0,immunogenicity,0.0035602928,higher,predicted,0.0035602928,0.0044121337
zhao-vaccine-f375803c6f3695b8,BigMHC,v1.0,immunogenicity,0.048832584,higher,predicted,0.048832584,0.009217597
zhao-vaccine-4f915ffeb85dbc8d,BigMHC,v1.0,immunogenicity,0.3007472,higher,predicted,0.3007472,0.9438821
zhao-vaccine-0a499f1b47d241ee,BigMHC,v1.0,immunogenicity,0.09204928,higher,predicted,0.09204928,0.012603766
zhao-vaccine-c1ddf01a1259a6bb,BigMHC,v1.0,immunogenicity,0.039648075,higher,predicted,0.039648075,0.025552616
zhao-vaccine-a7117a4ef7e4c666,BigMHC,v1.0,immunogenicity,0.18676223,higher,predicted,0.18676223,0.09140009
zhao-vaccine-2f16d7a7b8377c8f,BigMHC,v1.0,immunogenicity,0.0020707392,higher,predicted,0.0020707392,0.00017626713
zhao-vaccine-b18aa826b16d7473,BigMHC,v1.0,immunogenicity,0.14256155,higher,predicted,0.14256155,0.007467552
zhao-vaccine-32935ef444cf0d1a,BigMHC,v1.0,immunogenicity,0.18864201,higher,predicted,0.18864201,0.034239374
zhao-vaccine-eef0dcadc94c2b17,BigMHC,v1.0,immunogenicity,0.02807529,higher,predicted,0.02807529,0.037901614
zhao-vaccine-2e4ead9606072288,BigMHC,v1.0,immunogenicity,0.23303024,higher,predicted,0.23303024,0.39005223
zhao-vaccine-4530abbf39780e70,BigMHC,v1.0,immunogenicity,0.020793766,higher,predicted,0.020793766,0.13422309
zhao-vaccine-0cebec48fdf19314,BigMHC,v1.0,immunogenicity,0.08936936,higher,predicted,0.08936936,0.005871664
zhao-vaccine-1e0e282136a23d80,BigMHC,v1.0,immunogenicity,0.071702294,higher,predicted,0.071702294,0.09373213
zhao-vaccine-14a6f9f5f9c4b644,BigMHC,v1.0,immunogenicity,0.5357159,higher,predicted,0.5357159,0.9940117
zhao-vaccine-28a198f03d6a3d2b,BigMHC,v1.0,immunogenicity,0.13305144,higher,predicted,0.13305144,0.4959958
zhao-vaccine-a84cc466cc5afbbe,BigMHC,v1.0,immunogenicity,0.0770074,higher,predicted,0.0770074,0.03507708
zhao-vaccine-ef3f5ad4b93866cc,BigMHC,v1.0,immunogenicity,0.12752704,higher,predicted,0.12752704,0.14187524
zhao-vaccine-574c8885e9744870,BigMHC,v1.0,immunogenicity,0.071588,higher,predicted,0.071588,0.0030651398
zhao-vaccine-82adf1f14fa8a979,BigMHC,v1.0,immunogenicity,0.009598329,higher,predicted,0.009598329,0.039889164
zhao-vaccine-901263935668805b,BigMHC,v1.0,immunogenicity,0.073364146,higher,predicted,0.073364146,0.028326908
zhao-vaccine-74933d8cbe88ccd3,BigMHC,v1.0,immunogenicity,0.06254509,higher,predicted,0.06254509,0.033982623
zhao-vaccine-a5f23bb559b34bec,BigMHC,v1.0,immunogenicity,0.57782733,higher,predicted,0.57782733,0.07224318
zhao-vaccine-f6fad87ef2b47eb9,BigMHC,v1.0,immunogenicity,0.032894526,higher,predicted,0.032894526,0.027816575
zhao-vaccine-0262934196cb9e41,BigMHC,v1.0,immunogenicity,0.46168998,higher,predicted,0.46168998,0.7331506
zhao-vaccine-1b06ec46d9433877,BigMHC,v1.0,immunogenicity,0.10852889,higher,predicted,0.10852889,0.0033514653
zhao-vaccine-7b2afc20a6b058a9,BigMHC,v1.0,immunogenicity,0.24544175,higher,predicted,0.24544175,0.011238753
zhao-vaccine-baae71af4bb9e079,BigMHC,v1.0,immunogenicity,0.10717843,higher,predicted,0.10717843,0.009231764
zhao-vaccine-7a024abbd4a188e0,BigMHC,v1.0,immunogenicity,0.052725613,higher,predicted,0.052725613,0.5411282
zhao-vaccine-19d5e810431b3469,BigMHC,v1.0,immunogenicity,0.06810541,higher,predicted,0.06810541,0.0028188152
zhao-vaccine-f7e33e7285d5153f,BigMHC,v1.0,immunogenicity,0.27071807,higher,predicted,0.27071807,0.14593376
zhao-vaccine-4047f64ca9c106e4,BigMHC,v1.0,immunogenicity,0.33500066,higher,predicted,0.33500066,0.78560895
zhao-vaccine-847c20e7477bba02,BigMHC,v1.0,immunogenicity,0.01991083,higher,predicted,0.01991083,0.0039574946
zhao-vaccine-bb485ecb0ce26b91,BigMHC,v1.0,immunogenicity,0.058360033,higher,predicted,0.058360033,0.0013912582
zhao-vaccine-c05bac34add61bb1,BigMHC,v1.0,immunogenicity,0.10510368,higher,predicted,0.10510368,0.14502926
zhao-vaccine-5534446f3d190f70,BigMHC,v1.0,immunogenicity,0.11738204,higher,predicted,0.11738204,0.05128907
zhao-vaccine-53388bac37626a87,BigMHC,v1.0,immunogenicity,0.0069076964,higher,predicted,0.0069076964,0.005167216
zhao-vaccine-8abf1996ba692904,BigMHC,v1.0,immunogenicity,0.115025096,higher,predicted,0.115025096,0.006851949
zhao-vaccine-757ae8492c22eb3f,BigMHC,v1.0,immunogenicity,0.018176695,higher,predicted,0.018176695,0.013992372
zhao-vaccine-3ea5228db64f8d96,BigMHC,v1.0,immunogenicity,0.5991821,higher,predicted,0.5991821,0.50084716
zhao-vaccine-4790475ca217608e,BigMHC,v1.0,immunogenicity,0.19315161,higher,predicted,0.19315161,0.017803712
zhao-vaccine-afd5e19a1b147b9a,BigMHC,v1.0,immunogenicity,0.10454173,higher,predicted,0.10454173,0.20994708
zhao-vaccine-6cab74d4a96292f4,BigMHC,v1.0,immunogenicity,0.18941489,higher,predicted,0.18941489,0.5920633
zhao-vaccine-0f291bbc2c7c1b5f,BigMHC,v1.0,immunogenicity,0.07863475,higher,predicted,0.07863475,0.30529115
zhao-vaccine-a7aa287de24c9826,BigMHC,v1.0,immunogenicity,0.06270603,higher,predicted,0.06270603,0.936818
zhao-vaccine-f1f94e300dd118aa,BigMHC,v1.0,immunogenicity,0.43390185,higher,predicted,0.43390185,0.86879975
zhao-vaccine-e6b1f83b3277b8d9,BigMHC,v1.0,immunogenicity,0.273552,higher,predicted,0.273552,0.44827026
zhao-vaccine-dd6ecef799be6c63,BigMHC,v1.0,immunogenicity,0.029009039,higher,predicted,0.029009039,0.00033227244
zhao-vaccine-f55395eba5409875,BigMHC,v1.0,immunogenicity,0.03701112,higher,predicted,0.03701112,0.0120990025
zhao-vaccine-b9a94da25e365890,BigMHC,v1.0,immunogenicity,0.0012107261,higher,predicted,0.0012107261,0.00013367327
zhao-vaccine-a049a2f2e4b35180,BigMHC,v1.0,immunogenicity,0.06080285,higher,predicted,0.06080285,0.033526
zhao-vaccine-13d286ba01d0a83e,BigMHC,v1.0,immunogenicity,0.27430865,higher,predicted,0.27430865,0.030478299
zhao-vaccine-b038f5f750d38efd,BigMHC,v1.0,immunogenicity,0.56342846,higher,predicted,0.56342846,0.41152024
zhao-vaccine-d748dbaed29682c9,BigMHC,v1.0,immunogenicity,0.19519493,higher,predicted,0.19519493,0.060500927
zhao-vaccine-9ee1859f9bbf0ae8,BigMHC,v1.0,immunogenicity,0.08479566,higher,predicted,0.08479566,0.11860152
zhao-vaccine-2fdfa797ea37ce66,BigMHC,v1.0,immunogenicity,0.30827418,higher,predicted,0.30827418,0.048095066
zhao-vaccine-b2c9e6232941da23,BigMHC,v1.0,immunogenicity,0.05683737,higher,predicted,0.05683737,0.8266595
zhao-vaccine-6091222d399811e6,BigMHC,v1.0,immunogenicity,0.41688743,higher,predicted,0.41688743,0.048089657
zhao-vaccine-1b161db2ed733492,BigMHC,v1.0,immunogenicity,0.12818584,higher,predicted,0.12818584,0.06956322
zhao-vaccine-263acd72c8883e72,BigMHC,v1.0,immunogenicity,0.055712342,higher,predicted,0.055712342,0.094477765
zhao-vaccine-ea9b42df33b35136,BigMHC,v1.0,immunogenicity,0.14056452,higher,predicted,0.14056452,0.26430753
zhao-vaccine-ac1f5e7f4a167598,BigMHC,v1.0,immunogenicity,0.032628756,higher,predicted,0.032628756,0.07142313
zhao-vaccine-908da7f0c6dbf27e,BigMHC,v1.0,immunogenicity,0.04921071,higher,predicted,0.04921071,0.23885621
zhao-vaccine-031c5d86a2e63417,BigMHC,v1.0,immunogenicity,0.24791978,higher,predicted,0.24791978,0.06532476
zhao-vaccine-4795d6108b3fcf2f,BigMHC,v1.0,immunogenicity,0.03218921,higher,predicted,0.03218921,0.03178936
zhao-vaccine-805f739bbbe2a085,BigMHC,v1.0,immunogenicity,0.038726576,higher,predicted,0.038726576,0.011404936
zhao-vaccine-70221838fed9296f,BigMHC,v1.0,immunogenicity,0.12441074,higher,predicted,0.12441074,0.080539
zhao-vaccine-cd42d37b5144c969,BigMHC,v1.0,immunogenicity,0.039177187,higher,predicted,0.039177187,0.00551091
zhao-vaccine-798e8c8cb4ead921,BigMHC,v1.0,immunogenicity,0.027653541,higher,predicted,0.027653541,0.027735414
zhao-vaccine-709599a72a22a926,BigMHC,v1.0,immunogenicity,0.55905783,higher,predicted,0.55905783,0.61508614
zhao-vaccine-fec3c5b2df774825,BigMHC,v1.0,immunogenicity,0.08629609,higher,predicted,0.08629609,0.009410768
zhao-vaccine-5a89d94cd81780a6,BigMHC,v1.0,immunogenicity,0.075208895,higher,predicted,0.075208895,0.0014774092
zhao-vaccine-09ee401936c37fa7,BigMHC,v1.0,immunogenicity,0.17943707,higher,predicted,0.17943707,0.46139765
zhao-vaccine-5b3d89b46098fe58,BigMHC,v1.0,immunogenicity,0.1279733,higher,predicted,0.1279733,0.49472672
zhao-vaccine-4d3d09eb60c5f34b,BigMHC,v1.0,immunogenicity,0.16218603,higher,predicted,0.16218603,0.005142541
zhao-vaccine-a328e5fc04a430e3,BigMHC,v1.0,immunogenicity,0.11038158,higher,predicted,0.11038158,0.0019583527
zhao-vaccine-fccb7f3ae8f5c7ed,BigMHC,v1.0,immunogenicity,0.49120063,higher,predicted,0.49120063,0.55902684
zhao-vaccine-915adc2bcd8e9f65,BigMHC,v1.0,immunogenicity,0.308145,higher,predicted,0.308145,0.009187673
zhao-vaccine-2850ba32b283001a,BigMHC,v1.0,immunogenicity,0.17374727,higher,predicted,0.17374727,0.0028593529
zhao-vaccine-cd86df511d584650,BigMHC,v1.0,immunogenicity,0.21007976,higher,predicted,0.21007976,0.07704761
zhao-vaccine-8efa39564b99c4a6,BigMHC,v1.0,immunogenicity,0.18268713,higher,predicted,0.18268713,0.029746307
zhao-vaccine-4ad340d38191a34c,BigMHC,v1.0,immunogenicity,0.031844296,higher,predicted,0.031844296,0.18886758
zhao-vaccine-f8ee8bb521237a3f,BigMHC,v1.0,immunogenicity,0.05078579,higher,predicted,0.05078579,0.0038247004
zhao-vaccine-3f67c407a7230fb3,BigMHC,v1.0,immunogenicity,0.044992615,higher,predicted,0.044992615,0.10874208
zhao-vaccine-d6255db4b7fdd63b,BigMHC,v1.0,immunogenicity,0.108133025,higher,predicted,0.108133025,0.015015979
zhao-vaccine-d8c6932c34ad2191,BigMHC,v1.0,immunogenicity,0.06990786,higher,predicted,0.06990786,0.015182031
zhao-vaccine-a3601d5320ed6e38,BigMHC,v1.0,immunogenicity,0.0006530435,higher,predicted,0.0006530435,0.00050704007
zhao-vaccine-86b69c161becb07f,BigMHC,v1.0,immunogenicity,0.081885286,higher,predicted,0.081885286,0.018835062
zhao-vaccine-8025dcb106d1995a,BigMHC,v1.0,immunogenicity,0.08129621,higher,predicted,0.08129621,0.022154188
zhao-vaccine-b97bb436ed02cdf5,BigMHC,v1.0,immunogenicity,0.045742415,higher,predicted,0.045742415,0.028582182
zhao-vaccine-f363bfe0d8b4dd32,BigMHC,v1.0,immunogenicity,0.21121655,higher,predicted,0.21121655,0.47278467
zhao-vaccine-0fba2a8bc58d9236,BigMHC,v1.0,immunogenicity,0.037874747,higher,predicted,0.037874747,0.002450118
zhao-vaccine-2e34af137aef944c,BigMHC,v1.0,immunogenicity,0.45324278,higher,predicted,0.45324278,0.118840374
zhao-vaccine-181e81b5e44272c6,BigMHC,v1.0,immunogenicity,0.26230177,higher,predicted,0.26230177,0.03271598
zhao-vaccine-bfd366de75e0e09e,BigMHC,v1.0,immunogenicity,0.07626223,higher,predicted,0.07626223,0.013157793
zhao-vaccine-87c75460d38d08e9,BigMHC,v1.0,immunogenicity,0.15489604,higher,predicted,0.15489604,0.0002895461
zhao-vaccine-30adaa3969782222,BigMHC,v1.0,immunogenicity,0.09381048,higher,predicted,0.09381048,0.0028546047
zhao-vaccine-63fd3942caea490b,BigMHC,v1.0,immunogenicity,0.19344322,higher,predicted,0.19344322,0.8474417
zhao-vaccine-24d2d07ca8e2377f,BigMHC,v1.0,immunogenicity,0.27792662,higher,predicted,0.27792662,0.29183957
zhao-vaccine-fcaca752fcb71c95,BigMHC,v1.0,immunogenicity,0.1557413,higher,predicted,0.1557413,0.017964898
zhao-vaccine-cc83beed24066d27,BigMHC,v1.0,immunogenicity,0.10585584,higher,predicted,0.10585584,0.0696561
zhao-vaccine-3dc3a5fedb44c738,BigMHC,v1.0,immunogenicity,0.00025510576,higher,predicted,0.00025510576,0.0044963
zhao-vaccine-61e2eb896e39a71a,BigMHC,v1.0,immunogenicity,0.005565591,higher,predicted,0.005565591,0.10828875
zhao-vaccine-a2baf0b885265cc4,BigMHC,v1.0,immunogenicity,0.036338,higher,predicted,0.036338,0.025992174
zhao-vaccine-723c07672285f426,BigMHC,v1.0,immunogenicity,0.042604335,higher,predicted,0.042604335,0.0044513755
zhao-vaccine-21600a4722a9456b,BigMHC,v1.0,immunogenicity,0.003337843,higher,predicted,0.003337843,0.0004740068
zhao-vaccine-41e40bf9c0cef1b9,BigMHC,v1.0,immunogenicity,0.023864392,higher,predicted,0.023864392,0.0034362052
zhao-vaccine-f772d44d15868d84,BigMHC,v1.0,immunogenicity,0.042374402,higher,predicted,0.042374402,0.008599457
zhao-vaccine-c06a6c0b6ba9ccc2,BigMHC,v1.0,immunogenicity,0.09728764,higher,predicted,0.09728764,0.051950473
zhao-vaccine-882a48551f5bbe82,BigMHC,v1.0,immunogenicity,0.16944851,higher,predicted,0.16944851,0.22091363
zhao-vaccine-938e8eb3b62a04fa,BigMHC,v1.0,immunogenicity,0.092523955,higher,predicted,0.092523955,0.012944052
zhao-vaccine-44db9eff40c7ac4b,BigMHC,v1.0,immunogenicity,0.55301315,higher,predicted,0.55301315,0.14957131
zhao-vaccine-3c10f98fea9749ac,BigMHC,v1.0,immunogenicity,0.42680988,higher,predicted,0.42680988,0.002490166
zhao-vaccine-412fd5789a6e82ab,BigMHC,v1.0,immunogenicity,0.2006198,higher,predicted,0.2006198,0.0018901757
zhao-vaccine-2c13df52c9d6fdf1,BigMHC,v1.0,immunogenicity,0.011312584,higher,predicted,0.011312584,0.00073358056
zhao-vaccine-22c079fe2694c804,BigMHC,v1.0,immunogenicity,0.22293408,higher,predicted,0.22293408,0.204789
zhao-vaccine-cd526b2c1907ac73,BigMHC,v1.0,immunogenicity,0.30914715,higher,predicted,0.30914715,0.035018478
zhao-vaccine-8ac5cf800546df58,BigMHC,v1.0,immunogenicity,0.16095646,higher,predicted,0.16095646,0.58840364
zhao-vaccine-00c1dcc185bde872,BigMHC,v1.0,immunogenicity,0.08073648,higher,predicted,0.08073648,0.21780396
zhao-vaccine-d78fee591be503a1,BigMHC,v1.0,immunogenicity,0.4639148,higher,predicted,0.4639148,0.14158311
zhao-vaccine-09b6e33926787118,BigMHC,v1.0,immunogenicity,0.16454461,higher,predicted,0.16454461,0.076952115
zhao-vaccine-a8525b43cfc364ce,BigMHC,v1.0,immunogenicity,0.22927563,higher,predicted,0.22927563,0.10404574
zhao-vaccine-65294b91c49a1a7d,BigMHC,v1.0,immunogenicity,0.03539077,higher,predicted,0.03539077,0.6313309
zhao-vaccine-2ff4768cbbf94e4c,BigMHC,v1.0,immunogenicity,0.72277033,higher,predicted,0.72277033,0.76256883
zhao-vaccine-01cd981de90c3d60,BigMHC,v1.0,immunogenicity,0.36116123,higher,predicted,0.36116123,0.858132
zhao-vaccine-e43e167f3e1e4297,BigMHC,v1.0,immunogenicity,0.09609943,higher,predicted,0.09609943,0.09522712
zhao-vaccine-4eddbf01a9786d30,BigMHC,v1.0,immunogenicity,0.03847594,higher,predicted,0.03847594,0.0020783234
zhao-vaccine-fa0115a2ee0cdc16,BigMHC,v1.0,immunogenicity,0.32211342,higher,predicted,0.32211342,0.9878531
zhao-vaccine-18899191312d29f0,BigMHC,v1.0,immunogenicity,0.16889095,higher,predicted,0.16889095,0.6836917
zhao-vaccine-06be400bb4a0453e,BigMHC,v1.0,immunogenicity,0.008697399,higher,predicted,0.008697399,0.015160206
zhao-vaccine-e0b596dc1a05778f,BigMHC,v1.0,immunogenicity,0.033012427,higher,predicted,0.033012427,0.1072908
zhao-vaccine-1c4bbb79c97e8575,BigMHC,v1.0,immunogenicity,0.03977672,higher,predicted,0.03977672,0.0037215005
zhao-vaccine-a9bbd7265634e145,BigMHC,v1.0,immunogenicity,0.010273345,higher,predicted,0.010273345,0.036541134
zhao-vaccine-bb6eb34428fdcc0c,BigMHC,v1.0,immunogenicity,0.11399042,higher,predicted,0.11399042,0.016597424
zhao-vaccine-bc0a1780a417046d,BigMHC,v1.0,immunogenicity,0.017182786,higher,predicted,0.017182786,0.021302264
zhao-vaccine-b30a776cdfe26224,BigMHC,v1.0,immunogenicity,0.18072523,higher,predicted,0.18072523,0.008096527
zhao-vaccine-76fda69f2421b833,BigMHC,v1.0,immunogenicity,0.017352043,higher,predicted,0.017352043,0.06772215
zhao-vaccine-9360840d0776a1aa,BigMHC,v1.0,immunogenicity,0.27075747,higher,predicted,0.27075747,0.9183458
zhao-vaccine-ba1d9463aef66318,BigMHC,v1.0,immunogenicity,0.029236168,higher,predicted,0.029236168,0.032912586
zhao-vaccine-809ea96fe6eff952,BigMHC,v1.0,immunogenicity,0.004836758,higher,predicted,0.004836758,0.0003435147
zhao-vaccine-ab50749b1824253d,BigMHC,v1.0,immunogenicity,0.0320606,higher,predicted,0.0320606,0.096664734
zhao-vaccine-0a9d514e34065af1,BigMHC,v1.0,immunogenicity,0.039859924,higher,predicted,0.039859924,0.035162393
zhao-vaccine-7cb7f9d86207d395,BigMHC,v1.0,immunogenicity,0.03448243,higher,predicted,0.03448243,0.32793242
zhao-vaccine-1d6dc5a561493d8b,BigMHC,v1.0,immunogenicity,0.013612492,higher,predicted,0.013612492,0.010228736
zhao-vaccine-0f2474dc1098b847,BigMHC,v1.0,immunogenicity,0.0014427608,higher,predicted,0.0014427608,0.0029615022
zhao-vaccine-93437d0ca6cc3f4a,BigMHC,v1.0,immunogenicity,0.031603966,higher,predicted,0.031603966,0.03188307
zhao-vaccine-7cefccc42174ee95,BigMHC,v1.0,immunogenicity,0.7735015,higher,predicted,0.7735015,0.8389784
zhao-vaccine-079ef0271ac9e975,BigMHC,v1.0,immunogenicity,0.40574947,higher,predicted,0.40574947,0.5636358
zhao-vaccine-b41967fa4cf49b25,BigMHC,v1.0,immunogenicity,0.5215265,higher,predicted,0.5215265,0.820722
zhao-vaccine-946ddf2c6a43b996,BigMHC,v1.0,immunogenicity,0.32143664,higher,predicted,0.32143664,0.06566402
zhao-vaccine-722b8a2ea5f24a03,BigMHC,v1.0,immunogenicity,0.40523672,higher,predicted,0.40523672,0.12595293
zhao-vaccine-3626f70f7a07035f,BigMHC,v1.0,immunogenicity,0.44173962,higher,predicted,0.44173962,0.13120475
zhao-vaccine-8cabf7e977217886,BigMHC,v1.0,immunogenicity,0.11481189,higher,predicted,0.11481189,0.0066389367
zhao-vaccine-7228155ba0aa5c5f,BigMHC,v1.0,immunogenicity,0.025542168,higher,predicted,0.025542168,0.0062662205
zhao-vaccine-0ba58e68d7f5133b,BigMHC,v1.0,immunogenicity,0.73496115,higher,predicted,0.73496115,0.18783358
zhao-vaccine-e4deb194a1357a71,BigMHC,v1.0,immunogenicity,0.15280262,higher,predicted,0.15280262,0.047727946
zhao-vaccine-19c376b64f0b1de2,BigMHC,v1.0,immunogenicity,0.00056317734,higher,predicted,0.00056317734,1.52198e-05
zhao-vaccine-140491b1fa68941f,BigMHC,v1.0,immunogenicity,0.023148838,higher,predicted,0.023148838,0.000448673
zhao-vaccine-151f78b5a753d106,BigMHC,v1.0,immunogenicity,0.7801929,higher,predicted,0.7801929,0.011654608
zhao-vaccine-eb0ad728400653ac,BigMHC,v1.0,immunogenicity,0.15773274,higher,predicted,0.15773274,0.9787702
zhao-vaccine-99f8df5e12f8b46e,BigMHC,v1.0,immunogenicity,0.100016475,higher,predicted,0.100016475,0.08370324
zhao-vaccine-40fbb3f28a53a8a7,BigMHC,v1.0,immunogenicity,0.22890636,higher,predicted,0.22890636,0.0122196125
zhao-vaccine-82a23958d254b203,BigMHC,v1.0,immunogenicity,0.09094826,higher,predicted,0.09094826,0.011183679
zhao-vaccine-713689999ba72283,BigMHC,v1.0,immunogenicity,0.21020292,higher,predicted,0.21020292,0.048814397
zhao-vaccine-a575ae6fd2b17237,BigMHC,v1.0,immunogenicity,0.2979548,higher,predicted,0.2979548,0.067182
zhao-vaccine-95fd7c896d0867e5,BigMHC,v1.0,immunogenicity,0.17078128,higher,predicted,0.17078128,0.06979586
zhao-vaccine-d4a4ca1acb79296d,BigMHC,v1.0,immunogenicity,0.4353509,higher,predicted,0.4353509,0.48055393
zhao-vaccine-c1207e03b56471ef,BigMHC,v1.0,immunogenicity,0.5154709,higher,predicted,0.5154709,0.56246746
zhao-vaccine-5471c61d183ccb8a,BigMHC,v1.0,immunogenicity,0.20898668,higher,predicted,0.20898668,0.69621325
zhao-vaccine-3747b31ac9667d99,BigMHC,v1.0,immunogenicity,0.83708155,higher,predicted,0.83708155,0.9442357
zhao-vaccine-2ac9c0797079a8f8,BigMHC,v1.0,immunogenicity,0.31664482,higher,predicted,0.31664482,0.26963726
zhao-vaccine-cea4c99c6b575a84,BigMHC,v1.0,immunogenicity,0.14631222,higher,predicted,0.14631222,0.024978062
zhao-vaccine-c65e76b58623ec6f,BigMHC,v1.0,immunogenicity,0.29489806,higher,predicted,0.29489806,0.28504053
zhao-vaccine-30cffa2eae82fc65,BigMHC,v1.0,immunogenicity,0.64882267,higher,predicted,0.64882267,0.052306417
zhao-vaccine-5271e489e168317d,BigMHC,v1.0,immunogenicity,0.058772232,higher,predicted,0.058772232,0.07666905
zhao-vaccine-c869d0ab10b4d9c8,BigMHC,v1.0,immunogenicity,0.00047767258,higher,predicted,0.00047767258,0.003064325
zhao-vaccine-5de825ff36eeb4cd,BigMHC,v1.0,immunogenicity,0.0755915,higher,predicted,0.0755915,0.038059037
zhao-vaccine-8a1df542b0c6078e,BigMHC,v1.0,immunogenicity,0.15769827,higher,predicted,0.15769827,0.0055158064
zhao-vaccine-b97c99a9a7b58e43,BigMHC,v1.0,immunogenicity,0.24061881,higher,predicted,0.24061881,0.13363205
zhao-vaccine-eae16822f375c784,BigMHC,v1.0,immunogenicity,0.3205201,higher,predicted,0.3205201,0.8235274
zhao-vaccine-84d0fd643fa679a7,BigMHC,v1.0,immunogenicity,0.08188101,higher,predicted,0.08188101,0.57079035
zhao-vaccine-47c911d1a48723c2,BigMHC,v1.0,immunogenicity,0.019056866,higher,predicted,0.019056866,0.007512294
zhao-vaccine-00a60dae88e48c26,BigMHC,v1.0,immunogenicity,0.098429404,higher,predicted,0.098429404,0.04449747
zhao-vaccine-d8a8dac7ed33ad24,BigMHC,v1.0,immunogenicity,0.25680012,higher,predicted,0.25680012,0.37832358
zhao-vaccine-1f30d870df77aaaf,BigMHC,v1.0,immunogenicity,0.08128573,higher,predicted,0.08128573,0.03908887
zhao-vaccine-d2ce7cae6d60843b,BigMHC,v1.0,immunogenicity,0.17087437,higher,predicted,0.17087437,0.020985689
zhao-vaccine-9041951216454b7e,BigMHC,v1.0,immunogenicity,0.1944461,higher,predicted,0.1944461,0.02105671
zhao-vaccine-30d18a9534ed46fd,BigMHC,v1.0,immunogenicity,0.43560117,higher,predicted,0.43560117,0.63729185
zhao-vaccine-0694786ec4b3bbc4,BigMHC,v1.0,immunogenicity,0.013737373,higher,predicted,0.013737373,0.18941358
zhao-vaccine-20ff43cf2c8610ca,BigMHC,v1.0,immunogenicity,0.1853718,higher,predicted,0.1853718,0.14492582
zhao-vaccine-022a87c5e80b550a,BigMHC,v1.0,immunogenicity,0.2637692,higher,predicted,0.2637692,0.0084588025
zhao-vaccine-3dbb935d8070d9d5,BigMHC,v1.0,immunogenicity,0.30043966,higher,predicted,0.30043966,0.07768292
zhao-vaccine-0702ce1c17bfdb8a,BigMHC,v1.0,immunogenicity,0.04101071,higher,predicted,0.04101071,0.06115995
zhao-vaccine-c35a927cccb1663e,BigMHC,v1.0,immunogenicity,0.3435714,higher,predicted,0.3435714,0.015535923
zhao-vaccine-60384e36ea732f65,BigMHC,v1.0,immunogenicity,0.15486202,higher,predicted,0.15486202,0.022116477
zhao-vaccine-e78c9fc98da01c4d,BigMHC,v1.0,immunogenicity,0.20313981,higher,predicted,0.20313981,0.0093474025
zhao-vaccine-150c426926b7bf2c,BigMHC,v1.0,immunogenicity,0.39971986,higher,predicted,0.39971986,0.27413058
zhao-vaccine-6862cd4e653c1828,BigMHC,v1.0,immunogenicity,0.25647518,higher,predicted,0.25647518,0.018060701
zhao-vaccine-5906d463321eec30,BigMHC,v1.0,immunogenicity,0.20805927,higher,predicted,0.20805927,0.002551409
zhao-vaccine-d838759e43906b9e,BigMHC,v1.0,immunogenicity,0.027332058,higher,predicted,0.027332058,0.5046857
zhao-vaccine-f56a3859d007d5ea,BigMHC,v1.0,immunogenicity,0.026496794,higher,predicted,0.026496794,0.0028251014
zhao-vaccine-8dad62203483ce1a,BigMHC,v1.0,immunogenicity,0.08869569,higher,predicted,0.08869569,0.08381193
zhao-vaccine-0297677f678e6640,BigMHC,v1.0,immunogenicity,0.007004688,higher,predicted,0.007004688,0.0052860035
zhao-vaccine-0cc663f1083811c9,BigMHC,v1.0,immunogenicity,0.08300785,higher,predicted,0.08300785,0.0030816137
zhao-vaccine-234211c4399c1179,BigMHC,v1.0,immunogenicity,0.33137408,higher,predicted,0.33137408,0.29011825
zhao-vaccine-70b77e7605ec1014,BigMHC,v1.0,immunogenicity,0.09960332,higher,predicted,0.09960332,0.00036997485
zhao-vaccine-94637f4b40db0bae,BigMHC,v1.0,immunogenicity,0.12649977,higher,predicted,0.12649977,0.0015235624
zhao-vaccine-8df3abe30ada419b,BigMHC,v1.0,immunogenicity,0.47334608,higher,predicted,0.47334608,0.29517242
zhao-vaccine-1349900b079f91d5,BigMHC,v1.0,immunogenicity,0.016861573,higher,predicted,0.016861573,0.05011686
zhao-vaccine-180865673008432f,BigMHC,v1.0,immunogenicity,0.012912072,higher,predicted,0.012912072,0.065489426
zhao-vaccine-59d5c53567b1f4e7,BigMHC,v1.0,immunogenicity,0.102892034,higher,predicted,0.102892034,0.28916377
zhao-vaccine-9237ce7aebed61e3,BigMHC,v1.0,immunogenicity,0.032778196,higher,predicted,0.032778196,0.16819654
zhao-vaccine-ef3ae58ddf2195b0,BigMHC,v1.0,immunogenicity,0.033012427,higher,predicted,0.033012427,0.1072908
zhao-vaccine-c8db98bd41f0a9df,BigMHC,v1.0,immunogenicity,0.19042705,higher,predicted,0.19042705,0.48394197
zhao-vaccine-37e68b546abd5711,BigMHC,v1.0,immunogenicity,0.006889197,higher,predicted,0.006889197,0.02085802
zhao-vaccine-645528354f0b9832,BigMHC,v1.0,immunogenicity,0.05939709,higher,predicted,0.05939709,0.62785786
zhao-vaccine-06ac4a5ed97705c5,BigMHC,v1.0,immunogenicity,0.59873706,higher,predicted,0.59873706,0.61635154
zhao-vaccine-cdc58305626f8a76,BigMHC,v1.0,immunogenicity,0.105992734,higher,predicted,0.105992734,0.6611842
zhao-vaccine-1bb5454d726123c4,BigMHC,v1.0,immunogenicity,0.36806422,higher,predicted,0.36806422,0.036087938
zhao-vaccine-fc412ba0fecbdccb,BigMHC,v1.0,immunogenicity,0.09224627,higher,predicted,0.09224627,0.00488731
zhao-vaccine-dc825f8473ec39fd,BigMHC,v1.0,immunogenicity,0.045996092,higher,predicted,0.045996092,0.005450218
zhao-vaccine-df4c8617f3823d34,BigMHC,v1.0,immunogenicity,0.1941059,higher,predicted,0.1941059,0.01110337
zhao-vaccine-5536d9cd51935a7c,BigMHC,v1.0,immunogenicity,0.11408619,higher,predicted,0.11408619,0.8345483
zhao-vaccine-b38adf1a34a10357,BigMHC,v1.0,immunogenicity,0.022999587,higher,predicted,0.022999587,0.005614734
zhao-vaccine-aaddee91634b4a65,BigMHC,v1.0,immunogenicity,0.027242852,higher,predicted,0.027242852,0.2135369
zhao-vaccine-3fefaf7cf6c662cd,BigMHC,v1.0,immunogenicity,0.06814622,higher,predicted,0.06814622,0.004920016
zhao-vaccine-6628e04f9ddbfbf6,BigMHC,v1.0,immunogenicity,0.39548677,higher,predicted,0.39548677,0.12217319
zhao-vaccine-28b6cea5f1f503f6,BigMHC,v1.0,immunogenicity,0.55807793,higher,predicted,0.55807793,0.5881357
zhao-vaccine-7a5eaeb9f38eb2a5,BigMHC,v1.0,immunogenicity,0.43858644,higher,predicted,0.43858644,0.8951782
zhao-vaccine-4634de9646f305ec,BigMHC,v1.0,immunogenicity,0.5145589,higher,predicted,0.5145589,0.2787766
zhao-vaccine-7afd3356d2ec51b0,BigMHC,v1.0,immunogenicity,0.027825411,higher,predicted,0.027825411,0.032326274
zhao-vaccine-fefd263d2f7f6e4b,BigMHC,v1.0,immunogenicity,0.65380275,higher,predicted,0.65380275,0.9532794
zhao-vaccine-006db7f66708b833,BigMHC,v1.0,immunogenicity,0.048978843,higher,predicted,0.048978843,0.0049016927
zhao-vaccine-546e2eb178b315b1,BigMHC,v1.0,immunogenicity,0.023314033,higher,predicted,0.023314033,0.0034034273
zhao-vaccine-40088cdb03109f67,BigMHC,v1.0,immunogenicity,0.0856229,higher,predicted,0.0856229,0.074742876
zhao-vaccine-1e1164e9839091cb,BigMHC,v1.0,immunogenicity,0.30714104,higher,predicted,0.30714104,0.00990308
zhao-vaccine-52757f62ded011a3,BigMHC,v1.0,immunogenicity,0.025597235,higher,predicted,0.025597235,0.01364782
zhao-vaccine-8ea5312eb0adff73,BigMHC,v1.0,immunogenicity,0.020654384,higher,predicted,0.020654384,0.0011773396
zhao-vaccine-f1dce5f301e2336e,BigMHC,v1.0,immunogenicity,0.010270245,higher,predicted,0.010270245,0.02977642
zhao-vaccine-35a88421aeb0c758,BigMHC,v1.0,immunogenicity,0.22238699,higher,predicted,0.22238699,0.005273974
zhao-vaccine-f147d872726839fc,BigMHC,v1.0,immunogenicity,0.22045073,higher,predicted,0.22045073,0.021552611
zhao-vaccine-b0eda9d86c2022bb,BigMHC,v1.0,immunogenicity,0.08374773,higher,predicted,0.08374773,0.0052518365
zhao-vaccine-5cddd1e998209590,BigMHC,v1.0,immunogenicity,0.20805927,higher,predicted,0.20805927,0.002551409
zhao-vaccine-eb8ee542e0e4abb0,BigMHC,v1.0,immunogenicity,0.44466332,higher,predicted,0.44466332,0.9545554
zhao-vaccine-9cbc55f563fa4d7c,BigMHC,v1.0,immunogenicity,0.0212596,higher,predicted,0.0212596,0.005042696
zhao-vaccine-839fc7d85c2fdcb0,BigMHC,v1.0,immunogenicity,0.29780006,higher,predicted,0.29780006,0.7322381
zhao-vaccine-0937ca06052a3e32,BigMHC,v1.0,immunogenicity,0.40155247,higher,predicted,0.40155247,0.15231986
zhao-vaccine-a9b2ef34a4a4f738,BigMHC,v1.0,immunogenicity,0.2044533,higher,predicted,0.2044533,0.6727341
zhao-vaccine-fcec977a276bdf8c,BigMHC,v1.0,immunogenicity,0.04800475,higher,predicted,0.04800475,0.073467694
zhao-vaccine-7a09b470d60c0895,BigMHC,v1.0,immunogenicity,0.39851192,higher,predicted,0.39851192,0.07008805
zhao-vaccine-3372d006c19f3cc4,BigMHC,v1.0,immunogenicity,0.03363493,higher,predicted,0.03363493,0.006716744
zhao-vaccine-b40b1b13f33fc0c2,BigMHC,v1.0,immunogenicity,0.3835719,higher,predicted,0.3835719,0.9697954
zhao-vaccine-45cb7fbedbb1c0c3,BigMHC,v1.0,immunogenicity,0.08881145,higher,predicted,0.08881145,0.29057264
zhao-vaccine-b349d9cfc662fc3f,BigMHC,v1.0,immunogenicity,0.015128969,higher,predicted,0.015128969,0.003096319
zhao-vaccine-ff806cde4c5e99e1,BigMHC,v1.0,immunogenicity,0.021446453,higher,predicted,0.021446453,0.020423025
zhao-vaccine-1206dc3feba6e30e,BigMHC,v1.0,immunogenicity,0.037150886,higher,predicted,0.037150886,0.0015858983
zhao-vaccine-90351014ab7f9ef2,BigMHC,v1.0,immunogenicity,0.028690755,higher,predicted,0.028690755,0.0007033722
zhao-vaccine-b012698f34ee7444,BigMHC,v1.0,immunogenicity,0.5163463,higher,predicted,0.5163463,0.55575997
zhao-vaccine-a2d6b5d52e8e2a06,BigMHC,v1.0,immunogenicity,0.12201225,higher,predicted,0.12201225,0.028310582
zhao-vaccine-2a55b2b506873138,BigMHC,v1.0,immunogenicity,0.32007095,higher,predicted,0.32007095,0.19826365
zhao-vaccine-0a4af062d10dde2c,BigMHC,v1.0,immunogenicity,0.06209621,higher,predicted,0.06209621,0.007040242
zhao-vaccine-ba1d65802cd3eaf9,BigMHC,v1.0,immunogenicity,0.11603429,higher,predicted,0.11603429,0.29071617
zhao-vaccine-6632872a0b3e448c,BigMHC,v1.0,immunogenicity,0.122208476,higher,predicted,0.122208476,0.032121502
zhao-vaccine-0179e24f8724c4a2,BigMHC,v1.0,immunogenicity,0.023357153,higher,predicted,0.023357153,0.0032703897
zhao-vaccine-7ba3cb1c854964c6,BigMHC,v1.0,immunogenicity,0.17572482,higher,predicted,0.17572482,0.41222653
zhao-vaccine-763cda9e0bb31298,BigMHC,v1.0,immunogenicity,0.063069135,higher,predicted,0.063069135,0.0026837098
zhao-vaccine-e22b469e68254879,BigMHC,v1.0,immunogenicity,0.07646268,higher,predicted,0.07646268,0.1622592
zhao-vaccine-44063f3c8fb4dcf5,BigMHC,v1.0,immunogenicity,0.056023113,higher,predicted,0.056023113,0.0006643273
zhao-vaccine-d2cfccf2ae541c09,BigMHC,v1.0,immunogenicity,0.30089012,higher,predicted,0.30089012,0.068417616
zhao-vaccine-64773930bac26b74,BigMHC,v1.0,immunogenicity,0.2128065,higher,predicted,0.2128065,0.03969723
zhao-vaccine-baa1ccdf328ebe08,BigMHC,v1.0,immunogenicity,0.08735756,higher,predicted,0.08735756,0.0457026
zhao-vaccine-8bcd58c46c00f5e3,BigMHC,v1.0,immunogenicity,0.13681827,higher,predicted,0.13681827,0.73482025
zhao-vaccine-f3de3519292f9040,BigMHC,v1.0,immunogenicity,0.07461577,higher,predicted,0.07461577,0.015391238
zhao-vaccine-aaab17ba46dc2729,BigMHC,v1.0,immunogenicity,0.19606517,higher,predicted,0.19606517,0.52114725
zhao-vaccine-dc8bf0863af81f55,BigMHC,v1.0,immunogenicity,0.19669417,higher,predicted,0.19669417,0.22815056
zhao-vaccine-aef7322119dad1c7,BigMHC,v1.0,immunogenicity,0.17303827,higher,predicted,0.17303827,0.08156844
zhao-vaccine-ec94cc88e5d47778,BigMHC,v1.0,immunogenicity,0.047463987,higher,predicted,0.047463987,0.4968379
zhao-vaccine-0e08c8e41a1fd3bc,BigMHC,v1.0,immunogenicity,0.26428762,higher,predicted,0.26428762,0.6935988
zhao-vaccine-1592302bf61f7835,BigMHC,v1.0,immunogenicity,0.015382396,higher,predicted,0.015382396,0.094707645
zhao-vaccine-d94a4ac63f944c6b,BigMHC,v1.0,immunogenicity,0.36953214,higher,predicted,0.36953214,0.08688126
zhao-vaccine-c483b1de01ead533,BigMHC,v1.0,immunogenicity,0.43003216,higher,predicted,0.43003216,0.37763974
zhao-vaccine-9e8fc39d95a40a1f,BigMHC,v1.0,immunogenicity,0.8395301,higher,predicted,0.8395301,0.9812325
zhao-vaccine-6363fe1dd915ea5b,BigMHC,v1.0,immunogenicity,0.14224741,higher,predicted,0.14224741,0.003147065
zhao-vaccine-cd64b4192a9c9894,BigMHC,v1.0,immunogenicity,0.08717193,higher,predicted,0.08717193,0.0027798456
zhao-vaccine-d1371927058a5898,BigMHC,v1.0,immunogenicity,0.08228322,higher,predicted,0.08228322,0.7861449
zhao-vaccine-0d7bb9929488898f,BigMHC,v1.0,immunogenicity,0.12353398,higher,predicted,0.12353398,0.07153664
zhao-vaccine-3679fae15754e273,BigMHC,v1.0,immunogenicity,0.2964105,higher,predicted,0.2964105,0.94681114
zhao-vaccine-a33ee1dd3b2f09a1,BigMHC,v1.0,immunogenicity,0.19089167,higher,predicted,0.19089167,0.00061414985
zhao-vaccine-112f4a88e10feba3,BigMHC,v1.0,immunogenicity,0.0422901,higher,predicted,0.0422901,0.0048161545
zhao-vaccine-51e00233f3f7e7ca,BigMHC,v1.0,immunogenicity,0.22139104,higher,predicted,0.22139104,0.3576781
zhao-vaccine-a891cfc889051ef8,BigMHC,v1.0,immunogenicity,0.05173819,higher,predicted,0.05173819,0.5665514
zhao-vaccine-38e000addf6f4701,BigMHC,v1.0,immunogenicity,0.05432219,higher,predicted,0.05432219,0.0012124444
zhao-vaccine-a8ebe5e94913fd30,BigMHC,v1.0,immunogenicity,0.20418055,higher,predicted,0.20418055,0.556356
zhao-vaccine-ba8ad90e15f22284,BigMHC,v1.0,immunogenicity,0.0068758293,higher,predicted,0.0068758293,0.001572272
zhao-vaccine-a825adb3986d85b1,BigMHC,v1.0,immunogenicity,0.20291701,higher,predicted,0.20291701,0.014171867
zhao-vaccine-d73b9d3454d5e3ba,BigMHC,v1.0,immunogenicity,0.18141234,higher,predicted,0.18141234,0.11108129
zhao-vaccine-098597d31e02ff18,BigMHC,v1.0,immunogenicity,0.062132787,higher,predicted,0.062132787,0.042442888
zhao-vaccine-e17001ee68f8b2b6,BigMHC,v1.0,immunogenicity,0.045889437,higher,predicted,0.045889437,0.82844824
zhao-vaccine-3821bcfab49c8dda,BigMHC,v1.0,immunogenicity,0.33232588,higher,predicted,0.33232588,0.48804095
zhao-vaccine-b5376bbf72b75a70,BigMHC,v1.0,immunogenicity,0.054486465,higher,predicted,0.054486465,0.053536136
zhao-vaccine-8ce3e00395eaa80f,BigMHC,v1.0,immunogenicity,0.036879253,higher,predicted,0.036879253,0.3546109
zhao-vaccine-6fe2d12f3351fe80,BigMHC,v1.0,immunogenicity,0.0119825965,higher,predicted,0.0119825965,0.2268163
zhao-vaccine-e6aa519622814498,BigMHC,v1.0,immunogenicity,0.06712647,higher,predicted,0.06712647,0.5830508
zhao-vaccine-28680df863991b81,BigMHC,v1.0,immunogenicity,0.06034022,higher,predicted,0.06034022,0.031215014
zhao-vaccine-3a04d026d8ca0c16,BigMHC,v1.0,immunogenicity,0.41854617,higher,predicted,0.41854617,0.0033270358
zhao-vaccine-8fa00450fd1bd1ea,BigMHC,v1.0,immunogenicity,0.27524728,higher,predicted,0.27524728,0.001590612
zhao-vaccine-902524f8714db0a0,BigMHC,v1.0,immunogenicity,0.33236727,higher,predicted,0.33236727,0.020537669
zhao-vaccine-166f9c9be7a28013,BigMHC,v1.0,immunogenicity,0.13114767,higher,predicted,0.13114767,0.005118091
zhao-vaccine-d4e4cbda7eddf547,BigMHC,v1.0,immunogenicity,0.0689831,higher,predicted,0.0689831,0.0009915854
zhao-vaccine-1228c02b9ebad53d,BigMHC,v1.0,immunogenicity,0.09798545,higher,predicted,0.09798545,0.0011817475
zhao-vaccine-16bae7dd6fe15f00,BigMHC,v1.0,immunogenicity,0.45875835,higher,predicted,0.45875835,0.42397246
zhao-vaccine-85cf428a5750ca1a,BigMHC,v1.0,immunogenicity,0.13293411,higher,predicted,0.13293411,0.02296863
zhao-vaccine-33fd6104c0ed9ad5,BigMHC,v1.0,immunogenicity,0.16694081,higher,predicted,0.16694081,0.21663234
zhao-vaccine-4baf337f7a2317cd,BigMHC,v1.0,immunogenicity,0.033819687,higher,predicted,0.033819687,0.0061125
zhao-vaccine-77cc94148cfef17a,BigMHC,v1.0,immunogenicity,0.045181133,higher,predicted,0.045181133,0.000987112
zhao-vaccine-ec860c1541ddf880,BigMHC,v1.0,immunogenicity,0.035066724,higher,predicted,0.035066724,0.0059009506
zhao-vaccine-ff0e778a62e2c15f,BigMHC,v1.0,immunogenicity,0.12316554,higher,predicted,0.12316554,0.1260878
zhao-vaccine-cfb615fd7a59e172,BigMHC,v1.0,immunogenicity,0.003398318,higher,predicted,0.003398318,0.0023151306
zhao-vaccine-0bae040f7ad64682,BigMHC,v1.0,immunogenicity,0.030143898,higher,predicted,0.030143898,0.041826207
zhao-vaccine-0cf5974c881fdb74,BigMHC,v1.0,immunogenicity,0.041089803,higher,predicted,0.041089803,0.15050516
zhao-vaccine-c80f6f094b695166,BigMHC,v1.0,immunogenicity,0.0050013685,higher,predicted,0.0050013685,0.00060210476
zhao-vaccine-bed24addf506ce34,BigMHC,v1.0,immunogenicity,0.14970386,higher,predicted,0.14970386,0.0037803464
zhao-vaccine-dfdd9ca8c63955a9,BigMHC,v1.0,immunogenicity,0.10408938,higher,predicted,0.10408938,0.1245983
zhao-vaccine-132b0e1662304a94,BigMHC,v1.0,immunogenicity,0.023930022,higher,predicted,0.023930022,0.00025309145
zhao-vaccine-f1a49243ae0c64e6,BigMHC,v1.0,immunogenicity,0.014400937,higher,predicted,0.014400937,0.0027180468
zhao-vaccine-fa380ed85f15cc2e,BigMHC,v1.0,immunogenicity,0.4268412,higher,predicted,0.4268412,0.118177
zhao-vaccine-1dfd583f79b300b6,BigMHC,v1.0,immunogenicity,0.0905791,higher,predicted,0.0905791,0.29827493
zhao-vaccine-b1ac9f609618f8ca,BigMHC,v1.0,immunogenicity,0.16991088,higher,predicted,0.16991088,0.9059555
zhao-vaccine-fb673980ce81a692,BigMHC,v1.0,immunogenicity,0.044922266,higher,predicted,0.044922266,0.08883902
zhao-vaccine-bc737e82b758fa39,BigMHC,v1.0,immunogenicity,0.09558018,higher,predicted,0.09558018,0.57388514
zhao-vaccine-6e7ce227f1e7e95c,BigMHC,v1.0,immunogenicity,0.044079345,higher,predicted,0.044079345,0.053751867
zhao-vaccine-c85c158e98c6d4ce,BigMHC,v1.0,immunogenicity,0.36050865,higher,predicted,0.36050865,0.29976568
zhao-vaccine-b5643709e76f41a2,BigMHC,v1.0,immunogenicity,0.09849658,higher,predicted,0.09849658,0.017803378
zhao-vaccine-c324908cc731511f,BigMHC,v1.0,immunogenicity,0.58432835,higher,predicted,0.58432835,0.5124134
zhao-vaccine-e26babc136986b5c,BigMHC,v1.0,immunogenicity,0.40647855,higher,predicted,0.40647855,0.22169499
zhao-vaccine-ed76349c9e2dd472,BigMHC,v1.0,immunogenicity,0.20344117,higher,predicted,0.20344117,0.016461924
zhao-vaccine-f46f09dbc700467c,BigMHC,v1.0,immunogenicity,0.21985507,higher,predicted,0.21985507,0.2756415
zhao-vaccine-43909cc41eef52d8,BigMHC,v1.0,immunogenicity,0.007415538,higher,predicted,0.007415538,0.011871899
zhao-vaccine-9ff097726bf7df82,BigMHC,v1.0,immunogenicity,0.0026906861,higher,predicted,0.0026906861,0.0017399519
zhao-vaccine-07cc120068811e93,BigMHC,v1.0,immunogenicity,0.021626493,higher,predicted,0.021626493,0.01651912
zhao-vaccine-cb6e9da5baefeef6,BigMHC,v1.0,immunogenicity,0.12895076,higher,predicted,0.12895076,0.3429098
zhao-vaccine-e42e79bfabd35285,BigMHC,v1.0,immunogenicity,0.120395355,higher,predicted,0.120395355,0.5023303
zhao-vaccine-eb11477b0efd0a9d,BigMHC,v1.0,immunogenicity,0.4145749,higher,predicted,0.4145749,0.7978889
zhao-vaccine-aba286679a3af33b,BigMHC,v1.0,immunogenicity,0.6858464,higher,predicted,0.6858464,0.68353224
zhao-vaccine-e001077a510ea0ab,BigMHC,v1.0,immunogenicity,0.3262994,higher,predicted,0.3262994,0.141929
zhao-vaccine-8aedb3da06ef5aa9,BigMHC,v1.0,immunogenicity,0.41910505,higher,predicted,0.41910505,0.80966514
zhao-vaccine-4f3da3709e858594,BigMHC,v1.0,immunogenicity,0.46552053,higher,predicted,0.46552053,0.4917335
zhao-vaccine-66cf6b1fcec64658,BigMHC,v1.0,immunogenicity,0.29263967,higher,predicted,0.29263967,0.04638142
zhao-vaccine-110f8acbe4b1fca8,BigMHC,v1.0,immunogenicity,0.09288186,higher,predicted,0.09288186,0.017515961
zhao-vaccine-e9a46f9004af1a7e,BigMHC,v1.0,immunogenicity,0.7395673,higher,predicted,0.7395673,0.98842895
zhao-vaccine-e2051480d50651a1,BigMHC,v1.0,immunogenicity,0.49984068,higher,predicted,0.49984068,0.94871336
zhao-vaccine-d8c68ff39c6d67bc,BigMHC,v1.0,immunogenicity,0.6248237,higher,predicted,0.6248237,0.92692643
zhao-vaccine-bbd81a245bdb6a53,BigMHC,v1.0,immunogenicity,0.68876046,higher,predicted,0.68876046,0.98372173
zhao-vaccine-92fd5241864b220f,BigMHC,v1.0,immunogenicity,0.010238354,higher,predicted,0.010238354,0.0024790533
zhao-vaccine-5d33fb0ff018fbe9,BigMHC,v1.0,immunogenicity,0.68876046,higher,predicted,0.68876046,0.98372173
zhao-vaccine-8ee91c6641ca1ff0,BigMHC,v1.0,immunogenicity,0.054887626,higher,predicted,0.054887626,0.007188267
zhao-vaccine-9d3f40a0956a4e9d,BigMHC,v1.0,immunogenicity,0.23513654,higher,predicted,0.23513654,0.063719906
zhao-vaccine-9901cb3a4b27ed5a,BigMHC,v1.0,immunogenicity,0.08840837,higher,predicted,0.08840837,0.04496745
zhao-vaccine-4b07864e3140705d,BigMHC,v1.0,immunogenicity,0.3129305,higher,predicted,0.3129305,0.8142333
zhao-vaccine-110db05232ea3082,BigMHC,v1.0,immunogenicity,0.16235049,higher,predicted,0.16235049,0.019260632
zhao-vaccine-e4d2b521029f4c75,BigMHC,v1.0,immunogenicity,0.0034008534,higher,predicted,0.0034008534,0.0003579394
zhao-vaccine-a282ba8a7a06086e,BigMHC,v1.0,immunogenicity,0.35683578,higher,predicted,0.35683578,0.80638033
zhao-vaccine-77c18644e2932fb6,BigMHC,v1.0,immunogenicity,0.035096638,higher,predicted,0.035096638,0.72386134
zhao-vaccine-aa1cd6de21c627b5,BigMHC,v1.0,immunogenicity,0.32596406,higher,predicted,0.32596406,0.7506499
zhao-vaccine-bc68d3539269548a,BigMHC,v1.0,immunogenicity,0.2327441,higher,predicted,0.2327441,0.126584
zhao-vaccine-1eec771665f33903,BigMHC,v1.0,immunogenicity,0.038982753,higher,predicted,0.038982753,0.056528233
zhao-vaccine-594e87b0587a9e9f,BigMHC,v1.0,immunogenicity,0.0007993254,higher,predicted,0.0007993254,0.00040375048
zhao-vaccine-04b4770698a2974e,BigMHC,v1.0,immunogenicity,0.01917331,higher,predicted,0.01917331,0.039904635
zhao-vaccine-c58e108dfd64cbc0,BigMHC,v1.0,immunogenicity,0.060358476,higher,predicted,0.060358476,0.20445217
zhao-vaccine-d92517974d4f3f89,BigMHC,v1.0,immunogenicity,0.066280976,higher,predicted,0.066280976,0.025873614
zhao-vaccine-6e32a3a4d24b8733,BigMHC,v1.0,immunogenicity,0.29748827,higher,predicted,0.29748827,0.24591073
zhao-vaccine-0b28e737575328f2,BigMHC,v1.0,immunogenicity,0.00080964534,higher,predicted,0.00080964534,0.0015079288
zhao-vaccine-cffd74d560631564,BigMHC,v1.0,immunogenicity,0.00048252294,higher,predicted,0.00048252294,7.470294e-05
zhao-vaccine-65b6f9f578d64a3a,BigMHC,v1.0,immunogenicity,0.041355427,higher,predicted,0.041355427,0.030216608
zhao-vaccine-83583be375927df6,BigMHC,v1.0,immunogenicity,0.07701095,higher,predicted,0.07701095,0.0068232147
zhao-vaccine-f8a95121fa99348f,BigMHC,v1.0,immunogenicity,0.13228406,higher,predicted,0.13228406,0.0058687963
zhao-vaccine-65db3d80fa5b7e99,BigMHC,v1.0,immunogenicity,0.25035352,higher,predicted,0.25035352,0.12823763
zhao-vaccine-3db26662dded174b,BigMHC,v1.0,immunogenicity,0.016968971,higher,predicted,0.016968971,0.014969705
zhao-vaccine-ecca5c8d455577b7,BigMHC,v1.0,immunogenicity,0.02115363,higher,predicted,0.02115363,0.009634353
zhao-vaccine-a939cdd1e64517db,BigMHC,v1.0,immunogenicity,0.08120541,higher,predicted,0.08120541,0.014987356
zhao-vaccine-3a91b0412741607d,BigMHC,v1.0,immunogenicity,0.040751368,higher,predicted,0.040751368,0.44803452
zhao-vaccine-950d323708c0c079,BigMHC,v1.0,immunogenicity,0.22968952,higher,predicted,0.22968952,0.8072424
zhao-vaccine-0fbf25678eb746d0,BigMHC,v1.0,immunogenicity,0.05149172,higher,predicted,0.05149172,0.004259747
zhao-vaccine-357ed390ee7d1fdc,BigMHC,v1.0,immunogenicity,0.07544198,higher,predicted,0.07544198,0.3068266
zhao-vaccine-240e01cc8bb465d9,BigMHC,v1.0,immunogenicity,0.060980685,higher,predicted,0.060980685,0.6000472
zhao-vaccine-2f2100d375af7d5a,BigMHC,v1.0,immunogenicity,0.0147366375,higher,predicted,0.0147366375,0.00523967
zhao-vaccine-afe0dec4eb28ae10,BigMHC,v1.0,immunogenicity,0.81394005,higher,predicted,0.81394005,0.91902965
zhao-vaccine-936805b3da156177,BigMHC,v1.0,immunogenicity,0.17672446,higher,predicted,0.17672446,0.4975687
zhao-vaccine-424685eefad90556,BigMHC,v1.0,immunogenicity,0.42906192,higher,predicted,0.42906192,0.31023732
zhao-vaccine-76a4efdae6a914b3,BigMHC,v1.0,immunogenicity,0.037219815,higher,predicted,0.037219815,0.06769179
zhao-vaccine-36426fe45a930122,BigMHC,v1.0,immunogenicity,0.35523126,higher,predicted,0.35523126,0.68980324
zhao-vaccine-f747b2b51cfbabad,BigMHC,v1.0,immunogenicity,0.80464166,higher,predicted,0.80464166,0.77464145
zhao-vaccine-27e1a9e9e35414a7,BigMHC,v1.0,immunogenicity,0.36800542,higher,predicted,0.36800542,0.0016065015
zhao-vaccine-404d7ce39ecf59f9,BigMHC,v1.0,immunogenicity,0.21007851,higher,predicted,0.21007851,0.0008752696
zhao-vaccine-8065b928ecd8e7f8,BigMHC,v1.0,immunogenicity,0.13775995,higher,predicted,0.13775995,0.0026941542
zhao-vaccine-ad459a5f33f3e1a8,BigMHC,v1.0,immunogenicity,0.26231274,higher,predicted,0.26231274,3.882128e-05
zhao-vaccine-d09e210ef6ab7eb3,BigMHC,v1.0,immunogenicity,0.0070441733,higher,predicted,0.0070441733,0.0024084246
zhao-vaccine-aa2c1bda5b31a11f,BigMHC,v1.0,immunogenicity,0.19439885,higher,predicted,0.19439885,0.0084713185
zhao-vaccine-3fbf3551139b5a42,BigMHC,v1.0,immunogenicity,0.055712342,higher,predicted,0.055712342,0.094477765
zhao-vaccine-1e95a45f3420bc91,BigMHC,v1.0,immunogenicity,0.14321744,higher,predicted,0.14321744,0.019900749
zhao-vaccine-2bac15822f4621cb,BigMHC,v1.0,immunogenicity,0.17278382,higher,predicted,0.17278382,0.0148161305
zhao-vaccine-bbc17f4dc4d180d2,BigMHC,v1.0,immunogenicity,0.03579217,higher,predicted,0.03579217,0.2793549
zhao-vaccine-a1819a144253c3e6,BigMHC,v1.0,immunogenicity,0.046022344,higher,predicted,0.046022344,0.22413132
zhao-vaccine-073cca260922bb4f,BigMHC,v1.0,immunogenicity,0.014473499,higher,predicted,0.014473499,0.021923235
zhao-vaccine-126571c60a679ff2,BigMHC,v1.0,immunogenicity,0.17571239,higher,predicted,0.17571239,0.030039877
zhao-vaccine-53cc5e2c52609258,BigMHC,v1.0,immunogenicity,0.11948152,higher,predicted,0.11948152,0.002931759
zhao-vaccine-4fd86bb638616a00,BigMHC,v1.0,immunogenicity,0.37366262,higher,predicted,0.37366262,0.7423682
zhao-vaccine-093e4d37b1ecc877,BigMHC,v1.0,immunogenicity,0.0017694618,higher,predicted,0.0017694618,0.007961274
zhao-vaccine-0c1b41d2765f72e0,BigMHC,v1.0,immunogenicity,0.4322783,higher,predicted,0.4322783,0.52463424
zhao-vaccine-d266d1821cd62f33,BigMHC,v1.0,immunogenicity,0.6705392,higher,predicted,0.6705392,0.9099775
zhao-vaccine-e435197463fe5b7c,BigMHC,v1.0,immunogenicity,0.045687646,higher,predicted,0.045687646,0.024126334
zhao-vaccine-c6f922bd7724668d,BigMHC,v1.0,immunogenicity,0.3011164,higher,predicted,0.3011164,0.0016483031
zhao-vaccine-3861173c349a7587,BigMHC,v1.0,immunogenicity,0.048695516,higher,predicted,0.048695516,0.00014768055
zhao-vaccine-52a2e78b51a70337,BigMHC,v1.0,immunogenicity,0.18848011,higher,predicted,0.18848011,0.06373819
zhao-vaccine-8fac527caef104e1,BigMHC,v1.0,immunogenicity,0.015123448,higher,predicted,0.015123448,0.040434044
zhao-vaccine-3d1f8c74d397ed46,BigMHC,v1.0,immunogenicity,0.23183134,higher,predicted,0.23183134,0.040660482
zhao-vaccine-fee31d8d1b435872,BigMHC,v1.0,immunogenicity,0.23270774,higher,predicted,0.23270774,0.0023255323
zhao-vaccine-a6ce883b480ebf92,BigMHC,v1.0,immunogenicity,0.14858271,higher,predicted,0.14858271,0.0006194351
zhao-vaccine-e5be39d25fc4aeb6,BigMHC,v1.0,immunogenicity,0.12641524,higher,predicted,0.12641524,0.02251578
zhao-vaccine-bd41813397b358e6,BigMHC,v1.0,immunogenicity,0.31812158,higher,predicted,0.31812158,0.004904795
zhao-vaccine-886afa53cb6fd290,BigMHC,v1.0,immunogenicity,0.57144326,higher,predicted,0.57144326,0.8186273
zhao-vaccine-89b2e10bbeb05b74,BigMHC,v1.0,immunogenicity,0.5719104,higher,predicted,0.5719104,0.806006
zhao-vaccine-950ce035fa9f7b3e,BigMHC,v1.0,immunogenicity,0.29911444,higher,predicted,0.29911444,0.48337576
zhao-vaccine-41d4a32ce031bda7,BigMHC,v1.0,immunogenicity,0.23095848,higher,predicted,0.23095848,0.56250787
zhao-vaccine-a3baeddfcc144f84,BigMHC,v1.0,immunogenicity,0.38756028,higher,predicted,0.38756028,0.8348423
zhao-vaccine-f41ac392317c1f3c,BigMHC,v1.0,immunogenicity,0.23480473,higher,predicted,0.23480473,0.010171063
zhao-vaccine-13044e099e8c07a3,BigMHC,v1.0,immunogenicity,0.113291465,higher,predicted,0.113291465,0.0015621374
zhao-vaccine-77ce0dbf21cd2413,BigMHC,v1.0,immunogenicity,0.27452183,higher,predicted,0.27452183,0.0005706406
zhao-vaccine-3a765fcf8cf7cbcd,BigMHC,v1.0,immunogenicity,0.06667502,higher,predicted,0.06667502,0.1813175
zhao-vaccine-ee128565ffd955fd,BigMHC,v1.0,immunogenicity,0.08802378,higher,predicted,0.08802378,0.7260756
zhao-vaccine-50aa884055c16bdc,BigMHC,v1.0,immunogenicity,0.14095591,higher,predicted,0.14095591,0.8411415
zhao-vaccine-8bfc8433c2db53d0,BigMHC,v1.0,immunogenicity,0.28436276,higher,predicted,0.28436276,0.56119335
zhao-vaccine-6e57bbd91e448670,BigMHC,v1.0,immunogenicity,0.05961377,higher,predicted,0.05961377,0.036724877
zhao-vaccine-8ac8c2227e3a36fe,BigMHC,v1.0,immunogenicity,0.47400203,higher,predicted,0.47400203,0.036221538
zhao-vaccine-ec6e03b4a77258a4,BigMHC,v1.0,immunogenicity,0.19541202,higher,predicted,0.19541202,0.25823238
zhao-vaccine-3f721116ed966486,BigMHC,v1.0,immunogenicity,0.17786142,higher,predicted,0.17786142,0.01027149
zhao-vaccine-0ff87130a67a50da,BigMHC,v1.0,immunogenicity,0.5243559,higher,predicted,0.5243559,0.122249916
zhao-vaccine-ba76e0ea75e6adf0,BigMHC,v1.0,immunogenicity,0.1373234,higher,predicted,0.1373234,0.0008945072
zhao-vaccine-f01a2d38b51af23b,BigMHC,v1.0,immunogenicity,0.09403137,higher,predicted,0.09403137,0.00064527924
zhao-vaccine-cdd84c3ea35dd116,BigMHC,v1.0,immunogenicity,0.34931913,higher,predicted,0.34931913,0.15498592
zhao-vaccine-9a68cd155d557b58,BigMHC,v1.0,immunogenicity,0.5435057,higher,predicted,0.5435057,0.6350599
zhao-vaccine-88b886753b3b85e8,BigMHC,v1.0,immunogenicity,0.0524937,higher,predicted,0.0524937,0.041410606
zhao-vaccine-e7bc5743829b1ff8,BigMHC,v1.0,immunogenicity,0.23885064,higher,predicted,0.23885064,0.77138454
zhao-vaccine-d3cbe9756a3b5068,BigMHC,v1.0,immunogenicity,0.11593411,higher,predicted,0.11593411,0.34777045
zhao-vaccine-35398a4ea27add69,BigMHC,v1.0,immunogenicity,0.1535339,higher,predicted,0.1535339,0.025976274
zhao-vaccine-75838fb2556f29fb,BigMHC,v1.0,immunogenicity,0.1372729,higher,predicted,0.1372729,0.70269114
zhao-vaccine-fc9f2ef790e4890f,BigMHC,v1.0,immunogenicity,0.059858136,higher,predicted,0.059858136,0.0003327545
zhao-vaccine-f98d7a49c6d35606,BigMHC,v1.0,immunogenicity,0.20073327,higher,predicted,0.20073327,0.07036304
zhao-vaccine-01c18581bbb4033b,BigMHC,v1.0,immunogenicity,0.05150606,higher,predicted,0.05150606,0.0008606384
zhao-vaccine-9c4d9f5cd8d83848,BigMHC,v1.0,immunogenicity,0.21085718,higher,predicted,0.21085718,0.0009342435
zhao-vaccine-7b47e99c9258d4a3,BigMHC,v1.0,immunogenicity,0.25565252,higher,predicted,0.25565252,0.00074872514
zhao-vaccine-e96c0f3a45eafbc7,BigMHC,v1.0,immunogenicity,0.14174512,higher,predicted,0.14174512,0.12519094
zhao-vaccine-65dbbea4d969c167,BigMHC,v1.0,immunogenicity,0.6289474,higher,predicted,0.6289474,0.98175174
zhao-vaccine-d5c2d92c68c00e44,BigMHC,v1.0,immunogenicity,0.29142645,higher,predicted,0.29142645,0.8811247
zhao-vaccine-abb8026d5686da7b,BigMHC,v1.0,immunogenicity,0.123358764,higher,predicted,0.123358764,0.0008492603
zhao-vaccine-49367aefb06d8c31,BigMHC,v1.0,immunogenicity,0.26012197,higher,predicted,0.26012197,0.20438239
zhao-vaccine-48ca07a27a0067b5,BigMHC,v1.0,immunogenicity,0.048577707,higher,predicted,0.048577707,0.09567891
zhao-vaccine-6480557c7f803095,BigMHC,v1.0,immunogenicity,0.12809332,higher,predicted,0.12809332,0.003911091
zhao-vaccine-c8d3f0455cd3ed01,BigMHC,v1.0,immunogenicity,0.010933484,higher,predicted,0.010933484,0.02143675
zhao-vaccine-58ce32e861af7792,BigMHC,v1.0,immunogenicity,0.036332216,higher,predicted,0.036332216,0.13526532
zhao-vaccine-af7867960576ddea,BigMHC,v1.0,immunogenicity,0.47713026,higher,predicted,0.47713026,0.14841093
zhao-vaccine-d76fe74404e305c1,BigMHC,v1.0,immunogenicity,0.22191547,higher,predicted,0.22191547,0.03354622
zhao-vaccine-763f2b118fd63fbc,BigMHC,v1.0,immunogenicity,0.12643804,higher,predicted,0.12643804,0.051893525
zhao-vaccine-883f615fab64dfb8,BigMHC,v1.0,immunogenicity,0.021406574,higher,predicted,0.021406574,0.16188999
zhao-vaccine-7f7c6490de6c9249,BigMHC,v1.0,immunogenicity,0.44256037,higher,predicted,0.44256037,0.10551629
zhao-vaccine-123576c9caf5ad31,BigMHC,v1.0,immunogenicity,0.22968952,higher,predicted,0.22968952,0.8072424
zhao-vaccine-693fd279dc9bb1ec,BigMHC,v1.0,immunogenicity,0.1768118,higher,predicted,0.1768118,0.8837434
zhao-vaccine-bf2f1d17d58cffd9,BigMHC,v1.0,immunogenicity,0.028864207,higher,predicted,0.028864207,0.29373863
zhao-vaccine-57f993589faabbec,BigMHC,v1.0,immunogenicity,0.36903387,higher,predicted,0.36903387,0.96815544
zhao-vaccine-7cd0e9aead6fcaaf,BigMHC,v1.0,immunogenicity,0.1353767,higher,predicted,0.1353767,0.23950852
zhao-vaccine-22c4363b550164a3,BigMHC,v1.0,immunogenicity,0.0575304,higher,predicted,0.0575304,0.873305
zhao-vaccine-ef38ec39be9860e2,BigMHC,v1.0,immunogenicity,0.58191246,higher,predicted,0.58191246,0.94188535
zhao-vaccine-61c746584373405e,BigMHC,v1.0,immunogenicity,0.07917809,higher,predicted,0.07917809,0.14593492
zhao-vaccine-ded69bf99718e3d9,BigMHC,v1.0,immunogenicity,0.28504223,higher,predicted,0.28504223,0.3885348
zhao-vaccine-a4299c752707339b,BigMHC,v1.0,immunogenicity,0.43926385,higher,predicted,0.43926385,0.0015983939
zhao-vaccine-0cb879fc2ea296cb,BigMHC,v1.0,immunogenicity,0.35926682,higher,predicted,0.35926682,0.0040947725
zhao-vaccine-e96f43fb3732dc73,BigMHC,v1.0,immunogenicity,0.110011704,higher,predicted,0.110011704,0.0006290384
zhao-vaccine-c3a86d4262560250,BigMHC,v1.0,immunogenicity,0.15997897,higher,predicted,0.15997897,0.00016542098
zhao-vaccine-f26d4f2511028545,BigMHC,v1.0,immunogenicity,0.08066783,higher,predicted,0.08066783,0.00062359456
zhao-vaccine-17cd8a70de1f9524,BigMHC,v1.0,immunogenicity,0.15943973,higher,predicted,0.15943973,0.026699321
zhao-vaccine-53c061a2df04d43f,BigMHC,v1.0,immunogenicity,0.2959271,higher,predicted,0.2959271,0.7186994
zhao-vaccine-c5c934898c1498c5,BigMHC,v1.0,immunogenicity,0.2025493,higher,predicted,0.2025493,0.44639152
zhao-vaccine-5469e5b6e273cfe8,BigMHC,v1.0,immunogenicity,0.23467909,higher,predicted,0.23467909,0.07209861
zhao-vaccine-b66efd8b1004fd38,BigMHC,v1.0,immunogenicity,0.20902501,higher,predicted,0.20902501,0.5321042
zhao-vaccine-b6672e0ed6cce55b,BigMHC,v1.0,immunogenicity,0.37717983,higher,predicted,0.37717983,0.35785526
zhao-vaccine-6c96df56c06254f7,BigMHC,v1.0,immunogenicity,0.39970326,higher,predicted,0.39970326,0.43699092
zhao-vaccine-b3b05f40a5ae38cd,BigMHC,v1.0,immunogenicity,0.16079651,higher,predicted,0.16079651,0.013372666
zhao-vaccine-a5d6113530ed9ca5,BigMHC,v1.0,immunogenicity,0.06538328,higher,predicted,0.06538328,0.0031048362
zhao-vaccine-9e22e5c4001b2b25,BigMHC,v1.0,immunogenicity,0.36704582,higher,predicted,0.36704582,0.036328014
zhao-vaccine-a0bffa2e4df419a4,BigMHC,v1.0,immunogenicity,0.0094047235,higher,predicted,0.0094047235,2.163066e-05
zhao-vaccine-a5e12eac44df3654,BigMHC,v1.0,immunogenicity,0.042284306,higher,predicted,0.042284306,0.012637595
zhao-vaccine-232a4430d93e1e7b,BigMHC,v1.0,immunogenicity,0.2504106,higher,predicted,0.2504106,0.071097836
zhao-vaccine-d4ee26bee0c7e8f2,BigMHC,v1.0,immunogenicity,0.37281844,higher,predicted,0.37281844,0.097510345
zhao-vaccine-aac6b4aab80bd17f,BigMHC,v1.0,immunogenicity,0.09059876,higher,predicted,0.09059876,0.048270643
zhao-vaccine-b986085474b8f378,BigMHC,v1.0,immunogenicity,0.4552617,higher,predicted,0.4552617,0.44830054
zhao-vaccine-ea33020d7e678e1e,BigMHC,v1.0,immunogenicity,0.10065925,higher,predicted,0.10065925,0.31393203
zhao-vaccine-9b32270348e217cb,BigMHC,v1.0,immunogenicity,0.5507832,higher,predicted,0.5507832,0.70059866
zhao-vaccine-862202bcd03e623d,BigMHC,v1.0,immunogenicity,0.5115784,higher,predicted,0.5115784,0.8163036
zhao-vaccine-bcc986f5cfd492fe,BigMHC,v1.0,immunogenicity,0.46006867,higher,predicted,0.46006867,0.99886066
zhao-vaccine-2dbf60795fe422ef,BigMHC,v1.0,immunogenicity,0.06962595,higher,predicted,0.06962595,0.0018456528
zhao-vaccine-9f92d2e098c6dc9d,BigMHC,v1.0,immunogenicity,0.075025626,higher,predicted,0.075025626,0.018816197
zhao-vaccine-8ee9e17f582aa7b8,BigMHC,v1.0,immunogenicity,0.28169918,higher,predicted,0.28169918,0.9045629
zhao-vaccine-beb0fc9b184c1e1d,BigMHC,v1.0,immunogenicity,0.12739085,higher,predicted,0.12739085,0.048805583
zhao-vaccine-1f1412b93ee74c9a,BigMHC,v1.0,immunogenicity,0.07721764,higher,predicted,0.07721764,0.16649434
zhao-vaccine-7295facff9a98907,BigMHC,v1.0,immunogenicity,0.010794339,higher,predicted,0.010794339,0.00022336324
zhao-vaccine-4b8b32343d0e1494,BigMHC,v1.0,immunogenicity,0.17994764,higher,predicted,0.17994764,0.019158307
zhao-vaccine-70ae4c4c65f581b2,BigMHC,v1.0,immunogenicity,0.035260387,higher,predicted,0.035260387,0.01979194
zhao-vaccine-740bb4ddd21edc40,BigMHC,v1.0,immunogenicity,0.009746903,higher,predicted,0.009746903,0.038951993
zhao-vaccine-4085b8c28233ad53,BigMHC,v1.0,immunogenicity,0.118171476,higher,predicted,0.118171476,0.8214861
zhao-vaccine-bb9240271b41d4eb,BigMHC,v1.0,immunogenicity,0.04127879,higher,predicted,0.04127879,0.008798384
zhao-vaccine-455522409374bfb4,BigMHC,v1.0,immunogenicity,0.054314386,higher,predicted,0.054314386,0.0006915483
zhao-vaccine-2d9459470e3bfe2c,BigMHC,v1.0,immunogenicity,0.01723863,higher,predicted,0.01723863,0.00030827607
zhao-vaccine-415df34c48d316bb,BigMHC,v1.0,immunogenicity,0.017099947,higher,predicted,0.017099947,0.018676309
zhao-vaccine-c32ca0517468f741,BigMHC,v1.0,immunogenicity,0.0139814345,higher,predicted,0.0139814345,0.05885635
zhao-vaccine-ac036837e07861b7,BigMHC,v1.0,immunogenicity,0.26791555,higher,predicted,0.26791555,0.034442026
zhao-vaccine-b8f24bf56b36f946,BigMHC,v1.0,immunogenicity,0.39402303,higher,predicted,0.39402303,0.43522575
zhao-vaccine-bde06b90e2aa0b4e,BigMHC,v1.0,immunogenicity,0.25492048,higher,predicted,0.25492048,0.18136589
zhao-vaccine-bdac5831570297ae,BigMHC,v1.0,immunogenicity,0.1266404,higher,predicted,0.1266404,0.25084597
zhao-vaccine-942ac5b1216c0403,BigMHC,v1.0,immunogenicity,0.5887364,higher,predicted,0.5887364,0.043977022
zhao-vaccine-370a499e276d926a,BigMHC,v1.0,immunogenicity,0.35232076,higher,predicted,0.35232076,0.58140594
zhao-vaccine-e72fd9d2772a0882,BigMHC,v1.0,immunogenicity,0.2686421,higher,predicted,0.2686421,0.15603743
zhao-vaccine-d9ba6ec4cee877d0,BigMHC,v1.0,immunogenicity,0.25181514,higher,predicted,0.25181514,0.08905627
zhao-vaccine-1b65998e1d51b50f,BigMHC,v1.0,immunogenicity,0.3182012,higher,predicted,0.3182012,0.19976883
zhao-vaccine-cf2224f1e7653ac5,BigMHC,v1.0,immunogenicity,0.19087768,higher,predicted,0.19087768,0.03668565
zhao-vaccine-f843d271a421258a,BigMHC,v1.0,immunogenicity,0.18683396,higher,predicted,0.18683396,0.044545393
zhao-vaccine-f96491cd3971be1f,BigMHC,v1.0,immunogenicity,0.2762655,higher,predicted,0.2762655,0.03611589
zhao-vaccine-f4f4a8beecf2010b,BigMHC,v1.0,immunogenicity,0.0042858315,higher,predicted,0.0042858315,0.00038457342
zhao-vaccine-d7bda8f21f9111c6,BigMHC,v1.0,immunogenicity,0.04697856,higher,predicted,0.04697856,0.75256234
zhao-vaccine-31e564e215b3cfe5,BigMHC,v1.0,immunogenicity,0.16696964,higher,predicted,0.16696964,0.1533132
zhao-vaccine-c3a5dfbc4bc221fe,BigMHC,v1.0,immunogenicity,0.22628178,higher,predicted,0.22628178,0.07673224
zhao-vaccine-46ce3752982841aa,BigMHC,v1.0,immunogenicity,0.052428845,higher,predicted,0.052428845,0.08792181
zhao-vaccine-586e1e8f81ff3690,BigMHC,v1.0,immunogenicity,0.021316063,higher,predicted,0.021316063,0.0010925147
zhao-vaccine-0f9ddbc5c7132ece,BigMHC,v1.0,immunogenicity,0.25609952,higher,predicted,0.25609952,0.010514223
zhao-vaccine-94b2c81d4e70f7a5,BigMHC,v1.0,immunogenicity,0.0069563203,higher,predicted,0.0069563203,0.00038751966
zhao-vaccine-b682f9e79586e497,BigMHC,v1.0,immunogenicity,0.38614824,higher,predicted,0.38614824,0.3020537
zhao-vaccine-aef146d106256bc8,BigMHC,v1.0,immunogenicity,0.5351182,higher,predicted,0.5351182,0.065289214
zhao-vaccine-91f31987a78f9ed7,BigMHC,v1.0,immunogenicity,0.51289743,higher,predicted,0.51289743,0.96154636
zhao-vaccine-df436ef4fffdb899,BigMHC,v1.0,immunogenicity,0.027670696,higher,predicted,0.027670696,0.0010511318
zhao-vaccine-513004622274aa67,BigMHC,v1.0,immunogenicity,0.12627782,higher,predicted,0.12627782,0.019194135
zhao-vaccine-10a70a28e2f92441,BigMHC,v1.0,immunogenicity,0.2935026,higher,predicted,0.2935026,0.96504074
zhao-vaccine-cb3467e682418124,BigMHC,v1.0,immunogenicity,0.12391401,higher,predicted,0.12391401,0.38146392
zhao-vaccine-c29393ae111c6e8b,BigMHC,v1.0,immunogenicity,0.06340358,higher,predicted,0.06340358,0.15814652
zhao-vaccine-52710c4a483a2fa2,BigMHC,v1.0,immunogenicity,0.031869072,higher,predicted,0.031869072,0.0002069013
zhao-vaccine-2d6c89308b3309be,BigMHC,v1.0,immunogenicity,0.0073846425,higher,predicted,0.0073846425,0.0010151243
zhao-vaccine-ccc64794cc440f1b,BigMHC,v1.0,immunogenicity,0.17008342,higher,predicted,0.17008342,0.78702116
zhao-vaccine-3cb758b99d9d1ed4,BigMHC,v1.0,immunogenicity,0.033079434,higher,predicted,0.033079434,0.003149359
zhao-vaccine-9a25a2ccf2d68794,BigMHC,v1.0,immunogenicity,0.4273014,higher,predicted,0.4273014,0.38362503
zhao-vaccine-a2c6f8984c2dc322,BigMHC,v1.0,immunogenicity,0.02782957,higher,predicted,0.02782957,0.04724336
zhao-vaccine-060df49eaffa10c5,BigMHC,v1.0,immunogenicity,0.4798263,higher,predicted,0.4798263,0.2701671
zhao-vaccine-6e078690e9488283,BigMHC,v1.0,immunogenicity,0.048947994,higher,predicted,0.048947994,0.00489807
zhao-vaccine-0949d10bcc94c1e0,BigMHC,v1.0,immunogenicity,0.025290232,higher,predicted,0.025290232,0.00014948378
zhao-vaccine-f9b310adb5e285b4,BigMHC,v1.0,immunogenicity,0.55012226,higher,predicted,0.55012226,0.6299934
zhao-vaccine-7abafc6200be6f2e,BigMHC,v1.0,immunogenicity,0.0938404,higher,predicted,0.0938404,0.47104672
zhao-vaccine-85f37f469c719b76,BigMHC,v1.0,immunogenicity,0.3541365,higher,predicted,0.3541365,0.574778
zhao-vaccine-a50a3fee92ccb4b5,BigMHC,v1.0,immunogenicity,0.46374157,higher,predicted,0.46374157,0.67366314
zhao-vaccine-27d11b535bd50554,BigMHC,v1.0,immunogenicity,0.37560576,higher,predicted,0.37560576,0.00040028995
zhao-vaccine-e3e0fd2528a6d6b5,BigMHC,v1.0,immunogenicity,0.08854184,higher,predicted,0.08854184,0.010732078
