record_id,predictor,predictor_version,task,score,score_direction,status
zhao-vaccine-cc5177931a4be3c3,DeepImmuno-CNN,1.0@df42ac5b,immunogenicity,,higher,unsupported_hla
zhao-vaccine-cd9d03017ea06bfb,DeepImmuno-CNN,1.0@df42ac5b,immunogenicity,0.899445593357,higher,predicted
zhao-vaccine-cb103548daf629bf,DeepImmuno-CNN,1.0@df42ac5b,immunogenicity,0.316883713007,higher,predicted
zhao-vaccine-f08d5d9716c87bcf,DeepImmuno-CNN,1.0@df42ac5b,immunogenicity,,higher,unsupported_hla
zhao-vaccine-3192c0e3fed93154,DeepImmuno-CNN,1.0@df42ac5b,immunogenicity,0.437298744917,higher,predicted
zhao-vaccine-903b6facc7e442c1,DeepImmuno-CNN,1.0@df42ac5b,immunogenicity,0.564493358135,higher,predicted
zhao-vaccine-b26ed9ae357d0d47,DeepImmuno-CNN,1.0@df42ac5b,immunogenicity,0.306649535894,higher,predicted
zhao-vaccine-963f50e290b7356b,DeepImmuno-CNN,1.0@df42ac5b,immunogenicity,,higher,unsupported_length
zhao-vaccine-552b2d6f0ee562dd,DeepImmuno-CNN,1.0@df42ac5b,immunogenicity,0.798374593258,higher,predicted
zhao-vaccine-2ae867b6e66bd88f,DeepImmuno-CNN,1.0@df42ac5b,immunogenicity,0.909737348557,higher,predicted
zhao-vaccine-ca925cf2e48aec66,DeepImmuno-CNN,1.0@df42ac5b,immunogenicity,0.877059400082,higher,predicted
zhao-vaccine-5a8125604ba2f1ef,DeepImmuno-CNN,1.0@df42ac5b,immunogenicity,,higher,unsupported_length
zhao-vaccine-c6d33472b279f35f,DeepImmuno-CNN,1.0@df42ac5b,immunogenicity,,higher,unsupported_length
zhao-vaccine-64ae25542b695d68,DeepImmuno-CNN,1.0@df42ac5b,immunogenicity,,higher,unsupported_length
zhao-vaccine-e21983e68c841496,DeepImmuno-CNN,1.0@df42ac5b,immunogenicity,,higher,unsupported_length
zhao-vaccine-a9814ac50aac91d7,DeepImmuno-CNN,1.0@df42ac5b,immunogenicity,,higher,unsupported_length
zhao-vaccine-6b3565ce2aee893c,DeepImmuno-CNN,1.0@df42ac5b,immunogenicity,0.759456813335,higher,predicted
zhao-vaccine-216ffedc64136058,DeepImmuno-CNN,1.0@df42ac5b,immunogenicity,,higher,unsupported_length
zhao-vaccine-32c2e9da3e2ffcf5,DeepImmuno-CNN,1.0@df42ac5b,immunogenicity,,higher,unsupported_hla
zhao-vaccine-84bf18995ccd3ac7,DeepImmuno-CNN,1.0@df42ac5b,immunogenicity,,higher,unsupported_length
zhao-vaccine-b31446e55ef91111,DeepImmuno-CNN,1.0@df42ac5b,immunogenicity,,higher,unsupported_length
zhao-vaccine-51f51c49a8e26bf5,DeepImmuno-CNN,1.0@df42ac5b,immunogenicity,,higher,unsupported_length
zhao-vaccine-ba3ba0e4df7070c8,DeepImmuno-CNN,1.0@df42ac5b,immunogenicity,0.328816384077,higher,predicted
zhao-vaccine-c539b96ad108688f,DeepImmuno-CNN,1.0@df42ac5b,immunogenicity,,higher,unsupported_length
zhao-vaccine-57a55d88765b75c2,DeepImmuno-CNN,1.0@df42ac5b,immunogenicity,,higher,unsupported_length
zhao-vaccine-a08f55e2c3d0e686,DeepImmuno-CNN,1.0@df42ac5b,immunogenicity,,higher,unsupported_length
zhao-vaccine-663a44a421e57c58,DeepImmuno-CNN,1.0@df42ac5b,immunogenicity,,higher,unsupported_length
zhao-vaccine-75ec8654c437d145,DeepImmuno-CNN,1.0@df42ac5b,immunogenicity,0.879132926464,higher,predicted
zhao-vaccine-c0b18e17fb95b0ce,DeepImmuno-CNN,1.0@df42ac5b,immunogenicity,,higher,unsupported_length
zhao-vaccine-dc56d83b9268b0e4,DeepImmuno-CNN,1.0@df42ac5b,immunogenicity,,higher,unsupported_length
zhao-vaccine-9d4560b23643427b,DeepImmuno-CNN,1.0@df42ac5b,immunogenicity,,higher,unsupported_length
zhao-vaccine-793aed9191a47fb7,DeepImmuno-CNN,1.0@df42ac5b,immunogenicity,0.848627626896,higher,predicted
zhao-vaccine-11c80127a1777f0b,DeepImmuno-CNN,1.0@df42ac5b,immunogenicity,0.665716409683,higher,predicted
zhao-vaccine-0e55ec495f82eb06,DeepImmuno-CNN,1.0@df42ac5b,immunogenicity,0.611721694469,higher,predicted
zhao-vaccine-632e1a6ecee4b189,DeepImmuno-CNN,1.0@df42ac5b,immunogenicity,0.731895387173,higher,predicted
zhao-vaccine-f2940a4e316a4039,DeepImmuno-CNN,1.0@df42ac5b,immunogenicity,0.583203971386,higher,predicted
zhao-vaccine-cdb85d262afa7e9a,DeepImmuno-CNN,1.0@df42ac5b,immunogenicity,,higher,unsupported_length
zhao-vaccine-014bd639c774cd87,DeepImmuno-CNN,1.0@df42ac5b,immunogenicity,0.898514926434,higher,predicted
zhao-vaccine-65e623aadc02d7b4,DeepImmuno-CNN,1.0@df42ac5b,immunogenicity,0.946883022785,higher,predicted
zhao-vaccine-58b739ae69170773,DeepImmuno-CNN,1.0@df42ac5b,immunogenicity,0.336693227291,higher,predicted
zhao-vaccine-7b6f86e747814c45,DeepImmuno-CNN,1.0@df42ac5b,immunogenicity,0.979845821857,higher,predicted
zhao-vaccine-5c1663d10533a1a7,DeepImmuno-CNN,1.0@df42ac5b,immunogenicity,0.720751345158,higher,predicted
zhao-vaccine-5f8659d92cd36359,DeepImmuno-CNN,1.0@df42ac5b,immunogenicity,0.525287151337,higher,predicted
zhao-vaccine-950121b76038c2c0,DeepImmuno-CNN,1.0@df42ac5b,immunogenicity,,higher,unsupported_length
zhao-vaccine-0a56a76ea51563b6,DeepImmuno-CNN,1.0@df42ac5b,immunogenicity,0.985771298409,higher,predicted
zhao-vaccine-6ebe14892da71061,DeepImmuno-CNN,1.0@df42ac5b,immunogenicity,,higher,unsupported_length
zhao-vaccine-dedb75a56ec2b5ba,DeepImmuno-CNN,1.0@df42ac5b,immunogenicity,0.681259691715,higher,predicted
zhao-vaccine-307d7668f3794977,DeepImmuno-CNN,1.0@df42ac5b,immunogenicity,,higher,unsupported_length
zhao-vaccine-a5ba7a2f40a30c73,DeepImmuno-CNN,1.0@df42ac5b,immunogenicity,0.339112132788,higher,predicted
zhao-vaccine-721b23e769b23024,DeepImmuno-CNN,1.0@df42ac5b,immunogenicity,0.656211197376,higher,predicted
zhao-vaccine-ef4ef897001d5f16,DeepImmuno-CNN,1.0@df42ac5b,immunogenicity,0.412718981504,higher,predicted
zhao-vaccine-1754863200e530d4,DeepImmuno-CNN,1.0@df42ac5b,immunogenicity,0.730776131153,higher,predicted
zhao-vaccine-c4347419983fbf7a,DeepImmuno-CNN,1.0@df42ac5b,immunogenicity,,higher,unsupported_hla
zhao-vaccine-20994a61ffa7d9ee,DeepImmuno-CNN,1.0@df42ac5b,immunogenicity,,higher,unsupported_length
zhao-vaccine-c4933d5b027e3a50,DeepImmuno-CNN,1.0@df42ac5b,immunogenicity,,higher,unsupported_length
zhao-vaccine-769bcab9bf9ccbd6,DeepImmuno-CNN,1.0@df42ac5b,immunogenicity,0.891313254833,higher,predicted
zhao-vaccine-e3d2d037340b51d9,DeepImmuno-CNN,1.0@df42ac5b,immunogenicity,0.959990978241,higher,predicted
zhao-vaccine-7c5cedc69e322fdf,DeepImmuno-CNN,1.0@df42ac5b,immunogenicity,,higher,unsupported_length
zhao-vaccine-bb7e738de16de201,DeepImmuno-CNN,1.0@df42ac5b,immunogenicity,0.352778613567,higher,predicted
zhao-vaccine-3c7c00959cdbd0be,DeepImmuno-CNN,1.0@df42ac5b,immunogenicity,0.287774711847,higher,predicted
zhao-vaccine-5f357bb53e0ccd46,DeepImmuno-CNN,1.0@df42ac5b,immunogenicity,0.233825668693,higher,predicted
zhao-vaccine-b4ff6ed193ff01e1,DeepImmuno-CNN,1.0@df42ac5b,immunogenicity,0.378707289696,higher,predicted
zhao-vaccine-a3b89c628988d1f0,DeepImmuno-CNN,1.0@df42ac5b,immunogenicity,,higher,unsupported_hla
zhao-vaccine-6602303a8186d1dc,DeepImmuno-CNN,1.0@df42ac5b,immunogenicity,,higher,unsupported_length
zhao-vaccine-f261f0bff4da5636,DeepImmuno-CNN,1.0@df42ac5b,immunogenicity,,higher,unsupported_hla
zhao-vaccine-a7ca659448536804,DeepImmuno-CNN,1.0@df42ac5b,immunogenicity,0.688829660416,higher,predicted
zhao-vaccine-115765bd03d87a4c,DeepImmuno-CNN,1.0@df42ac5b,immunogenicity,0.462538510561,higher,predicted
zhao-vaccine-4e3e4eefd195b820,DeepImmuno-CNN,1.0@df42ac5b,immunogenicity,0.467110663652,higher,predicted
zhao-vaccine-d7de270e64839b12,DeepImmuno-CNN,1.0@df42ac5b,immunogenicity,0.811324119568,higher,predicted
zhao-vaccine-8bf05f928c2bd4e9,DeepImmuno-CNN,1.0@df42ac5b,immunogenicity,,higher,unsupported_length
zhao-vaccine-05c56392726f06f7,DeepImmuno-CNN,1.0@df42ac5b,immunogenicity,0.460929423571,higher,predicted
zhao-vaccine-b560b39a749dc71f,DeepImmuno-CNN,1.0@df42ac5b,immunogenicity,,higher,unsupported_hla
zhao-vaccine-56be5b3de62021b3,DeepImmuno-CNN,1.0@df42ac5b,immunogenicity,0.427828073502,higher,predicted
zhao-vaccine-3cddb5de3fdc73f8,DeepImmuno-CNN,1.0@df42ac5b,immunogenicity,0.320888102055,higher,predicted
zhao-vaccine-53ec168fd080effa,DeepImmuno-CNN,1.0@df42ac5b,immunogenicity,0.737422943115,higher,predicted
zhao-vaccine-32a90e336ffe9f36,DeepImmuno-CNN,1.0@df42ac5b,immunogenicity,,higher,unsupported_length
zhao-vaccine-67871099a490d0b7,DeepImmuno-CNN,1.0@df42ac5b,immunogenicity,,higher,unsupported_length
zhao-vaccine-e59b09ec5c615041,DeepImmuno-CNN,1.0@df42ac5b,immunogenicity,0.619073450565,higher,predicted
zhao-vaccine-f1e4f673cb84311b,DeepImmuno-CNN,1.0@df42ac5b,immunogenicity,0.75004607439,higher,predicted
zhao-vaccine-b1370175a555b7d6,DeepImmuno-CNN,1.0@df42ac5b,immunogenicity,0.880834639072,higher,predicted
zhao-vaccine-0eea6d5b9cd833c3,DeepImmuno-CNN,1.0@df42ac5b,immunogenicity,,higher,unsupported_length
zhao-vaccine-ff9183813284c18c,DeepImmuno-CNN,1.0@df42ac5b,immunogenicity,,higher,unsupported_length
zhao-vaccine-a337cd9e3db2db1c,DeepImmuno-CNN,1.0@df42ac5b,immunogenicity,,higher,unsupported_hla
zhao-vaccine-bad48b682dea20e2,DeepImmuno-CNN,1.0@df42ac5b,immunogenicity,,higher,unsupported_length
zhao-vaccine-69265220b712eaff,DeepImmuno-CNN,1.0@df42ac5b,immunogenicity,0.299292713404,higher,predicted
zhao-vaccine-30fce3961fb83225,DeepImmuno-CNN,1.0@df42ac5b,immunogenicity,0.951743662357,higher,predicted
zhao-vaccine-a33346cd1639929e,DeepImmuno-CNN,1.0@df42ac5b,immunogenicity,,higher,unsupported_length
zhao-vaccine-8237ebe4fa614cb2,DeepImmuno-CNN,1.0@df42ac5b,immunogenicity,,higher,unsupported_length
zhao-vaccine-8fd0352416cfec6e,DeepImmuno-CNN,1.0@df42ac5b,immunogenicity,,higher,unsupported_hla
zhao-vaccine-678bd3325aebf69a,DeepImmuno-CNN,1.0@df42ac5b,immunogenicity,,higher,unsupported_hla
zhao-vaccine-8e33615b93106694,DeepImmuno-CNN,1.0@df42ac5b,immunogenicity,,higher,unsupported_length
zhao-vaccine-f0fe0e1502ca3c40,DeepImmuno-CNN,1.0@df42ac5b,immunogenicity,0.362845540047,higher,predicted
zhao-vaccine-53b0894b3f86cda3,DeepImmuno-CNN,1.0@df42ac5b,immunogenicity,0.922170162201,higher,predicted
zhao-vaccine-e90da088575654ed,DeepImmuno-CNN,1.0@df42ac5b,immunogenicity,,higher,unsupported_length
zhao-vaccine-15fc7b4196341249,DeepImmuno-CNN,1.0@df42ac5b,immunogenicity,,higher,unsupported_length
zhao-vaccine-31e400851e8cba8e,DeepImmuno-CNN,1.0@df42ac5b,immunogenicity,,higher,unsupported_hla
zhao-vaccine-728cbd534905bb7c,DeepImmuno-CNN,1.0@df42ac5b,immunogenicity,,higher,unsupported_length
zhao-vaccine-a4010af471f417b5,DeepImmuno-CNN,1.0@df42ac5b,immunogenicity,,higher,unsupported_length
zhao-vaccine-2dbff2366e148251,DeepImmuno-CNN,1.0@df42ac5b,immunogenicity,,higher,unsupported_length
zhao-vaccine-d5f2a4fb941105d2,DeepImmuno-CNN,1.0@df42ac5b,immunogenicity,0.67546069622,higher,predicted
zhao-vaccine-dba5560226e496f4,DeepImmuno-CNN,1.0@df42ac5b,immunogenicity,0.333380520344,higher,predicted
zhao-vaccine-55d96c19400f7e26,DeepImmuno-CNN,1.0@df42ac5b,immunogenicity,,higher,unsupported_length
zhao-vaccine-bd2f8606fb30409a,DeepImmuno-CNN,1.0@df42ac5b,immunogenicity,,higher,unsupported_length
zhao-vaccine-65a25a2687793bd5,DeepImmuno-CNN,1.0@df42ac5b,immunogenicity,,higher,unsupported_length
zhao-vaccine-e10b49188814293a,DeepImmuno-CNN,1.0@df42ac5b,immunogenicity,0.164011895657,higher,predicted
zhao-vaccine-230be4384e65ea36,DeepImmuno-CNN,1.0@df42ac5b,immunogenicity,,higher,unsupported_length
zhao-vaccine-616ff67e3e0809a3,DeepImmuno-CNN,1.0@df42ac5b,immunogenicity,,higher,unsupported_hla
zhao-vaccine-a579507c6a7fddf4,DeepImmuno-CNN,1.0@df42ac5b,immunogenicity,,higher,unsupported_length
zhao-vaccine-dd746da151697768,DeepImmuno-CNN,1.0@df42ac5b,immunogenicity,0.750023066998,higher,predicted
zhao-vaccine-3a22225a5d7f2908,DeepImmuno-CNN,1.0@df42ac5b,immunogenicity,0.315014302731,higher,predicted
zhao-vaccine-5caf67c8d2a99efb,DeepImmuno-CNN,1.0@df42ac5b,immunogenicity,0.157874062657,higher,predicted
zhao-vaccine-9a578efb510196ff,DeepImmuno-CNN,1.0@df42ac5b,immunogenicity,,higher,unsupported_hla
zhao-vaccine-d695470f95d9e06e,DeepImmuno-CNN,1.0@df42ac5b,immunogenicity,0.629130482674,higher,predicted
zhao-vaccine-efa3f2649bac6ab4,DeepImmuno-CNN,1.0@df42ac5b,immunogenicity,0.824705243111,higher,predicted
zhao-vaccine-08f2b9d1776ef138,DeepImmuno-CNN,1.0@df42ac5b,immunogenicity,0.82163476944,higher,predicted
zhao-vaccine-fadd82945ab4638b,DeepImmuno-CNN,1.0@df42ac5b,immunogenicity,0.645405650139,higher,predicted
zhao-vaccine-0c6854e9a75f6d2c,DeepImmuno-CNN,1.0@df42ac5b,immunogenicity,0.529312312603,higher,predicted
zhao-vaccine-ce3874fa7fbdef2a,DeepImmuno-CNN,1.0@df42ac5b,immunogenicity,,higher,unsupported_length
zhao-vaccine-aad48279dc4dd514,DeepImmuno-CNN,1.0@df42ac5b,immunogenicity,,higher,unsupported_hla
zhao-vaccine-c026707a02efbd26,DeepImmuno-CNN,1.0@df42ac5b,immunogenicity,,higher,unsupported_length
zhao-vaccine-bfa4b61c793e605f,DeepImmuno-CNN,1.0@df42ac5b,immunogenicity,,higher,unsupported_hla
zhao-vaccine-15401e249b05f5c5,DeepImmuno-CNN,1.0@df42ac5b,immunogenicity,,higher,unsupported_length
zhao-vaccine-6b5beddba8bd252c,DeepImmuno-CNN,1.0@df42ac5b,immunogenicity,,higher,unsupported_hla
zhao-vaccine-1c5b74ef6f95d794,DeepImmuno-CNN,1.0@df42ac5b,immunogenicity,,higher,unsupported_length
zhao-vaccine-fea68d4d27ef7814,DeepImmuno-CNN,1.0@df42ac5b,immunogenicity,,higher,unsupported_hla
zhao-vaccine-d007cff8a448a8ef,DeepImmuno-CNN,1.0@df42ac5b,immunogenicity,,higher,unsupported_length
zhao-vaccine-3e1dbf3a6ee4c36f,DeepImmuno-CNN,1.0@df42ac5b,immunogenicity,,higher,unsupported_length
zhao-vaccine-e988571ea77fc8a5,DeepImmuno-CNN,1.0@df42ac5b,immunogenicity,,higher,unsupported_length
zhao-vaccine-cc846329c598f7ef,DeepImmuno-CNN,1.0@df42ac5b,immunogenicity,,higher,unsupported_length
zhao-vaccine-2ae7ecfc3864a89f,DeepImmuno-CNN,1.0@df42ac5b,immunogenicity,,higher,unsupported_length
zhao-vaccine-1c60e7cef35ab689,DeepImmuno-CNN,1.0@df42ac5b,immunogenicity,,higher,unsupported_hla
zhao-vaccine-b95d13f1321c6ed3,DeepImmuno-CNN,1.0@df42ac5b,immunogenicity,,higher,unsupported_hla
zhao-vaccine-1e97369be34cf2f7,DeepImmuno-CNN,1.0@df42ac5b,immunogenicity,0.251877516508,higher,predicted
zhao-vaccine-5289e0af5170b9c0,DeepImmuno-CNN,1.0@df42ac5b,immunogenicity,,higher,unsupported_length
zhao-vaccine-0382554b4ecb89e3,DeepImmuno-CNN,1.0@df42ac5b,immunogenicity,,higher,unsupported_hla
zhao-vaccine-b1fc86c569d9b3b0,DeepImmuno-CNN,1.0@df42ac5b,immunogenicity,,higher,unsupported_length
zhao-vaccine-9e10dcb2a49789d0,DeepImmuno-CNN,1.0@df42ac5b,immunogenicity,,higher,unsupported_hla
zhao-vaccine-538a116eb355ac3f,DeepImmuno-CNN,1.0@df42ac5b,immunogenicity,0.909390449524,higher,predicted
zhao-vaccine-5555779da3a7954b,DeepImmuno-CNN,1.0@df42ac5b,immunogenicity,0.734180688858,higher,predicted
zhao-vaccine-1207e1f28a7ce672,DeepImmuno-CNN,1.0@df42ac5b,immunogenicity,0.272172480822,higher,predicted
zhao-vaccine-145673a06fe32c32,DeepImmuno-CNN,1.0@df42ac5b,immunogenicity,0.137787699699,higher,predicted
zhao-vaccine-8778badd24dbb533,DeepImmuno-CNN,1.0@df42ac5b,immunogenicity,,higher,unsupported_length
zhao-vaccine-361fc2f6770f984f,DeepImmuno-CNN,1.0@df42ac5b,immunogenicity,0.96065312624,higher,predicted
zhao-vaccine-1070795508b31641,DeepImmuno-CNN,1.0@df42ac5b,immunogenicity,0.478342413902,higher,predicted
zhao-vaccine-a5bfe0738421772d,DeepImmuno-CNN,1.0@df42ac5b,immunogenicity,0.487068593502,higher,predicted
zhao-vaccine-37ce52867b245b48,DeepImmuno-CNN,1.0@df42ac5b,immunogenicity,0.805478096008,higher,predicted
zhao-vaccine-da47a1ad401e2996,DeepImmuno-CNN,1.0@df42ac5b,immunogenicity,,higher,unsupported_length
zhao-vaccine-96f54241bdd80a5f,DeepImmuno-CNN,1.0@df42ac5b,immunogenicity,,higher,unsupported_length
zhao-vaccine-7bb94fe418471df7,DeepImmuno-CNN,1.0@df42ac5b,immunogenicity,0.732334673405,higher,predicted
zhao-vaccine-a6747d61775f09f7,DeepImmuno-CNN,1.0@df42ac5b,immunogenicity,0.508975446224,higher,predicted
zhao-vaccine-6da954109a635742,DeepImmuno-CNN,1.0@df42ac5b,immunogenicity,0.892299771309,higher,predicted
zhao-vaccine-f441c6d5ea9c9518,DeepImmuno-CNN,1.0@df42ac5b,immunogenicity,0.901060819626,higher,predicted
zhao-vaccine-5d08657e7e0d61ea,DeepImmuno-CNN,1.0@df42ac5b,immunogenicity,,higher,unsupported_length
zhao-vaccine-9afe0fd40501fb25,DeepImmuno-CNN,1.0@df42ac5b,immunogenicity,,higher,unsupported_hla
zhao-vaccine-4483f2a784fc6ed9,DeepImmuno-CNN,1.0@df42ac5b,immunogenicity,0.909585833549,higher,predicted
zhao-vaccine-dc896238782e4631,DeepImmuno-CNN,1.0@df42ac5b,immunogenicity,0.784743130207,higher,predicted
zhao-vaccine-bf220356d06db0f0,DeepImmuno-CNN,1.0@df42ac5b,immunogenicity,,higher,unsupported_length
zhao-vaccine-a75e663bab34906c,DeepImmuno-CNN,1.0@df42ac5b,immunogenicity,0.66918027401,higher,predicted
zhao-vaccine-54ec293e84e13508,DeepImmuno-CNN,1.0@df42ac5b,immunogenicity,,higher,unsupported_length
zhao-vaccine-6d227e48064eb22f,DeepImmuno-CNN,1.0@df42ac5b,immunogenicity,0.629295706749,higher,predicted
zhao-vaccine-44f1285caea075a7,DeepImmuno-CNN,1.0@df42ac5b,immunogenicity,0.942942678928,higher,predicted
zhao-vaccine-2dea372668b54f24,DeepImmuno-CNN,1.0@df42ac5b,immunogenicity,0.566369831562,higher,predicted
zhao-vaccine-a65e858815f38613,DeepImmuno-CNN,1.0@df42ac5b,immunogenicity,,higher,unsupported_length
zhao-vaccine-798364a9eb823880,DeepImmuno-CNN,1.0@df42ac5b,immunogenicity,,higher,unsupported_length
zhao-vaccine-295b177510adca1e,DeepImmuno-CNN,1.0@df42ac5b,immunogenicity,,higher,unsupported_hla
zhao-vaccine-25b0ee2d16a42eda,DeepImmuno-CNN,1.0@df42ac5b,immunogenicity,0.551686108112,higher,predicted
zhao-vaccine-dead279e867c4665,DeepImmuno-CNN,1.0@df42ac5b,immunogenicity,0.419438809156,higher,predicted
zhao-vaccine-b629247dcc4ce157,DeepImmuno-CNN,1.0@df42ac5b,immunogenicity,,higher,unsupported_length
zhao-vaccine-645c0657755c03d1,DeepImmuno-CNN,1.0@df42ac5b,immunogenicity,,higher,unsupported_length
zhao-vaccine-56e09080ec5d141a,DeepImmuno-CNN,1.0@df42ac5b,immunogenicity,,higher,unsupported_length
zhao-vaccine-e65870d5c13f0cae,DeepImmuno-CNN,1.0@df42ac5b,immunogenicity,0.925686299801,higher,predicted
zhao-vaccine-e163786dd60b30c6,DeepImmuno-CNN,1.0@df42ac5b,immunogenicity,0.841902911663,higher,predicted
zhao-vaccine-52abf4ab6ec53398,DeepImmuno-CNN,1.0@df42ac5b,immunogenicity,,higher,unsupported_hla
zhao-vaccine-f095e17a85ac6274,DeepImmuno-CNN,1.0@df42ac5b,immunogenicity,0.532345831394,higher,predicted
zhao-vaccine-ae66c36ac74a789a,DeepImmuno-CNN,1.0@df42ac5b,immunogenicity,,higher,unsupported_hla
zhao-vaccine-efda1ba858fbe5cd,DeepImmuno-CNN,1.0@df42ac5b,immunogenicity,0.935811042786,higher,predicted
zhao-vaccine-748ce69b5e1e7d7a,DeepImmuno-CNN,1.0@df42ac5b,immunogenicity,,higher,unsupported_hla
zhao-vaccine-3aff159c60b53eab,DeepImmuno-CNN,1.0@df42ac5b,immunogenicity,0.76142925024,higher,predicted
zhao-vaccine-36b2b5626e9cf020,DeepImmuno-CNN,1.0@df42ac5b,immunogenicity,0.653559088707,higher,predicted
zhao-vaccine-914803d50e1be2db,DeepImmuno-CNN,1.0@df42ac5b,immunogenicity,0.943497300148,higher,predicted
zhao-vaccine-57e80af6b56dfdf5,DeepImmuno-CNN,1.0@df42ac5b,immunogenicity,0.878357470036,higher,predicted
zhao-vaccine-9e18dbe1835f1997,DeepImmuno-CNN,1.0@df42ac5b,immunogenicity,,higher,unsupported_length
zhao-vaccine-9d185ca51b52793e,DeepImmuno-CNN,1.0@df42ac5b,immunogenicity,0.294375181198,higher,predicted
zhao-vaccine-c845ec4db4fdf2b1,DeepImmuno-CNN,1.0@df42ac5b,immunogenicity,0.428672730923,higher,predicted
zhao-vaccine-2559495fe7cc09c8,DeepImmuno-CNN,1.0@df42ac5b,immunogenicity,0.918112277985,higher,predicted
zhao-vaccine-e228d834b3506f37,DeepImmuno-CNN,1.0@df42ac5b,immunogenicity,0.690892875195,higher,predicted
zhao-vaccine-632173550f8defa7,DeepImmuno-CNN,1.0@df42ac5b,immunogenicity,,higher,unsupported_length
zhao-vaccine-429e2fc94d9e9045,DeepImmuno-CNN,1.0@df42ac5b,immunogenicity,0.381956547499,higher,predicted
zhao-vaccine-5fe6eb68309e409a,DeepImmuno-CNN,1.0@df42ac5b,immunogenicity,0.352960288525,higher,predicted
zhao-vaccine-0dfb7b47d5d12f64,DeepImmuno-CNN,1.0@df42ac5b,immunogenicity,,higher,unsupported_length
zhao-vaccine-3e67648453abcd83,DeepImmuno-CNN,1.0@df42ac5b,immunogenicity,0.669471263885,higher,predicted
zhao-vaccine-38f2049f0ff4c129,DeepImmuno-CNN,1.0@df42ac5b,immunogenicity,,higher,unsupported_length
zhao-vaccine-57d0eb88667194d5,DeepImmuno-CNN,1.0@df42ac5b,immunogenicity,,higher,unsupported_length
zhao-vaccine-f1aee3464f60a35c,DeepImmuno-CNN,1.0@df42ac5b,immunogenicity,,higher,unsupported_hla
zhao-vaccine-2558c43d3ff0ad35,DeepImmuno-CNN,1.0@df42ac5b,immunogenicity,,higher,unsupported_length
zhao-vaccine-c772357dc481e666,DeepImmuno-CNN,1.0@df42ac5b,immunogenicity,,higher,unsupported_length
zhao-vaccine-4fd5d53649a59869,DeepImmuno-CNN,1.0@df42ac5b,immunogenicity,0.383815616369,higher,predicted
zhao-vaccine-03337e287c4c1eb9,DeepImmuno-CNN,1.0@df42ac5b,immunogenicity,0.448033839464,higher,predicted
zhao-vaccine-a1619d1bdeaec50c,DeepImmuno-CNN,1.0@df42ac5b,immunogenicity,,higher,unsupported_hla
zhao-vaccine-357637a55b5dfa0c,DeepImmuno-CNN,1.0@df42ac5b,immunogenicity,,higher,unsupported_length
zhao-vaccine-f5effd103564b8de,DeepImmuno-CNN,1.0@df42ac5b,immunogenicity,,higher,unsupported_length
zhao-vaccine-616ea22fb1ba1a9e,DeepImmuno-CNN,1.0@df42ac5b,immunogenicity,0.695080757141,higher,predicted
zhao-vaccine-c88d67228419fc50,DeepImmuno-CNN,1.0@df42ac5b,immunogenicity,0.109683513641,higher,predicted
zhao-vaccine-ca0cdaf9d43b725f,DeepImmuno-CNN,1.0@df42ac5b,immunogenicity,,higher,unsupported_length
zhao-vaccine-b79174e32f0a9eae,DeepImmuno-CNN,1.0@df42ac5b,immunogenicity,,higher,unsupported_length
zhao-vaccine-2bf13a54882991b8,DeepImmuno-CNN,1.0@df42ac5b,immunogenicity,0.979140400887,higher,predicted
zhao-vaccine-8f375180dc93b864,DeepImmuno-CNN,1.0@df42ac5b,immunogenicity,,higher,unsupported_length
zhao-vaccine-85eb791d393f0129,DeepImmuno-CNN,1.0@df42ac5b,immunogenicity,,higher,unsupported_length
zhao-vaccine-7625040ee15f1bba,DeepImmuno-CNN,1.0@df42ac5b,immunogenicity,,higher,unsupported_hla
zhao-vaccine-a4ade91218cdc75f,DeepImmuno-CNN,1.0@df42ac5b,immunogenicity,0.945115685463,higher,predicted
zhao-vaccine-401d2a0add232871,DeepImmuno-CNN,1.0@df42ac5b,immunogenicity,,higher,unsupported_length
zhao-vaccine-b4bca017beffad42,DeepImmuno-CNN,1.0@df42ac5b,immunogenicity,,higher,unsupported_hla
zhao-vaccine-429e3f8c0f5c862c,DeepImmuno-CNN,1.0@df42ac5b,immunogenicity,0.301405102015,higher,predicted
zhao-vaccine-4d63951595b04409,DeepImmuno-CNN,1.0@df42ac5b,immunogenicity,,higher,unsupported_hla
zhao-vaccine-47647b5942f35551,DeepImmuno-CNN,1.0@df42ac5b,immunogenicity,,higher,unsupported_hla
zhao-vaccine-fdd8fc87e5104d7b,DeepImmuno-CNN,1.0@df42ac5b,immunogenicity,,higher,unsupported_length
zhao-vaccine-d4aa4e707108dc27,DeepImmuno-CNN,1.0@df42ac5b,immunogenicity,,higher,unsupported_hla
zhao-vaccine-c51e7ea4f4c184cc,DeepImmuno-CNN,1.0@df42ac5b,immunogenicity,,higher,unsupported_hla
zhao-vaccine-d05912317fe97c27,DeepImmuno-CNN,1.0@df42ac5b,immunogenicity,,higher,unsupported_length
zhao-vaccine-e6461efde3c2741a,DeepImmuno-CNN,1.0@df42ac5b,immunogenicity,,higher,unsupported_length
zhao-vaccine-5df5dec8f4f78c14,DeepImmuno-CNN,1.0@df42ac5b,immunogenicity,0.943511903286,higher,predicted
zhao-vaccine-b669bb46479a807e,DeepImmuno-CNN,1.0@df42ac5b,immunogenicity,0.989731252193,higher,predicted
zhao-vaccine-cf766650b07d46ee,DeepImmuno-CNN,1.0@df42ac5b,immunogenicity,0.198060899973,higher,predicted
zhao-vaccine-74aa856bf12974ba,DeepImmuno-CNN,1.0@df42ac5b,immunogenicity,0.790725886822,higher,predicted
zhao-vaccine-64c98e09b69a5d62,DeepImmuno-CNN,1.0@df42ac5b,immunogenicity,0.932205617428,higher,predicted
zhao-vaccine-80bf7079133ebe0b,DeepImmuno-CNN,1.0@df42ac5b,immunogenicity,0.947484076023,higher,predicted
zhao-vaccine-efcea0bc4d09a05f,DeepImmuno-CNN,1.0@df42ac5b,immunogenicity,,higher,unsupported_length
zhao-vaccine-c8f8737258d70cd3,DeepImmuno-CNN,1.0@df42ac5b,immunogenicity,0.604098439217,higher,predicted
zhao-vaccine-b6b92b7e81b75a24,DeepImmuno-CNN,1.0@df42ac5b,immunogenicity,0.735020697117,higher,predicted
zhao-vaccine-59e134551336c4e2,DeepImmuno-CNN,1.0@df42ac5b,immunogenicity,,higher,unsupported_length
zhao-vaccine-36e0cd0961711f12,DeepImmuno-CNN,1.0@df42ac5b,immunogenicity,0.862928926945,higher,predicted
zhao-vaccine-14d313929ec1d378,DeepImmuno-CNN,1.0@df42ac5b,immunogenicity,,higher,unsupported_length
zhao-vaccine-09d2cc1ffc78278c,DeepImmuno-CNN,1.0@df42ac5b,immunogenicity,,higher,unsupported_hla
zhao-vaccine-29926a93b0712d4a,DeepImmuno-CNN,1.0@df42ac5b,immunogenicity,,higher,unsupported_length
zhao-vaccine-cf5b8ca20e933ae7,DeepImmuno-CNN,1.0@df42ac5b,immunogenicity,0.724090695381,higher,predicted
zhao-vaccine-7acafd6c9399806c,DeepImmuno-CNN,1.0@df42ac5b,immunogenicity,,higher,unsupported_length
zhao-vaccine-1f54547768a20317,DeepImmuno-CNN,1.0@df42ac5b,immunogenicity,,higher,unsupported_length
zhao-vaccine-aeca70f8cbb54a5f,DeepImmuno-CNN,1.0@df42ac5b,immunogenicity,0.911052644253,higher,predicted
zhao-vaccine-22646f8f1e1870b8,DeepImmuno-CNN,1.0@df42ac5b,immunogenicity,0.92634999752,higher,predicted
zhao-vaccine-6cc35d9d03631477,DeepImmuno-CNN,1.0@df42ac5b,immunogenicity,,higher,unsupported_length
zhao-vaccine-2a6e650dc246bcb9,DeepImmuno-CNN,1.0@df42ac5b,immunogenicity,,higher,unsupported_length
zhao-vaccine-906a46f65f28953c,DeepImmuno-CNN,1.0@df42ac5b,immunogenicity,,higher,unsupported_hla
zhao-vaccine-447ed56142240d01,DeepImmuno-CNN,1.0@df42ac5b,immunogenicity,,higher,unsupported_length
zhao-vaccine-ed9e43eb5539cacc,DeepImmuno-CNN,1.0@df42ac5b,immunogenicity,,higher,unsupported_hla
zhao-vaccine-5c20ac9e9a0ee4fd,DeepImmuno-CNN,1.0@df42ac5b,immunogenicity,,higher,unsupported_length
zhao-vaccine-bb8687f15bc6f190,DeepImmuno-CNN,1.0@df42ac5b,immunogenicity,,higher,unsupported_length
zhao-vaccine-af08ded50637db18,DeepImmuno-CNN,1.0@df42ac5b,immunogenicity,,higher,unsupported_hla
zhao-vaccine-0a348598a556c0e9,DeepImmuno-CNN,1.0@df42ac5b,immunogenicity,,higher,unsupported_length
zhao-vaccine-6dff12cf97e8daa0,DeepImmuno-CNN,1.0@df42ac5b,immunogenicity,0.675179541111,higher,predicted
zhao-vaccine-3e7d11a8e23fcc9b,DeepImmuno-CNN,1.0@df42ac5b,immunogenicity,,higher,unsupported_hla
zhao-vaccine-961bc6818383d108,DeepImmuno-CNN,1.0@df42ac5b,immunogenicity,0.5408680439,higher,predicted
zhao-vaccine-a06ffb29914ff89e,DeepImmuno-CNN,1.0@df42ac5b,immunogenicity,0.532168626785,higher,predicted
zhao-vaccine-3b206bf21e2c226f,DeepImmuno-CNN,1.0@df42ac5b,immunogenicity,0.306332290173,higher,predicted
zhao-vaccine-c65b7de8500d2319,DeepImmuno-CNN,1.0@df42ac5b,immunogenicity,,higher,unsupported_length
zhao-vaccine-e44496dfd999e7ba,DeepImmuno-CNN,1.0@df42ac5b,immunogenicity,0.433423161507,higher,predicted
zhao-vaccine-fbde732c3898b73d,DeepImmuno-CNN,1.0@df42ac5b,immunogenicity,,higher,unsupported_length
zhao-vaccine-3ac5f839d4b889f0,DeepImmuno-CNN,1.0@df42ac5b,immunogenicity,0.852502048016,higher,predicted
zhao-vaccine-1194756f00230216,DeepImmuno-CNN,1.0@df42ac5b,immunogenicity,,higher,unsupported_length
zhao-vaccine-f2ae0bcb8691fda9,DeepImmuno-CNN,1.0@df42ac5b,immunogenicity,0.420850127935,higher,predicted
zhao-vaccine-f0fb4c07c768db71,DeepImmuno-CNN,1.0@df42ac5b,immunogenicity,0.891856789589,higher,predicted
zhao-vaccine-78496bc341152f7f,DeepImmuno-CNN,1.0@df42ac5b,immunogenicity,,higher,unsupported_hla
zhao-vaccine-9d8d8ea4af10a013,DeepImmuno-CNN,1.0@df42ac5b,immunogenicity,0.166926413774,higher,predicted
zhao-vaccine-6eb6266f157532ce,DeepImmuno-CNN,1.0@df42ac5b,immunogenicity,,higher,unsupported_length
zhao-vaccine-c1a076ce01ad4895,DeepImmuno-CNN,1.0@df42ac5b,immunogenicity,,higher,unsupported_length
zhao-vaccine-4bbfb97b7db0de5a,DeepImmuno-CNN,1.0@df42ac5b,immunogenicity,0.911689460278,higher,predicted
zhao-vaccine-b4daaf3d4726716c,DeepImmuno-CNN,1.0@df42ac5b,immunogenicity,0.474037498236,higher,predicted
zhao-vaccine-68ff3dde884e7c4e,DeepImmuno-CNN,1.0@df42ac5b,immunogenicity,0.474995821714,higher,predicted
zhao-vaccine-0fde749e91676614,DeepImmuno-CNN,1.0@df42ac5b,immunogenicity,,higher,unsupported_length
zhao-vaccine-6c19ca9415660072,DeepImmuno-CNN,1.0@df42ac5b,immunogenicity,,higher,unsupported_length
zhao-vaccine-e193835d86e00144,DeepImmuno-CNN,1.0@df42ac5b,immunogenicity,0.0693875700235,higher,predicted
zhao-vaccine-34858ebc5372184d,DeepImmuno-CNN,1.0@df42ac5b,immunogenicity,0.884003281593,higher,predicted
zhao-vaccine-53a1191cb4bd5ee6,DeepImmuno-CNN,1.0@df42ac5b,immunogenicity,,higher,unsupported_hla
zhao-vaccine-61ffb955f248e05d,DeepImmuno-CNN,1.0@df42ac5b,immunogenicity,,higher,unsupported_length
zhao-vaccine-6118202e104aeba7,DeepImmuno-CNN,1.0@df42ac5b,immunogenicity,,higher,unsupported_hla
zhao-vaccine-320d4b079fad1973,DeepImmuno-CNN,1.0@df42ac5b,immunogenicity,,higher,unsupported_length
zhao-vaccine-ba2179005c8430b0,DeepImmuno-CNN,1.0@df42ac5b,immunogenicity,,higher,unsupported_hla
zhao-vaccine-9bc9263a325135b3,DeepImmuno-CNN,1.0@df42ac5b,immunogenicity,,higher,unsupported_hla
zhao-vaccine-151cd04499d7313c,DeepImmuno-CNN,1.0@df42ac5b,immunogenicity,0.724363207817,higher,predicted
zhao-vaccine-d52a1385e04d713d,DeepImmuno-CNN,1.0@df42ac5b,immunogenicity,0.883751153946,higher,predicted
zhao-vaccine-844033c362ad7a84,DeepImmuno-CNN,1.0@df42ac5b,immunogenicity,0.526605784893,higher,predicted
zhao-vaccine-882306121ddf6b32,DeepImmuno-CNN,1.0@df42ac5b,immunogenicity,,higher,unsupported_length
zhao-vaccine-11ef567a0e7465d5,DeepImmuno-CNN,1.0@df42ac5b,immunogenicity,,higher,unsupported_hla
zhao-vaccine-e185c06a06832ff7,DeepImmuno-CNN,1.0@df42ac5b,immunogenicity,,higher,unsupported_length
zhao-vaccine-99a2be21eb0c1347,DeepImmuno-CNN,1.0@df42ac5b,immunogenicity,0.728258490562,higher,predicted
zhao-vaccine-cdb1ded316e5bc08,DeepImmuno-CNN,1.0@df42ac5b,immunogenicity,0.511793017387,higher,predicted
zhao-vaccine-b2e421139854d8be,DeepImmuno-CNN,1.0@df42ac5b,immunogenicity,0.744691193104,higher,predicted
zhao-vaccine-1d6a83690a176302,DeepImmuno-CNN,1.0@df42ac5b,immunogenicity,,higher,unsupported_length
zhao-vaccine-e3cd5634b3b73d2b,DeepImmuno-CNN,1.0@df42ac5b,immunogenicity,0.808591544628,higher,predicted
zhao-vaccine-9f2f88a4b27fe475,DeepImmuno-CNN,1.0@df42ac5b,immunogenicity,,higher,unsupported_length
zhao-vaccine-7f3ccab1ad04ec08,DeepImmuno-CNN,1.0@df42ac5b,immunogenicity,0.520883440971,higher,predicted
zhao-vaccine-fb6c9cad429e4680,DeepImmuno-CNN,1.0@df42ac5b,immunogenicity,0.306524544954,higher,predicted
zhao-vaccine-1ed8bfb076e0bd86,DeepImmuno-CNN,1.0@df42ac5b,immunogenicity,,higher,unsupported_length
zhao-vaccine-549621310287b89a,DeepImmuno-CNN,1.0@df42ac5b,immunogenicity,0.679832577705,higher,predicted
zhao-vaccine-4c4549e8b044b957,DeepImmuno-CNN,1.0@df42ac5b,immunogenicity,0.372375428677,higher,predicted
zhao-vaccine-260a1f44f52497e0,DeepImmuno-CNN,1.0@df42ac5b,immunogenicity,0.770932376385,higher,predicted
zhao-vaccine-110de4aa20d26af6,DeepImmuno-CNN,1.0@df42ac5b,immunogenicity,,higher,unsupported_length
zhao-vaccine-e8653d192eae3e34,DeepImmuno-CNN,1.0@df42ac5b,immunogenicity,,higher,unsupported_length
zhao-vaccine-e17f1f0641708376,DeepImmuno-CNN,1.0@df42ac5b,immunogenicity,,higher,unsupported_hla
zhao-vaccine-cf72de33b138153d,DeepImmuno-CNN,1.0@df42ac5b,immunogenicity,,higher,unsupported_hla
zhao-vaccine-bf0289636ad7c89c,DeepImmuno-CNN,1.0@df42ac5b,immunogenicity,,higher,unsupported_hla
zhao-vaccine-51278c3cc9822a92,DeepImmuno-CNN,1.0@df42ac5b,immunogenicity,,higher,unsupported_hla
zhao-vaccine-0c2febc3043a65b7,DeepImmuno-CNN,1.0@df42ac5b,immunogenicity,,higher,unsupported_length
zhao-vaccine-0f1c7070e2b3c380,DeepImmuno-CNN,1.0@df42ac5b,immunogenicity,,higher,unsupported_hla
zhao-vaccine-5759f50764496c1f,DeepImmuno-CNN,1.0@df42ac5b,immunogenicity,,higher,unsupported_hla
zhao-vaccine-da11dd7c2aa31ca7,DeepImmuno-CNN,1.0@df42ac5b,immunogenicity,,higher,unsupported_length
zhao-vaccine-4af4c0c7f6941ea8,DeepImmuno-CNN,1.0@df42ac5b,immunogenicity,0.720531880856,higher,predicted
zhao-vaccine-6ec07fc29b17d28c,DeepImmuno-CNN,1.0@df42ac5b,immunogenicity,0.632421135902,higher,predicted
zhao-vaccine-67401c1a974e2cdb,DeepImmuno-CNN,1.0@df42ac5b,immunogenicity,0.358761280775,higher,predicted
zhao-vaccine-1022680eb48a536b,DeepImmuno-CNN,1.0@df42ac5b,immunogenicity,0.399326503277,higher,predicted
zhao-vaccine-01655e2ddd89c647,DeepImmuno-CNN,1.0@df42ac5b,immunogenicity,0.887093305588,higher,predicted
zhao-vaccine-b7c9a2590ca97e55,DeepImmuno-CNN,1.0@df42ac5b,immunogenicity,0.399060279131,higher,predicted
zhao-vaccine-69313463a7bc3db2,DeepImmuno-CNN,1.0@df42ac5b,immunogenicity,,higher,unsupported_hla
zhao-vaccine-241f5ed344b276f1,DeepImmuno-CNN,1.0@df42ac5b,immunogenicity,,higher,unsupported_hla
zhao-vaccine-74515f7ab26177d9,DeepImmuno-CNN,1.0@df42ac5b,immunogenicity,,higher,unsupported_length
zhao-vaccine-f7d81e959bed76fd,DeepImmuno-CNN,1.0@df42ac5b,immunogenicity,,higher,unsupported_hla
zhao-vaccine-5df0851945e75a9b,DeepImmuno-CNN,1.0@df42ac5b,immunogenicity,,higher,unsupported_hla
zhao-vaccine-12bccd0f8cb0d82d,DeepImmuno-CNN,1.0@df42ac5b,immunogenicity,,higher,unsupported_length
zhao-vaccine-7cefe8761aadff4f,DeepImmuno-CNN,1.0@df42ac5b,immunogenicity,,higher,unsupported_length
zhao-vaccine-6474740652487b1e,DeepImmuno-CNN,1.0@df42ac5b,immunogenicity,0.69992262125,higher,predicted
zhao-vaccine-1384b13ea4a47498,DeepImmuno-CNN,1.0@df42ac5b,immunogenicity,0.198293745518,higher,predicted
zhao-vaccine-e7e684493a85f4c3,DeepImmuno-CNN,1.0@df42ac5b,immunogenicity,,higher,unsupported_hla
zhao-vaccine-c102a196bf89a4b6,DeepImmuno-CNN,1.0@df42ac5b,immunogenicity,,higher,unsupported_length
zhao-vaccine-7e30652ffdcbe453,DeepImmuno-CNN,1.0@df42ac5b,immunogenicity,0.971704125404,higher,predicted
zhao-vaccine-e9276b52de40e1ac,DeepImmuno-CNN,1.0@df42ac5b,immunogenicity,,higher,unsupported_length
zhao-vaccine-a12b39139dc6298b,DeepImmuno-CNN,1.0@df42ac5b,immunogenicity,,higher,unsupported_hla
zhao-vaccine-1635417f470261e1,DeepImmuno-CNN,1.0@df42ac5b,immunogenicity,,higher,unsupported_length
zhao-vaccine-b23cc827d2fcd84a,DeepImmuno-CNN,1.0@df42ac5b,immunogenicity,,higher,unsupported_hla
zhao-vaccine-8d2ca10b3e719cd3,DeepImmuno-CNN,1.0@df42ac5b,immunogenicity,,higher,unsupported_length
zhao-vaccine-d2a8e851b57602e5,DeepImmuno-CNN,1.0@df42ac5b,immunogenicity,,higher,unsupported_hla
zhao-vaccine-fd6568cd3764d90d,DeepImmuno-CNN,1.0@df42ac5b,immunogenicity,0.617398381233,higher,predicted
zhao-vaccine-f7c51ed7a58a8934,DeepImmuno-CNN,1.0@df42ac5b,immunogenicity,,higher,unsupported_length
zhao-vaccine-a26b667b16047e56,DeepImmuno-CNN,1.0@df42ac5b,immunogenicity,0.879375338554,higher,predicted
zhao-vaccine-b2e66ff16b79a023,DeepImmuno-CNN,1.0@df42ac5b,immunogenicity,,higher,unsupported_length
zhao-vaccine-b696a57d6d62315a,DeepImmuno-CNN,1.0@df42ac5b,immunogenicity,0.366721957922,higher,predicted
zhao-vaccine-8b054f154e9bb54b,DeepImmuno-CNN,1.0@df42ac5b,immunogenicity,0.769232094288,higher,predicted
zhao-vaccine-65c857de58a443cf,DeepImmuno-CNN,1.0@df42ac5b,immunogenicity,0.945131897926,higher,predicted
zhao-vaccine-8d5c6842d3d9446c,DeepImmuno-CNN,1.0@df42ac5b,immunogenicity,0.926559209824,higher,predicted
zhao-vaccine-e6d0ff2c0266fc1f,DeepImmuno-CNN,1.0@df42ac5b,immunogenicity,0.365282505751,higher,predicted
zhao-vaccine-2e3b3050a35eda79,DeepImmuno-CNN,1.0@df42ac5b,immunogenicity,0.373672008514,higher,predicted
zhao-vaccine-fd3b9f94ce8b5966,DeepImmuno-CNN,1.0@df42ac5b,immunogenicity,,higher,unsupported_length
zhao-vaccine-0b7bce2881c6a27d,DeepImmuno-CNN,1.0@df42ac5b,immunogenicity,0.406843960285,higher,predicted
zhao-vaccine-7ead1c9658b454fa,DeepImmuno-CNN,1.0@df42ac5b,immunogenicity,0.401945799589,higher,predicted
zhao-vaccine-e8d4832f24f49fa4,DeepImmuno-CNN,1.0@df42ac5b,immunogenicity,0.240553170443,higher,predicted
zhao-vaccine-5c7446710515ea0c,DeepImmuno-CNN,1.0@df42ac5b,immunogenicity,,higher,unsupported_hla
zhao-vaccine-4792240faf0d2442,DeepImmuno-CNN,1.0@df42ac5b,immunogenicity,,higher,unsupported_hla
zhao-vaccine-5af70a1de861bbe8,DeepImmuno-CNN,1.0@df42ac5b,immunogenicity,,higher,unsupported_length
zhao-vaccine-9fe53c22422fa653,DeepImmuno-CNN,1.0@df42ac5b,immunogenicity,0.64209395647,higher,predicted
zhao-vaccine-43730793527c1c58,DeepImmuno-CNN,1.0@df42ac5b,immunogenicity,0.777898728848,higher,predicted
zhao-vaccine-bd98ad0dbc1ffda8,DeepImmuno-CNN,1.0@df42ac5b,immunogenicity,0.743681252003,higher,predicted
zhao-vaccine-10c33d138e6258f8,DeepImmuno-CNN,1.0@df42ac5b,immunogenicity,,higher,unsupported_length
zhao-vaccine-da2fd43a3a17bed7,DeepImmuno-CNN,1.0@df42ac5b,immunogenicity,,higher,unsupported_length
zhao-vaccine-c12281bbf19a4abd,DeepImmuno-CNN,1.0@df42ac5b,immunogenicity,,higher,unsupported_length
zhao-vaccine-0d500fc84bf8ae30,DeepImmuno-CNN,1.0@df42ac5b,immunogenicity,0.474626511335,higher,predicted
zhao-vaccine-b49f7842d9b4a6c3,DeepImmuno-CNN,1.0@df42ac5b,immunogenicity,0.865640223026,higher,predicted
zhao-vaccine-583d9b909f2e2085,DeepImmuno-CNN,1.0@df42ac5b,immunogenicity,0.783614993095,higher,predicted
zhao-vaccine-e873b21bfae977d0,DeepImmuno-CNN,1.0@df42ac5b,immunogenicity,,higher,unsupported_hla
zhao-vaccine-223711e0310fa27f,DeepImmuno-CNN,1.0@df42ac5b,immunogenicity,0.366869807243,higher,predicted
zhao-vaccine-9f527410587768f6,DeepImmuno-CNN,1.0@df42ac5b,immunogenicity,0.991027712822,higher,predicted
zhao-vaccine-82e6fde91e616b78,DeepImmuno-CNN,1.0@df42ac5b,immunogenicity,0.959356188774,higher,predicted
zhao-vaccine-015f3f5c3a4f049a,DeepImmuno-CNN,1.0@df42ac5b,immunogenicity,,higher,unsupported_length
zhao-vaccine-3031b8e82ad731c2,DeepImmuno-CNN,1.0@df42ac5b,immunogenicity,,higher,unsupported_length
zhao-vaccine-61a7f63d46d0b1ae,DeepImmuno-CNN,1.0@df42ac5b,immunogenicity,,higher,unsupported_length
zhao-vaccine-b336a4ecc473e5ed,DeepImmuno-CNN,1.0@df42ac5b,immunogenicity,,higher,unsupported_hla
zhao-vaccine-87ab2eaf6804788f,DeepImmuno-CNN,1.0@df42ac5b,immunogenicity,,higher,unsupported_hla
zhao-vaccine-baf353825f382be5,DeepImmuno-CNN,1.0@df42ac5b,immunogenicity,,higher,unsupported_length
zhao-vaccine-35a3684a71df0b96,DeepImmuno-CNN,1.0@df42ac5b,immunogenicity,,higher,unsupported_length
zhao-vaccine-cedb684e7e44c0cb,DeepImmuno-CNN,1.0@df42ac5b,immunogenicity,,higher,unsupported_length
zhao-vaccine-cbb6b14e95ca88b8,DeepImmuno-CNN,1.0@df42ac5b,immunogenicity,,higher,unsupported_hla
zhao-vaccine-c03d89200c428847,DeepImmuno-CNN,1.0@df42ac5b,immunogenicity,0.75532656908,higher,predicted
zhao-vaccine-28be76526d52543c,DeepImmuno-CNN,1.0@df42ac5b,immunogenicity,0.250125348568,higher,predicted
zhao-vaccine-e9b4f0dfabc14750,DeepImmuno-CNN,1.0@df42ac5b,immunogenicity,0.777239501476,higher,predicted
zhao-vaccine-2ac21cd9be4184b0,DeepImmuno-CNN,1.0@df42ac5b,immunogenicity,0.563535571098,higher,predicted
zhao-vaccine-48ea254de5fa16b2,DeepImmuno-CNN,1.0@df42ac5b,immunogenicity,,higher,unsupported_length
zhao-vaccine-523654c7d864f1f5,DeepImmuno-CNN,1.0@df42ac5b,immunogenicity,0.420224279165,higher,predicted
zhao-vaccine-1793bf4cd6bd1c14,DeepImmuno-CNN,1.0@df42ac5b,immunogenicity,0.895382702351,higher,predicted
zhao-vaccine-1c8a35e9d70dbe16,DeepImmuno-CNN,1.0@df42ac5b,immunogenicity,0.849164605141,higher,predicted
zhao-vaccine-ebe9d5fbde63d333,DeepImmuno-CNN,1.0@df42ac5b,immunogenicity,0.899134099483,higher,predicted
zhao-vaccine-b2667228dbb9774b,DeepImmuno-CNN,1.0@df42ac5b,immunogenicity,0.740664124489,higher,predicted
zhao-vaccine-f24baca37be1a650,DeepImmuno-CNN,1.0@df42ac5b,immunogenicity,0.658021330833,higher,predicted
zhao-vaccine-aca0c405a9761509,DeepImmuno-CNN,1.0@df42ac5b,immunogenicity,0.871052920818,higher,predicted
zhao-vaccine-137f30055973381d,DeepImmuno-CNN,1.0@df42ac5b,immunogenicity,0.95107293129,higher,predicted
zhao-vaccine-5acb13985756e139,DeepImmuno-CNN,1.0@df42ac5b,immunogenicity,0.667224824429,higher,predicted
zhao-vaccine-323a6abee6b08db3,DeepImmuno-CNN,1.0@df42ac5b,immunogenicity,,higher,unsupported_hla
zhao-vaccine-79ac2042de749929,DeepImmuno-CNN,1.0@df42ac5b,immunogenicity,,higher,unsupported_hla
zhao-vaccine-e8b4f2b70db831b0,DeepImmuno-CNN,1.0@df42ac5b,immunogenicity,,higher,unsupported_length
zhao-vaccine-608b009f82c88493,DeepImmuno-CNN,1.0@df42ac5b,immunogenicity,,higher,unsupported_length
zhao-vaccine-37a807759a502c1b,DeepImmuno-CNN,1.0@df42ac5b,immunogenicity,0.862455368042,higher,predicted
zhao-vaccine-1e4ca59f5ebf7442,DeepImmuno-CNN,1.0@df42ac5b,immunogenicity,0.578872025013,higher,predicted
zhao-vaccine-c8f047294af0328d,DeepImmuno-CNN,1.0@df42ac5b,immunogenicity,0.109229452908,higher,predicted
zhao-vaccine-cc5704e7d618677e,DeepImmuno-CNN,1.0@df42ac5b,immunogenicity,0.410249769688,higher,predicted
zhao-vaccine-8aff6dc901f42ea5,DeepImmuno-CNN,1.0@df42ac5b,immunogenicity,0.318287402391,higher,predicted
zhao-vaccine-d6dda5366e5dc976,DeepImmuno-CNN,1.0@df42ac5b,immunogenicity,0.823825955391,higher,predicted
zhao-vaccine-f468df5e69517960,DeepImmuno-CNN,1.0@df42ac5b,immunogenicity,0.439324587584,higher,predicted
zhao-vaccine-50bc0715030f03ce,DeepImmuno-CNN,1.0@df42ac5b,immunogenicity,,higher,unsupported_hla
zhao-vaccine-72b35402f2106ea1,DeepImmuno-CNN,1.0@df42ac5b,immunogenicity,0.772271215916,higher,predicted
zhao-vaccine-aff9eeada839b58c,DeepImmuno-CNN,1.0@df42ac5b,immunogenicity,0.339072048664,higher,predicted
zhao-vaccine-97e30c74a87e05dd,DeepImmuno-CNN,1.0@df42ac5b,immunogenicity,0.669391989708,higher,predicted
zhao-vaccine-9a583860aa7fe6c9,DeepImmuno-CNN,1.0@df42ac5b,immunogenicity,0.476694494486,higher,predicted
zhao-vaccine-82473da3aebe3f99,DeepImmuno-CNN,1.0@df42ac5b,immunogenicity,,higher,unsupported_length
zhao-vaccine-890d0481078605a4,DeepImmuno-CNN,1.0@df42ac5b,immunogenicity,,higher,unsupported_length
zhao-vaccine-a8bf16d20e1d5fe5,DeepImmuno-CNN,1.0@df42ac5b,immunogenicity,0.382738679647,higher,predicted
zhao-vaccine-c0be17cb2d09a5d5,DeepImmuno-CNN,1.0@df42ac5b,immunogenicity,0.909053742886,higher,predicted
zhao-vaccine-cd89b89400829c25,DeepImmuno-CNN,1.0@df42ac5b,immunogenicity,,higher,unsupported_length
zhao-vaccine-e892d242b06d9fef,DeepImmuno-CNN,1.0@df42ac5b,immunogenicity,0.84632229805,higher,predicted
zhao-vaccine-499d980535ba1168,DeepImmuno-CNN,1.0@df42ac5b,immunogenicity,0.32516425848,higher,predicted
zhao-vaccine-bdaf73e85080bde2,DeepImmuno-CNN,1.0@df42ac5b,immunogenicity,0.876675844193,higher,predicted
zhao-vaccine-2489806640445d7d,DeepImmuno-CNN,1.0@df42ac5b,immunogenicity,,higher,unsupported_hla
zhao-vaccine-f60a46f135c08e02,DeepImmuno-CNN,1.0@df42ac5b,immunogenicity,,higher,unsupported_length
zhao-vaccine-ffaecc34260f7f52,DeepImmuno-CNN,1.0@df42ac5b,immunogenicity,0.759415686131,higher,predicted
zhao-vaccine-c85a2cc2b4de6371,DeepImmuno-CNN,1.0@df42ac5b,immunogenicity,,higher,unsupported_length
zhao-vaccine-6f3f8d1b39baf09d,DeepImmuno-CNN,1.0@df42ac5b,immunogenicity,,higher,unsupported_hla
zhao-vaccine-f4b15d0bffde55ea,DeepImmuno-CNN,1.0@df42ac5b,immunogenicity,0.48432546854,higher,predicted
zhao-vaccine-5561a66512f160ac,DeepImmuno-CNN,1.0@df42ac5b,immunogenicity,,higher,unsupported_length
zhao-vaccine-8b2d3eae07a1cdc2,DeepImmuno-CNN,1.0@df42ac5b,immunogenicity,,higher,unsupported_length
zhao-vaccine-b8483b3360c62c21,DeepImmuno-CNN,1.0@df42ac5b,immunogenicity,0.908657550812,higher,predicted
zhao-vaccine-f17e8558595ff874,DeepImmuno-CNN,1.0@df42ac5b,immunogenicity,,higher,unsupported_hla
zhao-vaccine-388ced9e4ae5f521,DeepImmuno-CNN,1.0@df42ac5b,immunogenicity,,higher,unsupported_hla
zhao-vaccine-27a21bc63a907d16,DeepImmuno-CNN,1.0@df42ac5b,immunogenicity,,higher,unsupported_hla
zhao-vaccine-ae18f2e796864520,DeepImmuno-CNN,1.0@df42ac5b,immunogenicity,,higher,unsupported_hla
zhao-vaccine-8fadb6aecb562960,DeepImmuno-CNN,1.0@df42ac5b,immunogenicity,,higher,unsupported_hla
zhao-vaccine-0e185306b20150b5,DeepImmuno-CNN,1.0@df42ac5b,immunogenicity,,higher,unsupported_hla
zhao-vaccine-6bbfc6d3e617ef40,DeepImmuno-CNN,1.0@df42ac5b,immunogenicity,,higher,unsupported_length
zhao-vaccine-f4bf623eef927650,DeepImmuno-CNN,1.0@df42ac5b,immunogenicity,,higher,unsupported_hla
zhao-vaccine-a4ef4400bf6c6cb8,DeepImmuno-CNN,1.0@df42ac5b,immunogenicity,0.981226325035,higher,predicted
zhao-vaccine-23218612d1b1bd4d,DeepImmuno-CNN,1.0@df42ac5b,immunogenicity,,higher,unsupported_length
zhao-vaccine-f2bfb3f08b47a945,DeepImmuno-CNN,1.0@df42ac5b,immunogenicity,,higher,unsupported_hla
zhao-vaccine-ac077a669b8c0ac7,DeepImmuno-CNN,1.0@df42ac5b,immunogenicity,,higher,unsupported_hla
zhao-vaccine-f293452f2cf65714,DeepImmuno-CNN,1.0@df42ac5b,immunogenicity,,higher,unsupported_length
zhao-vaccine-d7c6cc0e7224b387,DeepImmuno-CNN,1.0@df42ac5b,immunogenicity,,higher,unsupported_hla
zhao-vaccine-197a2688bbcb56e2,DeepImmuno-CNN,1.0@df42ac5b,immunogenicity,0.955383479595,higher,predicted
zhao-vaccine-555e0c858a41ad16,DeepImmuno-CNN,1.0@df42ac5b,immunogenicity,,higher,unsupported_length
zhao-vaccine-a5e52fa3c62e264d,DeepImmuno-CNN,1.0@df42ac5b,immunogenicity,0.497365802526,higher,predicted
zhao-vaccine-c5a2cd71fbec8b68,DeepImmuno-CNN,1.0@df42ac5b,immunogenicity,0.634251952171,higher,predicted
zhao-vaccine-c725f3b8b9b97a16,DeepImmuno-CNN,1.0@df42ac5b,immunogenicity,,higher,unsupported_length
zhao-vaccine-eaced34e514edeba,DeepImmuno-CNN,1.0@df42ac5b,immunogenicity,0.787567973137,higher,predicted
zhao-vaccine-ff023dfa06b2e9c0,DeepImmuno-CNN,1.0@df42ac5b,immunogenicity,,higher,unsupported_length
zhao-vaccine-d9c2127acd3f15f1,DeepImmuno-CNN,1.0@df42ac5b,immunogenicity,,higher,unsupported_length
zhao-vaccine-f9d4a9cd87e8c515,DeepImmuno-CNN,1.0@df42ac5b,immunogenicity,0.793520569801,higher,predicted
zhao-vaccine-dfa1ab9e713a5529,DeepImmuno-CNN,1.0@df42ac5b,immunogenicity,0.601659715176,higher,predicted
zhao-vaccine-8e92e35ad8116779,DeepImmuno-CNN,1.0@df42ac5b,immunogenicity,,higher,unsupported_length
zhao-vaccine-42486ac4b15adbd7,DeepImmuno-CNN,1.0@df42ac5b,immunogenicity,,higher,unsupported_hla
zhao-vaccine-5a26a19caa216cea,DeepImmuno-CNN,1.0@df42ac5b,immunogenicity,,higher,unsupported_hla
zhao-vaccine-8198aac58d5d86bc,DeepImmuno-CNN,1.0@df42ac5b,immunogenicity,,higher,unsupported_hla
zhao-vaccine-31e03651fe8fe943,DeepImmuno-CNN,1.0@df42ac5b,immunogenicity,,higher,unsupported_length
zhao-vaccine-487db9eb855d99c1,DeepImmuno-CNN,1.0@df42ac5b,immunogenicity,0.881103038788,higher,predicted
zhao-vaccine-fdaaf105de7ed76c,DeepImmuno-CNN,1.0@df42ac5b,immunogenicity,0.808002412319,higher,predicted
zhao-vaccine-050bcbe5980a1004,DeepImmuno-CNN,1.0@df42ac5b,immunogenicity,,higher,unsupported_length
zhao-vaccine-5acf73ef956fb0f6,DeepImmuno-CNN,1.0@df42ac5b,immunogenicity,,higher,unsupported_length
zhao-vaccine-134e01af040c07a5,DeepImmuno-CNN,1.0@df42ac5b,immunogenicity,,higher,unsupported_length
zhao-vaccine-44f468e26ce5f493,DeepImmuno-CNN,1.0@df42ac5b,immunogenicity,,higher,unsupported_length
zhao-vaccine-788ef1f0f8f2eee4,DeepImmuno-CNN,1.0@df42ac5b,immunogenicity,0.532276749611,higher,predicted
zhao-vaccine-115c6885fd051bc2,DeepImmuno-CNN,1.0@df42ac5b,immunogenicity,0.737587690353,higher,predicted
zhao-vaccine-b3f51b3b1f498e40,DeepImmuno-CNN,1.0@df42ac5b,immunogenicity,0.65487241745,higher,predicted
zhao-vaccine-cc283018234c377b,DeepImmuno-CNN,1.0@df42ac5b,immunogenicity,0.337532490492,higher,predicted
zhao-vaccine-d926f805c75dc10b,DeepImmuno-CNN,1.0@df42ac5b,immunogenicity,0.453719526529,higher,predicted
zhao-vaccine-db814c15ce0ec86c,DeepImmuno-CNN,1.0@df42ac5b,immunogenicity,0.391680538654,higher,predicted
zhao-vaccine-a0058cafd0fe79e0,DeepImmuno-CNN,1.0@df42ac5b,immunogenicity,,higher,unsupported_length
zhao-vaccine-93aa3e2ee884c663,DeepImmuno-CNN,1.0@df42ac5b,immunogenicity,,higher,unsupported_length
zhao-vaccine-a52e8847ab059479,DeepImmuno-CNN,1.0@df42ac5b,immunogenicity,0.594707787037,higher,predicted
zhao-vaccine-1ad1c20fea1a4314,DeepImmuno-CNN,1.0@df42ac5b,immunogenicity,0.479383289814,higher,predicted
zhao-vaccine-af155a4e6e202d04,DeepImmuno-CNN,1.0@df42ac5b,immunogenicity,0.543127059937,higher,predicted
zhao-vaccine-083c39bbd7b7d3d6,DeepImmuno-CNN,1.0@df42ac5b,immunogenicity,,higher,unsupported_length
zhao-vaccine-bcbeab3a6933c9ae,DeepImmuno-CNN,1.0@df42ac5b,immunogenicity,0.178357198834,higher,predicted
zhao-vaccine-a8f28c25fb5a2142,DeepImmuno-CNN,1.0@df42ac5b,immunogenicity,0.409188836813,higher,predicted
zhao-vaccine-eb4eb1948e41f5ba,DeepImmuno-CNN,1.0@df42ac5b,immunogenicity,,higher,unsupported_length
zhao-vaccine-b6fccafa1723483f,DeepImmuno-CNN,1.0@df42ac5b,immunogenicity,,higher,unsupported_length
zhao-vaccine-69a7d7e3d1e6949b,DeepImmuno-CNN,1.0@df42ac5b,immunogenicity,,higher,unsupported_length
zhao-vaccine-2fab9ffb21a79c4d,DeepImmuno-CNN,1.0@df42ac5b,immunogenicity,0.950106322765,higher,predicted
zhao-vaccine-f5ff43b40835f440,DeepImmuno-CNN,1.0@df42ac5b,immunogenicity,0.56602615118,higher,predicted
zhao-vaccine-004684bafb2b4cc9,DeepImmuno-CNN,1.0@df42ac5b,immunogenicity,0.598638474941,higher,predicted
zhao-vaccine-5e7e6e2edd04f76c,DeepImmuno-CNN,1.0@df42ac5b,immunogenicity,0.927325487137,higher,predicted
zhao-vaccine-d6e658332687ca69,DeepImmuno-CNN,1.0@df42ac5b,immunogenicity,,higher,unsupported_length
zhao-vaccine-0576c1b82786bfa4,DeepImmuno-CNN,1.0@df42ac5b,immunogenicity,,higher,unsupported_hla
zhao-vaccine-eebeb2ab9639b50d,DeepImmuno-CNN,1.0@df42ac5b,immunogenicity,0.908697068691,higher,predicted
zhao-vaccine-95c58fac230ea0f3,DeepImmuno-CNN,1.0@df42ac5b,immunogenicity,,higher,unsupported_hla
zhao-vaccine-bb1a0c27e90239ef,DeepImmuno-CNN,1.0@df42ac5b,immunogenicity,,higher,unsupported_hla
zhao-vaccine-1c3a67755fd7fca1,DeepImmuno-CNN,1.0@df42ac5b,immunogenicity,,higher,unsupported_length
zhao-vaccine-3ef5d2b22192452c,DeepImmuno-CNN,1.0@df42ac5b,immunogenicity,,higher,unsupported_length
zhao-vaccine-2035a2c4e1d3b152,DeepImmuno-CNN,1.0@df42ac5b,immunogenicity,,higher,unsupported_length
zhao-vaccine-7385fb196deb3bf7,DeepImmuno-CNN,1.0@df42ac5b,immunogenicity,0.503350555897,higher,predicted
zhao-vaccine-dbb983045ceede00,DeepImmuno-CNN,1.0@df42ac5b,immunogenicity,0.946275353432,higher,predicted
zhao-vaccine-527f95a4e289d7e9,DeepImmuno-CNN,1.0@df42ac5b,immunogenicity,0.210205301642,higher,predicted
zhao-vaccine-04005fe536e93742,DeepImmuno-CNN,1.0@df42ac5b,immunogenicity,,higher,unsupported_length
zhao-vaccine-2ebb94dcfe10a6ab,DeepImmuno-CNN,1.0@df42ac5b,immunogenicity,0.961023330688,higher,predicted
zhao-vaccine-822871467a2cb9f7,DeepImmuno-CNN,1.0@df42ac5b,immunogenicity,0.858145654202,higher,predicted
zhao-vaccine-d22412fcd0906159,DeepImmuno-CNN,1.0@df42ac5b,immunogenicity,0.873707711697,higher,predicted
zhao-vaccine-1bc4abb5ce77ef26,DeepImmuno-CNN,1.0@df42ac5b,immunogenicity,0.362922340631,higher,predicted
zhao-vaccine-d042e70a4fac48ce,DeepImmuno-CNN,1.0@df42ac5b,immunogenicity,,higher,unsupported_length
zhao-vaccine-49a3aed1972a53cb,DeepImmuno-CNN,1.0@df42ac5b,immunogenicity,0.865617692471,higher,predicted
zhao-vaccine-3efc9e2f4bf83404,DeepImmuno-CNN,1.0@df42ac5b,immunogenicity,,higher,unsupported_hla
zhao-vaccine-bd733d897205f436,DeepImmuno-CNN,1.0@df42ac5b,immunogenicity,0.670805037022,higher,predicted
zhao-vaccine-552deaa19718651e,DeepImmuno-CNN,1.0@df42ac5b,immunogenicity,0.187601417303,higher,predicted
zhao-vaccine-179ec83aee84c481,DeepImmuno-CNN,1.0@df42ac5b,immunogenicity,,higher,unsupported_length
zhao-vaccine-e73b70638bcacc49,DeepImmuno-CNN,1.0@df42ac5b,immunogenicity,0.630097031593,higher,predicted
zhao-vaccine-475cff767bc113d1,DeepImmuno-CNN,1.0@df42ac5b,immunogenicity,0.632124006748,higher,predicted
zhao-vaccine-3d2247c88733bc02,DeepImmuno-CNN,1.0@df42ac5b,immunogenicity,0.899005532265,higher,predicted
zhao-vaccine-23d1214c81edd2bf,DeepImmuno-CNN,1.0@df42ac5b,immunogenicity,0.328676193953,higher,predicted
zhao-vaccine-77c91184c7fe8a44,DeepImmuno-CNN,1.0@df42ac5b,immunogenicity,,higher,unsupported_length
zhao-vaccine-3bc56fd5f749551a,DeepImmuno-CNN,1.0@df42ac5b,immunogenicity,0.465692341328,higher,predicted
zhao-vaccine-601d5c1084d82d5e,DeepImmuno-CNN,1.0@df42ac5b,immunogenicity,0.671181619167,higher,predicted
zhao-vaccine-9daff6e5105ae694,DeepImmuno-CNN,1.0@df42ac5b,immunogenicity,0.778643071651,higher,predicted
zhao-vaccine-d27e4266e28272a5,DeepImmuno-CNN,1.0@df42ac5b,immunogenicity,0.276333630085,higher,predicted
zhao-vaccine-3d0b0f4d4ff1e144,DeepImmuno-CNN,1.0@df42ac5b,immunogenicity,0.596404373646,higher,predicted
zhao-vaccine-4dc99915264a3be9,DeepImmuno-CNN,1.0@df42ac5b,immunogenicity,0.666536211967,higher,predicted
zhao-vaccine-95841985f246888a,DeepImmuno-CNN,1.0@df42ac5b,immunogenicity,0.821099996567,higher,predicted
zhao-vaccine-b0d0cc94e7ddcb4c,DeepImmuno-CNN,1.0@df42ac5b,immunogenicity,0.77060008049,higher,predicted
zhao-vaccine-e5b6e6531027fb8f,DeepImmuno-CNN,1.0@df42ac5b,immunogenicity,0.762855708599,higher,predicted
zhao-vaccine-1d176f8351e9f7ad,DeepImmuno-CNN,1.0@df42ac5b,immunogenicity,,higher,unsupported_length
zhao-vaccine-d412ce466d5b1dc9,DeepImmuno-CNN,1.0@df42ac5b,immunogenicity,,higher,unsupported_length
zhao-vaccine-15fe9978ca52b138,DeepImmuno-CNN,1.0@df42ac5b,immunogenicity,,higher,unsupported_hla
zhao-vaccine-2bfc958d9bf6634e,DeepImmuno-CNN,1.0@df42ac5b,immunogenicity,,higher,unsupported_hla
zhao-vaccine-628a7fb3dbfebccc,DeepImmuno-CNN,1.0@df42ac5b,immunogenicity,,higher,unsupported_hla
zhao-vaccine-a4de99f6c1c81857,DeepImmuno-CNN,1.0@df42ac5b,immunogenicity,0.992078602314,higher,predicted
zhao-vaccine-47d94499ca222d03,DeepImmuno-CNN,1.0@df42ac5b,immunogenicity,0.949527025223,higher,predicted
zhao-vaccine-7bc119052ceb79ba,DeepImmuno-CNN,1.0@df42ac5b,immunogenicity,0.700564444065,higher,predicted
zhao-vaccine-03b8d0dfc45ddca1,DeepImmuno-CNN,1.0@df42ac5b,immunogenicity,0.943603098392,higher,predicted
zhao-vaccine-15d95e5a1176ca46,DeepImmuno-CNN,1.0@df42ac5b,immunogenicity,0.820612847805,higher,predicted
zhao-vaccine-54c4c39a2e4f38f8,DeepImmuno-CNN,1.0@df42ac5b,immunogenicity,,higher,unsupported_length
zhao-vaccine-4cb2c73c4037fe42,DeepImmuno-CNN,1.0@df42ac5b,immunogenicity,0.768460094929,higher,predicted
zhao-vaccine-d51f8c32cad1ba20,DeepImmuno-CNN,1.0@df42ac5b,immunogenicity,,higher,unsupported_length
zhao-vaccine-10aed5dd64ac5e96,DeepImmuno-CNN,1.0@df42ac5b,immunogenicity,,higher,unsupported_length
zhao-vaccine-b4d79cc663ff7cb6,DeepImmuno-CNN,1.0@df42ac5b,immunogenicity,,higher,unsupported_length
zhao-vaccine-0965fc823e5c55b6,DeepImmuno-CNN,1.0@df42ac5b,immunogenicity,,higher,unsupported_length
zhao-vaccine-e82dd5c586f503f8,DeepImmuno-CNN,1.0@df42ac5b,immunogenicity,,higher,unsupported_length
zhao-vaccine-96f5d7454e5ad071,DeepImmuno-CNN,1.0@df42ac5b,immunogenicity,0.749694883823,higher,predicted
zhao-vaccine-2320522f4904ce2d,DeepImmuno-CNN,1.0@df42ac5b,immunogenicity,,higher,unsupported_length
zhao-vaccine-65768a47eeba2a4b,DeepImmuno-CNN,1.0@df42ac5b,immunogenicity,,higher,unsupported_length
zhao-vaccine-0454fe88d4ac8002,DeepImmuno-CNN,1.0@df42ac5b,immunogenicity,,higher,unsupported_length
zhao-vaccine-89993b9b649d4bf9,DeepImmuno-CNN,1.0@df42ac5b,immunogenicity,0.491092592478,higher,predicted
zhao-vaccine-c214618b34c2e443,DeepImmuno-CNN,1.0@df42ac5b,immunogenicity,0.66797876358,higher,predicted
zhao-vaccine-d234ed653d6ff2ef,DeepImmuno-CNN,1.0@df42ac5b,immunogenicity,,higher,unsupported_length
zhao-vaccine-933c3a1a5d3fcfb5,DeepImmuno-CNN,1.0@df42ac5b,immunogenicity,,higher,unsupported_length
zhao-vaccine-86625401541d7ccb,DeepImmuno-CNN,1.0@df42ac5b,immunogenicity,,higher,unsupported_length
zhao-vaccine-92fb0552f2f37ea6,DeepImmuno-CNN,1.0@df42ac5b,immunogenicity,,higher,unsupported_hla
zhao-vaccine-11227a4a3d59829a,DeepImmuno-CNN,1.0@df42ac5b,immunogenicity,0.671894669533,higher,predicted
zhao-vaccine-7d23928704435dc6,DeepImmuno-CNN,1.0@df42ac5b,immunogenicity,,higher,unsupported_length
zhao-vaccine-1c332b4d9a7afa33,DeepImmuno-CNN,1.0@df42ac5b,immunogenicity,0.810306727886,higher,predicted
zhao-vaccine-d55305c322d0068a,DeepImmuno-CNN,1.0@df42ac5b,immunogenicity,,higher,unsupported_length
zhao-vaccine-223101ef12b1d5d5,DeepImmuno-CNN,1.0@df42ac5b,immunogenicity,,higher,unsupported_length
zhao-vaccine-b681ee4ba6fc6869,DeepImmuno-CNN,1.0@df42ac5b,immunogenicity,0.907907426357,higher,predicted
zhao-vaccine-650741bfed719a3e,DeepImmuno-CNN,1.0@df42ac5b,immunogenicity,0.948492527008,higher,predicted
zhao-vaccine-b287db63851eeff5,DeepImmuno-CNN,1.0@df42ac5b,immunogenicity,0.841438770294,higher,predicted
zhao-vaccine-0c6afaae20915efb,DeepImmuno-CNN,1.0@df42ac5b,immunogenicity,,higher,unsupported_length
zhao-vaccine-64f082f381176acb,DeepImmuno-CNN,1.0@df42ac5b,immunogenicity,,higher,unsupported_length
zhao-vaccine-5fc783e702f9eba8,DeepImmuno-CNN,1.0@df42ac5b,immunogenicity,,higher,unsupported_length
zhao-vaccine-292259718a089cab,DeepImmuno-CNN,1.0@df42ac5b,immunogenicity,,higher,unsupported_length
zhao-vaccine-de9066f21b4546ac,DeepImmuno-CNN,1.0@df42ac5b,immunogenicity,,higher,unsupported_length
zhao-vaccine-00ebc5582e851a99,DeepImmuno-CNN,1.0@df42ac5b,immunogenicity,0.928379714489,higher,predicted
zhao-vaccine-be9e7274af2b2d63,DeepImmuno-CNN,1.0@df42ac5b,immunogenicity,,higher,unsupported_hla
zhao-vaccine-874e8070deb080f0,DeepImmuno-CNN,1.0@df42ac5b,immunogenicity,,higher,unsupported_hla
zhao-vaccine-bb29c2d6a8cfb75e,DeepImmuno-CNN,1.0@df42ac5b,immunogenicity,,higher,unsupported_length
zhao-vaccine-eca0d8162dca164b,DeepImmuno-CNN,1.0@df42ac5b,immunogenicity,,higher,unsupported_length
zhao-vaccine-db2184f5f215317b,DeepImmuno-CNN,1.0@df42ac5b,immunogenicity,,higher,unsupported_length
zhao-vaccine-7616ec8d421ab8e7,DeepImmuno-CNN,1.0@df42ac5b,immunogenicity,0.845822930336,higher,predicted
zhao-vaccine-dbe2c008385f4065,DeepImmuno-CNN,1.0@df42ac5b,immunogenicity,,higher,unsupported_length
zhao-vaccine-89b3b969bcd62f64,DeepImmuno-CNN,1.0@df42ac5b,immunogenicity,,higher,unsupported_length
zhao-vaccine-c335fa90a3776c2f,DeepImmuno-CNN,1.0@df42ac5b,immunogenicity,,higher,unsupported_length
zhao-vaccine-400dad68348762c6,DeepImmuno-CNN,1.0@df42ac5b,immunogenicity,,higher,unsupported_length
zhao-vaccine-5a30a78672029a4b,DeepImmuno-CNN,1.0@df42ac5b,immunogenicity,0.855792403221,higher,predicted
zhao-vaccine-0aa35de3d0cd0f2e,DeepImmuno-CNN,1.0@df42ac5b,immunogenicity,,higher,unsupported_length
zhao-vaccine-3b18add8d940be3b,DeepImmuno-CNN,1.0@df42ac5b,immunogenicity,0.796255707741,higher,predicted
zhao-vaccine-0eb19c92b8572161,DeepImmuno-CNN,1.0@df42ac5b,immunogenicity,0.357588112354,higher,predicted
zhao-vaccine-89ab0d7c0ad5c525,DeepImmuno-CNN,1.0@df42ac5b,immunogenicity,,higher,unsupported_length
zhao-vaccine-7045b8cd65c4aed2,DeepImmuno-CNN,1.0@df42ac5b,immunogenicity,,higher,unsupported_length
zhao-vaccine-868fc1305293857a,DeepImmuno-CNN,1.0@df42ac5b,immunogenicity,,higher,unsupported_length
zhao-vaccine-e570d74e15005831,DeepImmuno-CNN,1.0@df42ac5b,immunogenicity,,higher,unsupported_length
zhao-vaccine-74ea5a395af3821e,DeepImmuno-CNN,1.0@df42ac5b,immunogenicity,0.511166870594,higher,predicted
zhao-vaccine-c486185e561321a7,DeepImmuno-CNN,1.0@df42ac5b,immunogenicity,,higher,unsupported_length
zhao-vaccine-4653ae3aa2d99671,DeepImmuno-CNN,1.0@df42ac5b,immunogenicity,0.575865507126,higher,predicted
zhao-vaccine-c99e66b2806b47c3,DeepImmuno-CNN,1.0@df42ac5b,immunogenicity,,higher,unsupported_length
zhao-vaccine-077c38d007d0e296,DeepImmuno-CNN,1.0@df42ac5b,immunogenicity,,higher,unsupported_hla
zhao-vaccine-4e1525c5465ce693,DeepImmuno-CNN,1.0@df42ac5b,immunogenicity,,higher,unsupported_length
zhao-vaccine-675c4724bf5f1cbb,DeepImmuno-CNN,1.0@df42ac5b,immunogenicity,,higher,unsupported_length
zhao-vaccine-897fe8a79c4344c2,DeepImmuno-CNN,1.0@df42ac5b,immunogenicity,0.786827802658,higher,predicted
zhao-vaccine-f301d3d1318cc99b,DeepImmuno-CNN,1.0@df42ac5b,immunogenicity,0.494234055281,higher,predicted
zhao-vaccine-547c0f5e092fcfce,DeepImmuno-CNN,1.0@df42ac5b,immunogenicity,,higher,unsupported_length
zhao-vaccine-34448f6db97f37d2,DeepImmuno-CNN,1.0@df42ac5b,immunogenicity,0.525159597397,higher,predicted
zhao-vaccine-3f35f9e1e5dcea03,DeepImmuno-CNN,1.0@df42ac5b,immunogenicity,,higher,unsupported_length
zhao-vaccine-a77e03747be6f8e2,DeepImmuno-CNN,1.0@df42ac5b,immunogenicity,,higher,unsupported_hla
zhao-vaccine-eb263d1b89e1830f,DeepImmuno-CNN,1.0@df42ac5b,immunogenicity,0.972374558449,higher,predicted
zhao-vaccine-4ca9e42a55a7d196,DeepImmuno-CNN,1.0@df42ac5b,immunogenicity,,higher,unsupported_hla
zhao-vaccine-841f843f3ecdb273,DeepImmuno-CNN,1.0@df42ac5b,immunogenicity,,higher,unsupported_length
zhao-vaccine-e19cac8daeddc91e,DeepImmuno-CNN,1.0@df42ac5b,immunogenicity,,higher,unsupported_length
zhao-vaccine-70ec9496400c2d96,DeepImmuno-CNN,1.0@df42ac5b,immunogenicity,0.59748595953,higher,predicted
zhao-vaccine-2406c7f4c5568981,DeepImmuno-CNN,1.0@df42ac5b,immunogenicity,,higher,unsupported_hla
zhao-vaccine-f58974483659bc06,DeepImmuno-CNN,1.0@df42ac5b,immunogenicity,,higher,unsupported_length
zhao-vaccine-dd143204918ae739,DeepImmuno-CNN,1.0@df42ac5b,immunogenicity,,higher,unsupported_length
zhao-vaccine-834822ba2dd54e62,DeepImmuno-CNN,1.0@df42ac5b,immunogenicity,,higher,unsupported_length
zhao-vaccine-a2c1308a319a89a1,DeepImmuno-CNN,1.0@df42ac5b,immunogenicity,0.384384334087,higher,predicted
zhao-vaccine-a4f5baf91435e3dd,DeepImmuno-CNN,1.0@df42ac5b,immunogenicity,,higher,unsupported_length
zhao-vaccine-cd6ea47a1621b54b,DeepImmuno-CNN,1.0@df42ac5b,immunogenicity,,higher,unsupported_length
zhao-vaccine-dc823bb26dd083f3,DeepImmuno-CNN,1.0@df42ac5b,immunogenicity,,higher,unsupported_length
zhao-vaccine-3ea2cdcf52d34617,DeepImmuno-CNN,1.0@df42ac5b,immunogenicity,0.364748477936,higher,predicted
zhao-vaccine-0a72b615bc5857d9,DeepImmuno-CNN,1.0@df42ac5b,immunogenicity,0.647527039051,higher,predicted
zhao-vaccine-37afde455e133417,DeepImmuno-CNN,1.0@df42ac5b,immunogenicity,0.368867814541,higher,predicted
zhao-vaccine-1b4173c9a4a95c41,DeepImmuno-CNN,1.0@df42ac5b,immunogenicity,0.402630716562,higher,predicted
zhao-vaccine-0b4d677f1b84c9b4,DeepImmuno-CNN,1.0@df42ac5b,immunogenicity,0.356237620115,higher,predicted
zhao-vaccine-a4f37f8021b7e841,DeepImmuno-CNN,1.0@df42ac5b,immunogenicity,0.325471490622,higher,predicted
zhao-vaccine-7407554767f0c782,DeepImmuno-CNN,1.0@df42ac5b,immunogenicity,0.901753723621,higher,predicted
zhao-vaccine-e87adfb42491b475,DeepImmuno-CNN,1.0@df42ac5b,immunogenicity,0.854354858398,higher,predicted
zhao-vaccine-4608aff8b90b7751,DeepImmuno-CNN,1.0@df42ac5b,immunogenicity,0.854388594627,higher,predicted
zhao-vaccine-a38f0b4774ee8d03,DeepImmuno-CNN,1.0@df42ac5b,immunogenicity,,higher,unsupported_length
zhao-vaccine-13953415301cf176,DeepImmuno-CNN,1.0@df42ac5b,immunogenicity,0.937743484974,higher,predicted
zhao-vaccine-8cd82d97fc7c076e,DeepImmuno-CNN,1.0@df42ac5b,immunogenicity,,higher,unsupported_length
zhao-vaccine-9b53f60837368957,DeepImmuno-CNN,1.0@df42ac5b,immunogenicity,,higher,unsupported_length
zhao-vaccine-88e84548469445f4,DeepImmuno-CNN,1.0@df42ac5b,immunogenicity,,higher,unsupported_length
zhao-vaccine-7476851d9534e310,DeepImmuno-CNN,1.0@df42ac5b,immunogenicity,,higher,unsupported_length
zhao-vaccine-627ff41af6a00cdb,DeepImmuno-CNN,1.0@df42ac5b,immunogenicity,0.968464255333,higher,predicted
zhao-vaccine-be08242d923ef061,DeepImmuno-CNN,1.0@df42ac5b,immunogenicity,,higher,unsupported_hla
zhao-vaccine-d903a5698261b3c8,DeepImmuno-CNN,1.0@df42ac5b,immunogenicity,,higher,unsupported_length
zhao-vaccine-354e3296551734fc,DeepImmuno-CNN,1.0@df42ac5b,immunogenicity,,higher,unsupported_length
zhao-vaccine-db96e69b306cec11,DeepImmuno-CNN,1.0@df42ac5b,immunogenicity,,higher,unsupported_length
zhao-vaccine-25e9aa95382b9b81,DeepImmuno-CNN,1.0@df42ac5b,immunogenicity,0.350789994001,higher,predicted
zhao-vaccine-aca8d5b04290cf53,DeepImmuno-CNN,1.0@df42ac5b,immunogenicity,,higher,unsupported_hla
zhao-vaccine-a0b7cf2411e2ce98,DeepImmuno-CNN,1.0@df42ac5b,immunogenicity,0.207549840212,higher,predicted
zhao-vaccine-940a71fc528c9c3a,DeepImmuno-CNN,1.0@df42ac5b,immunogenicity,,higher,unsupported_length
zhao-vaccine-ff0ee141ea3683bc,DeepImmuno-CNN,1.0@df42ac5b,immunogenicity,,higher,unsupported_length
zhao-vaccine-39bc95abd5991029,DeepImmuno-CNN,1.0@df42ac5b,immunogenicity,0.543995261192,higher,predicted
zhao-vaccine-88c2d4f2ab12000b,DeepImmuno-CNN,1.0@df42ac5b,immunogenicity,,higher,unsupported_length
zhao-vaccine-c59f2b9ad31b5b66,DeepImmuno-CNN,1.0@df42ac5b,immunogenicity,0.772303938866,higher,predicted
zhao-vaccine-63a16a978ce57b49,DeepImmuno-CNN,1.0@df42ac5b,immunogenicity,0.6409984231,higher,predicted
zhao-vaccine-c9b84b79d3a1f196,DeepImmuno-CNN,1.0@df42ac5b,immunogenicity,,higher,unsupported_length
zhao-vaccine-616f65f167de3213,DeepImmuno-CNN,1.0@df42ac5b,immunogenicity,,higher,unsupported_length
zhao-vaccine-8fa800ae6297b07f,DeepImmuno-CNN,1.0@df42ac5b,immunogenicity,0.696956932545,higher,predicted
zhao-vaccine-e6c995508f6b8b97,DeepImmuno-CNN,1.0@df42ac5b,immunogenicity,,higher,unsupported_length
zhao-vaccine-895bee1ec0b5fbb3,DeepImmuno-CNN,1.0@df42ac5b,immunogenicity,0.281395882368,higher,predicted
zhao-vaccine-f73820b5ccde65b5,DeepImmuno-CNN,1.0@df42ac5b,immunogenicity,0.4592705369,higher,predicted
zhao-vaccine-00f1923403b6b019,DeepImmuno-CNN,1.0@df42ac5b,immunogenicity,,higher,unsupported_length
zhao-vaccine-4b8df077829e6980,DeepImmuno-CNN,1.0@df42ac5b,immunogenicity,0.786686182022,higher,predicted
zhao-vaccine-0aa3647ec94e3181,DeepImmuno-CNN,1.0@df42ac5b,immunogenicity,0.466930925846,higher,predicted
zhao-vaccine-fa4e8d3c569efbb5,DeepImmuno-CNN,1.0@df42ac5b,immunogenicity,0.68110871315,higher,predicted
zhao-vaccine-d246d27339880814,DeepImmuno-CNN,1.0@df42ac5b,immunogenicity,0.815394341946,higher,predicted
zhao-vaccine-0abbca74aa82ff8d,DeepImmuno-CNN,1.0@df42ac5b,immunogenicity,0.644115805626,higher,predicted
zhao-vaccine-b8d1f70683fb782d,DeepImmuno-CNN,1.0@df42ac5b,immunogenicity,,higher,unsupported_length
zhao-vaccine-d4f19b6aeacc9acc,DeepImmuno-CNN,1.0@df42ac5b,immunogenicity,,higher,unsupported_length
zhao-vaccine-fae0e58b45b2b3e7,DeepImmuno-CNN,1.0@df42ac5b,immunogenicity,,higher,unsupported_length
zhao-vaccine-91bf41d19d5a3297,DeepImmuno-CNN,1.0@df42ac5b,immunogenicity,0.206209540367,higher,predicted
zhao-vaccine-3072a4920293f8e4,DeepImmuno-CNN,1.0@df42ac5b,immunogenicity,,higher,unsupported_length
zhao-vaccine-874955b202561616,DeepImmuno-CNN,1.0@df42ac5b,immunogenicity,0.497909009457,higher,predicted
zhao-vaccine-3ae295a23c08ed7d,DeepImmuno-CNN,1.0@df42ac5b,immunogenicity,0.611237108707,higher,predicted
zhao-vaccine-3efce3460b7a4e47,DeepImmuno-CNN,1.0@df42ac5b,immunogenicity,,higher,unsupported_length
zhao-vaccine-5b46c9113e5507b4,DeepImmuno-CNN,1.0@df42ac5b,immunogenicity,0.788663625717,higher,predicted
zhao-vaccine-ac62717bdfea0acb,DeepImmuno-CNN,1.0@df42ac5b,immunogenicity,,higher,unsupported_length
zhao-vaccine-2c23902c93ef9031,DeepImmuno-CNN,1.0@df42ac5b,immunogenicity,0.964846014977,higher,predicted
zhao-vaccine-4753da1a46e276fc,DeepImmuno-CNN,1.0@df42ac5b,immunogenicity,0.625963509083,higher,predicted
zhao-vaccine-51f00b368ae3cabe,DeepImmuno-CNN,1.0@df42ac5b,immunogenicity,0.820386886597,higher,predicted
zhao-vaccine-b5c86b2360f65b48,DeepImmuno-CNN,1.0@df42ac5b,immunogenicity,0.473018974066,higher,predicted
zhao-vaccine-2767057dbbf63a70,DeepImmuno-CNN,1.0@df42ac5b,immunogenicity,,higher,unsupported_length
zhao-vaccine-5fce8179edad0c4c,DeepImmuno-CNN,1.0@df42ac5b,immunogenicity,0.412914693356,higher,predicted
zhao-vaccine-a543462cc9f9278f,DeepImmuno-CNN,1.0@df42ac5b,immunogenicity,0.635853111744,higher,predicted
zhao-vaccine-e9501dfc8304b65b,DeepImmuno-CNN,1.0@df42ac5b,immunogenicity,0.855640947819,higher,predicted
zhao-vaccine-eae2f44c7e6f7545,DeepImmuno-CNN,1.0@df42ac5b,immunogenicity,0.876509964466,higher,predicted
zhao-vaccine-f2ffda41c7bd4378,DeepImmuno-CNN,1.0@df42ac5b,immunogenicity,0.419278591871,higher,predicted
zhao-vaccine-12b618c2cf1ed1f0,DeepImmuno-CNN,1.0@df42ac5b,immunogenicity,,higher,unsupported_hla
zhao-vaccine-623358367e6eacbf,DeepImmuno-CNN,1.0@df42ac5b,immunogenicity,,higher,unsupported_hla
zhao-vaccine-d4f9347e28104ce8,DeepImmuno-CNN,1.0@df42ac5b,immunogenicity,0.739084303379,higher,predicted
zhao-vaccine-b1ecee23a07f2855,DeepImmuno-CNN,1.0@df42ac5b,immunogenicity,,higher,unsupported_length
zhao-vaccine-65a1856ffc74de64,DeepImmuno-CNN,1.0@df42ac5b,immunogenicity,,higher,unsupported_hla
zhao-vaccine-2466a2275803c898,DeepImmuno-CNN,1.0@df42ac5b,immunogenicity,0.955632805824,higher,predicted
zhao-vaccine-ceeab670992f2bde,DeepImmuno-CNN,1.0@df42ac5b,immunogenicity,,higher,unsupported_length
zhao-vaccine-13234abcc62e39a3,DeepImmuno-CNN,1.0@df42ac5b,immunogenicity,,higher,unsupported_hla
zhao-vaccine-2334035fe8c03a61,DeepImmuno-CNN,1.0@df42ac5b,immunogenicity,,higher,unsupported_length
zhao-vaccine-cca6479c6d67d1a3,DeepImmuno-CNN,1.0@df42ac5b,immunogenicity,0.845564603806,higher,predicted
zhao-vaccine-940d7e8d23e50bde,DeepImmuno-CNN,1.0@df42ac5b,immunogenicity,0.950381457806,higher,predicted
zhao-vaccine-c520cceb3618956f,DeepImmuno-CNN,1.0@df42ac5b,immunogenicity,0.928307890892,higher,predicted
zhao-vaccine-590321641555bdd4,DeepImmuno-CNN,1.0@df42ac5b,immunogenicity,,higher,unsupported_length
zhao-vaccine-b1555d61b37da579,DeepImmuno-CNN,1.0@df42ac5b,immunogenicity,0.669452905655,higher,predicted
zhao-vaccine-6ee4b5111afb1ae6,DeepImmuno-CNN,1.0@df42ac5b,immunogenicity,0.13988097012,higher,predicted
zhao-vaccine-bd18a6ba75b62ac8,DeepImmuno-CNN,1.0@df42ac5b,immunogenicity,0.709017455578,higher,predicted
zhao-vaccine-011cbc47316c6c54,DeepImmuno-CNN,1.0@df42ac5b,immunogenicity,,higher,unsupported_length
zhao-vaccine-1e7f325db4971357,DeepImmuno-CNN,1.0@df42ac5b,immunogenicity,,higher,unsupported_length
zhao-vaccine-7bdc109f932c292b,DeepImmuno-CNN,1.0@df42ac5b,immunogenicity,,higher,unsupported_length
zhao-vaccine-2e9093d1df047344,DeepImmuno-CNN,1.0@df42ac5b,immunogenicity,0.633939981461,higher,predicted
zhao-vaccine-41f4541974f3d119,DeepImmuno-CNN,1.0@df42ac5b,immunogenicity,0.774523615837,higher,predicted
zhao-vaccine-efe0205564201753,DeepImmuno-CNN,1.0@df42ac5b,immunogenicity,,higher,unsupported_length
zhao-vaccine-09c7ad177e1b1df0,DeepImmuno-CNN,1.0@df42ac5b,immunogenicity,,higher,unsupported_length
zhao-vaccine-09a1abfb71cfd972,DeepImmuno-CNN,1.0@df42ac5b,immunogenicity,,higher,unsupported_length
zhao-vaccine-8f1fb2ba27b6b0ef,DeepImmuno-CNN,1.0@df42ac5b,immunogenicity,0.860555768013,higher,predicted
zhao-vaccine-3944ad7a200bed45,DeepImmuno-CNN,1.0@df42ac5b,immunogenicity,,higher,unsupported_length
zhao-vaccine-89662fac64388428,DeepImmuno-CNN,1.0@df42ac5b,immunogenicity,0.467424571514,higher,predicted
zhao-vaccine-615d33021f15ac04,DeepImmuno-CNN,1.0@df42ac5b,immunogenicity,0.528572201729,higher,predicted
zhao-vaccine-7644ca8a4f4eac0f,DeepImmuno-CNN,1.0@df42ac5b,immunogenicity,0.905010044575,higher,predicted
zhao-vaccine-b90a2c82cf9d57ac,DeepImmuno-CNN,1.0@df42ac5b,immunogenicity,0.660653531551,higher,predicted
zhao-vaccine-c8c411f898b41145,DeepImmuno-CNN,1.0@df42ac5b,immunogenicity,,higher,unsupported_length
zhao-vaccine-0113b08ef02a1837,DeepImmuno-CNN,1.0@df42ac5b,immunogenicity,0.573874592781,higher,predicted
zhao-vaccine-6a067ef1ea4ca8a5,DeepImmuno-CNN,1.0@df42ac5b,immunogenicity,0.500590145588,higher,predicted
zhao-vaccine-0d21bfcac05c0903,DeepImmuno-CNN,1.0@df42ac5b,immunogenicity,0.989866614342,higher,predicted
zhao-vaccine-127d022b672bfa6e,DeepImmuno-CNN,1.0@df42ac5b,immunogenicity,0.35379332304,higher,predicted
zhao-vaccine-ebe204540dc589f6,DeepImmuno-CNN,1.0@df42ac5b,immunogenicity,,higher,unsupported_hla
zhao-vaccine-4c412b408d01b12c,DeepImmuno-CNN,1.0@df42ac5b,immunogenicity,,higher,unsupported_hla
zhao-vaccine-89365f27fea85179,DeepImmuno-CNN,1.0@df42ac5b,immunogenicity,,higher,unsupported_hla
zhao-vaccine-3614d38d7f84e3ab,DeepImmuno-CNN,1.0@df42ac5b,immunogenicity,,higher,unsupported_length
zhao-vaccine-04765a1581b81652,DeepImmuno-CNN,1.0@df42ac5b,immunogenicity,,higher,unsupported_hla
zhao-vaccine-751a65f63babbab9,DeepImmuno-CNN,1.0@df42ac5b,immunogenicity,,higher,unsupported_length
zhao-vaccine-0598b041e094dfda,DeepImmuno-CNN,1.0@df42ac5b,immunogenicity,0.853397548199,higher,predicted
zhao-vaccine-1fcda1058213059e,DeepImmuno-CNN,1.0@df42ac5b,immunogenicity,,higher,unsupported_length
zhao-vaccine-a149e753c39e2e2f,DeepImmuno-CNN,1.0@df42ac5b,immunogenicity,,higher,unsupported_length
zhao-vaccine-15aa8059f37d52e7,DeepImmuno-CNN,1.0@df42ac5b,immunogenicity,,higher,unsupported_hla
zhao-vaccine-aecd32c835c90945,DeepImmuno-CNN,1.0@df42ac5b,immunogenicity,,higher,unsupported_length
zhao-vaccine-3c3221c6e10611cc,DeepImmuno-CNN,1.0@df42ac5b,immunogenicity,,higher,unsupported_hla
zhao-vaccine-369dd0e964dc3d41,DeepImmuno-CNN,1.0@df42ac5b,immunogenicity,,higher,unsupported_hla
zhao-vaccine-84f9e53918e8d995,DeepImmuno-CNN,1.0@df42ac5b,immunogenicity,,higher,unsupported_length
zhao-vaccine-4b24fe0e3318fd2b,DeepImmuno-CNN,1.0@df42ac5b,immunogenicity,,higher,unsupported_hla
zhao-vaccine-9d835bbd79fc6203,DeepImmuno-CNN,1.0@df42ac5b,immunogenicity,,higher,unsupported_length
zhao-vaccine-d88b8e8fac467cda,DeepImmuno-CNN,1.0@df42ac5b,immunogenicity,,higher,unsupported_hla
zhao-vaccine-309aef550a3b165d,DeepImmuno-CNN,1.0@df42ac5b,immunogenicity,,higher,unsupported_hla
zhao-vaccine-395a5a0f5f04ab8c,DeepImmuno-CNN,1.0@df42ac5b,immunogenicity,,higher,unsupported_hla
zhao-vaccine-3481ca46d016164f,DeepImmuno-CNN,1.0@df42ac5b,immunogenicity,,higher,unsupported_length
zhao-vaccine-971426eea1a742ca,DeepImmuno-CNN,1.0@df42ac5b,immunogenicity,,higher,unsupported_length
zhao-vaccine-a50601baa324efef,DeepImmuno-CNN,1.0@df42ac5b,immunogenicity,0.400629073381,higher,predicted
zhao-vaccine-d34e259267438653,DeepImmuno-CNN,1.0@df42ac5b,immunogenicity,,higher,unsupported_length
zhao-vaccine-25b4e62a0d851e29,DeepImmuno-CNN,1.0@df42ac5b,immunogenicity,0.521112918854,higher,predicted
zhao-vaccine-8358e63308d7f0c4,DeepImmuno-CNN,1.0@df42ac5b,immunogenicity,0.530266344547,higher,predicted
zhao-vaccine-c178432744b13c78,DeepImmuno-CNN,1.0@df42ac5b,immunogenicity,0.670335829258,higher,predicted
zhao-vaccine-1034fb45051e64fe,DeepImmuno-CNN,1.0@df42ac5b,immunogenicity,,higher,unsupported_length
zhao-vaccine-6e56355af497a2f0,DeepImmuno-CNN,1.0@df42ac5b,immunogenicity,0.897092521191,higher,predicted
zhao-vaccine-c5728cec5c7d7224,DeepImmuno-CNN,1.0@df42ac5b,immunogenicity,,higher,unsupported_length
zhao-vaccine-6e1d3196a45f7a2e,DeepImmuno-CNN,1.0@df42ac5b,immunogenicity,,higher,unsupported_length
zhao-vaccine-cc0566dfc06ca302,DeepImmuno-CNN,1.0@df42ac5b,immunogenicity,0.876463115215,higher,predicted
zhao-vaccine-2d01a6516182134c,DeepImmuno-CNN,1.0@df42ac5b,immunogenicity,,higher,unsupported_length
zhao-vaccine-44ee76e75a70f0b1,DeepImmuno-CNN,1.0@df42ac5b,immunogenicity,0.686246097088,higher,predicted
zhao-vaccine-b3656859d3ce07ff,DeepImmuno-CNN,1.0@df42ac5b,immunogenicity,0.213021412492,higher,predicted
zhao-vaccine-93fe426b74cb09bf,DeepImmuno-CNN,1.0@df42ac5b,immunogenicity,0.540039777756,higher,predicted
zhao-vaccine-bf5533c3b7d71a29,DeepImmuno-CNN,1.0@df42ac5b,immunogenicity,,higher,unsupported_hla
zhao-vaccine-3884abecfdb2a157,DeepImmuno-CNN,1.0@df42ac5b,immunogenicity,,higher,unsupported_length
zhao-vaccine-802c7522efe8643f,DeepImmuno-CNN,1.0@df42ac5b,immunogenicity,,higher,unsupported_length
zhao-vaccine-1832aacc6ce93c31,DeepImmuno-CNN,1.0@df42ac5b,immunogenicity,0.391348451376,higher,predicted
zhao-vaccine-164ea58f2fc6f377,DeepImmuno-CNN,1.0@df42ac5b,immunogenicity,0.351878106594,higher,predicted
zhao-vaccine-9b5389ba1798a395,DeepImmuno-CNN,1.0@df42ac5b,immunogenicity,,higher,unsupported_hla
zhao-vaccine-8b7630c45e269635,DeepImmuno-CNN,1.0@df42ac5b,immunogenicity,,higher,unsupported_length
zhao-vaccine-74cc9ca5fb1a8008,DeepImmuno-CNN,1.0@df42ac5b,immunogenicity,,higher,unsupported_length
zhao-vaccine-5f4bdfc04cf84619,DeepImmuno-CNN,1.0@df42ac5b,immunogenicity,,higher,unsupported_hla
zhao-vaccine-ebada584684de4fd,DeepImmuno-CNN,1.0@df42ac5b,immunogenicity,,higher,unsupported_length
zhao-vaccine-be2c775518f83b4d,DeepImmuno-CNN,1.0@df42ac5b,immunogenicity,,higher,unsupported_hla
zhao-vaccine-b69d26ca091066fa,DeepImmuno-CNN,1.0@df42ac5b,immunogenicity,,higher,unsupported_hla
zhao-vaccine-d628b6bfd6356534,DeepImmuno-CNN,1.0@df42ac5b,immunogenicity,,higher,unsupported_hla
zhao-vaccine-f9f29366ab5ac473,DeepImmuno-CNN,1.0@df42ac5b,immunogenicity,,higher,unsupported_length
zhao-vaccine-2b5e3d1c9a1fff67,DeepImmuno-CNN,1.0@df42ac5b,immunogenicity,,higher,unsupported_length
zhao-vaccine-5a7f28b9eb70924a,DeepImmuno-CNN,1.0@df42ac5b,immunogenicity,,higher,unsupported_hla
zhao-vaccine-7bec4b8abc45c956,DeepImmuno-CNN,1.0@df42ac5b,immunogenicity,,higher,unsupported_length
zhao-vaccine-0792da8d85fbaca5,DeepImmuno-CNN,1.0@df42ac5b,immunogenicity,,higher,unsupported_hla
zhao-vaccine-cd2203bfcc4cde42,DeepImmuno-CNN,1.0@df42ac5b,immunogenicity,,higher,unsupported_hla
zhao-vaccine-af4eba9e86eb8cad,DeepImmuno-CNN,1.0@df42ac5b,immunogenicity,,higher,unsupported_length
zhao-vaccine-d3be1b037ac46cae,DeepImmuno-CNN,1.0@df42ac5b,immunogenicity,0.795810818672,higher,predicted
zhao-vaccine-b81228a0c1578d43,DeepImmuno-CNN,1.0@df42ac5b,immunogenicity,,higher,unsupported_hla
zhao-vaccine-8e357c97f0eb285c,DeepImmuno-CNN,1.0@df42ac5b,immunogenicity,,higher,unsupported_hla
zhao-vaccine-dce008024279bca6,DeepImmuno-CNN,1.0@df42ac5b,immunogenicity,,higher,unsupported_length
zhao-vaccine-15326b7cf9712f20,DeepImmuno-CNN,1.0@df42ac5b,immunogenicity,,higher,unsupported_length
zhao-vaccine-63251d7d3a3fd8ac,DeepImmuno-CNN,1.0@df42ac5b,immunogenicity,0.628254890442,higher,predicted
zhao-vaccine-9f9de6941e5901b9,DeepImmuno-CNN,1.0@df42ac5b,immunogenicity,0.950553894043,higher,predicted
zhao-vaccine-fd11a5b1ee72d0e2,DeepImmuno-CNN,1.0@df42ac5b,immunogenicity,,higher,unsupported_hla
zhao-vaccine-d601ca8ec575d818,DeepImmuno-CNN,1.0@df42ac5b,immunogenicity,,higher,unsupported_length
zhao-vaccine-abe3780abf8c2339,DeepImmuno-CNN,1.0@df42ac5b,immunogenicity,0.983928203583,higher,predicted
zhao-vaccine-f2bbba69c49ee9d8,DeepImmuno-CNN,1.0@df42ac5b,immunogenicity,,higher,unsupported_length
zhao-vaccine-384d6d35758b5077,DeepImmuno-CNN,1.0@df42ac5b,immunogenicity,,higher,unsupported_hla
zhao-vaccine-79e464655b759b78,DeepImmuno-CNN,1.0@df42ac5b,immunogenicity,,higher,unsupported_hla
zhao-vaccine-2df488aa9efe4167,DeepImmuno-CNN,1.0@df42ac5b,immunogenicity,,higher,unsupported_length
zhao-vaccine-e02174bf70cf48e1,DeepImmuno-CNN,1.0@df42ac5b,immunogenicity,0.976398348808,higher,predicted
zhao-vaccine-79a96393714afdc1,DeepImmuno-CNN,1.0@df42ac5b,immunogenicity,,higher,unsupported_length
zhao-vaccine-6b254b7b2c3bf169,DeepImmuno-CNN,1.0@df42ac5b,immunogenicity,,higher,unsupported_length
zhao-vaccine-829b28362531375b,DeepImmuno-CNN,1.0@df42ac5b,immunogenicity,,higher,unsupported_length
zhao-vaccine-b07374752303c7ce,DeepImmuno-CNN,1.0@df42ac5b,immunogenicity,,higher,unsupported_length
zhao-vaccine-0a968a6e8f5bb3a5,DeepImmuno-CNN,1.0@df42ac5b,immunogenicity,0.393547773361,higher,predicted
zhao-vaccine-dfcc24d0c9399a71,DeepImmuno-CNN,1.0@df42ac5b,immunogenicity,,higher,unsupported_length
zhao-vaccine-f88b213c3693011f,DeepImmuno-CNN,1.0@df42ac5b,immunogenicity,,higher,unsupported_length
zhao-vaccine-1b924ca5b95b9789,DeepImmuno-CNN,1.0@df42ac5b,immunogenicity,,higher,unsupported_hla
zhao-vaccine-a529ef70085fd160,DeepImmuno-CNN,1.0@df42ac5b,immunogenicity,0.413675427437,higher,predicted
zhao-vaccine-f2f04fea5f4bd62f,DeepImmuno-CNN,1.0@df42ac5b,immunogenicity,,higher,unsupported_hla
zhao-vaccine-8b569e01b4c0fa1d,DeepImmuno-CNN,1.0@df42ac5b,immunogenicity,,higher,unsupported_length
zhao-vaccine-7ba0ee3aedadd920,DeepImmuno-CNN,1.0@df42ac5b,immunogenicity,,higher,unsupported_length
zhao-vaccine-73318b0e1d0f5698,DeepImmuno-CNN,1.0@df42ac5b,immunogenicity,,higher,unsupported_hla
zhao-vaccine-617e8b4c605e848a,DeepImmuno-CNN,1.0@df42ac5b,immunogenicity,,higher,unsupported_length
zhao-vaccine-968dd34985109398,DeepImmuno-CNN,1.0@df42ac5b,immunogenicity,,higher,unsupported_hla
zhao-vaccine-30a8f44992e1727b,DeepImmuno-CNN,1.0@df42ac5b,immunogenicity,,higher,unsupported_length
zhao-vaccine-8e7ed2309f8a8c76,DeepImmuno-CNN,1.0@df42ac5b,immunogenicity,,higher,unsupported_hla
zhao-vaccine-5ec2f637f82295c6,DeepImmuno-CNN,1.0@df42ac5b,immunogenicity,,higher,unsupported_length
zhao-vaccine-e0d97b661fbbca8e,DeepImmuno-CNN,1.0@df42ac5b,immunogenicity,,higher,unsupported_hla
zhao-vaccine-1ecaf53c0361fd76,DeepImmuno-CNN,1.0@df42ac5b,immunogenicity,,higher,unsupported_length
zhao-vaccine-07dc64ecc1d1c80c,DeepImmuno-CNN,1.0@df42ac5b,immunogenicity,,higher,unsupported_length
zhao-vaccine-2a74b63a389d29da,DeepImmuno-CNN,1.0@df42ac5b,immunogenicity,,higher,unsupported_length
zhao-vaccine-c5027f69096ce937,DeepImmuno-CNN,1.0@df42ac5b,immunogenicity,,higher,unsupported_length
zhao-vaccine-64b03c25eb1e4aca,DeepImmuno-CNN,1.0@df42ac5b,immunogenicity,0.858683466911,higher,predicted
zhao-vaccine-09b09241df7ba57a,DeepImmuno-CNN,1.0@df42ac5b,immunogenicity,,higher,unsupported_length
zhao-vaccine-46c73c5643b5c015,DeepImmuno-CNN,1.0@df42ac5b,immunogenicity,0.635131120682,higher,predicted
zhao-vaccine-ded05c41d0885a79,DeepImmuno-CNN,1.0@df42ac5b,immunogenicity,0.539218842983,higher,predicted
zhao-vaccine-569a1f5d232617cc,DeepImmuno-CNN,1.0@df42ac5b,immunogenicity,0.620252728462,higher,predicted
zhao-vaccine-a6ba52504edaec3a,DeepImmuno-CNN,1.0@df42ac5b,immunogenicity,,higher,unsupported_length
zhao-vaccine-441263c256cd1d32,DeepImmuno-CNN,1.0@df42ac5b,immunogenicity,0.938524782658,higher,predicted
zhao-vaccine-ce1b25ef98db3b8f,DeepImmuno-CNN,1.0@df42ac5b,immunogenicity,0.828896045685,higher,predicted
zhao-vaccine-98fdab332ce80606,DeepImmuno-CNN,1.0@df42ac5b,immunogenicity,0.538131177425,higher,predicted
zhao-vaccine-32042d43ea9234e9,DeepImmuno-CNN,1.0@df42ac5b,immunogenicity,0.511452913284,higher,predicted
zhao-vaccine-978388f28ca83380,DeepImmuno-CNN,1.0@df42ac5b,immunogenicity,0.633686006069,higher,predicted
zhao-vaccine-dbb83903928a1b3d,DeepImmuno-CNN,1.0@df42ac5b,immunogenicity,0.675617516041,higher,predicted
zhao-vaccine-484d4a1e69dbaff1,DeepImmuno-CNN,1.0@df42ac5b,immunogenicity,0.9289021492,higher,predicted
zhao-vaccine-587f63e0750195b8,DeepImmuno-CNN,1.0@df42ac5b,immunogenicity,,higher,unsupported_length
zhao-vaccine-189a3e09a651a5ca,DeepImmuno-CNN,1.0@df42ac5b,immunogenicity,,higher,unsupported_length
zhao-vaccine-1c92e6cb78af1121,DeepImmuno-CNN,1.0@df42ac5b,immunogenicity,0.279824465513,higher,predicted
zhao-vaccine-c5f13bbc156d1ffd,DeepImmuno-CNN,1.0@df42ac5b,immunogenicity,,higher,unsupported_length
zhao-vaccine-005c2d41ff568581,DeepImmuno-CNN,1.0@df42ac5b,immunogenicity,,higher,unsupported_length
zhao-vaccine-754cdd08691b463b,DeepImmuno-CNN,1.0@df42ac5b,immunogenicity,0.361486285925,higher,predicted
zhao-vaccine-44191f451fb5342f,DeepImmuno-CNN,1.0@df42ac5b,immunogenicity,0.408877462149,higher,predicted
zhao-vaccine-bc0b04f0db31deef,DeepImmuno-CNN,1.0@df42ac5b,immunogenicity,,higher,unsupported_length
zhao-vaccine-248486bef67ddc1a,DeepImmuno-CNN,1.0@df42ac5b,immunogenicity,,higher,unsupported_length
zhao-vaccine-435c57bd5626e81d,DeepImmuno-CNN,1.0@df42ac5b,immunogenicity,0.302564799786,higher,predicted
zhao-vaccine-6a80222eb3cd9960,DeepImmuno-CNN,1.0@df42ac5b,immunogenicity,,higher,unsupported_length
zhao-vaccine-18bb777b4e863040,DeepImmuno-CNN,1.0@df42ac5b,immunogenicity,,higher,unsupported_length
zhao-vaccine-c73520e05162fa63,DeepImmuno-CNN,1.0@df42ac5b,immunogenicity,,higher,unsupported_length
zhao-vaccine-2d42ee092024504b,DeepImmuno-CNN,1.0@df42ac5b,immunogenicity,,higher,unsupported_length
zhao-vaccine-3c4ba0f989f56cbc,DeepImmuno-CNN,1.0@df42ac5b,immunogenicity,0.612428128719,higher,predicted
zhao-vaccine-8a4ba03a807552d8,DeepImmuno-CNN,1.0@df42ac5b,immunogenicity,,higher,unsupported_length
zhao-vaccine-3a488a69cfdbb0b4,DeepImmuno-CNN,1.0@df42ac5b,immunogenicity,0.84988707304,higher,predicted
zhao-vaccine-2f981576be4f5fcd,DeepImmuno-CNN,1.0@df42ac5b,immunogenicity,0.957358598709,higher,predicted
zhao-vaccine-80e29e057aded50f,DeepImmuno-CNN,1.0@df42ac5b,immunogenicity,0.632623076439,higher,predicted
zhao-vaccine-a6efb11623db8198,DeepImmuno-CNN,1.0@df42ac5b,immunogenicity,0.894388973713,higher,predicted
zhao-vaccine-f3f3f5539242b996,DeepImmuno-CNN,1.0@df42ac5b,immunogenicity,0.966333925724,higher,predicted
zhao-vaccine-f31510ca0cca7dc2,DeepImmuno-CNN,1.0@df42ac5b,immunogenicity,0.64377450943,higher,predicted
zhao-vaccine-fe692678a2348211,DeepImmuno-CNN,1.0@df42ac5b,immunogenicity,,higher,unsupported_length
zhao-vaccine-feb8ab75cbc6a6b1,DeepImmuno-CNN,1.0@df42ac5b,immunogenicity,,higher,unsupported_length
zhao-vaccine-b8df57798d7bb9e4,DeepImmuno-CNN,1.0@df42ac5b,immunogenicity,0.726326644421,higher,predicted
zhao-vaccine-ebb911c0b47448a5,DeepImmuno-CNN,1.0@df42ac5b,immunogenicity,,higher,unsupported_length
zhao-vaccine-6d945c4de6fb7fdd,DeepImmuno-CNN,1.0@df42ac5b,immunogenicity,,higher,unsupported_length
zhao-vaccine-7ca1890125ff12ec,DeepImmuno-CNN,1.0@df42ac5b,immunogenicity,,higher,unsupported_hla
zhao-vaccine-b84d5e06e4a5de93,DeepImmuno-CNN,1.0@df42ac5b,immunogenicity,0.534534752369,higher,predicted
zhao-vaccine-5a666db4b7cd0c81,DeepImmuno-CNN,1.0@df42ac5b,immunogenicity,0.95941722393,higher,predicted
zhao-vaccine-ff9e4d8c3d7ed1a1,DeepImmuno-CNN,1.0@df42ac5b,immunogenicity,,higher,unsupported_hla
zhao-vaccine-d7edde17da32e7a7,DeepImmuno-CNN,1.0@df42ac5b,immunogenicity,0.304572701454,higher,predicted
zhao-vaccine-1b9041952158e85a,DeepImmuno-CNN,1.0@df42ac5b,immunogenicity,,higher,unsupported_hla
zhao-vaccine-76096a14f7beac73,DeepImmuno-CNN,1.0@df42ac5b,immunogenicity,,higher,unsupported_hla
zhao-vaccine-f84831fabf9966dc,DeepImmuno-CNN,1.0@df42ac5b,immunogenicity,0.602122724056,higher,predicted
zhao-vaccine-6fa72e4c980319d1,DeepImmuno-CNN,1.0@df42ac5b,immunogenicity,0.530256748199,higher,predicted
zhao-vaccine-fecf0e4ffb53c9ba,DeepImmuno-CNN,1.0@df42ac5b,immunogenicity,0.818446338177,higher,predicted
zhao-vaccine-7f048c24cf7f67cd,DeepImmuno-CNN,1.0@df42ac5b,immunogenicity,0.596734166145,higher,predicted
zhao-vaccine-8f28ecfbd8e04b8a,DeepImmuno-CNN,1.0@df42ac5b,immunogenicity,,higher,unsupported_length
zhao-vaccine-c7ecbe8a43080a18,DeepImmuno-CNN,1.0@df42ac5b,immunogenicity,0.422820150852,higher,predicted
zhao-vaccine-d353f5ffe14092d8,DeepImmuno-CNN,1.0@df42ac5b,immunogenicity,,higher,unsupported_length
zhao-vaccine-68919353742998c9,DeepImmuno-CNN,1.0@df42ac5b,immunogenicity,,higher,unsupported_hla
zhao-vaccine-adb6b5a92a4bda9e,DeepImmuno-CNN,1.0@df42ac5b,immunogenicity,,higher,unsupported_hla
zhao-vaccine-1b0f9ac57d3deca0,DeepImmuno-CNN,1.0@df42ac5b,immunogenicity,,higher,unsupported_length
zhao-vaccine-352b15a9113e1c3f,DeepImmuno-CNN,1.0@df42ac5b,immunogenicity,,higher,unsupported_length
zhao-vaccine-d245b9086a4c4e55,DeepImmuno-CNN,1.0@df42ac5b,immunogenicity,0.613887071609,higher,predicted
zhao-vaccine-b9a1d54db9353202,DeepImmuno-CNN,1.0@df42ac5b,immunogenicity,,higher,unsupported_length
zhao-vaccine-65e1e957b18a0883,DeepImmuno-CNN,1.0@df42ac5b,immunogenicity,0.342856019735,higher,predicted
zhao-vaccine-5aad249cfbd1da6a,DeepImmuno-CNN,1.0@df42ac5b,immunogenicity,,higher,unsupported_length
zhao-vaccine-1f8caded918cd1a8,DeepImmuno-CNN,1.0@df42ac5b,immunogenicity,,higher,unsupported_length
zhao-vaccine-a32c2f2da9e9e873,DeepImmuno-CNN,1.0@df42ac5b,immunogenicity,,higher,unsupported_length
zhao-vaccine-d794cc06a0b7dbc2,DeepImmuno-CNN,1.0@df42ac5b,immunogenicity,,higher,unsupported_length
zhao-vaccine-2198b7a3c74589cf,DeepImmuno-CNN,1.0@df42ac5b,immunogenicity,,higher,unsupported_length
zhao-vaccine-6dd07e8066f0f846,DeepImmuno-CNN,1.0@df42ac5b,immunogenicity,,higher,unsupported_length
zhao-vaccine-83a2818ca048bc91,DeepImmuno-CNN,1.0@df42ac5b,immunogenicity,0.498753219843,higher,predicted
zhao-vaccine-30af01ce73e0a329,DeepImmuno-CNN,1.0@df42ac5b,immunogenicity,0.71891784668,higher,predicted
zhao-vaccine-8e5f572bf39bb70e,DeepImmuno-CNN,1.0@df42ac5b,immunogenicity,0.595735430717,higher,predicted
zhao-vaccine-947c1a25434f2c88,DeepImmuno-CNN,1.0@df42ac5b,immunogenicity,0.167646914721,higher,predicted
zhao-vaccine-cf7bbfda04adec09,DeepImmuno-CNN,1.0@df42ac5b,immunogenicity,,higher,unsupported_length
zhao-vaccine-0a37b5892da9f729,DeepImmuno-CNN,1.0@df42ac5b,immunogenicity,0.580722987652,higher,predicted
zhao-vaccine-3c5ff23770c9c9eb,DeepImmuno-CNN,1.0@df42ac5b,immunogenicity,,higher,unsupported_length
zhao-vaccine-07cda9d9316a2417,DeepImmuno-CNN,1.0@df42ac5b,immunogenicity,,higher,unsupported_hla
zhao-vaccine-25c3d50852fb5fbc,DeepImmuno-CNN,1.0@df42ac5b,immunogenicity,0.904857695103,higher,predicted
zhao-vaccine-c61e31faea397e00,DeepImmuno-CNN,1.0@df42ac5b,immunogenicity,,higher,unsupported_length
zhao-vaccine-1c2709e2c8b958f5,DeepImmuno-CNN,1.0@df42ac5b,immunogenicity,0.549878299236,higher,predicted
zhao-vaccine-52e8109ad1474de0,DeepImmuno-CNN,1.0@df42ac5b,immunogenicity,0.842296123505,higher,predicted
zhao-vaccine-f2460d83b4aa9649,DeepImmuno-CNN,1.0@df42ac5b,immunogenicity,0.816878914833,higher,predicted
zhao-vaccine-3fc85da93c900ad1,DeepImmuno-CNN,1.0@df42ac5b,immunogenicity,,higher,unsupported_length
zhao-vaccine-504366f07af83dea,DeepImmuno-CNN,1.0@df42ac5b,immunogenicity,0.533679842949,higher,predicted
zhao-vaccine-3dd3b83dc8a140dd,DeepImmuno-CNN,1.0@df42ac5b,immunogenicity,0.648437023163,higher,predicted
zhao-vaccine-92586d96b0544d0e,DeepImmuno-CNN,1.0@df42ac5b,immunogenicity,0.102816864848,higher,predicted
zhao-vaccine-d62cd0eb01450541,DeepImmuno-CNN,1.0@df42ac5b,immunogenicity,,higher,unsupported_length
zhao-vaccine-0bb4de090da7557e,DeepImmuno-CNN,1.0@df42ac5b,immunogenicity,,higher,unsupported_length
zhao-vaccine-d83594b606a34d9f,DeepImmuno-CNN,1.0@df42ac5b,immunogenicity,0.949622571468,higher,predicted
zhao-vaccine-9b36daa85674e41c,DeepImmuno-CNN,1.0@df42ac5b,immunogenicity,,higher,unsupported_length
zhao-vaccine-a7d26b31e15305c0,DeepImmuno-CNN,1.0@df42ac5b,immunogenicity,0.18610689044,higher,predicted
zhao-vaccine-a77fb0e9d66e5b92,DeepImmuno-CNN,1.0@df42ac5b,immunogenicity,,higher,unsupported_length
zhao-vaccine-6af6761dc326c7b4,DeepImmuno-CNN,1.0@df42ac5b,immunogenicity,,higher,unsupported_length
zhao-vaccine-70021a4a83d0b97b,DeepImmuno-CNN,1.0@df42ac5b,immunogenicity,,higher,unsupported_hla
zhao-vaccine-b8c034b4f7906cda,DeepImmuno-CNN,1.0@df42ac5b,immunogenicity,,higher,unsupported_length
zhao-vaccine-61ac7c025d684e3f,DeepImmuno-CNN,1.0@df42ac5b,immunogenicity,,higher,unsupported_length
zhao-vaccine-c9b86ce6d1009213,DeepImmuno-CNN,1.0@df42ac5b,immunogenicity,0.872050344944,higher,predicted
zhao-vaccine-2b01871034639ce6,DeepImmuno-CNN,1.0@df42ac5b,immunogenicity,0.673983693123,higher,predicted
zhao-vaccine-0b898604ae640790,DeepImmuno-CNN,1.0@df42ac5b,immunogenicity,,higher,unsupported_length
zhao-vaccine-090509de5bbe3e7c,DeepImmuno-CNN,1.0@df42ac5b,immunogenicity,,higher,unsupported_hla
zhao-vaccine-c0f6ab4dadf74287,DeepImmuno-CNN,1.0@df42ac5b,immunogenicity,,higher,unsupported_length
zhao-vaccine-24bb80e6d446539e,DeepImmuno-CNN,1.0@df42ac5b,immunogenicity,0.662658154964,higher,predicted
zhao-vaccine-3201a3fb6e0c8fa5,DeepImmuno-CNN,1.0@df42ac5b,immunogenicity,,higher,unsupported_hla
zhao-vaccine-83712a929d036711,DeepImmuno-CNN,1.0@df42ac5b,immunogenicity,,higher,unsupported_hla
zhao-vaccine-bc7e6e0737e44920,DeepImmuno-CNN,1.0@df42ac5b,immunogenicity,0.933929443359,higher,predicted
zhao-vaccine-0eaf0e818a7a746a,DeepImmuno-CNN,1.0@df42ac5b,immunogenicity,0.873195827007,higher,predicted
zhao-vaccine-e1587f78f0414f32,DeepImmuno-CNN,1.0@df42ac5b,immunogenicity,,higher,unsupported_length
zhao-vaccine-41f5931366c040c0,DeepImmuno-CNN,1.0@df42ac5b,immunogenicity,0.725308179855,higher,predicted
zhao-vaccine-7175cb119bd96102,DeepImmuno-CNN,1.0@df42ac5b,immunogenicity,,higher,unsupported_length
zhao-vaccine-75af5bb08906c7f7,DeepImmuno-CNN,1.0@df42ac5b,immunogenicity,0.603956878185,higher,predicted
zhao-vaccine-19030f73262529ce,DeepImmuno-CNN,1.0@df42ac5b,immunogenicity,0.157894670963,higher,predicted
zhao-vaccine-854adfc6e548ab72,DeepImmuno-CNN,1.0@df42ac5b,immunogenicity,0.780355095863,higher,predicted
zhao-vaccine-40a84aa5f7529b52,DeepImmuno-CNN,1.0@df42ac5b,immunogenicity,0.970723748207,higher,predicted
zhao-vaccine-1071886d40129d5f,DeepImmuno-CNN,1.0@df42ac5b,immunogenicity,0.877506196499,higher,predicted
zhao-vaccine-3fc0b7f5778f75b1,DeepImmuno-CNN,1.0@df42ac5b,immunogenicity,0.729773879051,higher,predicted
zhao-vaccine-cc31c8cbc49a2519,DeepImmuno-CNN,1.0@df42ac5b,immunogenicity,0.521061658859,higher,predicted
zhao-vaccine-76da3ee3a519e089,DeepImmuno-CNN,1.0@df42ac5b,immunogenicity,,higher,unsupported_length
zhao-vaccine-3e0d2622f82171c5,DeepImmuno-CNN,1.0@df42ac5b,immunogenicity,,higher,unsupported_length
zhao-vaccine-db3d9b700db0c77c,DeepImmuno-CNN,1.0@df42ac5b,immunogenicity,,higher,unsupported_length
zhao-vaccine-9973ae04539ea32e,DeepImmuno-CNN,1.0@df42ac5b,immunogenicity,,higher,unsupported_length
zhao-vaccine-5561ea5eae8c4914,DeepImmuno-CNN,1.0@df42ac5b,immunogenicity,0.349220216274,higher,predicted
zhao-vaccine-2b4eb78cc400768f,DeepImmuno-CNN,1.0@df42ac5b,immunogenicity,0.311021834612,higher,predicted
zhao-vaccine-007a79875c9c2c9d,DeepImmuno-CNN,1.0@df42ac5b,immunogenicity,,higher,unsupported_length
zhao-vaccine-94c540703c35d914,DeepImmuno-CNN,1.0@df42ac5b,immunogenicity,,higher,unsupported_hla
zhao-vaccine-d0539841cb147534,DeepImmuno-CNN,1.0@df42ac5b,immunogenicity,0.940796077251,higher,predicted
zhao-vaccine-6fb9fcc725620c4d,DeepImmuno-CNN,1.0@df42ac5b,immunogenicity,0.787469804287,higher,predicted
zhao-vaccine-fd3485d9cfbed701,DeepImmuno-CNN,1.0@df42ac5b,immunogenicity,0.893864095211,higher,predicted
zhao-vaccine-7b19004e1c7b69aa,DeepImmuno-CNN,1.0@df42ac5b,immunogenicity,,higher,unsupported_hla
zhao-vaccine-77558f19fda1309c,DeepImmuno-CNN,1.0@df42ac5b,immunogenicity,,higher,unsupported_length
zhao-vaccine-a927269393d2526c,DeepImmuno-CNN,1.0@df42ac5b,immunogenicity,0.872888624668,higher,predicted
zhao-vaccine-de540479a7332cba,DeepImmuno-CNN,1.0@df42ac5b,immunogenicity,0.974101781845,higher,predicted
zhao-vaccine-ff2e1d9399179786,DeepImmuno-CNN,1.0@df42ac5b,immunogenicity,,higher,unsupported_length
zhao-vaccine-4acd10b38d0e4aec,DeepImmuno-CNN,1.0@df42ac5b,immunogenicity,0.941349089146,higher,predicted
zhao-vaccine-7bc11d2eff81b4cd,DeepImmuno-CNN,1.0@df42ac5b,immunogenicity,,higher,unsupported_length
zhao-vaccine-b6daf7f342caeef5,DeepImmuno-CNN,1.0@df42ac5b,immunogenicity,,higher,unsupported_length
zhao-vaccine-00444c5d625a1ea1,DeepImmuno-CNN,1.0@df42ac5b,immunogenicity,,higher,unsupported_length
zhao-vaccine-1899550845bc9391,DeepImmuno-CNN,1.0@df42ac5b,immunogenicity,,higher,unsupported_length
zhao-vaccine-9ce74503a7a65f1d,DeepImmuno-CNN,1.0@df42ac5b,immunogenicity,0.634426891804,higher,predicted
zhao-vaccine-fe2a205d7de5f153,DeepImmuno-CNN,1.0@df42ac5b,immunogenicity,,higher,unsupported_length
zhao-vaccine-5527cbf00d4c06a3,DeepImmuno-CNN,1.0@df42ac5b,immunogenicity,,higher,unsupported_length
zhao-vaccine-9d0b0ecd97822a8b,DeepImmuno-CNN,1.0@df42ac5b,immunogenicity,,higher,unsupported_hla
zhao-vaccine-33922ab67dedb95d,DeepImmuno-CNN,1.0@df42ac5b,immunogenicity,0.842599272728,higher,predicted
zhao-vaccine-833cf7dfafb80ee6,DeepImmuno-CNN,1.0@df42ac5b,immunogenicity,0.741937994957,higher,predicted
zhao-vaccine-9c298b12a5abcbfa,DeepImmuno-CNN,1.0@df42ac5b,immunogenicity,,higher,unsupported_length
zhao-vaccine-25d343c06b9fd1ba,DeepImmuno-CNN,1.0@df42ac5b,immunogenicity,0.697640240192,higher,predicted
zhao-vaccine-3662082b8c37f2db,DeepImmuno-CNN,1.0@df42ac5b,immunogenicity,0.416284382343,higher,predicted
zhao-vaccine-c53cad49f5b42005,DeepImmuno-CNN,1.0@df42ac5b,immunogenicity,,higher,unsupported_length
zhao-vaccine-df06f3847c640434,DeepImmuno-CNN,1.0@df42ac5b,immunogenicity,,higher,unsupported_length
zhao-vaccine-6f4c3b14f541f3a9,DeepImmuno-CNN,1.0@df42ac5b,immunogenicity,0.962321817875,higher,predicted
zhao-vaccine-c5aed4506530e7c9,DeepImmuno-CNN,1.0@df42ac5b,immunogenicity,,higher,unsupported_hla
zhao-vaccine-d27b82ea25c2079b,DeepImmuno-CNN,1.0@df42ac5b,immunogenicity,,higher,unsupported_length
zhao-vaccine-86c23021ac8ba472,DeepImmuno-CNN,1.0@df42ac5b,immunogenicity,,higher,unsupported_hla
zhao-vaccine-ffc1986181cf6a8f,DeepImmuno-CNN,1.0@df42ac5b,immunogenicity,,higher,unsupported_hla
zhao-vaccine-31a2265075b0b0c8,DeepImmuno-CNN,1.0@df42ac5b,immunogenicity,,higher,unsupported_length
zhao-vaccine-051b07f7c5733441,DeepImmuno-CNN,1.0@df42ac5b,immunogenicity,,higher,unsupported_length
zhao-vaccine-5d3905faafb72e53,DeepImmuno-CNN,1.0@df42ac5b,immunogenicity,0.701456665993,higher,predicted
zhao-vaccine-ea6d50d1b1de9fd2,DeepImmuno-CNN,1.0@df42ac5b,immunogenicity,0.429351687431,higher,predicted
zhao-vaccine-1e3b690b4259c6bf,DeepImmuno-CNN,1.0@df42ac5b,immunogenicity,,higher,unsupported_length
zhao-vaccine-23eaf44ccb8cdb3e,DeepImmuno-CNN,1.0@df42ac5b,immunogenicity,,higher,unsupported_hla
zhao-vaccine-58ec51281e3f45bc,DeepImmuno-CNN,1.0@df42ac5b,immunogenicity,,higher,unsupported_length
zhao-vaccine-d84459d062f5308c,DeepImmuno-CNN,1.0@df42ac5b,immunogenicity,0.598474144936,higher,predicted
zhao-vaccine-4a803735b7e2e91b,DeepImmuno-CNN,1.0@df42ac5b,immunogenicity,,higher,unsupported_length
zhao-vaccine-d7741495ca0a47c4,DeepImmuno-CNN,1.0@df42ac5b,immunogenicity,,higher,unsupported_length
zhao-vaccine-acabdb04a03520ef,DeepImmuno-CNN,1.0@df42ac5b,immunogenicity,,higher,unsupported_length
zhao-vaccine-67558adaa52c27b5,DeepImmuno-CNN,1.0@df42ac5b,immunogenicity,,higher,unsupported_length
zhao-vaccine-8258688d0ed6bf63,DeepImmuno-CNN,1.0@df42ac5b,immunogenicity,,higher,unsupported_length
zhao-vaccine-c5e47ff83f2303a2,DeepImmuno-CNN,1.0@df42ac5b,immunogenicity,0.229305207729,higher,predicted
zhao-vaccine-1156acf6e931f52a,DeepImmuno-CNN,1.0@df42ac5b,immunogenicity,,higher,unsupported_length
zhao-vaccine-c226c4e421abf75f,DeepImmuno-CNN,1.0@df42ac5b,immunogenicity,,higher,unsupported_length
zhao-vaccine-d9a38d29ef1a121f,DeepImmuno-CNN,1.0@df42ac5b,immunogenicity,,higher,unsupported_length
zhao-vaccine-0d39d96932a02503,DeepImmuno-CNN,1.0@df42ac5b,immunogenicity,,higher,unsupported_length
zhao-vaccine-f27df856a4f854dc,DeepImmuno-CNN,1.0@df42ac5b,immunogenicity,0.743347167969,higher,predicted
zhao-vaccine-1de18c9067041a38,DeepImmuno-CNN,1.0@df42ac5b,immunogenicity,,higher,unsupported_length
zhao-vaccine-5bf5127cbae8097b,DeepImmuno-CNN,1.0@df42ac5b,immunogenicity,0.964426279068,higher,predicted
zhao-vaccine-f04ac6b512432b83,DeepImmuno-CNN,1.0@df42ac5b,immunogenicity,0.529313445091,higher,predicted
zhao-vaccine-2d5bc81066cb27d4,DeepImmuno-CNN,1.0@df42ac5b,immunogenicity,,higher,unsupported_length
zhao-vaccine-d54a3c817ef7f91a,DeepImmuno-CNN,1.0@df42ac5b,immunogenicity,,higher,unsupported_length
zhao-vaccine-af1ae015379e0d4c,DeepImmuno-CNN,1.0@df42ac5b,immunogenicity,,higher,unsupported_length
zhao-vaccine-5c4e1393fcceb6cc,DeepImmuno-CNN,1.0@df42ac5b,immunogenicity,,higher,unsupported_length
zhao-vaccine-2c02aa2259b38cf7,DeepImmuno-CNN,1.0@df42ac5b,immunogenicity,0.255149185658,higher,predicted
zhao-vaccine-90f9b84f47894dac,DeepImmuno-CNN,1.0@df42ac5b,immunogenicity,0.696416258812,higher,predicted
zhao-vaccine-ab9a566bfd9e22f5,DeepImmuno-CNN,1.0@df42ac5b,immunogenicity,0.510085225105,higher,predicted
zhao-vaccine-d9320bb718c273a5,DeepImmuno-CNN,1.0@df42ac5b,immunogenicity,0.361936032772,higher,predicted
zhao-vaccine-e869ced7f0f72d4c,DeepImmuno-CNN,1.0@df42ac5b,immunogenicity,0.36485466361,higher,predicted
zhao-vaccine-dddf213bd7d4e6a7,DeepImmuno-CNN,1.0@df42ac5b,immunogenicity,0.352186411619,higher,predicted
zhao-vaccine-14d05f3a9c4040d4,DeepImmuno-CNN,1.0@df42ac5b,immunogenicity,,higher,unsupported_length
zhao-vaccine-9d4621b374c0f21f,DeepImmuno-CNN,1.0@df42ac5b,immunogenicity,0.457818984985,higher,predicted
zhao-vaccine-b84e6ed1d53c9c56,DeepImmuno-CNN,1.0@df42ac5b,immunogenicity,,higher,unsupported_hla
zhao-vaccine-1747d4da366e49c6,DeepImmuno-CNN,1.0@df42ac5b,immunogenicity,,higher,unsupported_length
zhao-vaccine-69f62b48be1b9947,DeepImmuno-CNN,1.0@df42ac5b,immunogenicity,,higher,unsupported_length
zhao-vaccine-70b013abf6dfe8cb,DeepImmuno-CNN,1.0@df42ac5b,immunogenicity,,higher,unsupported_length
zhao-vaccine-beeb78dcb3ce1bd6,DeepImmuno-CNN,1.0@df42ac5b,immunogenicity,,higher,unsupported_length
zhao-vaccine-d334b09365885e61,DeepImmuno-CNN,1.0@df42ac5b,immunogenicity,,higher,unsupported_length
zhao-vaccine-e321724542ff486e,DeepImmuno-CNN,1.0@df42ac5b,immunogenicity,0.959533035755,higher,predicted
zhao-vaccine-ce7bb3b1d8d91074,DeepImmuno-CNN,1.0@df42ac5b,immunogenicity,0.44817724824,higher,predicted
zhao-vaccine-7c9cd3f31ce9f18a,DeepImmuno-CNN,1.0@df42ac5b,immunogenicity,,higher,unsupported_hla
zhao-vaccine-d8b3cb9f783ea9a4,DeepImmuno-CNN,1.0@df42ac5b,immunogenicity,0.692361652851,higher,predicted
zhao-vaccine-a874ce1e2754a8d5,DeepImmuno-CNN,1.0@df42ac5b,immunogenicity,0.448461860418,higher,predicted
zhao-vaccine-75d5de385669e3bc,DeepImmuno-CNN,1.0@df42ac5b,immunogenicity,0.34465059638,higher,predicted
zhao-vaccine-0c875e7bc235bb96,DeepImmuno-CNN,1.0@df42ac5b,immunogenicity,,higher,unsupported_length
zhao-vaccine-e18369fa05ea709c,DeepImmuno-CNN,1.0@df42ac5b,immunogenicity,,higher,unsupported_length
zhao-vaccine-3a7020641c49a4b0,DeepImmuno-CNN,1.0@df42ac5b,immunogenicity,,higher,unsupported_length
zhao-vaccine-f1ae7c881294ac52,DeepImmuno-CNN,1.0@df42ac5b,immunogenicity,,higher,unsupported_length
zhao-vaccine-29a1785dacf85576,DeepImmuno-CNN,1.0@df42ac5b,immunogenicity,0.786684989929,higher,predicted
zhao-vaccine-5cbd31005d3bcff5,DeepImmuno-CNN,1.0@df42ac5b,immunogenicity,,higher,unsupported_hla
zhao-vaccine-11ba54e0b96687a1,DeepImmuno-CNN,1.0@df42ac5b,immunogenicity,0.4308629632,higher,predicted
zhao-vaccine-f441a9b109397bee,DeepImmuno-CNN,1.0@df42ac5b,immunogenicity,,higher,unsupported_length
zhao-vaccine-db1e2cbd88910c6f,DeepImmuno-CNN,1.0@df42ac5b,immunogenicity,,higher,unsupported_length
zhao-vaccine-3b22f7af42025ab1,DeepImmuno-CNN,1.0@df42ac5b,immunogenicity,0.625712275505,higher,predicted
zhao-vaccine-00ff16e25073019b,DeepImmuno-CNN,1.0@df42ac5b,immunogenicity,0.942059218884,higher,predicted
zhao-vaccine-4f105e0d47e30f78,DeepImmuno-CNN,1.0@df42ac5b,immunogenicity,0.393130719662,higher,predicted
zhao-vaccine-09bbcb8a8cac6970,DeepImmuno-CNN,1.0@df42ac5b,immunogenicity,0.838747918606,higher,predicted
zhao-vaccine-f4e70bd617a1ab13,DeepImmuno-CNN,1.0@df42ac5b,immunogenicity,,higher,unsupported_length
zhao-vaccine-f23e51c40f064c5d,DeepImmuno-CNN,1.0@df42ac5b,immunogenicity,,higher,unsupported_length
zhao-vaccine-e2d933ef6fc6330c,DeepImmuno-CNN,1.0@df42ac5b,immunogenicity,,higher,unsupported_length
zhao-vaccine-a6d7efa078e4403a,DeepImmuno-CNN,1.0@df42ac5b,immunogenicity,,higher,unsupported_length
zhao-vaccine-ed02672548c2c6e9,DeepImmuno-CNN,1.0@df42ac5b,immunogenicity,,higher,unsupported_length
zhao-vaccine-584580aa40b32fb0,DeepImmuno-CNN,1.0@df42ac5b,immunogenicity,0.645453989506,higher,predicted
zhao-vaccine-7713216b739e01fb,DeepImmuno-CNN,1.0@df42ac5b,immunogenicity,,higher,unsupported_length
zhao-vaccine-37150d21cb59561e,DeepImmuno-CNN,1.0@df42ac5b,immunogenicity,0.715736508369,higher,predicted
zhao-vaccine-8865368c74775ec5,DeepImmuno-CNN,1.0@df42ac5b,immunogenicity,,higher,unsupported_length
zhao-vaccine-0f899e5797566725,DeepImmuno-CNN,1.0@df42ac5b,immunogenicity,,higher,unsupported_length
zhao-vaccine-52fff727b9b7b4e2,DeepImmuno-CNN,1.0@df42ac5b,immunogenicity,,higher,unsupported_length
zhao-vaccine-edaf4e83f46c187e,DeepImmuno-CNN,1.0@df42ac5b,immunogenicity,,higher,unsupported_hla
zhao-vaccine-edef5e1d5a58e9e1,DeepImmuno-CNN,1.0@df42ac5b,immunogenicity,,higher,unsupported_hla
zhao-vaccine-48533e9a40327f8f,DeepImmuno-CNN,1.0@df42ac5b,immunogenicity,,higher,unsupported_hla
zhao-vaccine-1225cede0d420f0a,DeepImmuno-CNN,1.0@df42ac5b,immunogenicity,,higher,unsupported_length
zhao-vaccine-6510e76c70f1f951,DeepImmuno-CNN,1.0@df42ac5b,immunogenicity,,higher,unsupported_length
zhao-vaccine-eccddbe101d23034,DeepImmuno-CNN,1.0@df42ac5b,immunogenicity,,higher,unsupported_length
zhao-vaccine-cee042b9a88d7012,DeepImmuno-CNN,1.0@df42ac5b,immunogenicity,0.877238512039,higher,predicted
zhao-vaccine-881f4582c98f353c,DeepImmuno-CNN,1.0@df42ac5b,immunogenicity,,higher,unsupported_length
zhao-vaccine-3fb480f105298172,DeepImmuno-CNN,1.0@df42ac5b,immunogenicity,,higher,unsupported_length
zhao-vaccine-cc75b72e942baa44,DeepImmuno-CNN,1.0@df42ac5b,immunogenicity,0.540222764015,higher,predicted
zhao-vaccine-f477a52b434974ac,DeepImmuno-CNN,1.0@df42ac5b,immunogenicity,0.748430252075,higher,predicted
zhao-vaccine-0d4ac2a843d56400,DeepImmuno-CNN,1.0@df42ac5b,immunogenicity,0.674318909645,higher,predicted
zhao-vaccine-9c13590bea498179,DeepImmuno-CNN,1.0@df42ac5b,immunogenicity,,higher,unsupported_length
zhao-vaccine-072a700de284fe72,DeepImmuno-CNN,1.0@df42ac5b,immunogenicity,0.284385919571,higher,predicted
zhao-vaccine-a2dcf44fa3d2f757,DeepImmuno-CNN,1.0@df42ac5b,immunogenicity,0.663034856319,higher,predicted
zhao-vaccine-e65463d2a7a97dc5,DeepImmuno-CNN,1.0@df42ac5b,immunogenicity,0.788901329041,higher,predicted
zhao-vaccine-4650c5767516b0b6,DeepImmuno-CNN,1.0@df42ac5b,immunogenicity,,higher,unsupported_length
zhao-vaccine-7df8b7a96621bbdb,DeepImmuno-CNN,1.0@df42ac5b,immunogenicity,,higher,unsupported_length
zhao-vaccine-8df2fe8b5fcd796a,DeepImmuno-CNN,1.0@df42ac5b,immunogenicity,0.528392076492,higher,predicted
zhao-vaccine-2b2980afd052a1b5,DeepImmuno-CNN,1.0@df42ac5b,immunogenicity,0.463870078325,higher,predicted
zhao-vaccine-a45b6e7fa969b248,DeepImmuno-CNN,1.0@df42ac5b,immunogenicity,0.784054756165,higher,predicted
zhao-vaccine-e327e6b3bfed204f,DeepImmuno-CNN,1.0@df42ac5b,immunogenicity,0.651109993458,higher,predicted
zhao-vaccine-5128432b204cfd4e,DeepImmuno-CNN,1.0@df42ac5b,immunogenicity,,higher,unsupported_hla
zhao-vaccine-d7dd66fd394437a0,DeepImmuno-CNN,1.0@df42ac5b,immunogenicity,0.82547545433,higher,predicted
zhao-vaccine-44fd213985f71f6c,DeepImmuno-CNN,1.0@df42ac5b,immunogenicity,0.885986924171,higher,predicted
zhao-vaccine-499666ed8d657795,DeepImmuno-CNN,1.0@df42ac5b,immunogenicity,,higher,unsupported_length
zhao-vaccine-9d9ba5caea4fd60c,DeepImmuno-CNN,1.0@df42ac5b,immunogenicity,0.266660600901,higher,predicted
zhao-vaccine-896f258e6a8bc219,DeepImmuno-CNN,1.0@df42ac5b,immunogenicity,,higher,unsupported_length
zhao-vaccine-bce5ab8297ffee2e,DeepImmuno-CNN,1.0@df42ac5b,immunogenicity,,higher,unsupported_length
zhao-vaccine-28f2b4b018fc889c,DeepImmuno-CNN,1.0@df42ac5b,immunogenicity,0.262055397034,higher,predicted
zhao-vaccine-0d435af2cc1c0837,DeepImmuno-CNN,1.0@df42ac5b,immunogenicity,,higher,unsupported_length
zhao-vaccine-23b2964a86bec6f7,DeepImmuno-CNN,1.0@df42ac5b,immunogenicity,0.653979420662,higher,predicted
zhao-vaccine-60060e39e49769a1,DeepImmuno-CNN,1.0@df42ac5b,immunogenicity,0.817618608475,higher,predicted
zhao-vaccine-0d8578a424909227,DeepImmuno-CNN,1.0@df42ac5b,immunogenicity,,higher,unsupported_length
zhao-vaccine-94b3e3445fb06039,DeepImmuno-CNN,1.0@df42ac5b,immunogenicity,0.554119408131,higher,predicted
zhao-vaccine-4c18b6ddad0a8dbf,DeepImmuno-CNN,1.0@df42ac5b,immunogenicity,0.383713066578,higher,predicted
zhao-vaccine-c6a100959123a7ed,DeepImmuno-CNN,1.0@df42ac5b,immunogenicity,0.492799431086,higher,predicted
zhao-vaccine-618b58eaa5cd53b8,DeepImmuno-CNN,1.0@df42ac5b,immunogenicity,0.564235448837,higher,predicted
zhao-vaccine-3e5db6fc81d2d533,DeepImmuno-CNN,1.0@df42ac5b,immunogenicity,0.83632338047,higher,predicted
zhao-vaccine-fd51fc61ca07288d,DeepImmuno-CNN,1.0@df42ac5b,immunogenicity,0.79846072197,higher,predicted
zhao-vaccine-bf5a71d5d2b227d9,DeepImmuno-CNN,1.0@df42ac5b,immunogenicity,,higher,unsupported_length
zhao-vaccine-0f240ad0137eb3f3,DeepImmuno-CNN,1.0@df42ac5b,immunogenicity,,higher,unsupported_hla
zhao-vaccine-cfe3664f792212d3,DeepImmuno-CNN,1.0@df42ac5b,immunogenicity,,higher,unsupported_hla
zhao-vaccine-16db6e7f6bbac813,DeepImmuno-CNN,1.0@df42ac5b,immunogenicity,,higher,unsupported_hla
zhao-vaccine-e20d6e4e58b77110,DeepImmuno-CNN,1.0@df42ac5b,immunogenicity,,higher,unsupported_length
zhao-vaccine-def347ffae70b03d,DeepImmuno-CNN,1.0@df42ac5b,immunogenicity,,higher,unsupported_length
zhao-vaccine-8b658589a82e87b0,DeepImmuno-CNN,1.0@df42ac5b,immunogenicity,0.669302642345,higher,predicted
zhao-vaccine-e2fb505f56286e67,DeepImmuno-CNN,1.0@df42ac5b,immunogenicity,,higher,unsupported_length
zhao-vaccine-9118c66e983589f8,DeepImmuno-CNN,1.0@df42ac5b,immunogenicity,,higher,unsupported_length
zhao-vaccine-1d02e09803958091,DeepImmuno-CNN,1.0@df42ac5b,immunogenicity,,higher,unsupported_length
zhao-vaccine-510b74e07ea8db2b,DeepImmuno-CNN,1.0@df42ac5b,immunogenicity,0.185837522149,higher,predicted
zhao-vaccine-c8346c8646d4e728,DeepImmuno-CNN,1.0@df42ac5b,immunogenicity,,higher,unsupported_hla
zhao-vaccine-0c2cf1608b20c5a4,DeepImmuno-CNN,1.0@df42ac5b,immunogenicity,0.410071343184,higher,predicted
zhao-vaccine-8626e24ab1d31ea8,DeepImmuno-CNN,1.0@df42ac5b,immunogenicity,,higher,unsupported_hla
zhao-vaccine-a28616596073e629,DeepImmuno-CNN,1.0@df42ac5b,immunogenicity,,higher,unsupported_length
zhao-vaccine-7257286bd367c408,DeepImmuno-CNN,1.0@df42ac5b,immunogenicity,,higher,unsupported_length
zhao-vaccine-c5b77a6ed25596e0,DeepImmuno-CNN,1.0@df42ac5b,immunogenicity,,higher,unsupported_length
zhao-vaccine-18a4c5aa2273d155,DeepImmuno-CNN,1.0@df42ac5b,immunogenicity,,higher,unsupported_length
zhao-vaccine-ef8468c36f804179,DeepImmuno-CNN,1.0@df42ac5b,immunogenicity,,higher,unsupported_length
zhao-vaccine-92b7acc5c70af21c,DeepImmuno-CNN,1.0@df42ac5b,immunogenicity,0.550690293312,higher,predicted
zhao-vaccine-f4ce4ccfed2d2f41,DeepImmuno-CNN,1.0@df42ac5b,immunogenicity,0.860829949379,higher,predicted
zhao-vaccine-349b472eb2f1778d,DeepImmuno-CNN,1.0@df42ac5b,immunogenicity,0.528658211231,higher,predicted
zhao-vaccine-ffbbba5d0dfacd11,DeepImmuno-CNN,1.0@df42ac5b,immunogenicity,0.522778511047,higher,predicted
zhao-vaccine-3e4ca4df78b5be4d,DeepImmuno-CNN,1.0@df42ac5b,immunogenicity,,higher,unsupported_length
zhao-vaccine-547c0c584e98eca8,DeepImmuno-CNN,1.0@df42ac5b,immunogenicity,0.233749315143,higher,predicted
zhao-vaccine-4f8b483a89e3a1fd,DeepImmuno-CNN,1.0@df42ac5b,immunogenicity,0.346861422062,higher,predicted
zhao-vaccine-8a3e73d8c82ac463,DeepImmuno-CNN,1.0@df42ac5b,immunogenicity,0.656193733215,higher,predicted
zhao-vaccine-5fc34613283706ed,DeepImmuno-CNN,1.0@df42ac5b,immunogenicity,0.803809702396,higher,predicted
zhao-vaccine-b2a13355f88ffd42,DeepImmuno-CNN,1.0@df42ac5b,immunogenicity,,higher,unsupported_length
zhao-vaccine-c5df1e0bc55ec669,DeepImmuno-CNN,1.0@df42ac5b,immunogenicity,0.703489482403,higher,predicted
zhao-vaccine-70fbe6867e415f45,DeepImmuno-CNN,1.0@df42ac5b,immunogenicity,,higher,unsupported_length
zhao-vaccine-8b81bd6a089c6050,DeepImmuno-CNN,1.0@df42ac5b,immunogenicity,0.554189860821,higher,predicted
zhao-vaccine-f8a5057eb6aa17bc,DeepImmuno-CNN,1.0@df42ac5b,immunogenicity,0.563700318336,higher,predicted
zhao-vaccine-bd917fc342cc44fb,DeepImmuno-CNN,1.0@df42ac5b,immunogenicity,,higher,unsupported_length
zhao-vaccine-0a64926287f05fd8,DeepImmuno-CNN,1.0@df42ac5b,immunogenicity,0.739150047302,higher,predicted
zhao-vaccine-e1f6ba4ad13e507c,DeepImmuno-CNN,1.0@df42ac5b,immunogenicity,0.195672139525,higher,predicted
zhao-vaccine-b88a77172820f677,DeepImmuno-CNN,1.0@df42ac5b,immunogenicity,0.654464185238,higher,predicted
zhao-vaccine-e38b136ca466e13c,DeepImmuno-CNN,1.0@df42ac5b,immunogenicity,,higher,unsupported_length
zhao-vaccine-c43663a252b8980b,DeepImmuno-CNN,1.0@df42ac5b,immunogenicity,,higher,unsupported_length
zhao-vaccine-111c67c6c484cfa3,DeepImmuno-CNN,1.0@df42ac5b,immunogenicity,,higher,unsupported_length
zhao-vaccine-b0a8f16b7f842d03,DeepImmuno-CNN,1.0@df42ac5b,immunogenicity,,higher,unsupported_length
zhao-vaccine-c5890df81b18720d,DeepImmuno-CNN,1.0@df42ac5b,immunogenicity,0.462227791548,higher,predicted
zhao-vaccine-46872701a0a2a47a,DeepImmuno-CNN,1.0@df42ac5b,immunogenicity,0.424843460321,higher,predicted
zhao-vaccine-583e12cb7d411808,DeepImmuno-CNN,1.0@df42ac5b,immunogenicity,0.235350355506,higher,predicted
zhao-vaccine-d30e8c087eda6c20,DeepImmuno-CNN,1.0@df42ac5b,immunogenicity,,higher,unsupported_length
zhao-vaccine-3c85f3d9d4e93734,DeepImmuno-CNN,1.0@df42ac5b,immunogenicity,0.48958915472,higher,predicted
zhao-vaccine-a57c584437f79f43,DeepImmuno-CNN,1.0@df42ac5b,immunogenicity,,higher,unsupported_length
zhao-vaccine-eddc36ad99328b45,DeepImmuno-CNN,1.0@df42ac5b,immunogenicity,,higher,unsupported_length
zhao-vaccine-631a83cd1ff9f6d5,DeepImmuno-CNN,1.0@df42ac5b,immunogenicity,,higher,unsupported_length
zhao-vaccine-c5a32306c9253edb,DeepImmuno-CNN,1.0@df42ac5b,immunogenicity,0.360388636589,higher,predicted
zhao-vaccine-77dec992827058b9,DeepImmuno-CNN,1.0@df42ac5b,immunogenicity,,higher,unsupported_length
zhao-vaccine-2de8930c8b86e724,DeepImmuno-CNN,1.0@df42ac5b,immunogenicity,0.776029586792,higher,predicted
zhao-vaccine-33f38bb85cbf6299,DeepImmuno-CNN,1.0@df42ac5b,immunogenicity,0.497722178698,higher,predicted
zhao-vaccine-c19c9dc853050c21,DeepImmuno-CNN,1.0@df42ac5b,immunogenicity,0.368238508701,higher,predicted
zhao-vaccine-b88998db5fd93482,DeepImmuno-CNN,1.0@df42ac5b,immunogenicity,0.488950639963,higher,predicted
zhao-vaccine-13aa67078c319951,DeepImmuno-CNN,1.0@df42ac5b,immunogenicity,0.512944936752,higher,predicted
zhao-vaccine-d90878efe5822086,DeepImmuno-CNN,1.0@df42ac5b,immunogenicity,0.751930892467,higher,predicted
zhao-vaccine-06e9606c97b68cef,DeepImmuno-CNN,1.0@df42ac5b,immunogenicity,,higher,unsupported_length
zhao-vaccine-26bc11c522c8c8d0,DeepImmuno-CNN,1.0@df42ac5b,immunogenicity,0.197116523981,higher,predicted
zhao-vaccine-86fefe15c0e2cfde,DeepImmuno-CNN,1.0@df42ac5b,immunogenicity,,higher,unsupported_length
zhao-vaccine-a8b12c894c15cf31,DeepImmuno-CNN,1.0@df42ac5b,immunogenicity,0.884030997753,higher,predicted
zhao-vaccine-2e21c6847cb378a3,DeepImmuno-CNN,1.0@df42ac5b,immunogenicity,,higher,unsupported_hla
zhao-vaccine-e4c48b2c632925e2,DeepImmuno-CNN,1.0@df42ac5b,immunogenicity,,higher,unsupported_length
zhao-vaccine-009799247df05f44,DeepImmuno-CNN,1.0@df42ac5b,immunogenicity,0.937460124493,higher,predicted
zhao-vaccine-63b0db62185f6407,DeepImmuno-CNN,1.0@df42ac5b,immunogenicity,0.748198986053,higher,predicted
zhao-vaccine-5d0b2d2cf7d9ac10,DeepImmuno-CNN,1.0@df42ac5b,immunogenicity,,higher,unsupported_length
zhao-vaccine-32030c8bab304bee,DeepImmuno-CNN,1.0@df42ac5b,immunogenicity,,higher,unsupported_hla
zhao-vaccine-768f9aaae34ebf80,DeepImmuno-CNN,1.0@df42ac5b,immunogenicity,0.804244637489,higher,predicted
zhao-vaccine-ae857bf742b38673,DeepImmuno-CNN,1.0@df42ac5b,immunogenicity,,higher,unsupported_hla
zhao-vaccine-b199c65d7b41c4d7,DeepImmuno-CNN,1.0@df42ac5b,immunogenicity,,higher,unsupported_length
zhao-vaccine-c2b522ddd373a51f,DeepImmuno-CNN,1.0@df42ac5b,immunogenicity,,higher,unsupported_length
zhao-vaccine-6ce285bdd2bed768,DeepImmuno-CNN,1.0@df42ac5b,immunogenicity,0.858625352383,higher,predicted
zhao-vaccine-2679a4950165023a,DeepImmuno-CNN,1.0@df42ac5b,immunogenicity,,higher,unsupported_length
zhao-vaccine-ae1e7c2da06f200b,DeepImmuno-CNN,1.0@df42ac5b,immunogenicity,,higher,unsupported_length
zhao-vaccine-359086787e9de044,DeepImmuno-CNN,1.0@df42ac5b,immunogenicity,0.709176540375,higher,predicted
zhao-vaccine-460fc9afc8100272,DeepImmuno-CNN,1.0@df42ac5b,immunogenicity,,higher,unsupported_length
zhao-vaccine-80d78ec35a6f6fa2,DeepImmuno-CNN,1.0@df42ac5b,immunogenicity,,higher,unsupported_length
zhao-vaccine-3ab10b4aef3633f5,DeepImmuno-CNN,1.0@df42ac5b,immunogenicity,0.936603426933,higher,predicted
zhao-vaccine-6c6d92733efd0218,DeepImmuno-CNN,1.0@df42ac5b,immunogenicity,,higher,unsupported_length
zhao-vaccine-b63797a2afa2195c,DeepImmuno-CNN,1.0@df42ac5b,immunogenicity,,higher,unsupported_length
zhao-vaccine-504a034d570b45b1,DeepImmuno-CNN,1.0@df42ac5b,immunogenicity,,higher,unsupported_length
zhao-vaccine-fd71c5862d712b79,DeepImmuno-CNN,1.0@df42ac5b,immunogenicity,0.608496487141,higher,predicted
zhao-vaccine-fc61c288d6f86c66,DeepImmuno-CNN,1.0@df42ac5b,immunogenicity,0.800147652626,higher,predicted
zhao-vaccine-295f0d9324f50020,DeepImmuno-CNN,1.0@df42ac5b,immunogenicity,0.635426938534,higher,predicted
zhao-vaccine-686b28e817cecc11,DeepImmuno-CNN,1.0@df42ac5b,immunogenicity,0.61181384325,higher,predicted
zhao-vaccine-b1df13609440b3d9,DeepImmuno-CNN,1.0@df42ac5b,immunogenicity,0.36463278532,higher,predicted
zhao-vaccine-02506f33b4d01f46,DeepImmuno-CNN,1.0@df42ac5b,immunogenicity,0.796978235245,higher,predicted
zhao-vaccine-b4f0e1014f65889d,DeepImmuno-CNN,1.0@df42ac5b,immunogenicity,0.256326347589,higher,predicted
zhao-vaccine-dfadd40888765663,DeepImmuno-CNN,1.0@df42ac5b,immunogenicity,0.581178367138,higher,predicted
zhao-vaccine-9dea16bef4516084,DeepImmuno-CNN,1.0@df42ac5b,immunogenicity,0.731878817081,higher,predicted
zhao-vaccine-22dbe62f90569d8f,DeepImmuno-CNN,1.0@df42ac5b,immunogenicity,,higher,unsupported_hla
zhao-vaccine-eeb6181ce975a175,DeepImmuno-CNN,1.0@df42ac5b,immunogenicity,,higher,unsupported_hla
zhao-vaccine-281f997ddf02cd3e,DeepImmuno-CNN,1.0@df42ac5b,immunogenicity,,higher,unsupported_length
zhao-vaccine-8376165a117d2e89,DeepImmuno-CNN,1.0@df42ac5b,immunogenicity,,higher,unsupported_length
zhao-vaccine-a2cc24f8f15d5c0e,DeepImmuno-CNN,1.0@df42ac5b,immunogenicity,,higher,unsupported_hla
zhao-vaccine-2e7a450e7bee9223,DeepImmuno-CNN,1.0@df42ac5b,immunogenicity,,higher,unsupported_length
zhao-vaccine-d74c0b8e3080c05b,DeepImmuno-CNN,1.0@df42ac5b,immunogenicity,,higher,unsupported_length
zhao-vaccine-eb270bce78e71c74,DeepImmuno-CNN,1.0@df42ac5b,immunogenicity,,higher,unsupported_length
zhao-vaccine-225aa2d95d125a96,DeepImmuno-CNN,1.0@df42ac5b,immunogenicity,,higher,unsupported_length
zhao-vaccine-8baa0907a3a2f844,DeepImmuno-CNN,1.0@df42ac5b,immunogenicity,0.238378897309,higher,predicted
zhao-vaccine-577133aec8888fe9,DeepImmuno-CNN,1.0@df42ac5b,immunogenicity,0.405868947506,higher,predicted
zhao-vaccine-c6d3aaf3d53a483b,DeepImmuno-CNN,1.0@df42ac5b,immunogenicity,,higher,unsupported_hla
zhao-vaccine-b3af603d01f38c0f,DeepImmuno-CNN,1.0@df42ac5b,immunogenicity,,higher,unsupported_length
zhao-vaccine-8dc781b40d72b54a,DeepImmuno-CNN,1.0@df42ac5b,immunogenicity,0.631342470646,higher,predicted
zhao-vaccine-99e7adc837f46994,DeepImmuno-CNN,1.0@df42ac5b,immunogenicity,,higher,unsupported_length
zhao-vaccine-98ab333879313a70,DeepImmuno-CNN,1.0@df42ac5b,immunogenicity,,higher,unsupported_length
zhao-vaccine-5b288c299a93e20d,DeepImmuno-CNN,1.0@df42ac5b,immunogenicity,,higher,unsupported_length
zhao-vaccine-b8a96fa8b84c511e,DeepImmuno-CNN,1.0@df42ac5b,immunogenicity,,higher,unsupported_length
zhao-vaccine-33e21b6612697d4b,DeepImmuno-CNN,1.0@df42ac5b,immunogenicity,,higher,unsupported_length
zhao-vaccine-07cb9dad5d70b7c1,DeepImmuno-CNN,1.0@df42ac5b,immunogenicity,,higher,unsupported_length
zhao-vaccine-b9b3487643166b15,DeepImmuno-CNN,1.0@df42ac5b,immunogenicity,,higher,unsupported_length
zhao-vaccine-a33ff8b144afbab0,DeepImmuno-CNN,1.0@df42ac5b,immunogenicity,0.638913929462,higher,predicted
zhao-vaccine-f07475c3a311b607,DeepImmuno-CNN,1.0@df42ac5b,immunogenicity,0.976936459541,higher,predicted
zhao-vaccine-9ba1226317d01e09,DeepImmuno-CNN,1.0@df42ac5b,immunogenicity,,higher,unsupported_hla
zhao-vaccine-16b9dd30277c58dc,DeepImmuno-CNN,1.0@df42ac5b,immunogenicity,,higher,unsupported_length
zhao-vaccine-906423e7a9f1ae78,DeepImmuno-CNN,1.0@df42ac5b,immunogenicity,,higher,unsupported_hla
zhao-vaccine-78750f579ebfdcb6,DeepImmuno-CNN,1.0@df42ac5b,immunogenicity,,higher,unsupported_length
zhao-vaccine-5a21509d0043ae1a,DeepImmuno-CNN,1.0@df42ac5b,immunogenicity,,higher,unsupported_hla
zhao-vaccine-dd14f496e3a86934,DeepImmuno-CNN,1.0@df42ac5b,immunogenicity,0.599954068661,higher,predicted
zhao-vaccine-86b75250c03ea53b,DeepImmuno-CNN,1.0@df42ac5b,immunogenicity,,higher,unsupported_length
zhao-vaccine-31960489b4013665,DeepImmuno-CNN,1.0@df42ac5b,immunogenicity,,higher,unsupported_hla
zhao-vaccine-5617a0e59f3d4078,DeepImmuno-CNN,1.0@df42ac5b,immunogenicity,,higher,unsupported_hla
zhao-vaccine-9f593e06abbb0eea,DeepImmuno-CNN,1.0@df42ac5b,immunogenicity,,higher,unsupported_hla
zhao-vaccine-ad6ce35b38ffd4d0,DeepImmuno-CNN,1.0@df42ac5b,immunogenicity,,higher,unsupported_length
zhao-vaccine-ac986c31390bf292,DeepImmuno-CNN,1.0@df42ac5b,immunogenicity,,higher,unsupported_hla
zhao-vaccine-41630836cbcd5a59,DeepImmuno-CNN,1.0@df42ac5b,immunogenicity,0.489772737026,higher,predicted
zhao-vaccine-5ecbc5a9281e34ec,DeepImmuno-CNN,1.0@df42ac5b,immunogenicity,,higher,unsupported_length
zhao-vaccine-32f518f69932d13b,DeepImmuno-CNN,1.0@df42ac5b,immunogenicity,0.992206394672,higher,predicted
zhao-vaccine-e19a796ace7fa068,DeepImmuno-CNN,1.0@df42ac5b,immunogenicity,,higher,unsupported_length
zhao-vaccine-ca3f0cd38f68c5b0,DeepImmuno-CNN,1.0@df42ac5b,immunogenicity,0.620562851429,higher,predicted
zhao-vaccine-816928834ca6880b,DeepImmuno-CNN,1.0@df42ac5b,immunogenicity,,higher,unsupported_hla
zhao-vaccine-e23a1689111af98c,DeepImmuno-CNN,1.0@df42ac5b,immunogenicity,,higher,unsupported_length
zhao-vaccine-a10343782c35dec6,DeepImmuno-CNN,1.0@df42ac5b,immunogenicity,0.525270938873,higher,predicted
zhao-vaccine-0f526c174cccf9f2,DeepImmuno-CNN,1.0@df42ac5b,immunogenicity,,higher,unsupported_hla
zhao-vaccine-8529a0644b96257c,DeepImmuno-CNN,1.0@df42ac5b,immunogenicity,,higher,unsupported_length
zhao-vaccine-266b958b64b41efd,DeepImmuno-CNN,1.0@df42ac5b,immunogenicity,,higher,unsupported_hla
zhao-vaccine-80ceb6a6a1bb0a4d,DeepImmuno-CNN,1.0@df42ac5b,immunogenicity,,higher,unsupported_length
zhao-vaccine-0e97573007c0a37d,DeepImmuno-CNN,1.0@df42ac5b,immunogenicity,,higher,unsupported_length
zhao-vaccine-edacf82dc2fb757b,DeepImmuno-CNN,1.0@df42ac5b,immunogenicity,,higher,unsupported_length
zhao-vaccine-dc8af8563931870d,DeepImmuno-CNN,1.0@df42ac5b,immunogenicity,,higher,unsupported_length
zhao-vaccine-e6274305d4e8b4d7,DeepImmuno-CNN,1.0@df42ac5b,immunogenicity,,higher,unsupported_hla
zhao-vaccine-673abe4fab2a3ecd,DeepImmuno-CNN,1.0@df42ac5b,immunogenicity,,higher,unsupported_length
zhao-vaccine-e015e8872e5b1927,DeepImmuno-CNN,1.0@df42ac5b,immunogenicity,,higher,unsupported_length
zhao-vaccine-bfd3875d2df7819d,DeepImmuno-CNN,1.0@df42ac5b,immunogenicity,,higher,unsupported_hla
zhao-vaccine-80c11e1b76ad3aa2,DeepImmuno-CNN,1.0@df42ac5b,immunogenicity,0.778112053871,higher,predicted
zhao-vaccine-2695e0a739a0a4b5,DeepImmuno-CNN,1.0@df42ac5b,immunogenicity,,higher,unsupported_length
zhao-vaccine-a24ecb95b1f37836,DeepImmuno-CNN,1.0@df42ac5b,immunogenicity,0.822250008583,higher,predicted
zhao-vaccine-28ae2adfd5cd6feb,DeepImmuno-CNN,1.0@df42ac5b,immunogenicity,0.977042615414,higher,predicted
zhao-vaccine-577097b0397b9b93,DeepImmuno-CNN,1.0@df42ac5b,immunogenicity,0.604310810566,higher,predicted
zhao-vaccine-77de561d5e363f4b,DeepImmuno-CNN,1.0@df42ac5b,immunogenicity,0.872838377953,higher,predicted
zhao-vaccine-16440a5ca88d493a,DeepImmuno-CNN,1.0@df42ac5b,immunogenicity,0.562770485878,higher,predicted
zhao-vaccine-8d4f9610da079c3f,DeepImmuno-CNN,1.0@df42ac5b,immunogenicity,,higher,unsupported_length
zhao-vaccine-a9a2a35ffa140114,DeepImmuno-CNN,1.0@df42ac5b,immunogenicity,,higher,unsupported_length
zhao-vaccine-a9007f601e3b6877,DeepImmuno-CNN,1.0@df42ac5b,immunogenicity,,higher,unsupported_length
zhao-vaccine-afe51aa60867ba3e,DeepImmuno-CNN,1.0@df42ac5b,immunogenicity,0.719353973866,higher,predicted
zhao-vaccine-1cb817ed61fe9c0b,DeepImmuno-CNN,1.0@df42ac5b,immunogenicity,,higher,unsupported_length
zhao-vaccine-cd3a8980b6b79aec,DeepImmuno-CNN,1.0@df42ac5b,immunogenicity,0.667033672333,higher,predicted
zhao-vaccine-1c9fc499f93446fe,DeepImmuno-CNN,1.0@df42ac5b,immunogenicity,,higher,unsupported_length
zhao-vaccine-a0413338ef5f7e2a,DeepImmuno-CNN,1.0@df42ac5b,immunogenicity,,higher,unsupported_length
zhao-vaccine-7c39c1d5aafa633b,DeepImmuno-CNN,1.0@df42ac5b,immunogenicity,,higher,unsupported_length
zhao-vaccine-fa563625966ac878,DeepImmuno-CNN,1.0@df42ac5b,immunogenicity,,higher,unsupported_length
zhao-vaccine-84503a1a8d9f8586,DeepImmuno-CNN,1.0@df42ac5b,immunogenicity,,higher,unsupported_hla
zhao-vaccine-d9ba4c2ab9400cce,DeepImmuno-CNN,1.0@df42ac5b,immunogenicity,0.523270189762,higher,predicted
zhao-vaccine-c4481ad855ed4643,DeepImmuno-CNN,1.0@df42ac5b,immunogenicity,,higher,unsupported_length
zhao-vaccine-660767dc26787cf8,DeepImmuno-CNN,1.0@df42ac5b,immunogenicity,0.521061658859,higher,predicted
zhao-vaccine-cd23d6c8eb8a67c3,DeepImmuno-CNN,1.0@df42ac5b,immunogenicity,0.844647705555,higher,predicted
zhao-vaccine-db3fd43faa1ccff4,DeepImmuno-CNN,1.0@df42ac5b,immunogenicity,,higher,unsupported_length
zhao-vaccine-38f4469eb5d715ba,DeepImmuno-CNN,1.0@df42ac5b,immunogenicity,0.925454199314,higher,predicted
zhao-vaccine-5cb528e79fa2ecd1,DeepImmuno-CNN,1.0@df42ac5b,immunogenicity,0.745911419392,higher,predicted
zhao-vaccine-b86637f59a5fa88b,DeepImmuno-CNN,1.0@df42ac5b,immunogenicity,0.821555972099,higher,predicted
zhao-vaccine-02ce8dcf0587e6d1,DeepImmuno-CNN,1.0@df42ac5b,immunogenicity,0.636974155903,higher,predicted
zhao-vaccine-47a27c89ab9210b9,DeepImmuno-CNN,1.0@df42ac5b,immunogenicity,0.413864046335,higher,predicted
zhao-vaccine-7621b27ceafb9888,DeepImmuno-CNN,1.0@df42ac5b,immunogenicity,0.630250513554,higher,predicted
zhao-vaccine-418e9702537709ff,DeepImmuno-CNN,1.0@df42ac5b,immunogenicity,0.524915397167,higher,predicted
zhao-vaccine-60406f0a7c5d89a8,DeepImmuno-CNN,1.0@df42ac5b,immunogenicity,,higher,unsupported_length
zhao-vaccine-88a20a1633b4ef83,DeepImmuno-CNN,1.0@df42ac5b,immunogenicity,,higher,unsupported_length
zhao-vaccine-0e95844072a41d4c,DeepImmuno-CNN,1.0@df42ac5b,immunogenicity,,higher,unsupported_length
zhao-vaccine-a0aeea5eec1aa085,DeepImmuno-CNN,1.0@df42ac5b,immunogenicity,0.840430378914,higher,predicted
zhao-vaccine-116741093975ed18,DeepImmuno-CNN,1.0@df42ac5b,immunogenicity,,higher,unsupported_hla
zhao-vaccine-7bbeead0b1a4ff1f,DeepImmuno-CNN,1.0@df42ac5b,immunogenicity,0.860369026661,higher,predicted
zhao-vaccine-e28c03ef65e466e9,DeepImmuno-CNN,1.0@df42ac5b,immunogenicity,0.919048368931,higher,predicted
zhao-vaccine-435b60d1c4cb8866,DeepImmuno-CNN,1.0@df42ac5b,immunogenicity,,higher,unsupported_hla
zhao-vaccine-6c3b5d7bc0188a24,DeepImmuno-CNN,1.0@df42ac5b,immunogenicity,,higher,unsupported_length
zhao-vaccine-7d54947d7e8af18f,DeepImmuno-CNN,1.0@df42ac5b,immunogenicity,0.646577000618,higher,predicted
zhao-vaccine-f42717a6ac30ffd0,DeepImmuno-CNN,1.0@df42ac5b,immunogenicity,,higher,unsupported_length
zhao-vaccine-e554a5dcb4e74ab3,DeepImmuno-CNN,1.0@df42ac5b,immunogenicity,,higher,unsupported_length
zhao-vaccine-4d3d8fd29860b025,DeepImmuno-CNN,1.0@df42ac5b,immunogenicity,,higher,unsupported_length
zhao-vaccine-36996b8e0417e284,DeepImmuno-CNN,1.0@df42ac5b,immunogenicity,,higher,unsupported_length
zhao-vaccine-c0226371c3867d6f,DeepImmuno-CNN,1.0@df42ac5b,immunogenicity,,higher,unsupported_hla
zhao-vaccine-f041200535f682bf,DeepImmuno-CNN,1.0@df42ac5b,immunogenicity,,higher,unsupported_hla
zhao-vaccine-0ab166c4e29cdecc,DeepImmuno-CNN,1.0@df42ac5b,immunogenicity,,higher,unsupported_hla
zhao-vaccine-f677e1a10a0595d8,DeepImmuno-CNN,1.0@df42ac5b,immunogenicity,,higher,unsupported_length
zhao-vaccine-3f4a765dece741e6,DeepImmuno-CNN,1.0@df42ac5b,immunogenicity,,higher,unsupported_length
zhao-vaccine-6868b9864460da9e,DeepImmuno-CNN,1.0@df42ac5b,immunogenicity,,higher,unsupported_length
zhao-vaccine-5dd36f5ee55e8883,DeepImmuno-CNN,1.0@df42ac5b,immunogenicity,,higher,unsupported_hla
zhao-vaccine-20f4081fe59847fc,DeepImmuno-CNN,1.0@df42ac5b,immunogenicity,,higher,unsupported_hla
zhao-vaccine-088457b3cc574222,DeepImmuno-CNN,1.0@df42ac5b,immunogenicity,,higher,unsupported_hla
zhao-vaccine-14bbceb36aa6c0da,DeepImmuno-CNN,1.0@df42ac5b,immunogenicity,,higher,unsupported_length
zhao-vaccine-ce1246e2931151a3,DeepImmuno-CNN,1.0@df42ac5b,immunogenicity,,higher,unsupported_hla
zhao-vaccine-45d7a6ceaa64879e,DeepImmuno-CNN,1.0@df42ac5b,immunogenicity,0.524134218693,higher,predicted
zhao-vaccine-448f0ce01bcf5e67,DeepImmuno-CNN,1.0@df42ac5b,immunogenicity,,higher,unsupported_length
zhao-vaccine-5acc772f0c218538,DeepImmuno-CNN,1.0@df42ac5b,immunogenicity,,higher,unsupported_length
zhao-vaccine-8f6368c4e6f355e2,DeepImmuno-CNN,1.0@df42ac5b,immunogenicity,,higher,unsupported_hla
zhao-vaccine-abb34459ed500446,DeepImmuno-CNN,1.0@df42ac5b,immunogenicity,,higher,unsupported_length
zhao-vaccine-c19f43c028dd06ae,DeepImmuno-CNN,1.0@df42ac5b,immunogenicity,,higher,unsupported_hla
zhao-vaccine-6ee3262e65533d4a,DeepImmuno-CNN,1.0@df42ac5b,immunogenicity,,higher,unsupported_length
zhao-vaccine-2d202b0a52a43a2e,DeepImmuno-CNN,1.0@df42ac5b,immunogenicity,,higher,unsupported_length
zhao-vaccine-a5d880e21f044781,DeepImmuno-CNN,1.0@df42ac5b,immunogenicity,,higher,unsupported_length
zhao-vaccine-73659d102e59d85b,DeepImmuno-CNN,1.0@df42ac5b,immunogenicity,0.605734169483,higher,predicted
zhao-vaccine-0334a8ae14faaa2d,DeepImmuno-CNN,1.0@df42ac5b,immunogenicity,,higher,unsupported_length
zhao-vaccine-3eb94e1e08b00c01,DeepImmuno-CNN,1.0@df42ac5b,immunogenicity,0.903505921364,higher,predicted
zhao-vaccine-e02fcb6eef821af5,DeepImmuno-CNN,1.0@df42ac5b,immunogenicity,0.440585494041,higher,predicted
zhao-vaccine-aebfeda419195cb0,DeepImmuno-CNN,1.0@df42ac5b,immunogenicity,0.134257614613,higher,predicted
zhao-vaccine-f145b9ffc8a1f59c,DeepImmuno-CNN,1.0@df42ac5b,immunogenicity,0.423710048199,higher,predicted
zhao-vaccine-97cf03fe0349d513,DeepImmuno-CNN,1.0@df42ac5b,immunogenicity,,higher,unsupported_length
zhao-vaccine-6f73d07aa4c67a19,DeepImmuno-CNN,1.0@df42ac5b,immunogenicity,,higher,unsupported_hla
zhao-vaccine-04a9b502010fdbe3,DeepImmuno-CNN,1.0@df42ac5b,immunogenicity,,higher,unsupported_length
zhao-vaccine-6536a7f840c24ccb,DeepImmuno-CNN,1.0@df42ac5b,immunogenicity,,higher,unsupported_hla
zhao-vaccine-d83b42c7657e0820,DeepImmuno-CNN,1.0@df42ac5b,immunogenicity,,higher,unsupported_hla
zhao-vaccine-012a547be5fb8dbd,DeepImmuno-CNN,1.0@df42ac5b,immunogenicity,,higher,unsupported_length
zhao-vaccine-6cc08ec7d6bde57a,DeepImmuno-CNN,1.0@df42ac5b,immunogenicity,0.942182898521,higher,predicted
zhao-vaccine-e16f51b54e3bfb1c,DeepImmuno-CNN,1.0@df42ac5b,immunogenicity,,higher,unsupported_length
zhao-vaccine-55545bc00f110e01,DeepImmuno-CNN,1.0@df42ac5b,immunogenicity,0.843354105949,higher,predicted
zhao-vaccine-efece602cd2b93f3,DeepImmuno-CNN,1.0@df42ac5b,immunogenicity,0.537780702114,higher,predicted
zhao-vaccine-594a0daa800552b6,DeepImmuno-CNN,1.0@df42ac5b,immunogenicity,0.830766201019,higher,predicted
zhao-vaccine-bae201e4ced1f34b,DeepImmuno-CNN,1.0@df42ac5b,immunogenicity,0.798280239105,higher,predicted
zhao-vaccine-2ef0909a4500d016,DeepImmuno-CNN,1.0@df42ac5b,immunogenicity,0.912125825882,higher,predicted
zhao-vaccine-15cbf14c5545cc93,DeepImmuno-CNN,1.0@df42ac5b,immunogenicity,0.869000017643,higher,predicted
zhao-vaccine-5b773f4e7f9ade0f,DeepImmuno-CNN,1.0@df42ac5b,immunogenicity,0.915521919727,higher,predicted
zhao-vaccine-42ab827593cacaf0,DeepImmuno-CNN,1.0@df42ac5b,immunogenicity,,higher,unsupported_length
zhao-vaccine-52ae3f2c28117bac,DeepImmuno-CNN,1.0@df42ac5b,immunogenicity,0.565248906612,higher,predicted
zhao-vaccine-517cba3caff78694,DeepImmuno-CNN,1.0@df42ac5b,immunogenicity,0.717073976994,higher,predicted
zhao-vaccine-4c51fc68e2191e97,DeepImmuno-CNN,1.0@df42ac5b,immunogenicity,,higher,unsupported_length
zhao-vaccine-14056954cee090d8,DeepImmuno-CNN,1.0@df42ac5b,immunogenicity,0.830224335194,higher,predicted
zhao-vaccine-22b7c72cda5f4f92,DeepImmuno-CNN,1.0@df42ac5b,immunogenicity,0.600361704826,higher,predicted
zhao-vaccine-2c80beabad2f409a,DeepImmuno-CNN,1.0@df42ac5b,immunogenicity,0.612119615078,higher,predicted
zhao-vaccine-797aadb964204ef5,DeepImmuno-CNN,1.0@df42ac5b,immunogenicity,,higher,unsupported_length
zhao-vaccine-b05e679605d00fa0,DeepImmuno-CNN,1.0@df42ac5b,immunogenicity,,higher,unsupported_length
zhao-vaccine-281ff6eb4951893c,DeepImmuno-CNN,1.0@df42ac5b,immunogenicity,0.38089120388,higher,predicted
zhao-vaccine-641eeb38a4276a28,DeepImmuno-CNN,1.0@df42ac5b,immunogenicity,0.479332983494,higher,predicted
zhao-vaccine-51e0501ebb728dd2,DeepImmuno-CNN,1.0@df42ac5b,immunogenicity,,higher,unsupported_length
zhao-vaccine-3b787be7b79029f5,DeepImmuno-CNN,1.0@df42ac5b,immunogenicity,,higher,unsupported_length
zhao-vaccine-0fbc219a71b459d7,DeepImmuno-CNN,1.0@df42ac5b,immunogenicity,0.704593539238,higher,predicted
zhao-vaccine-819717c4a7657372,DeepImmuno-CNN,1.0@df42ac5b,immunogenicity,,higher,unsupported_length
zhao-vaccine-8479b9a0390ae4db,DeepImmuno-CNN,1.0@df42ac5b,immunogenicity,,higher,unsupported_length
zhao-vaccine-e7fe3251a7a672d6,DeepImmuno-CNN,1.0@df42ac5b,immunogenicity,,higher,unsupported_length
zhao-vaccine-2639280ce061272b,DeepImmuno-CNN,1.0@df42ac5b,immunogenicity,,higher,unsupported_length
zhao-vaccine-fa3761c9e3dfbaf8,DeepImmuno-CNN,1.0@df42ac5b,immunogenicity,,higher,unsupported_hla
zhao-vaccine-5c309b0ee9644e7f,DeepImmuno-CNN,1.0@df42ac5b,immunogenicity,,higher,unsupported_length
zhao-vaccine-524c708d6b0a6d49,DeepImmuno-CNN,1.0@df42ac5b,immunogenicity,,higher,unsupported_length
zhao-vaccine-3d88f66111beb214,DeepImmuno-CNN,1.0@df42ac5b,immunogenicity,,higher,unsupported_hla
zhao-vaccine-8907cd4e05dd0f92,DeepImmuno-CNN,1.0@df42ac5b,immunogenicity,,higher,unsupported_hla
zhao-vaccine-f23c0f7c70eff213,DeepImmuno-CNN,1.0@df42ac5b,immunogenicity,0.800085246563,higher,predicted
zhao-vaccine-7fd9c28c1ab8d41f,DeepImmuno-CNN,1.0@df42ac5b,immunogenicity,0.477900594473,higher,predicted
zhao-vaccine-4890fc8fedc99646,DeepImmuno-CNN,1.0@df42ac5b,immunogenicity,0.687541425228,higher,predicted
zhao-vaccine-6f5461a6e864b728,DeepImmuno-CNN,1.0@df42ac5b,immunogenicity,,higher,unsupported_length
zhao-vaccine-68eb9f2926cc4388,DeepImmuno-CNN,1.0@df42ac5b,immunogenicity,,higher,unsupported_length
zhao-vaccine-5f8390cd580cd614,DeepImmuno-CNN,1.0@df42ac5b,immunogenicity,,higher,unsupported_hla
zhao-vaccine-a1eb666216cae9fe,DeepImmuno-CNN,1.0@df42ac5b,immunogenicity,,higher,unsupported_length
zhao-vaccine-b9e08f235d024ff3,DeepImmuno-CNN,1.0@df42ac5b,immunogenicity,,higher,unsupported_length
zhao-vaccine-5267d3482db35612,DeepImmuno-CNN,1.0@df42ac5b,immunogenicity,0.544673919678,higher,predicted
zhao-vaccine-b4b4aeec5f1810de,DeepImmuno-CNN,1.0@df42ac5b,immunogenicity,,higher,unsupported_length
zhao-vaccine-604f17ed6a74d0b8,DeepImmuno-CNN,1.0@df42ac5b,immunogenicity,,higher,unsupported_length
zhao-vaccine-b4cb37bc42987742,DeepImmuno-CNN,1.0@df42ac5b,immunogenicity,0.877915740013,higher,predicted
zhao-vaccine-0f8514bb254721a2,DeepImmuno-CNN,1.0@df42ac5b,immunogenicity,,higher,unsupported_length
zhao-vaccine-d510c0fe27e8e6ae,DeepImmuno-CNN,1.0@df42ac5b,immunogenicity,,higher,unsupported_length
zhao-vaccine-c52900c3c3a75519,DeepImmuno-CNN,1.0@df42ac5b,immunogenicity,,higher,unsupported_length
zhao-vaccine-b2eddeff20b2d70c,DeepImmuno-CNN,1.0@df42ac5b,immunogenicity,,higher,unsupported_length
zhao-vaccine-fba14c530156892d,DeepImmuno-CNN,1.0@df42ac5b,immunogenicity,,higher,unsupported_length
zhao-vaccine-737ad01679904f1b,DeepImmuno-CNN,1.0@df42ac5b,immunogenicity,0.306575924158,higher,predicted
zhao-vaccine-988225c2c3d75486,DeepImmuno-CNN,1.0@df42ac5b,immunogenicity,,higher,unsupported_length
zhao-vaccine-43f78a8a89388e4b,DeepImmuno-CNN,1.0@df42ac5b,immunogenicity,,higher,unsupported_length
zhao-vaccine-5b4e0532c530f9f4,DeepImmuno-CNN,1.0@df42ac5b,immunogenicity,,higher,unsupported_length
zhao-vaccine-936f0aa9388d6bb3,DeepImmuno-CNN,1.0@df42ac5b,immunogenicity,,higher,unsupported_length
zhao-vaccine-e7da5386683a898e,DeepImmuno-CNN,1.0@df42ac5b,immunogenicity,0.437510728836,higher,predicted
zhao-vaccine-4f9555ca9e78447d,DeepImmuno-CNN,1.0@df42ac5b,immunogenicity,0.743606925011,higher,predicted
zhao-vaccine-e9b99729a2052602,DeepImmuno-CNN,1.0@df42ac5b,immunogenicity,0.941087126732,higher,predicted
zhao-vaccine-2ba4241ff4084969,DeepImmuno-CNN,1.0@df42ac5b,immunogenicity,0.786228716373,higher,predicted
zhao-vaccine-90c2b36bc40b8d53,DeepImmuno-CNN,1.0@df42ac5b,immunogenicity,,higher,unsupported_length
zhao-vaccine-4a9b1ac687685d32,DeepImmuno-CNN,1.0@df42ac5b,immunogenicity,,higher,unsupported_length
zhao-vaccine-35798390cdc3448b,DeepImmuno-CNN,1.0@df42ac5b,immunogenicity,,higher,unsupported_length
zhao-vaccine-8e9f7415eabd9d0a,DeepImmuno-CNN,1.0@df42ac5b,immunogenicity,,higher,unsupported_length
zhao-vaccine-269dcaac8c66cb04,DeepImmuno-CNN,1.0@df42ac5b,immunogenicity,0.664844274521,higher,predicted
zhao-vaccine-0dd28b3c47484db1,DeepImmuno-CNN,1.0@df42ac5b,immunogenicity,,higher,unsupported_length
zhao-vaccine-431e4f01dd7c96f4,DeepImmuno-CNN,1.0@df42ac5b,immunogenicity,0.230608031154,higher,predicted
zhao-vaccine-e6c35c1196d80f36,DeepImmuno-CNN,1.0@df42ac5b,immunogenicity,0.81672257185,higher,predicted
zhao-vaccine-870dcf0226a3eb24,DeepImmuno-CNN,1.0@df42ac5b,immunogenicity,0.845985114574,higher,predicted
zhao-vaccine-1b673ac561af2fb5,DeepImmuno-CNN,1.0@df42ac5b,immunogenicity,0.718945860863,higher,predicted
zhao-vaccine-6a07c6e959d2f535,DeepImmuno-CNN,1.0@df42ac5b,immunogenicity,,higher,unsupported_length
zhao-vaccine-1ba07f9e080374be,DeepImmuno-CNN,1.0@df42ac5b,immunogenicity,0.293912172318,higher,predicted
zhao-vaccine-b9e00c9dbefadad5,DeepImmuno-CNN,1.0@df42ac5b,immunogenicity,,higher,unsupported_length
zhao-vaccine-f219a0d187201467,DeepImmuno-CNN,1.0@df42ac5b,immunogenicity,0.646432936192,higher,predicted
zhao-vaccine-a7beb96254b63e25,DeepImmuno-CNN,1.0@df42ac5b,immunogenicity,,higher,unsupported_length
zhao-vaccine-1cb9ac6233ddb252,DeepImmuno-CNN,1.0@df42ac5b,immunogenicity,0.627329528332,higher,predicted
zhao-vaccine-eb7703099d566609,DeepImmuno-CNN,1.0@df42ac5b,immunogenicity,0.742091417313,higher,predicted
zhao-vaccine-3ed702e03bac3c15,DeepImmuno-CNN,1.0@df42ac5b,immunogenicity,,higher,unsupported_length
zhao-vaccine-15c987b0238bc1b4,DeepImmuno-CNN,1.0@df42ac5b,immunogenicity,,higher,unsupported_length
zhao-vaccine-09ac43660c1274b9,DeepImmuno-CNN,1.0@df42ac5b,immunogenicity,,higher,unsupported_hla
zhao-vaccine-c7114845a57964b2,DeepImmuno-CNN,1.0@df42ac5b,immunogenicity,0.5093703866,higher,predicted
zhao-vaccine-51d1ebd1091ead4d,DeepImmuno-CNN,1.0@df42ac5b,immunogenicity,0.540443956852,higher,predicted
zhao-vaccine-2f4d0a44cc42d77f,DeepImmuno-CNN,1.0@df42ac5b,immunogenicity,,higher,unsupported_length
zhao-vaccine-eb61572e9fbb2a60,DeepImmuno-CNN,1.0@df42ac5b,immunogenicity,0.482837557793,higher,predicted
zhao-vaccine-febcbcc27fb08659,DeepImmuno-CNN,1.0@df42ac5b,immunogenicity,,higher,unsupported_length
zhao-vaccine-b010f27f12c8c387,DeepImmuno-CNN,1.0@df42ac5b,immunogenicity,0.369798064232,higher,predicted
zhao-vaccine-77c9354a57881cf6,DeepImmuno-CNN,1.0@df42ac5b,immunogenicity,,higher,unsupported_length
zhao-vaccine-7e05698aef8fa29d,DeepImmuno-CNN,1.0@df42ac5b,immunogenicity,0.795801281929,higher,predicted
zhao-vaccine-2fd37e72f03a6047,DeepImmuno-CNN,1.0@df42ac5b,immunogenicity,,higher,unsupported_length
zhao-vaccine-2dd454ce2c01def5,DeepImmuno-CNN,1.0@df42ac5b,immunogenicity,0.351011782885,higher,predicted
zhao-vaccine-999a8cf710284be9,DeepImmuno-CNN,1.0@df42ac5b,immunogenicity,,higher,unsupported_hla
zhao-vaccine-ff03078496576466,DeepImmuno-CNN,1.0@df42ac5b,immunogenicity,,higher,unsupported_length
zhao-vaccine-31e70fd63ba96952,DeepImmuno-CNN,1.0@df42ac5b,immunogenicity,,higher,unsupported_hla
zhao-vaccine-c304d48c557c7837,DeepImmuno-CNN,1.0@df42ac5b,immunogenicity,,higher,unsupported_length
zhao-vaccine-f4c3237149f49ebf,DeepImmuno-CNN,1.0@df42ac5b,immunogenicity,,higher,unsupported_length
zhao-vaccine-a140bd84f67a0c6f,DeepImmuno-CNN,1.0@df42ac5b,immunogenicity,,higher,unsupported_length
zhao-vaccine-20d6899ac9bb7275,DeepImmuno-CNN,1.0@df42ac5b,immunogenicity,,higher,unsupported_length
zhao-vaccine-91328204c315fcc8,DeepImmuno-CNN,1.0@df42ac5b,immunogenicity,,higher,unsupported_length
zhao-vaccine-35b7ef036ad9d2bb,DeepImmuno-CNN,1.0@df42ac5b,immunogenicity,0.280633479357,higher,predicted
zhao-vaccine-cecbcdd5db255dee,DeepImmuno-CNN,1.0@df42ac5b,immunogenicity,,higher,unsupported_hla
zhao-vaccine-daed3fc8bf078fa2,DeepImmuno-CNN,1.0@df42ac5b,immunogenicity,,higher,unsupported_hla
zhao-vaccine-998ed325d9a64141,DeepImmuno-CNN,1.0@df42ac5b,immunogenicity,,higher,unsupported_length
zhao-vaccine-6c7174c682a4fa1a,DeepImmuno-CNN,1.0@df42ac5b,immunogenicity,,higher,unsupported_length
zhao-vaccine-f9db4d94966b045f,DeepImmuno-CNN,1.0@df42ac5b,immunogenicity,0.319135725498,higher,predicted
zhao-vaccine-7899e271f24dbaaa,DeepImmuno-CNN,1.0@df42ac5b,immunogenicity,0.852340877056,higher,predicted
zhao-vaccine-782ea6c26658340c,DeepImmuno-CNN,1.0@df42ac5b,immunogenicity,0.812142312527,higher,predicted
zhao-vaccine-4fdaca389da0a357,DeepImmuno-CNN,1.0@df42ac5b,immunogenicity,0.364652276039,higher,predicted
zhao-vaccine-f6c578840065b9ad,DeepImmuno-CNN,1.0@df42ac5b,immunogenicity,0.642053246498,higher,predicted
zhao-vaccine-38a151781c112c83,DeepImmuno-CNN,1.0@df42ac5b,immunogenicity,,higher,unsupported_hla
zhao-vaccine-e3dbd23545dcf992,DeepImmuno-CNN,1.0@df42ac5b,immunogenicity,0.0828547179699,higher,predicted
zhao-vaccine-4b7a5315ae885e02,DeepImmuno-CNN,1.0@df42ac5b,immunogenicity,0.477300107479,higher,predicted
zhao-vaccine-b107a7c085e028fa,DeepImmuno-CNN,1.0@df42ac5b,immunogenicity,,higher,unsupported_length
zhao-vaccine-906d3f0af697c94f,DeepImmuno-CNN,1.0@df42ac5b,immunogenicity,0.187601417303,higher,predicted
zhao-vaccine-40eee1f7b3b872bf,DeepImmuno-CNN,1.0@df42ac5b,immunogenicity,,higher,unsupported_length
zhao-vaccine-fbe97d4793ad925e,DeepImmuno-CNN,1.0@df42ac5b,immunogenicity,0.943082511425,higher,predicted
zhao-vaccine-99bf0685a25d9f4e,DeepImmuno-CNN,1.0@df42ac5b,immunogenicity,0.867495954037,higher,predicted
zhao-vaccine-49c73a581f5af388,DeepImmuno-CNN,1.0@df42ac5b,immunogenicity,,higher,unsupported_length
zhao-vaccine-2c5226e372e7c6aa,DeepImmuno-CNN,1.0@df42ac5b,immunogenicity,0.556959092617,higher,predicted
zhao-vaccine-5f372107c6cf3c03,DeepImmuno-CNN,1.0@df42ac5b,immunogenicity,,higher,unsupported_length
zhao-vaccine-61c20c5796f55f00,DeepImmuno-CNN,1.0@df42ac5b,immunogenicity,0.51057356596,higher,predicted
zhao-vaccine-6c2ff6bbf2e25434,DeepImmuno-CNN,1.0@df42ac5b,immunogenicity,0.90620470047,higher,predicted
zhao-vaccine-4e848c7999f82d03,DeepImmuno-CNN,1.0@df42ac5b,immunogenicity,0.802615225315,higher,predicted
zhao-vaccine-2a76499d5769d1c7,DeepImmuno-CNN,1.0@df42ac5b,immunogenicity,,higher,unsupported_length
zhao-vaccine-3e32e82aa160cb78,DeepImmuno-CNN,1.0@df42ac5b,immunogenicity,0.805865764618,higher,predicted
zhao-vaccine-b62a015c56847360,DeepImmuno-CNN,1.0@df42ac5b,immunogenicity,0.761748790741,higher,predicted
zhao-vaccine-443278b0fe4f1a94,DeepImmuno-CNN,1.0@df42ac5b,immunogenicity,0.516448140144,higher,predicted
zhao-vaccine-83c4b6833bc79d5a,DeepImmuno-CNN,1.0@df42ac5b,immunogenicity,0.90473562479,higher,predicted
zhao-vaccine-41f8a4a277c3bf57,DeepImmuno-CNN,1.0@df42ac5b,immunogenicity,0.335762560368,higher,predicted
zhao-vaccine-b5609f4b00b5ecbf,DeepImmuno-CNN,1.0@df42ac5b,immunogenicity,0.290304541588,higher,predicted
zhao-vaccine-674f8dd0f2497205,DeepImmuno-CNN,1.0@df42ac5b,immunogenicity,,higher,unsupported_length
zhao-vaccine-6442e1e73e72e2b9,DeepImmuno-CNN,1.0@df42ac5b,immunogenicity,0.255420655012,higher,predicted
zhao-vaccine-4fce6223728d6fe9,DeepImmuno-CNN,1.0@df42ac5b,immunogenicity,,higher,unsupported_length
zhao-vaccine-bc19aa25441d4845,DeepImmuno-CNN,1.0@df42ac5b,immunogenicity,0.510773777962,higher,predicted
zhao-vaccine-8cc78eadeb184fd3,DeepImmuno-CNN,1.0@df42ac5b,immunogenicity,0.817744195461,higher,predicted
zhao-vaccine-3c807871ccdfaaa5,DeepImmuno-CNN,1.0@df42ac5b,immunogenicity,0.915759921074,higher,predicted
zhao-vaccine-a506809dd22a0c23,DeepImmuno-CNN,1.0@df42ac5b,immunogenicity,,higher,unsupported_length
zhao-vaccine-c8af7f143c9713e7,DeepImmuno-CNN,1.0@df42ac5b,immunogenicity,0.606584250927,higher,predicted
zhao-vaccine-b98b49d9dc2ddbaa,DeepImmuno-CNN,1.0@df42ac5b,immunogenicity,0.603071331978,higher,predicted
zhao-vaccine-027d4038dc5b09ff,DeepImmuno-CNN,1.0@df42ac5b,immunogenicity,,higher,unsupported_length
zhao-vaccine-594361c936eecf3b,DeepImmuno-CNN,1.0@df42ac5b,immunogenicity,,higher,unsupported_length
zhao-vaccine-31e968234ae09e75,DeepImmuno-CNN,1.0@df42ac5b,immunogenicity,,higher,unsupported_length
zhao-vaccine-19f1cbd28ac92618,DeepImmuno-CNN,1.0@df42ac5b,immunogenicity,0.911276876926,higher,predicted
zhao-vaccine-2c71ed8fab9b97e6,DeepImmuno-CNN,1.0@df42ac5b,immunogenicity,,higher,unsupported_hla
zhao-vaccine-f4db7077efae5ef9,DeepImmuno-CNN,1.0@df42ac5b,immunogenicity,0.537018358707,higher,predicted
zhao-vaccine-f3037d9d01c7f32a,DeepImmuno-CNN,1.0@df42ac5b,immunogenicity,0.672338545322,higher,predicted
zhao-vaccine-e77814e4dc74abe3,DeepImmuno-CNN,1.0@df42ac5b,immunogenicity,0.959359884262,higher,predicted
zhao-vaccine-16ef0fbf13441ca0,DeepImmuno-CNN,1.0@df42ac5b,immunogenicity,0.733228564262,higher,predicted
zhao-vaccine-a75b0331c22d7ed7,DeepImmuno-CNN,1.0@df42ac5b,immunogenicity,0.661604166031,higher,predicted
zhao-vaccine-c555803c2dad8235,DeepImmuno-CNN,1.0@df42ac5b,immunogenicity,0.884802222252,higher,predicted
zhao-vaccine-53f9e7c4492b596e,DeepImmuno-CNN,1.0@df42ac5b,immunogenicity,,higher,unsupported_length
zhao-vaccine-cedf6ad7f324daa7,DeepImmuno-CNN,1.0@df42ac5b,immunogenicity,0.393517374992,higher,predicted
zhao-vaccine-42a8d192101bf2a7,DeepImmuno-CNN,1.0@df42ac5b,immunogenicity,,higher,unsupported_hla
zhao-vaccine-2efff9f95c83b59e,DeepImmuno-CNN,1.0@df42ac5b,immunogenicity,,higher,unsupported_hla
zhao-vaccine-1b3fd906eff85f35,DeepImmuno-CNN,1.0@df42ac5b,immunogenicity,,higher,unsupported_length
zhao-vaccine-ed04da0224f05378,DeepImmuno-CNN,1.0@df42ac5b,immunogenicity,,higher,unsupported_length
zhao-vaccine-c6e61155d8a27f75,DeepImmuno-CNN,1.0@df42ac5b,immunogenicity,,higher,unsupported_hla
zhao-vaccine-23edf1fdf3ae1ce2,DeepImmuno-CNN,1.0@df42ac5b,immunogenicity,,higher,unsupported_length
zhao-vaccine-ffa85861f014f958,DeepImmuno-CNN,1.0@df42ac5b,immunogenicity,,higher,unsupported_hla
zhao-vaccine-89eb018657dac248,DeepImmuno-CNN,1.0@df42ac5b,immunogenicity,,higher,unsupported_length
zhao-vaccine-dd6fcd2a9d2c2d22,DeepImmuno-CNN,1.0@df42ac5b,immunogenicity,0.742067158222,higher,predicted
zhao-vaccine-33f9f2fdb380c481,DeepImmuno-CNN,1.0@df42ac5b,immunogenicity,,higher,unsupported_length
zhao-vaccine-00bbe998fe67645a,DeepImmuno-CNN,1.0@df42ac5b,immunogenicity,0.681259691715,higher,predicted
zhao-vaccine-a279cd33662b7c39,DeepImmuno-CNN,1.0@df42ac5b,immunogenicity,0.507633030415,higher,predicted
zhao-vaccine-ec1761a6f877a578,DeepImmuno-CNN,1.0@df42ac5b,immunogenicity,0.876448810101,higher,predicted
zhao-vaccine-498121a87cf9006a,DeepImmuno-CNN,1.0@df42ac5b,immunogenicity,0.591937363148,higher,predicted
zhao-vaccine-505928c8dfd97252,DeepImmuno-CNN,1.0@df42ac5b,immunogenicity,,higher,unsupported_length
zhao-vaccine-88d2cf97086ba2b1,DeepImmuno-CNN,1.0@df42ac5b,immunogenicity,0.50810366869,higher,predicted
zhao-vaccine-8e31a740414c436d,DeepImmuno-CNN,1.0@df42ac5b,immunogenicity,0.148791626096,higher,predicted
zhao-vaccine-67a7cb1a9cd5537a,DeepImmuno-CNN,1.0@df42ac5b,immunogenicity,,higher,unsupported_length
zhao-vaccine-ed105e94eb33c23f,DeepImmuno-CNN,1.0@df42ac5b,immunogenicity,0.808723688126,higher,predicted
zhao-vaccine-ca907375d90ffd56,DeepImmuno-CNN,1.0@df42ac5b,immunogenicity,,higher,unsupported_hla
zhao-vaccine-af5421d3479e6ec6,DeepImmuno-CNN,1.0@df42ac5b,immunogenicity,,higher,unsupported_hla
zhao-vaccine-cfb0d6a91bade6e3,DeepImmuno-CNN,1.0@df42ac5b,immunogenicity,,higher,unsupported_hla
zhao-vaccine-c6bccb45706420d2,DeepImmuno-CNN,1.0@df42ac5b,immunogenicity,,higher,unsupported_hla
zhao-vaccine-ed91fd9062182556,DeepImmuno-CNN,1.0@df42ac5b,immunogenicity,,higher,unsupported_hla
zhao-vaccine-a7881a1349c324b0,DeepImmuno-CNN,1.0@df42ac5b,immunogenicity,,higher,unsupported_hla
zhao-vaccine-accfc28005a997a0,DeepImmuno-CNN,1.0@df42ac5b,immunogenicity,0.876835405827,higher,predicted
zhao-vaccine-7ecc3afcfc479b22,DeepImmuno-CNN,1.0@df42ac5b,immunogenicity,,higher,unsupported_hla
zhao-vaccine-987370e7342d1375,DeepImmuno-CNN,1.0@df42ac5b,immunogenicity,0.811419725418,higher,predicted
zhao-vaccine-71fb48b138c68493,DeepImmuno-CNN,1.0@df42ac5b,immunogenicity,,higher,unsupported_length
zhao-vaccine-fe504cb3a34de30b,DeepImmuno-CNN,1.0@df42ac5b,immunogenicity,,higher,unsupported_hla
zhao-vaccine-8853121dd0c52702,DeepImmuno-CNN,1.0@df42ac5b,immunogenicity,,higher,unsupported_length
zhao-vaccine-a09fbd4532049d91,DeepImmuno-CNN,1.0@df42ac5b,immunogenicity,,higher,unsupported_hla
zhao-vaccine-187d77f183b34239,DeepImmuno-CNN,1.0@df42ac5b,immunogenicity,,higher,unsupported_hla
zhao-vaccine-593425b8c0ccf8bf,DeepImmuno-CNN,1.0@df42ac5b,immunogenicity,,higher,unsupported_length
zhao-vaccine-21a52baf4580180e,DeepImmuno-CNN,1.0@df42ac5b,immunogenicity,,higher,unsupported_length
zhao-vaccine-0f5a57f6f7175fc0,DeepImmuno-CNN,1.0@df42ac5b,immunogenicity,0.275074660778,higher,predicted
zhao-vaccine-ec7dff67820e77d1,DeepImmuno-CNN,1.0@df42ac5b,immunogenicity,,higher,unsupported_hla
zhao-vaccine-08887c0779567264,DeepImmuno-CNN,1.0@df42ac5b,immunogenicity,0.94510281086,higher,predicted
zhao-vaccine-44e11c0e9ea75d63,DeepImmuno-CNN,1.0@df42ac5b,immunogenicity,,higher,unsupported_length
zhao-vaccine-4eff2f302bcaea44,DeepImmuno-CNN,1.0@df42ac5b,immunogenicity,,higher,unsupported_length
zhao-vaccine-4cb9d365261492ad,DeepImmuno-CNN,1.0@df42ac5b,immunogenicity,,higher,unsupported_hla
zhao-vaccine-7c419d91c68603f4,DeepImmuno-CNN,1.0@df42ac5b,immunogenicity,,higher,unsupported_hla
zhao-vaccine-870b2b766c30a36c,DeepImmuno-CNN,1.0@df42ac5b,immunogenicity,,higher,unsupported_hla
zhao-vaccine-8bdb3677f1d98aff,DeepImmuno-CNN,1.0@df42ac5b,immunogenicity,0.710933327675,higher,predicted
zhao-vaccine-c3b4945d0c5d5a65,DeepImmuno-CNN,1.0@df42ac5b,immunogenicity,,higher,unsupported_length
zhao-vaccine-840f21de3849ccc5,DeepImmuno-CNN,1.0@df42ac5b,immunogenicity,0.223596468568,higher,predicted
zhao-vaccine-e5f3b76448b2e3ea,DeepImmuno-CNN,1.0@df42ac5b,immunogenicity,,higher,unsupported_length
zhao-vaccine-6e15508381a3dd0b,DeepImmuno-CNN,1.0@df42ac5b,immunogenicity,,higher,unsupported_length
zhao-vaccine-09990d670d0f6f25,DeepImmuno-CNN,1.0@df42ac5b,immunogenicity,,higher,unsupported_length
zhao-vaccine-97c3b1accfcaaea2,DeepImmuno-CNN,1.0@df42ac5b,immunogenicity,0.386791884899,higher,predicted
zhao-vaccine-0e62a9c6910a92b7,DeepImmuno-CNN,1.0@df42ac5b,immunogenicity,0.915350914001,higher,predicted
zhao-vaccine-0eaa66ab2c642dc8,DeepImmuno-CNN,1.0@df42ac5b,immunogenicity,0.737857997417,higher,predicted
zhao-vaccine-077ba4b974560005,DeepImmuno-CNN,1.0@df42ac5b,immunogenicity,0.585590481758,higher,predicted
zhao-vaccine-94ededcc1d3dcd1a,DeepImmuno-CNN,1.0@df42ac5b,immunogenicity,0.723144650459,higher,predicted
zhao-vaccine-1b8f8f27299b8c02,DeepImmuno-CNN,1.0@df42ac5b,immunogenicity,,higher,unsupported_length
zhao-vaccine-fdc7a53c57604dd2,DeepImmuno-CNN,1.0@df42ac5b,immunogenicity,0.706456243992,higher,predicted
zhao-vaccine-d702c99028cd8b72,DeepImmuno-CNN,1.0@df42ac5b,immunogenicity,,higher,unsupported_length
zhao-vaccine-7cc532e2dc3aab79,DeepImmuno-CNN,1.0@df42ac5b,immunogenicity,,higher,unsupported_length
zhao-vaccine-2b0b1a9adb16d807,DeepImmuno-CNN,1.0@df42ac5b,immunogenicity,0.465240567923,higher,predicted
zhao-vaccine-b2fa34c6b5886283,DeepImmuno-CNN,1.0@df42ac5b,immunogenicity,,higher,unsupported_length
zhao-vaccine-a1d67ef963399fc6,DeepImmuno-CNN,1.0@df42ac5b,immunogenicity,,higher,unsupported_length
zhao-vaccine-60705d8cda191056,DeepImmuno-CNN,1.0@df42ac5b,immunogenicity,,higher,unsupported_length
zhao-vaccine-6780d94636a0170d,DeepImmuno-CNN,1.0@df42ac5b,immunogenicity,,higher,unsupported_hla
zhao-vaccine-9d1b561dc3405f4d,DeepImmuno-CNN,1.0@df42ac5b,immunogenicity,0.409060329199,higher,predicted
zhao-vaccine-7cbdf40ccbc28cfe,DeepImmuno-CNN,1.0@df42ac5b,immunogenicity,0.255924671888,higher,predicted
zhao-vaccine-c8b652520bf83db2,DeepImmuno-CNN,1.0@df42ac5b,immunogenicity,,higher,unsupported_length
zhao-vaccine-6307a7641f804ad7,DeepImmuno-CNN,1.0@df42ac5b,immunogenicity,,higher,unsupported_length
zhao-vaccine-f27ca35b1558b455,DeepImmuno-CNN,1.0@df42ac5b,immunogenicity,,higher,unsupported_length
zhao-vaccine-76e5059cd3b3c3ad,DeepImmuno-CNN,1.0@df42ac5b,immunogenicity,0.416842103004,higher,predicted
zhao-vaccine-1a5b99b311a83746,DeepImmuno-CNN,1.0@df42ac5b,immunogenicity,0.868346452713,higher,predicted
zhao-vaccine-f7e2831b9ad53f98,DeepImmuno-CNN,1.0@df42ac5b,immunogenicity,0.80955517292,higher,predicted
zhao-vaccine-d2daf8fb140cfed0,DeepImmuno-CNN,1.0@df42ac5b,immunogenicity,0.813460469246,higher,predicted
zhao-vaccine-f6ddf367d3aa0944,DeepImmuno-CNN,1.0@df42ac5b,immunogenicity,,higher,unsupported_hla
zhao-vaccine-00908c84222df7b5,DeepImmuno-CNN,1.0@df42ac5b,immunogenicity,0.923644006252,higher,predicted
zhao-vaccine-b442aa09c915e1b0,DeepImmuno-CNN,1.0@df42ac5b,immunogenicity,0.27439904213,higher,predicted
zhao-vaccine-2a4efa7dc4e16be3,DeepImmuno-CNN,1.0@df42ac5b,immunogenicity,0.555216372013,higher,predicted
zhao-vaccine-f844c7c3634362b8,DeepImmuno-CNN,1.0@df42ac5b,immunogenicity,,higher,unsupported_length
zhao-vaccine-a724b8334d910f2a,DeepImmuno-CNN,1.0@df42ac5b,immunogenicity,0.358761280775,higher,predicted
zhao-vaccine-6f5a9d2a685e6156,DeepImmuno-CNN,1.0@df42ac5b,immunogenicity,,higher,unsupported_length
zhao-vaccine-6799be403a5dbd26,DeepImmuno-CNN,1.0@df42ac5b,immunogenicity,0.30472317338,higher,predicted
zhao-vaccine-c802fa23167d5f2a,DeepImmuno-CNN,1.0@df42ac5b,immunogenicity,0.284410089254,higher,predicted
zhao-vaccine-d860eddaa0290236,DeepImmuno-CNN,1.0@df42ac5b,immunogenicity,,higher,unsupported_length
zhao-vaccine-cbb789d156e2aba7,DeepImmuno-CNN,1.0@df42ac5b,immunogenicity,,higher,unsupported_length
zhao-vaccine-b770e8f9159c9169,DeepImmuno-CNN,1.0@df42ac5b,immunogenicity,,higher,unsupported_length
zhao-vaccine-173ce343846a1385,DeepImmuno-CNN,1.0@df42ac5b,immunogenicity,0.64478623867,higher,predicted
zhao-vaccine-24a02762c3c11d45,DeepImmuno-CNN,1.0@df42ac5b,immunogenicity,,higher,unsupported_length
zhao-vaccine-b6974ef7d6e802a7,DeepImmuno-CNN,1.0@df42ac5b,immunogenicity,0.87506377697,higher,predicted
zhao-vaccine-c05520f12a2c83f4,DeepImmuno-CNN,1.0@df42ac5b,immunogenicity,0.940952122211,higher,predicted
zhao-vaccine-551d258967ca2f3c,DeepImmuno-CNN,1.0@df42ac5b,immunogenicity,0.876222848892,higher,predicted
zhao-vaccine-a6669be1d1983a32,DeepImmuno-CNN,1.0@df42ac5b,immunogenicity,0.945542514324,higher,predicted
zhao-vaccine-ff446da963d36eef,DeepImmuno-CNN,1.0@df42ac5b,immunogenicity,,higher,unsupported_length
zhao-vaccine-6e8fa7e919c20256,DeepImmuno-CNN,1.0@df42ac5b,immunogenicity,0.784269452095,higher,predicted
zhao-vaccine-961b997f7b26e7e6,DeepImmuno-CNN,1.0@df42ac5b,immunogenicity,,higher,unsupported_length
zhao-vaccine-9ff55164e617cab1,DeepImmuno-CNN,1.0@df42ac5b,immunogenicity,0.772813677788,higher,predicted
zhao-vaccine-1a8a6c27562c8053,DeepImmuno-CNN,1.0@df42ac5b,immunogenicity,0.433988332748,higher,predicted
zhao-vaccine-bf21c75ba65f9f20,DeepImmuno-CNN,1.0@df42ac5b,immunogenicity,,higher,unsupported_length
zhao-vaccine-e8e1055788c37784,DeepImmuno-CNN,1.0@df42ac5b,immunogenicity,,higher,unsupported_length
zhao-vaccine-249ec9d719d2e2b9,DeepImmuno-CNN,1.0@df42ac5b,immunogenicity,0.470159173012,higher,predicted
zhao-vaccine-714dd3fd331ab889,DeepImmuno-CNN,1.0@df42ac5b,immunogenicity,0.502430915833,higher,predicted
zhao-vaccine-1308adb57ad1d4a5,DeepImmuno-CNN,1.0@df42ac5b,immunogenicity,0.617657124996,higher,predicted
zhao-vaccine-da4c729d49ea6247,DeepImmuno-CNN,1.0@df42ac5b,immunogenicity,0.49980121851,higher,predicted
zhao-vaccine-3fd3e86583758e28,DeepImmuno-CNN,1.0@df42ac5b,immunogenicity,0.743699848652,higher,predicted
zhao-vaccine-6f2582757604863f,DeepImmuno-CNN,1.0@df42ac5b,immunogenicity,0.250963687897,higher,predicted
zhao-vaccine-57692480797c79b9,DeepImmuno-CNN,1.0@df42ac5b,immunogenicity,,higher,unsupported_length
zhao-vaccine-6bc3ae1ef23d0f04,DeepImmuno-CNN,1.0@df42ac5b,immunogenicity,,higher,unsupported_length
zhao-vaccine-d759e0316788cd2b,DeepImmuno-CNN,1.0@df42ac5b,immunogenicity,,higher,unsupported_hla
zhao-vaccine-9728ae87187a9e73,DeepImmuno-CNN,1.0@df42ac5b,immunogenicity,,higher,unsupported_length
zhao-vaccine-c4cca9f1763e34dd,DeepImmuno-CNN,1.0@df42ac5b,immunogenicity,,higher,unsupported_hla
zhao-vaccine-3ced89732d0ad931,DeepImmuno-CNN,1.0@df42ac5b,immunogenicity,,higher,unsupported_hla
zhao-vaccine-441d0364a06033cb,DeepImmuno-CNN,1.0@df42ac5b,immunogenicity,0.691488027573,higher,predicted
zhao-vaccine-16c6c9d27fe832a4,DeepImmuno-CNN,1.0@df42ac5b,immunogenicity,,higher,unsupported_length
zhao-vaccine-c7af78855e502553,DeepImmuno-CNN,1.0@df42ac5b,immunogenicity,,higher,unsupported_hla
zhao-vaccine-00de87cde7b07881,DeepImmuno-CNN,1.0@df42ac5b,immunogenicity,0.925953805447,higher,predicted
zhao-vaccine-cb1097c8202abd0c,DeepImmuno-CNN,1.0@df42ac5b,immunogenicity,0.978811621666,higher,predicted
zhao-vaccine-6a9952f2ac9c73d8,DeepImmuno-CNN,1.0@df42ac5b,immunogenicity,,higher,unsupported_length
zhao-vaccine-f06b64d4bf97a124,DeepImmuno-CNN,1.0@df42ac5b,immunogenicity,,higher,unsupported_length
zhao-vaccine-f015f92eb8c65959,DeepImmuno-CNN,1.0@df42ac5b,immunogenicity,0.595201671124,higher,predicted
zhao-vaccine-f11917d7db4ada39,DeepImmuno-CNN,1.0@df42ac5b,immunogenicity,0.88128387928,higher,predicted
zhao-vaccine-613756e440edc424,DeepImmuno-CNN,1.0@df42ac5b,immunogenicity,,higher,unsupported_length
zhao-vaccine-da5e353209a40617,DeepImmuno-CNN,1.0@df42ac5b,immunogenicity,,higher,unsupported_length
zhao-vaccine-c71558be4c0f1af9,DeepImmuno-CNN,1.0@df42ac5b,immunogenicity,,higher,unsupported_length
zhao-vaccine-fade937a83b19822,DeepImmuno-CNN,1.0@df42ac5b,immunogenicity,0.804226994514,higher,predicted
zhao-vaccine-db87e0dbaca0d72a,DeepImmuno-CNN,1.0@df42ac5b,immunogenicity,,higher,unsupported_length
zhao-vaccine-c9db65c1907c2f77,DeepImmuno-CNN,1.0@df42ac5b,immunogenicity,0.332870960236,higher,predicted
zhao-vaccine-653ce61563cfa368,DeepImmuno-CNN,1.0@df42ac5b,immunogenicity,0.636370658875,higher,predicted
zhao-vaccine-8c82294b8ef6ef37,DeepImmuno-CNN,1.0@df42ac5b,immunogenicity,,higher,unsupported_hla
zhao-vaccine-89b8be7d7def609d,DeepImmuno-CNN,1.0@df42ac5b,immunogenicity,,higher,unsupported_length
zhao-vaccine-d06b3454cfc7d74e,DeepImmuno-CNN,1.0@df42ac5b,immunogenicity,0.707176923752,higher,predicted
zhao-vaccine-f617bbebb60664b7,DeepImmuno-CNN,1.0@df42ac5b,immunogenicity,,higher,unsupported_length
zhao-vaccine-3a526a6437849961,DeepImmuno-CNN,1.0@df42ac5b,immunogenicity,,higher,unsupported_hla
zhao-vaccine-b11e8dbcf5c8593f,DeepImmuno-CNN,1.0@df42ac5b,immunogenicity,0.565352976322,higher,predicted
zhao-vaccine-47e5e89b76063222,DeepImmuno-CNN,1.0@df42ac5b,immunogenicity,,higher,unsupported_length
zhao-vaccine-bb31a5226daef6cb,DeepImmuno-CNN,1.0@df42ac5b,immunogenicity,,higher,unsupported_length
zhao-vaccine-ffbe2fce3b2bcb9b,DeepImmuno-CNN,1.0@df42ac5b,immunogenicity,,higher,unsupported_length
zhao-vaccine-e07e0fa3e619dfb3,DeepImmuno-CNN,1.0@df42ac5b,immunogenicity,,higher,unsupported_length
zhao-vaccine-8ec26eb23f396652,DeepImmuno-CNN,1.0@df42ac5b,immunogenicity,,higher,unsupported_hla
zhao-vaccine-4a579e89601e7a16,DeepImmuno-CNN,1.0@df42ac5b,immunogenicity,0.576694428921,higher,predicted
zhao-vaccine-c1d91edb6f2ec47b,DeepImmuno-CNN,1.0@df42ac5b,immunogenicity,,higher,unsupported_hla
zhao-vaccine-72726c139f67b795,DeepImmuno-CNN,1.0@df42ac5b,immunogenicity,0.524897098541,higher,predicted
zhao-vaccine-cca85c5f54c03406,DeepImmuno-CNN,1.0@df42ac5b,immunogenicity,0.882853388786,higher,predicted
zhao-vaccine-0b159fd368dd378e,DeepImmuno-CNN,1.0@df42ac5b,immunogenicity,,higher,unsupported_hla
zhao-vaccine-0d32134ee9a1c1e9,DeepImmuno-CNN,1.0@df42ac5b,immunogenicity,,higher,unsupported_length
zhao-vaccine-d6ff8f98181fc5e2,DeepImmuno-CNN,1.0@df42ac5b,immunogenicity,0.502427816391,higher,predicted
zhao-vaccine-cc92e6999b763405,DeepImmuno-CNN,1.0@df42ac5b,immunogenicity,,higher,unsupported_length
zhao-vaccine-c184a6b978d8f6b9,DeepImmuno-CNN,1.0@df42ac5b,immunogenicity,0.468580812216,higher,predicted
zhao-vaccine-d2e3d30a8e2ae2ef,DeepImmuno-CNN,1.0@df42ac5b,immunogenicity,0.686646103859,higher,predicted
zhao-vaccine-3e39a16929680e56,DeepImmuno-CNN,1.0@df42ac5b,immunogenicity,,higher,unsupported_length
zhao-vaccine-99c9f8800047835e,DeepImmuno-CNN,1.0@df42ac5b,immunogenicity,,higher,unsupported_length
zhao-vaccine-4f15ebf0cc570314,DeepImmuno-CNN,1.0@df42ac5b,immunogenicity,0.945109248161,higher,predicted
zhao-vaccine-8e9dff058c4dbaa7,DeepImmuno-CNN,1.0@df42ac5b,immunogenicity,,higher,unsupported_length
zhao-vaccine-6cb85a15b9145556,DeepImmuno-CNN,1.0@df42ac5b,immunogenicity,,higher,unsupported_hla
zhao-vaccine-944c5ddaf90c82cc,DeepImmuno-CNN,1.0@df42ac5b,immunogenicity,,higher,unsupported_length
zhao-vaccine-9340e0b1f4dc7863,DeepImmuno-CNN,1.0@df42ac5b,immunogenicity,,higher,unsupported_length
zhao-vaccine-c5bcc740de8ab116,DeepImmuno-CNN,1.0@df42ac5b,immunogenicity,,higher,unsupported_length
zhao-vaccine-d4b2ec84b19120e6,DeepImmuno-CNN,1.0@df42ac5b,immunogenicity,,higher,unsupported_length
zhao-vaccine-fbe1c72a258123e4,DeepImmuno-CNN,1.0@df42ac5b,immunogenicity,,higher,unsupported_length
zhao-vaccine-5dd0d746e26b0604,DeepImmuno-CNN,1.0@df42ac5b,immunogenicity,,higher,unsupported_hla
zhao-vaccine-814632626ebe017e,DeepImmuno-CNN,1.0@df42ac5b,immunogenicity,0.881401896477,higher,predicted
zhao-vaccine-0a1dbcd3feca07b8,DeepImmuno-CNN,1.0@df42ac5b,immunogenicity,,higher,unsupported_length
zhao-vaccine-8e8ef0aa252f8088,DeepImmuno-CNN,1.0@df42ac5b,immunogenicity,,higher,unsupported_length
zhao-vaccine-4e7da546c9997730,DeepImmuno-CNN,1.0@df42ac5b,immunogenicity,,higher,unsupported_hla
zhao-vaccine-587ceac3b1a5e6c2,DeepImmuno-CNN,1.0@df42ac5b,immunogenicity,0.774833023548,higher,predicted
zhao-vaccine-fb86bd9fe3f5507b,DeepImmuno-CNN,1.0@df42ac5b,immunogenicity,0.566420853138,higher,predicted
zhao-vaccine-8fd9a4ebb7a5b5c0,DeepImmuno-CNN,1.0@df42ac5b,immunogenicity,0.66955447197,higher,predicted
zhao-vaccine-b1694ee7a23598c2,DeepImmuno-CNN,1.0@df42ac5b,immunogenicity,0.536065042019,higher,predicted
zhao-vaccine-5eb10cfe95b8bda7,DeepImmuno-CNN,1.0@df42ac5b,immunogenicity,0.682850956917,higher,predicted
zhao-vaccine-2d8d532720213eac,DeepImmuno-CNN,1.0@df42ac5b,immunogenicity,,higher,unsupported_length
zhao-vaccine-748f6e43c22911b6,DeepImmuno-CNN,1.0@df42ac5b,immunogenicity,0.629374563694,higher,predicted
zhao-vaccine-a101d49a478c72bd,DeepImmuno-CNN,1.0@df42ac5b,immunogenicity,0.705890357494,higher,predicted
zhao-vaccine-a0edaa74581fa67c,DeepImmuno-CNN,1.0@df42ac5b,immunogenicity,,higher,unsupported_length
zhao-vaccine-e4858b6abb51f937,DeepImmuno-CNN,1.0@df42ac5b,immunogenicity,,higher,unsupported_hla
zhao-vaccine-1af9b30e1a5e4022,DeepImmuno-CNN,1.0@df42ac5b,immunogenicity,0.459810674191,higher,predicted
zhao-vaccine-f1a5af131974bd0b,DeepImmuno-CNN,1.0@df42ac5b,immunogenicity,,higher,unsupported_length
zhao-vaccine-0c19e14dba1e42b4,DeepImmuno-CNN,1.0@df42ac5b,immunogenicity,0.318610787392,higher,predicted
zhao-vaccine-062e0a4b0e686c90,DeepImmuno-CNN,1.0@df42ac5b,immunogenicity,,higher,unsupported_length
zhao-vaccine-476198a6046e6b3f,DeepImmuno-CNN,1.0@df42ac5b,immunogenicity,0.220756575465,higher,predicted
zhao-vaccine-08a566e6459e92e2,DeepImmuno-CNN,1.0@df42ac5b,immunogenicity,,higher,unsupported_length
zhao-vaccine-948f57640c27f6a4,DeepImmuno-CNN,1.0@df42ac5b,immunogenicity,0.418632149696,higher,predicted
zhao-vaccine-92fa162c7917d129,DeepImmuno-CNN,1.0@df42ac5b,immunogenicity,,higher,unsupported_length
zhao-vaccine-a24e8d0c596fcd11,DeepImmuno-CNN,1.0@df42ac5b,immunogenicity,0.38373696804,higher,predicted
zhao-vaccine-ce24e3f91c9fcc89,DeepImmuno-CNN,1.0@df42ac5b,immunogenicity,0.909757196903,higher,predicted
zhao-vaccine-aba6efbe2e8d61b9,DeepImmuno-CNN,1.0@df42ac5b,immunogenicity,,higher,unsupported_length
zhao-vaccine-2e4420aa46f43efe,DeepImmuno-CNN,1.0@df42ac5b,immunogenicity,,higher,unsupported_length
zhao-vaccine-b1d75c3e5bc3145b,DeepImmuno-CNN,1.0@df42ac5b,immunogenicity,,higher,unsupported_hla
zhao-vaccine-653abff2c7dbeb4e,DeepImmuno-CNN,1.0@df42ac5b,immunogenicity,,higher,unsupported_hla
zhao-vaccine-8412f6129880042f,DeepImmuno-CNN,1.0@df42ac5b,immunogenicity,,higher,unsupported_length
zhao-vaccine-b9cb69f374205b32,DeepImmuno-CNN,1.0@df42ac5b,immunogenicity,,higher,unsupported_length
zhao-vaccine-1aa9762a4d76dda9,DeepImmuno-CNN,1.0@df42ac5b,immunogenicity,,higher,unsupported_length
zhao-vaccine-ed8321fccc8a12c1,DeepImmuno-CNN,1.0@df42ac5b,immunogenicity,,higher,unsupported_hla
zhao-vaccine-f07f258117264300,DeepImmuno-CNN,1.0@df42ac5b,immunogenicity,,higher,unsupported_length
zhao-vaccine-fce720b3ba2ba141,DeepImmuno-CNN,1.0@df42ac5b,immunogenicity,0.364597350359,higher,predicted
zhao-vaccine-3b847886ab646802,DeepImmuno-CNN,1.0@df42ac5b,immunogenicity,,higher,unsupported_length
zhao-vaccine-8e8117b5c5782698,DeepImmuno-CNN,1.0@df42ac5b,immunogenicity,,higher,unsupported_hla
zhao-vaccine-dca95adb5fcdf592,DeepImmuno-CNN,1.0@df42ac5b,immunogenicity,,higher,unsupported_length
zhao-vaccine-0e4e9c333e92b287,DeepImmuno-CNN,1.0@df42ac5b,immunogenicity,,higher,unsupported_hla
zhao-vaccine-af57e5cb49a1b3d7,DeepImmuno-CNN,1.0@df42ac5b,immunogenicity,0.45131072402,higher,predicted
zhao-vaccine-1112c9b9b46720e7,DeepImmuno-CNN,1.0@df42ac5b,immunogenicity,,higher,unsupported_length
zhao-vaccine-033a1b3d78898765,DeepImmuno-CNN,1.0@df42ac5b,immunogenicity,0.809227347374,higher,predicted
zhao-vaccine-7ba22a1143f5d992,DeepImmuno-CNN,1.0@df42ac5b,immunogenicity,,higher,unsupported_length
zhao-vaccine-1e9f45fe3cc9ac63,DeepImmuno-CNN,1.0@df42ac5b,immunogenicity,,higher,unsupported_length
zhao-vaccine-5e908d937d39faff,DeepImmuno-CNN,1.0@df42ac5b,immunogenicity,,higher,unsupported_hla
zhao-vaccine-f3877179230c6cee,DeepImmuno-CNN,1.0@df42ac5b,immunogenicity,,higher,unsupported_hla
zhao-vaccine-4ecfbac6e637b799,DeepImmuno-CNN,1.0@df42ac5b,immunogenicity,,higher,unsupported_length
zhao-vaccine-14b4f65b1f45bcbf,DeepImmuno-CNN,1.0@df42ac5b,immunogenicity,,higher,unsupported_hla
zhao-vaccine-f91297d3a00de2d2,DeepImmuno-CNN,1.0@df42ac5b,immunogenicity,,higher,unsupported_length
zhao-vaccine-4844706cc9fa4d1b,DeepImmuno-CNN,1.0@df42ac5b,immunogenicity,,higher,unsupported_length
zhao-vaccine-da2194e4a86ae034,DeepImmuno-CNN,1.0@df42ac5b,immunogenicity,,higher,unsupported_length
zhao-vaccine-9c48013f878a865c,DeepImmuno-CNN,1.0@df42ac5b,immunogenicity,,higher,unsupported_length
zhao-vaccine-3da711f6f654d036,DeepImmuno-CNN,1.0@df42ac5b,immunogenicity,0.657300829887,higher,predicted
zhao-vaccine-34689bf638cfdb3d,DeepImmuno-CNN,1.0@df42ac5b,immunogenicity,,higher,unsupported_length
zhao-vaccine-3accaf032fdb315d,DeepImmuno-CNN,1.0@df42ac5b,immunogenicity,,higher,unsupported_length
zhao-vaccine-7dac8ac91244377f,DeepImmuno-CNN,1.0@df42ac5b,immunogenicity,,higher,unsupported_hla
zhao-vaccine-40e47cdb16d89757,DeepImmuno-CNN,1.0@df42ac5b,immunogenicity,,higher,unsupported_length
zhao-vaccine-aefefb4cdc17d9f1,DeepImmuno-CNN,1.0@df42ac5b,immunogenicity,,higher,unsupported_hla
zhao-vaccine-8050a70c910bdf1a,DeepImmuno-CNN,1.0@df42ac5b,immunogenicity,,higher,unsupported_hla
zhao-vaccine-ac96e34d65a393e8,DeepImmuno-CNN,1.0@df42ac5b,immunogenicity,0.307392328978,higher,predicted
zhao-vaccine-b4d038d59719dff9,DeepImmuno-CNN,1.0@df42ac5b,immunogenicity,0.732160270214,higher,predicted
zhao-vaccine-9e1085e0289a57d9,DeepImmuno-CNN,1.0@df42ac5b,immunogenicity,,higher,unsupported_length
zhao-vaccine-178a58421c8cfa58,DeepImmuno-CNN,1.0@df42ac5b,immunogenicity,0.665302336216,higher,predicted
zhao-vaccine-4a6ee428b3d6f1f9,DeepImmuno-CNN,1.0@df42ac5b,immunogenicity,,higher,unsupported_length
zhao-vaccine-105dd4c375a2930a,DeepImmuno-CNN,1.0@df42ac5b,immunogenicity,,higher,unsupported_hla
zhao-vaccine-f2e66f35c41716e3,DeepImmuno-CNN,1.0@df42ac5b,immunogenicity,0.499865710735,higher,predicted
zhao-vaccine-8abeb04ad206babd,DeepImmuno-CNN,1.0@df42ac5b,immunogenicity,0.714883804321,higher,predicted
zhao-vaccine-346901b6cb8320ce,DeepImmuno-CNN,1.0@df42ac5b,immunogenicity,0.226964741945,higher,predicted
zhao-vaccine-bc928fd98bebcbe4,DeepImmuno-CNN,1.0@df42ac5b,immunogenicity,,higher,unsupported_hla
zhao-vaccine-812386af1a37b5a2,DeepImmuno-CNN,1.0@df42ac5b,immunogenicity,,higher,unsupported_hla
zhao-vaccine-cd4c3877e1df5df8,DeepImmuno-CNN,1.0@df42ac5b,immunogenicity,0.742019236088,higher,predicted
zhao-vaccine-37cd8d397d30c00a,DeepImmuno-CNN,1.0@df42ac5b,immunogenicity,0.723210394382,higher,predicted
zhao-vaccine-69589f3e984c8850,DeepImmuno-CNN,1.0@df42ac5b,immunogenicity,,higher,unsupported_length
zhao-vaccine-6138d66158ae812f,DeepImmuno-CNN,1.0@df42ac5b,immunogenicity,0.841744244099,higher,predicted
zhao-vaccine-f89aafae5b4bb03a,DeepImmuno-CNN,1.0@df42ac5b,immunogenicity,,higher,unsupported_length
zhao-vaccine-d24f1d08ffeb3dab,DeepImmuno-CNN,1.0@df42ac5b,immunogenicity,,higher,unsupported_hla
zhao-vaccine-15f900835dd0ed74,DeepImmuno-CNN,1.0@df42ac5b,immunogenicity,,higher,unsupported_hla
zhao-vaccine-b4c900974a4cb22d,DeepImmuno-CNN,1.0@df42ac5b,immunogenicity,0.808951258659,higher,predicted
zhao-vaccine-4877473089ccabe2,DeepImmuno-CNN,1.0@df42ac5b,immunogenicity,,higher,unsupported_length
zhao-vaccine-57da1458d87b5cd8,DeepImmuno-CNN,1.0@df42ac5b,immunogenicity,,higher,unsupported_length
zhao-vaccine-7cda442e2003096d,DeepImmuno-CNN,1.0@df42ac5b,immunogenicity,0.371173590422,higher,predicted
zhao-vaccine-c9ac16c653d4ad34,DeepImmuno-CNN,1.0@df42ac5b,immunogenicity,,higher,unsupported_hla
zhao-vaccine-5bb46d67d4132b05,DeepImmuno-CNN,1.0@df42ac5b,immunogenicity,,higher,unsupported_length
zhao-vaccine-22b245e10cc5f7eb,DeepImmuno-CNN,1.0@df42ac5b,immunogenicity,,higher,unsupported_length
zhao-vaccine-0c5f2cf1a9f96611,DeepImmuno-CNN,1.0@df42ac5b,immunogenicity,,higher,unsupported_length
zhao-vaccine-fdb9bb32b532156a,DeepImmuno-CNN,1.0@df42ac5b,immunogenicity,0.542821407318,higher,predicted
zhao-vaccine-09ce50e75ae0ded3,DeepImmuno-CNN,1.0@df42ac5b,immunogenicity,0.913847148418,higher,predicted
zhao-vaccine-17602f761fea6700,DeepImmuno-CNN,1.0@df42ac5b,immunogenicity,,higher,unsupported_length
zhao-vaccine-23b1162fe09c3a71,DeepImmuno-CNN,1.0@df42ac5b,immunogenicity,0.905569434166,higher,predicted
zhao-vaccine-adf230b14ce59796,DeepImmuno-CNN,1.0@df42ac5b,immunogenicity,,higher,unsupported_length
zhao-vaccine-1844a0b8148bd71d,DeepImmuno-CNN,1.0@df42ac5b,immunogenicity,0.898034155369,higher,predicted
zhao-vaccine-6b2a399d57d8a512,DeepImmuno-CNN,1.0@df42ac5b,immunogenicity,0.918314158916,higher,predicted
zhao-vaccine-666279e80bba84cd,DeepImmuno-CNN,1.0@df42ac5b,immunogenicity,0.388599336147,higher,predicted
zhao-vaccine-a3b9a38a195ea306,DeepImmuno-CNN,1.0@df42ac5b,immunogenicity,0.763190090656,higher,predicted
zhao-vaccine-a99dea8872b2c603,DeepImmuno-CNN,1.0@df42ac5b,immunogenicity,,higher,unsupported_hla
zhao-vaccine-38518cce6ca2ffcb,DeepImmuno-CNN,1.0@df42ac5b,immunogenicity,,higher,unsupported_hla
zhao-vaccine-c06c5c593b790451,DeepImmuno-CNN,1.0@df42ac5b,immunogenicity,,higher,unsupported_length
zhao-vaccine-20a5c1bd7ed8243c,DeepImmuno-CNN,1.0@df42ac5b,immunogenicity,,higher,unsupported_length
zhao-vaccine-bf796feb0fa45107,DeepImmuno-CNN,1.0@df42ac5b,immunogenicity,,higher,unsupported_length
zhao-vaccine-94d4dd10565ce56a,DeepImmuno-CNN,1.0@df42ac5b,immunogenicity,0.452740252018,higher,predicted
zhao-vaccine-09d399e83ab7a200,DeepImmuno-CNN,1.0@df42ac5b,immunogenicity,0.384627312422,higher,predicted
zhao-vaccine-57cf9d6748f03a4a,DeepImmuno-CNN,1.0@df42ac5b,immunogenicity,,higher,unsupported_length
zhao-vaccine-8ad9b3db50bd44f6,DeepImmuno-CNN,1.0@df42ac5b,immunogenicity,,higher,unsupported_hla
zhao-vaccine-e7a31769d0def8cc,DeepImmuno-CNN,1.0@df42ac5b,immunogenicity,0.813526809216,higher,predicted
zhao-vaccine-f31f5559dc01f968,DeepImmuno-CNN,1.0@df42ac5b,immunogenicity,,higher,unsupported_length
zhao-vaccine-801998d39a01c402,DeepImmuno-CNN,1.0@df42ac5b,immunogenicity,,higher,unsupported_length
zhao-vaccine-e97f71e837688aaa,DeepImmuno-CNN,1.0@df42ac5b,immunogenicity,,higher,unsupported_length
zhao-vaccine-94d6274ea0765859,DeepImmuno-CNN,1.0@df42ac5b,immunogenicity,,higher,unsupported_hla
zhao-vaccine-8425d1356c40e035,DeepImmuno-CNN,1.0@df42ac5b,immunogenicity,,higher,unsupported_hla
zhao-vaccine-9c842e77e6554e48,DeepImmuno-CNN,1.0@df42ac5b,immunogenicity,,higher,unsupported_hla
zhao-vaccine-cd64ae47949e3e72,DeepImmuno-CNN,1.0@df42ac5b,immunogenicity,,higher,unsupported_hla
zhao-vaccine-6cf2c368188f7ae7,DeepImmuno-CNN,1.0@df42ac5b,immunogenicity,,higher,unsupported_length
zhao-vaccine-76ba058c8a28fd7a,DeepImmuno-CNN,1.0@df42ac5b,immunogenicity,,higher,unsupported_length
zhao-vaccine-6084bbd3ff94c4d6,DeepImmuno-CNN,1.0@df42ac5b,immunogenicity,,higher,unsupported_hla
zhao-vaccine-2d7a1bc0613aae0d,DeepImmuno-CNN,1.0@df42ac5b,immunogenicity,,higher,unsupported_hla
zhao-vaccine-03696ce8c63ebae8,DeepImmuno-CNN,1.0@df42ac5b,immunogenicity,,higher,unsupported_length
zhao-vaccine-4d5941ad71cd0b01,DeepImmuno-CNN,1.0@df42ac5b,immunogenicity,0.977546215057,higher,predicted
zhao-vaccine-8251be1752bc8dcd,DeepImmuno-CNN,1.0@df42ac5b,immunogenicity,0.208032622933,higher,predicted
zhao-vaccine-e208fc7508babece,DeepImmuno-CNN,1.0@df42ac5b,immunogenicity,0.756025850773,higher,predicted
zhao-vaccine-100390c97594b382,DeepImmuno-CNN,1.0@df42ac5b,immunogenicity,,higher,unsupported_length
zhao-vaccine-1c199c518ce694cb,DeepImmuno-CNN,1.0@df42ac5b,immunogenicity,,higher,unsupported_length
zhao-vaccine-d51c26cc1204892e,DeepImmuno-CNN,1.0@df42ac5b,immunogenicity,,higher,unsupported_length
zhao-vaccine-ace8856de2b9d7b3,DeepImmuno-CNN,1.0@df42ac5b,immunogenicity,0.695882260799,higher,predicted
zhao-vaccine-83da3c5b9955b6ac,DeepImmuno-CNN,1.0@df42ac5b,immunogenicity,0.835204005241,higher,predicted
zhao-vaccine-1ce93697a045b24c,DeepImmuno-CNN,1.0@df42ac5b,immunogenicity,,higher,unsupported_length
zhao-vaccine-00ac0fab7dc987f2,DeepImmuno-CNN,1.0@df42ac5b,immunogenicity,0.522801756859,higher,predicted
zhao-vaccine-0f950ec7c02f9245,DeepImmuno-CNN,1.0@df42ac5b,immunogenicity,,higher,unsupported_length
zhao-vaccine-5ba15d97b5c72d95,DeepImmuno-CNN,1.0@df42ac5b,immunogenicity,,higher,unsupported_hla
zhao-vaccine-02101f99d9930118,DeepImmuno-CNN,1.0@df42ac5b,immunogenicity,,higher,unsupported_hla
zhao-vaccine-b0c6fa65bdac2715,DeepImmuno-CNN,1.0@df42ac5b,immunogenicity,0.62853127718,higher,predicted
zhao-vaccine-017943547834366f,DeepImmuno-CNN,1.0@df42ac5b,immunogenicity,0.479548990726,higher,predicted
zhao-vaccine-9f9a6c0bad07b12a,DeepImmuno-CNN,1.0@df42ac5b,immunogenicity,,higher,unsupported_length
zhao-vaccine-281311a043c39d11,DeepImmuno-CNN,1.0@df42ac5b,immunogenicity,,higher,unsupported_length
zhao-vaccine-67ace035b9c07219,DeepImmuno-CNN,1.0@df42ac5b,immunogenicity,0.77745950222,higher,predicted
zhao-vaccine-6dfb4aaff25a87d1,DeepImmuno-CNN,1.0@df42ac5b,immunogenicity,,higher,unsupported_length
zhao-vaccine-78a648a518e6de28,DeepImmuno-CNN,1.0@df42ac5b,immunogenicity,,higher,unsupported_length
zhao-vaccine-37d860fc95091de9,DeepImmuno-CNN,1.0@df42ac5b,immunogenicity,0.651005387306,higher,predicted
zhao-vaccine-3ce7a0caddd675f9,DeepImmuno-CNN,1.0@df42ac5b,immunogenicity,,higher,unsupported_length
zhao-vaccine-8293be323b8f2284,DeepImmuno-CNN,1.0@df42ac5b,immunogenicity,,higher,unsupported_length
zhao-vaccine-dc69e571bb1bc716,DeepImmuno-CNN,1.0@df42ac5b,immunogenicity,,higher,unsupported_length
zhao-vaccine-d7fe439d720d67b1,DeepImmuno-CNN,1.0@df42ac5b,immunogenicity,0.957229614258,higher,predicted
zhao-vaccine-4235e6d69f92bbd5,DeepImmuno-CNN,1.0@df42ac5b,immunogenicity,,higher,unsupported_hla
zhao-vaccine-d02ba01dc53c000d,DeepImmuno-CNN,1.0@df42ac5b,immunogenicity,,higher,unsupported_length
zhao-vaccine-2cb0e7ca904e77d9,DeepImmuno-CNN,1.0@df42ac5b,immunogenicity,,higher,unsupported_length
zhao-vaccine-f840dd851aae3824,DeepImmuno-CNN,1.0@df42ac5b,immunogenicity,,higher,unsupported_length
zhao-vaccine-68a434f6aca144e8,DeepImmuno-CNN,1.0@df42ac5b,immunogenicity,,higher,unsupported_hla
zhao-vaccine-0e1a76b226778434,DeepImmuno-CNN,1.0@df42ac5b,immunogenicity,,higher,unsupported_length
zhao-vaccine-721dee814c7f8a57,DeepImmuno-CNN,1.0@df42ac5b,immunogenicity,,higher,unsupported_length
zhao-vaccine-8da882afc2068d8a,DeepImmuno-CNN,1.0@df42ac5b,immunogenicity,0.937919795513,higher,predicted
zhao-vaccine-45383782e52dba9f,DeepImmuno-CNN,1.0@df42ac5b,immunogenicity,0.734147131443,higher,predicted
zhao-vaccine-b12f5ac75bfe6b89,DeepImmuno-CNN,1.0@df42ac5b,immunogenicity,,higher,unsupported_length
zhao-vaccine-0e0a9637ed1282c1,DeepImmuno-CNN,1.0@df42ac5b,immunogenicity,0.691436648369,higher,predicted
zhao-vaccine-7abc1c35e3ccf355,DeepImmuno-CNN,1.0@df42ac5b,immunogenicity,,higher,unsupported_length
zhao-vaccine-f318b7095b4ef52c,DeepImmuno-CNN,1.0@df42ac5b,immunogenicity,,higher,unsupported_length
zhao-vaccine-78297893a7d3d0ba,DeepImmuno-CNN,1.0@df42ac5b,immunogenicity,,higher,unsupported_hla
zhao-vaccine-ca490b1797ede1e9,DeepImmuno-CNN,1.0@df42ac5b,immunogenicity,0.471670806408,higher,predicted
zhao-vaccine-9362a3e8b434e17a,DeepImmuno-CNN,1.0@df42ac5b,immunogenicity,,higher,unsupported_hla
zhao-vaccine-d05f94d034d5e2d6,DeepImmuno-CNN,1.0@df42ac5b,immunogenicity,,higher,unsupported_length
zhao-vaccine-3ebcaa48f079929c,DeepImmuno-CNN,1.0@df42ac5b,immunogenicity,,higher,unsupported_hla
zhao-vaccine-5ade12ab778df5ff,DeepImmuno-CNN,1.0@df42ac5b,immunogenicity,0.561292111874,higher,predicted
zhao-vaccine-965e2dc89d4a2a57,DeepImmuno-CNN,1.0@df42ac5b,immunogenicity,0.641035497189,higher,predicted
zhao-vaccine-4a37b653a73277cb,DeepImmuno-CNN,1.0@df42ac5b,immunogenicity,,higher,unsupported_length
zhao-vaccine-68e61ae20327db08,DeepImmuno-CNN,1.0@df42ac5b,immunogenicity,0.319347709417,higher,predicted
zhao-vaccine-0a0eb08146a9e58f,DeepImmuno-CNN,1.0@df42ac5b,immunogenicity,0.553570449352,higher,predicted
zhao-vaccine-e5ac726938f48c5d,DeepImmuno-CNN,1.0@df42ac5b,immunogenicity,0.790278851986,higher,predicted
zhao-vaccine-dd30fe354dc0c723,DeepImmuno-CNN,1.0@df42ac5b,immunogenicity,0.790441334248,higher,predicted
zhao-vaccine-e46cba4d94b1bd9e,DeepImmuno-CNN,1.0@df42ac5b,immunogenicity,0.741444468498,higher,predicted
zhao-vaccine-1217ba726b35ed9d,DeepImmuno-CNN,1.0@df42ac5b,immunogenicity,0.422235608101,higher,predicted
zhao-vaccine-83bbda76fb652d04,DeepImmuno-CNN,1.0@df42ac5b,immunogenicity,,higher,unsupported_length
zhao-vaccine-e99a9dc2f937246e,DeepImmuno-CNN,1.0@df42ac5b,immunogenicity,0.945080280304,higher,predicted
zhao-vaccine-3ad1731be926e556,DeepImmuno-CNN,1.0@df42ac5b,immunogenicity,,higher,unsupported_length
zhao-vaccine-b9b9751942a91107,DeepImmuno-CNN,1.0@df42ac5b,immunogenicity,0.884952068329,higher,predicted
zhao-vaccine-91666c65422008e9,DeepImmuno-CNN,1.0@df42ac5b,immunogenicity,,higher,unsupported_length
zhao-vaccine-cdb5d238c73f1200,DeepImmuno-CNN,1.0@df42ac5b,immunogenicity,,higher,unsupported_length
zhao-vaccine-e371cb75a5a01267,DeepImmuno-CNN,1.0@df42ac5b,immunogenicity,0.962609708309,higher,predicted
zhao-vaccine-15446e222104cacb,DeepImmuno-CNN,1.0@df42ac5b,immunogenicity,,higher,unsupported_hla
zhao-vaccine-d2e2e9a9a8a8791f,DeepImmuno-CNN,1.0@df42ac5b,immunogenicity,,higher,unsupported_hla
zhao-vaccine-add9dc988b885c6f,DeepImmuno-CNN,1.0@df42ac5b,immunogenicity,,higher,unsupported_length
zhao-vaccine-05fa169c96907506,DeepImmuno-CNN,1.0@df42ac5b,immunogenicity,,higher,unsupported_length
zhao-vaccine-fe5e333b881da058,DeepImmuno-CNN,1.0@df42ac5b,immunogenicity,0.599487304688,higher,predicted
zhao-vaccine-a1f11828eab95061,DeepImmuno-CNN,1.0@df42ac5b,immunogenicity,0.35709682107,higher,predicted
zhao-vaccine-4976b66839febef0,DeepImmuno-CNN,1.0@df42ac5b,immunogenicity,0.328679859638,higher,predicted
zhao-vaccine-ca5cbad36e6778e3,DeepImmuno-CNN,1.0@df42ac5b,immunogenicity,0.451947838068,higher,predicted
zhao-vaccine-36f07ee5c996dad0,DeepImmuno-CNN,1.0@df42ac5b,immunogenicity,0.710182905197,higher,predicted
zhao-vaccine-623cfad1dc12cce2,DeepImmuno-CNN,1.0@df42ac5b,immunogenicity,0.74072343111,higher,predicted
zhao-vaccine-d41aafddc13976b8,DeepImmuno-CNN,1.0@df42ac5b,immunogenicity,,higher,unsupported_length
zhao-vaccine-27d07976725d29e9,DeepImmuno-CNN,1.0@df42ac5b,immunogenicity,,higher,unsupported_length
zhao-vaccine-7e2ffaba808811ba,DeepImmuno-CNN,1.0@df42ac5b,immunogenicity,,higher,unsupported_hla
zhao-vaccine-4ea2fcd0fcbe695b,DeepImmuno-CNN,1.0@df42ac5b,immunogenicity,,higher,unsupported_length
zhao-vaccine-5f1312331fdfb170,DeepImmuno-CNN,1.0@df42ac5b,immunogenicity,,higher,unsupported_length
zhao-vaccine-1e73947ea9698cd9,DeepImmuno-CNN,1.0@df42ac5b,immunogenicity,0.557772636414,higher,predicted
zhao-vaccine-3b94a7db18ed886c,DeepImmuno-CNN,1.0@df42ac5b,immunogenicity,,higher,unsupported_hla
zhao-vaccine-f375803c6f3695b8,DeepImmuno-CNN,1.0@df42ac5b,immunogenicity,0.89283233881,higher,predicted
zhao-vaccine-4f915ffeb85dbc8d,DeepImmuno-CNN,1.0@df42ac5b,immunogenicity,0.761621177197,higher,predicted
zhao-vaccine-0a499f1b47d241ee,DeepImmuno-CNN,1.0@df42ac5b,immunogenicity,,higher,unsupported_length
zhao-vaccine-c1ddf01a1259a6bb,DeepImmuno-CNN,1.0@df42ac5b,immunogenicity,0.84072804451,higher,predicted
zhao-vaccine-a7117a4ef7e4c666,DeepImmuno-CNN,1.0@df42ac5b,immunogenicity,0.657960236073,higher,predicted
zhao-vaccine-2f16d7a7b8377c8f,DeepImmuno-CNN,1.0@df42ac5b,immunogenicity,,higher,unsupported_hla
zhao-vaccine-b18aa826b16d7473,DeepImmuno-CNN,1.0@df42ac5b,immunogenicity,0.964314103127,higher,predicted
zhao-vaccine-32935ef444cf0d1a,DeepImmuno-CNN,1.0@df42ac5b,immunogenicity,,higher,unsupported_length
zhao-vaccine-eef0dcadc94c2b17,DeepImmuno-CNN,1.0@df42ac5b,immunogenicity,,higher,unsupported_hla
zhao-vaccine-2e4ead9606072288,DeepImmuno-CNN,1.0@df42ac5b,immunogenicity,,higher,unsupported_hla
zhao-vaccine-4530abbf39780e70,DeepImmuno-CNN,1.0@df42ac5b,immunogenicity,,higher,unsupported_length
zhao-vaccine-0cebec48fdf19314,DeepImmuno-CNN,1.0@df42ac5b,immunogenicity,,higher,unsupported_length
zhao-vaccine-1e0e282136a23d80,DeepImmuno-CNN,1.0@df42ac5b,immunogenicity,0.890845656395,higher,predicted
zhao-vaccine-14a6f9f5f9c4b644,DeepImmuno-CNN,1.0@df42ac5b,immunogenicity,,higher,unsupported_length
zhao-vaccine-28a198f03d6a3d2b,DeepImmuno-CNN,1.0@df42ac5b,immunogenicity,,higher,unsupported_length
zhao-vaccine-a84cc466cc5afbbe,DeepImmuno-CNN,1.0@df42ac5b,immunogenicity,0.605766892433,higher,predicted
zhao-vaccine-ef3f5ad4b93866cc,DeepImmuno-CNN,1.0@df42ac5b,immunogenicity,0.575610637665,higher,predicted
zhao-vaccine-574c8885e9744870,DeepImmuno-CNN,1.0@df42ac5b,immunogenicity,0.908251881599,higher,predicted
zhao-vaccine-82adf1f14fa8a979,DeepImmuno-CNN,1.0@df42ac5b,immunogenicity,,higher,unsupported_length
zhao-vaccine-901263935668805b,DeepImmuno-CNN,1.0@df42ac5b,immunogenicity,,higher,unsupported_length
zhao-vaccine-74933d8cbe88ccd3,DeepImmuno-CNN,1.0@df42ac5b,immunogenicity,0.388831049204,higher,predicted
zhao-vaccine-a5f23bb559b34bec,DeepImmuno-CNN,1.0@df42ac5b,immunogenicity,0.525237858295,higher,predicted
zhao-vaccine-f6fad87ef2b47eb9,DeepImmuno-CNN,1.0@df42ac5b,immunogenicity,,higher,unsupported_length
zhao-vaccine-0262934196cb9e41,DeepImmuno-CNN,1.0@df42ac5b,immunogenicity,0.265205025673,higher,predicted
zhao-vaccine-1b06ec46d9433877,DeepImmuno-CNN,1.0@df42ac5b,immunogenicity,0.823543787003,higher,predicted
zhao-vaccine-7b2afc20a6b058a9,DeepImmuno-CNN,1.0@df42ac5b,immunogenicity,,higher,unsupported_length
zhao-vaccine-baae71af4bb9e079,DeepImmuno-CNN,1.0@df42ac5b,immunogenicity,,higher,unsupported_length
zhao-vaccine-7a024abbd4a188e0,DeepImmuno-CNN,1.0@df42ac5b,immunogenicity,0.9893835783,higher,predicted
zhao-vaccine-19d5e810431b3469,DeepImmuno-CNN,1.0@df42ac5b,immunogenicity,0.897037386894,higher,predicted
zhao-vaccine-f7e33e7285d5153f,DeepImmuno-CNN,1.0@df42ac5b,immunogenicity,0.490589171648,higher,predicted
zhao-vaccine-4047f64ca9c106e4,DeepImmuno-CNN,1.0@df42ac5b,immunogenicity,0.856637358665,higher,predicted
zhao-vaccine-847c20e7477bba02,DeepImmuno-CNN,1.0@df42ac5b,immunogenicity,,higher,unsupported_length
zhao-vaccine-bb485ecb0ce26b91,DeepImmuno-CNN,1.0@df42ac5b,immunogenicity,,higher,unsupported_length
zhao-vaccine-c05bac34add61bb1,DeepImmuno-CNN,1.0@df42ac5b,immunogenicity,0.797230780125,higher,predicted
zhao-vaccine-5534446f3d190f70,DeepImmuno-CNN,1.0@df42ac5b,immunogenicity,0.721487998962,higher,predicted
zhao-vaccine-53388bac37626a87,DeepImmuno-CNN,1.0@df42ac5b,immunogenicity,,higher,unsupported_length
zhao-vaccine-8abf1996ba692904,DeepImmuno-CNN,1.0@df42ac5b,immunogenicity,0.624353051186,higher,predicted
zhao-vaccine-757ae8492c22eb3f,DeepImmuno-CNN,1.0@df42ac5b,immunogenicity,,higher,unsupported_length
zhao-vaccine-3ea5228db64f8d96,DeepImmuno-CNN,1.0@df42ac5b,immunogenicity,0.784741103649,higher,predicted
zhao-vaccine-4790475ca217608e,DeepImmuno-CNN,1.0@df42ac5b,immunogenicity,,higher,unsupported_length
zhao-vaccine-afd5e19a1b147b9a,DeepImmuno-CNN,1.0@df42ac5b,immunogenicity,0.154875516891,higher,predicted
zhao-vaccine-6cab74d4a96292f4,DeepImmuno-CNN,1.0@df42ac5b,immunogenicity,0.617853760719,higher,predicted
zhao-vaccine-0f291bbc2c7c1b5f,DeepImmuno-CNN,1.0@df42ac5b,immunogenicity,,higher,unsupported_hla
zhao-vaccine-a7aa287de24c9826,DeepImmuno-CNN,1.0@df42ac5b,immunogenicity,,higher,unsupported_length
zhao-vaccine-f1f94e300dd118aa,DeepImmuno-CNN,1.0@df42ac5b,immunogenicity,0.884987533092,higher,predicted
zhao-vaccine-e6b1f83b3277b8d9,DeepImmuno-CNN,1.0@df42ac5b,immunogenicity,,higher,unsupported_length
zhao-vaccine-dd6ecef799be6c63,DeepImmuno-CNN,1.0@df42ac5b,immunogenicity,,higher,unsupported_length
zhao-vaccine-f55395eba5409875,DeepImmuno-CNN,1.0@df42ac5b,immunogenicity,,higher,unsupported_length
zhao-vaccine-b9a94da25e365890,DeepImmuno-CNN,1.0@df42ac5b,immunogenicity,,higher,unsupported_length
zhao-vaccine-a049a2f2e4b35180,DeepImmuno-CNN,1.0@df42ac5b,immunogenicity,0.735432267189,higher,predicted
zhao-vaccine-13d286ba01d0a83e,DeepImmuno-CNN,1.0@df42ac5b,immunogenicity,0.462557822466,higher,predicted
zhao-vaccine-b038f5f750d38efd,DeepImmuno-CNN,1.0@df42ac5b,immunogenicity,,higher,unsupported_hla
zhao-vaccine-d748dbaed29682c9,DeepImmuno-CNN,1.0@df42ac5b,immunogenicity,0.0515690334141,higher,predicted
zhao-vaccine-9ee1859f9bbf0ae8,DeepImmuno-CNN,1.0@df42ac5b,immunogenicity,0.856271088123,higher,predicted
zhao-vaccine-2fdfa797ea37ce66,DeepImmuno-CNN,1.0@df42ac5b,immunogenicity,0.153988644481,higher,predicted
zhao-vaccine-b2c9e6232941da23,DeepImmuno-CNN,1.0@df42ac5b,immunogenicity,0.820057094097,higher,predicted
zhao-vaccine-6091222d399811e6,DeepImmuno-CNN,1.0@df42ac5b,immunogenicity,0.356862664223,higher,predicted
zhao-vaccine-1b161db2ed733492,DeepImmuno-CNN,1.0@df42ac5b,immunogenicity,0.58357077837,higher,predicted
zhao-vaccine-263acd72c8883e72,DeepImmuno-CNN,1.0@df42ac5b,immunogenicity,0.224263459444,higher,predicted
zhao-vaccine-ea9b42df33b35136,DeepImmuno-CNN,1.0@df42ac5b,immunogenicity,0.747050344944,higher,predicted
zhao-vaccine-ac1f5e7f4a167598,DeepImmuno-CNN,1.0@df42ac5b,immunogenicity,,higher,unsupported_length
zhao-vaccine-908da7f0c6dbf27e,DeepImmuno-CNN,1.0@df42ac5b,immunogenicity,,higher,unsupported_length
zhao-vaccine-031c5d86a2e63417,DeepImmuno-CNN,1.0@df42ac5b,immunogenicity,0.527722477913,higher,predicted
zhao-vaccine-4795d6108b3fcf2f,DeepImmuno-CNN,1.0@df42ac5b,immunogenicity,,higher,unsupported_length
zhao-vaccine-805f739bbbe2a085,DeepImmuno-CNN,1.0@df42ac5b,immunogenicity,,higher,unsupported_length
zhao-vaccine-70221838fed9296f,DeepImmuno-CNN,1.0@df42ac5b,immunogenicity,,higher,unsupported_length
zhao-vaccine-cd42d37b5144c969,DeepImmuno-CNN,1.0@df42ac5b,immunogenicity,0.195647105575,higher,predicted
zhao-vaccine-798e8c8cb4ead921,DeepImmuno-CNN,1.0@df42ac5b,immunogenicity,0.3239544034,higher,predicted
zhao-vaccine-709599a72a22a926,DeepImmuno-CNN,1.0@df42ac5b,immunogenicity,,higher,unsupported_length
zhao-vaccine-fec3c5b2df774825,DeepImmuno-CNN,1.0@df42ac5b,immunogenicity,,higher,unsupported_length
zhao-vaccine-5a89d94cd81780a6,DeepImmuno-CNN,1.0@df42ac5b,immunogenicity,0.479593604803,higher,predicted
zhao-vaccine-09ee401936c37fa7,DeepImmuno-CNN,1.0@df42ac5b,immunogenicity,,higher,unsupported_length
zhao-vaccine-5b3d89b46098fe58,DeepImmuno-CNN,1.0@df42ac5b,immunogenicity,,higher,unsupported_length
zhao-vaccine-4d3d09eb60c5f34b,DeepImmuno-CNN,1.0@df42ac5b,immunogenicity,0.902508497238,higher,predicted
zhao-vaccine-a328e5fc04a430e3,DeepImmuno-CNN,1.0@df42ac5b,immunogenicity,,higher,unsupported_length
zhao-vaccine-fccb7f3ae8f5c7ed,DeepImmuno-CNN,1.0@df42ac5b,immunogenicity,0.427629649639,higher,predicted
zhao-vaccine-915adc2bcd8e9f65,DeepImmuno-CNN,1.0@df42ac5b,immunogenicity,,higher,unsupported_length
zhao-vaccine-2850ba32b283001a,DeepImmuno-CNN,1.0@df42ac5b,immunogenicity,,higher,unsupported_length
zhao-vaccine-cd86df511d584650,DeepImmuno-CNN,1.0@df42ac5b,immunogenicity,0.898559689522,higher,predicted
zhao-vaccine-8efa39564b99c4a6,DeepImmuno-CNN,1.0@df42ac5b,immunogenicity,,higher,unsupported_length
zhao-vaccine-4ad340d38191a34c,DeepImmuno-CNN,1.0@df42ac5b,immunogenicity,,higher,unsupported_length
zhao-vaccine-f8ee8bb521237a3f,DeepImmuno-CNN,1.0@df42ac5b,immunogenicity,,higher,unsupported_length
zhao-vaccine-3f67c407a7230fb3,DeepImmuno-CNN,1.0@df42ac5b,immunogenicity,,higher,unsupported_hla
zhao-vaccine-d6255db4b7fdd63b,DeepImmuno-CNN,1.0@df42ac5b,immunogenicity,0.880302011967,higher,predicted
zhao-vaccine-d8c6932c34ad2191,DeepImmuno-CNN,1.0@df42ac5b,immunogenicity,,higher,unsupported_length
zhao-vaccine-a3601d5320ed6e38,DeepImmuno-CNN,1.0@df42ac5b,immunogenicity,,higher,unsupported_length
zhao-vaccine-86b69c161becb07f,DeepImmuno-CNN,1.0@df42ac5b,immunogenicity,,higher,unsupported_length
zhao-vaccine-8025dcb106d1995a,DeepImmuno-CNN,1.0@df42ac5b,immunogenicity,,higher,unsupported_length
zhao-vaccine-b97bb436ed02cdf5,DeepImmuno-CNN,1.0@df42ac5b,immunogenicity,,higher,unsupported_length
zhao-vaccine-f363bfe0d8b4dd32,DeepImmuno-CNN,1.0@df42ac5b,immunogenicity,,higher,unsupported_hla
zhao-vaccine-0fba2a8bc58d9236,DeepImmuno-CNN,1.0@df42ac5b,immunogenicity,,higher,unsupported_hla
zhao-vaccine-2e34af137aef944c,DeepImmuno-CNN,1.0@df42ac5b,immunogenicity,0.781260788441,higher,predicted
zhao-vaccine-181e81b5e44272c6,DeepImmuno-CNN,1.0@df42ac5b,immunogenicity,0.796675622463,higher,predicted
zhao-vaccine-bfd366de75e0e09e,DeepImmuno-CNN,1.0@df42ac5b,immunogenicity,0.706388533115,higher,predicted
zhao-vaccine-87c75460d38d08e9,DeepImmuno-CNN,1.0@df42ac5b,immunogenicity,,higher,unsupported_length
zhao-vaccine-30adaa3969782222,DeepImmuno-CNN,1.0@df42ac5b,immunogenicity,0.865759551525,higher,predicted
zhao-vaccine-63fd3942caea490b,DeepImmuno-CNN,1.0@df42ac5b,immunogenicity,0.308804422617,higher,predicted
zhao-vaccine-24d2d07ca8e2377f,DeepImmuno-CNN,1.0@df42ac5b,immunogenicity,,higher,unsupported_hla
zhao-vaccine-fcaca752fcb71c95,DeepImmuno-CNN,1.0@df42ac5b,immunogenicity,,higher,unsupported_length
zhao-vaccine-cc83beed24066d27,DeepImmuno-CNN,1.0@df42ac5b,immunogenicity,0.479996323586,higher,predicted
zhao-vaccine-3dc3a5fedb44c738,DeepImmuno-CNN,1.0@df42ac5b,immunogenicity,,higher,unsupported_hla
zhao-vaccine-61e2eb896e39a71a,DeepImmuno-CNN,1.0@df42ac5b,immunogenicity,,higher,unsupported_hla
zhao-vaccine-a2baf0b885265cc4,DeepImmuno-CNN,1.0@df42ac5b,immunogenicity,,higher,unsupported_length
zhao-vaccine-723c07672285f426,DeepImmuno-CNN,1.0@df42ac5b,immunogenicity,,higher,unsupported_length
zhao-vaccine-21600a4722a9456b,DeepImmuno-CNN,1.0@df42ac5b,immunogenicity,,higher,unsupported_hla
zhao-vaccine-41e40bf9c0cef1b9,DeepImmuno-CNN,1.0@df42ac5b,immunogenicity,,higher,unsupported_length
zhao-vaccine-f772d44d15868d84,DeepImmuno-CNN,1.0@df42ac5b,immunogenicity,,higher,unsupported_hla
zhao-vaccine-c06a6c0b6ba9ccc2,DeepImmuno-CNN,1.0@df42ac5b,immunogenicity,,higher,unsupported_hla
zhao-vaccine-882a48551f5bbe82,DeepImmuno-CNN,1.0@df42ac5b,immunogenicity,,higher,unsupported_hla
zhao-vaccine-938e8eb3b62a04fa,DeepImmuno-CNN,1.0@df42ac5b,immunogenicity,,higher,unsupported_length
zhao-vaccine-44db9eff40c7ac4b,DeepImmuno-CNN,1.0@df42ac5b,immunogenicity,0.942461431026,higher,predicted
zhao-vaccine-3c10f98fea9749ac,DeepImmuno-CNN,1.0@df42ac5b,immunogenicity,,higher,unsupported_length
zhao-vaccine-412fd5789a6e82ab,DeepImmuno-CNN,1.0@df42ac5b,immunogenicity,0.814503490925,higher,predicted
zhao-vaccine-2c13df52c9d6fdf1,DeepImmuno-CNN,1.0@df42ac5b,immunogenicity,,higher,unsupported_hla
zhao-vaccine-22c079fe2694c804,DeepImmuno-CNN,1.0@df42ac5b,immunogenicity,0.831962645054,higher,predicted
zhao-vaccine-cd526b2c1907ac73,DeepImmuno-CNN,1.0@df42ac5b,immunogenicity,0.534410953522,higher,predicted
zhao-vaccine-8ac5cf800546df58,DeepImmuno-CNN,1.0@df42ac5b,immunogenicity,0.859255313873,higher,predicted
zhao-vaccine-00c1dcc185bde872,DeepImmuno-CNN,1.0@df42ac5b,immunogenicity,,higher,unsupported_length
zhao-vaccine-d78fee591be503a1,DeepImmuno-CNN,1.0@df42ac5b,immunogenicity,0.467847138643,higher,predicted
zhao-vaccine-09b6e33926787118,DeepImmuno-CNN,1.0@df42ac5b,immunogenicity,,higher,unsupported_length
zhao-vaccine-a8525b43cfc364ce,DeepImmuno-CNN,1.0@df42ac5b,immunogenicity,0.917231142521,higher,predicted
zhao-vaccine-65294b91c49a1a7d,DeepImmuno-CNN,1.0@df42ac5b,immunogenicity,,higher,unsupported_hla
zhao-vaccine-2ff4768cbbf94e4c,DeepImmuno-CNN,1.0@df42ac5b,immunogenicity,,higher,unsupported_length
zhao-vaccine-01cd981de90c3d60,DeepImmuno-CNN,1.0@df42ac5b,immunogenicity,0.989404857159,higher,predicted
zhao-vaccine-e43e167f3e1e4297,DeepImmuno-CNN,1.0@df42ac5b,immunogenicity,0.531202793121,higher,predicted
zhao-vaccine-4eddbf01a9786d30,DeepImmuno-CNN,1.0@df42ac5b,immunogenicity,,higher,unsupported_length
zhao-vaccine-fa0115a2ee0cdc16,DeepImmuno-CNN,1.0@df42ac5b,immunogenicity,0.336369663477,higher,predicted
zhao-vaccine-18899191312d29f0,DeepImmuno-CNN,1.0@df42ac5b,immunogenicity,0.234004214406,higher,predicted
zhao-vaccine-06be400bb4a0453e,DeepImmuno-CNN,1.0@df42ac5b,immunogenicity,,higher,unsupported_hla
zhao-vaccine-e0b596dc1a05778f,DeepImmuno-CNN,1.0@df42ac5b,immunogenicity,,higher,unsupported_length
zhao-vaccine-1c4bbb79c97e8575,DeepImmuno-CNN,1.0@df42ac5b,immunogenicity,,higher,unsupported_length
zhao-vaccine-a9bbd7265634e145,DeepImmuno-CNN,1.0@df42ac5b,immunogenicity,,higher,unsupported_length
zhao-vaccine-bb6eb34428fdcc0c,DeepImmuno-CNN,1.0@df42ac5b,immunogenicity,,higher,unsupported_length
zhao-vaccine-bc0a1780a417046d,DeepImmuno-CNN,1.0@df42ac5b,immunogenicity,,higher,unsupported_hla
zhao-vaccine-b30a776cdfe26224,DeepImmuno-CNN,1.0@df42ac5b,immunogenicity,,higher,unsupported_hla
zhao-vaccine-76fda69f2421b833,DeepImmuno-CNN,1.0@df42ac5b,immunogenicity,,higher,unsupported_length
zhao-vaccine-9360840d0776a1aa,DeepImmuno-CNN,1.0@df42ac5b,immunogenicity,0.7330904603,higher,predicted
zhao-vaccine-ba1d9463aef66318,DeepImmuno-CNN,1.0@df42ac5b,immunogenicity,,higher,unsupported_length
zhao-vaccine-809ea96fe6eff952,DeepImmuno-CNN,1.0@df42ac5b,immunogenicity,,higher,unsupported_length
zhao-vaccine-ab50749b1824253d,DeepImmuno-CNN,1.0@df42ac5b,immunogenicity,0.818667769432,higher,predicted
zhao-vaccine-0a9d514e34065af1,DeepImmuno-CNN,1.0@df42ac5b,immunogenicity,0.93410217762,higher,predicted
zhao-vaccine-7cb7f9d86207d395,DeepImmuno-CNN,1.0@df42ac5b,immunogenicity,0.987117409706,higher,predicted
zhao-vaccine-1d6dc5a561493d8b,DeepImmuno-CNN,1.0@df42ac5b,immunogenicity,,higher,unsupported_length
zhao-vaccine-0f2474dc1098b847,DeepImmuno-CNN,1.0@df42ac5b,immunogenicity,,higher,unsupported_length
zhao-vaccine-93437d0ca6cc3f4a,DeepImmuno-CNN,1.0@df42ac5b,immunogenicity,,higher,unsupported_length
zhao-vaccine-7cefccc42174ee95,DeepImmuno-CNN,1.0@df42ac5b,immunogenicity,0.91425383091,higher,predicted
zhao-vaccine-079ef0271ac9e975,DeepImmuno-CNN,1.0@df42ac5b,immunogenicity,,higher,unsupported_hla
zhao-vaccine-b41967fa4cf49b25,DeepImmuno-CNN,1.0@df42ac5b,immunogenicity,0.799634456635,higher,predicted
zhao-vaccine-946ddf2c6a43b996,DeepImmuno-CNN,1.0@df42ac5b,immunogenicity,0.518588125706,higher,predicted
zhao-vaccine-722b8a2ea5f24a03,DeepImmuno-CNN,1.0@df42ac5b,immunogenicity,0.770210564137,higher,predicted
zhao-vaccine-3626f70f7a07035f,DeepImmuno-CNN,1.0@df42ac5b,immunogenicity,0.820145189762,higher,predicted
zhao-vaccine-8cabf7e977217886,DeepImmuno-CNN,1.0@df42ac5b,immunogenicity,0.791043519974,higher,predicted
zhao-vaccine-7228155ba0aa5c5f,DeepImmuno-CNN,1.0@df42ac5b,immunogenicity,,higher,unsupported_length
zhao-vaccine-0ba58e68d7f5133b,DeepImmuno-CNN,1.0@df42ac5b,immunogenicity,,higher,unsupported_length
zhao-vaccine-e4deb194a1357a71,DeepImmuno-CNN,1.0@df42ac5b,immunogenicity,0.871255874634,higher,predicted
zhao-vaccine-19c376b64f0b1de2,DeepImmuno-CNN,1.0@df42ac5b,immunogenicity,,higher,unsupported_length
zhao-vaccine-140491b1fa68941f,DeepImmuno-CNN,1.0@df42ac5b,immunogenicity,,higher,unsupported_length
zhao-vaccine-151f78b5a753d106,DeepImmuno-CNN,1.0@df42ac5b,immunogenicity,0.744509100914,higher,predicted
zhao-vaccine-eb0ad728400653ac,DeepImmuno-CNN,1.0@df42ac5b,immunogenicity,,higher,unsupported_hla
zhao-vaccine-99f8df5e12f8b46e,DeepImmuno-CNN,1.0@df42ac5b,immunogenicity,,higher,unsupported_hla
zhao-vaccine-40fbb3f28a53a8a7,DeepImmuno-CNN,1.0@df42ac5b,immunogenicity,0.59940725565,higher,predicted
zhao-vaccine-82a23958d254b203,DeepImmuno-CNN,1.0@df42ac5b,immunogenicity,,higher,unsupported_length
zhao-vaccine-713689999ba72283,DeepImmuno-CNN,1.0@df42ac5b,immunogenicity,0.193540662527,higher,predicted
zhao-vaccine-a575ae6fd2b17237,DeepImmuno-CNN,1.0@df42ac5b,immunogenicity,0.703474223614,higher,predicted
zhao-vaccine-95fd7c896d0867e5,DeepImmuno-CNN,1.0@df42ac5b,immunogenicity,0.565465033054,higher,predicted
zhao-vaccine-d4a4ca1acb79296d,DeepImmuno-CNN,1.0@df42ac5b,immunogenicity,0.790422797203,higher,predicted
zhao-vaccine-c1207e03b56471ef,DeepImmuno-CNN,1.0@df42ac5b,immunogenicity,0.830452442169,higher,predicted
zhao-vaccine-5471c61d183ccb8a,DeepImmuno-CNN,1.0@df42ac5b,immunogenicity,0.649283051491,higher,predicted
zhao-vaccine-3747b31ac9667d99,DeepImmuno-CNN,1.0@df42ac5b,immunogenicity,0.460514962673,higher,predicted
zhao-vaccine-2ac9c0797079a8f8,DeepImmuno-CNN,1.0@df42ac5b,immunogenicity,0.719232738018,higher,predicted
zhao-vaccine-cea4c99c6b575a84,DeepImmuno-CNN,1.0@df42ac5b,immunogenicity,0.729420602322,higher,predicted
zhao-vaccine-c65e76b58623ec6f,DeepImmuno-CNN,1.0@df42ac5b,immunogenicity,0.885237395763,higher,predicted
zhao-vaccine-30cffa2eae82fc65,DeepImmuno-CNN,1.0@df42ac5b,immunogenicity,,higher,unsupported_length
zhao-vaccine-5271e489e168317d,DeepImmuno-CNN,1.0@df42ac5b,immunogenicity,,higher,unsupported_length
zhao-vaccine-c869d0ab10b4d9c8,DeepImmuno-CNN,1.0@df42ac5b,immunogenicity,,higher,unsupported_length
zhao-vaccine-5de825ff36eeb4cd,DeepImmuno-CNN,1.0@df42ac5b,immunogenicity,,higher,unsupported_length
zhao-vaccine-8a1df542b0c6078e,DeepImmuno-CNN,1.0@df42ac5b,immunogenicity,0.807521641254,higher,predicted
zhao-vaccine-b97c99a9a7b58e43,DeepImmuno-CNN,1.0@df42ac5b,immunogenicity,,higher,unsupported_length
zhao-vaccine-eae16822f375c784,DeepImmuno-CNN,1.0@df42ac5b,immunogenicity,0.950945973396,higher,predicted
zhao-vaccine-84d0fd643fa679a7,DeepImmuno-CNN,1.0@df42ac5b,immunogenicity,,higher,unsupported_hla
zhao-vaccine-47c911d1a48723c2,DeepImmuno-CNN,1.0@df42ac5b,immunogenicity,,higher,unsupported_length
zhao-vaccine-00a60dae88e48c26,DeepImmuno-CNN,1.0@df42ac5b,immunogenicity,0.951027393341,higher,predicted
zhao-vaccine-d8a8dac7ed33ad24,DeepImmuno-CNN,1.0@df42ac5b,immunogenicity,,higher,unsupported_hla
zhao-vaccine-1f30d870df77aaaf,DeepImmuno-CNN,1.0@df42ac5b,immunogenicity,0.883410990238,higher,predicted
zhao-vaccine-d2ce7cae6d60843b,DeepImmuno-CNN,1.0@df42ac5b,immunogenicity,,higher,unsupported_length
zhao-vaccine-9041951216454b7e,DeepImmuno-CNN,1.0@df42ac5b,immunogenicity,,higher,unsupported_length
zhao-vaccine-30d18a9534ed46fd,DeepImmuno-CNN,1.0@df42ac5b,immunogenicity,0.807505965233,higher,predicted
zhao-vaccine-0694786ec4b3bbc4,DeepImmuno-CNN,1.0@df42ac5b,immunogenicity,0.349067509174,higher,predicted
zhao-vaccine-20ff43cf2c8610ca,DeepImmuno-CNN,1.0@df42ac5b,immunogenicity,0.898514926434,higher,predicted
zhao-vaccine-022a87c5e80b550a,DeepImmuno-CNN,1.0@df42ac5b,immunogenicity,0.946883022785,higher,predicted
zhao-vaccine-3dbb935d8070d9d5,DeepImmuno-CNN,1.0@df42ac5b,immunogenicity,0.336693227291,higher,predicted
zhao-vaccine-0702ce1c17bfdb8a,DeepImmuno-CNN,1.0@df42ac5b,immunogenicity,0.979845821857,higher,predicted
zhao-vaccine-c35a927cccb1663e,DeepImmuno-CNN,1.0@df42ac5b,immunogenicity,0.720751345158,higher,predicted
zhao-vaccine-60384e36ea732f65,DeepImmuno-CNN,1.0@df42ac5b,immunogenicity,0.525287151337,higher,predicted
zhao-vaccine-e78c9fc98da01c4d,DeepImmuno-CNN,1.0@df42ac5b,immunogenicity,,higher,unsupported_length
zhao-vaccine-150c426926b7bf2c,DeepImmuno-CNN,1.0@df42ac5b,immunogenicity,0.985771298409,higher,predicted
zhao-vaccine-6862cd4e653c1828,DeepImmuno-CNN,1.0@df42ac5b,immunogenicity,,higher,unsupported_length
zhao-vaccine-5906d463321eec30,DeepImmuno-CNN,1.0@df42ac5b,immunogenicity,0.681259691715,higher,predicted
zhao-vaccine-d838759e43906b9e,DeepImmuno-CNN,1.0@df42ac5b,immunogenicity,,higher,unsupported_hla
zhao-vaccine-f56a3859d007d5ea,DeepImmuno-CNN,1.0@df42ac5b,immunogenicity,,higher,unsupported_length
zhao-vaccine-8dad62203483ce1a,DeepImmuno-CNN,1.0@df42ac5b,immunogenicity,,higher,unsupported_length
zhao-vaccine-0297677f678e6640,DeepImmuno-CNN,1.0@df42ac5b,immunogenicity,,higher,unsupported_length
zhao-vaccine-0cc663f1083811c9,DeepImmuno-CNN,1.0@df42ac5b,immunogenicity,,higher,unsupported_length
zhao-vaccine-234211c4399c1179,DeepImmuno-CNN,1.0@df42ac5b,immunogenicity,0.900366663933,higher,predicted
zhao-vaccine-70b77e7605ec1014,DeepImmuno-CNN,1.0@df42ac5b,immunogenicity,,higher,unsupported_length
zhao-vaccine-94637f4b40db0bae,DeepImmuno-CNN,1.0@df42ac5b,immunogenicity,0.89648360014,higher,predicted
zhao-vaccine-8df3abe30ada419b,DeepImmuno-CNN,1.0@df42ac5b,immunogenicity,,higher,unsupported_length
zhao-vaccine-1349900b079f91d5,DeepImmuno-CNN,1.0@df42ac5b,immunogenicity,0.741484045982,higher,predicted
zhao-vaccine-180865673008432f,DeepImmuno-CNN,1.0@df42ac5b,immunogenicity,0.740708351135,higher,predicted
zhao-vaccine-59d5c53567b1f4e7,DeepImmuno-CNN,1.0@df42ac5b,immunogenicity,,higher,unsupported_length
zhao-vaccine-9237ce7aebed61e3,DeepImmuno-CNN,1.0@df42ac5b,immunogenicity,,higher,unsupported_length
zhao-vaccine-ef3ae58ddf2195b0,DeepImmuno-CNN,1.0@df42ac5b,immunogenicity,,higher,unsupported_length
zhao-vaccine-c8db98bd41f0a9df,DeepImmuno-CNN,1.0@df42ac5b,immunogenicity,,higher,unsupported_hla
zhao-vaccine-37e68b546abd5711,DeepImmuno-CNN,1.0@df42ac5b,immunogenicity,,higher,unsupported_length
zhao-vaccine-645528354f0b9832,DeepImmuno-CNN,1.0@df42ac5b,immunogenicity,,higher,unsupported_length
zhao-vaccine-06ac4a5ed97705c5,DeepImmuno-CNN,1.0@df42ac5b,immunogenicity,0.850584864616,higher,predicted
zhao-vaccine-cdc58305626f8a76,DeepImmuno-CNN,1.0@df42ac5b,immunogenicity,0.80559694767,higher,predicted
zhao-vaccine-1bb5454d726123c4,DeepImmuno-CNN,1.0@df42ac5b,immunogenicity,,higher,unsupported_length
zhao-vaccine-fc412ba0fecbdccb,DeepImmuno-CNN,1.0@df42ac5b,immunogenicity,0.72763890028,higher,predicted
zhao-vaccine-dc825f8473ec39fd,DeepImmuno-CNN,1.0@df42ac5b,immunogenicity,,higher,unsupported_length
zhao-vaccine-df4c8617f3823d34,DeepImmuno-CNN,1.0@df42ac5b,immunogenicity,0.860923886299,higher,predicted
zhao-vaccine-5536d9cd51935a7c,DeepImmuno-CNN,1.0@df42ac5b,immunogenicity,,higher,unsupported_hla
zhao-vaccine-b38adf1a34a10357,DeepImmuno-CNN,1.0@df42ac5b,immunogenicity,,higher,unsupported_length
zhao-vaccine-aaddee91634b4a65,DeepImmuno-CNN,1.0@df42ac5b,immunogenicity,,higher,unsupported_hla
zhao-vaccine-3fefaf7cf6c662cd,DeepImmuno-CNN,1.0@df42ac5b,immunogenicity,,higher,unsupported_length
zhao-vaccine-6628e04f9ddbfbf6,DeepImmuno-CNN,1.0@df42ac5b,immunogenicity,0.6605296731,higher,predicted
zhao-vaccine-28b6cea5f1f503f6,DeepImmuno-CNN,1.0@df42ac5b,immunogenicity,0.588205754757,higher,predicted
zhao-vaccine-7a5eaeb9f38eb2a5,DeepImmuno-CNN,1.0@df42ac5b,immunogenicity,,higher,unsupported_length
zhao-vaccine-4634de9646f305ec,DeepImmuno-CNN,1.0@df42ac5b,immunogenicity,0.509091377258,higher,predicted
zhao-vaccine-7afd3356d2ec51b0,DeepImmuno-CNN,1.0@df42ac5b,immunogenicity,,higher,unsupported_length
zhao-vaccine-fefd263d2f7f6e4b,DeepImmuno-CNN,1.0@df42ac5b,immunogenicity,0.963125884533,higher,predicted
zhao-vaccine-006db7f66708b833,DeepImmuno-CNN,1.0@df42ac5b,immunogenicity,,higher,unsupported_length
zhao-vaccine-546e2eb178b315b1,DeepImmuno-CNN,1.0@df42ac5b,immunogenicity,,higher,unsupported_hla
zhao-vaccine-40088cdb03109f67,DeepImmuno-CNN,1.0@df42ac5b,immunogenicity,,higher,unsupported_hla
zhao-vaccine-1e1164e9839091cb,DeepImmuno-CNN,1.0@df42ac5b,immunogenicity,,higher,unsupported_length
zhao-vaccine-52757f62ded011a3,DeepImmuno-CNN,1.0@df42ac5b,immunogenicity,,higher,unsupported_length
zhao-vaccine-8ea5312eb0adff73,DeepImmuno-CNN,1.0@df42ac5b,immunogenicity,,higher,unsupported_length
zhao-vaccine-f1dce5f301e2336e,DeepImmuno-CNN,1.0@df42ac5b,immunogenicity,,higher,unsupported_length
zhao-vaccine-35a88421aeb0c758,DeepImmuno-CNN,1.0@df42ac5b,immunogenicity,,higher,unsupported_length
zhao-vaccine-f147d872726839fc,DeepImmuno-CNN,1.0@df42ac5b,immunogenicity,,higher,unsupported_length
zhao-vaccine-b0eda9d86c2022bb,DeepImmuno-CNN,1.0@df42ac5b,immunogenicity,0.82109773159,higher,predicted
zhao-vaccine-5cddd1e998209590,DeepImmuno-CNN,1.0@df42ac5b,immunogenicity,0.681259691715,higher,predicted
zhao-vaccine-eb8ee542e0e4abb0,DeepImmuno-CNN,1.0@df42ac5b,immunogenicity,0.737457215786,higher,predicted
zhao-vaccine-9cbc55f563fa4d7c,DeepImmuno-CNN,1.0@df42ac5b,immunogenicity,,higher,unsupported_length
zhao-vaccine-839fc7d85c2fdcb0,DeepImmuno-CNN,1.0@df42ac5b,immunogenicity,,higher,unsupported_length
zhao-vaccine-0937ca06052a3e32,DeepImmuno-CNN,1.0@df42ac5b,immunogenicity,,higher,unsupported_length
zhao-vaccine-a9b2ef34a4a4f738,DeepImmuno-CNN,1.0@df42ac5b,immunogenicity,0.694796204567,higher,predicted
zhao-vaccine-fcec977a276bdf8c,DeepImmuno-CNN,1.0@df42ac5b,immunogenicity,0.291309177876,higher,predicted
zhao-vaccine-7a09b470d60c0895,DeepImmuno-CNN,1.0@df42ac5b,immunogenicity,0.926727056503,higher,predicted
zhao-vaccine-3372d006c19f3cc4,DeepImmuno-CNN,1.0@df42ac5b,immunogenicity,,higher,unsupported_length
zhao-vaccine-b40b1b13f33fc0c2,DeepImmuno-CNN,1.0@df42ac5b,immunogenicity,0.628425717354,higher,predicted
zhao-vaccine-45cb7fbedbb1c0c3,DeepImmuno-CNN,1.0@df42ac5b,immunogenicity,0.921159803867,higher,predicted
zhao-vaccine-b349d9cfc662fc3f,DeepImmuno-CNN,1.0@df42ac5b,immunogenicity,,higher,unsupported_length
zhao-vaccine-ff806cde4c5e99e1,DeepImmuno-CNN,1.0@df42ac5b,immunogenicity,,higher,unsupported_length
zhao-vaccine-1206dc3feba6e30e,DeepImmuno-CNN,1.0@df42ac5b,immunogenicity,,higher,unsupported_length
zhao-vaccine-90351014ab7f9ef2,DeepImmuno-CNN,1.0@df42ac5b,immunogenicity,,higher,unsupported_length
zhao-vaccine-b012698f34ee7444,DeepImmuno-CNN,1.0@df42ac5b,immunogenicity,,higher,unsupported_length
zhao-vaccine-a2d6b5d52e8e2a06,DeepImmuno-CNN,1.0@df42ac5b,immunogenicity,,higher,unsupported_length
zhao-vaccine-2a55b2b506873138,DeepImmuno-CNN,1.0@df42ac5b,immunogenicity,0.705921113491,higher,predicted
zhao-vaccine-0a4af062d10dde2c,DeepImmuno-CNN,1.0@df42ac5b,immunogenicity,,higher,unsupported_length
zhao-vaccine-ba1d65802cd3eaf9,DeepImmuno-CNN,1.0@df42ac5b,immunogenicity,,higher,unsupported_length
zhao-vaccine-6632872a0b3e448c,DeepImmuno-CNN,1.0@df42ac5b,immunogenicity,,higher,unsupported_length
zhao-vaccine-0179e24f8724c4a2,DeepImmuno-CNN,1.0@df42ac5b,immunogenicity,0.762535274029,higher,predicted
zhao-vaccine-7ba3cb1c854964c6,DeepImmuno-CNN,1.0@df42ac5b,immunogenicity,0.758925259113,higher,predicted
zhao-vaccine-763cda9e0bb31298,DeepImmuno-CNN,1.0@df42ac5b,immunogenicity,,higher,unsupported_length
zhao-vaccine-e22b469e68254879,DeepImmuno-CNN,1.0@df42ac5b,immunogenicity,0.819863557816,higher,predicted
zhao-vaccine-44063f3c8fb4dcf5,DeepImmuno-CNN,1.0@df42ac5b,immunogenicity,,higher,unsupported_length
zhao-vaccine-d2cfccf2ae541c09,DeepImmuno-CNN,1.0@df42ac5b,immunogenicity,,higher,unsupported_length
zhao-vaccine-64773930bac26b74,DeepImmuno-CNN,1.0@df42ac5b,immunogenicity,,higher,unsupported_length
zhao-vaccine-baa1ccdf328ebe08,DeepImmuno-CNN,1.0@df42ac5b,immunogenicity,0.527872145176,higher,predicted
zhao-vaccine-8bcd58c46c00f5e3,DeepImmuno-CNN,1.0@df42ac5b,immunogenicity,0.275764703751,higher,predicted
zhao-vaccine-f3de3519292f9040,DeepImmuno-CNN,1.0@df42ac5b,immunogenicity,,higher,unsupported_length
zhao-vaccine-aaab17ba46dc2729,DeepImmuno-CNN,1.0@df42ac5b,immunogenicity,0.511118590832,higher,predicted
zhao-vaccine-dc8bf0863af81f55,DeepImmuno-CNN,1.0@df42ac5b,immunogenicity,,higher,unsupported_length
zhao-vaccine-aef7322119dad1c7,DeepImmuno-CNN,1.0@df42ac5b,immunogenicity,,higher,unsupported_length
zhao-vaccine-ec94cc88e5d47778,DeepImmuno-CNN,1.0@df42ac5b,immunogenicity,,higher,unsupported_length
zhao-vaccine-0e08c8e41a1fd3bc,DeepImmuno-CNN,1.0@df42ac5b,immunogenicity,0.722368657589,higher,predicted
zhao-vaccine-1592302bf61f7835,DeepImmuno-CNN,1.0@df42ac5b,immunogenicity,,higher,unsupported_length
zhao-vaccine-d94a4ac63f944c6b,DeepImmuno-CNN,1.0@df42ac5b,immunogenicity,0.50554394722,higher,predicted
zhao-vaccine-c483b1de01ead533,DeepImmuno-CNN,1.0@df42ac5b,immunogenicity,0.717451632023,higher,predicted
zhao-vaccine-9e8fc39d95a40a1f,DeepImmuno-CNN,1.0@df42ac5b,immunogenicity,0.543949842453,higher,predicted
zhao-vaccine-6363fe1dd915ea5b,DeepImmuno-CNN,1.0@df42ac5b,immunogenicity,,higher,unsupported_length
zhao-vaccine-cd64b4192a9c9894,DeepImmuno-CNN,1.0@df42ac5b,immunogenicity,,higher,unsupported_hla
zhao-vaccine-d1371927058a5898,DeepImmuno-CNN,1.0@df42ac5b,immunogenicity,0.368074685335,higher,predicted
zhao-vaccine-0d7bb9929488898f,DeepImmuno-CNN,1.0@df42ac5b,immunogenicity,0.351728200912,higher,predicted
zhao-vaccine-3679fae15754e273,DeepImmuno-CNN,1.0@df42ac5b,immunogenicity,0.266170322895,higher,predicted
zhao-vaccine-a33ee1dd3b2f09a1,DeepImmuno-CNN,1.0@df42ac5b,immunogenicity,,higher,unsupported_length
zhao-vaccine-112f4a88e10feba3,DeepImmuno-CNN,1.0@df42ac5b,immunogenicity,0.425868272781,higher,predicted
zhao-vaccine-51e00233f3f7e7ca,DeepImmuno-CNN,1.0@df42ac5b,immunogenicity,,higher,unsupported_length
zhao-vaccine-a891cfc889051ef8,DeepImmuno-CNN,1.0@df42ac5b,immunogenicity,,higher,unsupported_length
zhao-vaccine-38e000addf6f4701,DeepImmuno-CNN,1.0@df42ac5b,immunogenicity,,higher,unsupported_length
zhao-vaccine-a8ebe5e94913fd30,DeepImmuno-CNN,1.0@df42ac5b,immunogenicity,,higher,unsupported_length
zhao-vaccine-ba8ad90e15f22284,DeepImmuno-CNN,1.0@df42ac5b,immunogenicity,,higher,unsupported_length
zhao-vaccine-a825adb3986d85b1,DeepImmuno-CNN,1.0@df42ac5b,immunogenicity,,higher,unsupported_length
zhao-vaccine-d73b9d3454d5e3ba,DeepImmuno-CNN,1.0@df42ac5b,immunogenicity,0.920837640762,higher,predicted
zhao-vaccine-098597d31e02ff18,DeepImmuno-CNN,1.0@df42ac5b,immunogenicity,,higher,unsupported_hla
zhao-vaccine-e17001ee68f8b2b6,DeepImmuno-CNN,1.0@df42ac5b,immunogenicity,,higher,unsupported_length
zhao-vaccine-3821bcfab49c8dda,DeepImmuno-CNN,1.0@df42ac5b,immunogenicity,0.900379300117,higher,predicted
zhao-vaccine-b5376bbf72b75a70,DeepImmuno-CNN,1.0@df42ac5b,immunogenicity,,higher,unsupported_hla
zhao-vaccine-8ce3e00395eaa80f,DeepImmuno-CNN,1.0@df42ac5b,immunogenicity,,higher,unsupported_hla
zhao-vaccine-6fe2d12f3351fe80,DeepImmuno-CNN,1.0@df42ac5b,immunogenicity,,higher,unsupported_length
zhao-vaccine-e6aa519622814498,DeepImmuno-CNN,1.0@df42ac5b,immunogenicity,,higher,unsupported_length
zhao-vaccine-28680df863991b81,DeepImmuno-CNN,1.0@df42ac5b,immunogenicity,,higher,unsupported_hla
zhao-vaccine-3a04d026d8ca0c16,DeepImmuno-CNN,1.0@df42ac5b,immunogenicity,,higher,unsupported_length
zhao-vaccine-8fa00450fd1bd1ea,DeepImmuno-CNN,1.0@df42ac5b,immunogenicity,,higher,unsupported_length
zhao-vaccine-902524f8714db0a0,DeepImmuno-CNN,1.0@df42ac5b,immunogenicity,,higher,unsupported_length
zhao-vaccine-166f9c9be7a28013,DeepImmuno-CNN,1.0@df42ac5b,immunogenicity,,higher,unsupported_length
zhao-vaccine-d4e4cbda7eddf547,DeepImmuno-CNN,1.0@df42ac5b,immunogenicity,,higher,unsupported_length
zhao-vaccine-1228c02b9ebad53d,DeepImmuno-CNN,1.0@df42ac5b,immunogenicity,,higher,unsupported_length
zhao-vaccine-16bae7dd6fe15f00,DeepImmuno-CNN,1.0@df42ac5b,immunogenicity,,higher,unsupported_length
zhao-vaccine-85cf428a5750ca1a,DeepImmuno-CNN,1.0@df42ac5b,immunogenicity,,higher,unsupported_length
zhao-vaccine-33fd6104c0ed9ad5,DeepImmuno-CNN,1.0@df42ac5b,immunogenicity,,higher,unsupported_length
zhao-vaccine-4baf337f7a2317cd,DeepImmuno-CNN,1.0@df42ac5b,immunogenicity,,higher,unsupported_length
zhao-vaccine-77cc94148cfef17a,DeepImmuno-CNN,1.0@df42ac5b,immunogenicity,,higher,unsupported_length
zhao-vaccine-ec860c1541ddf880,DeepImmuno-CNN,1.0@df42ac5b,immunogenicity,,higher,unsupported_length
zhao-vaccine-ff0e778a62e2c15f,DeepImmuno-CNN,1.0@df42ac5b,immunogenicity,,higher,unsupported_length
zhao-vaccine-cfb615fd7a59e172,DeepImmuno-CNN,1.0@df42ac5b,immunogenicity,,higher,unsupported_hla
zhao-vaccine-0bae040f7ad64682,DeepImmuno-CNN,1.0@df42ac5b,immunogenicity,,higher,unsupported_length
zhao-vaccine-0cf5974c881fdb74,DeepImmuno-CNN,1.0@df42ac5b,immunogenicity,,higher,unsupported_length
zhao-vaccine-c80f6f094b695166,DeepImmuno-CNN,1.0@df42ac5b,immunogenicity,,higher,unsupported_length
zhao-vaccine-bed24addf506ce34,DeepImmuno-CNN,1.0@df42ac5b,immunogenicity,,higher,unsupported_length
zhao-vaccine-dfdd9ca8c63955a9,DeepImmuno-CNN,1.0@df42ac5b,immunogenicity,0.147856473923,higher,predicted
zhao-vaccine-132b0e1662304a94,DeepImmuno-CNN,1.0@df42ac5b,immunogenicity,,higher,unsupported_length
zhao-vaccine-f1a49243ae0c64e6,DeepImmuno-CNN,1.0@df42ac5b,immunogenicity,,higher,unsupported_length
zhao-vaccine-fa380ed85f15cc2e,DeepImmuno-CNN,1.0@df42ac5b,immunogenicity,,higher,unsupported_length
zhao-vaccine-1dfd583f79b300b6,DeepImmuno-CNN,1.0@df42ac5b,immunogenicity,0.904120445251,higher,predicted
zhao-vaccine-b1ac9f609618f8ca,DeepImmuno-CNN,1.0@df42ac5b,immunogenicity,0.674861490726,higher,predicted
zhao-vaccine-fb673980ce81a692,DeepImmuno-CNN,1.0@df42ac5b,immunogenicity,0.803979098797,higher,predicted
zhao-vaccine-bc737e82b758fa39,DeepImmuno-CNN,1.0@df42ac5b,immunogenicity,0.63733792305,higher,predicted
zhao-vaccine-6e7ce227f1e7e95c,DeepImmuno-CNN,1.0@df42ac5b,immunogenicity,,higher,unsupported_length
zhao-vaccine-c85c158e98c6d4ce,DeepImmuno-CNN,1.0@df42ac5b,immunogenicity,,higher,unsupported_hla
zhao-vaccine-b5643709e76f41a2,DeepImmuno-CNN,1.0@df42ac5b,immunogenicity,,higher,unsupported_hla
zhao-vaccine-c324908cc731511f,DeepImmuno-CNN,1.0@df42ac5b,immunogenicity,0.437369167805,higher,predicted
zhao-vaccine-e26babc136986b5c,DeepImmuno-CNN,1.0@df42ac5b,immunogenicity,0.631399989128,higher,predicted
zhao-vaccine-ed76349c9e2dd472,DeepImmuno-CNN,1.0@df42ac5b,immunogenicity,0.55452132225,higher,predicted
zhao-vaccine-f46f09dbc700467c,DeepImmuno-CNN,1.0@df42ac5b,immunogenicity,,higher,unsupported_length
zhao-vaccine-43909cc41eef52d8,DeepImmuno-CNN,1.0@df42ac5b,immunogenicity,,higher,unsupported_length
zhao-vaccine-9ff097726bf7df82,DeepImmuno-CNN,1.0@df42ac5b,immunogenicity,,higher,unsupported_length
zhao-vaccine-07cc120068811e93,DeepImmuno-CNN,1.0@df42ac5b,immunogenicity,,higher,unsupported_hla
zhao-vaccine-cb6e9da5baefeef6,DeepImmuno-CNN,1.0@df42ac5b,immunogenicity,0.888853430748,higher,predicted
zhao-vaccine-e42e79bfabd35285,DeepImmuno-CNN,1.0@df42ac5b,immunogenicity,,higher,unsupported_hla
zhao-vaccine-eb11477b0efd0a9d,DeepImmuno-CNN,1.0@df42ac5b,immunogenicity,0.658399343491,higher,predicted
zhao-vaccine-aba286679a3af33b,DeepImmuno-CNN,1.0@df42ac5b,immunogenicity,0.723427951336,higher,predicted
zhao-vaccine-e001077a510ea0ab,DeepImmuno-CNN,1.0@df42ac5b,immunogenicity,0.735110163689,higher,predicted
zhao-vaccine-8aedb3da06ef5aa9,DeepImmuno-CNN,1.0@df42ac5b,immunogenicity,0.780356585979,higher,predicted
zhao-vaccine-4f3da3709e858594,DeepImmuno-CNN,1.0@df42ac5b,immunogenicity,0.700195670128,higher,predicted
zhao-vaccine-66cf6b1fcec64658,DeepImmuno-CNN,1.0@df42ac5b,immunogenicity,0.579677402973,higher,predicted
zhao-vaccine-110f8acbe4b1fca8,DeepImmuno-CNN,1.0@df42ac5b,immunogenicity,,higher,unsupported_length
zhao-vaccine-e9a46f9004af1a7e,DeepImmuno-CNN,1.0@df42ac5b,immunogenicity,0.791469931602,higher,predicted
zhao-vaccine-e2051480d50651a1,DeepImmuno-CNN,1.0@df42ac5b,immunogenicity,0.682366371155,higher,predicted
zhao-vaccine-d8c68ff39c6d67bc,DeepImmuno-CNN,1.0@df42ac5b,immunogenicity,,higher,unsupported_length
zhao-vaccine-bbd81a245bdb6a53,DeepImmuno-CNN,1.0@df42ac5b,immunogenicity,0.909117460251,higher,predicted
zhao-vaccine-92fd5241864b220f,DeepImmuno-CNN,1.0@df42ac5b,immunogenicity,,higher,unsupported_length
zhao-vaccine-5d33fb0ff018fbe9,DeepImmuno-CNN,1.0@df42ac5b,immunogenicity,0.909117460251,higher,predicted
zhao-vaccine-8ee91c6641ca1ff0,DeepImmuno-CNN,1.0@df42ac5b,immunogenicity,,higher,unsupported_length
zhao-vaccine-9d3f40a0956a4e9d,DeepImmuno-CNN,1.0@df42ac5b,immunogenicity,0.841526925564,higher,predicted
zhao-vaccine-9901cb3a4b27ed5a,DeepImmuno-CNN,1.0@df42ac5b,immunogenicity,,higher,unsupported_length
zhao-vaccine-4b07864e3140705d,DeepImmuno-CNN,1.0@df42ac5b,immunogenicity,,higher,unsupported_length
zhao-vaccine-110db05232ea3082,DeepImmuno-CNN,1.0@df42ac5b,immunogenicity,0.373050183058,higher,predicted
zhao-vaccine-e4d2b521029f4c75,DeepImmuno-CNN,1.0@df42ac5b,immunogenicity,,higher,unsupported_length
zhao-vaccine-a282ba8a7a06086e,DeepImmuno-CNN,1.0@df42ac5b,immunogenicity,0.764396131039,higher,predicted
zhao-vaccine-77c18644e2932fb6,DeepImmuno-CNN,1.0@df42ac5b,immunogenicity,0.220460057259,higher,predicted
zhao-vaccine-aa1cd6de21c627b5,DeepImmuno-CNN,1.0@df42ac5b,immunogenicity,0.40169352293,higher,predicted
zhao-vaccine-bc68d3539269548a,DeepImmuno-CNN,1.0@df42ac5b,immunogenicity,0.670093178749,higher,predicted
zhao-vaccine-1eec771665f33903,DeepImmuno-CNN,1.0@df42ac5b,immunogenicity,,higher,unsupported_length
zhao-vaccine-594e87b0587a9e9f,DeepImmuno-CNN,1.0@df42ac5b,immunogenicity,,higher,unsupported_length
zhao-vaccine-04b4770698a2974e,DeepImmuno-CNN,1.0@df42ac5b,immunogenicity,,higher,unsupported_hla
zhao-vaccine-c58e108dfd64cbc0,DeepImmuno-CNN,1.0@df42ac5b,immunogenicity,,higher,unsupported_hla
zhao-vaccine-d92517974d4f3f89,DeepImmuno-CNN,1.0@df42ac5b,immunogenicity,,higher,unsupported_hla
zhao-vaccine-6e32a3a4d24b8733,DeepImmuno-CNN,1.0@df42ac5b,immunogenicity,,higher,unsupported_length
zhao-vaccine-0b28e737575328f2,DeepImmuno-CNN,1.0@df42ac5b,immunogenicity,,higher,unsupported_hla
zhao-vaccine-cffd74d560631564,DeepImmuno-CNN,1.0@df42ac5b,immunogenicity,,higher,unsupported_length
zhao-vaccine-65b6f9f578d64a3a,DeepImmuno-CNN,1.0@df42ac5b,immunogenicity,,higher,unsupported_length
zhao-vaccine-83583be375927df6,DeepImmuno-CNN,1.0@df42ac5b,immunogenicity,,higher,unsupported_length
zhao-vaccine-f8a95121fa99348f,DeepImmuno-CNN,1.0@df42ac5b,immunogenicity,,higher,unsupported_length
zhao-vaccine-65db3d80fa5b7e99,DeepImmuno-CNN,1.0@df42ac5b,immunogenicity,,higher,unsupported_hla
zhao-vaccine-3db26662dded174b,DeepImmuno-CNN,1.0@df42ac5b,immunogenicity,,higher,unsupported_length
zhao-vaccine-ecca5c8d455577b7,DeepImmuno-CNN,1.0@df42ac5b,immunogenicity,0.630542099476,higher,predicted
zhao-vaccine-a939cdd1e64517db,DeepImmuno-CNN,1.0@df42ac5b,immunogenicity,,higher,unsupported_length
zhao-vaccine-3a91b0412741607d,DeepImmuno-CNN,1.0@df42ac5b,immunogenicity,,higher,unsupported_length
zhao-vaccine-950d323708c0c079,DeepImmuno-CNN,1.0@df42ac5b,immunogenicity,0.187601417303,higher,predicted
zhao-vaccine-0fbf25678eb746d0,DeepImmuno-CNN,1.0@df42ac5b,immunogenicity,0.790334165096,higher,predicted
zhao-vaccine-357ed390ee7d1fdc,DeepImmuno-CNN,1.0@df42ac5b,immunogenicity,,higher,unsupported_length
zhao-vaccine-240e01cc8bb465d9,DeepImmuno-CNN,1.0@df42ac5b,immunogenicity,,higher,unsupported_hla
zhao-vaccine-2f2100d375af7d5a,DeepImmuno-CNN,1.0@df42ac5b,immunogenicity,,higher,unsupported_hla
zhao-vaccine-afe0dec4eb28ae10,DeepImmuno-CNN,1.0@df42ac5b,immunogenicity,0.776063680649,higher,predicted
zhao-vaccine-936805b3da156177,DeepImmuno-CNN,1.0@df42ac5b,immunogenicity,0.834615707397,higher,predicted
zhao-vaccine-424685eefad90556,DeepImmuno-CNN,1.0@df42ac5b,immunogenicity,,higher,unsupported_length
zhao-vaccine-76a4efdae6a914b3,DeepImmuno-CNN,1.0@df42ac5b,immunogenicity,0.654886126518,higher,predicted
zhao-vaccine-36426fe45a930122,DeepImmuno-CNN,1.0@df42ac5b,immunogenicity,,higher,unsupported_length
zhao-vaccine-f747b2b51cfbabad,DeepImmuno-CNN,1.0@df42ac5b,immunogenicity,,higher,unsupported_length
zhao-vaccine-27e1a9e9e35414a7,DeepImmuno-CNN,1.0@df42ac5b,immunogenicity,,higher,unsupported_length
zhao-vaccine-404d7ce39ecf59f9,DeepImmuno-CNN,1.0@df42ac5b,immunogenicity,0.786968767643,higher,predicted
zhao-vaccine-8065b928ecd8e7f8,DeepImmuno-CNN,1.0@df42ac5b,immunogenicity,,higher,unsupported_length
zhao-vaccine-ad459a5f33f3e1a8,DeepImmuno-CNN,1.0@df42ac5b,immunogenicity,,higher,unsupported_length
zhao-vaccine-d09e210ef6ab7eb3,DeepImmuno-CNN,1.0@df42ac5b,immunogenicity,0.822200596333,higher,predicted
zhao-vaccine-aa2c1bda5b31a11f,DeepImmuno-CNN,1.0@df42ac5b,immunogenicity,,higher,unsupported_length
zhao-vaccine-3fbf3551139b5a42,DeepImmuno-CNN,1.0@df42ac5b,immunogenicity,0.224263459444,higher,predicted
zhao-vaccine-1e95a45f3420bc91,DeepImmuno-CNN,1.0@df42ac5b,immunogenicity,0.531672179699,higher,predicted
zhao-vaccine-2bac15822f4621cb,DeepImmuno-CNN,1.0@df42ac5b,immunogenicity,0.487970024347,higher,predicted
zhao-vaccine-bbc17f4dc4d180d2,DeepImmuno-CNN,1.0@df42ac5b,immunogenicity,,higher,unsupported_length
zhao-vaccine-a1819a144253c3e6,DeepImmuno-CNN,1.0@df42ac5b,immunogenicity,,higher,unsupported_length
zhao-vaccine-073cca260922bb4f,DeepImmuno-CNN,1.0@df42ac5b,immunogenicity,,higher,unsupported_hla
zhao-vaccine-126571c60a679ff2,DeepImmuno-CNN,1.0@df42ac5b,immunogenicity,,higher,unsupported_hla
zhao-vaccine-53cc5e2c52609258,DeepImmuno-CNN,1.0@df42ac5b,immunogenicity,0.829374492168,higher,predicted
zhao-vaccine-4fd86bb638616a00,DeepImmuno-CNN,1.0@df42ac5b,immunogenicity,0.945348978043,higher,predicted
zhao-vaccine-093e4d37b1ecc877,DeepImmuno-CNN,1.0@df42ac5b,immunogenicity,,higher,unsupported_length
zhao-vaccine-0c1b41d2765f72e0,DeepImmuno-CNN,1.0@df42ac5b,immunogenicity,,higher,unsupported_hla
zhao-vaccine-d266d1821cd62f33,DeepImmuno-CNN,1.0@df42ac5b,immunogenicity,0.924169480801,higher,predicted
zhao-vaccine-e435197463fe5b7c,DeepImmuno-CNN,1.0@df42ac5b,immunogenicity,0.355494141579,higher,predicted
zhao-vaccine-c6f922bd7724668d,DeepImmuno-CNN,1.0@df42ac5b,immunogenicity,0.736891806126,higher,predicted
zhao-vaccine-3861173c349a7587,DeepImmuno-CNN,1.0@df42ac5b,immunogenicity,,higher,unsupported_length
zhao-vaccine-52a2e78b51a70337,DeepImmuno-CNN,1.0@df42ac5b,immunogenicity,,higher,unsupported_length
zhao-vaccine-8fac527caef104e1,DeepImmuno-CNN,1.0@df42ac5b,immunogenicity,,higher,unsupported_hla
zhao-vaccine-3d1f8c74d397ed46,DeepImmuno-CNN,1.0@df42ac5b,immunogenicity,,higher,unsupported_length
zhao-vaccine-fee31d8d1b435872,DeepImmuno-CNN,1.0@df42ac5b,immunogenicity,,higher,unsupported_length
zhao-vaccine-a6ce883b480ebf92,DeepImmuno-CNN,1.0@df42ac5b,immunogenicity,,higher,unsupported_length
zhao-vaccine-e5be39d25fc4aeb6,DeepImmuno-CNN,1.0@df42ac5b,immunogenicity,0.575627744198,higher,predicted
zhao-vaccine-bd41813397b358e6,DeepImmuno-CNN,1.0@df42ac5b,immunogenicity,,higher,unsupported_length
zhao-vaccine-886afa53cb6fd290,DeepImmuno-CNN,1.0@df42ac5b,immunogenicity,0.874048709869,higher,predicted
zhao-vaccine-89b2e10bbeb05b74,DeepImmuno-CNN,1.0@df42ac5b,immunogenicity,0.640236139297,higher,predicted
zhao-vaccine-950ce035fa9f7b3e,DeepImmuno-CNN,1.0@df42ac5b,immunogenicity,0.432121694088,higher,predicted
zhao-vaccine-41d4a32ce031bda7,DeepImmuno-CNN,1.0@df42ac5b,immunogenicity,0.860987722874,higher,predicted
zhao-vaccine-a3baeddfcc144f84,DeepImmuno-CNN,1.0@df42ac5b,immunogenicity,0.866995692253,higher,predicted
zhao-vaccine-f41ac392317c1f3c,DeepImmuno-CNN,1.0@df42ac5b,immunogenicity,0.876392424107,higher,predicted
zhao-vaccine-13044e099e8c07a3,DeepImmuno-CNN,1.0@df42ac5b,immunogenicity,0.716994702816,higher,predicted
zhao-vaccine-77ce0dbf21cd2413,DeepImmuno-CNN,1.0@df42ac5b,immunogenicity,,higher,unsupported_length
zhao-vaccine-3a765fcf8cf7cbcd,DeepImmuno-CNN,1.0@df42ac5b,immunogenicity,,higher,unsupported_hla
zhao-vaccine-ee128565ffd955fd,DeepImmuno-CNN,1.0@df42ac5b,immunogenicity,,higher,unsupported_length
zhao-vaccine-50aa884055c16bdc,DeepImmuno-CNN,1.0@df42ac5b,immunogenicity,0.372374534607,higher,predicted
zhao-vaccine-8bfc8433c2db53d0,DeepImmuno-CNN,1.0@df42ac5b,immunogenicity,0.329457610846,higher,predicted
zhao-vaccine-6e57bbd91e448670,DeepImmuno-CNN,1.0@df42ac5b,immunogenicity,,higher,unsupported_length
zhao-vaccine-8ac8c2227e3a36fe,DeepImmuno-CNN,1.0@df42ac5b,immunogenicity,0.942025005817,higher,predicted
zhao-vaccine-ec6e03b4a77258a4,DeepImmuno-CNN,1.0@df42ac5b,immunogenicity,0.771279156208,higher,predicted
zhao-vaccine-3f721116ed966486,DeepImmuno-CNN,1.0@df42ac5b,immunogenicity,0.879216194153,higher,predicted
zhao-vaccine-0ff87130a67a50da,DeepImmuno-CNN,1.0@df42ac5b,immunogenicity,0.948432028294,higher,predicted
zhao-vaccine-ba76e0ea75e6adf0,DeepImmuno-CNN,1.0@df42ac5b,immunogenicity,0.869557142258,higher,predicted
zhao-vaccine-f01a2d38b51af23b,DeepImmuno-CNN,1.0@df42ac5b,immunogenicity,0.827394545078,higher,predicted
zhao-vaccine-cdd84c3ea35dd116,DeepImmuno-CNN,1.0@df42ac5b,immunogenicity,0.478826552629,higher,predicted
zhao-vaccine-9a68cd155d557b58,DeepImmuno-CNN,1.0@df42ac5b,immunogenicity,0.467797040939,higher,predicted
zhao-vaccine-88b886753b3b85e8,DeepImmuno-CNN,1.0@df42ac5b,immunogenicity,0.377750784159,higher,predicted
zhao-vaccine-e7bc5743829b1ff8,DeepImmuno-CNN,1.0@df42ac5b,immunogenicity,0.401279419661,higher,predicted
zhao-vaccine-d3cbe9756a3b5068,DeepImmuno-CNN,1.0@df42ac5b,immunogenicity,0.271308273077,higher,predicted
zhao-vaccine-35398a4ea27add69,DeepImmuno-CNN,1.0@df42ac5b,immunogenicity,,higher,unsupported_length
zhao-vaccine-75838fb2556f29fb,DeepImmuno-CNN,1.0@df42ac5b,immunogenicity,0.386384189129,higher,predicted
zhao-vaccine-fc9f2ef790e4890f,DeepImmuno-CNN,1.0@df42ac5b,immunogenicity,,higher,unsupported_length
zhao-vaccine-f98d7a49c6d35606,DeepImmuno-CNN,1.0@df42ac5b,immunogenicity,,higher,unsupported_length
zhao-vaccine-01c18581bbb4033b,DeepImmuno-CNN,1.0@df42ac5b,immunogenicity,,higher,unsupported_length
zhao-vaccine-9c4d9f5cd8d83848,DeepImmuno-CNN,1.0@df42ac5b,immunogenicity,0.959843456745,higher,predicted
zhao-vaccine-7b47e99c9258d4a3,DeepImmuno-CNN,1.0@df42ac5b,immunogenicity,,higher,unsupported_hla
zhao-vaccine-e96c0f3a45eafbc7,DeepImmuno-CNN,1.0@df42ac5b,immunogenicity,,higher,unsupported_length
zhao-vaccine-65dbbea4d969c167,DeepImmuno-CNN,1.0@df42ac5b,immunogenicity,0.386914104223,higher,predicted
zhao-vaccine-d5c2d92c68c00e44,DeepImmuno-CNN,1.0@df42ac5b,immunogenicity,0.50735616684,higher,predicted
zhao-vaccine-abb8026d5686da7b,DeepImmuno-CNN,1.0@df42ac5b,immunogenicity,,higher,unsupported_hla
zhao-vaccine-49367aefb06d8c31,DeepImmuno-CNN,1.0@df42ac5b,immunogenicity,,higher,unsupported_length
zhao-vaccine-48ca07a27a0067b5,DeepImmuno-CNN,1.0@df42ac5b,immunogenicity,,higher,unsupported_length
zhao-vaccine-6480557c7f803095,DeepImmuno-CNN,1.0@df42ac5b,immunogenicity,,higher,unsupported_length
zhao-vaccine-c8d3f0455cd3ed01,DeepImmuno-CNN,1.0@df42ac5b,immunogenicity,,higher,unsupported_hla
zhao-vaccine-58ce32e861af7792,DeepImmuno-CNN,1.0@df42ac5b,immunogenicity,,higher,unsupported_length
zhao-vaccine-af7867960576ddea,DeepImmuno-CNN,1.0@df42ac5b,immunogenicity,0.773045420647,higher,predicted
zhao-vaccine-d76fe74404e305c1,DeepImmuno-CNN,1.0@df42ac5b,immunogenicity,,higher,unsupported_length
zhao-vaccine-763f2b118fd63fbc,DeepImmuno-CNN,1.0@df42ac5b,immunogenicity,0.400084793568,higher,predicted
zhao-vaccine-883f615fab64dfb8,DeepImmuno-CNN,1.0@df42ac5b,immunogenicity,0.485922396183,higher,predicted
zhao-vaccine-7f7c6490de6c9249,DeepImmuno-CNN,1.0@df42ac5b,immunogenicity,0.471115201712,higher,predicted
zhao-vaccine-123576c9caf5ad31,DeepImmuno-CNN,1.0@df42ac5b,immunogenicity,0.187601417303,higher,predicted
zhao-vaccine-693fd279dc9bb1ec,DeepImmuno-CNN,1.0@df42ac5b,immunogenicity,0.447664856911,higher,predicted
zhao-vaccine-bf2f1d17d58cffd9,DeepImmuno-CNN,1.0@df42ac5b,immunogenicity,0.346270382404,higher,predicted
zhao-vaccine-57f993589faabbec,DeepImmuno-CNN,1.0@df42ac5b,immunogenicity,0.669810295105,higher,predicted
zhao-vaccine-7cd0e9aead6fcaaf,DeepImmuno-CNN,1.0@df42ac5b,immunogenicity,0.52686560154,higher,predicted
zhao-vaccine-22c4363b550164a3,DeepImmuno-CNN,1.0@df42ac5b,immunogenicity,,higher,unsupported_hla
zhao-vaccine-ef38ec39be9860e2,DeepImmuno-CNN,1.0@df42ac5b,immunogenicity,,higher,unsupported_length
zhao-vaccine-61c746584373405e,DeepImmuno-CNN,1.0@df42ac5b,immunogenicity,,higher,unsupported_length
zhao-vaccine-ded69bf99718e3d9,DeepImmuno-CNN,1.0@df42ac5b,immunogenicity,0.941542267799,higher,predicted
zhao-vaccine-a4299c752707339b,DeepImmuno-CNN,1.0@df42ac5b,immunogenicity,,higher,unsupported_length
zhao-vaccine-0cb879fc2ea296cb,DeepImmuno-CNN,1.0@df42ac5b,immunogenicity,,higher,unsupported_length
zhao-vaccine-e96f43fb3732dc73,DeepImmuno-CNN,1.0@df42ac5b,immunogenicity,,higher,unsupported_length
zhao-vaccine-c3a86d4262560250,DeepImmuno-CNN,1.0@df42ac5b,immunogenicity,0.917036294937,higher,predicted
zhao-vaccine-f26d4f2511028545,DeepImmuno-CNN,1.0@df42ac5b,immunogenicity,0.582691609859,higher,predicted
zhao-vaccine-17cd8a70de1f9524,DeepImmuno-CNN,1.0@df42ac5b,immunogenicity,,higher,unsupported_length
zhao-vaccine-53c061a2df04d43f,DeepImmuno-CNN,1.0@df42ac5b,immunogenicity,0.663992881775,higher,predicted
zhao-vaccine-c5c934898c1498c5,DeepImmuno-CNN,1.0@df42ac5b,immunogenicity,0.64982932806,higher,predicted
zhao-vaccine-5469e5b6e273cfe8,DeepImmuno-CNN,1.0@df42ac5b,immunogenicity,,higher,unsupported_length
zhao-vaccine-b66efd8b1004fd38,DeepImmuno-CNN,1.0@df42ac5b,immunogenicity,,higher,unsupported_length
zhao-vaccine-b6672e0ed6cce55b,DeepImmuno-CNN,1.0@df42ac5b,immunogenicity,,higher,unsupported_length
zhao-vaccine-6c96df56c06254f7,DeepImmuno-CNN,1.0@df42ac5b,immunogenicity,0.760999798775,higher,predicted
zhao-vaccine-b3b05f40a5ae38cd,DeepImmuno-CNN,1.0@df42ac5b,immunogenicity,0.878250002861,higher,predicted
zhao-vaccine-a5d6113530ed9ca5,DeepImmuno-CNN,1.0@df42ac5b,immunogenicity,,higher,unsupported_length
zhao-vaccine-9e22e5c4001b2b25,DeepImmuno-CNN,1.0@df42ac5b,immunogenicity,0.988113582134,higher,predicted
zhao-vaccine-a0bffa2e4df419a4,DeepImmuno-CNN,1.0@df42ac5b,immunogenicity,,higher,unsupported_length
zhao-vaccine-a5e12eac44df3654,DeepImmuno-CNN,1.0@df42ac5b,immunogenicity,0.930759489536,higher,predicted
zhao-vaccine-232a4430d93e1e7b,DeepImmuno-CNN,1.0@df42ac5b,immunogenicity,,higher,unsupported_length
zhao-vaccine-d4ee26bee0c7e8f2,DeepImmuno-CNN,1.0@df42ac5b,immunogenicity,0.483113318682,higher,predicted
zhao-vaccine-aac6b4aab80bd17f,DeepImmuno-CNN,1.0@df42ac5b,immunogenicity,,higher,unsupported_length
zhao-vaccine-b986085474b8f378,DeepImmuno-CNN,1.0@df42ac5b,immunogenicity,0.713435292244,higher,predicted
zhao-vaccine-ea33020d7e678e1e,DeepImmuno-CNN,1.0@df42ac5b,immunogenicity,,higher,unsupported_hla
zhao-vaccine-9b32270348e217cb,DeepImmuno-CNN,1.0@df42ac5b,immunogenicity,,higher,unsupported_length
zhao-vaccine-862202bcd03e623d,DeepImmuno-CNN,1.0@df42ac5b,immunogenicity,0.87859082222,higher,predicted
zhao-vaccine-bcc986f5cfd492fe,DeepImmuno-CNN,1.0@df42ac5b,immunogenicity,0.917492449284,higher,predicted
zhao-vaccine-2dbf60795fe422ef,DeepImmuno-CNN,1.0@df42ac5b,immunogenicity,0.956974625587,higher,predicted
zhao-vaccine-9f92d2e098c6dc9d,DeepImmuno-CNN,1.0@df42ac5b,immunogenicity,0.762731075287,higher,predicted
zhao-vaccine-8ee9e17f582aa7b8,DeepImmuno-CNN,1.0@df42ac5b,immunogenicity,,higher,unsupported_length
zhao-vaccine-beb0fc9b184c1e1d,DeepImmuno-CNN,1.0@df42ac5b,immunogenicity,,higher,unsupported_length
zhao-vaccine-1f1412b93ee74c9a,DeepImmuno-CNN,1.0@df42ac5b,immunogenicity,,higher,unsupported_hla
zhao-vaccine-7295facff9a98907,DeepImmuno-CNN,1.0@df42ac5b,immunogenicity,,higher,unsupported_length
zhao-vaccine-4b8b32343d0e1494,DeepImmuno-CNN,1.0@df42ac5b,immunogenicity,,higher,unsupported_length
zhao-vaccine-70ae4c4c65f581b2,DeepImmuno-CNN,1.0@df42ac5b,immunogenicity,,higher,unsupported_hla
zhao-vaccine-740bb4ddd21edc40,DeepImmuno-CNN,1.0@df42ac5b,immunogenicity,,higher,unsupported_length
zhao-vaccine-4085b8c28233ad53,DeepImmuno-CNN,1.0@df42ac5b,immunogenicity,,higher,unsupported_length
zhao-vaccine-bb9240271b41d4eb,DeepImmuno-CNN,1.0@df42ac5b,immunogenicity,,higher,unsupported_length
zhao-vaccine-455522409374bfb4,DeepImmuno-CNN,1.0@df42ac5b,immunogenicity,,higher,unsupported_length
zhao-vaccine-2d9459470e3bfe2c,DeepImmuno-CNN,1.0@df42ac5b,immunogenicity,,higher,unsupported_length
zhao-vaccine-415df34c48d316bb,DeepImmuno-CNN,1.0@df42ac5b,immunogenicity,,higher,unsupported_hla
zhao-vaccine-c32ca0517468f741,DeepImmuno-CNN,1.0@df42ac5b,immunogenicity,,higher,unsupported_length
zhao-vaccine-ac036837e07861b7,DeepImmuno-CNN,1.0@df42ac5b,immunogenicity,,higher,unsupported_length
zhao-vaccine-b8f24bf56b36f946,DeepImmuno-CNN,1.0@df42ac5b,immunogenicity,,higher,unsupported_hla
zhao-vaccine-bde06b90e2aa0b4e,DeepImmuno-CNN,1.0@df42ac5b,immunogenicity,0.610897898674,higher,predicted
zhao-vaccine-bdac5831570297ae,DeepImmuno-CNN,1.0@df42ac5b,immunogenicity,0.252581655979,higher,predicted
zhao-vaccine-942ac5b1216c0403,DeepImmuno-CNN,1.0@df42ac5b,immunogenicity,0.743835330009,higher,predicted
zhao-vaccine-370a499e276d926a,DeepImmuno-CNN,1.0@df42ac5b,immunogenicity,0.651476264,higher,predicted
zhao-vaccine-e72fd9d2772a0882,DeepImmuno-CNN,1.0@df42ac5b,immunogenicity,,higher,unsupported_length
zhao-vaccine-d9ba6ec4cee877d0,DeepImmuno-CNN,1.0@df42ac5b,immunogenicity,0.507401108742,higher,predicted
zhao-vaccine-1b65998e1d51b50f,DeepImmuno-CNN,1.0@df42ac5b,immunogenicity,0.958453714848,higher,predicted
zhao-vaccine-cf2224f1e7653ac5,DeepImmuno-CNN,1.0@df42ac5b,immunogenicity,0.54824078083,higher,predicted
zhao-vaccine-f843d271a421258a,DeepImmuno-CNN,1.0@df42ac5b,immunogenicity,0.365163654089,higher,predicted
zhao-vaccine-f96491cd3971be1f,DeepImmuno-CNN,1.0@df42ac5b,immunogenicity,0.849277794361,higher,predicted
zhao-vaccine-f4f4a8beecf2010b,DeepImmuno-CNN,1.0@df42ac5b,immunogenicity,,higher,unsupported_length
zhao-vaccine-d7bda8f21f9111c6,DeepImmuno-CNN,1.0@df42ac5b,immunogenicity,,higher,unsupported_hla
zhao-vaccine-31e564e215b3cfe5,DeepImmuno-CNN,1.0@df42ac5b,immunogenicity,0.344661563635,higher,predicted
zhao-vaccine-c3a5dfbc4bc221fe,DeepImmuno-CNN,1.0@df42ac5b,immunogenicity,,higher,unsupported_length
zhao-vaccine-46ce3752982841aa,DeepImmuno-CNN,1.0@df42ac5b,immunogenicity,,higher,unsupported_hla
zhao-vaccine-586e1e8f81ff3690,DeepImmuno-CNN,1.0@df42ac5b,immunogenicity,0.407806456089,higher,predicted
zhao-vaccine-0f9ddbc5c7132ece,DeepImmuno-CNN,1.0@df42ac5b,immunogenicity,0.616193175316,higher,predicted
zhao-vaccine-94b2c81d4e70f7a5,DeepImmuno-CNN,1.0@df42ac5b,immunogenicity,,higher,unsupported_hla
zhao-vaccine-b682f9e79586e497,DeepImmuno-CNN,1.0@df42ac5b,immunogenicity,0.718725860119,higher,predicted
zhao-vaccine-aef146d106256bc8,DeepImmuno-CNN,1.0@df42ac5b,immunogenicity,0.328008562326,higher,predicted
zhao-vaccine-91f31987a78f9ed7,DeepImmuno-CNN,1.0@df42ac5b,immunogenicity,,higher,unsupported_length
zhao-vaccine-df436ef4fffdb899,DeepImmuno-CNN,1.0@df42ac5b,immunogenicity,,higher,unsupported_length
zhao-vaccine-513004622274aa67,DeepImmuno-CNN,1.0@df42ac5b,immunogenicity,,higher,unsupported_length
zhao-vaccine-10a70a28e2f92441,DeepImmuno-CNN,1.0@df42ac5b,immunogenicity,,higher,unsupported_length
zhao-vaccine-cb3467e682418124,DeepImmuno-CNN,1.0@df42ac5b,immunogenicity,,higher,unsupported_hla
zhao-vaccine-c29393ae111c6e8b,DeepImmuno-CNN,1.0@df42ac5b,immunogenicity,,higher,unsupported_length
zhao-vaccine-52710c4a483a2fa2,DeepImmuno-CNN,1.0@df42ac5b,immunogenicity,,higher,unsupported_hla
zhao-vaccine-2d6c89308b3309be,DeepImmuno-CNN,1.0@df42ac5b,immunogenicity,,higher,unsupported_hla
zhao-vaccine-ccc64794cc440f1b,DeepImmuno-CNN,1.0@df42ac5b,immunogenicity,0.480021029711,higher,predicted
zhao-vaccine-3cb758b99d9d1ed4,DeepImmuno-CNN,1.0@df42ac5b,immunogenicity,,higher,unsupported_length
zhao-vaccine-9a25a2ccf2d68794,DeepImmuno-CNN,1.0@df42ac5b,immunogenicity,0.518481194973,higher,predicted
zhao-vaccine-a2c6f8984c2dc322,DeepImmuno-CNN,1.0@df42ac5b,immunogenicity,,higher,unsupported_hla
zhao-vaccine-060df49eaffa10c5,DeepImmuno-CNN,1.0@df42ac5b,immunogenicity,0.276491910219,higher,predicted
zhao-vaccine-6e078690e9488283,DeepImmuno-CNN,1.0@df42ac5b,immunogenicity,,higher,unsupported_hla
zhao-vaccine-0949d10bcc94c1e0,DeepImmuno-CNN,1.0@df42ac5b,immunogenicity,,higher,unsupported_hla
zhao-vaccine-f9b310adb5e285b4,DeepImmuno-CNN,1.0@df42ac5b,immunogenicity,0.871698796749,higher,predicted
zhao-vaccine-7abafc6200be6f2e,DeepImmuno-CNN,1.0@df42ac5b,immunogenicity,,higher,unsupported_hla
zhao-vaccine-85f37f469c719b76,DeepImmuno-CNN,1.0@df42ac5b,immunogenicity,0.888993263245,higher,predicted
zhao-vaccine-a50a3fee92ccb4b5,DeepImmuno-CNN,1.0@df42ac5b,immunogenicity,0.645561337471,higher,predicted
zhao-vaccine-27d11b535bd50554,DeepImmuno-CNN,1.0@df42ac5b,immunogenicity,0.39158514142,higher,predicted
zhao-vaccine-e3e0fd2528a6d6b5,DeepImmuno-CNN,1.0@df42ac5b,immunogenicity,,higher,unsupported_length
