record_id,predictor,predictor_version,task,score,score_direction,status,binding_score
zhao-vaccine-cc5177931a4be3c3,DeepHLApan,1.1.1@ac1f4beb,immunogenicity,0.992274880409,higher,predicted,0.999488532543
zhao-vaccine-cd9d03017ea06bfb,DeepHLApan,1.1.1@ac1f4beb,immunogenicity,0.69433516264,higher,predicted,0.962598204613
zhao-vaccine-cb103548daf629bf,DeepHLApan,1.1.1@ac1f4beb,immunogenicity,0.931185543537,higher,predicted,0.996547877789
zhao-vaccine-f08d5d9716c87bcf,DeepHLApan,1.1.1@ac1f4beb,immunogenicity,0.993068218231,higher,predicted,0.99957627058
zhao-vaccine-3192c0e3fed93154,DeepHLApan,1.1.1@ac1f4beb,immunogenicity,0.742450594902,higher,predicted,0.879411697388
zhao-vaccine-903b6facc7e442c1,DeepHLApan,1.1.1@ac1f4beb,immunogenicity,0.640489041805,higher,predicted,0.722121417522
zhao-vaccine-b26ed9ae357d0d47,DeepHLApan,1.1.1@ac1f4beb,immunogenicity,0.482073009014,higher,predicted,0.880338490009
zhao-vaccine-963f50e290b7356b,DeepHLApan,1.1.1@ac1f4beb,immunogenicity,0.846850693226,higher,predicted,0.982221901417
zhao-vaccine-552b2d6f0ee562dd,DeepHLApan,1.1.1@ac1f4beb,immunogenicity,0.520915150642,higher,predicted,0.860256493092
zhao-vaccine-2ae867b6e66bd88f,DeepHLApan,1.1.1@ac1f4beb,immunogenicity,0.494065672159,higher,predicted,0.881690502167
zhao-vaccine-ca925cf2e48aec66,DeepHLApan,1.1.1@ac1f4beb,immunogenicity,0.0683285146952,higher,predicted,0.987049460411
zhao-vaccine-5a8125604ba2f1ef,DeepHLApan,1.1.1@ac1f4beb,immunogenicity,0.00818798132241,higher,predicted,0.996904373169
zhao-vaccine-c6d33472b279f35f,DeepHLApan,1.1.1@ac1f4beb,immunogenicity,0.971934974194,higher,predicted,0.999183297157
zhao-vaccine-64ae25542b695d68,DeepHLApan,1.1.1@ac1f4beb,immunogenicity,0.521293282509,higher,predicted,0.871931254864
zhao-vaccine-e21983e68c841496,DeepHLApan,1.1.1@ac1f4beb,immunogenicity,0.67033714056,higher,predicted,0.988750636578
zhao-vaccine-a9814ac50aac91d7,DeepHLApan,1.1.1@ac1f4beb,immunogenicity,0.847745299339,higher,predicted,0.997091591358
zhao-vaccine-6b3565ce2aee893c,DeepHLApan,1.1.1@ac1f4beb,immunogenicity,0.691462874413,higher,predicted,0.852140128613
zhao-vaccine-216ffedc64136058,DeepHLApan,1.1.1@ac1f4beb,immunogenicity,0.000994955538772,higher,predicted,0.946385204792
zhao-vaccine-32c2e9da3e2ffcf5,DeepHLApan,1.1.1@ac1f4beb,immunogenicity,0.000946595915593,higher,predicted,0.976779103279
zhao-vaccine-84bf18995ccd3ac7,DeepHLApan,1.1.1@ac1f4beb,immunogenicity,0.027960639447,higher,predicted,0.912881970406
zhao-vaccine-b31446e55ef91111,DeepHLApan,1.1.1@ac1f4beb,immunogenicity,0.610960483551,higher,predicted,0.993356704712
zhao-vaccine-51f51c49a8e26bf5,DeepHLApan,1.1.1@ac1f4beb,immunogenicity,0.0123724685982,higher,predicted,0.999890327454
zhao-vaccine-ba3ba0e4df7070c8,DeepHLApan,1.1.1@ac1f4beb,immunogenicity,0.13982257247,higher,predicted,0.972379028797
zhao-vaccine-c539b96ad108688f,DeepHLApan,1.1.1@ac1f4beb,immunogenicity,0.732617497444,higher,predicted,0.98963701725
zhao-vaccine-57a55d88765b75c2,DeepHLApan,1.1.1@ac1f4beb,immunogenicity,0.79318010807,higher,predicted,0.989665985107
zhao-vaccine-a08f55e2c3d0e686,DeepHLApan,1.1.1@ac1f4beb,immunogenicity,0.867499828339,higher,predicted,0.991573989391
zhao-vaccine-663a44a421e57c58,DeepHLApan,1.1.1@ac1f4beb,immunogenicity,0.843484699726,higher,predicted,0.97728729248
zhao-vaccine-75ec8654c437d145,DeepHLApan,1.1.1@ac1f4beb,immunogenicity,0.941048741341,higher,predicted,0.985845386982
zhao-vaccine-c0b18e17fb95b0ce,DeepHLApan,1.1.1@ac1f4beb,immunogenicity,0.854457378387,higher,predicted,0.997426211834
zhao-vaccine-dc56d83b9268b0e4,DeepHLApan,1.1.1@ac1f4beb,immunogenicity,0.78523671627,higher,predicted,0.990743815899
zhao-vaccine-9d4560b23643427b,DeepHLApan,1.1.1@ac1f4beb,immunogenicity,0.812247395515,higher,predicted,0.998350799084
zhao-vaccine-793aed9191a47fb7,DeepHLApan,1.1.1@ac1f4beb,immunogenicity,0.904643058777,higher,predicted,0.7924233675
zhao-vaccine-11c80127a1777f0b,DeepHLApan,1.1.1@ac1f4beb,immunogenicity,0.82416164875,higher,predicted,0.999121189117
zhao-vaccine-0e55ec495f82eb06,DeepHLApan,1.1.1@ac1f4beb,immunogenicity,0.460678577423,higher,predicted,0.993125319481
zhao-vaccine-632e1a6ecee4b189,DeepHLApan,1.1.1@ac1f4beb,immunogenicity,0.521134376526,higher,predicted,0.99757796526
zhao-vaccine-f2940a4e316a4039,DeepHLApan,1.1.1@ac1f4beb,immunogenicity,0.79079169035,higher,predicted,0.982138812542
zhao-vaccine-cdb85d262afa7e9a,DeepHLApan,1.1.1@ac1f4beb,immunogenicity,0.781668066978,higher,predicted,0.999559044838
zhao-vaccine-014bd639c774cd87,DeepHLApan,1.1.1@ac1f4beb,immunogenicity,0.781706571579,higher,predicted,0.986846268177
zhao-vaccine-65e623aadc02d7b4,DeepHLApan,1.1.1@ac1f4beb,immunogenicity,0.941886901855,higher,predicted,0.98843985796
zhao-vaccine-58b739ae69170773,DeepHLApan,1.1.1@ac1f4beb,immunogenicity,0.126882761717,higher,predicted,0.986099839211
zhao-vaccine-7b6f86e747814c45,DeepHLApan,1.1.1@ac1f4beb,immunogenicity,0.979372799397,higher,predicted,0.996417403221
zhao-vaccine-5c1663d10533a1a7,DeepHLApan,1.1.1@ac1f4beb,immunogenicity,0.51668959856,higher,predicted,0.97969597578
zhao-vaccine-5f8659d92cd36359,DeepHLApan,1.1.1@ac1f4beb,immunogenicity,0.870762705803,higher,predicted,0.995650649071
zhao-vaccine-950121b76038c2c0,DeepHLApan,1.1.1@ac1f4beb,immunogenicity,0.82001131773,higher,predicted,0.892833709717
zhao-vaccine-0a56a76ea51563b6,DeepHLApan,1.1.1@ac1f4beb,immunogenicity,0.866573929787,higher,predicted,0.991645216942
zhao-vaccine-6ebe14892da71061,DeepHLApan,1.1.1@ac1f4beb,immunogenicity,0.184775173664,higher,predicted,0.995820522308
zhao-vaccine-dedb75a56ec2b5ba,DeepHLApan,1.1.1@ac1f4beb,immunogenicity,0.486872583628,higher,predicted,0.716940283775
zhao-vaccine-307d7668f3794977,DeepHLApan,1.1.1@ac1f4beb,immunogenicity,0.160693615675,higher,predicted,0.999710202217
zhao-vaccine-a5ba7a2f40a30c73,DeepHLApan,1.1.1@ac1f4beb,immunogenicity,0.157702773809,higher,predicted,0.951835334301
zhao-vaccine-721b23e769b23024,DeepHLApan,1.1.1@ac1f4beb,immunogenicity,0.63010931015,higher,predicted,0.994949936867
zhao-vaccine-ef4ef897001d5f16,DeepHLApan,1.1.1@ac1f4beb,immunogenicity,0.380211681128,higher,predicted,0.939461350441
zhao-vaccine-1754863200e530d4,DeepHLApan,1.1.1@ac1f4beb,immunogenicity,0.490165621042,higher,predicted,0.871177077293
zhao-vaccine-c4347419983fbf7a,DeepHLApan,1.1.1@ac1f4beb,immunogenicity,0.975917696953,higher,predicted,0.550603210926
zhao-vaccine-20994a61ffa7d9ee,DeepHLApan,1.1.1@ac1f4beb,immunogenicity,0.989834606647,higher,predicted,0.999092400074
zhao-vaccine-c4933d5b027e3a50,DeepHLApan,1.1.1@ac1f4beb,immunogenicity,0.906071305275,higher,predicted,0.988427340984
zhao-vaccine-769bcab9bf9ccbd6,DeepHLApan,1.1.1@ac1f4beb,immunogenicity,0.921496391296,higher,predicted,0.99206507206
zhao-vaccine-e3d2d037340b51d9,DeepHLApan,1.1.1@ac1f4beb,immunogenicity,0.584536373615,higher,predicted,0.998889625072
zhao-vaccine-7c5cedc69e322fdf,DeepHLApan,1.1.1@ac1f4beb,immunogenicity,0.0161944385618,higher,predicted,0.999153792858
zhao-vaccine-bb7e738de16de201,DeepHLApan,1.1.1@ac1f4beb,immunogenicity,0.111445128918,higher,predicted,0.997898101807
zhao-vaccine-3c7c00959cdbd0be,DeepHLApan,1.1.1@ac1f4beb,immunogenicity,0.155682832003,higher,predicted,0.998171985149
zhao-vaccine-5f357bb53e0ccd46,DeepHLApan,1.1.1@ac1f4beb,immunogenicity,0.0678587257862,higher,predicted,0.684188723564
zhao-vaccine-b4ff6ed193ff01e1,DeepHLApan,1.1.1@ac1f4beb,immunogenicity,0.272901833057,higher,predicted,0.986046910286
zhao-vaccine-a3b89c628988d1f0,DeepHLApan,1.1.1@ac1f4beb,immunogenicity,0.964097619057,higher,predicted,0.924579143524
zhao-vaccine-6602303a8186d1dc,DeepHLApan,1.1.1@ac1f4beb,immunogenicity,0.976210474968,higher,predicted,0.990005612373
zhao-vaccine-f261f0bff4da5636,DeepHLApan,1.1.1@ac1f4beb,immunogenicity,0.937454879284,higher,predicted,0.93415337801
zhao-vaccine-a7ca659448536804,DeepHLApan,1.1.1@ac1f4beb,immunogenicity,0.238900586963,higher,predicted,0.996952414513
zhao-vaccine-115765bd03d87a4c,DeepHLApan,1.1.1@ac1f4beb,immunogenicity,0.26025930047,higher,predicted,0.994247436523
zhao-vaccine-4e3e4eefd195b820,DeepHLApan,1.1.1@ac1f4beb,immunogenicity,0.37634062767,higher,predicted,0.983600139618
zhao-vaccine-d7de270e64839b12,DeepHLApan,1.1.1@ac1f4beb,immunogenicity,0.746432900429,higher,predicted,0.995772719383
zhao-vaccine-8bf05f928c2bd4e9,DeepHLApan,1.1.1@ac1f4beb,immunogenicity,0.727906525135,higher,predicted,0.935382843018
zhao-vaccine-05c56392726f06f7,DeepHLApan,1.1.1@ac1f4beb,immunogenicity,0.703866124153,higher,predicted,0.98004424572
zhao-vaccine-b560b39a749dc71f,DeepHLApan,1.1.1@ac1f4beb,immunogenicity,0.966445147991,higher,predicted,0.952313899994
zhao-vaccine-56be5b3de62021b3,DeepHLApan,1.1.1@ac1f4beb,immunogenicity,0.592599034309,higher,predicted,0.998119354248
zhao-vaccine-3cddb5de3fdc73f8,DeepHLApan,1.1.1@ac1f4beb,immunogenicity,0.575065791607,higher,predicted,0.997849583626
zhao-vaccine-53ec168fd080effa,DeepHLApan,1.1.1@ac1f4beb,immunogenicity,0.564133286476,higher,predicted,0.994531750679
zhao-vaccine-32a90e336ffe9f36,DeepHLApan,1.1.1@ac1f4beb,immunogenicity,0.720996081829,higher,predicted,0.921555876732
zhao-vaccine-67871099a490d0b7,DeepHLApan,1.1.1@ac1f4beb,immunogenicity,0.524433791637,higher,predicted,0.999370455742
zhao-vaccine-e59b09ec5c615041,DeepHLApan,1.1.1@ac1f4beb,immunogenicity,0.629572749138,higher,predicted,0.985779881477
zhao-vaccine-f1e4f673cb84311b,DeepHLApan,1.1.1@ac1f4beb,immunogenicity,0.67549687624,higher,predicted,0.967068076134
zhao-vaccine-b1370175a555b7d6,DeepHLApan,1.1.1@ac1f4beb,immunogenicity,0.756000876427,higher,predicted,0.991353988647
zhao-vaccine-0eea6d5b9cd833c3,DeepHLApan,1.1.1@ac1f4beb,immunogenicity,0.234994888306,higher,predicted,0.95649689436
zhao-vaccine-ff9183813284c18c,DeepHLApan,1.1.1@ac1f4beb,immunogenicity,0.152062445879,higher,predicted,0.975475907326
zhao-vaccine-a337cd9e3db2db1c,DeepHLApan,1.1.1@ac1f4beb,immunogenicity,0.0175327882171,higher,predicted,0.944640934467
zhao-vaccine-bad48b682dea20e2,DeepHLApan,1.1.1@ac1f4beb,immunogenicity,0.937111854553,higher,predicted,0.977443099022
zhao-vaccine-69265220b712eaff,DeepHLApan,1.1.1@ac1f4beb,immunogenicity,0.22064730525,higher,predicted,0.986024200916
zhao-vaccine-30fce3961fb83225,DeepHLApan,1.1.1@ac1f4beb,immunogenicity,0.924308896065,higher,predicted,0.999698281288
zhao-vaccine-a33346cd1639929e,DeepHLApan,1.1.1@ac1f4beb,immunogenicity,0.977077186108,higher,predicted,0.994487166405
zhao-vaccine-8237ebe4fa614cb2,DeepHLApan,1.1.1@ac1f4beb,immunogenicity,0.937111854553,higher,predicted,0.977443099022
zhao-vaccine-8fd0352416cfec6e,DeepHLApan,1.1.1@ac1f4beb,immunogenicity,0.827048897743,higher,predicted,0.935358345509
zhao-vaccine-678bd3325aebf69a,DeepHLApan,1.1.1@ac1f4beb,immunogenicity,0.570398211479,higher,predicted,0.94610196352
zhao-vaccine-8e33615b93106694,DeepHLApan,1.1.1@ac1f4beb,immunogenicity,0.00232979888096,higher,predicted,0.999714255333
zhao-vaccine-f0fe0e1502ca3c40,DeepHLApan,1.1.1@ac1f4beb,immunogenicity,0.17332662642,higher,predicted,0.998834729195
zhao-vaccine-53b0894b3f86cda3,DeepHLApan,1.1.1@ac1f4beb,immunogenicity,0.977641880512,higher,predicted,0.247121810913
zhao-vaccine-e90da088575654ed,DeepHLApan,1.1.1@ac1f4beb,immunogenicity,0.562212765217,higher,predicted,0.996571183205
zhao-vaccine-15fc7b4196341249,DeepHLApan,1.1.1@ac1f4beb,immunogenicity,0.0241792164743,higher,predicted,0.991806030273
zhao-vaccine-31e400851e8cba8e,DeepHLApan,1.1.1@ac1f4beb,immunogenicity,0.0350797064602,higher,predicted,0.984736740589
zhao-vaccine-728cbd534905bb7c,DeepHLApan,1.1.1@ac1f4beb,immunogenicity,0.0747578814626,higher,predicted,0.990810036659
zhao-vaccine-a4010af471f417b5,DeepHLApan,1.1.1@ac1f4beb,immunogenicity,0.0855968594551,higher,predicted,0.903726935387
zhao-vaccine-2dbff2366e148251,DeepHLApan,1.1.1@ac1f4beb,immunogenicity,0.425259828568,higher,predicted,0.977161765099
zhao-vaccine-d5f2a4fb941105d2,DeepHLApan,1.1.1@ac1f4beb,immunogenicity,0.569659113884,higher,predicted,0.993591308594
zhao-vaccine-dba5560226e496f4,DeepHLApan,1.1.1@ac1f4beb,immunogenicity,0.0256295204163,higher,predicted,0.995049595833
zhao-vaccine-55d96c19400f7e26,DeepHLApan,1.1.1@ac1f4beb,immunogenicity,0.422557353973,higher,predicted,0.987982273102
zhao-vaccine-bd2f8606fb30409a,DeepHLApan,1.1.1@ac1f4beb,immunogenicity,0.213082998991,higher,predicted,0.999406456947
zhao-vaccine-65a25a2687793bd5,DeepHLApan,1.1.1@ac1f4beb,immunogenicity,0.0928603038192,higher,predicted,0.999200463295
zhao-vaccine-e10b49188814293a,DeepHLApan,1.1.1@ac1f4beb,immunogenicity,0.386927127838,higher,predicted,0.965532422066
zhao-vaccine-230be4384e65ea36,DeepHLApan,1.1.1@ac1f4beb,immunogenicity,0.423972606659,higher,predicted,0.957231879234
zhao-vaccine-616ff67e3e0809a3,DeepHLApan,1.1.1@ac1f4beb,immunogenicity,0.402186542749,higher,predicted,0.720405101776
zhao-vaccine-a579507c6a7fddf4,DeepHLApan,1.1.1@ac1f4beb,immunogenicity,0.101119995117,higher,predicted,0.99030649662
zhao-vaccine-dd746da151697768,DeepHLApan,1.1.1@ac1f4beb,immunogenicity,0.0298149492592,higher,predicted,0.984192669392
zhao-vaccine-3a22225a5d7f2908,DeepHLApan,1.1.1@ac1f4beb,immunogenicity,0.338106065989,higher,predicted,0.965514361858
zhao-vaccine-5caf67c8d2a99efb,DeepHLApan,1.1.1@ac1f4beb,immunogenicity,0.0850074663758,higher,predicted,0.980446636677
zhao-vaccine-9a578efb510196ff,DeepHLApan,1.1.1@ac1f4beb,immunogenicity,0.881546497345,higher,predicted,0.998864173889
zhao-vaccine-d695470f95d9e06e,DeepHLApan,1.1.1@ac1f4beb,immunogenicity,0.775801539421,higher,predicted,0.950035452843
zhao-vaccine-efa3f2649bac6ab4,DeepHLApan,1.1.1@ac1f4beb,immunogenicity,0.739912211895,higher,predicted,0.671237766743
zhao-vaccine-08f2b9d1776ef138,DeepHLApan,1.1.1@ac1f4beb,immunogenicity,0.669009208679,higher,predicted,0.862626075745
zhao-vaccine-fadd82945ab4638b,DeepHLApan,1.1.1@ac1f4beb,immunogenicity,0.923358082771,higher,predicted,0.988277614117
zhao-vaccine-0c6854e9a75f6d2c,DeepHLApan,1.1.1@ac1f4beb,immunogenicity,0.476462453604,higher,predicted,0.977540671825
zhao-vaccine-ce3874fa7fbdef2a,DeepHLApan,1.1.1@ac1f4beb,immunogenicity,0.937338650227,higher,predicted,0.998984992504
zhao-vaccine-aad48279dc4dd514,DeepHLApan,1.1.1@ac1f4beb,immunogenicity,0.958171725273,higher,predicted,0.701221108437
zhao-vaccine-c026707a02efbd26,DeepHLApan,1.1.1@ac1f4beb,immunogenicity,0.979255974293,higher,predicted,0.994915008545
zhao-vaccine-bfa4b61c793e605f,DeepHLApan,1.1.1@ac1f4beb,immunogenicity,0.215873554349,higher,predicted,0.972953677177
zhao-vaccine-15401e249b05f5c5,DeepHLApan,1.1.1@ac1f4beb,immunogenicity,0.555116176605,higher,predicted,0.981058299541
zhao-vaccine-6b5beddba8bd252c,DeepHLApan,1.1.1@ac1f4beb,immunogenicity,0.381760179996,higher,predicted,0.945474028587
zhao-vaccine-1c5b74ef6f95d794,DeepHLApan,1.1.1@ac1f4beb,immunogenicity,0.580730378628,higher,predicted,0.974155426025
zhao-vaccine-fea68d4d27ef7814,DeepHLApan,1.1.1@ac1f4beb,immunogenicity,0.371157288551,higher,predicted,0.99212884903
zhao-vaccine-d007cff8a448a8ef,DeepHLApan,1.1.1@ac1f4beb,immunogenicity,0.305867224932,higher,predicted,0.929403603077
zhao-vaccine-3e1dbf3a6ee4c36f,DeepHLApan,1.1.1@ac1f4beb,immunogenicity,0.627913415432,higher,predicted,0.991359889507
zhao-vaccine-e988571ea77fc8a5,DeepHLApan,1.1.1@ac1f4beb,immunogenicity,0.366453498602,higher,predicted,0.991262257099
zhao-vaccine-cc846329c598f7ef,DeepHLApan,1.1.1@ac1f4beb,immunogenicity,0.0604314282537,higher,predicted,0.9914239645
zhao-vaccine-2ae7ecfc3864a89f,DeepHLApan,1.1.1@ac1f4beb,immunogenicity,0.00862955115736,higher,predicted,0.989736199379
zhao-vaccine-1c60e7cef35ab689,DeepHLApan,1.1.1@ac1f4beb,immunogenicity,0.541330456734,higher,predicted,0.949840426445
zhao-vaccine-b95d13f1321c6ed3,DeepHLApan,1.1.1@ac1f4beb,immunogenicity,0.0037272379268,higher,predicted,0.902913093567
zhao-vaccine-1e97369be34cf2f7,DeepHLApan,1.1.1@ac1f4beb,immunogenicity,0.493403971195,higher,predicted,0.999231696129
zhao-vaccine-5289e0af5170b9c0,DeepHLApan,1.1.1@ac1f4beb,immunogenicity,0.219550535083,higher,predicted,0.997513592243
zhao-vaccine-0382554b4ecb89e3,DeepHLApan,1.1.1@ac1f4beb,immunogenicity,0.200711250305,higher,predicted,0.992855727673
zhao-vaccine-b1fc86c569d9b3b0,DeepHLApan,1.1.1@ac1f4beb,immunogenicity,0.127027541399,higher,predicted,0.999378204346
zhao-vaccine-9e10dcb2a49789d0,DeepHLApan,1.1.1@ac1f4beb,immunogenicity,0.0265601761639,higher,predicted,0.999449074268
zhao-vaccine-538a116eb355ac3f,DeepHLApan,1.1.1@ac1f4beb,immunogenicity,0.412615448236,higher,predicted,0.944505572319
zhao-vaccine-5555779da3a7954b,DeepHLApan,1.1.1@ac1f4beb,immunogenicity,0.122722841799,higher,predicted,0.906955122948
zhao-vaccine-1207e1f28a7ce672,DeepHLApan,1.1.1@ac1f4beb,immunogenicity,0.57284206152,higher,predicted,0.994563281536
zhao-vaccine-145673a06fe32c32,DeepHLApan,1.1.1@ac1f4beb,immunogenicity,0.42535918951,higher,predicted,0.986425042152
zhao-vaccine-8778badd24dbb533,DeepHLApan,1.1.1@ac1f4beb,immunogenicity,0.142880424857,higher,predicted,0.999703288078
zhao-vaccine-361fc2f6770f984f,DeepHLApan,1.1.1@ac1f4beb,immunogenicity,0.756327927113,higher,predicted,0.996292769909
zhao-vaccine-1070795508b31641,DeepHLApan,1.1.1@ac1f4beb,immunogenicity,0.496322870255,higher,predicted,0.987803339958
zhao-vaccine-a5bfe0738421772d,DeepHLApan,1.1.1@ac1f4beb,immunogenicity,0.614719808102,higher,predicted,0.993803322315
zhao-vaccine-37ce52867b245b48,DeepHLApan,1.1.1@ac1f4beb,immunogenicity,0.161925211549,higher,predicted,0.99920207262
zhao-vaccine-da47a1ad401e2996,DeepHLApan,1.1.1@ac1f4beb,immunogenicity,0.10553817451,higher,predicted,0.99181163311
zhao-vaccine-96f54241bdd80a5f,DeepHLApan,1.1.1@ac1f4beb,immunogenicity,0.00551190087572,higher,predicted,0.996958374977
zhao-vaccine-7bb94fe418471df7,DeepHLApan,1.1.1@ac1f4beb,immunogenicity,0.14387139678,higher,predicted,0.988313794136
zhao-vaccine-a6747d61775f09f7,DeepHLApan,1.1.1@ac1f4beb,immunogenicity,0.576125025749,higher,predicted,0.96696472168
zhao-vaccine-6da954109a635742,DeepHLApan,1.1.1@ac1f4beb,immunogenicity,0.744866609573,higher,predicted,0.975365817547
zhao-vaccine-f441c6d5ea9c9518,DeepHLApan,1.1.1@ac1f4beb,immunogenicity,0.616386532784,higher,predicted,0.995455145836
zhao-vaccine-5d08657e7e0d61ea,DeepHLApan,1.1.1@ac1f4beb,immunogenicity,0.886907875538,higher,predicted,0.98539942503
zhao-vaccine-9afe0fd40501fb25,DeepHLApan,1.1.1@ac1f4beb,immunogenicity,0.00202380516566,higher,predicted,0.991514027119
zhao-vaccine-4483f2a784fc6ed9,DeepHLApan,1.1.1@ac1f4beb,immunogenicity,0.637972474098,higher,predicted,0.996506392956
zhao-vaccine-dc896238782e4631,DeepHLApan,1.1.1@ac1f4beb,immunogenicity,0.589375197887,higher,predicted,0.990977406502
zhao-vaccine-bf220356d06db0f0,DeepHLApan,1.1.1@ac1f4beb,immunogenicity,0.526336312294,higher,predicted,0.822537720203
zhao-vaccine-a75e663bab34906c,DeepHLApan,1.1.1@ac1f4beb,immunogenicity,0.867286860943,higher,predicted,0.895926594734
zhao-vaccine-54ec293e84e13508,DeepHLApan,1.1.1@ac1f4beb,immunogenicity,0.697018027306,higher,predicted,0.949075341225
zhao-vaccine-6d227e48064eb22f,DeepHLApan,1.1.1@ac1f4beb,immunogenicity,0.91566246748,higher,predicted,0.960865616798
zhao-vaccine-44f1285caea075a7,DeepHLApan,1.1.1@ac1f4beb,immunogenicity,0.678585231304,higher,predicted,0.86979675293
zhao-vaccine-2dea372668b54f24,DeepHLApan,1.1.1@ac1f4beb,immunogenicity,0.894599556923,higher,predicted,0.609418988228
zhao-vaccine-a65e858815f38613,DeepHLApan,1.1.1@ac1f4beb,immunogenicity,0.836379230022,higher,predicted,0.994822621346
zhao-vaccine-798364a9eb823880,DeepHLApan,1.1.1@ac1f4beb,immunogenicity,0.938093364239,higher,predicted,0.99826079607
zhao-vaccine-295b177510adca1e,DeepHLApan,1.1.1@ac1f4beb,immunogenicity,0.54490852356,higher,predicted,0.956470608711
zhao-vaccine-25b0ee2d16a42eda,DeepHLApan,1.1.1@ac1f4beb,immunogenicity,0.853449702263,higher,predicted,0.979477882385
zhao-vaccine-dead279e867c4665,DeepHLApan,1.1.1@ac1f4beb,immunogenicity,0.627426743507,higher,predicted,0.971327900887
zhao-vaccine-b629247dcc4ce157,DeepHLApan,1.1.1@ac1f4beb,immunogenicity,0.63248616457,higher,predicted,0.971032440662
zhao-vaccine-645c0657755c03d1,DeepHLApan,1.1.1@ac1f4beb,immunogenicity,0.41337710619,higher,predicted,0.983710885048
zhao-vaccine-56e09080ec5d141a,DeepHLApan,1.1.1@ac1f4beb,immunogenicity,0.807437896729,higher,predicted,0.983864605427
zhao-vaccine-e65870d5c13f0cae,DeepHLApan,1.1.1@ac1f4beb,immunogenicity,0.565778911114,higher,predicted,0.941516399384
zhao-vaccine-e163786dd60b30c6,DeepHLApan,1.1.1@ac1f4beb,immunogenicity,0.499189078808,higher,predicted,0.968358635902
zhao-vaccine-52abf4ab6ec53398,DeepHLApan,1.1.1@ac1f4beb,immunogenicity,0.842712521553,higher,predicted,0.975897908211
zhao-vaccine-f095e17a85ac6274,DeepHLApan,1.1.1@ac1f4beb,immunogenicity,0.882177710533,higher,predicted,0.921370148659
zhao-vaccine-ae66c36ac74a789a,DeepHLApan,1.1.1@ac1f4beb,immunogenicity,0.0188216865063,higher,predicted,0.987877070904
zhao-vaccine-efda1ba858fbe5cd,DeepHLApan,1.1.1@ac1f4beb,immunogenicity,0.674157619476,higher,predicted,0.75454556942
zhao-vaccine-748ce69b5e1e7d7a,DeepHLApan,1.1.1@ac1f4beb,immunogenicity,0.550728917122,higher,predicted,0.970980763435
zhao-vaccine-3aff159c60b53eab,DeepHLApan,1.1.1@ac1f4beb,immunogenicity,0.642572343349,higher,predicted,0.945111870766
zhao-vaccine-36b2b5626e9cf020,DeepHLApan,1.1.1@ac1f4beb,immunogenicity,0.965395331383,higher,predicted,0.99977761507
zhao-vaccine-914803d50e1be2db,DeepHLApan,1.1.1@ac1f4beb,immunogenicity,0.822614073753,higher,predicted,0.988972187042
zhao-vaccine-57e80af6b56dfdf5,DeepHLApan,1.1.1@ac1f4beb,immunogenicity,0.72539305687,higher,predicted,0.998967468739
zhao-vaccine-9e18dbe1835f1997,DeepHLApan,1.1.1@ac1f4beb,immunogenicity,0.97337436676,higher,predicted,0.996653556824
zhao-vaccine-9d185ca51b52793e,DeepHLApan,1.1.1@ac1f4beb,immunogenicity,0.241607904434,higher,predicted,0.999538600445
zhao-vaccine-c845ec4db4fdf2b1,DeepHLApan,1.1.1@ac1f4beb,immunogenicity,0.169264793396,higher,predicted,0.986599087715
zhao-vaccine-2559495fe7cc09c8,DeepHLApan,1.1.1@ac1f4beb,immunogenicity,0.0973073616624,higher,predicted,0.99815350771
zhao-vaccine-e228d834b3506f37,DeepHLApan,1.1.1@ac1f4beb,immunogenicity,0.105316504836,higher,predicted,0.999069571495
zhao-vaccine-632173550f8defa7,DeepHLApan,1.1.1@ac1f4beb,immunogenicity,0.0385965444148,higher,predicted,0.993523418903
zhao-vaccine-429e2fc94d9e9045,DeepHLApan,1.1.1@ac1f4beb,immunogenicity,0.159382671118,higher,predicted,0.992186427116
zhao-vaccine-5fe6eb68309e409a,DeepHLApan,1.1.1@ac1f4beb,immunogenicity,0.403112083673,higher,predicted,0.913379490376
zhao-vaccine-0dfb7b47d5d12f64,DeepHLApan,1.1.1@ac1f4beb,immunogenicity,0.100202538073,higher,predicted,0.99935990572
zhao-vaccine-3e67648453abcd83,DeepHLApan,1.1.1@ac1f4beb,immunogenicity,0.377285957336,higher,predicted,0.997371554375
zhao-vaccine-38f2049f0ff4c129,DeepHLApan,1.1.1@ac1f4beb,immunogenicity,0.299009084702,higher,predicted,0.991302669048
zhao-vaccine-57d0eb88667194d5,DeepHLApan,1.1.1@ac1f4beb,immunogenicity,0.0968591421843,higher,predicted,0.986720383167
zhao-vaccine-f1aee3464f60a35c,DeepHLApan,1.1.1@ac1f4beb,immunogenicity,0.269593656063,higher,predicted,0.931097626686
zhao-vaccine-2558c43d3ff0ad35,DeepHLApan,1.1.1@ac1f4beb,immunogenicity,0.129083991051,higher,predicted,0.989757180214
zhao-vaccine-c772357dc481e666,DeepHLApan,1.1.1@ac1f4beb,immunogenicity,0.385968476534,higher,predicted,0.828104019165
zhao-vaccine-4fd5d53649a59869,DeepHLApan,1.1.1@ac1f4beb,immunogenicity,0.842935562134,higher,predicted,0.998600363731
zhao-vaccine-03337e287c4c1eb9,DeepHLApan,1.1.1@ac1f4beb,immunogenicity,0.090427108109,higher,predicted,0.991976439953
zhao-vaccine-a1619d1bdeaec50c,DeepHLApan,1.1.1@ac1f4beb,immunogenicity,0.285350263119,higher,predicted,0.933012187481
zhao-vaccine-357637a55b5dfa0c,DeepHLApan,1.1.1@ac1f4beb,immunogenicity,0.938598275185,higher,predicted,0.971950352192
zhao-vaccine-f5effd103564b8de,DeepHLApan,1.1.1@ac1f4beb,immunogenicity,0.0860291272402,higher,predicted,0.979640781879
zhao-vaccine-616ea22fb1ba1a9e,DeepHLApan,1.1.1@ac1f4beb,immunogenicity,0.992322742939,higher,predicted,0.985330760479
zhao-vaccine-c88d67228419fc50,DeepHLApan,1.1.1@ac1f4beb,immunogenicity,0.455378860235,higher,predicted,0.97885453701
zhao-vaccine-ca0cdaf9d43b725f,DeepHLApan,1.1.1@ac1f4beb,immunogenicity,0.914681077003,higher,predicted,0.995320677757
zhao-vaccine-b79174e32f0a9eae,DeepHLApan,1.1.1@ac1f4beb,immunogenicity,0.913096129894,higher,predicted,0.996110618114
zhao-vaccine-2bf13a54882991b8,DeepHLApan,1.1.1@ac1f4beb,immunogenicity,0.991351425648,higher,predicted,0.993127048016
zhao-vaccine-8f375180dc93b864,DeepHLApan,1.1.1@ac1f4beb,immunogenicity,0.936221420765,higher,predicted,0.933794021606
zhao-vaccine-85eb791d393f0129,DeepHLApan,1.1.1@ac1f4beb,immunogenicity,0.796570181847,higher,predicted,0.999474644661
zhao-vaccine-7625040ee15f1bba,DeepHLApan,1.1.1@ac1f4beb,immunogenicity,0.978093981743,higher,predicted,0.998447537422
zhao-vaccine-a4ade91218cdc75f,DeepHLApan,1.1.1@ac1f4beb,immunogenicity,0.956597507,higher,predicted,0.999676406384
zhao-vaccine-401d2a0add232871,DeepHLApan,1.1.1@ac1f4beb,immunogenicity,0.991597950459,higher,predicted,0.999155342579
zhao-vaccine-b4bca017beffad42,DeepHLApan,1.1.1@ac1f4beb,immunogenicity,0.818444430828,higher,predicted,0.995979428291
zhao-vaccine-429e3f8c0f5c862c,DeepHLApan,1.1.1@ac1f4beb,immunogenicity,0.304487615824,higher,predicted,0.995714664459
zhao-vaccine-4d63951595b04409,DeepHLApan,1.1.1@ac1f4beb,immunogenicity,0.978429615498,higher,predicted,0.671099185944
zhao-vaccine-47647b5942f35551,DeepHLApan,1.1.1@ac1f4beb,immunogenicity,0.291077584028,higher,predicted,0.692475795746
zhao-vaccine-fdd8fc87e5104d7b,DeepHLApan,1.1.1@ac1f4beb,immunogenicity,0.980150580406,higher,predicted,0.989198982716
zhao-vaccine-d4aa4e707108dc27,DeepHLApan,1.1.1@ac1f4beb,immunogenicity,0.182928413153,higher,predicted,0.995521664619
zhao-vaccine-c51e7ea4f4c184cc,DeepHLApan,1.1.1@ac1f4beb,immunogenicity,0.488656938076,higher,predicted,0.804987728596
zhao-vaccine-d05912317fe97c27,DeepHLApan,1.1.1@ac1f4beb,immunogenicity,0.0848552659154,higher,predicted,0.914296627045
zhao-vaccine-e6461efde3c2741a,DeepHLApan,1.1.1@ac1f4beb,immunogenicity,0.483636856079,higher,predicted,0.860647082329
zhao-vaccine-5df5dec8f4f78c14,DeepHLApan,1.1.1@ac1f4beb,immunogenicity,0.976305007935,higher,predicted,0.898339927197
zhao-vaccine-b669bb46479a807e,DeepHLApan,1.1.1@ac1f4beb,immunogenicity,0.961046338081,higher,predicted,0.673340976238
zhao-vaccine-cf766650b07d46ee,DeepHLApan,1.1.1@ac1f4beb,immunogenicity,0.251758605242,higher,predicted,0.992414474487
zhao-vaccine-74aa856bf12974ba,DeepHLApan,1.1.1@ac1f4beb,immunogenicity,0.0570555739105,higher,predicted,0.997736752033
zhao-vaccine-64c98e09b69a5d62,DeepHLApan,1.1.1@ac1f4beb,immunogenicity,0.0336926877499,higher,predicted,0.998398423195
zhao-vaccine-80bf7079133ebe0b,DeepHLApan,1.1.1@ac1f4beb,immunogenicity,0.980878949165,higher,predicted,0.931203007698
zhao-vaccine-efcea0bc4d09a05f,DeepHLApan,1.1.1@ac1f4beb,immunogenicity,0.716961681843,higher,predicted,0.999020934105
zhao-vaccine-c8f8737258d70cd3,DeepHLApan,1.1.1@ac1f4beb,immunogenicity,0.830313801765,higher,predicted,0.998121261597
zhao-vaccine-b6b92b7e81b75a24,DeepHLApan,1.1.1@ac1f4beb,immunogenicity,0.698295652866,higher,predicted,0.985559344292
zhao-vaccine-59e134551336c4e2,DeepHLApan,1.1.1@ac1f4beb,immunogenicity,0.894076347351,higher,predicted,0.998097419739
zhao-vaccine-36e0cd0961711f12,DeepHLApan,1.1.1@ac1f4beb,immunogenicity,0.851850152016,higher,predicted,0.991978824139
zhao-vaccine-14d313929ec1d378,DeepHLApan,1.1.1@ac1f4beb,immunogenicity,0.468742907047,higher,predicted,0.999433219433
zhao-vaccine-09d2cc1ffc78278c,DeepHLApan,1.1.1@ac1f4beb,immunogenicity,0.988301157951,higher,predicted,0.955415606499
zhao-vaccine-29926a93b0712d4a,DeepHLApan,1.1.1@ac1f4beb,immunogenicity,0.993756949902,higher,predicted,0.999313175678
zhao-vaccine-cf5b8ca20e933ae7,DeepHLApan,1.1.1@ac1f4beb,immunogenicity,0.855444133282,higher,predicted,0.951370358467
zhao-vaccine-7acafd6c9399806c,DeepHLApan,1.1.1@ac1f4beb,immunogenicity,0.222723990679,higher,predicted,0.6767796278
zhao-vaccine-1f54547768a20317,DeepHLApan,1.1.1@ac1f4beb,immunogenicity,0.992722034454,higher,predicted,0.93590593338
zhao-vaccine-aeca70f8cbb54a5f,DeepHLApan,1.1.1@ac1f4beb,immunogenicity,0.813649833202,higher,predicted,0.788327038288
zhao-vaccine-22646f8f1e1870b8,DeepHLApan,1.1.1@ac1f4beb,immunogenicity,0.879499793053,higher,predicted,0.937794566154
zhao-vaccine-6cc35d9d03631477,DeepHLApan,1.1.1@ac1f4beb,immunogenicity,0.270359665155,higher,predicted,0.986379146576
zhao-vaccine-2a6e650dc246bcb9,DeepHLApan,1.1.1@ac1f4beb,immunogenicity,0.936185061932,higher,predicted,0.999357819557
zhao-vaccine-906a46f65f28953c,DeepHLApan,1.1.1@ac1f4beb,immunogenicity,0.599058032036,higher,predicted,0.949033141136
zhao-vaccine-447ed56142240d01,DeepHLApan,1.1.1@ac1f4beb,immunogenicity,0.0205652154982,higher,predicted,0.987744987011
zhao-vaccine-ed9e43eb5539cacc,DeepHLApan,1.1.1@ac1f4beb,immunogenicity,0.0868647247553,higher,predicted,0.971988081932
zhao-vaccine-5c20ac9e9a0ee4fd,DeepHLApan,1.1.1@ac1f4beb,immunogenicity,0.452800184488,higher,predicted,0.992574691772
zhao-vaccine-bb8687f15bc6f190,DeepHLApan,1.1.1@ac1f4beb,immunogenicity,0.949160218239,higher,predicted,0.992424786091
zhao-vaccine-af08ded50637db18,DeepHLApan,1.1.1@ac1f4beb,immunogenicity,0.974438488483,higher,predicted,0.757724583149
zhao-vaccine-0a348598a556c0e9,DeepHLApan,1.1.1@ac1f4beb,immunogenicity,0.945743858814,higher,predicted,0.773619174957
zhao-vaccine-6dff12cf97e8daa0,DeepHLApan,1.1.1@ac1f4beb,immunogenicity,0.0666546449065,higher,predicted,0.999681830406
zhao-vaccine-3e7d11a8e23fcc9b,DeepHLApan,1.1.1@ac1f4beb,immunogenicity,0.797941803932,higher,predicted,0.998832523823
zhao-vaccine-961bc6818383d108,DeepHLApan,1.1.1@ac1f4beb,immunogenicity,0.0298337135464,higher,predicted,0.997470378876
zhao-vaccine-a06ffb29914ff89e,DeepHLApan,1.1.1@ac1f4beb,immunogenicity,0.296956956387,higher,predicted,0.997436881065
zhao-vaccine-3b206bf21e2c226f,DeepHLApan,1.1.1@ac1f4beb,immunogenicity,0.231558173895,higher,predicted,0.975646615028
zhao-vaccine-c65b7de8500d2319,DeepHLApan,1.1.1@ac1f4beb,immunogenicity,0.143027678132,higher,predicted,0.995758652687
zhao-vaccine-e44496dfd999e7ba,DeepHLApan,1.1.1@ac1f4beb,immunogenicity,0.288408100605,higher,predicted,0.997349560261
zhao-vaccine-fbde732c3898b73d,DeepHLApan,1.1.1@ac1f4beb,immunogenicity,0.309886723757,higher,predicted,0.999560475349
zhao-vaccine-3ac5f839d4b889f0,DeepHLApan,1.1.1@ac1f4beb,immunogenicity,0.958983242512,higher,predicted,0.999424576759
zhao-vaccine-1194756f00230216,DeepHLApan,1.1.1@ac1f4beb,immunogenicity,0.0261419154704,higher,predicted,0.974273085594
zhao-vaccine-f2ae0bcb8691fda9,DeepHLApan,1.1.1@ac1f4beb,immunogenicity,0.2006906569,higher,predicted,0.999588608742
zhao-vaccine-f0fb4c07c768db71,DeepHLApan,1.1.1@ac1f4beb,immunogenicity,0.115597501397,higher,predicted,0.994704604149
zhao-vaccine-78496bc341152f7f,DeepHLApan,1.1.1@ac1f4beb,immunogenicity,0.934692978859,higher,predicted,0.991167724133
zhao-vaccine-9d8d8ea4af10a013,DeepHLApan,1.1.1@ac1f4beb,immunogenicity,0.566937863827,higher,predicted,0.995109379292
zhao-vaccine-6eb6266f157532ce,DeepHLApan,1.1.1@ac1f4beb,immunogenicity,0.175942018628,higher,predicted,0.987699687481
zhao-vaccine-c1a076ce01ad4895,DeepHLApan,1.1.1@ac1f4beb,immunogenicity,0.862073302269,higher,predicted,0.998769462109
zhao-vaccine-4bbfb97b7db0de5a,DeepHLApan,1.1.1@ac1f4beb,immunogenicity,0.966747939587,higher,predicted,0.873183429241
zhao-vaccine-b4daaf3d4726716c,DeepHLApan,1.1.1@ac1f4beb,immunogenicity,0.141813829541,higher,predicted,0.941831767559
zhao-vaccine-68ff3dde884e7c4e,DeepHLApan,1.1.1@ac1f4beb,immunogenicity,0.44851437211,higher,predicted,0.984239578247
zhao-vaccine-0fde749e91676614,DeepHLApan,1.1.1@ac1f4beb,immunogenicity,0.447300732136,higher,predicted,0.913434684277
zhao-vaccine-6c19ca9415660072,DeepHLApan,1.1.1@ac1f4beb,immunogenicity,0.609025359154,higher,predicted,0.942716896534
zhao-vaccine-e193835d86e00144,DeepHLApan,1.1.1@ac1f4beb,immunogenicity,0.480383217335,higher,predicted,0.95703125
zhao-vaccine-34858ebc5372184d,DeepHLApan,1.1.1@ac1f4beb,immunogenicity,0.777031123638,higher,predicted,0.991716206074
zhao-vaccine-53a1191cb4bd5ee6,DeepHLApan,1.1.1@ac1f4beb,immunogenicity,0.249292999506,higher,predicted,0.913734257221
zhao-vaccine-61ffb955f248e05d,DeepHLApan,1.1.1@ac1f4beb,immunogenicity,0.986282229424,higher,predicted,0.995943188667
zhao-vaccine-6118202e104aeba7,DeepHLApan,1.1.1@ac1f4beb,immunogenicity,0.741854190826,higher,predicted,0.984468281269
zhao-vaccine-320d4b079fad1973,DeepHLApan,1.1.1@ac1f4beb,immunogenicity,0.675671935081,higher,predicted,0.919137358665
zhao-vaccine-ba2179005c8430b0,DeepHLApan,1.1.1@ac1f4beb,immunogenicity,0.0403728298843,higher,predicted,0.993944525719
zhao-vaccine-9bc9263a325135b3,DeepHLApan,1.1.1@ac1f4beb,immunogenicity,0.416985690594,higher,predicted,0.88299113512
zhao-vaccine-151cd04499d7313c,DeepHLApan,1.1.1@ac1f4beb,immunogenicity,0.166866391897,higher,predicted,0.996492981911
zhao-vaccine-d52a1385e04d713d,DeepHLApan,1.1.1@ac1f4beb,immunogenicity,0.926127076149,higher,predicted,0.99994122982
zhao-vaccine-844033c362ad7a84,DeepHLApan,1.1.1@ac1f4beb,immunogenicity,0.802166640759,higher,predicted,0.99595707655
zhao-vaccine-882306121ddf6b32,DeepHLApan,1.1.1@ac1f4beb,immunogenicity,0.0181929022074,higher,predicted,0.940035045147
zhao-vaccine-11ef567a0e7465d5,DeepHLApan,1.1.1@ac1f4beb,immunogenicity,0.0388663113117,higher,predicted,0.685481250286
zhao-vaccine-e185c06a06832ff7,DeepHLApan,1.1.1@ac1f4beb,immunogenicity,0.384334981441,higher,predicted,0.992570400238
zhao-vaccine-99a2be21eb0c1347,DeepHLApan,1.1.1@ac1f4beb,immunogenicity,0.522360444069,higher,predicted,0.969201385975
zhao-vaccine-cdb1ded316e5bc08,DeepHLApan,1.1.1@ac1f4beb,immunogenicity,0.919351756573,higher,predicted,0.995366215706
zhao-vaccine-b2e421139854d8be,DeepHLApan,1.1.1@ac1f4beb,immunogenicity,0.535775721073,higher,predicted,0.971536636353
zhao-vaccine-1d6a83690a176302,DeepHLApan,1.1.1@ac1f4beb,immunogenicity,0.948269248009,higher,predicted,0.999944508076
zhao-vaccine-e3cd5634b3b73d2b,DeepHLApan,1.1.1@ac1f4beb,immunogenicity,0.916080117226,higher,predicted,0.978487610817
zhao-vaccine-9f2f88a4b27fe475,DeepHLApan,1.1.1@ac1f4beb,immunogenicity,0.671752810478,higher,predicted,0.999143898487
zhao-vaccine-7f3ccab1ad04ec08,DeepHLApan,1.1.1@ac1f4beb,immunogenicity,0.708779394627,higher,predicted,0.972738564014
zhao-vaccine-fb6c9cad429e4680,DeepHLApan,1.1.1@ac1f4beb,immunogenicity,0.0367994830012,higher,predicted,0.994672477245
zhao-vaccine-1ed8bfb076e0bd86,DeepHLApan,1.1.1@ac1f4beb,immunogenicity,0.397724688053,higher,predicted,0.999930202961
zhao-vaccine-549621310287b89a,DeepHLApan,1.1.1@ac1f4beb,immunogenicity,0.352140963078,higher,predicted,0.981689631939
zhao-vaccine-4c4549e8b044b957,DeepHLApan,1.1.1@ac1f4beb,immunogenicity,0.0182352252305,higher,predicted,0.988055408001
zhao-vaccine-260a1f44f52497e0,DeepHLApan,1.1.1@ac1f4beb,immunogenicity,0.731584787369,higher,predicted,0.997086822987
zhao-vaccine-110de4aa20d26af6,DeepHLApan,1.1.1@ac1f4beb,immunogenicity,0.908946216106,higher,predicted,0.967743575573
zhao-vaccine-e8653d192eae3e34,DeepHLApan,1.1.1@ac1f4beb,immunogenicity,0.85625231266,higher,predicted,0.984784960747
zhao-vaccine-e17f1f0641708376,DeepHLApan,1.1.1@ac1f4beb,immunogenicity,0.98272562027,higher,predicted,0.497431755066
zhao-vaccine-cf72de33b138153d,DeepHLApan,1.1.1@ac1f4beb,immunogenicity,0.714978456497,higher,predicted,0.985075175762
zhao-vaccine-bf0289636ad7c89c,DeepHLApan,1.1.1@ac1f4beb,immunogenicity,0.609097957611,higher,predicted,0.855352401733
zhao-vaccine-51278c3cc9822a92,DeepHLApan,1.1.1@ac1f4beb,immunogenicity,0.528290808201,higher,predicted,0.990149021149
zhao-vaccine-0c2febc3043a65b7,DeepHLApan,1.1.1@ac1f4beb,immunogenicity,0.488233089447,higher,predicted,0.829093575478
zhao-vaccine-0f1c7070e2b3c380,DeepHLApan,1.1.1@ac1f4beb,immunogenicity,0.572662174702,higher,predicted,0.999711632729
zhao-vaccine-5759f50764496c1f,DeepHLApan,1.1.1@ac1f4beb,immunogenicity,0.755746304989,higher,predicted,0.982956111431
zhao-vaccine-da11dd7c2aa31ca7,DeepHLApan,1.1.1@ac1f4beb,immunogenicity,0.583144187927,higher,predicted,0.975633144379
zhao-vaccine-4af4c0c7f6941ea8,DeepHLApan,1.1.1@ac1f4beb,immunogenicity,0.546453952789,higher,predicted,0.997224152088
zhao-vaccine-6ec07fc29b17d28c,DeepHLApan,1.1.1@ac1f4beb,immunogenicity,0.294998586178,higher,predicted,0.984354197979
zhao-vaccine-67401c1a974e2cdb,DeepHLApan,1.1.1@ac1f4beb,immunogenicity,0.643632769585,higher,predicted,0.926163852215
zhao-vaccine-1022680eb48a536b,DeepHLApan,1.1.1@ac1f4beb,immunogenicity,0.256862342358,higher,predicted,0.997417747974
zhao-vaccine-01655e2ddd89c647,DeepHLApan,1.1.1@ac1f4beb,immunogenicity,0.987689852715,higher,predicted,0.992866516113
zhao-vaccine-b7c9a2590ca97e55,DeepHLApan,1.1.1@ac1f4beb,immunogenicity,0.0248510260135,higher,predicted,0.837770938873
zhao-vaccine-69313463a7bc3db2,DeepHLApan,1.1.1@ac1f4beb,immunogenicity,0.12734426558,higher,predicted,0.98432379961
zhao-vaccine-241f5ed344b276f1,DeepHLApan,1.1.1@ac1f4beb,immunogenicity,0.977129459381,higher,predicted,0.999382019043
zhao-vaccine-74515f7ab26177d9,DeepHLApan,1.1.1@ac1f4beb,immunogenicity,0.885443508625,higher,predicted,0.994823813438
zhao-vaccine-f7d81e959bed76fd,DeepHLApan,1.1.1@ac1f4beb,immunogenicity,0.0747422501445,higher,predicted,0.972280979156
zhao-vaccine-5df0851945e75a9b,DeepHLApan,1.1.1@ac1f4beb,immunogenicity,0.311922609806,higher,predicted,0.997158825397
zhao-vaccine-12bccd0f8cb0d82d,DeepHLApan,1.1.1@ac1f4beb,immunogenicity,0.908217728138,higher,predicted,0.975063621998
zhao-vaccine-7cefe8761aadff4f,DeepHLApan,1.1.1@ac1f4beb,immunogenicity,0.152254134417,higher,predicted,0.996515929699
zhao-vaccine-6474740652487b1e,DeepHLApan,1.1.1@ac1f4beb,immunogenicity,0.622368991375,higher,predicted,0.986908078194
zhao-vaccine-1384b13ea4a47498,DeepHLApan,1.1.1@ac1f4beb,immunogenicity,0.00960021931678,higher,predicted,0.997942566872
zhao-vaccine-e7e684493a85f4c3,DeepHLApan,1.1.1@ac1f4beb,immunogenicity,0.696997284889,higher,predicted,0.980967700481
zhao-vaccine-c102a196bf89a4b6,DeepHLApan,1.1.1@ac1f4beb,immunogenicity,0.326656252146,higher,predicted,0.963400185108
zhao-vaccine-7e30652ffdcbe453,DeepHLApan,1.1.1@ac1f4beb,immunogenicity,0.99186372757,higher,predicted,0.25179079175
zhao-vaccine-e9276b52de40e1ac,DeepHLApan,1.1.1@ac1f4beb,immunogenicity,0.991453170776,higher,predicted,0.985211014748
zhao-vaccine-a12b39139dc6298b,DeepHLApan,1.1.1@ac1f4beb,immunogenicity,0.0558727197349,higher,predicted,0.886539459229
zhao-vaccine-1635417f470261e1,DeepHLApan,1.1.1@ac1f4beb,immunogenicity,0.630094408989,higher,predicted,0.993842601776
zhao-vaccine-b23cc827d2fcd84a,DeepHLApan,1.1.1@ac1f4beb,immunogenicity,0.0156840458512,higher,predicted,0.976098239422
zhao-vaccine-8d2ca10b3e719cd3,DeepHLApan,1.1.1@ac1f4beb,immunogenicity,0.600894451141,higher,predicted,0.943353831768
zhao-vaccine-d2a8e851b57602e5,DeepHLApan,1.1.1@ac1f4beb,immunogenicity,0.0230419896543,higher,predicted,0.791842579842
zhao-vaccine-fd6568cd3764d90d,DeepHLApan,1.1.1@ac1f4beb,immunogenicity,0.977376937866,higher,predicted,0.999399960041
zhao-vaccine-f7c51ed7a58a8934,DeepHLApan,1.1.1@ac1f4beb,immunogenicity,0.102277949452,higher,predicted,0.998284935951
zhao-vaccine-a26b667b16047e56,DeepHLApan,1.1.1@ac1f4beb,immunogenicity,0.951322257519,higher,predicted,0.998624801636
zhao-vaccine-b2e66ff16b79a023,DeepHLApan,1.1.1@ac1f4beb,immunogenicity,0.94894182682,higher,predicted,0.999934375286
zhao-vaccine-b696a57d6d62315a,DeepHLApan,1.1.1@ac1f4beb,immunogenicity,0.143280237913,higher,predicted,0.997061908245
zhao-vaccine-8b054f154e9bb54b,DeepHLApan,1.1.1@ac1f4beb,immunogenicity,0.924108862877,higher,predicted,0.997489094734
zhao-vaccine-65c857de58a443cf,DeepHLApan,1.1.1@ac1f4beb,immunogenicity,0.0823248699307,higher,predicted,0.997365653515
zhao-vaccine-8d5c6842d3d9446c,DeepHLApan,1.1.1@ac1f4beb,immunogenicity,0.973254978657,higher,predicted,0.995379149914
zhao-vaccine-e6d0ff2c0266fc1f,DeepHLApan,1.1.1@ac1f4beb,immunogenicity,0.228376105428,higher,predicted,0.923809528351
zhao-vaccine-2e3b3050a35eda79,DeepHLApan,1.1.1@ac1f4beb,immunogenicity,0.208209723234,higher,predicted,0.99853926897
zhao-vaccine-fd3b9f94ce8b5966,DeepHLApan,1.1.1@ac1f4beb,immunogenicity,0.844372570515,higher,predicted,0.988816559315
zhao-vaccine-0b7bce2881c6a27d,DeepHLApan,1.1.1@ac1f4beb,immunogenicity,0.375320732594,higher,predicted,0.998083472252
zhao-vaccine-7ead1c9658b454fa,DeepHLApan,1.1.1@ac1f4beb,immunogenicity,0.268368571997,higher,predicted,0.996240496635
zhao-vaccine-e8d4832f24f49fa4,DeepHLApan,1.1.1@ac1f4beb,immunogenicity,0.0779261663556,higher,predicted,0.956860721111
zhao-vaccine-5c7446710515ea0c,DeepHLApan,1.1.1@ac1f4beb,immunogenicity,0.979368984699,higher,predicted,0.997865855694
zhao-vaccine-4792240faf0d2442,DeepHLApan,1.1.1@ac1f4beb,immunogenicity,0.985807299614,higher,predicted,0.975923538208
zhao-vaccine-5af70a1de861bbe8,DeepHLApan,1.1.1@ac1f4beb,immunogenicity,0.976551055908,higher,predicted,0.999697208405
zhao-vaccine-9fe53c22422fa653,DeepHLApan,1.1.1@ac1f4beb,immunogenicity,0.0543551258743,higher,predicted,0.990768432617
zhao-vaccine-43730793527c1c58,DeepHLApan,1.1.1@ac1f4beb,immunogenicity,0.756854891777,higher,predicted,0.996274769306
zhao-vaccine-bd98ad0dbc1ffda8,DeepHLApan,1.1.1@ac1f4beb,immunogenicity,0.772588849068,higher,predicted,0.994752883911
zhao-vaccine-10c33d138e6258f8,DeepHLApan,1.1.1@ac1f4beb,immunogenicity,0.78135061264,higher,predicted,0.995361149311
zhao-vaccine-da2fd43a3a17bed7,DeepHLApan,1.1.1@ac1f4beb,immunogenicity,0.344437539577,higher,predicted,0.981589317322
zhao-vaccine-c12281bbf19a4abd,DeepHLApan,1.1.1@ac1f4beb,immunogenicity,0.16426987946,higher,predicted,0.992854773998
zhao-vaccine-0d500fc84bf8ae30,DeepHLApan,1.1.1@ac1f4beb,immunogenicity,0.617678403854,higher,predicted,0.994278550148
zhao-vaccine-b49f7842d9b4a6c3,DeepHLApan,1.1.1@ac1f4beb,immunogenicity,0.165587171912,higher,predicted,0.997317671776
zhao-vaccine-583d9b909f2e2085,DeepHLApan,1.1.1@ac1f4beb,immunogenicity,0.672267735004,higher,predicted,0.998542129993
zhao-vaccine-e873b21bfae977d0,DeepHLApan,1.1.1@ac1f4beb,immunogenicity,0.812860667706,higher,predicted,0.997964262962
zhao-vaccine-223711e0310fa27f,DeepHLApan,1.1.1@ac1f4beb,immunogenicity,0.265736550093,higher,predicted,0.996810793877
zhao-vaccine-9f527410587768f6,DeepHLApan,1.1.1@ac1f4beb,immunogenicity,0.964686393738,higher,predicted,0.999384582043
zhao-vaccine-82e6fde91e616b78,DeepHLApan,1.1.1@ac1f4beb,immunogenicity,0.926613926888,higher,predicted,0.999507784843
zhao-vaccine-015f3f5c3a4f049a,DeepHLApan,1.1.1@ac1f4beb,immunogenicity,0.967735290527,higher,predicted,0.989806771278
zhao-vaccine-3031b8e82ad731c2,DeepHLApan,1.1.1@ac1f4beb,immunogenicity,0.869838893414,higher,predicted,0.981712222099
zhao-vaccine-61a7f63d46d0b1ae,DeepHLApan,1.1.1@ac1f4beb,immunogenicity,0.0095381308347,higher,predicted,0.980802714825
zhao-vaccine-b336a4ecc473e5ed,DeepHLApan,1.1.1@ac1f4beb,immunogenicity,0.129666954279,higher,predicted,0.911395847797
zhao-vaccine-87ab2eaf6804788f,DeepHLApan,1.1.1@ac1f4beb,immunogenicity,0.00111286679748,higher,predicted,0.985060870647
zhao-vaccine-baf353825f382be5,DeepHLApan,1.1.1@ac1f4beb,immunogenicity,0.981983542442,higher,predicted,0.999259114265
zhao-vaccine-35a3684a71df0b96,DeepHLApan,1.1.1@ac1f4beb,immunogenicity,0.0415173657238,higher,predicted,0.998874843121
zhao-vaccine-cedb684e7e44c0cb,DeepHLApan,1.1.1@ac1f4beb,immunogenicity,0.00515722204,higher,predicted,0.979026436806
zhao-vaccine-cbb6b14e95ca88b8,DeepHLApan,1.1.1@ac1f4beb,immunogenicity,0.015392370522,higher,predicted,0.984201312065
zhao-vaccine-c03d89200c428847,DeepHLApan,1.1.1@ac1f4beb,immunogenicity,0.87304276228,higher,predicted,0.520443558693
zhao-vaccine-28be76526d52543c,DeepHLApan,1.1.1@ac1f4beb,immunogenicity,0.358784258366,higher,predicted,0.952539265156
zhao-vaccine-e9b4f0dfabc14750,DeepHLApan,1.1.1@ac1f4beb,immunogenicity,0.399180233479,higher,predicted,0.971488833427
zhao-vaccine-2ac21cd9be4184b0,DeepHLApan,1.1.1@ac1f4beb,immunogenicity,0.647072851658,higher,predicted,0.981200993061
zhao-vaccine-48ea254de5fa16b2,DeepHLApan,1.1.1@ac1f4beb,immunogenicity,0.381456315517,higher,predicted,0.997704327106
zhao-vaccine-523654c7d864f1f5,DeepHLApan,1.1.1@ac1f4beb,immunogenicity,0.626793205738,higher,predicted,0.991854667664
zhao-vaccine-1793bf4cd6bd1c14,DeepHLApan,1.1.1@ac1f4beb,immunogenicity,0.991884529591,higher,predicted,0.999626457691
zhao-vaccine-1c8a35e9d70dbe16,DeepHLApan,1.1.1@ac1f4beb,immunogenicity,0.799115538597,higher,predicted,0.99636811018
zhao-vaccine-ebe9d5fbde63d333,DeepHLApan,1.1.1@ac1f4beb,immunogenicity,0.761184096336,higher,predicted,0.997751533985
zhao-vaccine-b2667228dbb9774b,DeepHLApan,1.1.1@ac1f4beb,immunogenicity,0.513534665108,higher,predicted,0.991583228111
zhao-vaccine-f24baca37be1a650,DeepHLApan,1.1.1@ac1f4beb,immunogenicity,0.548946738243,higher,predicted,0.994614422321
zhao-vaccine-aca0c405a9761509,DeepHLApan,1.1.1@ac1f4beb,immunogenicity,0.0962420701981,higher,predicted,0.998148798943
zhao-vaccine-137f30055973381d,DeepHLApan,1.1.1@ac1f4beb,immunogenicity,0.28309160471,higher,predicted,0.997572422028
zhao-vaccine-5acb13985756e139,DeepHLApan,1.1.1@ac1f4beb,immunogenicity,0.0903777703643,higher,predicted,0.994602322578
zhao-vaccine-323a6abee6b08db3,DeepHLApan,1.1.1@ac1f4beb,immunogenicity,0.98763769865,higher,predicted,0.990287005901
zhao-vaccine-79ac2042de749929,DeepHLApan,1.1.1@ac1f4beb,immunogenicity,0.990695774555,higher,predicted,0.996646046638
zhao-vaccine-e8b4f2b70db831b0,DeepHLApan,1.1.1@ac1f4beb,immunogenicity,0.982622921467,higher,predicted,0.997969329357
zhao-vaccine-608b009f82c88493,DeepHLApan,1.1.1@ac1f4beb,immunogenicity,0.242862582207,higher,predicted,0.999819755554
zhao-vaccine-37a807759a502c1b,DeepHLApan,1.1.1@ac1f4beb,immunogenicity,0.760307431221,higher,predicted,0.984641849995
zhao-vaccine-1e4ca59f5ebf7442,DeepHLApan,1.1.1@ac1f4beb,immunogenicity,0.842119574547,higher,predicted,0.995038032532
zhao-vaccine-c8f047294af0328d,DeepHLApan,1.1.1@ac1f4beb,immunogenicity,0.660131156445,higher,predicted,0.894441008568
zhao-vaccine-cc5704e7d618677e,DeepHLApan,1.1.1@ac1f4beb,immunogenicity,0.428127944469,higher,predicted,0.933621764183
zhao-vaccine-8aff6dc901f42ea5,DeepHLApan,1.1.1@ac1f4beb,immunogenicity,0.812454104424,higher,predicted,0.980317473412
zhao-vaccine-d6dda5366e5dc976,DeepHLApan,1.1.1@ac1f4beb,immunogenicity,0.797813594341,higher,predicted,0.977437019348
zhao-vaccine-f468df5e69517960,DeepHLApan,1.1.1@ac1f4beb,immunogenicity,0.391977220774,higher,predicted,0.98217612505
zhao-vaccine-50bc0715030f03ce,DeepHLApan,1.1.1@ac1f4beb,immunogenicity,0.635835111141,higher,predicted,0.997995376587
zhao-vaccine-72b35402f2106ea1,DeepHLApan,1.1.1@ac1f4beb,immunogenicity,0.602487325668,higher,predicted,0.990291714668
zhao-vaccine-aff9eeada839b58c,DeepHLApan,1.1.1@ac1f4beb,immunogenicity,0.40248632431,higher,predicted,0.986673057079
zhao-vaccine-97e30c74a87e05dd,DeepHLApan,1.1.1@ac1f4beb,immunogenicity,0.42567294836,higher,predicted,0.980137467384
zhao-vaccine-9a583860aa7fe6c9,DeepHLApan,1.1.1@ac1f4beb,immunogenicity,0.543437123299,higher,predicted,0.996764838696
zhao-vaccine-82473da3aebe3f99,DeepHLApan,1.1.1@ac1f4beb,immunogenicity,0.495027780533,higher,predicted,0.996204674244
zhao-vaccine-890d0481078605a4,DeepHLApan,1.1.1@ac1f4beb,immunogenicity,0.53741133213,higher,predicted,0.993932723999
zhao-vaccine-a8bf16d20e1d5fe5,DeepHLApan,1.1.1@ac1f4beb,immunogenicity,0.35497123003,higher,predicted,0.995202243328
zhao-vaccine-c0be17cb2d09a5d5,DeepHLApan,1.1.1@ac1f4beb,immunogenicity,0.949903309345,higher,predicted,0.999943733215
zhao-vaccine-cd89b89400829c25,DeepHLApan,1.1.1@ac1f4beb,immunogenicity,0.899927020073,higher,predicted,0.999609172344
zhao-vaccine-e892d242b06d9fef,DeepHLApan,1.1.1@ac1f4beb,immunogenicity,0.839740276337,higher,predicted,0.99448621273
zhao-vaccine-499d980535ba1168,DeepHLApan,1.1.1@ac1f4beb,immunogenicity,0.0361159481108,higher,predicted,0.980961680412
zhao-vaccine-bdaf73e85080bde2,DeepHLApan,1.1.1@ac1f4beb,immunogenicity,0.502832531929,higher,predicted,0.995745837688
zhao-vaccine-2489806640445d7d,DeepHLApan,1.1.1@ac1f4beb,immunogenicity,0.334625691175,higher,predicted,0.98404866457
zhao-vaccine-f60a46f135c08e02,DeepHLApan,1.1.1@ac1f4beb,immunogenicity,0.281311929226,higher,predicted,0.974361598492
zhao-vaccine-ffaecc34260f7f52,DeepHLApan,1.1.1@ac1f4beb,immunogenicity,0.692586302757,higher,predicted,0.989019989967
zhao-vaccine-c85a2cc2b4de6371,DeepHLApan,1.1.1@ac1f4beb,immunogenicity,0.723977446556,higher,predicted,0.96313226223
zhao-vaccine-6f3f8d1b39baf09d,DeepHLApan,1.1.1@ac1f4beb,immunogenicity,0.992204368114,higher,predicted,0.999274075031
zhao-vaccine-f4b15d0bffde55ea,DeepHLApan,1.1.1@ac1f4beb,immunogenicity,0.888064980507,higher,predicted,0.994835019112
zhao-vaccine-5561a66512f160ac,DeepHLApan,1.1.1@ac1f4beb,immunogenicity,0.685972869396,higher,predicted,0.806048691273
zhao-vaccine-8b2d3eae07a1cdc2,DeepHLApan,1.1.1@ac1f4beb,immunogenicity,0.902281761169,higher,predicted,0.989534854889
zhao-vaccine-b8483b3360c62c21,DeepHLApan,1.1.1@ac1f4beb,immunogenicity,0.0687204226851,higher,predicted,0.999276459217
zhao-vaccine-f17e8558595ff874,DeepHLApan,1.1.1@ac1f4beb,immunogenicity,0.504281640053,higher,predicted,0.957321643829
zhao-vaccine-388ced9e4ae5f521,DeepHLApan,1.1.1@ac1f4beb,immunogenicity,0.952747941017,higher,predicted,0.96491163969
zhao-vaccine-27a21bc63a907d16,DeepHLApan,1.1.1@ac1f4beb,immunogenicity,0.989960372448,higher,predicted,0.963098704815
zhao-vaccine-ae18f2e796864520,DeepHLApan,1.1.1@ac1f4beb,immunogenicity,0.988805949688,higher,predicted,0.999416828156
zhao-vaccine-8fadb6aecb562960,DeepHLApan,1.1.1@ac1f4beb,immunogenicity,0.987417519093,higher,predicted,0.987105190754
zhao-vaccine-0e185306b20150b5,DeepHLApan,1.1.1@ac1f4beb,immunogenicity,0.637060284615,higher,predicted,0.966882824898
zhao-vaccine-6bbfc6d3e617ef40,DeepHLApan,1.1.1@ac1f4beb,immunogenicity,0.0270589999855,higher,predicted,0.98945492506
zhao-vaccine-f4bf623eef927650,DeepHLApan,1.1.1@ac1f4beb,immunogenicity,0.366974920034,higher,predicted,0.969487190247
zhao-vaccine-a4ef4400bf6c6cb8,DeepHLApan,1.1.1@ac1f4beb,immunogenicity,0.90683221817,higher,predicted,0.999549984932
zhao-vaccine-23218612d1b1bd4d,DeepHLApan,1.1.1@ac1f4beb,immunogenicity,0.660608291626,higher,predicted,0.986940979958
zhao-vaccine-f2bfb3f08b47a945,DeepHLApan,1.1.1@ac1f4beb,immunogenicity,0.570018947124,higher,predicted,0.979752659798
zhao-vaccine-ac077a669b8c0ac7,DeepHLApan,1.1.1@ac1f4beb,immunogenicity,0.878567218781,higher,predicted,0.975399971008
zhao-vaccine-f293452f2cf65714,DeepHLApan,1.1.1@ac1f4beb,immunogenicity,0.378242820501,higher,predicted,0.973340630531
zhao-vaccine-d7c6cc0e7224b387,DeepHLApan,1.1.1@ac1f4beb,immunogenicity,0.035923525691,higher,predicted,0.964988231659
zhao-vaccine-197a2688bbcb56e2,DeepHLApan,1.1.1@ac1f4beb,immunogenicity,0.0952175408602,higher,predicted,0.999891936779
zhao-vaccine-555e0c858a41ad16,DeepHLApan,1.1.1@ac1f4beb,immunogenicity,0.809723258018,higher,predicted,0.997712492943
zhao-vaccine-a5e52fa3c62e264d,DeepHLApan,1.1.1@ac1f4beb,immunogenicity,0.7018648386,higher,predicted,0.99769371748
zhao-vaccine-c5a2cd71fbec8b68,DeepHLApan,1.1.1@ac1f4beb,immunogenicity,0.901633441448,higher,predicted,0.876731872559
zhao-vaccine-c725f3b8b9b97a16,DeepHLApan,1.1.1@ac1f4beb,immunogenicity,0.619491994381,higher,predicted,0.821061313152
zhao-vaccine-eaced34e514edeba,DeepHLApan,1.1.1@ac1f4beb,immunogenicity,0.428987205029,higher,predicted,0.904385387897
zhao-vaccine-ff023dfa06b2e9c0,DeepHLApan,1.1.1@ac1f4beb,immunogenicity,0.834189116955,higher,predicted,0.972781181335
zhao-vaccine-d9c2127acd3f15f1,DeepHLApan,1.1.1@ac1f4beb,immunogenicity,0.582266449928,higher,predicted,0.972105503082
zhao-vaccine-f9d4a9cd87e8c515,DeepHLApan,1.1.1@ac1f4beb,immunogenicity,0.75875800848,higher,predicted,0.958033680916
zhao-vaccine-dfa1ab9e713a5529,DeepHLApan,1.1.1@ac1f4beb,immunogenicity,0.956881642342,higher,predicted,0.984485328197
zhao-vaccine-8e92e35ad8116779,DeepHLApan,1.1.1@ac1f4beb,immunogenicity,0.846913516521,higher,predicted,0.935408115387
zhao-vaccine-42486ac4b15adbd7,DeepHLApan,1.1.1@ac1f4beb,immunogenicity,0.186652258039,higher,predicted,0.972740828991
zhao-vaccine-5a26a19caa216cea,DeepHLApan,1.1.1@ac1f4beb,immunogenicity,0.00112656527199,higher,predicted,0.901512801647
zhao-vaccine-8198aac58d5d86bc,DeepHLApan,1.1.1@ac1f4beb,immunogenicity,0.913180530071,higher,predicted,0.206138521433
zhao-vaccine-31e03651fe8fe943,DeepHLApan,1.1.1@ac1f4beb,immunogenicity,0.0679446086287,higher,predicted,0.999165654182
zhao-vaccine-487db9eb855d99c1,DeepHLApan,1.1.1@ac1f4beb,immunogenicity,0.810829520226,higher,predicted,0.984495937824
zhao-vaccine-fdaaf105de7ed76c,DeepHLApan,1.1.1@ac1f4beb,immunogenicity,0.641554713249,higher,predicted,0.994964957237
zhao-vaccine-050bcbe5980a1004,DeepHLApan,1.1.1@ac1f4beb,immunogenicity,0.199118390679,higher,predicted,0.999637246132
zhao-vaccine-5acf73ef956fb0f6,DeepHLApan,1.1.1@ac1f4beb,immunogenicity,0.290381193161,higher,predicted,0.995184898376
zhao-vaccine-134e01af040c07a5,DeepHLApan,1.1.1@ac1f4beb,immunogenicity,0.86631834507,higher,predicted,0.979806900024
zhao-vaccine-44f468e26ce5f493,DeepHLApan,1.1.1@ac1f4beb,immunogenicity,0.60228729248,higher,predicted,0.997613728046
zhao-vaccine-788ef1f0f8f2eee4,DeepHLApan,1.1.1@ac1f4beb,immunogenicity,0.101665183902,higher,predicted,0.997208237648
zhao-vaccine-115c6885fd051bc2,DeepHLApan,1.1.1@ac1f4beb,immunogenicity,0.331567585468,higher,predicted,0.992862820625
zhao-vaccine-b3f51b3b1f498e40,DeepHLApan,1.1.1@ac1f4beb,immunogenicity,0.0953373238444,higher,predicted,0.974907875061
zhao-vaccine-cc283018234c377b,DeepHLApan,1.1.1@ac1f4beb,immunogenicity,0.59245634079,higher,predicted,0.983740925789
zhao-vaccine-d926f805c75dc10b,DeepHLApan,1.1.1@ac1f4beb,immunogenicity,0.346500962973,higher,predicted,0.852907776833
zhao-vaccine-db814c15ce0ec86c,DeepHLApan,1.1.1@ac1f4beb,immunogenicity,0.183536186814,higher,predicted,0.997716605663
zhao-vaccine-a0058cafd0fe79e0,DeepHLApan,1.1.1@ac1f4beb,immunogenicity,0.461841523647,higher,predicted,0.998748481274
zhao-vaccine-93aa3e2ee884c663,DeepHLApan,1.1.1@ac1f4beb,immunogenicity,0.697057127953,higher,predicted,0.998559176922
zhao-vaccine-a52e8847ab059479,DeepHLApan,1.1.1@ac1f4beb,immunogenicity,0.61809694767,higher,predicted,0.987575173378
zhao-vaccine-1ad1c20fea1a4314,DeepHLApan,1.1.1@ac1f4beb,immunogenicity,0.0782824382186,higher,predicted,0.997472763062
zhao-vaccine-af155a4e6e202d04,DeepHLApan,1.1.1@ac1f4beb,immunogenicity,0.397343575954,higher,predicted,0.996850192547
zhao-vaccine-083c39bbd7b7d3d6,DeepHLApan,1.1.1@ac1f4beb,immunogenicity,0.0189949013293,higher,predicted,0.993217349052
zhao-vaccine-bcbeab3a6933c9ae,DeepHLApan,1.1.1@ac1f4beb,immunogenicity,0.153043940663,higher,predicted,0.987777888775
zhao-vaccine-a8f28c25fb5a2142,DeepHLApan,1.1.1@ac1f4beb,immunogenicity,0.246318504214,higher,predicted,0.994642853737
zhao-vaccine-eb4eb1948e41f5ba,DeepHLApan,1.1.1@ac1f4beb,immunogenicity,0.0822696015239,higher,predicted,0.999304592609
zhao-vaccine-b6fccafa1723483f,DeepHLApan,1.1.1@ac1f4beb,immunogenicity,0.8560962677,higher,predicted,0.992951989174
zhao-vaccine-69a7d7e3d1e6949b,DeepHLApan,1.1.1@ac1f4beb,immunogenicity,0.653471589088,higher,predicted,0.984813570976
zhao-vaccine-2fab9ffb21a79c4d,DeepHLApan,1.1.1@ac1f4beb,immunogenicity,0.981291890144,higher,predicted,0.0483322143555
zhao-vaccine-f5ff43b40835f440,DeepHLApan,1.1.1@ac1f4beb,immunogenicity,0.643835663795,higher,predicted,0.999219238758
zhao-vaccine-004684bafb2b4cc9,DeepHLApan,1.1.1@ac1f4beb,immunogenicity,0.841887652874,higher,predicted,0.999920368195
zhao-vaccine-5e7e6e2edd04f76c,DeepHLApan,1.1.1@ac1f4beb,immunogenicity,0.587121486664,higher,predicted,0.99993878603
zhao-vaccine-d6e658332687ca69,DeepHLApan,1.1.1@ac1f4beb,immunogenicity,0.234075933695,higher,predicted,0.90040409565
zhao-vaccine-0576c1b82786bfa4,DeepHLApan,1.1.1@ac1f4beb,immunogenicity,0.000477296533063,higher,predicted,0.941146254539
zhao-vaccine-eebeb2ab9639b50d,DeepHLApan,1.1.1@ac1f4beb,immunogenicity,0.743140935898,higher,predicted,0.997524738312
zhao-vaccine-95c58fac230ea0f3,DeepHLApan,1.1.1@ac1f4beb,immunogenicity,0.0429272428155,higher,predicted,0.819460749626
zhao-vaccine-bb1a0c27e90239ef,DeepHLApan,1.1.1@ac1f4beb,immunogenicity,0.0168032385409,higher,predicted,0.95192450285
zhao-vaccine-1c3a67755fd7fca1,DeepHLApan,1.1.1@ac1f4beb,immunogenicity,0.134250104427,higher,predicted,0.963604807854
zhao-vaccine-3ef5d2b22192452c,DeepHLApan,1.1.1@ac1f4beb,immunogenicity,0.133099675179,higher,predicted,0.998752593994
zhao-vaccine-2035a2c4e1d3b152,DeepHLApan,1.1.1@ac1f4beb,immunogenicity,0.960845947266,higher,predicted,0.999801278114
zhao-vaccine-7385fb196deb3bf7,DeepHLApan,1.1.1@ac1f4beb,immunogenicity,0.570663571358,higher,predicted,0.993851006031
zhao-vaccine-dbb983045ceede00,DeepHLApan,1.1.1@ac1f4beb,immunogenicity,0.98725092411,higher,predicted,0.998841166496
zhao-vaccine-527f95a4e289d7e9,DeepHLApan,1.1.1@ac1f4beb,immunogenicity,0.502328574657,higher,predicted,0.996350646019
zhao-vaccine-04005fe536e93742,DeepHLApan,1.1.1@ac1f4beb,immunogenicity,0.0048815519549,higher,predicted,0.984130978584
zhao-vaccine-2ebb94dcfe10a6ab,DeepHLApan,1.1.1@ac1f4beb,immunogenicity,0.974665164948,higher,predicted,0.99918782711
zhao-vaccine-822871467a2cb9f7,DeepHLApan,1.1.1@ac1f4beb,immunogenicity,0.583404898643,higher,predicted,0.990209698677
zhao-vaccine-d22412fcd0906159,DeepHLApan,1.1.1@ac1f4beb,immunogenicity,0.741057097912,higher,predicted,0.994621276855
zhao-vaccine-1bc4abb5ce77ef26,DeepHLApan,1.1.1@ac1f4beb,immunogenicity,0.871636986732,higher,predicted,0.991256535053
zhao-vaccine-d042e70a4fac48ce,DeepHLApan,1.1.1@ac1f4beb,immunogenicity,0.95390188694,higher,predicted,0.999086022377
zhao-vaccine-49a3aed1972a53cb,DeepHLApan,1.1.1@ac1f4beb,immunogenicity,0.712735056877,higher,predicted,0.999500870705
zhao-vaccine-3efc9e2f4bf83404,DeepHLApan,1.1.1@ac1f4beb,immunogenicity,0.00418896041811,higher,predicted,0.990729928017
zhao-vaccine-bd733d897205f436,DeepHLApan,1.1.1@ac1f4beb,immunogenicity,0.828207015991,higher,predicted,0.985053420067
zhao-vaccine-552deaa19718651e,DeepHLApan,1.1.1@ac1f4beb,immunogenicity,0.368235737085,higher,predicted,0.997528374195
zhao-vaccine-179ec83aee84c481,DeepHLApan,1.1.1@ac1f4beb,immunogenicity,0.258255183697,higher,predicted,0.937794566154
zhao-vaccine-e73b70638bcacc49,DeepHLApan,1.1.1@ac1f4beb,immunogenicity,0.032259106636,higher,predicted,0.966870903969
zhao-vaccine-475cff767bc113d1,DeepHLApan,1.1.1@ac1f4beb,immunogenicity,0.562382519245,higher,predicted,0.971842467785
zhao-vaccine-3d2247c88733bc02,DeepHLApan,1.1.1@ac1f4beb,immunogenicity,0.257906168699,higher,predicted,0.978902339935
zhao-vaccine-23d1214c81edd2bf,DeepHLApan,1.1.1@ac1f4beb,immunogenicity,0.323360443115,higher,predicted,0.964908957481
zhao-vaccine-77c91184c7fe8a44,DeepHLApan,1.1.1@ac1f4beb,immunogenicity,0.35877341032,higher,predicted,0.921189188957
zhao-vaccine-3bc56fd5f749551a,DeepHLApan,1.1.1@ac1f4beb,immunogenicity,0.169858753681,higher,predicted,0.987143158913
zhao-vaccine-601d5c1084d82d5e,DeepHLApan,1.1.1@ac1f4beb,immunogenicity,0.0173369534314,higher,predicted,0.998554825783
zhao-vaccine-9daff6e5105ae694,DeepHLApan,1.1.1@ac1f4beb,immunogenicity,0.00410622591153,higher,predicted,0.995108246803
zhao-vaccine-d27e4266e28272a5,DeepHLApan,1.1.1@ac1f4beb,immunogenicity,0.507650971413,higher,predicted,0.998707175255
zhao-vaccine-3d0b0f4d4ff1e144,DeepHLApan,1.1.1@ac1f4beb,immunogenicity,0.468371540308,higher,predicted,0.995317578316
zhao-vaccine-4dc99915264a3be9,DeepHLApan,1.1.1@ac1f4beb,immunogenicity,0.757476389408,higher,predicted,0.996353268623
zhao-vaccine-95841985f246888a,DeepHLApan,1.1.1@ac1f4beb,immunogenicity,0.528281152248,higher,predicted,0.898346245289
zhao-vaccine-b0d0cc94e7ddcb4c,DeepHLApan,1.1.1@ac1f4beb,immunogenicity,0.392585456371,higher,predicted,0.968592941761
zhao-vaccine-e5b6e6531027fb8f,DeepHLApan,1.1.1@ac1f4beb,immunogenicity,0.814247608185,higher,predicted,0.938417315483
zhao-vaccine-1d176f8351e9f7ad,DeepHLApan,1.1.1@ac1f4beb,immunogenicity,0.921887218952,higher,predicted,0.655511438847
zhao-vaccine-d412ce466d5b1dc9,DeepHLApan,1.1.1@ac1f4beb,immunogenicity,0.403764635324,higher,predicted,0.866213142872
zhao-vaccine-15fe9978ca52b138,DeepHLApan,1.1.1@ac1f4beb,immunogenicity,0.0326786860824,higher,predicted,0.967780709267
zhao-vaccine-2bfc958d9bf6634e,DeepHLApan,1.1.1@ac1f4beb,immunogenicity,0.764930665493,higher,predicted,0.999779999256
zhao-vaccine-628a7fb3dbfebccc,DeepHLApan,1.1.1@ac1f4beb,immunogenicity,0.020635323599,higher,predicted,0.985962748528
zhao-vaccine-a4de99f6c1c81857,DeepHLApan,1.1.1@ac1f4beb,immunogenicity,0.52589905262,higher,predicted,0.991268754005
zhao-vaccine-47d94499ca222d03,DeepHLApan,1.1.1@ac1f4beb,immunogenicity,0.635466217995,higher,predicted,0.997383713722
zhao-vaccine-7bc119052ceb79ba,DeepHLApan,1.1.1@ac1f4beb,immunogenicity,0.959619879723,higher,predicted,0.953128814697
zhao-vaccine-03b8d0dfc45ddca1,DeepHLApan,1.1.1@ac1f4beb,immunogenicity,0.749399840832,higher,predicted,0.989408671856
zhao-vaccine-15d95e5a1176ca46,DeepHLApan,1.1.1@ac1f4beb,immunogenicity,0.922325730324,higher,predicted,0.996881008148
zhao-vaccine-54c4c39a2e4f38f8,DeepHLApan,1.1.1@ac1f4beb,immunogenicity,0.784692406654,higher,predicted,0.997343063354
zhao-vaccine-4cb2c73c4037fe42,DeepHLApan,1.1.1@ac1f4beb,immunogenicity,0.960871517658,higher,predicted,0.983331501484
zhao-vaccine-d51f8c32cad1ba20,DeepHLApan,1.1.1@ac1f4beb,immunogenicity,0.611772894859,higher,predicted,0.99775159359
zhao-vaccine-10aed5dd64ac5e96,DeepHLApan,1.1.1@ac1f4beb,immunogenicity,0.860570907593,higher,predicted,0.998967528343
zhao-vaccine-b4d79cc663ff7cb6,DeepHLApan,1.1.1@ac1f4beb,immunogenicity,0.922174572945,higher,predicted,0.989504635334
zhao-vaccine-0965fc823e5c55b6,DeepHLApan,1.1.1@ac1f4beb,immunogenicity,0.816769301891,higher,predicted,0.973323464394
zhao-vaccine-e82dd5c586f503f8,DeepHLApan,1.1.1@ac1f4beb,immunogenicity,0.614121854305,higher,predicted,0.962460875511
zhao-vaccine-96f5d7454e5ad071,DeepHLApan,1.1.1@ac1f4beb,immunogenicity,0.656944394112,higher,predicted,0.984481811523
zhao-vaccine-2320522f4904ce2d,DeepHLApan,1.1.1@ac1f4beb,immunogenicity,0.934766888618,higher,predicted,0.998089134693
zhao-vaccine-65768a47eeba2a4b,DeepHLApan,1.1.1@ac1f4beb,immunogenicity,0.752600729465,higher,predicted,0.975045859814
zhao-vaccine-0454fe88d4ac8002,DeepHLApan,1.1.1@ac1f4beb,immunogenicity,0.978839278221,higher,predicted,0.993025004864
zhao-vaccine-89993b9b649d4bf9,DeepHLApan,1.1.1@ac1f4beb,immunogenicity,0.892129421234,higher,predicted,0.968606770039
zhao-vaccine-c214618b34c2e443,DeepHLApan,1.1.1@ac1f4beb,immunogenicity,0.644374608994,higher,predicted,0.99218082428
zhao-vaccine-d234ed653d6ff2ef,DeepHLApan,1.1.1@ac1f4beb,immunogenicity,0.382607460022,higher,predicted,0.933406710625
zhao-vaccine-933c3a1a5d3fcfb5,DeepHLApan,1.1.1@ac1f4beb,immunogenicity,0.651888251305,higher,predicted,0.985897541046
zhao-vaccine-86625401541d7ccb,DeepHLApan,1.1.1@ac1f4beb,immunogenicity,0.107358418405,higher,predicted,0.998756706715
zhao-vaccine-92fb0552f2f37ea6,DeepHLApan,1.1.1@ac1f4beb,immunogenicity,0.00116107182112,higher,predicted,0.845909953117
zhao-vaccine-11227a4a3d59829a,DeepHLApan,1.1.1@ac1f4beb,immunogenicity,0.802042782307,higher,predicted,0.997600257397
zhao-vaccine-7d23928704435dc6,DeepHLApan,1.1.1@ac1f4beb,immunogenicity,0.872773468494,higher,predicted,0.999753296375
zhao-vaccine-1c332b4d9a7afa33,DeepHLApan,1.1.1@ac1f4beb,immunogenicity,0.0164256822318,higher,predicted,0.996893048286
zhao-vaccine-d55305c322d0068a,DeepHLApan,1.1.1@ac1f4beb,immunogenicity,0.832670688629,higher,predicted,0.986218333244
zhao-vaccine-223101ef12b1d5d5,DeepHLApan,1.1.1@ac1f4beb,immunogenicity,0.725561857224,higher,predicted,0.996646225452
zhao-vaccine-b681ee4ba6fc6869,DeepHLApan,1.1.1@ac1f4beb,immunogenicity,0.115359306335,higher,predicted,0.993378996849
zhao-vaccine-650741bfed719a3e,DeepHLApan,1.1.1@ac1f4beb,immunogenicity,0.866001784801,higher,predicted,0.994350910187
zhao-vaccine-b287db63851eeff5,DeepHLApan,1.1.1@ac1f4beb,immunogenicity,0.049946565181,higher,predicted,0.996845126152
zhao-vaccine-0c6afaae20915efb,DeepHLApan,1.1.1@ac1f4beb,immunogenicity,0.300602555275,higher,predicted,0.993501961231
zhao-vaccine-64f082f381176acb,DeepHLApan,1.1.1@ac1f4beb,immunogenicity,0.0550768375397,higher,predicted,0.998416900635
zhao-vaccine-5fc783e702f9eba8,DeepHLApan,1.1.1@ac1f4beb,immunogenicity,0.825680434704,higher,predicted,0.953101277351
zhao-vaccine-292259718a089cab,DeepHLApan,1.1.1@ac1f4beb,immunogenicity,0.883695721626,higher,predicted,0.981916606426
zhao-vaccine-de9066f21b4546ac,DeepHLApan,1.1.1@ac1f4beb,immunogenicity,0.0604337565601,higher,predicted,0.998742699623
zhao-vaccine-00ebc5582e851a99,DeepHLApan,1.1.1@ac1f4beb,immunogenicity,0.0286288764328,higher,predicted,0.986787497997
zhao-vaccine-be9e7274af2b2d63,DeepHLApan,1.1.1@ac1f4beb,immunogenicity,0.431574821472,higher,predicted,0.996476531029
zhao-vaccine-874e8070deb080f0,DeepHLApan,1.1.1@ac1f4beb,immunogenicity,0.0679145380855,higher,predicted,0.972115218639
zhao-vaccine-bb29c2d6a8cfb75e,DeepHLApan,1.1.1@ac1f4beb,immunogenicity,0.00678569916636,higher,predicted,0.992267251015
zhao-vaccine-eca0d8162dca164b,DeepHLApan,1.1.1@ac1f4beb,immunogenicity,0.0279249157757,higher,predicted,0.999495148659
zhao-vaccine-db2184f5f215317b,DeepHLApan,1.1.1@ac1f4beb,immunogenicity,0.568619787693,higher,predicted,0.975558280945
zhao-vaccine-7616ec8d421ab8e7,DeepHLApan,1.1.1@ac1f4beb,immunogenicity,0.2888892591,higher,predicted,0.809345543385
zhao-vaccine-dbe2c008385f4065,DeepHLApan,1.1.1@ac1f4beb,immunogenicity,0.0776437669992,higher,predicted,0.998512387276
zhao-vaccine-89b3b969bcd62f64,DeepHLApan,1.1.1@ac1f4beb,immunogenicity,0.545420944691,higher,predicted,0.983108520508
zhao-vaccine-c335fa90a3776c2f,DeepHLApan,1.1.1@ac1f4beb,immunogenicity,0.0872322171926,higher,predicted,0.994724094868
zhao-vaccine-400dad68348762c6,DeepHLApan,1.1.1@ac1f4beb,immunogenicity,0.824093937874,higher,predicted,0.965070724487
zhao-vaccine-5a30a78672029a4b,DeepHLApan,1.1.1@ac1f4beb,immunogenicity,0.913866341114,higher,predicted,0.940689444542
zhao-vaccine-0aa35de3d0cd0f2e,DeepHLApan,1.1.1@ac1f4beb,immunogenicity,0.681699931622,higher,predicted,0.999743759632
zhao-vaccine-3b18add8d940be3b,DeepHLApan,1.1.1@ac1f4beb,immunogenicity,0.648943543434,higher,predicted,0.982983589172
zhao-vaccine-0eb19c92b8572161,DeepHLApan,1.1.1@ac1f4beb,immunogenicity,0.250076562166,higher,predicted,0.997298240662
zhao-vaccine-89ab0d7c0ad5c525,DeepHLApan,1.1.1@ac1f4beb,immunogenicity,0.0307702962309,higher,predicted,0.966873347759
zhao-vaccine-7045b8cd65c4aed2,DeepHLApan,1.1.1@ac1f4beb,immunogenicity,0.204663991928,higher,predicted,0.984120070934
zhao-vaccine-868fc1305293857a,DeepHLApan,1.1.1@ac1f4beb,immunogenicity,0.219470053911,higher,predicted,0.996502876282
zhao-vaccine-e570d74e15005831,DeepHLApan,1.1.1@ac1f4beb,immunogenicity,0.367919385433,higher,predicted,0.999326109886
zhao-vaccine-74ea5a395af3821e,DeepHLApan,1.1.1@ac1f4beb,immunogenicity,0.431553125381,higher,predicted,0.975704848766
zhao-vaccine-c486185e561321a7,DeepHLApan,1.1.1@ac1f4beb,immunogenicity,0.0763295516372,higher,predicted,0.99687230587
zhao-vaccine-4653ae3aa2d99671,DeepHLApan,1.1.1@ac1f4beb,immunogenicity,0.463646233082,higher,predicted,0.848036646843
zhao-vaccine-c99e66b2806b47c3,DeepHLApan,1.1.1@ac1f4beb,immunogenicity,0.0405514314771,higher,predicted,0.979317307472
zhao-vaccine-077c38d007d0e296,DeepHLApan,1.1.1@ac1f4beb,immunogenicity,0.035155903548,higher,predicted,0.799971520901
zhao-vaccine-4e1525c5465ce693,DeepHLApan,1.1.1@ac1f4beb,immunogenicity,0.968553423882,higher,predicted,0.999995350838
zhao-vaccine-675c4724bf5f1cbb,DeepHLApan,1.1.1@ac1f4beb,immunogenicity,0.602864682674,higher,predicted,0.999396145344
zhao-vaccine-897fe8a79c4344c2,DeepHLApan,1.1.1@ac1f4beb,immunogenicity,0.16546908021,higher,predicted,0.982091128826
zhao-vaccine-f301d3d1318cc99b,DeepHLApan,1.1.1@ac1f4beb,immunogenicity,0.525717079639,higher,predicted,0.982648253441
zhao-vaccine-547c0f5e092fcfce,DeepHLApan,1.1.1@ac1f4beb,immunogenicity,0.0454831235111,higher,predicted,0.985237240791
zhao-vaccine-34448f6db97f37d2,DeepHLApan,1.1.1@ac1f4beb,immunogenicity,0.158671781421,higher,predicted,0.995047569275
zhao-vaccine-3f35f9e1e5dcea03,DeepHLApan,1.1.1@ac1f4beb,immunogenicity,0.733041703701,higher,predicted,0.992149531841
zhao-vaccine-a77e03747be6f8e2,DeepHLApan,1.1.1@ac1f4beb,immunogenicity,0.0119601860642,higher,predicted,0.996056258678
zhao-vaccine-eb263d1b89e1830f,DeepHLApan,1.1.1@ac1f4beb,immunogenicity,0.789802193642,higher,predicted,0.996333420277
zhao-vaccine-4ca9e42a55a7d196,DeepHLApan,1.1.1@ac1f4beb,immunogenicity,0.0177943259478,higher,predicted,0.975419640541
zhao-vaccine-841f843f3ecdb273,DeepHLApan,1.1.1@ac1f4beb,immunogenicity,0.926415920258,higher,predicted,0.999811828136
zhao-vaccine-e19cac8daeddc91e,DeepHLApan,1.1.1@ac1f4beb,immunogenicity,0.740729510784,higher,predicted,0.998679339886
zhao-vaccine-70ec9496400c2d96,DeepHLApan,1.1.1@ac1f4beb,immunogenicity,0.430854797363,higher,predicted,0.985269725323
zhao-vaccine-2406c7f4c5568981,DeepHLApan,1.1.1@ac1f4beb,immunogenicity,0.938288390636,higher,predicted,0.992680728436
zhao-vaccine-f58974483659bc06,DeepHLApan,1.1.1@ac1f4beb,immunogenicity,0.317651838064,higher,predicted,0.999292492867
zhao-vaccine-dd143204918ae739,DeepHLApan,1.1.1@ac1f4beb,immunogenicity,0.0533599182963,higher,predicted,0.945294260979
zhao-vaccine-834822ba2dd54e62,DeepHLApan,1.1.1@ac1f4beb,immunogenicity,0.0080754365772,higher,predicted,0.994581580162
zhao-vaccine-a2c1308a319a89a1,DeepHLApan,1.1.1@ac1f4beb,immunogenicity,0.445203065872,higher,predicted,0.947434306145
zhao-vaccine-a4f5baf91435e3dd,DeepHLApan,1.1.1@ac1f4beb,immunogenicity,0.14172872901,higher,predicted,0.999542236328
zhao-vaccine-cd6ea47a1621b54b,DeepHLApan,1.1.1@ac1f4beb,immunogenicity,0.179435893893,higher,predicted,0.999506354332
zhao-vaccine-dc823bb26dd083f3,DeepHLApan,1.1.1@ac1f4beb,immunogenicity,0.129170909524,higher,predicted,0.999821662903
zhao-vaccine-3ea2cdcf52d34617,DeepHLApan,1.1.1@ac1f4beb,immunogenicity,0.0225222595036,higher,predicted,0.943361938
zhao-vaccine-0a72b615bc5857d9,DeepHLApan,1.1.1@ac1f4beb,immunogenicity,0.342063516378,higher,predicted,0.980874240398
zhao-vaccine-37afde455e133417,DeepHLApan,1.1.1@ac1f4beb,immunogenicity,0.0812714099884,higher,predicted,0.997932076454
zhao-vaccine-1b4173c9a4a95c41,DeepHLApan,1.1.1@ac1f4beb,immunogenicity,0.15330055356,higher,predicted,0.996698260307
zhao-vaccine-0b4d677f1b84c9b4,DeepHLApan,1.1.1@ac1f4beb,immunogenicity,0.331880271435,higher,predicted,0.990223407745
zhao-vaccine-a4f37f8021b7e841,DeepHLApan,1.1.1@ac1f4beb,immunogenicity,0.139745131135,higher,predicted,0.994210422039
zhao-vaccine-7407554767f0c782,DeepHLApan,1.1.1@ac1f4beb,immunogenicity,0.607469558716,higher,predicted,0.947915256023
zhao-vaccine-e87adfb42491b475,DeepHLApan,1.1.1@ac1f4beb,immunogenicity,0.482816308737,higher,predicted,0.975913226604
zhao-vaccine-4608aff8b90b7751,DeepHLApan,1.1.1@ac1f4beb,immunogenicity,0.410271495581,higher,predicted,0.801660656929
zhao-vaccine-a38f0b4774ee8d03,DeepHLApan,1.1.1@ac1f4beb,immunogenicity,0.635564506054,higher,predicted,0.91478073597
zhao-vaccine-13953415301cf176,DeepHLApan,1.1.1@ac1f4beb,immunogenicity,0.625360190868,higher,predicted,0.972444713116
zhao-vaccine-8cd82d97fc7c076e,DeepHLApan,1.1.1@ac1f4beb,immunogenicity,0.57385456562,higher,predicted,0.882719516754
zhao-vaccine-9b53f60837368957,DeepHLApan,1.1.1@ac1f4beb,immunogenicity,0.302599102259,higher,predicted,0.862084209919
zhao-vaccine-88e84548469445f4,DeepHLApan,1.1.1@ac1f4beb,immunogenicity,0.659963011742,higher,predicted,0.897708594799
zhao-vaccine-7476851d9534e310,DeepHLApan,1.1.1@ac1f4beb,immunogenicity,0.610235393047,higher,predicted,0.776530742645
zhao-vaccine-627ff41af6a00cdb,DeepHLApan,1.1.1@ac1f4beb,immunogenicity,0.587781310081,higher,predicted,0.97921693325
zhao-vaccine-be08242d923ef061,DeepHLApan,1.1.1@ac1f4beb,immunogenicity,0.832463145256,higher,predicted,0.999102592468
zhao-vaccine-d903a5698261b3c8,DeepHLApan,1.1.1@ac1f4beb,immunogenicity,0.5641040802,higher,predicted,0.997894883156
zhao-vaccine-354e3296551734fc,DeepHLApan,1.1.1@ac1f4beb,immunogenicity,0.523169636726,higher,predicted,0.999571025372
zhao-vaccine-db96e69b306cec11,DeepHLApan,1.1.1@ac1f4beb,immunogenicity,0.138979285955,higher,predicted,0.999084830284
zhao-vaccine-25e9aa95382b9b81,DeepHLApan,1.1.1@ac1f4beb,immunogenicity,0.386722683907,higher,predicted,0.976572871208
zhao-vaccine-aca8d5b04290cf53,DeepHLApan,1.1.1@ac1f4beb,immunogenicity,0.616834998131,higher,predicted,0.997678875923
zhao-vaccine-a0b7cf2411e2ce98,DeepHLApan,1.1.1@ac1f4beb,immunogenicity,0.136736601591,higher,predicted,0.986981987953
zhao-vaccine-940a71fc528c9c3a,DeepHLApan,1.1.1@ac1f4beb,immunogenicity,0.105556443334,higher,predicted,0.965345859528
zhao-vaccine-ff0ee141ea3683bc,DeepHLApan,1.1.1@ac1f4beb,immunogenicity,0.0227764248848,higher,predicted,0.999460816383
zhao-vaccine-39bc95abd5991029,DeepHLApan,1.1.1@ac1f4beb,immunogenicity,0.228825137019,higher,predicted,0.857245266438
zhao-vaccine-88c2d4f2ab12000b,DeepHLApan,1.1.1@ac1f4beb,immunogenicity,0.945550918579,higher,predicted,0.982566058636
zhao-vaccine-c59f2b9ad31b5b66,DeepHLApan,1.1.1@ac1f4beb,immunogenicity,0.739384233952,higher,predicted,0.995624184608
zhao-vaccine-63a16a978ce57b49,DeepHLApan,1.1.1@ac1f4beb,immunogenicity,0.910222649574,higher,predicted,0.990502953529
zhao-vaccine-c9b84b79d3a1f196,DeepHLApan,1.1.1@ac1f4beb,immunogenicity,0.776941239834,higher,predicted,0.99133002758
zhao-vaccine-616f65f167de3213,DeepHLApan,1.1.1@ac1f4beb,immunogenicity,0.985886394978,higher,predicted,0.999883949757
zhao-vaccine-8fa800ae6297b07f,DeepHLApan,1.1.1@ac1f4beb,immunogenicity,0.786608994007,higher,predicted,0.973374068737
zhao-vaccine-e6c995508f6b8b97,DeepHLApan,1.1.1@ac1f4beb,immunogenicity,0.686496376991,higher,predicted,0.984092235565
zhao-vaccine-895bee1ec0b5fbb3,DeepHLApan,1.1.1@ac1f4beb,immunogenicity,0.23788562417,higher,predicted,0.960457921028
zhao-vaccine-f73820b5ccde65b5,DeepHLApan,1.1.1@ac1f4beb,immunogenicity,0.635299742222,higher,predicted,0.981383144855
zhao-vaccine-00f1923403b6b019,DeepHLApan,1.1.1@ac1f4beb,immunogenicity,0.324604213238,higher,predicted,0.999744415283
zhao-vaccine-4b8df077829e6980,DeepHLApan,1.1.1@ac1f4beb,immunogenicity,0.716889321804,higher,predicted,0.999115765095
zhao-vaccine-0aa3647ec94e3181,DeepHLApan,1.1.1@ac1f4beb,immunogenicity,0.559976696968,higher,predicted,0.988840579987
zhao-vaccine-fa4e8d3c569efbb5,DeepHLApan,1.1.1@ac1f4beb,immunogenicity,0.812095463276,higher,predicted,0.993745982647
zhao-vaccine-d246d27339880814,DeepHLApan,1.1.1@ac1f4beb,immunogenicity,0.513367414474,higher,predicted,0.980068087578
zhao-vaccine-0abbca74aa82ff8d,DeepHLApan,1.1.1@ac1f4beb,immunogenicity,0.610925853252,higher,predicted,0.994385421276
zhao-vaccine-b8d1f70683fb782d,DeepHLApan,1.1.1@ac1f4beb,immunogenicity,0.438694000244,higher,predicted,0.999779999256
zhao-vaccine-d4f19b6aeacc9acc,DeepHLApan,1.1.1@ac1f4beb,immunogenicity,0.0403103977442,higher,predicted,0.999869823456
zhao-vaccine-fae0e58b45b2b3e7,DeepHLApan,1.1.1@ac1f4beb,immunogenicity,0.127232208848,higher,predicted,0.999896168709
zhao-vaccine-91bf41d19d5a3297,DeepHLApan,1.1.1@ac1f4beb,immunogenicity,0.415879637003,higher,predicted,0.979715824127
zhao-vaccine-3072a4920293f8e4,DeepHLApan,1.1.1@ac1f4beb,immunogenicity,0.010551597923,higher,predicted,0.999930679798
zhao-vaccine-874955b202561616,DeepHLApan,1.1.1@ac1f4beb,immunogenicity,0.707149505615,higher,predicted,0.992711365223
zhao-vaccine-3ae295a23c08ed7d,DeepHLApan,1.1.1@ac1f4beb,immunogenicity,0.0339287742972,higher,predicted,0.996163725853
zhao-vaccine-3efce3460b7a4e47,DeepHLApan,1.1.1@ac1f4beb,immunogenicity,0.582563340664,higher,predicted,0.999757289886
zhao-vaccine-5b46c9113e5507b4,DeepHLApan,1.1.1@ac1f4beb,immunogenicity,0.508821725845,higher,predicted,0.944935202599
zhao-vaccine-ac62717bdfea0acb,DeepHLApan,1.1.1@ac1f4beb,immunogenicity,0.00517840031534,higher,predicted,0.999927520752
zhao-vaccine-2c23902c93ef9031,DeepHLApan,1.1.1@ac1f4beb,immunogenicity,0.771105229855,higher,predicted,0.997217774391
zhao-vaccine-4753da1a46e276fc,DeepHLApan,1.1.1@ac1f4beb,immunogenicity,0.756127715111,higher,predicted,0.995325267315
zhao-vaccine-51f00b368ae3cabe,DeepHLApan,1.1.1@ac1f4beb,immunogenicity,0.0716552361846,higher,predicted,0.984875977039
zhao-vaccine-b5c86b2360f65b48,DeepHLApan,1.1.1@ac1f4beb,immunogenicity,0.200967863202,higher,predicted,0.997734725475
zhao-vaccine-2767057dbbf63a70,DeepHLApan,1.1.1@ac1f4beb,immunogenicity,0.0177355911583,higher,predicted,0.965291380882
zhao-vaccine-5fce8179edad0c4c,DeepHLApan,1.1.1@ac1f4beb,immunogenicity,0.368548572063,higher,predicted,0.96057164669
zhao-vaccine-a543462cc9f9278f,DeepHLApan,1.1.1@ac1f4beb,immunogenicity,0.259119540453,higher,predicted,0.93221026659
zhao-vaccine-e9501dfc8304b65b,DeepHLApan,1.1.1@ac1f4beb,immunogenicity,0.956537842751,higher,predicted,0.998674213886
zhao-vaccine-eae2f44c7e6f7545,DeepHLApan,1.1.1@ac1f4beb,immunogenicity,0.970084965229,higher,predicted,0.999132335186
zhao-vaccine-f2ffda41c7bd4378,DeepHLApan,1.1.1@ac1f4beb,immunogenicity,0.149217128754,higher,predicted,0.970506072044
zhao-vaccine-12b618c2cf1ed1f0,DeepHLApan,1.1.1@ac1f4beb,immunogenicity,0.794674932957,higher,predicted,0.999674141407
zhao-vaccine-623358367e6eacbf,DeepHLApan,1.1.1@ac1f4beb,immunogenicity,0.945899367332,higher,predicted,0.945008397102
zhao-vaccine-d4f9347e28104ce8,DeepHLApan,1.1.1@ac1f4beb,immunogenicity,0.919046878815,higher,predicted,0.777727007866
zhao-vaccine-b1ecee23a07f2855,DeepHLApan,1.1.1@ac1f4beb,immunogenicity,0.921485722065,higher,predicted,0.941629528999
zhao-vaccine-65a1856ffc74de64,DeepHLApan,1.1.1@ac1f4beb,immunogenicity,0.97037935257,higher,predicted,0.993730187416
zhao-vaccine-2466a2275803c898,DeepHLApan,1.1.1@ac1f4beb,immunogenicity,0.687340855598,higher,predicted,0.962479770184
zhao-vaccine-ceeab670992f2bde,DeepHLApan,1.1.1@ac1f4beb,immunogenicity,0.676494479179,higher,predicted,0.978166937828
zhao-vaccine-13234abcc62e39a3,DeepHLApan,1.1.1@ac1f4beb,immunogenicity,0.674229979515,higher,predicted,0.994315803051
zhao-vaccine-2334035fe8c03a61,DeepHLApan,1.1.1@ac1f4beb,immunogenicity,0.550876796246,higher,predicted,0.874788105488
zhao-vaccine-cca6479c6d67d1a3,DeepHLApan,1.1.1@ac1f4beb,immunogenicity,0.7291457057,higher,predicted,0.965937137604
zhao-vaccine-940d7e8d23e50bde,DeepHLApan,1.1.1@ac1f4beb,immunogenicity,0.75506323576,higher,predicted,0.98137396574
zhao-vaccine-c520cceb3618956f,DeepHLApan,1.1.1@ac1f4beb,immunogenicity,0.347991019487,higher,predicted,0.810277938843
zhao-vaccine-590321641555bdd4,DeepHLApan,1.1.1@ac1f4beb,immunogenicity,0.494113355875,higher,predicted,0.990254402161
zhao-vaccine-b1555d61b37da579,DeepHLApan,1.1.1@ac1f4beb,immunogenicity,0.560398221016,higher,predicted,0.980298638344
zhao-vaccine-6ee4b5111afb1ae6,DeepHLApan,1.1.1@ac1f4beb,immunogenicity,0.570705533028,higher,predicted,0.945968151093
zhao-vaccine-bd18a6ba75b62ac8,DeepHLApan,1.1.1@ac1f4beb,immunogenicity,0.375292629004,higher,predicted,0.869014382362
zhao-vaccine-011cbc47316c6c54,DeepHLApan,1.1.1@ac1f4beb,immunogenicity,0.680303931236,higher,predicted,0.866961479187
zhao-vaccine-1e7f325db4971357,DeepHLApan,1.1.1@ac1f4beb,immunogenicity,0.658962011337,higher,predicted,0.999372601509
zhao-vaccine-7bdc109f932c292b,DeepHLApan,1.1.1@ac1f4beb,immunogenicity,0.191010028124,higher,predicted,0.999238312244
zhao-vaccine-2e9093d1df047344,DeepHLApan,1.1.1@ac1f4beb,immunogenicity,0.755617976189,higher,predicted,0.951681315899
zhao-vaccine-41f4541974f3d119,DeepHLApan,1.1.1@ac1f4beb,immunogenicity,0.561047196388,higher,predicted,0.935669243336
zhao-vaccine-efe0205564201753,DeepHLApan,1.1.1@ac1f4beb,immunogenicity,0.643145799637,higher,predicted,0.745833039284
zhao-vaccine-09c7ad177e1b1df0,DeepHLApan,1.1.1@ac1f4beb,immunogenicity,0.489657104015,higher,predicted,0.587465882301
zhao-vaccine-09a1abfb71cfd972,DeepHLApan,1.1.1@ac1f4beb,immunogenicity,0.801644027233,higher,predicted,0.999943554401
zhao-vaccine-8f1fb2ba27b6b0ef,DeepHLApan,1.1.1@ac1f4beb,immunogenicity,0.169341847301,higher,predicted,0.991583168507
zhao-vaccine-3944ad7a200bed45,DeepHLApan,1.1.1@ac1f4beb,immunogenicity,0.00490310043097,higher,predicted,0.999377429485
zhao-vaccine-89662fac64388428,DeepHLApan,1.1.1@ac1f4beb,immunogenicity,0.713939428329,higher,predicted,0.989928364754
zhao-vaccine-615d33021f15ac04,DeepHLApan,1.1.1@ac1f4beb,immunogenicity,0.0791702121496,higher,predicted,0.998364150524
zhao-vaccine-7644ca8a4f4eac0f,DeepHLApan,1.1.1@ac1f4beb,immunogenicity,0.990479171276,higher,predicted,0.999694466591
zhao-vaccine-b90a2c82cf9d57ac,DeepHLApan,1.1.1@ac1f4beb,immunogenicity,0.23785738647,higher,predicted,0.998654663563
zhao-vaccine-c8c411f898b41145,DeepHLApan,1.1.1@ac1f4beb,immunogenicity,0.107794381678,higher,predicted,0.991819083691
zhao-vaccine-0113b08ef02a1837,DeepHLApan,1.1.1@ac1f4beb,immunogenicity,0.0149624422193,higher,predicted,0.992277741432
zhao-vaccine-6a067ef1ea4ca8a5,DeepHLApan,1.1.1@ac1f4beb,immunogenicity,0.873890578747,higher,predicted,0.994087517262
zhao-vaccine-0d21bfcac05c0903,DeepHLApan,1.1.1@ac1f4beb,immunogenicity,0.865081965923,higher,predicted,0.990327179432
zhao-vaccine-127d022b672bfa6e,DeepHLApan,1.1.1@ac1f4beb,immunogenicity,0.283888041973,higher,predicted,0.9875882864
zhao-vaccine-ebe204540dc589f6,DeepHLApan,1.1.1@ac1f4beb,immunogenicity,0.355997681618,higher,predicted,0.972427248955
zhao-vaccine-4c412b408d01b12c,DeepHLApan,1.1.1@ac1f4beb,immunogenicity,0.226421922445,higher,predicted,0.979458153248
zhao-vaccine-89365f27fea85179,DeepHLApan,1.1.1@ac1f4beb,immunogenicity,0.422105073929,higher,predicted,0.971777617931
zhao-vaccine-3614d38d7f84e3ab,DeepHLApan,1.1.1@ac1f4beb,immunogenicity,0.625372171402,higher,predicted,0.986568272114
zhao-vaccine-04765a1581b81652,DeepHLApan,1.1.1@ac1f4beb,immunogenicity,0.293757528067,higher,predicted,0.940957248211
zhao-vaccine-751a65f63babbab9,DeepHLApan,1.1.1@ac1f4beb,immunogenicity,0.865973830223,higher,predicted,0.999749839306
zhao-vaccine-0598b041e094dfda,DeepHLApan,1.1.1@ac1f4beb,immunogenicity,0.792981088161,higher,predicted,0.988310992718
zhao-vaccine-1fcda1058213059e,DeepHLApan,1.1.1@ac1f4beb,immunogenicity,0.831831932068,higher,predicted,0.995589375496
zhao-vaccine-a149e753c39e2e2f,DeepHLApan,1.1.1@ac1f4beb,immunogenicity,0.43396115303,higher,predicted,0.999864280224
zhao-vaccine-15aa8059f37d52e7,DeepHLApan,1.1.1@ac1f4beb,immunogenicity,0.430670887232,higher,predicted,0.966070055962
zhao-vaccine-aecd32c835c90945,DeepHLApan,1.1.1@ac1f4beb,immunogenicity,0.491602897644,higher,predicted,0.97702139616
zhao-vaccine-3c3221c6e10611cc,DeepHLApan,1.1.1@ac1f4beb,immunogenicity,0.401028722525,higher,predicted,0.968803524971
zhao-vaccine-369dd0e964dc3d41,DeepHLApan,1.1.1@ac1f4beb,immunogenicity,0.405213296413,higher,predicted,0.979988873005
zhao-vaccine-84f9e53918e8d995,DeepHLApan,1.1.1@ac1f4beb,immunogenicity,0.715411424637,higher,predicted,0.980994045734
zhao-vaccine-4b24fe0e3318fd2b,DeepHLApan,1.1.1@ac1f4beb,immunogenicity,0.375178098679,higher,predicted,0.994277179241
zhao-vaccine-9d835bbd79fc6203,DeepHLApan,1.1.1@ac1f4beb,immunogenicity,0.586670279503,higher,predicted,0.991571605206
zhao-vaccine-d88b8e8fac467cda,DeepHLApan,1.1.1@ac1f4beb,immunogenicity,0.435738176107,higher,predicted,0.942901790142
zhao-vaccine-309aef550a3b165d,DeepHLApan,1.1.1@ac1f4beb,immunogenicity,0.339471966028,higher,predicted,0.979125797749
zhao-vaccine-395a5a0f5f04ab8c,DeepHLApan,1.1.1@ac1f4beb,immunogenicity,0.368745326996,higher,predicted,0.978344559669
zhao-vaccine-3481ca46d016164f,DeepHLApan,1.1.1@ac1f4beb,immunogenicity,0.719659328461,higher,predicted,0.9882132411
zhao-vaccine-971426eea1a742ca,DeepHLApan,1.1.1@ac1f4beb,immunogenicity,0.208003073931,higher,predicted,0.997468352318
zhao-vaccine-a50601baa324efef,DeepHLApan,1.1.1@ac1f4beb,immunogenicity,0.0904189348221,higher,predicted,0.997192382812
zhao-vaccine-d34e259267438653,DeepHLApan,1.1.1@ac1f4beb,immunogenicity,0.028895650059,higher,predicted,0.994820415974
zhao-vaccine-25b4e62a0d851e29,DeepHLApan,1.1.1@ac1f4beb,immunogenicity,0.0382632613182,higher,predicted,0.98150074482
zhao-vaccine-8358e63308d7f0c4,DeepHLApan,1.1.1@ac1f4beb,immunogenicity,0.747016608715,higher,predicted,0.992020487785
zhao-vaccine-c178432744b13c78,DeepHLApan,1.1.1@ac1f4beb,immunogenicity,0.0977249294519,higher,predicted,0.985107064247
zhao-vaccine-1034fb45051e64fe,DeepHLApan,1.1.1@ac1f4beb,immunogenicity,0.986591815948,higher,predicted,0.993327975273
zhao-vaccine-6e56355af497a2f0,DeepHLApan,1.1.1@ac1f4beb,immunogenicity,0.486722648144,higher,predicted,0.995558083057
zhao-vaccine-c5728cec5c7d7224,DeepHLApan,1.1.1@ac1f4beb,immunogenicity,0.0400579571724,higher,predicted,0.954104781151
zhao-vaccine-6e1d3196a45f7a2e,DeepHLApan,1.1.1@ac1f4beb,immunogenicity,0.522677063942,higher,predicted,0.98726606369
zhao-vaccine-cc0566dfc06ca302,DeepHLApan,1.1.1@ac1f4beb,immunogenicity,0.990837872028,higher,predicted,0.984896302223
zhao-vaccine-2d01a6516182134c,DeepHLApan,1.1.1@ac1f4beb,immunogenicity,0.38996386528,higher,predicted,0.996237576008
zhao-vaccine-44ee76e75a70f0b1,DeepHLApan,1.1.1@ac1f4beb,immunogenicity,0.556635260582,higher,predicted,0.992186188698
zhao-vaccine-b3656859d3ce07ff,DeepHLApan,1.1.1@ac1f4beb,immunogenicity,0.175604894757,higher,predicted,0.943736553192
zhao-vaccine-93fe426b74cb09bf,DeepHLApan,1.1.1@ac1f4beb,immunogenicity,0.311012476683,higher,predicted,0.994668841362
zhao-vaccine-bf5533c3b7d71a29,DeepHLApan,1.1.1@ac1f4beb,immunogenicity,0.963843226433,higher,predicted,0.168065577745
zhao-vaccine-3884abecfdb2a157,DeepHLApan,1.1.1@ac1f4beb,immunogenicity,0.138404890895,higher,predicted,0.999418079853
zhao-vaccine-802c7522efe8643f,DeepHLApan,1.1.1@ac1f4beb,immunogenicity,0.37806519866,higher,predicted,0.995193958282
zhao-vaccine-1832aacc6ce93c31,DeepHLApan,1.1.1@ac1f4beb,immunogenicity,0.0523363649845,higher,predicted,0.997933745384
zhao-vaccine-164ea58f2fc6f377,DeepHLApan,1.1.1@ac1f4beb,immunogenicity,0.582927584648,higher,predicted,0.993724346161
zhao-vaccine-9b5389ba1798a395,DeepHLApan,1.1.1@ac1f4beb,immunogenicity,0.511099755764,higher,predicted,0.99582529068
zhao-vaccine-8b7630c45e269635,DeepHLApan,1.1.1@ac1f4beb,immunogenicity,0.901711940765,higher,predicted,0.99734133482
zhao-vaccine-74cc9ca5fb1a8008,DeepHLApan,1.1.1@ac1f4beb,immunogenicity,0.940050125122,higher,predicted,0.994313240051
zhao-vaccine-5f4bdfc04cf84619,DeepHLApan,1.1.1@ac1f4beb,immunogenicity,0.0490645095706,higher,predicted,0.991793036461
zhao-vaccine-ebada584684de4fd,DeepHLApan,1.1.1@ac1f4beb,immunogenicity,0.0613984465599,higher,predicted,0.990574002266
zhao-vaccine-be2c775518f83b4d,DeepHLApan,1.1.1@ac1f4beb,immunogenicity,0.0138319563121,higher,predicted,0.962761223316
zhao-vaccine-b69d26ca091066fa,DeepHLApan,1.1.1@ac1f4beb,immunogenicity,0.547723650932,higher,predicted,0.991949915886
zhao-vaccine-d628b6bfd6356534,DeepHLApan,1.1.1@ac1f4beb,immunogenicity,0.91646707058,higher,predicted,0.993489444256
zhao-vaccine-f9f29366ab5ac473,DeepHLApan,1.1.1@ac1f4beb,immunogenicity,0.474546670914,higher,predicted,0.993362903595
zhao-vaccine-2b5e3d1c9a1fff67,DeepHLApan,1.1.1@ac1f4beb,immunogenicity,0.531528949738,higher,predicted,0.991438686848
zhao-vaccine-5a7f28b9eb70924a,DeepHLApan,1.1.1@ac1f4beb,immunogenicity,0.115347124636,higher,predicted,0.960307598114
zhao-vaccine-7bec4b8abc45c956,DeepHLApan,1.1.1@ac1f4beb,immunogenicity,0.511852920055,higher,predicted,0.923925042152
zhao-vaccine-0792da8d85fbaca5,DeepHLApan,1.1.1@ac1f4beb,immunogenicity,0.453915059566,higher,predicted,0.921288967133
zhao-vaccine-cd2203bfcc4cde42,DeepHLApan,1.1.1@ac1f4beb,immunogenicity,0.620487928391,higher,predicted,0.98385065794
zhao-vaccine-af4eba9e86eb8cad,DeepHLApan,1.1.1@ac1f4beb,immunogenicity,0.458146035671,higher,predicted,0.983059585094
zhao-vaccine-d3be1b037ac46cae,DeepHLApan,1.1.1@ac1f4beb,immunogenicity,0.800328552723,higher,predicted,0.951064109802
zhao-vaccine-b81228a0c1578d43,DeepHLApan,1.1.1@ac1f4beb,immunogenicity,0.508749902248,higher,predicted,0.984991073608
zhao-vaccine-8e357c97f0eb285c,DeepHLApan,1.1.1@ac1f4beb,immunogenicity,0.33286857605,higher,predicted,0.982736468315
zhao-vaccine-dce008024279bca6,DeepHLApan,1.1.1@ac1f4beb,immunogenicity,0.89008551836,higher,predicted,0.999648451805
zhao-vaccine-15326b7cf9712f20,DeepHLApan,1.1.1@ac1f4beb,immunogenicity,0.466105461121,higher,predicted,0.985148072243
zhao-vaccine-63251d7d3a3fd8ac,DeepHLApan,1.1.1@ac1f4beb,immunogenicity,0.802322685719,higher,predicted,0.642739713192
zhao-vaccine-9f9de6941e5901b9,DeepHLApan,1.1.1@ac1f4beb,immunogenicity,0.648436665535,higher,predicted,0.98122805357
zhao-vaccine-fd11a5b1ee72d0e2,DeepHLApan,1.1.1@ac1f4beb,immunogenicity,0.257729649544,higher,predicted,0.881027579308
zhao-vaccine-d601ca8ec575d818,DeepHLApan,1.1.1@ac1f4beb,immunogenicity,0.506292462349,higher,predicted,0.17956982553
zhao-vaccine-abe3780abf8c2339,DeepHLApan,1.1.1@ac1f4beb,immunogenicity,0.715035617352,higher,predicted,0.978518307209
zhao-vaccine-f2bbba69c49ee9d8,DeepHLApan,1.1.1@ac1f4beb,immunogenicity,0.878982424736,higher,predicted,0.937178492546
zhao-vaccine-384d6d35758b5077,DeepHLApan,1.1.1@ac1f4beb,immunogenicity,0.109507545829,higher,predicted,0.987347900867
zhao-vaccine-79e464655b759b78,DeepHLApan,1.1.1@ac1f4beb,immunogenicity,0.185902357101,higher,predicted,0.999342918396
zhao-vaccine-2df488aa9efe4167,DeepHLApan,1.1.1@ac1f4beb,immunogenicity,0.507725417614,higher,predicted,0.998856902122
zhao-vaccine-e02174bf70cf48e1,DeepHLApan,1.1.1@ac1f4beb,immunogenicity,0.898668885231,higher,predicted,0.996057033539
zhao-vaccine-79a96393714afdc1,DeepHLApan,1.1.1@ac1f4beb,immunogenicity,0.430292993784,higher,predicted,0.967605769634
zhao-vaccine-6b254b7b2c3bf169,DeepHLApan,1.1.1@ac1f4beb,immunogenicity,0.0742072612047,higher,predicted,0.905438899994
zhao-vaccine-829b28362531375b,DeepHLApan,1.1.1@ac1f4beb,immunogenicity,0.000528083182871,higher,predicted,0.976163208485
zhao-vaccine-b07374752303c7ce,DeepHLApan,1.1.1@ac1f4beb,immunogenicity,0.501590013504,higher,predicted,0.962440013885
zhao-vaccine-0a968a6e8f5bb3a5,DeepHLApan,1.1.1@ac1f4beb,immunogenicity,0.11881518364,higher,predicted,0.949583411217
zhao-vaccine-dfcc24d0c9399a71,DeepHLApan,1.1.1@ac1f4beb,immunogenicity,0.138304159045,higher,predicted,0.740955889225
zhao-vaccine-f88b213c3693011f,DeepHLApan,1.1.1@ac1f4beb,immunogenicity,0.922062695026,higher,predicted,0.999341189861
zhao-vaccine-1b924ca5b95b9789,DeepHLApan,1.1.1@ac1f4beb,immunogenicity,0.313262820244,higher,predicted,0.823044598103
zhao-vaccine-a529ef70085fd160,DeepHLApan,1.1.1@ac1f4beb,immunogenicity,0.0600183196366,higher,predicted,0.989023566246
zhao-vaccine-f2f04fea5f4bd62f,DeepHLApan,1.1.1@ac1f4beb,immunogenicity,0.811849951744,higher,predicted,0.998650074005
zhao-vaccine-8b569e01b4c0fa1d,DeepHLApan,1.1.1@ac1f4beb,immunogenicity,0.365663826466,higher,predicted,0.980380535126
zhao-vaccine-7ba0ee3aedadd920,DeepHLApan,1.1.1@ac1f4beb,immunogenicity,0.627875447273,higher,predicted,0.997336030006
zhao-vaccine-73318b0e1d0f5698,DeepHLApan,1.1.1@ac1f4beb,immunogenicity,0.0209519769996,higher,predicted,0.800183475018
zhao-vaccine-617e8b4c605e848a,DeepHLApan,1.1.1@ac1f4beb,immunogenicity,0.00149594526738,higher,predicted,0.889352142811
zhao-vaccine-968dd34985109398,DeepHLApan,1.1.1@ac1f4beb,immunogenicity,0.472036421299,higher,predicted,0.965581297874
zhao-vaccine-30a8f44992e1727b,DeepHLApan,1.1.1@ac1f4beb,immunogenicity,0.734177231789,higher,predicted,0.99237793684
zhao-vaccine-8e7ed2309f8a8c76,DeepHLApan,1.1.1@ac1f4beb,immunogenicity,0.131007015705,higher,predicted,0.996513724327
zhao-vaccine-5ec2f637f82295c6,DeepHLApan,1.1.1@ac1f4beb,immunogenicity,0.331329673529,higher,predicted,0.980210781097
zhao-vaccine-e0d97b661fbbca8e,DeepHLApan,1.1.1@ac1f4beb,immunogenicity,0.694181084633,higher,predicted,0.980206668377
zhao-vaccine-1ecaf53c0361fd76,DeepHLApan,1.1.1@ac1f4beb,immunogenicity,0.60863751173,higher,predicted,0.979873657227
zhao-vaccine-07dc64ecc1d1c80c,DeepHLApan,1.1.1@ac1f4beb,immunogenicity,0.462015151978,higher,predicted,0.999601483345
zhao-vaccine-2a74b63a389d29da,DeepHLApan,1.1.1@ac1f4beb,immunogenicity,0.148034259677,higher,predicted,0.999492049217
zhao-vaccine-c5027f69096ce937,DeepHLApan,1.1.1@ac1f4beb,immunogenicity,0.345179021358,higher,predicted,0.999959290028
zhao-vaccine-64b03c25eb1e4aca,DeepHLApan,1.1.1@ac1f4beb,immunogenicity,0.738170087337,higher,predicted,0.997993946075
zhao-vaccine-09b09241df7ba57a,DeepHLApan,1.1.1@ac1f4beb,immunogenicity,0.361394733191,higher,predicted,0.99938583374
zhao-vaccine-46c73c5643b5c015,DeepHLApan,1.1.1@ac1f4beb,immunogenicity,0.289949536324,higher,predicted,0.984466195107
zhao-vaccine-ded05c41d0885a79,DeepHLApan,1.1.1@ac1f4beb,immunogenicity,0.500790953636,higher,predicted,0.959367871284
zhao-vaccine-569a1f5d232617cc,DeepHLApan,1.1.1@ac1f4beb,immunogenicity,0.358575105667,higher,predicted,0.996819019318
zhao-vaccine-a6ba52504edaec3a,DeepHLApan,1.1.1@ac1f4beb,immunogenicity,0.946239590645,higher,predicted,0.991546809673
zhao-vaccine-441263c256cd1d32,DeepHLApan,1.1.1@ac1f4beb,immunogenicity,0.790916621685,higher,predicted,0.999694049358
zhao-vaccine-ce1b25ef98db3b8f,DeepHLApan,1.1.1@ac1f4beb,immunogenicity,0.910735309124,higher,predicted,0.998837947845
zhao-vaccine-98fdab332ce80606,DeepHLApan,1.1.1@ac1f4beb,immunogenicity,0.675522446632,higher,predicted,0.969956696033
zhao-vaccine-32042d43ea9234e9,DeepHLApan,1.1.1@ac1f4beb,immunogenicity,0.909966826439,higher,predicted,0.977903664112
zhao-vaccine-978388f28ca83380,DeepHLApan,1.1.1@ac1f4beb,immunogenicity,0.270037889481,higher,predicted,0.954987704754
zhao-vaccine-dbb83903928a1b3d,DeepHLApan,1.1.1@ac1f4beb,immunogenicity,0.486206054688,higher,predicted,0.987383067608
zhao-vaccine-484d4a1e69dbaff1,DeepHLApan,1.1.1@ac1f4beb,immunogenicity,0.943816363811,higher,predicted,0.929444789886
zhao-vaccine-587f63e0750195b8,DeepHLApan,1.1.1@ac1f4beb,immunogenicity,0.0807368084788,higher,predicted,0.999402165413
zhao-vaccine-189a3e09a651a5ca,DeepHLApan,1.1.1@ac1f4beb,immunogenicity,0.0368998721242,higher,predicted,0.996502220631
zhao-vaccine-1c92e6cb78af1121,DeepHLApan,1.1.1@ac1f4beb,immunogenicity,0.0179965756834,higher,predicted,0.887581527233
zhao-vaccine-c5f13bbc156d1ffd,DeepHLApan,1.1.1@ac1f4beb,immunogenicity,0.0675110071898,higher,predicted,0.995497822762
zhao-vaccine-005c2d41ff568581,DeepHLApan,1.1.1@ac1f4beb,immunogenicity,0.139362186193,higher,predicted,0.963533520699
zhao-vaccine-754cdd08691b463b,DeepHLApan,1.1.1@ac1f4beb,immunogenicity,0.103385344148,higher,predicted,0.997742056847
zhao-vaccine-44191f451fb5342f,DeepHLApan,1.1.1@ac1f4beb,immunogenicity,0.0670512467623,higher,predicted,0.989155650139
zhao-vaccine-bc0b04f0db31deef,DeepHLApan,1.1.1@ac1f4beb,immunogenicity,0.0234577096999,higher,predicted,0.96871471405
zhao-vaccine-248486bef67ddc1a,DeepHLApan,1.1.1@ac1f4beb,immunogenicity,0.111263513565,higher,predicted,0.995759606361
zhao-vaccine-435c57bd5626e81d,DeepHLApan,1.1.1@ac1f4beb,immunogenicity,0.00380945531651,higher,predicted,0.888525307178
zhao-vaccine-6a80222eb3cd9960,DeepHLApan,1.1.1@ac1f4beb,immunogenicity,0.0797757953405,higher,predicted,0.999171733856
zhao-vaccine-18bb777b4e863040,DeepHLApan,1.1.1@ac1f4beb,immunogenicity,0.336492240429,higher,predicted,0.999901950359
zhao-vaccine-c73520e05162fa63,DeepHLApan,1.1.1@ac1f4beb,immunogenicity,0.976411044598,higher,predicted,0.996403336525
zhao-vaccine-2d42ee092024504b,DeepHLApan,1.1.1@ac1f4beb,immunogenicity,0.989146351814,higher,predicted,0.973133206367
zhao-vaccine-3c4ba0f989f56cbc,DeepHLApan,1.1.1@ac1f4beb,immunogenicity,0.638415396214,higher,predicted,0.980586230755
zhao-vaccine-8a4ba03a807552d8,DeepHLApan,1.1.1@ac1f4beb,immunogenicity,0.0601746551692,higher,predicted,0.998029112816
zhao-vaccine-3a488a69cfdbb0b4,DeepHLApan,1.1.1@ac1f4beb,immunogenicity,0.806479454041,higher,predicted,0.994096279144
zhao-vaccine-2f981576be4f5fcd,DeepHLApan,1.1.1@ac1f4beb,immunogenicity,0.686111867428,higher,predicted,0.98573243618
zhao-vaccine-80e29e057aded50f,DeepHLApan,1.1.1@ac1f4beb,immunogenicity,0.22020073235,higher,predicted,0.995920538902
zhao-vaccine-a6efb11623db8198,DeepHLApan,1.1.1@ac1f4beb,immunogenicity,0.74510461092,higher,predicted,0.909036517143
zhao-vaccine-f3f3f5539242b996,DeepHLApan,1.1.1@ac1f4beb,immunogenicity,0.518644452095,higher,predicted,0.933860301971
zhao-vaccine-f31510ca0cca7dc2,DeepHLApan,1.1.1@ac1f4beb,immunogenicity,0.703614890575,higher,predicted,0.809547424316
zhao-vaccine-fe692678a2348211,DeepHLApan,1.1.1@ac1f4beb,immunogenicity,0.75460755825,higher,predicted,0.977013885975
zhao-vaccine-feb8ab75cbc6a6b1,DeepHLApan,1.1.1@ac1f4beb,immunogenicity,0.401679694653,higher,predicted,0.976853966713
zhao-vaccine-b8df57798d7bb9e4,DeepHLApan,1.1.1@ac1f4beb,immunogenicity,0.500819504261,higher,predicted,0.474481493235
zhao-vaccine-ebb911c0b47448a5,DeepHLApan,1.1.1@ac1f4beb,immunogenicity,0.81661683321,higher,predicted,0.948947310448
zhao-vaccine-6d945c4de6fb7fdd,DeepHLApan,1.1.1@ac1f4beb,immunogenicity,0.504349112511,higher,predicted,0.960101246834
zhao-vaccine-7ca1890125ff12ec,DeepHLApan,1.1.1@ac1f4beb,immunogenicity,0.029978716746,higher,predicted,0.971438765526
zhao-vaccine-b84d5e06e4a5de93,DeepHLApan,1.1.1@ac1f4beb,immunogenicity,0.418071448803,higher,predicted,0.972468733788
zhao-vaccine-5a666db4b7cd0c81,DeepHLApan,1.1.1@ac1f4beb,immunogenicity,0.698895573616,higher,predicted,0.993053793907
zhao-vaccine-ff9e4d8c3d7ed1a1,DeepHLApan,1.1.1@ac1f4beb,immunogenicity,0.0171816069633,higher,predicted,0.990255951881
zhao-vaccine-d7edde17da32e7a7,DeepHLApan,1.1.1@ac1f4beb,immunogenicity,0.564598739147,higher,predicted,0.862336993217
zhao-vaccine-1b9041952158e85a,DeepHLApan,1.1.1@ac1f4beb,immunogenicity,0.942048251629,higher,predicted,0.717733204365
zhao-vaccine-76096a14f7beac73,DeepHLApan,1.1.1@ac1f4beb,immunogenicity,0.918398559093,higher,predicted,0.0111645841971
zhao-vaccine-f84831fabf9966dc,DeepHLApan,1.1.1@ac1f4beb,immunogenicity,0.0599328055978,higher,predicted,0.969419300556
zhao-vaccine-6fa72e4c980319d1,DeepHLApan,1.1.1@ac1f4beb,immunogenicity,0.297772288322,higher,predicted,0.964733242989
zhao-vaccine-fecf0e4ffb53c9ba,DeepHLApan,1.1.1@ac1f4beb,immunogenicity,0.604545235634,higher,predicted,0.960658848286
zhao-vaccine-7f048c24cf7f67cd,DeepHLApan,1.1.1@ac1f4beb,immunogenicity,0.569459736347,higher,predicted,0.977092266083
zhao-vaccine-8f28ecfbd8e04b8a,DeepHLApan,1.1.1@ac1f4beb,immunogenicity,0.770531237125,higher,predicted,0.962432861328
zhao-vaccine-c7ecbe8a43080a18,DeepHLApan,1.1.1@ac1f4beb,immunogenicity,0.35867998004,higher,predicted,0.977310836315
zhao-vaccine-d353f5ffe14092d8,DeepHLApan,1.1.1@ac1f4beb,immunogenicity,0.60371863842,higher,predicted,0.998538374901
zhao-vaccine-68919353742998c9,DeepHLApan,1.1.1@ac1f4beb,immunogenicity,0.824789643288,higher,predicted,0.841782093048
zhao-vaccine-adb6b5a92a4bda9e,DeepHLApan,1.1.1@ac1f4beb,immunogenicity,0.637697100639,higher,predicted,0.959868788719
zhao-vaccine-1b0f9ac57d3deca0,DeepHLApan,1.1.1@ac1f4beb,immunogenicity,0.862923026085,higher,predicted,0.999804198742
zhao-vaccine-352b15a9113e1c3f,DeepHLApan,1.1.1@ac1f4beb,immunogenicity,0.898909091949,higher,predicted,0.994789242744
zhao-vaccine-d245b9086a4c4e55,DeepHLApan,1.1.1@ac1f4beb,immunogenicity,0.501501083374,higher,predicted,0.407005131245
zhao-vaccine-b9a1d54db9353202,DeepHLApan,1.1.1@ac1f4beb,immunogenicity,0.949885189533,higher,predicted,0.856846213341
zhao-vaccine-65e1e957b18a0883,DeepHLApan,1.1.1@ac1f4beb,immunogenicity,0.22943392396,higher,predicted,0.996102929115
zhao-vaccine-5aad249cfbd1da6a,DeepHLApan,1.1.1@ac1f4beb,immunogenicity,0.985173523426,higher,predicted,0.887637019157
zhao-vaccine-1f8caded918cd1a8,DeepHLApan,1.1.1@ac1f4beb,immunogenicity,0.986010909081,higher,predicted,0.995788931847
zhao-vaccine-a32c2f2da9e9e873,DeepHLApan,1.1.1@ac1f4beb,immunogenicity,0.978688538074,higher,predicted,0.999013721943
zhao-vaccine-d794cc06a0b7dbc2,DeepHLApan,1.1.1@ac1f4beb,immunogenicity,0.965978443623,higher,predicted,0.998500466347
zhao-vaccine-2198b7a3c74589cf,DeepHLApan,1.1.1@ac1f4beb,immunogenicity,0.0973653644323,higher,predicted,0.986942648888
zhao-vaccine-6dd07e8066f0f846,DeepHLApan,1.1.1@ac1f4beb,immunogenicity,0.155046463013,higher,predicted,0.99810564518
zhao-vaccine-83a2818ca048bc91,DeepHLApan,1.1.1@ac1f4beb,immunogenicity,0.038962546736,higher,predicted,0.990300953388
zhao-vaccine-30af01ce73e0a329,DeepHLApan,1.1.1@ac1f4beb,immunogenicity,0.0953635796905,higher,predicted,0.990263104439
zhao-vaccine-8e5f572bf39bb70e,DeepHLApan,1.1.1@ac1f4beb,immunogenicity,0.287369430065,higher,predicted,0.99805277586
zhao-vaccine-947c1a25434f2c88,DeepHLApan,1.1.1@ac1f4beb,immunogenicity,0.117918014526,higher,predicted,0.984605014324
zhao-vaccine-cf7bbfda04adec09,DeepHLApan,1.1.1@ac1f4beb,immunogenicity,0.0790586844087,higher,predicted,0.98845911026
zhao-vaccine-0a37b5892da9f729,DeepHLApan,1.1.1@ac1f4beb,immunogenicity,0.0325134694576,higher,predicted,0.822905659676
zhao-vaccine-3c5ff23770c9c9eb,DeepHLApan,1.1.1@ac1f4beb,immunogenicity,0.0226899106055,higher,predicted,0.993738770485
zhao-vaccine-07cda9d9316a2417,DeepHLApan,1.1.1@ac1f4beb,immunogenicity,0.240088313818,higher,predicted,0.975649178028
zhao-vaccine-25c3d50852fb5fbc,DeepHLApan,1.1.1@ac1f4beb,immunogenicity,0.443811357021,higher,predicted,0.987914741039
zhao-vaccine-c61e31faea397e00,DeepHLApan,1.1.1@ac1f4beb,immunogenicity,0.992006123066,higher,predicted,0.998970389366
zhao-vaccine-1c2709e2c8b958f5,DeepHLApan,1.1.1@ac1f4beb,immunogenicity,0.318481147289,higher,predicted,0.9887393713
zhao-vaccine-52e8109ad1474de0,DeepHLApan,1.1.1@ac1f4beb,immunogenicity,0.66650134325,higher,predicted,0.9976593256
zhao-vaccine-f2460d83b4aa9649,DeepHLApan,1.1.1@ac1f4beb,immunogenicity,0.933701395988,higher,predicted,0.9994597435
zhao-vaccine-3fc85da93c900ad1,DeepHLApan,1.1.1@ac1f4beb,immunogenicity,0.869858920574,higher,predicted,0.999328255653
zhao-vaccine-504366f07af83dea,DeepHLApan,1.1.1@ac1f4beb,immunogenicity,0.643299639225,higher,predicted,0.972782492638
zhao-vaccine-3dd3b83dc8a140dd,DeepHLApan,1.1.1@ac1f4beb,immunogenicity,0.51542943716,higher,predicted,0.992403388023
zhao-vaccine-92586d96b0544d0e,DeepHLApan,1.1.1@ac1f4beb,immunogenicity,0.326010525227,higher,predicted,0.991007983685
zhao-vaccine-d62cd0eb01450541,DeepHLApan,1.1.1@ac1f4beb,immunogenicity,0.966504275799,higher,predicted,0.99959641695
zhao-vaccine-0bb4de090da7557e,DeepHLApan,1.1.1@ac1f4beb,immunogenicity,0.00467290449888,higher,predicted,0.999350667
zhao-vaccine-d83594b606a34d9f,DeepHLApan,1.1.1@ac1f4beb,immunogenicity,0.0014073732309,higher,predicted,0.998018920422
zhao-vaccine-9b36daa85674e41c,DeepHLApan,1.1.1@ac1f4beb,immunogenicity,0.545962691307,higher,predicted,0.999153614044
zhao-vaccine-a7d26b31e15305c0,DeepHLApan,1.1.1@ac1f4beb,immunogenicity,0.107420049608,higher,predicted,0.98258638382
zhao-vaccine-a77fb0e9d66e5b92,DeepHLApan,1.1.1@ac1f4beb,immunogenicity,0.854955196381,higher,predicted,0.997573077679
zhao-vaccine-6af6761dc326c7b4,DeepHLApan,1.1.1@ac1f4beb,immunogenicity,0.781717598438,higher,predicted,0.999202907085
zhao-vaccine-70021a4a83d0b97b,DeepHLApan,1.1.1@ac1f4beb,immunogenicity,0.665786504745,higher,predicted,0.9720261693
zhao-vaccine-b8c034b4f7906cda,DeepHLApan,1.1.1@ac1f4beb,immunogenicity,0.0824950933456,higher,predicted,0.967270374298
zhao-vaccine-61ac7c025d684e3f,DeepHLApan,1.1.1@ac1f4beb,immunogenicity,0.863241195679,higher,predicted,0.993097126484
zhao-vaccine-c9b86ce6d1009213,DeepHLApan,1.1.1@ac1f4beb,immunogenicity,0.588829576969,higher,predicted,0.965811729431
zhao-vaccine-2b01871034639ce6,DeepHLApan,1.1.1@ac1f4beb,immunogenicity,0.71190482378,higher,predicted,0.980385899544
zhao-vaccine-0b898604ae640790,DeepHLApan,1.1.1@ac1f4beb,immunogenicity,0.840921401978,higher,predicted,0.99826002121
zhao-vaccine-090509de5bbe3e7c,DeepHLApan,1.1.1@ac1f4beb,immunogenicity,0.447019487619,higher,predicted,0.971925735474
zhao-vaccine-c0f6ab4dadf74287,DeepHLApan,1.1.1@ac1f4beb,immunogenicity,0.892497420311,higher,predicted,0.927570462227
zhao-vaccine-24bb80e6d446539e,DeepHLApan,1.1.1@ac1f4beb,immunogenicity,0.905227065086,higher,predicted,0.999150276184
zhao-vaccine-3201a3fb6e0c8fa5,DeepHLApan,1.1.1@ac1f4beb,immunogenicity,0.377309292555,higher,predicted,0.985760867596
zhao-vaccine-83712a929d036711,DeepHLApan,1.1.1@ac1f4beb,immunogenicity,0.51915204525,higher,predicted,0.987115740776
zhao-vaccine-bc7e6e0737e44920,DeepHLApan,1.1.1@ac1f4beb,immunogenicity,0.00242779939435,higher,predicted,0.999166965485
zhao-vaccine-0eaf0e818a7a746a,DeepHLApan,1.1.1@ac1f4beb,immunogenicity,0.678428351879,higher,predicted,0.998470306396
zhao-vaccine-e1587f78f0414f32,DeepHLApan,1.1.1@ac1f4beb,immunogenicity,0.633380651474,higher,predicted,0.998535513878
zhao-vaccine-41f5931366c040c0,DeepHLApan,1.1.1@ac1f4beb,immunogenicity,0.119474969804,higher,predicted,0.982803702354
zhao-vaccine-7175cb119bd96102,DeepHLApan,1.1.1@ac1f4beb,immunogenicity,0.667317867279,higher,predicted,0.997452139854
zhao-vaccine-75af5bb08906c7f7,DeepHLApan,1.1.1@ac1f4beb,immunogenicity,0.648372411728,higher,predicted,0.983372688293
zhao-vaccine-19030f73262529ce,DeepHLApan,1.1.1@ac1f4beb,immunogenicity,0.318506509066,higher,predicted,0.987050056458
zhao-vaccine-854adfc6e548ab72,DeepHLApan,1.1.1@ac1f4beb,immunogenicity,0.521400213242,higher,predicted,0.988299965858
zhao-vaccine-40a84aa5f7529b52,DeepHLApan,1.1.1@ac1f4beb,immunogenicity,0.779581665993,higher,predicted,0.972472965717
zhao-vaccine-1071886d40129d5f,DeepHLApan,1.1.1@ac1f4beb,immunogenicity,0.700680375099,higher,predicted,0.982437729836
zhao-vaccine-3fc0b7f5778f75b1,DeepHLApan,1.1.1@ac1f4beb,immunogenicity,0.423040002584,higher,predicted,0.955514729023
zhao-vaccine-cc31c8cbc49a2519,DeepHLApan,1.1.1@ac1f4beb,immunogenicity,0.693617165089,higher,predicted,0.999469578266
zhao-vaccine-76da3ee3a519e089,DeepHLApan,1.1.1@ac1f4beb,immunogenicity,0.724724173546,higher,predicted,0.999919891357
zhao-vaccine-3e0d2622f82171c5,DeepHLApan,1.1.1@ac1f4beb,immunogenicity,0.411070108414,higher,predicted,0.998982727528
zhao-vaccine-db3d9b700db0c77c,DeepHLApan,1.1.1@ac1f4beb,immunogenicity,0.270661264658,higher,predicted,0.991486370564
zhao-vaccine-9973ae04539ea32e,DeepHLApan,1.1.1@ac1f4beb,immunogenicity,0.359975993633,higher,predicted,0.999880611897
zhao-vaccine-5561ea5eae8c4914,DeepHLApan,1.1.1@ac1f4beb,immunogenicity,0.0444934740663,higher,predicted,0.859025359154
zhao-vaccine-2b4eb78cc400768f,DeepHLApan,1.1.1@ac1f4beb,immunogenicity,0.0742827430367,higher,predicted,0.993192374706
zhao-vaccine-007a79875c9c2c9d,DeepHLApan,1.1.1@ac1f4beb,immunogenicity,0.116408385336,higher,predicted,0.999804496765
zhao-vaccine-94c540703c35d914,DeepHLApan,1.1.1@ac1f4beb,immunogenicity,0.928307414055,higher,predicted,0.0344429276884
zhao-vaccine-d0539841cb147534,DeepHLApan,1.1.1@ac1f4beb,immunogenicity,0.802533268929,higher,predicted,0.996562480927
zhao-vaccine-6fb9fcc725620c4d,DeepHLApan,1.1.1@ac1f4beb,immunogenicity,0.161111369729,higher,predicted,0.976635932922
zhao-vaccine-fd3485d9cfbed701,DeepHLApan,1.1.1@ac1f4beb,immunogenicity,0.629131793976,higher,predicted,0.903901696205
zhao-vaccine-7b19004e1c7b69aa,DeepHLApan,1.1.1@ac1f4beb,immunogenicity,0.400055974722,higher,predicted,0.998144984245
zhao-vaccine-77558f19fda1309c,DeepHLApan,1.1.1@ac1f4beb,immunogenicity,0.822599291801,higher,predicted,0.973810017109
zhao-vaccine-a927269393d2526c,DeepHLApan,1.1.1@ac1f4beb,immunogenicity,0.725537180901,higher,predicted,0.908071219921
zhao-vaccine-de540479a7332cba,DeepHLApan,1.1.1@ac1f4beb,immunogenicity,0.828620910645,higher,predicted,0.9523011446
zhao-vaccine-ff2e1d9399179786,DeepHLApan,1.1.1@ac1f4beb,immunogenicity,0.762154757977,higher,predicted,0.998260140419
zhao-vaccine-4acd10b38d0e4aec,DeepHLApan,1.1.1@ac1f4beb,immunogenicity,0.663446784019,higher,predicted,0.830300807953
zhao-vaccine-7bc11d2eff81b4cd,DeepHLApan,1.1.1@ac1f4beb,immunogenicity,0.215976282954,higher,predicted,0.999358773232
zhao-vaccine-b6daf7f342caeef5,DeepHLApan,1.1.1@ac1f4beb,immunogenicity,0.0279538091272,higher,predicted,0.962229907513
zhao-vaccine-00444c5d625a1ea1,DeepHLApan,1.1.1@ac1f4beb,immunogenicity,0.921705245972,higher,predicted,0.996780395508
zhao-vaccine-1899550845bc9391,DeepHLApan,1.1.1@ac1f4beb,immunogenicity,0.157584041357,higher,predicted,0.997649490833
zhao-vaccine-9ce74503a7a65f1d,DeepHLApan,1.1.1@ac1f4beb,immunogenicity,0.966151833534,higher,predicted,0.960662662983
zhao-vaccine-fe2a205d7de5f153,DeepHLApan,1.1.1@ac1f4beb,immunogenicity,0.183222413063,higher,predicted,0.901287734509
zhao-vaccine-5527cbf00d4c06a3,DeepHLApan,1.1.1@ac1f4beb,immunogenicity,0.0628349483013,higher,predicted,0.953958809376
zhao-vaccine-9d0b0ecd97822a8b,DeepHLApan,1.1.1@ac1f4beb,immunogenicity,0.128671884537,higher,predicted,0.984206974506
zhao-vaccine-33922ab67dedb95d,DeepHLApan,1.1.1@ac1f4beb,immunogenicity,0.317237645388,higher,predicted,0.966433167458
zhao-vaccine-833cf7dfafb80ee6,DeepHLApan,1.1.1@ac1f4beb,immunogenicity,0.10324293375,higher,predicted,0.967621445656
zhao-vaccine-9c298b12a5abcbfa,DeepHLApan,1.1.1@ac1f4beb,immunogenicity,0.670086562634,higher,predicted,0.999634563923
zhao-vaccine-25d343c06b9fd1ba,DeepHLApan,1.1.1@ac1f4beb,immunogenicity,0.82205915451,higher,predicted,0.998329341412
zhao-vaccine-3662082b8c37f2db,DeepHLApan,1.1.1@ac1f4beb,immunogenicity,0.682324528694,higher,predicted,0.997255504131
zhao-vaccine-c53cad49f5b42005,DeepHLApan,1.1.1@ac1f4beb,immunogenicity,0.918004214764,higher,predicted,0.991203904152
zhao-vaccine-df06f3847c640434,DeepHLApan,1.1.1@ac1f4beb,immunogenicity,0.967841029167,higher,predicted,0.968436837196
zhao-vaccine-6f4c3b14f541f3a9,DeepHLApan,1.1.1@ac1f4beb,immunogenicity,0.892955780029,higher,predicted,0.996507823467
zhao-vaccine-c5aed4506530e7c9,DeepHLApan,1.1.1@ac1f4beb,immunogenicity,0.987186074257,higher,predicted,0.99921387434
zhao-vaccine-d27b82ea25c2079b,DeepHLApan,1.1.1@ac1f4beb,immunogenicity,0.241331502795,higher,predicted,0.982793033123
zhao-vaccine-86c23021ac8ba472,DeepHLApan,1.1.1@ac1f4beb,immunogenicity,0.0489795580506,higher,predicted,0.992692112923
zhao-vaccine-ffc1986181cf6a8f,DeepHLApan,1.1.1@ac1f4beb,immunogenicity,0.832439780235,higher,predicted,0.998954415321
zhao-vaccine-31a2265075b0b0c8,DeepHLApan,1.1.1@ac1f4beb,immunogenicity,0.2315364182,higher,predicted,0.998184561729
zhao-vaccine-051b07f7c5733441,DeepHLApan,1.1.1@ac1f4beb,immunogenicity,0.249919697642,higher,predicted,0.994964599609
zhao-vaccine-5d3905faafb72e53,DeepHLApan,1.1.1@ac1f4beb,immunogenicity,0.723095238209,higher,predicted,0.735573709011
zhao-vaccine-ea6d50d1b1de9fd2,DeepHLApan,1.1.1@ac1f4beb,immunogenicity,0.325877249241,higher,predicted,0.887117564678
zhao-vaccine-1e3b690b4259c6bf,DeepHLApan,1.1.1@ac1f4beb,immunogenicity,0.0357412435114,higher,predicted,0.975151658058
zhao-vaccine-23eaf44ccb8cdb3e,DeepHLApan,1.1.1@ac1f4beb,immunogenicity,0.973182499409,higher,predicted,0.963080883026
zhao-vaccine-58ec51281e3f45bc,DeepHLApan,1.1.1@ac1f4beb,immunogenicity,0.94543325901,higher,predicted,0.999430954456
zhao-vaccine-d84459d062f5308c,DeepHLApan,1.1.1@ac1f4beb,immunogenicity,0.598340451717,higher,predicted,0.945762634277
zhao-vaccine-4a803735b7e2e91b,DeepHLApan,1.1.1@ac1f4beb,immunogenicity,0.796617209911,higher,predicted,0.934962153435
zhao-vaccine-d7741495ca0a47c4,DeepHLApan,1.1.1@ac1f4beb,immunogenicity,0.877297222614,higher,predicted,0.842950463295
zhao-vaccine-acabdb04a03520ef,DeepHLApan,1.1.1@ac1f4beb,immunogenicity,0.984564304352,higher,predicted,0.950580596924
zhao-vaccine-67558adaa52c27b5,DeepHLApan,1.1.1@ac1f4beb,immunogenicity,0.334262937307,higher,predicted,0.998402118683
zhao-vaccine-8258688d0ed6bf63,DeepHLApan,1.1.1@ac1f4beb,immunogenicity,0.17997007072,higher,predicted,0.997708499432
zhao-vaccine-c5e47ff83f2303a2,DeepHLApan,1.1.1@ac1f4beb,immunogenicity,0.070726364851,higher,predicted,0.985880076885
zhao-vaccine-1156acf6e931f52a,DeepHLApan,1.1.1@ac1f4beb,immunogenicity,0.427648723125,higher,predicted,0.898427844048
zhao-vaccine-c226c4e421abf75f,DeepHLApan,1.1.1@ac1f4beb,immunogenicity,0.267480075359,higher,predicted,0.999511539936
zhao-vaccine-d9a38d29ef1a121f,DeepHLApan,1.1.1@ac1f4beb,immunogenicity,0.284881383181,higher,predicted,0.927652239799
zhao-vaccine-0d39d96932a02503,DeepHLApan,1.1.1@ac1f4beb,immunogenicity,0.706423699856,higher,predicted,0.627474486828
zhao-vaccine-f27df856a4f854dc,DeepHLApan,1.1.1@ac1f4beb,immunogenicity,0.668236076832,higher,predicted,0.329672783613
zhao-vaccine-1de18c9067041a38,DeepHLApan,1.1.1@ac1f4beb,immunogenicity,0.974064826965,higher,predicted,0.980956077576
zhao-vaccine-5bf5127cbae8097b,DeepHLApan,1.1.1@ac1f4beb,immunogenicity,0.752363801003,higher,predicted,0.811486363411
zhao-vaccine-f04ac6b512432b83,DeepHLApan,1.1.1@ac1f4beb,immunogenicity,0.549119114876,higher,predicted,0.982188403606
zhao-vaccine-2d5bc81066cb27d4,DeepHLApan,1.1.1@ac1f4beb,immunogenicity,0.533848166466,higher,predicted,0.954353988171
zhao-vaccine-d54a3c817ef7f91a,DeepHLApan,1.1.1@ac1f4beb,immunogenicity,0.902977764606,higher,predicted,0.997813224792
zhao-vaccine-af1ae015379e0d4c,DeepHLApan,1.1.1@ac1f4beb,immunogenicity,0.925387740135,higher,predicted,0.963829815388
zhao-vaccine-5c4e1393fcceb6cc,DeepHLApan,1.1.1@ac1f4beb,immunogenicity,0.982544720173,higher,predicted,0.998947918415
zhao-vaccine-2c02aa2259b38cf7,DeepHLApan,1.1.1@ac1f4beb,immunogenicity,0.107095256448,higher,predicted,0.994285702705
zhao-vaccine-90f9b84f47894dac,DeepHLApan,1.1.1@ac1f4beb,immunogenicity,0.813219249249,higher,predicted,0.995415329933
zhao-vaccine-ab9a566bfd9e22f5,DeepHLApan,1.1.1@ac1f4beb,immunogenicity,0.0839786678553,higher,predicted,0.865569114685
zhao-vaccine-d9320bb718c273a5,DeepHLApan,1.1.1@ac1f4beb,immunogenicity,0.401472628117,higher,predicted,0.993817806244
zhao-vaccine-e869ced7f0f72d4c,DeepHLApan,1.1.1@ac1f4beb,immunogenicity,0.260729432106,higher,predicted,0.990327179432
zhao-vaccine-dddf213bd7d4e6a7,DeepHLApan,1.1.1@ac1f4beb,immunogenicity,0.382482558489,higher,predicted,0.901342868805
zhao-vaccine-14d05f3a9c4040d4,DeepHLApan,1.1.1@ac1f4beb,immunogenicity,0.059184461832,higher,predicted,0.963944733143
zhao-vaccine-9d4621b374c0f21f,DeepHLApan,1.1.1@ac1f4beb,immunogenicity,0.40688085556,higher,predicted,0.978394627571
zhao-vaccine-b84e6ed1d53c9c56,DeepHLApan,1.1.1@ac1f4beb,immunogenicity,0.300893455744,higher,predicted,0.967249214649
zhao-vaccine-1747d4da366e49c6,DeepHLApan,1.1.1@ac1f4beb,immunogenicity,0.436633735895,higher,predicted,0.99809807539
zhao-vaccine-69f62b48be1b9947,DeepHLApan,1.1.1@ac1f4beb,immunogenicity,0.756009757519,higher,predicted,0.977559387684
zhao-vaccine-70b013abf6dfe8cb,DeepHLApan,1.1.1@ac1f4beb,immunogenicity,0.692773938179,higher,predicted,0.991337656975
zhao-vaccine-beeb78dcb3ce1bd6,DeepHLApan,1.1.1@ac1f4beb,immunogenicity,0.512410879135,higher,predicted,0.979757130146
zhao-vaccine-d334b09365885e61,DeepHLApan,1.1.1@ac1f4beb,immunogenicity,0.306430518627,higher,predicted,0.986544132233
zhao-vaccine-e321724542ff486e,DeepHLApan,1.1.1@ac1f4beb,immunogenicity,0.708359360695,higher,predicted,0.994416832924
zhao-vaccine-ce7bb3b1d8d91074,DeepHLApan,1.1.1@ac1f4beb,immunogenicity,0.392164468765,higher,predicted,0.955252528191
zhao-vaccine-7c9cd3f31ce9f18a,DeepHLApan,1.1.1@ac1f4beb,immunogenicity,0.967628777027,higher,predicted,0.989194571972
zhao-vaccine-d8b3cb9f783ea9a4,DeepHLApan,1.1.1@ac1f4beb,immunogenicity,0.440819680691,higher,predicted,0.999182701111
zhao-vaccine-a874ce1e2754a8d5,DeepHLApan,1.1.1@ac1f4beb,immunogenicity,0.64556825161,higher,predicted,0.960896670818
zhao-vaccine-75d5de385669e3bc,DeepHLApan,1.1.1@ac1f4beb,immunogenicity,0.0669120699167,higher,predicted,0.987084746361
zhao-vaccine-0c875e7bc235bb96,DeepHLApan,1.1.1@ac1f4beb,immunogenicity,0.0531721785665,higher,predicted,0.977466881275
zhao-vaccine-e18369fa05ea709c,DeepHLApan,1.1.1@ac1f4beb,immunogenicity,0.866915047169,higher,predicted,0.995319187641
zhao-vaccine-3a7020641c49a4b0,DeepHLApan,1.1.1@ac1f4beb,immunogenicity,0.912687599659,higher,predicted,0.95683658123
zhao-vaccine-f1ae7c881294ac52,DeepHLApan,1.1.1@ac1f4beb,immunogenicity,0.752214789391,higher,predicted,0.978078365326
zhao-vaccine-29a1785dacf85576,DeepHLApan,1.1.1@ac1f4beb,immunogenicity,0.45211738348,higher,predicted,0.942750930786
zhao-vaccine-5cbd31005d3bcff5,DeepHLApan,1.1.1@ac1f4beb,immunogenicity,0.988526642323,higher,predicted,0.984318256378
zhao-vaccine-11ba54e0b96687a1,DeepHLApan,1.1.1@ac1f4beb,immunogenicity,0.65584218502,higher,predicted,0.974316775799
zhao-vaccine-f441a9b109397bee,DeepHLApan,1.1.1@ac1f4beb,immunogenicity,0.67788618803,higher,predicted,0.888757050037
zhao-vaccine-db1e2cbd88910c6f,DeepHLApan,1.1.1@ac1f4beb,immunogenicity,0.473472118378,higher,predicted,0.999158203602
zhao-vaccine-3b22f7af42025ab1,DeepHLApan,1.1.1@ac1f4beb,immunogenicity,0.842836558819,higher,predicted,0.868884861469
zhao-vaccine-00ff16e25073019b,DeepHLApan,1.1.1@ac1f4beb,immunogenicity,0.716562926769,higher,predicted,0.991379857063
zhao-vaccine-4f105e0d47e30f78,DeepHLApan,1.1.1@ac1f4beb,immunogenicity,0.0465630702674,higher,predicted,0.997576534748
zhao-vaccine-09bbcb8a8cac6970,DeepHLApan,1.1.1@ac1f4beb,immunogenicity,0.989911854267,higher,predicted,0.997520327568
zhao-vaccine-f4e70bd617a1ab13,DeepHLApan,1.1.1@ac1f4beb,immunogenicity,0.967240035534,higher,predicted,0.999570190907
zhao-vaccine-f23e51c40f064c5d,DeepHLApan,1.1.1@ac1f4beb,immunogenicity,0.565397500992,higher,predicted,0.984649479389
zhao-vaccine-e2d933ef6fc6330c,DeepHLApan,1.1.1@ac1f4beb,immunogenicity,0.843815147877,higher,predicted,0.986828327179
zhao-vaccine-a6d7efa078e4403a,DeepHLApan,1.1.1@ac1f4beb,immunogenicity,0.277010023594,higher,predicted,0.99737405777
zhao-vaccine-ed02672548c2c6e9,DeepHLApan,1.1.1@ac1f4beb,immunogenicity,0.569567501545,higher,predicted,0.797759354115
zhao-vaccine-584580aa40b32fb0,DeepHLApan,1.1.1@ac1f4beb,immunogenicity,0.00162576814182,higher,predicted,0.988544106483
zhao-vaccine-7713216b739e01fb,DeepHLApan,1.1.1@ac1f4beb,immunogenicity,0.675699353218,higher,predicted,0.994563579559
zhao-vaccine-37150d21cb59561e,DeepHLApan,1.1.1@ac1f4beb,immunogenicity,0.981734275818,higher,predicted,0.922995746136
zhao-vaccine-8865368c74775ec5,DeepHLApan,1.1.1@ac1f4beb,immunogenicity,0.404541105032,higher,predicted,0.973063468933
zhao-vaccine-0f899e5797566725,DeepHLApan,1.1.1@ac1f4beb,immunogenicity,0.563011825085,higher,predicted,0.967047691345
zhao-vaccine-52fff727b9b7b4e2,DeepHLApan,1.1.1@ac1f4beb,immunogenicity,0.680455088615,higher,predicted,0.990960240364
zhao-vaccine-edaf4e83f46c187e,DeepHLApan,1.1.1@ac1f4beb,immunogenicity,0.586171984673,higher,predicted,0.951570510864
zhao-vaccine-edef5e1d5a58e9e1,DeepHLApan,1.1.1@ac1f4beb,immunogenicity,0.758179783821,higher,predicted,0.969416499138
zhao-vaccine-48533e9a40327f8f,DeepHLApan,1.1.1@ac1f4beb,immunogenicity,0.937158763409,higher,predicted,0.963719367981
zhao-vaccine-1225cede0d420f0a,DeepHLApan,1.1.1@ac1f4beb,immunogenicity,0.199683889747,higher,predicted,0.839124202728
zhao-vaccine-6510e76c70f1f951,DeepHLApan,1.1.1@ac1f4beb,immunogenicity,0.46015048027,higher,predicted,0.978512763977
zhao-vaccine-eccddbe101d23034,DeepHLApan,1.1.1@ac1f4beb,immunogenicity,0.0200150627643,higher,predicted,0.998366236687
zhao-vaccine-cee042b9a88d7012,DeepHLApan,1.1.1@ac1f4beb,immunogenicity,0.495459467173,higher,predicted,0.999476611614
zhao-vaccine-881f4582c98f353c,DeepHLApan,1.1.1@ac1f4beb,immunogenicity,0.0191726144403,higher,predicted,0.99317419529
zhao-vaccine-3fb480f105298172,DeepHLApan,1.1.1@ac1f4beb,immunogenicity,0.202200695872,higher,predicted,0.996561706066
zhao-vaccine-cc75b72e942baa44,DeepHLApan,1.1.1@ac1f4beb,immunogenicity,0.405906289816,higher,predicted,0.989599704742
zhao-vaccine-f477a52b434974ac,DeepHLApan,1.1.1@ac1f4beb,immunogenicity,0.235661074519,higher,predicted,0.971035003662
zhao-vaccine-0d4ac2a843d56400,DeepHLApan,1.1.1@ac1f4beb,immunogenicity,0.0699836462736,higher,predicted,0.987532019615
zhao-vaccine-9c13590bea498179,DeepHLApan,1.1.1@ac1f4beb,immunogenicity,0.526804089546,higher,predicted,0.999332249165
zhao-vaccine-072a700de284fe72,DeepHLApan,1.1.1@ac1f4beb,immunogenicity,0.261684566736,higher,predicted,0.998558342457
zhao-vaccine-a2dcf44fa3d2f757,DeepHLApan,1.1.1@ac1f4beb,immunogenicity,0.637439787388,higher,predicted,0.995144248009
zhao-vaccine-e65463d2a7a97dc5,DeepHLApan,1.1.1@ac1f4beb,immunogenicity,0.704366147518,higher,predicted,0.998902499676
zhao-vaccine-4650c5767516b0b6,DeepHLApan,1.1.1@ac1f4beb,immunogenicity,0.527686297894,higher,predicted,0.999471187592
zhao-vaccine-7df8b7a96621bbdb,DeepHLApan,1.1.1@ac1f4beb,immunogenicity,0.812278926373,higher,predicted,0.98913115263
zhao-vaccine-8df2fe8b5fcd796a,DeepHLApan,1.1.1@ac1f4beb,immunogenicity,0.376636832952,higher,predicted,0.994106948376
zhao-vaccine-2b2980afd052a1b5,DeepHLApan,1.1.1@ac1f4beb,immunogenicity,0.161416321993,higher,predicted,0.990300178528
zhao-vaccine-a45b6e7fa969b248,DeepHLApan,1.1.1@ac1f4beb,immunogenicity,0.119276978076,higher,predicted,0.966035246849
zhao-vaccine-e327e6b3bfed204f,DeepHLApan,1.1.1@ac1f4beb,immunogenicity,0.557322859764,higher,predicted,0.990860939026
zhao-vaccine-5128432b204cfd4e,DeepHLApan,1.1.1@ac1f4beb,immunogenicity,0.931811988354,higher,predicted,0.99246263504
zhao-vaccine-d7dd66fd394437a0,DeepHLApan,1.1.1@ac1f4beb,immunogenicity,0.0765233933926,higher,predicted,0.99843865633
zhao-vaccine-44fd213985f71f6c,DeepHLApan,1.1.1@ac1f4beb,immunogenicity,0.750595450401,higher,predicted,0.997698307037
zhao-vaccine-499666ed8d657795,DeepHLApan,1.1.1@ac1f4beb,immunogenicity,0.21043138206,higher,predicted,0.997997403145
zhao-vaccine-9d9ba5caea4fd60c,DeepHLApan,1.1.1@ac1f4beb,immunogenicity,0.0155742969364,higher,predicted,0.992243885994
zhao-vaccine-896f258e6a8bc219,DeepHLApan,1.1.1@ac1f4beb,immunogenicity,0.0477773845196,higher,predicted,0.967977821827
zhao-vaccine-bce5ab8297ffee2e,DeepHLApan,1.1.1@ac1f4beb,immunogenicity,0.680129170418,higher,predicted,0.982053637505
zhao-vaccine-28f2b4b018fc889c,DeepHLApan,1.1.1@ac1f4beb,immunogenicity,0.00966524519026,higher,predicted,0.848084270954
zhao-vaccine-0d435af2cc1c0837,DeepHLApan,1.1.1@ac1f4beb,immunogenicity,0.628057956696,higher,predicted,0.996089577675
zhao-vaccine-23b2964a86bec6f7,DeepHLApan,1.1.1@ac1f4beb,immunogenicity,0.60670042038,higher,predicted,0.994128704071
zhao-vaccine-60060e39e49769a1,DeepHLApan,1.1.1@ac1f4beb,immunogenicity,0.426973342896,higher,predicted,0.997887015343
zhao-vaccine-0d8578a424909227,DeepHLApan,1.1.1@ac1f4beb,immunogenicity,0.631577074528,higher,predicted,0.999718010426
zhao-vaccine-94b3e3445fb06039,DeepHLApan,1.1.1@ac1f4beb,immunogenicity,0.797985196114,higher,predicted,0.986195921898
zhao-vaccine-4c18b6ddad0a8dbf,DeepHLApan,1.1.1@ac1f4beb,immunogenicity,0.694321513176,higher,predicted,0.984208464622
zhao-vaccine-c6a100959123a7ed,DeepHLApan,1.1.1@ac1f4beb,immunogenicity,0.410880088806,higher,predicted,0.992113232613
zhao-vaccine-618b58eaa5cd53b8,DeepHLApan,1.1.1@ac1f4beb,immunogenicity,0.54369866848,higher,predicted,0.991717338562
zhao-vaccine-3e5db6fc81d2d533,DeepHLApan,1.1.1@ac1f4beb,immunogenicity,0.68455684185,higher,predicted,0.980558991432
zhao-vaccine-fd51fc61ca07288d,DeepHLApan,1.1.1@ac1f4beb,immunogenicity,0.0225645583123,higher,predicted,0.986832976341
zhao-vaccine-bf5a71d5d2b227d9,DeepHLApan,1.1.1@ac1f4beb,immunogenicity,0.480480253696,higher,predicted,0.992807745934
zhao-vaccine-0f240ad0137eb3f3,DeepHLApan,1.1.1@ac1f4beb,immunogenicity,0.359460532665,higher,predicted,0.969086766243
zhao-vaccine-cfe3664f792212d3,DeepHLApan,1.1.1@ac1f4beb,immunogenicity,0.115215100348,higher,predicted,0.996612906456
zhao-vaccine-16db6e7f6bbac813,DeepHLApan,1.1.1@ac1f4beb,immunogenicity,0.0346497185528,higher,predicted,0.993006885052
zhao-vaccine-e20d6e4e58b77110,DeepHLApan,1.1.1@ac1f4beb,immunogenicity,0.682626068592,higher,predicted,0.999516785145
zhao-vaccine-def347ffae70b03d,DeepHLApan,1.1.1@ac1f4beb,immunogenicity,0.522416949272,higher,predicted,0.998046219349
zhao-vaccine-8b658589a82e87b0,DeepHLApan,1.1.1@ac1f4beb,immunogenicity,0.854086220264,higher,predicted,0.996599853039
zhao-vaccine-e2fb505f56286e67,DeepHLApan,1.1.1@ac1f4beb,immunogenicity,0.663978755474,higher,predicted,0.998752295971
zhao-vaccine-9118c66e983589f8,DeepHLApan,1.1.1@ac1f4beb,immunogenicity,0.497497081757,higher,predicted,0.999878108501
zhao-vaccine-1d02e09803958091,DeepHLApan,1.1.1@ac1f4beb,immunogenicity,0.606418371201,higher,predicted,0.992801368237
zhao-vaccine-510b74e07ea8db2b,DeepHLApan,1.1.1@ac1f4beb,immunogenicity,0.359450727701,higher,predicted,0.99929523468
zhao-vaccine-c8346c8646d4e728,DeepHLApan,1.1.1@ac1f4beb,immunogenicity,0.904561161995,higher,predicted,0.987440466881
zhao-vaccine-0c2cf1608b20c5a4,DeepHLApan,1.1.1@ac1f4beb,immunogenicity,0.293955504894,higher,predicted,0.997651696205
zhao-vaccine-8626e24ab1d31ea8,DeepHLApan,1.1.1@ac1f4beb,immunogenicity,0.528318524361,higher,predicted,0.986260592937
zhao-vaccine-a28616596073e629,DeepHLApan,1.1.1@ac1f4beb,immunogenicity,0.385799318552,higher,predicted,0.986414909363
zhao-vaccine-7257286bd367c408,DeepHLApan,1.1.1@ac1f4beb,immunogenicity,0.612685024738,higher,predicted,0.998850524426
zhao-vaccine-c5b77a6ed25596e0,DeepHLApan,1.1.1@ac1f4beb,immunogenicity,0.787723183632,higher,predicted,0.986177563667
zhao-vaccine-18a4c5aa2273d155,DeepHLApan,1.1.1@ac1f4beb,immunogenicity,0.272652477026,higher,predicted,0.988996624947
zhao-vaccine-ef8468c36f804179,DeepHLApan,1.1.1@ac1f4beb,immunogenicity,0.00947311334312,higher,predicted,0.996133446693
zhao-vaccine-92b7acc5c70af21c,DeepHLApan,1.1.1@ac1f4beb,immunogenicity,0.0896800458431,higher,predicted,0.998005092144
zhao-vaccine-f4ce4ccfed2d2f41,DeepHLApan,1.1.1@ac1f4beb,immunogenicity,0.181572884321,higher,predicted,0.99652415514
zhao-vaccine-349b472eb2f1778d,DeepHLApan,1.1.1@ac1f4beb,immunogenicity,0.0856583043933,higher,predicted,0.997729182243
zhao-vaccine-ffbbba5d0dfacd11,DeepHLApan,1.1.1@ac1f4beb,immunogenicity,0.345523506403,higher,predicted,0.985258221626
zhao-vaccine-3e4ca4df78b5be4d,DeepHLApan,1.1.1@ac1f4beb,immunogenicity,0.056191612035,higher,predicted,0.970296680927
zhao-vaccine-547c0c584e98eca8,DeepHLApan,1.1.1@ac1f4beb,immunogenicity,0.460523605347,higher,predicted,0.986661911011
zhao-vaccine-4f8b483a89e3a1fd,DeepHLApan,1.1.1@ac1f4beb,immunogenicity,0.475997924805,higher,predicted,0.911128342152
zhao-vaccine-8a3e73d8c82ac463,DeepHLApan,1.1.1@ac1f4beb,immunogenicity,0.398673474789,higher,predicted,0.801238894463
zhao-vaccine-5fc34613283706ed,DeepHLApan,1.1.1@ac1f4beb,immunogenicity,0.931313157082,higher,predicted,0.918357253075
zhao-vaccine-b2a13355f88ffd42,DeepHLApan,1.1.1@ac1f4beb,immunogenicity,0.281601428986,higher,predicted,0.998091042042
zhao-vaccine-c5df1e0bc55ec669,DeepHLApan,1.1.1@ac1f4beb,immunogenicity,0.687177538872,higher,predicted,0.989250302315
zhao-vaccine-70fbe6867e415f45,DeepHLApan,1.1.1@ac1f4beb,immunogenicity,0.871791064739,higher,predicted,0.984951853752
zhao-vaccine-8b81bd6a089c6050,DeepHLApan,1.1.1@ac1f4beb,immunogenicity,0.131792753935,higher,predicted,0.990908741951
zhao-vaccine-f8a5057eb6aa17bc,DeepHLApan,1.1.1@ac1f4beb,immunogenicity,0.907043278217,higher,predicted,0.978774249554
zhao-vaccine-bd917fc342cc44fb,DeepHLApan,1.1.1@ac1f4beb,immunogenicity,0.472134202719,higher,predicted,0.9908670187
zhao-vaccine-0a64926287f05fd8,DeepHLApan,1.1.1@ac1f4beb,immunogenicity,0.959032535553,higher,predicted,0.851037800312
zhao-vaccine-e1f6ba4ad13e507c,DeepHLApan,1.1.1@ac1f4beb,immunogenicity,0.143864691257,higher,predicted,0.772972881794
zhao-vaccine-b88a77172820f677,DeepHLApan,1.1.1@ac1f4beb,immunogenicity,0.17108309269,higher,predicted,0.987719714642
zhao-vaccine-e38b136ca466e13c,DeepHLApan,1.1.1@ac1f4beb,immunogenicity,0.0631918460131,higher,predicted,0.992311477661
zhao-vaccine-c43663a252b8980b,DeepHLApan,1.1.1@ac1f4beb,immunogenicity,0.963994503021,higher,predicted,0.99007922411
zhao-vaccine-111c67c6c484cfa3,DeepHLApan,1.1.1@ac1f4beb,immunogenicity,0.9840067029,higher,predicted,0.999683260918
zhao-vaccine-b0a8f16b7f842d03,DeepHLApan,1.1.1@ac1f4beb,immunogenicity,0.387278497219,higher,predicted,0.992764472961
zhao-vaccine-c5890df81b18720d,DeepHLApan,1.1.1@ac1f4beb,immunogenicity,0.0474477484822,higher,predicted,0.997275352478
zhao-vaccine-46872701a0a2a47a,DeepHLApan,1.1.1@ac1f4beb,immunogenicity,0.180494144559,higher,predicted,0.997574329376
zhao-vaccine-583e12cb7d411808,DeepHLApan,1.1.1@ac1f4beb,immunogenicity,0.380149781704,higher,predicted,0.970393002033
zhao-vaccine-d30e8c087eda6c20,DeepHLApan,1.1.1@ac1f4beb,immunogenicity,0.675094902515,higher,predicted,0.994875907898
zhao-vaccine-3c85f3d9d4e93734,DeepHLApan,1.1.1@ac1f4beb,immunogenicity,0.173575341702,higher,predicted,0.999477267265
zhao-vaccine-a57c584437f79f43,DeepHLApan,1.1.1@ac1f4beb,immunogenicity,0.480323404074,higher,predicted,0.996775329113
zhao-vaccine-eddc36ad99328b45,DeepHLApan,1.1.1@ac1f4beb,immunogenicity,0.121690712869,higher,predicted,0.99228811264
zhao-vaccine-631a83cd1ff9f6d5,DeepHLApan,1.1.1@ac1f4beb,immunogenicity,0.548536658287,higher,predicted,0.994898915291
zhao-vaccine-c5a32306c9253edb,DeepHLApan,1.1.1@ac1f4beb,immunogenicity,0.0532825067639,higher,predicted,0.993179142475
zhao-vaccine-77dec992827058b9,DeepHLApan,1.1.1@ac1f4beb,immunogenicity,0.972496628761,higher,predicted,0.972088694572
zhao-vaccine-2de8930c8b86e724,DeepHLApan,1.1.1@ac1f4beb,immunogenicity,0.54250651598,higher,predicted,0.987654387951
zhao-vaccine-33f38bb85cbf6299,DeepHLApan,1.1.1@ac1f4beb,immunogenicity,0.620723605156,higher,predicted,0.959951102734
zhao-vaccine-c19c9dc853050c21,DeepHLApan,1.1.1@ac1f4beb,immunogenicity,0.520218491554,higher,predicted,0.741787910461
zhao-vaccine-b88998db5fd93482,DeepHLApan,1.1.1@ac1f4beb,immunogenicity,0.37187936902,higher,predicted,0.91556674242
zhao-vaccine-13aa67078c319951,DeepHLApan,1.1.1@ac1f4beb,immunogenicity,0.478270947933,higher,predicted,0.950252652168
zhao-vaccine-d90878efe5822086,DeepHLApan,1.1.1@ac1f4beb,immunogenicity,0.576502919197,higher,predicted,0.96108007431
zhao-vaccine-06e9606c97b68cef,DeepHLApan,1.1.1@ac1f4beb,immunogenicity,0.0211773458868,higher,predicted,0.991685688496
zhao-vaccine-26bc11c522c8c8d0,DeepHLApan,1.1.1@ac1f4beb,immunogenicity,0.282470673323,higher,predicted,0.986619353294
zhao-vaccine-86fefe15c0e2cfde,DeepHLApan,1.1.1@ac1f4beb,immunogenicity,0.966886043549,higher,predicted,0.993953347206
zhao-vaccine-a8b12c894c15cf31,DeepHLApan,1.1.1@ac1f4beb,immunogenicity,0.0249872840941,higher,predicted,0.997954368591
zhao-vaccine-2e21c6847cb378a3,DeepHLApan,1.1.1@ac1f4beb,immunogenicity,0.26377928257,higher,predicted,0.997984409332
zhao-vaccine-e4c48b2c632925e2,DeepHLApan,1.1.1@ac1f4beb,immunogenicity,0.00531015638262,higher,predicted,0.999960899353
zhao-vaccine-009799247df05f44,DeepHLApan,1.1.1@ac1f4beb,immunogenicity,0.0329266302288,higher,predicted,0.998860538006
zhao-vaccine-63b0db62185f6407,DeepHLApan,1.1.1@ac1f4beb,immunogenicity,0.0550644174218,higher,predicted,0.995997905731
zhao-vaccine-5d0b2d2cf7d9ac10,DeepHLApan,1.1.1@ac1f4beb,immunogenicity,0.133198469877,higher,predicted,0.998688340187
zhao-vaccine-32030c8bab304bee,DeepHLApan,1.1.1@ac1f4beb,immunogenicity,0.040822353214,higher,predicted,0.933731198311
zhao-vaccine-768f9aaae34ebf80,DeepHLApan,1.1.1@ac1f4beb,immunogenicity,0.0190099962056,higher,predicted,0.997057318687
zhao-vaccine-ae857bf742b38673,DeepHLApan,1.1.1@ac1f4beb,immunogenicity,0.0456547439098,higher,predicted,0.971364974976
zhao-vaccine-b199c65d7b41c4d7,DeepHLApan,1.1.1@ac1f4beb,immunogenicity,0.975175738335,higher,predicted,0.993774235249
zhao-vaccine-c2b522ddd373a51f,DeepHLApan,1.1.1@ac1f4beb,immunogenicity,0.193610280752,higher,predicted,0.999603390694
zhao-vaccine-6ce285bdd2bed768,DeepHLApan,1.1.1@ac1f4beb,immunogenicity,0.356625020504,higher,predicted,0.997219085693
zhao-vaccine-2679a4950165023a,DeepHLApan,1.1.1@ac1f4beb,immunogenicity,0.023307505995,higher,predicted,0.999702274799
zhao-vaccine-ae1e7c2da06f200b,DeepHLApan,1.1.1@ac1f4beb,immunogenicity,0.050079125911,higher,predicted,0.999434351921
zhao-vaccine-359086787e9de044,DeepHLApan,1.1.1@ac1f4beb,immunogenicity,0.0259207673371,higher,predicted,0.99762648344
zhao-vaccine-460fc9afc8100272,DeepHLApan,1.1.1@ac1f4beb,immunogenicity,0.141787797213,higher,predicted,0.99807703495
zhao-vaccine-80d78ec35a6f6fa2,DeepHLApan,1.1.1@ac1f4beb,immunogenicity,0.0235400386155,higher,predicted,0.99515235424
zhao-vaccine-3ab10b4aef3633f5,DeepHLApan,1.1.1@ac1f4beb,immunogenicity,0.078197427094,higher,predicted,0.998991012573
zhao-vaccine-6c6d92733efd0218,DeepHLApan,1.1.1@ac1f4beb,immunogenicity,0.193588063121,higher,predicted,0.999560713768
zhao-vaccine-b63797a2afa2195c,DeepHLApan,1.1.1@ac1f4beb,immunogenicity,0.00741085549816,higher,predicted,0.999470710754
zhao-vaccine-504a034d570b45b1,DeepHLApan,1.1.1@ac1f4beb,immunogenicity,0.0950667411089,higher,predicted,0.999404132366
zhao-vaccine-fd71c5862d712b79,DeepHLApan,1.1.1@ac1f4beb,immunogenicity,0.566548228264,higher,predicted,0.997517764568
zhao-vaccine-fc61c288d6f86c66,DeepHLApan,1.1.1@ac1f4beb,immunogenicity,0.571881830692,higher,predicted,0.981845200062
zhao-vaccine-295f0d9324f50020,DeepHLApan,1.1.1@ac1f4beb,immunogenicity,0.49028262496,higher,predicted,0.987591266632
zhao-vaccine-686b28e817cecc11,DeepHLApan,1.1.1@ac1f4beb,immunogenicity,0.775427997112,higher,predicted,0.99229824543
zhao-vaccine-b1df13609440b3d9,DeepHLApan,1.1.1@ac1f4beb,immunogenicity,0.542276501656,higher,predicted,0.96151715517
zhao-vaccine-02506f33b4d01f46,DeepHLApan,1.1.1@ac1f4beb,immunogenicity,0.603015601635,higher,predicted,0.996672034264
zhao-vaccine-b4f0e1014f65889d,DeepHLApan,1.1.1@ac1f4beb,immunogenicity,0.325714796782,higher,predicted,0.879232764244
zhao-vaccine-dfadd40888765663,DeepHLApan,1.1.1@ac1f4beb,immunogenicity,0.577376425266,higher,predicted,0.964828848839
zhao-vaccine-9dea16bef4516084,DeepHLApan,1.1.1@ac1f4beb,immunogenicity,0.488895565271,higher,predicted,0.987427890301
zhao-vaccine-22dbe62f90569d8f,DeepHLApan,1.1.1@ac1f4beb,immunogenicity,0.428541123867,higher,predicted,0.99967622757
zhao-vaccine-eeb6181ce975a175,DeepHLApan,1.1.1@ac1f4beb,immunogenicity,0.31688606739,higher,predicted,0.998590171337
zhao-vaccine-281f997ddf02cd3e,DeepHLApan,1.1.1@ac1f4beb,immunogenicity,0.829739749432,higher,predicted,0.975041568279
zhao-vaccine-8376165a117d2e89,DeepHLApan,1.1.1@ac1f4beb,immunogenicity,0.240806505084,higher,predicted,0.999938011169
zhao-vaccine-a2cc24f8f15d5c0e,DeepHLApan,1.1.1@ac1f4beb,immunogenicity,0.132104843855,higher,predicted,0.996745407581
zhao-vaccine-2e7a450e7bee9223,DeepHLApan,1.1.1@ac1f4beb,immunogenicity,0.580980658531,higher,predicted,0.999317467213
zhao-vaccine-d74c0b8e3080c05b,DeepHLApan,1.1.1@ac1f4beb,immunogenicity,0.216952890158,higher,predicted,0.998779952526
zhao-vaccine-eb270bce78e71c74,DeepHLApan,1.1.1@ac1f4beb,immunogenicity,0.714807391167,higher,predicted,0.996455013752
zhao-vaccine-225aa2d95d125a96,DeepHLApan,1.1.1@ac1f4beb,immunogenicity,0.991067409515,higher,predicted,0.999667167664
zhao-vaccine-8baa0907a3a2f844,DeepHLApan,1.1.1@ac1f4beb,immunogenicity,0.288480967283,higher,predicted,0.953536689281
zhao-vaccine-577133aec8888fe9,DeepHLApan,1.1.1@ac1f4beb,immunogenicity,0.0645388588309,higher,predicted,0.998556137085
zhao-vaccine-c6d3aaf3d53a483b,DeepHLApan,1.1.1@ac1f4beb,immunogenicity,0.994483947754,higher,predicted,0.990613162518
zhao-vaccine-b3af603d01f38c0f,DeepHLApan,1.1.1@ac1f4beb,immunogenicity,0.990252494812,higher,predicted,0.95205450058
zhao-vaccine-8dc781b40d72b54a,DeepHLApan,1.1.1@ac1f4beb,immunogenicity,0.156134933233,higher,predicted,0.998452007771
zhao-vaccine-99e7adc837f46994,DeepHLApan,1.1.1@ac1f4beb,immunogenicity,0.00240453868173,higher,predicted,0.999444365501
zhao-vaccine-98ab333879313a70,DeepHLApan,1.1.1@ac1f4beb,immunogenicity,0.0510173812509,higher,predicted,0.999503791332
zhao-vaccine-5b288c299a93e20d,DeepHLApan,1.1.1@ac1f4beb,immunogenicity,0.173525184393,higher,predicted,0.999593377113
zhao-vaccine-b8a96fa8b84c511e,DeepHLApan,1.1.1@ac1f4beb,immunogenicity,0.00771257746965,higher,predicted,0.963544011116
zhao-vaccine-33e21b6612697d4b,DeepHLApan,1.1.1@ac1f4beb,immunogenicity,0.0960552543402,higher,predicted,0.999297738075
zhao-vaccine-07cb9dad5d70b7c1,DeepHLApan,1.1.1@ac1f4beb,immunogenicity,0.00139210943598,higher,predicted,0.996983528137
zhao-vaccine-b9b3487643166b15,DeepHLApan,1.1.1@ac1f4beb,immunogenicity,0.0804912596941,higher,predicted,0.996419787407
zhao-vaccine-a33ff8b144afbab0,DeepHLApan,1.1.1@ac1f4beb,immunogenicity,0.195587486029,higher,predicted,0.497970491648
zhao-vaccine-f07475c3a311b607,DeepHLApan,1.1.1@ac1f4beb,immunogenicity,0.465603679419,higher,predicted,0.99811398983
zhao-vaccine-9ba1226317d01e09,DeepHLApan,1.1.1@ac1f4beb,immunogenicity,0.905197024345,higher,predicted,0.998214244843
zhao-vaccine-16b9dd30277c58dc,DeepHLApan,1.1.1@ac1f4beb,immunogenicity,0.983530402184,higher,predicted,0.998980879784
zhao-vaccine-906423e7a9f1ae78,DeepHLApan,1.1.1@ac1f4beb,immunogenicity,0.490731239319,higher,predicted,0.997004330158
zhao-vaccine-78750f579ebfdcb6,DeepHLApan,1.1.1@ac1f4beb,immunogenicity,0.743883728981,higher,predicted,0.999897003174
zhao-vaccine-5a21509d0043ae1a,DeepHLApan,1.1.1@ac1f4beb,immunogenicity,0.14437751472,higher,predicted,0.999172091484
zhao-vaccine-dd14f496e3a86934,DeepHLApan,1.1.1@ac1f4beb,immunogenicity,0.814525783062,higher,predicted,0.999578297138
zhao-vaccine-86b75250c03ea53b,DeepHLApan,1.1.1@ac1f4beb,immunogenicity,0.00159184937365,higher,predicted,0.998181223869
zhao-vaccine-31960489b4013665,DeepHLApan,1.1.1@ac1f4beb,immunogenicity,0.765924930573,higher,predicted,0.982735991478
zhao-vaccine-5617a0e59f3d4078,DeepHLApan,1.1.1@ac1f4beb,immunogenicity,0.6656691432,higher,predicted,0.993463039398
zhao-vaccine-9f593e06abbb0eea,DeepHLApan,1.1.1@ac1f4beb,immunogenicity,0.206341937184,higher,predicted,0.986825585365
zhao-vaccine-ad6ce35b38ffd4d0,DeepHLApan,1.1.1@ac1f4beb,immunogenicity,0.000428098312113,higher,predicted,0.98682320118
zhao-vaccine-ac986c31390bf292,DeepHLApan,1.1.1@ac1f4beb,immunogenicity,0.00227404898033,higher,predicted,0.990001499653
zhao-vaccine-41630836cbcd5a59,DeepHLApan,1.1.1@ac1f4beb,immunogenicity,0.0314331836998,higher,predicted,0.997465491295
zhao-vaccine-5ecbc5a9281e34ec,DeepHLApan,1.1.1@ac1f4beb,immunogenicity,0.922025799751,higher,predicted,0.998920917511
zhao-vaccine-32f518f69932d13b,DeepHLApan,1.1.1@ac1f4beb,immunogenicity,0.933564484119,higher,predicted,0.999874770641
zhao-vaccine-e19a796ace7fa068,DeepHLApan,1.1.1@ac1f4beb,immunogenicity,0.00581227894872,higher,predicted,0.989448666573
zhao-vaccine-ca3f0cd38f68c5b0,DeepHLApan,1.1.1@ac1f4beb,immunogenicity,0.267902523279,higher,predicted,0.999487757683
zhao-vaccine-816928834ca6880b,DeepHLApan,1.1.1@ac1f4beb,immunogenicity,0.0510548427701,higher,predicted,0.982262313366
zhao-vaccine-e23a1689111af98c,DeepHLApan,1.1.1@ac1f4beb,immunogenicity,0.00823587179184,higher,predicted,0.990125656128
zhao-vaccine-a10343782c35dec6,DeepHLApan,1.1.1@ac1f4beb,immunogenicity,0.172553658485,higher,predicted,0.997058033943
zhao-vaccine-0f526c174cccf9f2,DeepHLApan,1.1.1@ac1f4beb,immunogenicity,0.44222587347,higher,predicted,0.993703067303
zhao-vaccine-8529a0644b96257c,DeepHLApan,1.1.1@ac1f4beb,immunogenicity,0.636637866497,higher,predicted,0.998690903187
zhao-vaccine-266b958b64b41efd,DeepHLApan,1.1.1@ac1f4beb,immunogenicity,0.418356120586,higher,predicted,0.961899936199
zhao-vaccine-80ceb6a6a1bb0a4d,DeepHLApan,1.1.1@ac1f4beb,immunogenicity,0.850353896618,higher,predicted,0.990292906761
zhao-vaccine-0e97573007c0a37d,DeepHLApan,1.1.1@ac1f4beb,immunogenicity,0.168095499277,higher,predicted,0.991572678089
zhao-vaccine-edacf82dc2fb757b,DeepHLApan,1.1.1@ac1f4beb,immunogenicity,0.746948361397,higher,predicted,0.999542832375
zhao-vaccine-dc8af8563931870d,DeepHLApan,1.1.1@ac1f4beb,immunogenicity,0.973113894463,higher,predicted,0.99992787838
zhao-vaccine-e6274305d4e8b4d7,DeepHLApan,1.1.1@ac1f4beb,immunogenicity,0.573975920677,higher,predicted,0.980846881866
zhao-vaccine-673abe4fab2a3ecd,DeepHLApan,1.1.1@ac1f4beb,immunogenicity,0.974667906761,higher,predicted,0.999601483345
zhao-vaccine-e015e8872e5b1927,DeepHLApan,1.1.1@ac1f4beb,immunogenicity,0.044163480401,higher,predicted,0.990513622761
zhao-vaccine-bfd3875d2df7819d,DeepHLApan,1.1.1@ac1f4beb,immunogenicity,0.338228464127,higher,predicted,0.987206935883
zhao-vaccine-80c11e1b76ad3aa2,DeepHLApan,1.1.1@ac1f4beb,immunogenicity,0.594399988651,higher,predicted,0.99783039093
zhao-vaccine-2695e0a739a0a4b5,DeepHLApan,1.1.1@ac1f4beb,immunogenicity,0.375627219677,higher,predicted,0.99074113369
zhao-vaccine-a24ecb95b1f37836,DeepHLApan,1.1.1@ac1f4beb,immunogenicity,0.797670900822,higher,predicted,0.998281955719
zhao-vaccine-28ae2adfd5cd6feb,DeepHLApan,1.1.1@ac1f4beb,immunogenicity,0.479461580515,higher,predicted,0.953295886517
zhao-vaccine-577097b0397b9b93,DeepHLApan,1.1.1@ac1f4beb,immunogenicity,0.702496767044,higher,predicted,0.971480965614
zhao-vaccine-77de561d5e363f4b,DeepHLApan,1.1.1@ac1f4beb,immunogenicity,0.648440182209,higher,predicted,0.981329798698
zhao-vaccine-16440a5ca88d493a,DeepHLApan,1.1.1@ac1f4beb,immunogenicity,0.258788764477,higher,predicted,0.98347234726
zhao-vaccine-8d4f9610da079c3f,DeepHLApan,1.1.1@ac1f4beb,immunogenicity,0.574310839176,higher,predicted,0.989744842052
zhao-vaccine-a9a2a35ffa140114,DeepHLApan,1.1.1@ac1f4beb,immunogenicity,0.00210641953163,higher,predicted,0.999978423119
zhao-vaccine-a9007f601e3b6877,DeepHLApan,1.1.1@ac1f4beb,immunogenicity,0.0450446233153,higher,predicted,0.999826550484
zhao-vaccine-afe51aa60867ba3e,DeepHLApan,1.1.1@ac1f4beb,immunogenicity,0.574804484844,higher,predicted,0.988310456276
zhao-vaccine-1cb817ed61fe9c0b,DeepHLApan,1.1.1@ac1f4beb,immunogenicity,0.803264975548,higher,predicted,0.996552348137
zhao-vaccine-cd3a8980b6b79aec,DeepHLApan,1.1.1@ac1f4beb,immunogenicity,0.864783644676,higher,predicted,0.988418757915
zhao-vaccine-1c9fc499f93446fe,DeepHLApan,1.1.1@ac1f4beb,immunogenicity,0.528030157089,higher,predicted,0.991764426231
zhao-vaccine-a0413338ef5f7e2a,DeepHLApan,1.1.1@ac1f4beb,immunogenicity,0.898307442665,higher,predicted,0.99254322052
zhao-vaccine-7c39c1d5aafa633b,DeepHLApan,1.1.1@ac1f4beb,immunogenicity,0.523415446281,higher,predicted,0.989882290363
zhao-vaccine-fa563625966ac878,DeepHLApan,1.1.1@ac1f4beb,immunogenicity,0.297772586346,higher,predicted,0.968949317932
zhao-vaccine-84503a1a8d9f8586,DeepHLApan,1.1.1@ac1f4beb,immunogenicity,0.409782499075,higher,predicted,0.954959988594
zhao-vaccine-d9ba4c2ab9400cce,DeepHLApan,1.1.1@ac1f4beb,immunogenicity,0.882957816124,higher,predicted,0.960895359516
zhao-vaccine-c4481ad855ed4643,DeepHLApan,1.1.1@ac1f4beb,immunogenicity,0.605566322803,higher,predicted,0.916172027588
zhao-vaccine-660767dc26787cf8,DeepHLApan,1.1.1@ac1f4beb,immunogenicity,0.693617165089,higher,predicted,0.999469578266
zhao-vaccine-cd23d6c8eb8a67c3,DeepHLApan,1.1.1@ac1f4beb,immunogenicity,0.282272726297,higher,predicted,0.996966362
zhao-vaccine-db3fd43faa1ccff4,DeepHLApan,1.1.1@ac1f4beb,immunogenicity,0.704023361206,higher,predicted,0.999494373798
zhao-vaccine-38f4469eb5d715ba,DeepHLApan,1.1.1@ac1f4beb,immunogenicity,0.755266547203,higher,predicted,0.961752235889
zhao-vaccine-5cb528e79fa2ecd1,DeepHLApan,1.1.1@ac1f4beb,immunogenicity,0.669750571251,higher,predicted,0.997605800629
zhao-vaccine-b86637f59a5fa88b,DeepHLApan,1.1.1@ac1f4beb,immunogenicity,0.831901550293,higher,predicted,0.998278796673
zhao-vaccine-02ce8dcf0587e6d1,DeepHLApan,1.1.1@ac1f4beb,immunogenicity,0.320221990347,higher,predicted,0.987396359444
zhao-vaccine-47a27c89ab9210b9,DeepHLApan,1.1.1@ac1f4beb,immunogenicity,0.824925601482,higher,predicted,0.979658305645
zhao-vaccine-7621b27ceafb9888,DeepHLApan,1.1.1@ac1f4beb,immunogenicity,0.592833995819,higher,predicted,0.996173679829
zhao-vaccine-418e9702537709ff,DeepHLApan,1.1.1@ac1f4beb,immunogenicity,0.68325740099,higher,predicted,0.972298741341
zhao-vaccine-60406f0a7c5d89a8,DeepHLApan,1.1.1@ac1f4beb,immunogenicity,0.80176794529,higher,predicted,0.883220076561
zhao-vaccine-88a20a1633b4ef83,DeepHLApan,1.1.1@ac1f4beb,immunogenicity,0.460482418537,higher,predicted,0.951970398426
zhao-vaccine-0e95844072a41d4c,DeepHLApan,1.1.1@ac1f4beb,immunogenicity,0.984945178032,higher,predicted,0.999449908733
zhao-vaccine-a0aeea5eec1aa085,DeepHLApan,1.1.1@ac1f4beb,immunogenicity,0.711809694767,higher,predicted,0.963799953461
zhao-vaccine-116741093975ed18,DeepHLApan,1.1.1@ac1f4beb,immunogenicity,0.00816259533167,higher,predicted,0.995968937874
zhao-vaccine-7bbeead0b1a4ff1f,DeepHLApan,1.1.1@ac1f4beb,immunogenicity,0.434016793966,higher,predicted,0.980729103088
zhao-vaccine-e28c03ef65e466e9,DeepHLApan,1.1.1@ac1f4beb,immunogenicity,0.00294957123697,higher,predicted,0.996862530708
zhao-vaccine-435b60d1c4cb8866,DeepHLApan,1.1.1@ac1f4beb,immunogenicity,0.0451336093247,higher,predicted,0.962765336037
zhao-vaccine-6c3b5d7bc0188a24,DeepHLApan,1.1.1@ac1f4beb,immunogenicity,0.232860445976,higher,predicted,0.982770085335
zhao-vaccine-7d54947d7e8af18f,DeepHLApan,1.1.1@ac1f4beb,immunogenicity,0.588901996613,higher,predicted,0.990990281105
zhao-vaccine-f42717a6ac30ffd0,DeepHLApan,1.1.1@ac1f4beb,immunogenicity,0.0949851498008,higher,predicted,0.982279598713
zhao-vaccine-e554a5dcb4e74ab3,DeepHLApan,1.1.1@ac1f4beb,immunogenicity,0.838387668133,higher,predicted,0.923977971077
zhao-vaccine-4d3d8fd29860b025,DeepHLApan,1.1.1@ac1f4beb,immunogenicity,0.625518321991,higher,predicted,0.982262730598
zhao-vaccine-36996b8e0417e284,DeepHLApan,1.1.1@ac1f4beb,immunogenicity,0.198291704059,higher,predicted,0.999855399132
zhao-vaccine-c0226371c3867d6f,DeepHLApan,1.1.1@ac1f4beb,immunogenicity,0.0246355421841,higher,predicted,0.920496821404
zhao-vaccine-f041200535f682bf,DeepHLApan,1.1.1@ac1f4beb,immunogenicity,0.00855585280806,higher,predicted,0.915337264538
zhao-vaccine-0ab166c4e29cdecc,DeepHLApan,1.1.1@ac1f4beb,immunogenicity,0.00103671266697,higher,predicted,0.979764163494
zhao-vaccine-f677e1a10a0595d8,DeepHLApan,1.1.1@ac1f4beb,immunogenicity,0.00272862170823,higher,predicted,0.990827202797
zhao-vaccine-3f4a765dece741e6,DeepHLApan,1.1.1@ac1f4beb,immunogenicity,0.00090503069805,higher,predicted,0.96042406559
zhao-vaccine-6868b9864460da9e,DeepHLApan,1.1.1@ac1f4beb,immunogenicity,0.870644748211,higher,predicted,0.999915719032
zhao-vaccine-5dd36f5ee55e8883,DeepHLApan,1.1.1@ac1f4beb,immunogenicity,0.00153492263053,higher,predicted,0.966864287853
zhao-vaccine-20f4081fe59847fc,DeepHLApan,1.1.1@ac1f4beb,immunogenicity,0.0117188487202,higher,predicted,0.981364369392
zhao-vaccine-088457b3cc574222,DeepHLApan,1.1.1@ac1f4beb,immunogenicity,0.291880398989,higher,predicted,0.862814068794
zhao-vaccine-14bbceb36aa6c0da,DeepHLApan,1.1.1@ac1f4beb,immunogenicity,0.0779394283891,higher,predicted,0.978422045708
zhao-vaccine-ce1246e2931151a3,DeepHLApan,1.1.1@ac1f4beb,immunogenicity,0.510621666908,higher,predicted,0.990233719349
zhao-vaccine-45d7a6ceaa64879e,DeepHLApan,1.1.1@ac1f4beb,immunogenicity,0.0975359454751,higher,predicted,0.998342633247
zhao-vaccine-448f0ce01bcf5e67,DeepHLApan,1.1.1@ac1f4beb,immunogenicity,0.252906382084,higher,predicted,0.967878818512
zhao-vaccine-5acc772f0c218538,DeepHLApan,1.1.1@ac1f4beb,immunogenicity,0.584302783012,higher,predicted,0.999017596245
zhao-vaccine-8f6368c4e6f355e2,DeepHLApan,1.1.1@ac1f4beb,immunogenicity,0.366398274899,higher,predicted,0.953004181385
zhao-vaccine-abb34459ed500446,DeepHLApan,1.1.1@ac1f4beb,immunogenicity,0.393703192472,higher,predicted,0.990784823895
zhao-vaccine-c19f43c028dd06ae,DeepHLApan,1.1.1@ac1f4beb,immunogenicity,0.381455600262,higher,predicted,0.98056012392
zhao-vaccine-6ee3262e65533d4a,DeepHLApan,1.1.1@ac1f4beb,immunogenicity,0.536987900734,higher,predicted,0.99397790432
zhao-vaccine-2d202b0a52a43a2e,DeepHLApan,1.1.1@ac1f4beb,immunogenicity,0.582661986351,higher,predicted,0.990349471569
zhao-vaccine-a5d880e21f044781,DeepHLApan,1.1.1@ac1f4beb,immunogenicity,0.00565364677459,higher,predicted,0.998582839966
zhao-vaccine-73659d102e59d85b,DeepHLApan,1.1.1@ac1f4beb,immunogenicity,0.210524111986,higher,predicted,0.997214138508
zhao-vaccine-0334a8ae14faaa2d,DeepHLApan,1.1.1@ac1f4beb,immunogenicity,0.000625436485279,higher,predicted,0.999945521355
zhao-vaccine-3eb94e1e08b00c01,DeepHLApan,1.1.1@ac1f4beb,immunogenicity,0.249611288309,higher,predicted,0.99781692028
zhao-vaccine-e02fcb6eef821af5,DeepHLApan,1.1.1@ac1f4beb,immunogenicity,0.0977824777365,higher,predicted,0.997550606728
zhao-vaccine-aebfeda419195cb0,DeepHLApan,1.1.1@ac1f4beb,immunogenicity,0.107702836394,higher,predicted,0.996602833271
zhao-vaccine-f145b9ffc8a1f59c,DeepHLApan,1.1.1@ac1f4beb,immunogenicity,0.23163112998,higher,predicted,0.984945654869
zhao-vaccine-97cf03fe0349d513,DeepHLApan,1.1.1@ac1f4beb,immunogenicity,0.100087881088,higher,predicted,0.995885074139
zhao-vaccine-6f73d07aa4c67a19,DeepHLApan,1.1.1@ac1f4beb,immunogenicity,0.988585293293,higher,predicted,0.994760394096
zhao-vaccine-04a9b502010fdbe3,DeepHLApan,1.1.1@ac1f4beb,immunogenicity,0.0881327837706,higher,predicted,0.9701795578
zhao-vaccine-6536a7f840c24ccb,DeepHLApan,1.1.1@ac1f4beb,immunogenicity,0.744322419167,higher,predicted,0.991363406181
zhao-vaccine-d83b42c7657e0820,DeepHLApan,1.1.1@ac1f4beb,immunogenicity,0.0530462786555,higher,predicted,0.843614220619
zhao-vaccine-012a547be5fb8dbd,DeepHLApan,1.1.1@ac1f4beb,immunogenicity,0.98572409153,higher,predicted,0.925454258919
zhao-vaccine-6cc08ec7d6bde57a,DeepHLApan,1.1.1@ac1f4beb,immunogenicity,0.747398197651,higher,predicted,0.988142609596
zhao-vaccine-e16f51b54e3bfb1c,DeepHLApan,1.1.1@ac1f4beb,immunogenicity,0.67546838522,higher,predicted,0.985787987709
zhao-vaccine-55545bc00f110e01,DeepHLApan,1.1.1@ac1f4beb,immunogenicity,0.577802062035,higher,predicted,0.734491050243
zhao-vaccine-efece602cd2b93f3,DeepHLApan,1.1.1@ac1f4beb,immunogenicity,0.638315558434,higher,predicted,0.807548642159
zhao-vaccine-594a0daa800552b6,DeepHLApan,1.1.1@ac1f4beb,immunogenicity,0.362557351589,higher,predicted,0.937486171722
zhao-vaccine-bae201e4ced1f34b,DeepHLApan,1.1.1@ac1f4beb,immunogenicity,0.876083374023,higher,predicted,0.9835729599
zhao-vaccine-2ef0909a4500d016,DeepHLApan,1.1.1@ac1f4beb,immunogenicity,0.958210766315,higher,predicted,0.998085677624
zhao-vaccine-15cbf14c5545cc93,DeepHLApan,1.1.1@ac1f4beb,immunogenicity,0.751365363598,higher,predicted,0.994318366051
zhao-vaccine-5b773f4e7f9ade0f,DeepHLApan,1.1.1@ac1f4beb,immunogenicity,0.587939560413,higher,predicted,0.995570003986
zhao-vaccine-42ab827593cacaf0,DeepHLApan,1.1.1@ac1f4beb,immunogenicity,0.551008880138,higher,predicted,0.929649055004
zhao-vaccine-52ae3f2c28117bac,DeepHLApan,1.1.1@ac1f4beb,immunogenicity,0.324673265219,higher,predicted,0.970799267292
zhao-vaccine-517cba3caff78694,DeepHLApan,1.1.1@ac1f4beb,immunogenicity,0.994025349617,higher,predicted,0.996628165245
zhao-vaccine-4c51fc68e2191e97,DeepHLApan,1.1.1@ac1f4beb,immunogenicity,0.500013053417,higher,predicted,0.971140027046
zhao-vaccine-14056954cee090d8,DeepHLApan,1.1.1@ac1f4beb,immunogenicity,0.581609725952,higher,predicted,0.984175980091
zhao-vaccine-22b7c72cda5f4f92,DeepHLApan,1.1.1@ac1f4beb,immunogenicity,0.334626793861,higher,predicted,0.926737427711
zhao-vaccine-2c80beabad2f409a,DeepHLApan,1.1.1@ac1f4beb,immunogenicity,0.384377241135,higher,predicted,0.991618990898
zhao-vaccine-797aadb964204ef5,DeepHLApan,1.1.1@ac1f4beb,immunogenicity,0.815479159355,higher,predicted,0.999939322472
zhao-vaccine-b05e679605d00fa0,DeepHLApan,1.1.1@ac1f4beb,immunogenicity,0.885188221931,higher,predicted,0.999949157238
zhao-vaccine-281ff6eb4951893c,DeepHLApan,1.1.1@ac1f4beb,immunogenicity,0.219675302505,higher,predicted,0.993525207043
zhao-vaccine-641eeb38a4276a28,DeepHLApan,1.1.1@ac1f4beb,immunogenicity,0.104691669345,higher,predicted,0.989511013031
zhao-vaccine-51e0501ebb728dd2,DeepHLApan,1.1.1@ac1f4beb,immunogenicity,0.816158413887,higher,predicted,0.950616836548
zhao-vaccine-3b787be7b79029f5,DeepHLApan,1.1.1@ac1f4beb,immunogenicity,0.974548995495,higher,predicted,0.999827563763
zhao-vaccine-0fbc219a71b459d7,DeepHLApan,1.1.1@ac1f4beb,immunogenicity,0.851799786091,higher,predicted,0.981472015381
zhao-vaccine-819717c4a7657372,DeepHLApan,1.1.1@ac1f4beb,immunogenicity,0.732073664665,higher,predicted,0.99105989933
zhao-vaccine-8479b9a0390ae4db,DeepHLApan,1.1.1@ac1f4beb,immunogenicity,0.971506297588,higher,predicted,0.999317526817
zhao-vaccine-e7fe3251a7a672d6,DeepHLApan,1.1.1@ac1f4beb,immunogenicity,0.00988479051739,higher,predicted,0.983341574669
zhao-vaccine-2639280ce061272b,DeepHLApan,1.1.1@ac1f4beb,immunogenicity,0.874162554741,higher,predicted,0.999769091606
zhao-vaccine-fa3761c9e3dfbaf8,DeepHLApan,1.1.1@ac1f4beb,immunogenicity,0.893814682961,higher,predicted,0.00411697104573
zhao-vaccine-5c309b0ee9644e7f,DeepHLApan,1.1.1@ac1f4beb,immunogenicity,0.918304622173,higher,predicted,0.99960821867
zhao-vaccine-524c708d6b0a6d49,DeepHLApan,1.1.1@ac1f4beb,immunogenicity,0.985058009624,higher,predicted,0.892663478851
zhao-vaccine-3d88f66111beb214,DeepHLApan,1.1.1@ac1f4beb,immunogenicity,0.0663606673479,higher,predicted,0.951909720898
zhao-vaccine-8907cd4e05dd0f92,DeepHLApan,1.1.1@ac1f4beb,immunogenicity,0.00629276642576,higher,predicted,0.959125339985
zhao-vaccine-f23c0f7c70eff213,DeepHLApan,1.1.1@ac1f4beb,immunogenicity,0.872102618217,higher,predicted,0.997803390026
zhao-vaccine-7fd9c28c1ab8d41f,DeepHLApan,1.1.1@ac1f4beb,immunogenicity,0.976627707481,higher,predicted,0.999759197235
zhao-vaccine-4890fc8fedc99646,DeepHLApan,1.1.1@ac1f4beb,immunogenicity,0.567632257938,higher,predicted,0.946809113026
zhao-vaccine-6f5461a6e864b728,DeepHLApan,1.1.1@ac1f4beb,immunogenicity,0.0207816548645,higher,predicted,0.960800290108
zhao-vaccine-68eb9f2926cc4388,DeepHLApan,1.1.1@ac1f4beb,immunogenicity,0.696840405464,higher,predicted,0.980900943279
zhao-vaccine-5f8390cd580cd614,DeepHLApan,1.1.1@ac1f4beb,immunogenicity,0.630266547203,higher,predicted,0.97740650177
zhao-vaccine-a1eb666216cae9fe,DeepHLApan,1.1.1@ac1f4beb,immunogenicity,0.918649375439,higher,predicted,0.594856858253
zhao-vaccine-b9e08f235d024ff3,DeepHLApan,1.1.1@ac1f4beb,immunogenicity,0.95995247364,higher,predicted,0.792668044567
zhao-vaccine-5267d3482db35612,DeepHLApan,1.1.1@ac1f4beb,immunogenicity,0.836789608002,higher,predicted,0.97313785553
zhao-vaccine-b4b4aeec5f1810de,DeepHLApan,1.1.1@ac1f4beb,immunogenicity,0.775297760963,higher,predicted,0.990119278431
zhao-vaccine-604f17ed6a74d0b8,DeepHLApan,1.1.1@ac1f4beb,immunogenicity,0.60712146759,higher,predicted,0.687341153622
zhao-vaccine-b4cb37bc42987742,DeepHLApan,1.1.1@ac1f4beb,immunogenicity,0.822134673595,higher,predicted,0.0686434656382
zhao-vaccine-0f8514bb254721a2,DeepHLApan,1.1.1@ac1f4beb,immunogenicity,0.90823161602,higher,predicted,0.973792076111
zhao-vaccine-d510c0fe27e8e6ae,DeepHLApan,1.1.1@ac1f4beb,immunogenicity,0.868834972382,higher,predicted,0.999311327934
zhao-vaccine-c52900c3c3a75519,DeepHLApan,1.1.1@ac1f4beb,immunogenicity,0.864620983601,higher,predicted,0.869736850262
zhao-vaccine-b2eddeff20b2d70c,DeepHLApan,1.1.1@ac1f4beb,immunogenicity,0.00697195390239,higher,predicted,0.991738975048
zhao-vaccine-fba14c530156892d,DeepHLApan,1.1.1@ac1f4beb,immunogenicity,0.409706413746,higher,predicted,0.999483466148
zhao-vaccine-737ad01679904f1b,DeepHLApan,1.1.1@ac1f4beb,immunogenicity,0.0865331664681,higher,predicted,0.997532725334
zhao-vaccine-988225c2c3d75486,DeepHLApan,1.1.1@ac1f4beb,immunogenicity,0.182344824076,higher,predicted,0.999791443348
zhao-vaccine-43f78a8a89388e4b,DeepHLApan,1.1.1@ac1f4beb,immunogenicity,0.0565981343389,higher,predicted,0.996592223644
zhao-vaccine-5b4e0532c530f9f4,DeepHLApan,1.1.1@ac1f4beb,immunogenicity,0.0569477602839,higher,predicted,0.966350913048
zhao-vaccine-936f0aa9388d6bb3,DeepHLApan,1.1.1@ac1f4beb,immunogenicity,0.317529410124,higher,predicted,0.998852074146
zhao-vaccine-e7da5386683a898e,DeepHLApan,1.1.1@ac1f4beb,immunogenicity,0.475331008434,higher,predicted,0.997154831886
zhao-vaccine-4f9555ca9e78447d,DeepHLApan,1.1.1@ac1f4beb,immunogenicity,0.781906723976,higher,predicted,0.997603058815
zhao-vaccine-e9b99729a2052602,DeepHLApan,1.1.1@ac1f4beb,immunogenicity,0.901511967182,higher,predicted,0.998196959496
zhao-vaccine-2ba4241ff4084969,DeepHLApan,1.1.1@ac1f4beb,immunogenicity,0.00620047282428,higher,predicted,0.999381661415
zhao-vaccine-90c2b36bc40b8d53,DeepHLApan,1.1.1@ac1f4beb,immunogenicity,0.782801449299,higher,predicted,0.99738073349
zhao-vaccine-4a9b1ac687685d32,DeepHLApan,1.1.1@ac1f4beb,immunogenicity,0.00133774604183,higher,predicted,0.999731242657
zhao-vaccine-35798390cdc3448b,DeepHLApan,1.1.1@ac1f4beb,immunogenicity,0.126728385687,higher,predicted,0.999834060669
zhao-vaccine-8e9f7415eabd9d0a,DeepHLApan,1.1.1@ac1f4beb,immunogenicity,0.0169645063579,higher,predicted,0.996944785118
zhao-vaccine-269dcaac8c66cb04,DeepHLApan,1.1.1@ac1f4beb,immunogenicity,0.867840409279,higher,predicted,0.996761918068
zhao-vaccine-0dd28b3c47484db1,DeepHLApan,1.1.1@ac1f4beb,immunogenicity,0.859455108643,higher,predicted,0.993702292442
zhao-vaccine-431e4f01dd7c96f4,DeepHLApan,1.1.1@ac1f4beb,immunogenicity,0.274776816368,higher,predicted,0.994456648827
zhao-vaccine-e6c35c1196d80f36,DeepHLApan,1.1.1@ac1f4beb,immunogenicity,0.802254855633,higher,predicted,0.980027079582
zhao-vaccine-870dcf0226a3eb24,DeepHLApan,1.1.1@ac1f4beb,immunogenicity,0.89493817091,higher,predicted,0.999921619892
zhao-vaccine-1b673ac561af2fb5,DeepHLApan,1.1.1@ac1f4beb,immunogenicity,0.591513633728,higher,predicted,0.992818832397
zhao-vaccine-6a07c6e959d2f535,DeepHLApan,1.1.1@ac1f4beb,immunogenicity,0.747525572777,higher,predicted,0.984255313873
zhao-vaccine-1ba07f9e080374be,DeepHLApan,1.1.1@ac1f4beb,immunogenicity,0.0241602770984,higher,predicted,0.982291698456
zhao-vaccine-b9e00c9dbefadad5,DeepHLApan,1.1.1@ac1f4beb,immunogenicity,0.845418155193,higher,predicted,0.997841536999
zhao-vaccine-f219a0d187201467,DeepHLApan,1.1.1@ac1f4beb,immunogenicity,0.920848667622,higher,predicted,0.999546349049
zhao-vaccine-a7beb96254b63e25,DeepHLApan,1.1.1@ac1f4beb,immunogenicity,0.443497180939,higher,predicted,0.916182696819
zhao-vaccine-1cb9ac6233ddb252,DeepHLApan,1.1.1@ac1f4beb,immunogenicity,0.819432735443,higher,predicted,0.992877781391
zhao-vaccine-eb7703099d566609,DeepHLApan,1.1.1@ac1f4beb,immunogenicity,0.780092835426,higher,predicted,0.999884605408
zhao-vaccine-3ed702e03bac3c15,DeepHLApan,1.1.1@ac1f4beb,immunogenicity,0.904262721539,higher,predicted,0.998795807362
zhao-vaccine-15c987b0238bc1b4,DeepHLApan,1.1.1@ac1f4beb,immunogenicity,0.981922507286,higher,predicted,0.999793827534
zhao-vaccine-09ac43660c1274b9,DeepHLApan,1.1.1@ac1f4beb,immunogenicity,0.238214850426,higher,predicted,0.745398402214
zhao-vaccine-c7114845a57964b2,DeepHLApan,1.1.1@ac1f4beb,immunogenicity,0.145727276802,higher,predicted,0.998450279236
zhao-vaccine-51d1ebd1091ead4d,DeepHLApan,1.1.1@ac1f4beb,immunogenicity,0.121833465993,higher,predicted,0.996991932392
zhao-vaccine-2f4d0a44cc42d77f,DeepHLApan,1.1.1@ac1f4beb,immunogenicity,0.896888136864,higher,predicted,0.993616580963
zhao-vaccine-eb61572e9fbb2a60,DeepHLApan,1.1.1@ac1f4beb,immunogenicity,0.97656917572,higher,predicted,0.684068024158
zhao-vaccine-febcbcc27fb08659,DeepHLApan,1.1.1@ac1f4beb,immunogenicity,0.190574735403,higher,predicted,0.98595058918
zhao-vaccine-b010f27f12c8c387,DeepHLApan,1.1.1@ac1f4beb,immunogenicity,0.431829273701,higher,predicted,0.988864123821
zhao-vaccine-77c9354a57881cf6,DeepHLApan,1.1.1@ac1f4beb,immunogenicity,0.763608276844,higher,predicted,0.996623516083
zhao-vaccine-7e05698aef8fa29d,DeepHLApan,1.1.1@ac1f4beb,immunogenicity,0.968586444855,higher,predicted,0.996313214302
zhao-vaccine-2fd37e72f03a6047,DeepHLApan,1.1.1@ac1f4beb,immunogenicity,0.888143658638,higher,predicted,0.955269038677
zhao-vaccine-2dd454ce2c01def5,DeepHLApan,1.1.1@ac1f4beb,immunogenicity,0.17304392159,higher,predicted,0.710449159145
zhao-vaccine-999a8cf710284be9,DeepHLApan,1.1.1@ac1f4beb,immunogenicity,0.563130021095,higher,predicted,0.990997314453
zhao-vaccine-ff03078496576466,DeepHLApan,1.1.1@ac1f4beb,immunogenicity,0.637490868568,higher,predicted,0.999562561512
zhao-vaccine-31e70fd63ba96952,DeepHLApan,1.1.1@ac1f4beb,immunogenicity,0.489775657654,higher,predicted,0.99629175663
zhao-vaccine-c304d48c557c7837,DeepHLApan,1.1.1@ac1f4beb,immunogenicity,0.823078930378,higher,predicted,0.996578872204
zhao-vaccine-f4c3237149f49ebf,DeepHLApan,1.1.1@ac1f4beb,immunogenicity,0.89150762558,higher,predicted,0.950147628784
zhao-vaccine-a140bd84f67a0c6f,DeepHLApan,1.1.1@ac1f4beb,immunogenicity,0.729254305363,higher,predicted,0.993388772011
zhao-vaccine-20d6899ac9bb7275,DeepHLApan,1.1.1@ac1f4beb,immunogenicity,0.864885926247,higher,predicted,0.988710224628
zhao-vaccine-91328204c315fcc8,DeepHLApan,1.1.1@ac1f4beb,immunogenicity,0.812546253204,higher,predicted,0.936268150806
zhao-vaccine-35b7ef036ad9d2bb,DeepHLApan,1.1.1@ac1f4beb,immunogenicity,0.161317557096,higher,predicted,0.99247533083
zhao-vaccine-cecbcdd5db255dee,DeepHLApan,1.1.1@ac1f4beb,immunogenicity,0.122496977448,higher,predicted,0.994808554649
zhao-vaccine-daed3fc8bf078fa2,DeepHLApan,1.1.1@ac1f4beb,immunogenicity,0.0728639513254,higher,predicted,0.60114812851
zhao-vaccine-998ed325d9a64141,DeepHLApan,1.1.1@ac1f4beb,immunogenicity,0.902572274208,higher,predicted,0.918779850006
zhao-vaccine-6c7174c682a4fa1a,DeepHLApan,1.1.1@ac1f4beb,immunogenicity,0.761506557465,higher,predicted,0.984984099865
zhao-vaccine-f9db4d94966b045f,DeepHLApan,1.1.1@ac1f4beb,immunogenicity,0.365044444799,higher,predicted,0.977519989014
zhao-vaccine-7899e271f24dbaaa,DeepHLApan,1.1.1@ac1f4beb,immunogenicity,0.680455207825,higher,predicted,0.989466547966
zhao-vaccine-782ea6c26658340c,DeepHLApan,1.1.1@ac1f4beb,immunogenicity,0.393820762634,higher,predicted,0.995390713215
zhao-vaccine-4fdaca389da0a357,DeepHLApan,1.1.1@ac1f4beb,immunogenicity,0.336085259914,higher,predicted,0.990102291107
zhao-vaccine-f6c578840065b9ad,DeepHLApan,1.1.1@ac1f4beb,immunogenicity,0.838647246361,higher,predicted,0.960892677307
zhao-vaccine-38a151781c112c83,DeepHLApan,1.1.1@ac1f4beb,immunogenicity,0.242472201586,higher,predicted,0.958831131458
zhao-vaccine-e3dbd23545dcf992,DeepHLApan,1.1.1@ac1f4beb,immunogenicity,0.366090714931,higher,predicted,0.997875392437
zhao-vaccine-4b7a5315ae885e02,DeepHLApan,1.1.1@ac1f4beb,immunogenicity,0.0316794477403,higher,predicted,0.998772621155
zhao-vaccine-b107a7c085e028fa,DeepHLApan,1.1.1@ac1f4beb,immunogenicity,0.0942568928003,higher,predicted,0.993597626686
zhao-vaccine-906d3f0af697c94f,DeepHLApan,1.1.1@ac1f4beb,immunogenicity,0.368235737085,higher,predicted,0.997528374195
zhao-vaccine-40eee1f7b3b872bf,DeepHLApan,1.1.1@ac1f4beb,immunogenicity,0.109938584268,higher,predicted,0.982525706291
zhao-vaccine-fbe97d4793ad925e,DeepHLApan,1.1.1@ac1f4beb,immunogenicity,0.235774591565,higher,predicted,0.995097637177
zhao-vaccine-99bf0685a25d9f4e,DeepHLApan,1.1.1@ac1f4beb,immunogenicity,0.143971219659,higher,predicted,0.994582533836
zhao-vaccine-49c73a581f5af388,DeepHLApan,1.1.1@ac1f4beb,immunogenicity,0.063967064023,higher,predicted,0.998390674591
zhao-vaccine-2c5226e372e7c6aa,DeepHLApan,1.1.1@ac1f4beb,immunogenicity,0.377960085869,higher,predicted,0.996735215187
zhao-vaccine-5f372107c6cf3c03,DeepHLApan,1.1.1@ac1f4beb,immunogenicity,0.383880406618,higher,predicted,0.999290823936
zhao-vaccine-61c20c5796f55f00,DeepHLApan,1.1.1@ac1f4beb,immunogenicity,0.518414437771,higher,predicted,0.995879769325
zhao-vaccine-6c2ff6bbf2e25434,DeepHLApan,1.1.1@ac1f4beb,immunogenicity,0.00470207398757,higher,predicted,0.999770343304
zhao-vaccine-4e848c7999f82d03,DeepHLApan,1.1.1@ac1f4beb,immunogenicity,0.766156077385,higher,predicted,0.989834427834
zhao-vaccine-2a76499d5769d1c7,DeepHLApan,1.1.1@ac1f4beb,immunogenicity,0.0195757020265,higher,predicted,0.95972931385
zhao-vaccine-3e32e82aa160cb78,DeepHLApan,1.1.1@ac1f4beb,immunogenicity,0.186156764627,higher,predicted,0.99837744236
zhao-vaccine-b62a015c56847360,DeepHLApan,1.1.1@ac1f4beb,immunogenicity,0.38015833497,higher,predicted,0.979407906532
zhao-vaccine-443278b0fe4f1a94,DeepHLApan,1.1.1@ac1f4beb,immunogenicity,0.746864497662,higher,predicted,0.982552409172
zhao-vaccine-83c4b6833bc79d5a,DeepHLApan,1.1.1@ac1f4beb,immunogenicity,0.33952704072,higher,predicted,0.999374568462
zhao-vaccine-41f8a4a277c3bf57,DeepHLApan,1.1.1@ac1f4beb,immunogenicity,0.766617774963,higher,predicted,0.999519050121
zhao-vaccine-b5609f4b00b5ecbf,DeepHLApan,1.1.1@ac1f4beb,immunogenicity,0.260285824537,higher,predicted,0.996543526649
zhao-vaccine-674f8dd0f2497205,DeepHLApan,1.1.1@ac1f4beb,immunogenicity,0.284010022879,higher,predicted,0.998796463013
zhao-vaccine-6442e1e73e72e2b9,DeepHLApan,1.1.1@ac1f4beb,immunogenicity,0.496855795383,higher,predicted,0.994932830334
zhao-vaccine-4fce6223728d6fe9,DeepHLApan,1.1.1@ac1f4beb,immunogenicity,0.641815781593,higher,predicted,0.775374591351
zhao-vaccine-bc19aa25441d4845,DeepHLApan,1.1.1@ac1f4beb,immunogenicity,0.299125105143,higher,predicted,0.997839808464
zhao-vaccine-8cc78eadeb184fd3,DeepHLApan,1.1.1@ac1f4beb,immunogenicity,0.725698649883,higher,predicted,0.714751660824
zhao-vaccine-3c807871ccdfaaa5,DeepHLApan,1.1.1@ac1f4beb,immunogenicity,0.809702038765,higher,predicted,0.84825694561
zhao-vaccine-a506809dd22a0c23,DeepHLApan,1.1.1@ac1f4beb,immunogenicity,0.187985420227,higher,predicted,0.995200932026
zhao-vaccine-c8af7f143c9713e7,DeepHLApan,1.1.1@ac1f4beb,immunogenicity,0.721924185753,higher,predicted,0.506362080574
zhao-vaccine-b98b49d9dc2ddbaa,DeepHLApan,1.1.1@ac1f4beb,immunogenicity,0.598899960518,higher,predicted,0.868086338043
zhao-vaccine-027d4038dc5b09ff,DeepHLApan,1.1.1@ac1f4beb,immunogenicity,0.881297469139,higher,predicted,0.99812734127
zhao-vaccine-594361c936eecf3b,DeepHLApan,1.1.1@ac1f4beb,immunogenicity,0.727898657322,higher,predicted,0.967853426933
zhao-vaccine-31e968234ae09e75,DeepHLApan,1.1.1@ac1f4beb,immunogenicity,0.841061115265,higher,predicted,0.999844908714
zhao-vaccine-19f1cbd28ac92618,DeepHLApan,1.1.1@ac1f4beb,immunogenicity,0.971684932709,higher,predicted,0.998957633972
zhao-vaccine-2c71ed8fab9b97e6,DeepHLApan,1.1.1@ac1f4beb,immunogenicity,0.215069696307,higher,predicted,0.623696446419
zhao-vaccine-f4db7077efae5ef9,DeepHLApan,1.1.1@ac1f4beb,immunogenicity,0.950575172901,higher,predicted,0.991394340992
zhao-vaccine-f3037d9d01c7f32a,DeepHLApan,1.1.1@ac1f4beb,immunogenicity,0.82954120636,higher,predicted,0.938871502876
zhao-vaccine-e77814e4dc74abe3,DeepHLApan,1.1.1@ac1f4beb,immunogenicity,0.685689628124,higher,predicted,0.978727519512
zhao-vaccine-16ef0fbf13441ca0,DeepHLApan,1.1.1@ac1f4beb,immunogenicity,0.376336306334,higher,predicted,0.951150536537
zhao-vaccine-a75b0331c22d7ed7,DeepHLApan,1.1.1@ac1f4beb,immunogenicity,0.858519554138,higher,predicted,0.983236193657
zhao-vaccine-c555803c2dad8235,DeepHLApan,1.1.1@ac1f4beb,immunogenicity,0.909145176411,higher,predicted,0.96091812849
zhao-vaccine-53f9e7c4492b596e,DeepHLApan,1.1.1@ac1f4beb,immunogenicity,0.485396325588,higher,predicted,0.772467553616
zhao-vaccine-cedf6ad7f324daa7,DeepHLApan,1.1.1@ac1f4beb,immunogenicity,0.515999555588,higher,predicted,0.425553172827
zhao-vaccine-42a8d192101bf2a7,DeepHLApan,1.1.1@ac1f4beb,immunogenicity,0.937376797199,higher,predicted,0.99704682827
zhao-vaccine-2efff9f95c83b59e,DeepHLApan,1.1.1@ac1f4beb,immunogenicity,0.0278704669327,higher,predicted,0.993148207664
zhao-vaccine-1b3fd906eff85f35,DeepHLApan,1.1.1@ac1f4beb,immunogenicity,0.25750464201,higher,predicted,0.914423644543
zhao-vaccine-ed04da0224f05378,DeepHLApan,1.1.1@ac1f4beb,immunogenicity,0.198177605867,higher,predicted,0.998266041279
zhao-vaccine-c6e61155d8a27f75,DeepHLApan,1.1.1@ac1f4beb,immunogenicity,0.0657693147659,higher,predicted,0.993815541267
zhao-vaccine-23edf1fdf3ae1ce2,DeepHLApan,1.1.1@ac1f4beb,immunogenicity,0.183998197317,higher,predicted,0.999658107758
zhao-vaccine-ffa85861f014f958,DeepHLApan,1.1.1@ac1f4beb,immunogenicity,0.0415786281228,higher,predicted,0.992972195148
zhao-vaccine-89eb018657dac248,DeepHLApan,1.1.1@ac1f4beb,immunogenicity,0.35267072916,higher,predicted,0.993723213673
zhao-vaccine-dd6fcd2a9d2c2d22,DeepHLApan,1.1.1@ac1f4beb,immunogenicity,0.747879683971,higher,predicted,0.941880881786
zhao-vaccine-33f9f2fdb380c481,DeepHLApan,1.1.1@ac1f4beb,immunogenicity,0.531027793884,higher,predicted,0.9978774786
zhao-vaccine-00bbe998fe67645a,DeepHLApan,1.1.1@ac1f4beb,immunogenicity,0.486872583628,higher,predicted,0.716940283775
zhao-vaccine-a279cd33662b7c39,DeepHLApan,1.1.1@ac1f4beb,immunogenicity,0.206138134003,higher,predicted,0.964684009552
zhao-vaccine-ec1761a6f877a578,DeepHLApan,1.1.1@ac1f4beb,immunogenicity,0.652821063995,higher,predicted,0.959324359894
zhao-vaccine-498121a87cf9006a,DeepHLApan,1.1.1@ac1f4beb,immunogenicity,0.788833737373,higher,predicted,0.987961947918
zhao-vaccine-505928c8dfd97252,DeepHLApan,1.1.1@ac1f4beb,immunogenicity,0.544895410538,higher,predicted,0.927440345287
zhao-vaccine-88d2cf97086ba2b1,DeepHLApan,1.1.1@ac1f4beb,immunogenicity,0.190007388592,higher,predicted,0.999051451683
zhao-vaccine-8e31a740414c436d,DeepHLApan,1.1.1@ac1f4beb,immunogenicity,0.168390661478,higher,predicted,0.994169354439
zhao-vaccine-67a7cb1a9cd5537a,DeepHLApan,1.1.1@ac1f4beb,immunogenicity,0.146706074476,higher,predicted,0.997542500496
zhao-vaccine-ed105e94eb33c23f,DeepHLApan,1.1.1@ac1f4beb,immunogenicity,0.129428416491,higher,predicted,0.994701266289
zhao-vaccine-ca907375d90ffd56,DeepHLApan,1.1.1@ac1f4beb,immunogenicity,0.795192360878,higher,predicted,0.975793004036
zhao-vaccine-af5421d3479e6ec6,DeepHLApan,1.1.1@ac1f4beb,immunogenicity,0.987798094749,higher,predicted,0.99925327301
zhao-vaccine-cfb0d6a91bade6e3,DeepHLApan,1.1.1@ac1f4beb,immunogenicity,0.989801287651,higher,predicted,0.70358645916
zhao-vaccine-c6bccb45706420d2,DeepHLApan,1.1.1@ac1f4beb,immunogenicity,0.990864872932,higher,predicted,0.998326599598
zhao-vaccine-ed91fd9062182556,DeepHLApan,1.1.1@ac1f4beb,immunogenicity,0.988038897514,higher,predicted,0.461513221264
zhao-vaccine-a7881a1349c324b0,DeepHLApan,1.1.1@ac1f4beb,immunogenicity,0.643464207649,higher,predicted,0.851124167442
zhao-vaccine-accfc28005a997a0,DeepHLApan,1.1.1@ac1f4beb,immunogenicity,0.822984695435,higher,predicted,0.991000831127
zhao-vaccine-7ecc3afcfc479b22,DeepHLApan,1.1.1@ac1f4beb,immunogenicity,0.423496812582,higher,predicted,0.983724236488
zhao-vaccine-987370e7342d1375,DeepHLApan,1.1.1@ac1f4beb,immunogenicity,0.848466217518,higher,predicted,0.985787093639
zhao-vaccine-71fb48b138c68493,DeepHLApan,1.1.1@ac1f4beb,immunogenicity,0.594363093376,higher,predicted,0.984427452087
zhao-vaccine-fe504cb3a34de30b,DeepHLApan,1.1.1@ac1f4beb,immunogenicity,0.430046498775,higher,predicted,0.933319211006
zhao-vaccine-8853121dd0c52702,DeepHLApan,1.1.1@ac1f4beb,immunogenicity,0.974425494671,higher,predicted,0.331936687231
zhao-vaccine-a09fbd4532049d91,DeepHLApan,1.1.1@ac1f4beb,immunogenicity,0.249291777611,higher,predicted,0.740412175655
zhao-vaccine-187d77f183b34239,DeepHLApan,1.1.1@ac1f4beb,immunogenicity,0.226032570004,higher,predicted,0.926846683025
zhao-vaccine-593425b8c0ccf8bf,DeepHLApan,1.1.1@ac1f4beb,immunogenicity,0.00212441221811,higher,predicted,0.997679889202
zhao-vaccine-21a52baf4580180e,DeepHLApan,1.1.1@ac1f4beb,immunogenicity,0.947818934917,higher,predicted,0.995252013206
zhao-vaccine-0f5a57f6f7175fc0,DeepHLApan,1.1.1@ac1f4beb,immunogenicity,0.103708460927,higher,predicted,0.967278122902
zhao-vaccine-ec7dff67820e77d1,DeepHLApan,1.1.1@ac1f4beb,immunogenicity,0.0549452491105,higher,predicted,0.911515057087
zhao-vaccine-08887c0779567264,DeepHLApan,1.1.1@ac1f4beb,immunogenicity,0.900213360786,higher,predicted,0.997208952904
zhao-vaccine-44e11c0e9ea75d63,DeepHLApan,1.1.1@ac1f4beb,immunogenicity,0.983052611351,higher,predicted,0.999627888203
zhao-vaccine-4eff2f302bcaea44,DeepHLApan,1.1.1@ac1f4beb,immunogenicity,0.72533261776,higher,predicted,0.928441405296
zhao-vaccine-4cb9d365261492ad,DeepHLApan,1.1.1@ac1f4beb,immunogenicity,0.933534622192,higher,predicted,0.864243865013
zhao-vaccine-7c419d91c68603f4,DeepHLApan,1.1.1@ac1f4beb,immunogenicity,0.7953171134,higher,predicted,0.787260890007
zhao-vaccine-870b2b766c30a36c,DeepHLApan,1.1.1@ac1f4beb,immunogenicity,0.947538554668,higher,predicted,0.977994561195
zhao-vaccine-8bdb3677f1d98aff,DeepHLApan,1.1.1@ac1f4beb,immunogenicity,0.0873365029693,higher,predicted,0.998854339123
zhao-vaccine-c3b4945d0c5d5a65,DeepHLApan,1.1.1@ac1f4beb,immunogenicity,0.801327884197,higher,predicted,0.988931298256
zhao-vaccine-840f21de3849ccc5,DeepHLApan,1.1.1@ac1f4beb,immunogenicity,0.128078371286,higher,predicted,0.995881557465
zhao-vaccine-e5f3b76448b2e3ea,DeepHLApan,1.1.1@ac1f4beb,immunogenicity,0.400904983282,higher,predicted,0.996770501137
zhao-vaccine-6e15508381a3dd0b,DeepHLApan,1.1.1@ac1f4beb,immunogenicity,0.220886796713,higher,predicted,0.98578774929
zhao-vaccine-09990d670d0f6f25,DeepHLApan,1.1.1@ac1f4beb,immunogenicity,0.892624735832,higher,predicted,0.979077458382
zhao-vaccine-97c3b1accfcaaea2,DeepHLApan,1.1.1@ac1f4beb,immunogenicity,0.204351872206,higher,predicted,0.996299386024
zhao-vaccine-0e62a9c6910a92b7,DeepHLApan,1.1.1@ac1f4beb,immunogenicity,0.767005205154,higher,predicted,0.995958983898
zhao-vaccine-0eaa66ab2c642dc8,DeepHLApan,1.1.1@ac1f4beb,immunogenicity,0.411596775055,higher,predicted,0.987976074219
zhao-vaccine-077ba4b974560005,DeepHLApan,1.1.1@ac1f4beb,immunogenicity,0.807951629162,higher,predicted,0.994820594788
zhao-vaccine-94ededcc1d3dcd1a,DeepHLApan,1.1.1@ac1f4beb,immunogenicity,0.759208858013,higher,predicted,0.999227821827
zhao-vaccine-1b8f8f27299b8c02,DeepHLApan,1.1.1@ac1f4beb,immunogenicity,0.981257617474,higher,predicted,0.92818146944
zhao-vaccine-fdc7a53c57604dd2,DeepHLApan,1.1.1@ac1f4beb,immunogenicity,0.298956543207,higher,predicted,0.989288687706
zhao-vaccine-d702c99028cd8b72,DeepHLApan,1.1.1@ac1f4beb,immunogenicity,0.309978246689,higher,predicted,0.995363593102
zhao-vaccine-7cc532e2dc3aab79,DeepHLApan,1.1.1@ac1f4beb,immunogenicity,0.189295083284,higher,predicted,0.999355494976
zhao-vaccine-2b0b1a9adb16d807,DeepHLApan,1.1.1@ac1f4beb,immunogenicity,0.182113438845,higher,predicted,0.976325213909
zhao-vaccine-b2fa34c6b5886283,DeepHLApan,1.1.1@ac1f4beb,immunogenicity,0.458087146282,higher,predicted,0.929371833801
zhao-vaccine-a1d67ef963399fc6,DeepHLApan,1.1.1@ac1f4beb,immunogenicity,0.400520026684,higher,predicted,0.965977966785
zhao-vaccine-60705d8cda191056,DeepHLApan,1.1.1@ac1f4beb,immunogenicity,0.214295193553,higher,predicted,0.902153670788
zhao-vaccine-6780d94636a0170d,DeepHLApan,1.1.1@ac1f4beb,immunogenicity,0.0465143099427,higher,predicted,0.410243183374
zhao-vaccine-9d1b561dc3405f4d,DeepHLApan,1.1.1@ac1f4beb,immunogenicity,0.00913528911769,higher,predicted,0.988156437874
zhao-vaccine-7cbdf40ccbc28cfe,DeepHLApan,1.1.1@ac1f4beb,immunogenicity,0.22946742177,higher,predicted,0.984127879143
zhao-vaccine-c8b652520bf83db2,DeepHLApan,1.1.1@ac1f4beb,immunogenicity,0.0525795631111,higher,predicted,0.999958872795
zhao-vaccine-6307a7641f804ad7,DeepHLApan,1.1.1@ac1f4beb,immunogenicity,0.31135815382,higher,predicted,0.999300956726
zhao-vaccine-f27ca35b1558b455,DeepHLApan,1.1.1@ac1f4beb,immunogenicity,0.50472843647,higher,predicted,0.991116166115
zhao-vaccine-76e5059cd3b3c3ad,DeepHLApan,1.1.1@ac1f4beb,immunogenicity,0.365770250559,higher,predicted,0.991196990013
zhao-vaccine-1a5b99b311a83746,DeepHLApan,1.1.1@ac1f4beb,immunogenicity,0.0156123265624,higher,predicted,0.998274683952
zhao-vaccine-f7e2831b9ad53f98,DeepHLApan,1.1.1@ac1f4beb,immunogenicity,0.108411051333,higher,predicted,0.998906910419
zhao-vaccine-d2daf8fb140cfed0,DeepHLApan,1.1.1@ac1f4beb,immunogenicity,0.0546866953373,higher,predicted,0.993559956551
zhao-vaccine-f6ddf367d3aa0944,DeepHLApan,1.1.1@ac1f4beb,immunogenicity,0.105124548078,higher,predicted,0.833276867867
zhao-vaccine-00908c84222df7b5,DeepHLApan,1.1.1@ac1f4beb,immunogenicity,0.554060578346,higher,predicted,0.989163756371
zhao-vaccine-b442aa09c915e1b0,DeepHLApan,1.1.1@ac1f4beb,immunogenicity,0.058638881892,higher,predicted,0.989599585533
zhao-vaccine-2a4efa7dc4e16be3,DeepHLApan,1.1.1@ac1f4beb,immunogenicity,0.621680378914,higher,predicted,0.966097712517
zhao-vaccine-f844c7c3634362b8,DeepHLApan,1.1.1@ac1f4beb,immunogenicity,0.56220972538,higher,predicted,0.97557914257
zhao-vaccine-a724b8334d910f2a,DeepHLApan,1.1.1@ac1f4beb,immunogenicity,0.643632769585,higher,predicted,0.926163852215
zhao-vaccine-6f5a9d2a685e6156,DeepHLApan,1.1.1@ac1f4beb,immunogenicity,0.94649875164,higher,predicted,0.984880149364
zhao-vaccine-6799be403a5dbd26,DeepHLApan,1.1.1@ac1f4beb,immunogenicity,0.601427316666,higher,predicted,0.899142563343
zhao-vaccine-c802fa23167d5f2a,DeepHLApan,1.1.1@ac1f4beb,immunogenicity,0.107178375125,higher,predicted,0.994666695595
zhao-vaccine-d860eddaa0290236,DeepHLApan,1.1.1@ac1f4beb,immunogenicity,0.362090200186,higher,predicted,0.999934673309
zhao-vaccine-cbb789d156e2aba7,DeepHLApan,1.1.1@ac1f4beb,immunogenicity,0.982291698456,higher,predicted,0.734664559364
zhao-vaccine-b770e8f9159c9169,DeepHLApan,1.1.1@ac1f4beb,immunogenicity,0.673631548882,higher,predicted,0.882340908051
zhao-vaccine-173ce343846a1385,DeepHLApan,1.1.1@ac1f4beb,immunogenicity,0.267147272825,higher,predicted,0.997245132923
zhao-vaccine-24a02762c3c11d45,DeepHLApan,1.1.1@ac1f4beb,immunogenicity,0.727870583534,higher,predicted,0.732794940472
zhao-vaccine-b6974ef7d6e802a7,DeepHLApan,1.1.1@ac1f4beb,immunogenicity,0.62453776598,higher,predicted,0.992620170116
zhao-vaccine-c05520f12a2c83f4,DeepHLApan,1.1.1@ac1f4beb,immunogenicity,0.663487911224,higher,predicted,0.99602496624
zhao-vaccine-551d258967ca2f3c,DeepHLApan,1.1.1@ac1f4beb,immunogenicity,0.808881103992,higher,predicted,0.992326259613
zhao-vaccine-a6669be1d1983a32,DeepHLApan,1.1.1@ac1f4beb,immunogenicity,0.657379806042,higher,predicted,0.995823681355
zhao-vaccine-ff446da963d36eef,DeepHLApan,1.1.1@ac1f4beb,immunogenicity,0.650248169899,higher,predicted,0.993702888489
zhao-vaccine-6e8fa7e919c20256,DeepHLApan,1.1.1@ac1f4beb,immunogenicity,0.297286510468,higher,predicted,0.979829967022
zhao-vaccine-961b997f7b26e7e6,DeepHLApan,1.1.1@ac1f4beb,immunogenicity,0.0102845365182,higher,predicted,0.960551261902
zhao-vaccine-9ff55164e617cab1,DeepHLApan,1.1.1@ac1f4beb,immunogenicity,0.455318152905,higher,predicted,0.991790771484
zhao-vaccine-1a8a6c27562c8053,DeepHLApan,1.1.1@ac1f4beb,immunogenicity,0.922932505608,higher,predicted,0.854129970074
zhao-vaccine-bf21c75ba65f9f20,DeepHLApan,1.1.1@ac1f4beb,immunogenicity,0.867929637432,higher,predicted,0.995200276375
zhao-vaccine-e8e1055788c37784,DeepHLApan,1.1.1@ac1f4beb,immunogenicity,0.844944953918,higher,predicted,0.971261620522
zhao-vaccine-249ec9d719d2e2b9,DeepHLApan,1.1.1@ac1f4beb,immunogenicity,0.668820559978,higher,predicted,0.975590705872
zhao-vaccine-714dd3fd331ab889,DeepHLApan,1.1.1@ac1f4beb,immunogenicity,0.929405033588,higher,predicted,0.689392805099
zhao-vaccine-1308adb57ad1d4a5,DeepHLApan,1.1.1@ac1f4beb,immunogenicity,0.461800724268,higher,predicted,0.990631580353
zhao-vaccine-da4c729d49ea6247,DeepHLApan,1.1.1@ac1f4beb,immunogenicity,0.161812916398,higher,predicted,0.939170002937
zhao-vaccine-3fd3e86583758e28,DeepHLApan,1.1.1@ac1f4beb,immunogenicity,0.865757107735,higher,predicted,0.973608374596
zhao-vaccine-6f2582757604863f,DeepHLApan,1.1.1@ac1f4beb,immunogenicity,0.464293152094,higher,predicted,0.845668613911
zhao-vaccine-57692480797c79b9,DeepHLApan,1.1.1@ac1f4beb,immunogenicity,0.0633813738823,higher,predicted,0.991489112377
zhao-vaccine-6bc3ae1ef23d0f04,DeepHLApan,1.1.1@ac1f4beb,immunogenicity,0.783139824867,higher,predicted,0.974529623985
zhao-vaccine-d759e0316788cd2b,DeepHLApan,1.1.1@ac1f4beb,immunogenicity,0.416985690594,higher,predicted,0.88299113512
zhao-vaccine-9728ae87187a9e73,DeepHLApan,1.1.1@ac1f4beb,immunogenicity,0.178629815578,higher,predicted,0.995052456856
zhao-vaccine-c4cca9f1763e34dd,DeepHLApan,1.1.1@ac1f4beb,immunogenicity,0.852025806904,higher,predicted,0.946314930916
zhao-vaccine-3ced89732d0ad931,DeepHLApan,1.1.1@ac1f4beb,immunogenicity,0.300504297018,higher,predicted,0.835621833801
zhao-vaccine-441d0364a06033cb,DeepHLApan,1.1.1@ac1f4beb,immunogenicity,0.748677551746,higher,predicted,0.997701346874
zhao-vaccine-16c6c9d27fe832a4,DeepHLApan,1.1.1@ac1f4beb,immunogenicity,0.980535507202,higher,predicted,0.987090706825
zhao-vaccine-c7af78855e502553,DeepHLApan,1.1.1@ac1f4beb,immunogenicity,0.981257557869,higher,predicted,0.910367369652
zhao-vaccine-00de87cde7b07881,DeepHLApan,1.1.1@ac1f4beb,immunogenicity,0.516571700573,higher,predicted,0.989180743694
zhao-vaccine-cb1097c8202abd0c,DeepHLApan,1.1.1@ac1f4beb,immunogenicity,0.606714129448,higher,predicted,0.937735915184
zhao-vaccine-6a9952f2ac9c73d8,DeepHLApan,1.1.1@ac1f4beb,immunogenicity,0.220339179039,higher,predicted,0.999725937843
zhao-vaccine-f06b64d4bf97a124,DeepHLApan,1.1.1@ac1f4beb,immunogenicity,0.856631875038,higher,predicted,0.840697944164
zhao-vaccine-f015f92eb8c65959,DeepHLApan,1.1.1@ac1f4beb,immunogenicity,0.37558311224,higher,predicted,0.967979133129
zhao-vaccine-f11917d7db4ada39,DeepHLApan,1.1.1@ac1f4beb,immunogenicity,0.393754839897,higher,predicted,0.995802402496
zhao-vaccine-613756e440edc424,DeepHLApan,1.1.1@ac1f4beb,immunogenicity,0.0472297221422,higher,predicted,0.998259723186
zhao-vaccine-da5e353209a40617,DeepHLApan,1.1.1@ac1f4beb,immunogenicity,0.836520969868,higher,predicted,0.988347411156
zhao-vaccine-c71558be4c0f1af9,DeepHLApan,1.1.1@ac1f4beb,immunogenicity,0.790569901466,higher,predicted,0.994778811932
zhao-vaccine-fade937a83b19822,DeepHLApan,1.1.1@ac1f4beb,immunogenicity,0.899935722351,higher,predicted,0.998767197132
zhao-vaccine-db87e0dbaca0d72a,DeepHLApan,1.1.1@ac1f4beb,immunogenicity,0.849568545818,higher,predicted,0.9940751791
zhao-vaccine-c9db65c1907c2f77,DeepHLApan,1.1.1@ac1f4beb,immunogenicity,0.025713166222,higher,predicted,0.977169692516
zhao-vaccine-653ce61563cfa368,DeepHLApan,1.1.1@ac1f4beb,immunogenicity,0.711782634258,higher,predicted,0.900201499462
zhao-vaccine-8c82294b8ef6ef37,DeepHLApan,1.1.1@ac1f4beb,immunogenicity,0.992998719215,higher,predicted,0.969462394714
zhao-vaccine-89b8be7d7def609d,DeepHLApan,1.1.1@ac1f4beb,immunogenicity,0.561653792858,higher,predicted,0.958633244038
zhao-vaccine-d06b3454cfc7d74e,DeepHLApan,1.1.1@ac1f4beb,immunogenicity,0.889718353748,higher,predicted,0.785455644131
zhao-vaccine-f617bbebb60664b7,DeepHLApan,1.1.1@ac1f4beb,immunogenicity,0.156531363726,higher,predicted,0.99709969759
zhao-vaccine-3a526a6437849961,DeepHLApan,1.1.1@ac1f4beb,immunogenicity,0.674829602242,higher,predicted,0.99592000246
zhao-vaccine-b11e8dbcf5c8593f,DeepHLApan,1.1.1@ac1f4beb,immunogenicity,0.268246948719,higher,predicted,0.98914706707
zhao-vaccine-47e5e89b76063222,DeepHLApan,1.1.1@ac1f4beb,immunogenicity,0.827268302441,higher,predicted,0.422691822052
zhao-vaccine-bb31a5226daef6cb,DeepHLApan,1.1.1@ac1f4beb,immunogenicity,0.691557168961,higher,predicted,0.993935585022
zhao-vaccine-ffbe2fce3b2bcb9b,DeepHLApan,1.1.1@ac1f4beb,immunogenicity,0.961983501911,higher,predicted,0.999687552452
zhao-vaccine-e07e0fa3e619dfb3,DeepHLApan,1.1.1@ac1f4beb,immunogenicity,0.60317248106,higher,predicted,0.999341368675
zhao-vaccine-8ec26eb23f396652,DeepHLApan,1.1.1@ac1f4beb,immunogenicity,0.159805327654,higher,predicted,0.946771800518
zhao-vaccine-4a579e89601e7a16,DeepHLApan,1.1.1@ac1f4beb,immunogenicity,0.100676633418,higher,predicted,0.996302783489
zhao-vaccine-c1d91edb6f2ec47b,DeepHLApan,1.1.1@ac1f4beb,immunogenicity,0.401490598917,higher,predicted,0.976634144783
zhao-vaccine-72726c139f67b795,DeepHLApan,1.1.1@ac1f4beb,immunogenicity,0.118079647422,higher,predicted,0.998780727386
zhao-vaccine-cca85c5f54c03406,DeepHLApan,1.1.1@ac1f4beb,immunogenicity,0.0659048706293,higher,predicted,0.967210650444
zhao-vaccine-0b159fd368dd378e,DeepHLApan,1.1.1@ac1f4beb,immunogenicity,0.0250263158232,higher,predicted,0.970550537109
zhao-vaccine-0d32134ee9a1c1e9,DeepHLApan,1.1.1@ac1f4beb,immunogenicity,0.179164022207,higher,predicted,0.854912638664
zhao-vaccine-d6ff8f98181fc5e2,DeepHLApan,1.1.1@ac1f4beb,immunogenicity,0.365336596966,higher,predicted,0.986855328083
zhao-vaccine-cc92e6999b763405,DeepHLApan,1.1.1@ac1f4beb,immunogenicity,0.253066450357,higher,predicted,0.982579708099
zhao-vaccine-c184a6b978d8f6b9,DeepHLApan,1.1.1@ac1f4beb,immunogenicity,0.617935240269,higher,predicted,0.985414862633
zhao-vaccine-d2e3d30a8e2ae2ef,DeepHLApan,1.1.1@ac1f4beb,immunogenicity,0.647258102894,higher,predicted,0.978703141212
zhao-vaccine-3e39a16929680e56,DeepHLApan,1.1.1@ac1f4beb,immunogenicity,0.860949993134,higher,predicted,0.961014270782
zhao-vaccine-99c9f8800047835e,DeepHLApan,1.1.1@ac1f4beb,immunogenicity,0.692210555077,higher,predicted,0.865680038929
zhao-vaccine-4f15ebf0cc570314,DeepHLApan,1.1.1@ac1f4beb,immunogenicity,0.611192464828,higher,predicted,0.606209754944
zhao-vaccine-8e9dff058c4dbaa7,DeepHLApan,1.1.1@ac1f4beb,immunogenicity,0.695127308369,higher,predicted,0.99987745285
zhao-vaccine-6cb85a15b9145556,DeepHLApan,1.1.1@ac1f4beb,immunogenicity,0.677173495293,higher,predicted,0.998100161552
zhao-vaccine-944c5ddaf90c82cc,DeepHLApan,1.1.1@ac1f4beb,immunogenicity,0.828245043755,higher,predicted,0.999370872974
zhao-vaccine-9340e0b1f4dc7863,DeepHLApan,1.1.1@ac1f4beb,immunogenicity,0.864446043968,higher,predicted,0.911597132683
zhao-vaccine-c5bcc740de8ab116,DeepHLApan,1.1.1@ac1f4beb,immunogenicity,0.986239135265,higher,predicted,0.986436367035
zhao-vaccine-d4b2ec84b19120e6,DeepHLApan,1.1.1@ac1f4beb,immunogenicity,0.0631918460131,higher,predicted,0.992311477661
zhao-vaccine-fbe1c72a258123e4,DeepHLApan,1.1.1@ac1f4beb,immunogenicity,0.770023226738,higher,predicted,0.880891501904
zhao-vaccine-5dd0d746e26b0604,DeepHLApan,1.1.1@ac1f4beb,immunogenicity,0.991121590137,higher,predicted,0.922469317913
zhao-vaccine-814632626ebe017e,DeepHLApan,1.1.1@ac1f4beb,immunogenicity,0.49709931016,higher,predicted,0.907848000526
zhao-vaccine-0a1dbcd3feca07b8,DeepHLApan,1.1.1@ac1f4beb,immunogenicity,0.662910163403,higher,predicted,0.987587928772
zhao-vaccine-8e8ef0aa252f8088,DeepHLApan,1.1.1@ac1f4beb,immunogenicity,0.270338028669,higher,predicted,0.986257255077
zhao-vaccine-4e7da546c9997730,DeepHLApan,1.1.1@ac1f4beb,immunogenicity,0.0730128735304,higher,predicted,0.992925524712
zhao-vaccine-587ceac3b1a5e6c2,DeepHLApan,1.1.1@ac1f4beb,immunogenicity,0.701577484608,higher,predicted,0.996479690075
zhao-vaccine-fb86bd9fe3f5507b,DeepHLApan,1.1.1@ac1f4beb,immunogenicity,0.201782435179,higher,predicted,0.988936781883
zhao-vaccine-8fd9a4ebb7a5b5c0,DeepHLApan,1.1.1@ac1f4beb,immunogenicity,0.4649310112,higher,predicted,0.879851520061
zhao-vaccine-b1694ee7a23598c2,DeepHLApan,1.1.1@ac1f4beb,immunogenicity,0.389392614365,higher,predicted,0.988030791283
zhao-vaccine-5eb10cfe95b8bda7,DeepHLApan,1.1.1@ac1f4beb,immunogenicity,0.379238903522,higher,predicted,0.993844032288
zhao-vaccine-2d8d532720213eac,DeepHLApan,1.1.1@ac1f4beb,immunogenicity,0.916769385338,higher,predicted,0.996342539787
zhao-vaccine-748f6e43c22911b6,DeepHLApan,1.1.1@ac1f4beb,immunogenicity,0.929044723511,higher,predicted,0.991713166237
zhao-vaccine-a101d49a478c72bd,DeepHLApan,1.1.1@ac1f4beb,immunogenicity,0.776705622673,higher,predicted,0.995847225189
zhao-vaccine-a0edaa74581fa67c,DeepHLApan,1.1.1@ac1f4beb,immunogenicity,0.0992390662432,higher,predicted,0.99805533886
zhao-vaccine-e4858b6abb51f937,DeepHLApan,1.1.1@ac1f4beb,immunogenicity,0.361328691244,higher,predicted,0.919336974621
zhao-vaccine-1af9b30e1a5e4022,DeepHLApan,1.1.1@ac1f4beb,immunogenicity,0.0404281653464,higher,predicted,0.996113300323
zhao-vaccine-f1a5af131974bd0b,DeepHLApan,1.1.1@ac1f4beb,immunogenicity,0.245039343834,higher,predicted,0.986901164055
zhao-vaccine-0c19e14dba1e42b4,DeepHLApan,1.1.1@ac1f4beb,immunogenicity,0.0789970308542,higher,predicted,0.999116718769
zhao-vaccine-062e0a4b0e686c90,DeepHLApan,1.1.1@ac1f4beb,immunogenicity,0.172417134047,higher,predicted,0.980689525604
zhao-vaccine-476198a6046e6b3f,DeepHLApan,1.1.1@ac1f4beb,immunogenicity,0.0685921236873,higher,predicted,0.996161460876
zhao-vaccine-08a566e6459e92e2,DeepHLApan,1.1.1@ac1f4beb,immunogenicity,0.427346527576,higher,predicted,0.999652504921
zhao-vaccine-948f57640c27f6a4,DeepHLApan,1.1.1@ac1f4beb,immunogenicity,0.193983390927,higher,predicted,0.988264262676
zhao-vaccine-92fa162c7917d129,DeepHLApan,1.1.1@ac1f4beb,immunogenicity,0.862763404846,higher,predicted,0.996646046638
zhao-vaccine-a24e8d0c596fcd11,DeepHLApan,1.1.1@ac1f4beb,immunogenicity,0.703681528568,higher,predicted,0.990148663521
zhao-vaccine-ce24e3f91c9fcc89,DeepHLApan,1.1.1@ac1f4beb,immunogenicity,0.543174922466,higher,predicted,0.938918709755
zhao-vaccine-aba6efbe2e8d61b9,DeepHLApan,1.1.1@ac1f4beb,immunogenicity,0.000412964669522,higher,predicted,0.940418064594
zhao-vaccine-2e4420aa46f43efe,DeepHLApan,1.1.1@ac1f4beb,immunogenicity,0.566116333008,higher,predicted,0.98485314846
zhao-vaccine-b1d75c3e5bc3145b,DeepHLApan,1.1.1@ac1f4beb,immunogenicity,0.860869586468,higher,predicted,0.284984827042
zhao-vaccine-653abff2c7dbeb4e,DeepHLApan,1.1.1@ac1f4beb,immunogenicity,0.902253806591,higher,predicted,0.420596033335
zhao-vaccine-8412f6129880042f,DeepHLApan,1.1.1@ac1f4beb,immunogenicity,0.0153216272593,higher,predicted,0.996385395527
zhao-vaccine-b9cb69f374205b32,DeepHLApan,1.1.1@ac1f4beb,immunogenicity,0.0670145750046,higher,predicted,0.997104465961
zhao-vaccine-1aa9762a4d76dda9,DeepHLApan,1.1.1@ac1f4beb,immunogenicity,0.433766663074,higher,predicted,0.991954445839
zhao-vaccine-ed8321fccc8a12c1,DeepHLApan,1.1.1@ac1f4beb,immunogenicity,0.000909762340598,higher,predicted,0.901383757591
zhao-vaccine-f07f258117264300,DeepHLApan,1.1.1@ac1f4beb,immunogenicity,0.844243526459,higher,predicted,0.998454093933
zhao-vaccine-fce720b3ba2ba141,DeepHLApan,1.1.1@ac1f4beb,immunogenicity,0.0622178241611,higher,predicted,0.952502131462
zhao-vaccine-3b847886ab646802,DeepHLApan,1.1.1@ac1f4beb,immunogenicity,0.726898670197,higher,predicted,0.998006999493
zhao-vaccine-8e8117b5c5782698,DeepHLApan,1.1.1@ac1f4beb,immunogenicity,0.743092954159,higher,predicted,0.998906731606
zhao-vaccine-dca95adb5fcdf592,DeepHLApan,1.1.1@ac1f4beb,immunogenicity,0.485054969788,higher,predicted,0.996870160103
zhao-vaccine-0e4e9c333e92b287,DeepHLApan,1.1.1@ac1f4beb,immunogenicity,0.385046094656,higher,predicted,0.945913791656
zhao-vaccine-af57e5cb49a1b3d7,DeepHLApan,1.1.1@ac1f4beb,immunogenicity,0.179469779134,higher,predicted,0.96079647541
zhao-vaccine-1112c9b9b46720e7,DeepHLApan,1.1.1@ac1f4beb,immunogenicity,0.262973129749,higher,predicted,0.367621958256
zhao-vaccine-033a1b3d78898765,DeepHLApan,1.1.1@ac1f4beb,immunogenicity,0.00452602794394,higher,predicted,0.996583938599
zhao-vaccine-7ba22a1143f5d992,DeepHLApan,1.1.1@ac1f4beb,immunogenicity,0.0536279380322,higher,predicted,0.99934387207
zhao-vaccine-1e9f45fe3cc9ac63,DeepHLApan,1.1.1@ac1f4beb,immunogenicity,0.884452462196,higher,predicted,0.743973135948
zhao-vaccine-5e908d937d39faff,DeepHLApan,1.1.1@ac1f4beb,immunogenicity,0.735253930092,higher,predicted,0.742222905159
zhao-vaccine-f3877179230c6cee,DeepHLApan,1.1.1@ac1f4beb,immunogenicity,0.557834565639,higher,predicted,0.9658177495
zhao-vaccine-4ecfbac6e637b799,DeepHLApan,1.1.1@ac1f4beb,immunogenicity,0.0211619213223,higher,predicted,0.997059702873
zhao-vaccine-14b4f65b1f45bcbf,DeepHLApan,1.1.1@ac1f4beb,immunogenicity,0.49086779356,higher,predicted,0.620449602604
zhao-vaccine-f91297d3a00de2d2,DeepHLApan,1.1.1@ac1f4beb,immunogenicity,0.000332866038661,higher,predicted,0.884088218212
zhao-vaccine-4844706cc9fa4d1b,DeepHLApan,1.1.1@ac1f4beb,immunogenicity,0.849627137184,higher,predicted,0.984907329082
zhao-vaccine-da2194e4a86ae034,DeepHLApan,1.1.1@ac1f4beb,immunogenicity,0.396616399288,higher,predicted,0.999095916748
zhao-vaccine-9c48013f878a865c,DeepHLApan,1.1.1@ac1f4beb,immunogenicity,0.449888855219,higher,predicted,0.99996805191
zhao-vaccine-3da711f6f654d036,DeepHLApan,1.1.1@ac1f4beb,immunogenicity,0.561990320683,higher,predicted,0.958900630474
zhao-vaccine-34689bf638cfdb3d,DeepHLApan,1.1.1@ac1f4beb,immunogenicity,0.949917912483,higher,predicted,0.992524147034
zhao-vaccine-3accaf032fdb315d,DeepHLApan,1.1.1@ac1f4beb,immunogenicity,0.980041980743,higher,predicted,0.992147803307
zhao-vaccine-7dac8ac91244377f,DeepHLApan,1.1.1@ac1f4beb,immunogenicity,0.0077011892572,higher,predicted,0.42850908637
zhao-vaccine-40e47cdb16d89757,DeepHLApan,1.1.1@ac1f4beb,immunogenicity,0.010614676401,higher,predicted,0.788667678833
zhao-vaccine-aefefb4cdc17d9f1,DeepHLApan,1.1.1@ac1f4beb,immunogenicity,0.0116702327505,higher,predicted,0.748538911343
zhao-vaccine-8050a70c910bdf1a,DeepHLApan,1.1.1@ac1f4beb,immunogenicity,0.967528522015,higher,predicted,0.999057292938
zhao-vaccine-ac96e34d65a393e8,DeepHLApan,1.1.1@ac1f4beb,immunogenicity,0.2246530056,higher,predicted,0.981897234917
zhao-vaccine-b4d038d59719dff9,DeepHLApan,1.1.1@ac1f4beb,immunogenicity,0.877919971943,higher,predicted,0.991834461689
zhao-vaccine-9e1085e0289a57d9,DeepHLApan,1.1.1@ac1f4beb,immunogenicity,0.288561463356,higher,predicted,0.915086388588
zhao-vaccine-178a58421c8cfa58,DeepHLApan,1.1.1@ac1f4beb,immunogenicity,0.375922977924,higher,predicted,0.994463741779
zhao-vaccine-4a6ee428b3d6f1f9,DeepHLApan,1.1.1@ac1f4beb,immunogenicity,0.954929351807,higher,predicted,0.994057834148
zhao-vaccine-105dd4c375a2930a,DeepHLApan,1.1.1@ac1f4beb,immunogenicity,0.962901771069,higher,predicted,0.993902206421
zhao-vaccine-f2e66f35c41716e3,DeepHLApan,1.1.1@ac1f4beb,immunogenicity,0.234770089388,higher,predicted,0.995218634605
zhao-vaccine-8abeb04ad206babd,DeepHLApan,1.1.1@ac1f4beb,immunogenicity,0.643670082092,higher,predicted,0.997760891914
zhao-vaccine-346901b6cb8320ce,DeepHLApan,1.1.1@ac1f4beb,immunogenicity,0.344796746969,higher,predicted,0.979424357414
zhao-vaccine-bc928fd98bebcbe4,DeepHLApan,1.1.1@ac1f4beb,immunogenicity,0.612744152546,higher,predicted,0.996547341347
zhao-vaccine-812386af1a37b5a2,DeepHLApan,1.1.1@ac1f4beb,immunogenicity,0.281922996044,higher,predicted,0.986322402954
zhao-vaccine-cd4c3877e1df5df8,DeepHLApan,1.1.1@ac1f4beb,immunogenicity,0.613071739674,higher,predicted,0.990891337395
zhao-vaccine-37cd8d397d30c00a,DeepHLApan,1.1.1@ac1f4beb,immunogenicity,0.49437841773,higher,predicted,0.923642754555
zhao-vaccine-69589f3e984c8850,DeepHLApan,1.1.1@ac1f4beb,immunogenicity,0.603967964649,higher,predicted,0.897101104259
zhao-vaccine-6138d66158ae812f,DeepHLApan,1.1.1@ac1f4beb,immunogenicity,0.707885444164,higher,predicted,0.985413253307
zhao-vaccine-f89aafae5b4bb03a,DeepHLApan,1.1.1@ac1f4beb,immunogenicity,0.326269626617,higher,predicted,0.990795731544
zhao-vaccine-d24f1d08ffeb3dab,DeepHLApan,1.1.1@ac1f4beb,immunogenicity,0.629341781139,higher,predicted,0.992117762566
zhao-vaccine-15f900835dd0ed74,DeepHLApan,1.1.1@ac1f4beb,immunogenicity,0.182054430246,higher,predicted,0.98112154007
zhao-vaccine-b4c900974a4cb22d,DeepHLApan,1.1.1@ac1f4beb,immunogenicity,0.555468857288,higher,predicted,0.99832046032
zhao-vaccine-4877473089ccabe2,DeepHLApan,1.1.1@ac1f4beb,immunogenicity,0.230513855815,higher,predicted,0.953911960125
zhao-vaccine-57da1458d87b5cd8,DeepHLApan,1.1.1@ac1f4beb,immunogenicity,0.438511222601,higher,predicted,0.99460631609
zhao-vaccine-7cda442e2003096d,DeepHLApan,1.1.1@ac1f4beb,immunogenicity,0.293476015329,higher,predicted,0.869397044182
zhao-vaccine-c9ac16c653d4ad34,DeepHLApan,1.1.1@ac1f4beb,immunogenicity,0.575143158436,higher,predicted,0.987914264202
zhao-vaccine-5bb46d67d4132b05,DeepHLApan,1.1.1@ac1f4beb,immunogenicity,0.375146538019,higher,predicted,0.969816207886
zhao-vaccine-22b245e10cc5f7eb,DeepHLApan,1.1.1@ac1f4beb,immunogenicity,0.805286407471,higher,predicted,0.995583415031
zhao-vaccine-0c5f2cf1a9f96611,DeepHLApan,1.1.1@ac1f4beb,immunogenicity,0.892941117287,higher,predicted,0.641250729561
zhao-vaccine-fdb9bb32b532156a,DeepHLApan,1.1.1@ac1f4beb,immunogenicity,0.421137869358,higher,predicted,0.509231090546
zhao-vaccine-09ce50e75ae0ded3,DeepHLApan,1.1.1@ac1f4beb,immunogenicity,0.55818516016,higher,predicted,0.979471087456
zhao-vaccine-17602f761fea6700,DeepHLApan,1.1.1@ac1f4beb,immunogenicity,0.753383398056,higher,predicted,0.182146459818
zhao-vaccine-23b1162fe09c3a71,DeepHLApan,1.1.1@ac1f4beb,immunogenicity,0.601228773594,higher,predicted,0.810124874115
zhao-vaccine-adf230b14ce59796,DeepHLApan,1.1.1@ac1f4beb,immunogenicity,0.648695588112,higher,predicted,0.977976679802
zhao-vaccine-1844a0b8148bd71d,DeepHLApan,1.1.1@ac1f4beb,immunogenicity,0.338075369596,higher,predicted,0.654262661934
zhao-vaccine-6b2a399d57d8a512,DeepHLApan,1.1.1@ac1f4beb,immunogenicity,0.63501983881,higher,predicted,0.641382575035
zhao-vaccine-666279e80bba84cd,DeepHLApan,1.1.1@ac1f4beb,immunogenicity,0.658606469631,higher,predicted,0.998873233795
zhao-vaccine-a3b9a38a195ea306,DeepHLApan,1.1.1@ac1f4beb,immunogenicity,0.778761386871,higher,predicted,0.999808132648
zhao-vaccine-a99dea8872b2c603,DeepHLApan,1.1.1@ac1f4beb,immunogenicity,0.641192734241,higher,predicted,0.902213692665
zhao-vaccine-38518cce6ca2ffcb,DeepHLApan,1.1.1@ac1f4beb,immunogenicity,0.533149838448,higher,predicted,0.976656317711
zhao-vaccine-c06c5c593b790451,DeepHLApan,1.1.1@ac1f4beb,immunogenicity,0.812066853046,higher,predicted,0.999457359314
zhao-vaccine-20a5c1bd7ed8243c,DeepHLApan,1.1.1@ac1f4beb,immunogenicity,0.452843248844,higher,predicted,0.957536399364
zhao-vaccine-bf796feb0fa45107,DeepHLApan,1.1.1@ac1f4beb,immunogenicity,0.0631918460131,higher,predicted,0.992311477661
zhao-vaccine-94d4dd10565ce56a,DeepHLApan,1.1.1@ac1f4beb,immunogenicity,0.214487031102,higher,predicted,0.986738502979
zhao-vaccine-09d399e83ab7a200,DeepHLApan,1.1.1@ac1f4beb,immunogenicity,0.183788448572,higher,predicted,0.929332613945
zhao-vaccine-57cf9d6748f03a4a,DeepHLApan,1.1.1@ac1f4beb,immunogenicity,0.0317522361875,higher,predicted,0.992318332195
zhao-vaccine-8ad9b3db50bd44f6,DeepHLApan,1.1.1@ac1f4beb,immunogenicity,0.343322128057,higher,predicted,0.990157783031
zhao-vaccine-e7a31769d0def8cc,DeepHLApan,1.1.1@ac1f4beb,immunogenicity,0.962063193321,higher,predicted,0.873279094696
zhao-vaccine-f31f5559dc01f968,DeepHLApan,1.1.1@ac1f4beb,immunogenicity,0.814568161964,higher,predicted,0.995558917522
zhao-vaccine-801998d39a01c402,DeepHLApan,1.1.1@ac1f4beb,immunogenicity,0.469525247812,higher,predicted,0.996361732483
zhao-vaccine-e97f71e837688aaa,DeepHLApan,1.1.1@ac1f4beb,immunogenicity,0.2946613729,higher,predicted,0.716138720512
zhao-vaccine-94d6274ea0765859,DeepHLApan,1.1.1@ac1f4beb,immunogenicity,0.994732558727,higher,predicted,0.99978607893
zhao-vaccine-8425d1356c40e035,DeepHLApan,1.1.1@ac1f4beb,immunogenicity,0.730995774269,higher,predicted,0.996595203876
zhao-vaccine-9c842e77e6554e48,DeepHLApan,1.1.1@ac1f4beb,immunogenicity,0.00993186142296,higher,predicted,0.98225402832
zhao-vaccine-cd64ae47949e3e72,DeepHLApan,1.1.1@ac1f4beb,immunogenicity,0.00588498264551,higher,predicted,0.990963160992
zhao-vaccine-6cf2c368188f7ae7,DeepHLApan,1.1.1@ac1f4beb,immunogenicity,0.0151886697859,higher,predicted,0.999046325684
zhao-vaccine-76ba058c8a28fd7a,DeepHLApan,1.1.1@ac1f4beb,immunogenicity,0.113877214491,higher,predicted,0.999395012856
zhao-vaccine-6084bbd3ff94c4d6,DeepHLApan,1.1.1@ac1f4beb,immunogenicity,0.0129321720451,higher,predicted,0.99139547348
zhao-vaccine-2d7a1bc0613aae0d,DeepHLApan,1.1.1@ac1f4beb,immunogenicity,0.753708720207,higher,predicted,0.986385822296
zhao-vaccine-03696ce8c63ebae8,DeepHLApan,1.1.1@ac1f4beb,immunogenicity,0.844818890095,higher,predicted,0.985662579536
zhao-vaccine-4d5941ad71cd0b01,DeepHLApan,1.1.1@ac1f4beb,immunogenicity,0.635867774487,higher,predicted,0.997669816017
zhao-vaccine-8251be1752bc8dcd,DeepHLApan,1.1.1@ac1f4beb,immunogenicity,0.63170671463,higher,predicted,0.998959362507
zhao-vaccine-e208fc7508babece,DeepHLApan,1.1.1@ac1f4beb,immunogenicity,0.328509420156,higher,predicted,0.986608684063
zhao-vaccine-100390c97594b382,DeepHLApan,1.1.1@ac1f4beb,immunogenicity,0.0588889345527,higher,predicted,0.983649611473
zhao-vaccine-1c199c518ce694cb,DeepHLApan,1.1.1@ac1f4beb,immunogenicity,0.328346341848,higher,predicted,0.999868571758
zhao-vaccine-d51c26cc1204892e,DeepHLApan,1.1.1@ac1f4beb,immunogenicity,0.332377403975,higher,predicted,0.989156901836
zhao-vaccine-ace8856de2b9d7b3,DeepHLApan,1.1.1@ac1f4beb,immunogenicity,0.00170462089591,higher,predicted,0.999886870384
zhao-vaccine-83da3c5b9955b6ac,DeepHLApan,1.1.1@ac1f4beb,immunogenicity,0.823006749153,higher,predicted,0.992669224739
zhao-vaccine-1ce93697a045b24c,DeepHLApan,1.1.1@ac1f4beb,immunogenicity,0.130350351334,higher,predicted,0.947220444679
zhao-vaccine-00ac0fab7dc987f2,DeepHLApan,1.1.1@ac1f4beb,immunogenicity,0.917527377605,higher,predicted,0.998768210411
zhao-vaccine-0f950ec7c02f9245,DeepHLApan,1.1.1@ac1f4beb,immunogenicity,0.416284382343,higher,predicted,0.999949336052
zhao-vaccine-5ba15d97b5c72d95,DeepHLApan,1.1.1@ac1f4beb,immunogenicity,0.908866286278,higher,predicted,0.99729090929
zhao-vaccine-02101f99d9930118,DeepHLApan,1.1.1@ac1f4beb,immunogenicity,0.243018314242,higher,predicted,0.952437758446
zhao-vaccine-b0c6fa65bdac2715,DeepHLApan,1.1.1@ac1f4beb,immunogenicity,0.584085762501,higher,predicted,0.631045758724
zhao-vaccine-017943547834366f,DeepHLApan,1.1.1@ac1f4beb,immunogenicity,0.463198900223,higher,predicted,0.994457364082
zhao-vaccine-9f9a6c0bad07b12a,DeepHLApan,1.1.1@ac1f4beb,immunogenicity,0.594308197498,higher,predicted,0.99968880415
zhao-vaccine-281311a043c39d11,DeepHLApan,1.1.1@ac1f4beb,immunogenicity,0.650913000107,higher,predicted,0.982052981853
zhao-vaccine-67ace035b9c07219,DeepHLApan,1.1.1@ac1f4beb,immunogenicity,0.834757506847,higher,predicted,0.998817443848
zhao-vaccine-6dfb4aaff25a87d1,DeepHLApan,1.1.1@ac1f4beb,immunogenicity,0.507333159447,higher,predicted,0.921556651592
zhao-vaccine-78a648a518e6de28,DeepHLApan,1.1.1@ac1f4beb,immunogenicity,0.746206998825,higher,predicted,0.461098283529
zhao-vaccine-37d860fc95091de9,DeepHLApan,1.1.1@ac1f4beb,immunogenicity,0.618484795094,higher,predicted,0.392917722464
zhao-vaccine-3ce7a0caddd675f9,DeepHLApan,1.1.1@ac1f4beb,immunogenicity,0.934907257557,higher,predicted,0.979480445385
zhao-vaccine-8293be323b8f2284,DeepHLApan,1.1.1@ac1f4beb,immunogenicity,0.000546648108866,higher,predicted,0.990719199181
zhao-vaccine-dc69e571bb1bc716,DeepHLApan,1.1.1@ac1f4beb,immunogenicity,0.0949690341949,higher,predicted,0.989556610584
zhao-vaccine-d7fe439d720d67b1,DeepHLApan,1.1.1@ac1f4beb,immunogenicity,0.575622916222,higher,predicted,0.990218997002
zhao-vaccine-4235e6d69f92bbd5,DeepHLApan,1.1.1@ac1f4beb,immunogenicity,0.0586161091924,higher,predicted,0.968801617622
zhao-vaccine-d02ba01dc53c000d,DeepHLApan,1.1.1@ac1f4beb,immunogenicity,0.852353394032,higher,predicted,0.994407355785
zhao-vaccine-2cb0e7ca904e77d9,DeepHLApan,1.1.1@ac1f4beb,immunogenicity,0.626929163933,higher,predicted,0.897783875465
zhao-vaccine-f840dd851aae3824,DeepHLApan,1.1.1@ac1f4beb,immunogenicity,0.303543180227,higher,predicted,0.992571055889
zhao-vaccine-68a434f6aca144e8,DeepHLApan,1.1.1@ac1f4beb,immunogenicity,0.311608105898,higher,predicted,0.959642589092
zhao-vaccine-0e1a76b226778434,DeepHLApan,1.1.1@ac1f4beb,immunogenicity,0.34280321002,higher,predicted,0.950807094574
zhao-vaccine-721dee814c7f8a57,DeepHLApan,1.1.1@ac1f4beb,immunogenicity,0.455547332764,higher,predicted,0.9973269701
zhao-vaccine-8da882afc2068d8a,DeepHLApan,1.1.1@ac1f4beb,immunogenicity,0.0018450524658,higher,predicted,0.998882651329
zhao-vaccine-45383782e52dba9f,DeepHLApan,1.1.1@ac1f4beb,immunogenicity,0.154146775603,higher,predicted,0.998484611511
zhao-vaccine-b12f5ac75bfe6b89,DeepHLApan,1.1.1@ac1f4beb,immunogenicity,0.00265539856628,higher,predicted,0.999961674213
zhao-vaccine-0e0a9637ed1282c1,DeepHLApan,1.1.1@ac1f4beb,immunogenicity,0.062381722033,higher,predicted,0.997464954853
zhao-vaccine-7abc1c35e3ccf355,DeepHLApan,1.1.1@ac1f4beb,immunogenicity,0.288490355015,higher,predicted,0.992990136147
zhao-vaccine-f318b7095b4ef52c,DeepHLApan,1.1.1@ac1f4beb,immunogenicity,0.0957647413015,higher,predicted,0.998920798302
zhao-vaccine-78297893a7d3d0ba,DeepHLApan,1.1.1@ac1f4beb,immunogenicity,0.0413611680269,higher,predicted,0.551253437996
zhao-vaccine-ca490b1797ede1e9,DeepHLApan,1.1.1@ac1f4beb,immunogenicity,0.752122581005,higher,predicted,0.993838608265
zhao-vaccine-9362a3e8b434e17a,DeepHLApan,1.1.1@ac1f4beb,immunogenicity,0.677679717541,higher,predicted,0.982016384602
zhao-vaccine-d05f94d034d5e2d6,DeepHLApan,1.1.1@ac1f4beb,immunogenicity,0.147026449442,higher,predicted,0.993346512318
zhao-vaccine-3ebcaa48f079929c,DeepHLApan,1.1.1@ac1f4beb,immunogenicity,0.384895414114,higher,predicted,0.99828517437
zhao-vaccine-5ade12ab778df5ff,DeepHLApan,1.1.1@ac1f4beb,immunogenicity,0.81093609333,higher,predicted,0.999286830425
zhao-vaccine-965e2dc89d4a2a57,DeepHLApan,1.1.1@ac1f4beb,immunogenicity,0.163543730974,higher,predicted,0.997355759144
zhao-vaccine-4a37b653a73277cb,DeepHLApan,1.1.1@ac1f4beb,immunogenicity,0.351243913174,higher,predicted,0.998026967049
zhao-vaccine-68e61ae20327db08,DeepHLApan,1.1.1@ac1f4beb,immunogenicity,0.491765916348,higher,predicted,0.957296013832
zhao-vaccine-0a0eb08146a9e58f,DeepHLApan,1.1.1@ac1f4beb,immunogenicity,0.50326281786,higher,predicted,0.95482891798
zhao-vaccine-e5ac726938f48c5d,DeepHLApan,1.1.1@ac1f4beb,immunogenicity,0.730346143246,higher,predicted,0.975057601929
zhao-vaccine-dd30fe354dc0c723,DeepHLApan,1.1.1@ac1f4beb,immunogenicity,0.793782532215,higher,predicted,0.969747543335
zhao-vaccine-e46cba4d94b1bd9e,DeepHLApan,1.1.1@ac1f4beb,immunogenicity,0.803693175316,higher,predicted,0.999777674675
zhao-vaccine-1217ba726b35ed9d,DeepHLApan,1.1.1@ac1f4beb,immunogenicity,0.0953187569976,higher,predicted,0.998577296734
zhao-vaccine-83bbda76fb652d04,DeepHLApan,1.1.1@ac1f4beb,immunogenicity,0.753487944603,higher,predicted,0.999958992004
zhao-vaccine-e99a9dc2f937246e,DeepHLApan,1.1.1@ac1f4beb,immunogenicity,0.61284506321,higher,predicted,0.998982131481
zhao-vaccine-3ad1731be926e556,DeepHLApan,1.1.1@ac1f4beb,immunogenicity,0.776415526867,higher,predicted,0.869746804237
zhao-vaccine-b9b9751942a91107,DeepHLApan,1.1.1@ac1f4beb,immunogenicity,0.700565934181,higher,predicted,0.681423544884
zhao-vaccine-91666c65422008e9,DeepHLApan,1.1.1@ac1f4beb,immunogenicity,0.824935436249,higher,predicted,0.876016616821
zhao-vaccine-cdb5d238c73f1200,DeepHLApan,1.1.1@ac1f4beb,immunogenicity,0.806201100349,higher,predicted,0.859736263752
zhao-vaccine-e371cb75a5a01267,DeepHLApan,1.1.1@ac1f4beb,immunogenicity,0.995634257793,higher,predicted,0.999422848225
zhao-vaccine-15446e222104cacb,DeepHLApan,1.1.1@ac1f4beb,immunogenicity,0.00302336551249,higher,predicted,0.995601832867
zhao-vaccine-d2e2e9a9a8a8791f,DeepHLApan,1.1.1@ac1f4beb,immunogenicity,0.987619042397,higher,predicted,0.805048108101
zhao-vaccine-add9dc988b885c6f,DeepHLApan,1.1.1@ac1f4beb,immunogenicity,0.0188766140491,higher,predicted,0.996195495129
zhao-vaccine-05fa169c96907506,DeepHLApan,1.1.1@ac1f4beb,immunogenicity,0.0169950220734,higher,predicted,0.998448848724
zhao-vaccine-fe5e333b881da058,DeepHLApan,1.1.1@ac1f4beb,immunogenicity,0.497059494257,higher,predicted,0.98164576292
zhao-vaccine-a1f11828eab95061,DeepHLApan,1.1.1@ac1f4beb,immunogenicity,0.787904977798,higher,predicted,0.980553150177
zhao-vaccine-4976b66839febef0,DeepHLApan,1.1.1@ac1f4beb,immunogenicity,0.223212912679,higher,predicted,0.971285223961
zhao-vaccine-ca5cbad36e6778e3,DeepHLApan,1.1.1@ac1f4beb,immunogenicity,0.203960344195,higher,predicted,0.993277072906
zhao-vaccine-36f07ee5c996dad0,DeepHLApan,1.1.1@ac1f4beb,immunogenicity,0.375000864267,higher,predicted,0.996293723583
zhao-vaccine-623cfad1dc12cce2,DeepHLApan,1.1.1@ac1f4beb,immunogenicity,0.0260126199573,higher,predicted,0.959302306175
zhao-vaccine-d41aafddc13976b8,DeepHLApan,1.1.1@ac1f4beb,immunogenicity,0.206976056099,higher,predicted,0.996583342552
zhao-vaccine-27d07976725d29e9,DeepHLApan,1.1.1@ac1f4beb,immunogenicity,0.427733421326,higher,predicted,0.998982071877
zhao-vaccine-7e2ffaba808811ba,DeepHLApan,1.1.1@ac1f4beb,immunogenicity,0.935046494007,higher,predicted,0.998928368092
zhao-vaccine-4ea2fcd0fcbe695b,DeepHLApan,1.1.1@ac1f4beb,immunogenicity,0.560943901539,higher,predicted,0.999095618725
zhao-vaccine-5f1312331fdfb170,DeepHLApan,1.1.1@ac1f4beb,immunogenicity,0.642259776592,higher,predicted,0.997639298439
zhao-vaccine-1e73947ea9698cd9,DeepHLApan,1.1.1@ac1f4beb,immunogenicity,0.0454928055406,higher,predicted,0.998657882214
zhao-vaccine-3b94a7db18ed886c,DeepHLApan,1.1.1@ac1f4beb,immunogenicity,0.915506005287,higher,predicted,0.843935668468
zhao-vaccine-f375803c6f3695b8,DeepHLApan,1.1.1@ac1f4beb,immunogenicity,0.0134797040373,higher,predicted,0.999017119408
zhao-vaccine-4f915ffeb85dbc8d,DeepHLApan,1.1.1@ac1f4beb,immunogenicity,0.323647171259,higher,predicted,0.999485969543
zhao-vaccine-0a499f1b47d241ee,DeepHLApan,1.1.1@ac1f4beb,immunogenicity,0.064307808876,higher,predicted,0.952183127403
zhao-vaccine-c1ddf01a1259a6bb,DeepHLApan,1.1.1@ac1f4beb,immunogenicity,0.403713613749,higher,predicted,0.994698166847
zhao-vaccine-a7117a4ef7e4c666,DeepHLApan,1.1.1@ac1f4beb,immunogenicity,0.412902504206,higher,predicted,0.559294760227
zhao-vaccine-2f16d7a7b8377c8f,DeepHLApan,1.1.1@ac1f4beb,immunogenicity,0.0181001983583,higher,predicted,0.954782307148
zhao-vaccine-b18aa826b16d7473,DeepHLApan,1.1.1@ac1f4beb,immunogenicity,0.994643211365,higher,predicted,0.984998524189
zhao-vaccine-32935ef444cf0d1a,DeepHLApan,1.1.1@ac1f4beb,immunogenicity,0.824888348579,higher,predicted,0.996272265911
zhao-vaccine-eef0dcadc94c2b17,DeepHLApan,1.1.1@ac1f4beb,immunogenicity,0.000156074005645,higher,predicted,0.991218686104
zhao-vaccine-2e4ead9606072288,DeepHLApan,1.1.1@ac1f4beb,immunogenicity,0.930129230022,higher,predicted,0.992249310017
zhao-vaccine-4530abbf39780e70,DeepHLApan,1.1.1@ac1f4beb,immunogenicity,0.42655569315,higher,predicted,0.95762604475
zhao-vaccine-0cebec48fdf19314,DeepHLApan,1.1.1@ac1f4beb,immunogenicity,0.968393146992,higher,predicted,0.981324672699
zhao-vaccine-1e0e282136a23d80,DeepHLApan,1.1.1@ac1f4beb,immunogenicity,0.796543776989,higher,predicted,0.86263436079
zhao-vaccine-14a6f9f5f9c4b644,DeepHLApan,1.1.1@ac1f4beb,immunogenicity,0.983884990215,higher,predicted,0.999847531319
zhao-vaccine-28a198f03d6a3d2b,DeepHLApan,1.1.1@ac1f4beb,immunogenicity,0.70566624403,higher,predicted,0.998473763466
zhao-vaccine-a84cc466cc5afbbe,DeepHLApan,1.1.1@ac1f4beb,immunogenicity,0.0833968669176,higher,predicted,0.674349963665
zhao-vaccine-ef3f5ad4b93866cc,DeepHLApan,1.1.1@ac1f4beb,immunogenicity,0.195891857147,higher,predicted,0.996049582958
zhao-vaccine-574c8885e9744870,DeepHLApan,1.1.1@ac1f4beb,immunogenicity,0.194549620152,higher,predicted,0.96525156498
zhao-vaccine-82adf1f14fa8a979,DeepHLApan,1.1.1@ac1f4beb,immunogenicity,0.309191972017,higher,predicted,0.997983753681
zhao-vaccine-901263935668805b,DeepHLApan,1.1.1@ac1f4beb,immunogenicity,0.0264491494745,higher,predicted,0.992749035358
zhao-vaccine-74933d8cbe88ccd3,DeepHLApan,1.1.1@ac1f4beb,immunogenicity,0.295515060425,higher,predicted,0.938257098198
zhao-vaccine-a5f23bb559b34bec,DeepHLApan,1.1.1@ac1f4beb,immunogenicity,0.188725247979,higher,predicted,0.961956143379
zhao-vaccine-f6fad87ef2b47eb9,DeepHLApan,1.1.1@ac1f4beb,immunogenicity,0.886161208153,higher,predicted,0.998890519142
zhao-vaccine-0262934196cb9e41,DeepHLApan,1.1.1@ac1f4beb,immunogenicity,0.193958908319,higher,predicted,0.949729323387
zhao-vaccine-1b06ec46d9433877,DeepHLApan,1.1.1@ac1f4beb,immunogenicity,0.835951507092,higher,predicted,0.786170184612
zhao-vaccine-7b2afc20a6b058a9,DeepHLApan,1.1.1@ac1f4beb,immunogenicity,0.636776447296,higher,predicted,0.943451404572
zhao-vaccine-baae71af4bb9e079,DeepHLApan,1.1.1@ac1f4beb,immunogenicity,0.078870639205,higher,predicted,0.986691355705
zhao-vaccine-7a024abbd4a188e0,DeepHLApan,1.1.1@ac1f4beb,immunogenicity,0.670400798321,higher,predicted,0.996657729149
zhao-vaccine-19d5e810431b3469,DeepHLApan,1.1.1@ac1f4beb,immunogenicity,0.714935481548,higher,predicted,0.985567569733
zhao-vaccine-f7e33e7285d5153f,DeepHLApan,1.1.1@ac1f4beb,immunogenicity,0.0374796763062,higher,predicted,0.993802428246
zhao-vaccine-4047f64ca9c106e4,DeepHLApan,1.1.1@ac1f4beb,immunogenicity,0.86087167263,higher,predicted,0.994480311871
zhao-vaccine-847c20e7477bba02,DeepHLApan,1.1.1@ac1f4beb,immunogenicity,0.850194811821,higher,predicted,0.953034222126
zhao-vaccine-bb485ecb0ce26b91,DeepHLApan,1.1.1@ac1f4beb,immunogenicity,0.926290154457,higher,predicted,0.971451759338
zhao-vaccine-c05bac34add61bb1,DeepHLApan,1.1.1@ac1f4beb,immunogenicity,0.908444285393,higher,predicted,0.88886231184
zhao-vaccine-5534446f3d190f70,DeepHLApan,1.1.1@ac1f4beb,immunogenicity,0.829301655293,higher,predicted,0.989696800709
zhao-vaccine-53388bac37626a87,DeepHLApan,1.1.1@ac1f4beb,immunogenicity,0.742049098015,higher,predicted,0.988562583923
zhao-vaccine-8abf1996ba692904,DeepHLApan,1.1.1@ac1f4beb,immunogenicity,0.937526702881,higher,predicted,0.907946884632
zhao-vaccine-757ae8492c22eb3f,DeepHLApan,1.1.1@ac1f4beb,immunogenicity,0.776936888695,higher,predicted,0.965417385101
zhao-vaccine-3ea5228db64f8d96,DeepHLApan,1.1.1@ac1f4beb,immunogenicity,0.769207596779,higher,predicted,0.990525126457
zhao-vaccine-4790475ca217608e,DeepHLApan,1.1.1@ac1f4beb,immunogenicity,0.860669136047,higher,predicted,0.879161477089
zhao-vaccine-afd5e19a1b147b9a,DeepHLApan,1.1.1@ac1f4beb,immunogenicity,0.0141028342769,higher,predicted,0.992733955383
zhao-vaccine-6cab74d4a96292f4,DeepHLApan,1.1.1@ac1f4beb,immunogenicity,0.360421836376,higher,predicted,0.977298557758
zhao-vaccine-0f291bbc2c7c1b5f,DeepHLApan,1.1.1@ac1f4beb,immunogenicity,0.547621846199,higher,predicted,0.99467754364
zhao-vaccine-a7aa287de24c9826,DeepHLApan,1.1.1@ac1f4beb,immunogenicity,0.468533933163,higher,predicted,0.992038249969
zhao-vaccine-f1f94e300dd118aa,DeepHLApan,1.1.1@ac1f4beb,immunogenicity,0.70873016119,higher,predicted,0.998633205891
zhao-vaccine-e6b1f83b3277b8d9,DeepHLApan,1.1.1@ac1f4beb,immunogenicity,0.453493505716,higher,predicted,0.996245026588
zhao-vaccine-dd6ecef799be6c63,DeepHLApan,1.1.1@ac1f4beb,immunogenicity,0.0986026078463,higher,predicted,0.926771759987
zhao-vaccine-f55395eba5409875,DeepHLApan,1.1.1@ac1f4beb,immunogenicity,0.266970962286,higher,predicted,0.985237002373
zhao-vaccine-b9a94da25e365890,DeepHLApan,1.1.1@ac1f4beb,immunogenicity,0.954763770103,higher,predicted,0.998182654381
zhao-vaccine-a049a2f2e4b35180,DeepHLApan,1.1.1@ac1f4beb,immunogenicity,0.450928390026,higher,predicted,0.997856497765
zhao-vaccine-13d286ba01d0a83e,DeepHLApan,1.1.1@ac1f4beb,immunogenicity,0.548711121082,higher,predicted,0.853722453117
zhao-vaccine-b038f5f750d38efd,DeepHLApan,1.1.1@ac1f4beb,immunogenicity,0.854397773743,higher,predicted,0.966563224792
zhao-vaccine-d748dbaed29682c9,DeepHLApan,1.1.1@ac1f4beb,immunogenicity,0.373522281647,higher,predicted,0.946243405342
zhao-vaccine-9ee1859f9bbf0ae8,DeepHLApan,1.1.1@ac1f4beb,immunogenicity,0.812061429024,higher,predicted,0.959438621998
zhao-vaccine-2fdfa797ea37ce66,DeepHLApan,1.1.1@ac1f4beb,immunogenicity,0.365918248892,higher,predicted,0.942842006683
zhao-vaccine-b2c9e6232941da23,DeepHLApan,1.1.1@ac1f4beb,immunogenicity,0.835553348064,higher,predicted,0.999818623066
zhao-vaccine-6091222d399811e6,DeepHLApan,1.1.1@ac1f4beb,immunogenicity,0.205779463053,higher,predicted,0.983102023602
zhao-vaccine-1b161db2ed733492,DeepHLApan,1.1.1@ac1f4beb,immunogenicity,0.0574333965778,higher,predicted,0.958638846874
zhao-vaccine-263acd72c8883e72,DeepHLApan,1.1.1@ac1f4beb,immunogenicity,0.237533926964,higher,predicted,0.98572063446
zhao-vaccine-ea9b42df33b35136,DeepHLApan,1.1.1@ac1f4beb,immunogenicity,0.313511520624,higher,predicted,0.992133438587
zhao-vaccine-ac1f5e7f4a167598,DeepHLApan,1.1.1@ac1f4beb,immunogenicity,0.588548660278,higher,predicted,0.997184753418
zhao-vaccine-908da7f0c6dbf27e,DeepHLApan,1.1.1@ac1f4beb,immunogenicity,0.559511065483,higher,predicted,0.99738073349
zhao-vaccine-031c5d86a2e63417,DeepHLApan,1.1.1@ac1f4beb,immunogenicity,0.816384792328,higher,predicted,0.989311516285
zhao-vaccine-4795d6108b3fcf2f,DeepHLApan,1.1.1@ac1f4beb,immunogenicity,0.592472434044,higher,predicted,0.972596943378
zhao-vaccine-805f739bbbe2a085,DeepHLApan,1.1.1@ac1f4beb,immunogenicity,0.194897174835,higher,predicted,0.979555428028
zhao-vaccine-70221838fed9296f,DeepHLApan,1.1.1@ac1f4beb,immunogenicity,0.153212204576,higher,predicted,0.995947360992
zhao-vaccine-cd42d37b5144c969,DeepHLApan,1.1.1@ac1f4beb,immunogenicity,0.042397338897,higher,predicted,0.984810709953
zhao-vaccine-798e8c8cb4ead921,DeepHLApan,1.1.1@ac1f4beb,immunogenicity,0.111983969808,higher,predicted,0.973272919655
zhao-vaccine-709599a72a22a926,DeepHLApan,1.1.1@ac1f4beb,immunogenicity,0.000211424048757,higher,predicted,0.99996817112
zhao-vaccine-fec3c5b2df774825,DeepHLApan,1.1.1@ac1f4beb,immunogenicity,0.128342166543,higher,predicted,0.99466830492
zhao-vaccine-5a89d94cd81780a6,DeepHLApan,1.1.1@ac1f4beb,immunogenicity,0.527114748955,higher,predicted,0.919068157673
zhao-vaccine-09ee401936c37fa7,DeepHLApan,1.1.1@ac1f4beb,immunogenicity,0.90257370472,higher,predicted,0.999559998512
zhao-vaccine-5b3d89b46098fe58,DeepHLApan,1.1.1@ac1f4beb,immunogenicity,0.909452140331,higher,predicted,0.999649047852
zhao-vaccine-4d3d09eb60c5f34b,DeepHLApan,1.1.1@ac1f4beb,immunogenicity,0.382654726505,higher,predicted,0.863279163837
zhao-vaccine-a328e5fc04a430e3,DeepHLApan,1.1.1@ac1f4beb,immunogenicity,0.681209445,higher,predicted,0.88626563549
zhao-vaccine-fccb7f3ae8f5c7ed,DeepHLApan,1.1.1@ac1f4beb,immunogenicity,0.512611269951,higher,predicted,0.996858000755
zhao-vaccine-915adc2bcd8e9f65,DeepHLApan,1.1.1@ac1f4beb,immunogenicity,0.63948738575,higher,predicted,0.996521830559
zhao-vaccine-2850ba32b283001a,DeepHLApan,1.1.1@ac1f4beb,immunogenicity,0.658622503281,higher,predicted,0.894473075867
zhao-vaccine-cd86df511d584650,DeepHLApan,1.1.1@ac1f4beb,immunogenicity,0.67433398962,higher,predicted,0.892840981483
zhao-vaccine-8efa39564b99c4a6,DeepHLApan,1.1.1@ac1f4beb,immunogenicity,0.61943167448,higher,predicted,0.985295772552
zhao-vaccine-4ad340d38191a34c,DeepHLApan,1.1.1@ac1f4beb,immunogenicity,0.375780254602,higher,predicted,0.979765534401
zhao-vaccine-f8ee8bb521237a3f,DeepHLApan,1.1.1@ac1f4beb,immunogenicity,0.222111791372,higher,predicted,0.991931438446
zhao-vaccine-3f67c407a7230fb3,DeepHLApan,1.1.1@ac1f4beb,immunogenicity,0.585165858269,higher,predicted,0.980943202972
zhao-vaccine-d6255db4b7fdd63b,DeepHLApan,1.1.1@ac1f4beb,immunogenicity,0.617039442062,higher,predicted,0.986389458179
zhao-vaccine-d8c6932c34ad2191,DeepHLApan,1.1.1@ac1f4beb,immunogenicity,0.560918688774,higher,predicted,0.943671226501
zhao-vaccine-a3601d5320ed6e38,DeepHLApan,1.1.1@ac1f4beb,immunogenicity,0.458470731974,higher,predicted,0.998286128044
zhao-vaccine-86b69c161becb07f,DeepHLApan,1.1.1@ac1f4beb,immunogenicity,0.960260689259,higher,predicted,0.974212288857
zhao-vaccine-8025dcb106d1995a,DeepHLApan,1.1.1@ac1f4beb,immunogenicity,0.964707255363,higher,predicted,0.999637305737
zhao-vaccine-b97bb436ed02cdf5,DeepHLApan,1.1.1@ac1f4beb,immunogenicity,0.989739716053,higher,predicted,0.981557488441
zhao-vaccine-f363bfe0d8b4dd32,DeepHLApan,1.1.1@ac1f4beb,immunogenicity,0.233040213585,higher,predicted,0.998309731483
zhao-vaccine-0fba2a8bc58d9236,DeepHLApan,1.1.1@ac1f4beb,immunogenicity,0.98353177309,higher,predicted,0.999689936638
zhao-vaccine-2e34af137aef944c,DeepHLApan,1.1.1@ac1f4beb,immunogenicity,0.587407648563,higher,predicted,0.997867703438
zhao-vaccine-181e81b5e44272c6,DeepHLApan,1.1.1@ac1f4beb,immunogenicity,0.932100474834,higher,predicted,0.998692512512
zhao-vaccine-bfd366de75e0e09e,DeepHLApan,1.1.1@ac1f4beb,immunogenicity,0.900557041168,higher,predicted,0.934573054314
zhao-vaccine-87c75460d38d08e9,DeepHLApan,1.1.1@ac1f4beb,immunogenicity,0.706928789616,higher,predicted,0.704500317574
zhao-vaccine-30adaa3969782222,DeepHLApan,1.1.1@ac1f4beb,immunogenicity,0.292881399393,higher,predicted,0.987633109093
zhao-vaccine-63fd3942caea490b,DeepHLApan,1.1.1@ac1f4beb,immunogenicity,0.0494248494506,higher,predicted,0.992722213268
zhao-vaccine-24d2d07ca8e2377f,DeepHLApan,1.1.1@ac1f4beb,immunogenicity,0.993955731392,higher,predicted,0.998478889465
zhao-vaccine-fcaca752fcb71c95,DeepHLApan,1.1.1@ac1f4beb,immunogenicity,0.976345062256,higher,predicted,0.999632835388
zhao-vaccine-cc83beed24066d27,DeepHLApan,1.1.1@ac1f4beb,immunogenicity,0.344364821911,higher,predicted,0.956328690052
zhao-vaccine-3dc3a5fedb44c738,DeepHLApan,1.1.1@ac1f4beb,immunogenicity,0.884742617607,higher,predicted,0.933374047279
zhao-vaccine-61e2eb896e39a71a,DeepHLApan,1.1.1@ac1f4beb,immunogenicity,0.133420735598,higher,predicted,0.993137657642
zhao-vaccine-a2baf0b885265cc4,DeepHLApan,1.1.1@ac1f4beb,immunogenicity,0.15544077754,higher,predicted,0.993105888367
zhao-vaccine-723c07672285f426,DeepHLApan,1.1.1@ac1f4beb,immunogenicity,0.800557136536,higher,predicted,0.939710259438
zhao-vaccine-21600a4722a9456b,DeepHLApan,1.1.1@ac1f4beb,immunogenicity,0.65374481678,higher,predicted,0.993249237537
zhao-vaccine-41e40bf9c0cef1b9,DeepHLApan,1.1.1@ac1f4beb,immunogenicity,0.976853966713,higher,predicted,0.936548531055
zhao-vaccine-f772d44d15868d84,DeepHLApan,1.1.1@ac1f4beb,immunogenicity,0.085259526968,higher,predicted,0.966691374779
zhao-vaccine-c06a6c0b6ba9ccc2,DeepHLApan,1.1.1@ac1f4beb,immunogenicity,6.88352374709e-05,higher,predicted,0.971636891365
zhao-vaccine-882a48551f5bbe82,DeepHLApan,1.1.1@ac1f4beb,immunogenicity,0.950451672077,higher,predicted,0.848807513714
zhao-vaccine-938e8eb3b62a04fa,DeepHLApan,1.1.1@ac1f4beb,immunogenicity,0.0582694895566,higher,predicted,0.992370009422
zhao-vaccine-44db9eff40c7ac4b,DeepHLApan,1.1.1@ac1f4beb,immunogenicity,0.645870983601,higher,predicted,0.990276634693
zhao-vaccine-3c10f98fea9749ac,DeepHLApan,1.1.1@ac1f4beb,immunogenicity,0.769111275673,higher,predicted,0.862597167492
zhao-vaccine-412fd5789a6e82ab,DeepHLApan,1.1.1@ac1f4beb,immunogenicity,0.430924981833,higher,predicted,0.950152277946
zhao-vaccine-2c13df52c9d6fdf1,DeepHLApan,1.1.1@ac1f4beb,immunogenicity,0.974964022636,higher,predicted,0.990675926208
zhao-vaccine-22c079fe2694c804,DeepHLApan,1.1.1@ac1f4beb,immunogenicity,0.458859205246,higher,predicted,0.998492360115
zhao-vaccine-cd526b2c1907ac73,DeepHLApan,1.1.1@ac1f4beb,immunogenicity,0.446499109268,higher,predicted,0.96484452486
zhao-vaccine-8ac5cf800546df58,DeepHLApan,1.1.1@ac1f4beb,immunogenicity,0.976660430431,higher,predicted,0.98514688015
zhao-vaccine-00c1dcc185bde872,DeepHLApan,1.1.1@ac1f4beb,immunogenicity,0.913417935371,higher,predicted,0.999693751335
zhao-vaccine-d78fee591be503a1,DeepHLApan,1.1.1@ac1f4beb,immunogenicity,0.419329345226,higher,predicted,0.981085896492
zhao-vaccine-09b6e33926787118,DeepHLApan,1.1.1@ac1f4beb,immunogenicity,0.397884309292,higher,predicted,0.94836217165
zhao-vaccine-a8525b43cfc364ce,DeepHLApan,1.1.1@ac1f4beb,immunogenicity,0.274480462074,higher,predicted,0.994374275208
zhao-vaccine-65294b91c49a1a7d,DeepHLApan,1.1.1@ac1f4beb,immunogenicity,0.000855318096001,higher,predicted,0.989146113396
zhao-vaccine-2ff4768cbbf94e4c,DeepHLApan,1.1.1@ac1f4beb,immunogenicity,0.0617480278015,higher,predicted,0.999806702137
zhao-vaccine-01cd981de90c3d60,DeepHLApan,1.1.1@ac1f4beb,immunogenicity,0.82570374012,higher,predicted,0.999621212482
zhao-vaccine-e43e167f3e1e4297,DeepHLApan,1.1.1@ac1f4beb,immunogenicity,0.373993188143,higher,predicted,0.977484405041
zhao-vaccine-4eddbf01a9786d30,DeepHLApan,1.1.1@ac1f4beb,immunogenicity,0.00212056050077,higher,predicted,0.98520553112
zhao-vaccine-fa0115a2ee0cdc16,DeepHLApan,1.1.1@ac1f4beb,immunogenicity,0.332659780979,higher,predicted,0.99963837862
zhao-vaccine-18899191312d29f0,DeepHLApan,1.1.1@ac1f4beb,immunogenicity,0.650776684284,higher,predicted,0.971254527569
zhao-vaccine-06be400bb4a0453e,DeepHLApan,1.1.1@ac1f4beb,immunogenicity,0.983041584492,higher,predicted,0.983228564262
zhao-vaccine-e0b596dc1a05778f,DeepHLApan,1.1.1@ac1f4beb,immunogenicity,0.507840633392,higher,predicted,0.992907226086
zhao-vaccine-1c4bbb79c97e8575,DeepHLApan,1.1.1@ac1f4beb,immunogenicity,0.600932121277,higher,predicted,0.908194541931
zhao-vaccine-a9bbd7265634e145,DeepHLApan,1.1.1@ac1f4beb,immunogenicity,0.125887066126,higher,predicted,0.9382173419
zhao-vaccine-bb6eb34428fdcc0c,DeepHLApan,1.1.1@ac1f4beb,immunogenicity,0.991171061993,higher,predicted,0.99829864502
zhao-vaccine-bc0a1780a417046d,DeepHLApan,1.1.1@ac1f4beb,immunogenicity,0.361978918314,higher,predicted,0.95972442627
zhao-vaccine-b30a776cdfe26224,DeepHLApan,1.1.1@ac1f4beb,immunogenicity,0.00378602812998,higher,predicted,0.983412623405
zhao-vaccine-76fda69f2421b833,DeepHLApan,1.1.1@ac1f4beb,immunogenicity,0.52560198307,higher,predicted,0.998049080372
zhao-vaccine-9360840d0776a1aa,DeepHLApan,1.1.1@ac1f4beb,immunogenicity,0.485411643982,higher,predicted,0.998049736023
zhao-vaccine-ba1d9463aef66318,DeepHLApan,1.1.1@ac1f4beb,immunogenicity,0.217242330313,higher,predicted,0.996547698975
zhao-vaccine-809ea96fe6eff952,DeepHLApan,1.1.1@ac1f4beb,immunogenicity,0.941151022911,higher,predicted,0.944315731525
zhao-vaccine-ab50749b1824253d,DeepHLApan,1.1.1@ac1f4beb,immunogenicity,0.863082051277,higher,predicted,0.998977065086
zhao-vaccine-0a9d514e34065af1,DeepHLApan,1.1.1@ac1f4beb,immunogenicity,0.980003356934,higher,predicted,0.99429666996
zhao-vaccine-7cb7f9d86207d395,DeepHLApan,1.1.1@ac1f4beb,immunogenicity,0.989728927612,higher,predicted,0.990151405334
zhao-vaccine-1d6dc5a561493d8b,DeepHLApan,1.1.1@ac1f4beb,immunogenicity,0.877832055092,higher,predicted,0.999551773071
zhao-vaccine-0f2474dc1098b847,DeepHLApan,1.1.1@ac1f4beb,immunogenicity,0.880588054657,higher,predicted,0.993666470051
zhao-vaccine-93437d0ca6cc3f4a,DeepHLApan,1.1.1@ac1f4beb,immunogenicity,0.791460633278,higher,predicted,0.997193217278
zhao-vaccine-7cefccc42174ee95,DeepHLApan,1.1.1@ac1f4beb,immunogenicity,0.637622833252,higher,predicted,0.997977137566
zhao-vaccine-079ef0271ac9e975,DeepHLApan,1.1.1@ac1f4beb,immunogenicity,0.645534992218,higher,predicted,0.906458258629
zhao-vaccine-b41967fa4cf49b25,DeepHLApan,1.1.1@ac1f4beb,immunogenicity,0.882606387138,higher,predicted,0.999290168285
zhao-vaccine-946ddf2c6a43b996,DeepHLApan,1.1.1@ac1f4beb,immunogenicity,0.462843984365,higher,predicted,0.984075188637
zhao-vaccine-722b8a2ea5f24a03,DeepHLApan,1.1.1@ac1f4beb,immunogenicity,0.527341485023,higher,predicted,0.992963910103
zhao-vaccine-3626f70f7a07035f,DeepHLApan,1.1.1@ac1f4beb,immunogenicity,0.625692248344,higher,predicted,0.976939499378
zhao-vaccine-8cabf7e977217886,DeepHLApan,1.1.1@ac1f4beb,immunogenicity,0.0214340742677,higher,predicted,0.992059111595
zhao-vaccine-7228155ba0aa5c5f,DeepHLApan,1.1.1@ac1f4beb,immunogenicity,0.213431760669,higher,predicted,0.989506602287
zhao-vaccine-0ba58e68d7f5133b,DeepHLApan,1.1.1@ac1f4beb,immunogenicity,0.00111690955237,higher,predicted,0.999350249767
zhao-vaccine-e4deb194a1357a71,DeepHLApan,1.1.1@ac1f4beb,immunogenicity,0.00277491798624,higher,predicted,0.99866092205
zhao-vaccine-19c376b64f0b1de2,DeepHLApan,1.1.1@ac1f4beb,immunogenicity,0.981824100018,higher,predicted,0.991741001606
zhao-vaccine-140491b1fa68941f,DeepHLApan,1.1.1@ac1f4beb,immunogenicity,0.0018225631211,higher,predicted,0.999731838703
zhao-vaccine-151f78b5a753d106,DeepHLApan,1.1.1@ac1f4beb,immunogenicity,0.000806088733952,higher,predicted,0.975956618786
zhao-vaccine-eb0ad728400653ac,DeepHLApan,1.1.1@ac1f4beb,immunogenicity,0.470473945141,higher,predicted,0.996004283428
zhao-vaccine-99f8df5e12f8b46e,DeepHLApan,1.1.1@ac1f4beb,immunogenicity,0.475293546915,higher,predicted,0.989515006542
zhao-vaccine-40fbb3f28a53a8a7,DeepHLApan,1.1.1@ac1f4beb,immunogenicity,0.0672332122922,higher,predicted,0.992702782154
zhao-vaccine-82a23958d254b203,DeepHLApan,1.1.1@ac1f4beb,immunogenicity,0.347504913807,higher,predicted,0.99026286602
zhao-vaccine-713689999ba72283,DeepHLApan,1.1.1@ac1f4beb,immunogenicity,0.306221306324,higher,predicted,0.995497524738
zhao-vaccine-a575ae6fd2b17237,DeepHLApan,1.1.1@ac1f4beb,immunogenicity,0.788046181202,higher,predicted,0.982384502888
zhao-vaccine-95fd7c896d0867e5,DeepHLApan,1.1.1@ac1f4beb,immunogenicity,0.69561290741,higher,predicted,0.995452404022
zhao-vaccine-d4a4ca1acb79296d,DeepHLApan,1.1.1@ac1f4beb,immunogenicity,0.496827989817,higher,predicted,0.954840481281
zhao-vaccine-c1207e03b56471ef,DeepHLApan,1.1.1@ac1f4beb,immunogenicity,0.0076807118021,higher,predicted,0.973203063011
zhao-vaccine-5471c61d183ccb8a,DeepHLApan,1.1.1@ac1f4beb,immunogenicity,0.0584948547184,higher,predicted,0.997455716133
zhao-vaccine-3747b31ac9667d99,DeepHLApan,1.1.1@ac1f4beb,immunogenicity,0.0246773976833,higher,predicted,0.997049629688
zhao-vaccine-2ac9c0797079a8f8,DeepHLApan,1.1.1@ac1f4beb,immunogenicity,0.271214783192,higher,predicted,0.998271346092
zhao-vaccine-cea4c99c6b575a84,DeepHLApan,1.1.1@ac1f4beb,immunogenicity,0.141724422574,higher,predicted,0.942980408669
zhao-vaccine-c65e76b58623ec6f,DeepHLApan,1.1.1@ac1f4beb,immunogenicity,0.00203371234238,higher,predicted,0.989180386066
zhao-vaccine-30cffa2eae82fc65,DeepHLApan,1.1.1@ac1f4beb,immunogenicity,0.913724899292,higher,predicted,0.997780799866
zhao-vaccine-5271e489e168317d,DeepHLApan,1.1.1@ac1f4beb,immunogenicity,0.526804089546,higher,predicted,0.999332249165
zhao-vaccine-c869d0ab10b4d9c8,DeepHLApan,1.1.1@ac1f4beb,immunogenicity,0.774764001369,higher,predicted,0.999667167664
zhao-vaccine-5de825ff36eeb4cd,DeepHLApan,1.1.1@ac1f4beb,immunogenicity,0.411784112453,higher,predicted,0.993967533112
zhao-vaccine-8a1df542b0c6078e,DeepHLApan,1.1.1@ac1f4beb,immunogenicity,0.79421889782,higher,predicted,0.721678256989
zhao-vaccine-b97c99a9a7b58e43,DeepHLApan,1.1.1@ac1f4beb,immunogenicity,0.374108105898,higher,predicted,0.980229556561
zhao-vaccine-eae16822f375c784,DeepHLApan,1.1.1@ac1f4beb,immunogenicity,0.842584252357,higher,predicted,0.996230781078
zhao-vaccine-84d0fd643fa679a7,DeepHLApan,1.1.1@ac1f4beb,immunogenicity,0.730225861073,higher,predicted,0.994251430035
zhao-vaccine-47c911d1a48723c2,DeepHLApan,1.1.1@ac1f4beb,immunogenicity,0.766538500786,higher,predicted,0.980883896351
zhao-vaccine-00a60dae88e48c26,DeepHLApan,1.1.1@ac1f4beb,immunogenicity,0.927150905132,higher,predicted,0.998284339905
zhao-vaccine-d8a8dac7ed33ad24,DeepHLApan,1.1.1@ac1f4beb,immunogenicity,0.711595714092,higher,predicted,0.971611976624
zhao-vaccine-1f30d870df77aaaf,DeepHLApan,1.1.1@ac1f4beb,immunogenicity,0.979740977287,higher,predicted,0.999816715717
zhao-vaccine-d2ce7cae6d60843b,DeepHLApan,1.1.1@ac1f4beb,immunogenicity,0.0420724749565,higher,predicted,0.998822212219
zhao-vaccine-9041951216454b7e,DeepHLApan,1.1.1@ac1f4beb,immunogenicity,0.00563052669168,higher,predicted,0.998429954052
zhao-vaccine-30d18a9534ed46fd,DeepHLApan,1.1.1@ac1f4beb,immunogenicity,0.0736644864082,higher,predicted,0.99653750658
zhao-vaccine-0694786ec4b3bbc4,DeepHLApan,1.1.1@ac1f4beb,immunogenicity,0.338490635157,higher,predicted,0.97545671463
zhao-vaccine-20ff43cf2c8610ca,DeepHLApan,1.1.1@ac1f4beb,immunogenicity,0.781706571579,higher,predicted,0.986846268177
zhao-vaccine-022a87c5e80b550a,DeepHLApan,1.1.1@ac1f4beb,immunogenicity,0.941886901855,higher,predicted,0.98843985796
zhao-vaccine-3dbb935d8070d9d5,DeepHLApan,1.1.1@ac1f4beb,immunogenicity,0.126882761717,higher,predicted,0.986099839211
zhao-vaccine-0702ce1c17bfdb8a,DeepHLApan,1.1.1@ac1f4beb,immunogenicity,0.979372799397,higher,predicted,0.996417403221
zhao-vaccine-c35a927cccb1663e,DeepHLApan,1.1.1@ac1f4beb,immunogenicity,0.51668959856,higher,predicted,0.97969597578
zhao-vaccine-60384e36ea732f65,DeepHLApan,1.1.1@ac1f4beb,immunogenicity,0.870762705803,higher,predicted,0.995650649071
zhao-vaccine-e78c9fc98da01c4d,DeepHLApan,1.1.1@ac1f4beb,immunogenicity,0.82001131773,higher,predicted,0.892833709717
zhao-vaccine-150c426926b7bf2c,DeepHLApan,1.1.1@ac1f4beb,immunogenicity,0.866573929787,higher,predicted,0.991645216942
zhao-vaccine-6862cd4e653c1828,DeepHLApan,1.1.1@ac1f4beb,immunogenicity,0.184775173664,higher,predicted,0.995820522308
zhao-vaccine-5906d463321eec30,DeepHLApan,1.1.1@ac1f4beb,immunogenicity,0.486872583628,higher,predicted,0.716940283775
zhao-vaccine-d838759e43906b9e,DeepHLApan,1.1.1@ac1f4beb,immunogenicity,0.594361960888,higher,predicted,0.981284737587
zhao-vaccine-f56a3859d007d5ea,DeepHLApan,1.1.1@ac1f4beb,immunogenicity,0.493839681149,higher,predicted,0.906390845776
zhao-vaccine-8dad62203483ce1a,DeepHLApan,1.1.1@ac1f4beb,immunogenicity,0.455096632242,higher,predicted,0.894799888134
zhao-vaccine-0297677f678e6640,DeepHLApan,1.1.1@ac1f4beb,immunogenicity,0.933435797691,higher,predicted,0.988626182079
zhao-vaccine-0cc663f1083811c9,DeepHLApan,1.1.1@ac1f4beb,immunogenicity,0.628923118114,higher,predicted,0.97042620182
zhao-vaccine-234211c4399c1179,DeepHLApan,1.1.1@ac1f4beb,immunogenicity,0.795830726624,higher,predicted,0.995369136333
zhao-vaccine-70b77e7605ec1014,DeepHLApan,1.1.1@ac1f4beb,immunogenicity,0.585771381855,higher,predicted,0.728822410107
zhao-vaccine-94637f4b40db0bae,DeepHLApan,1.1.1@ac1f4beb,immunogenicity,0.721603810787,higher,predicted,0.84589356184
zhao-vaccine-8df3abe30ada419b,DeepHLApan,1.1.1@ac1f4beb,immunogenicity,0.927567124367,higher,predicted,0.999680399895
zhao-vaccine-1349900b079f91d5,DeepHLApan,1.1.1@ac1f4beb,immunogenicity,0.881345927715,higher,predicted,0.996716618538
zhao-vaccine-180865673008432f,DeepHLApan,1.1.1@ac1f4beb,immunogenicity,0.905309021473,higher,predicted,0.993732094765
zhao-vaccine-59d5c53567b1f4e7,DeepHLApan,1.1.1@ac1f4beb,immunogenicity,0.904730200768,higher,predicted,0.999850153923
zhao-vaccine-9237ce7aebed61e3,DeepHLApan,1.1.1@ac1f4beb,immunogenicity,0.943223118782,higher,predicted,0.999485492706
zhao-vaccine-ef3ae58ddf2195b0,DeepHLApan,1.1.1@ac1f4beb,immunogenicity,0.507840633392,higher,predicted,0.992907226086
zhao-vaccine-c8db98bd41f0a9df,DeepHLApan,1.1.1@ac1f4beb,immunogenicity,0.0296181328595,higher,predicted,0.990699887276
zhao-vaccine-37e68b546abd5711,DeepHLApan,1.1.1@ac1f4beb,immunogenicity,0.300450950861,higher,predicted,0.982512831688
zhao-vaccine-645528354f0b9832,DeepHLApan,1.1.1@ac1f4beb,immunogenicity,0.831064581871,higher,predicted,0.992773652077
zhao-vaccine-06ac4a5ed97705c5,DeepHLApan,1.1.1@ac1f4beb,immunogenicity,0.0617822408676,higher,predicted,0.987287521362
zhao-vaccine-cdc58305626f8a76,DeepHLApan,1.1.1@ac1f4beb,immunogenicity,0.0282779820263,higher,predicted,0.997019946575
zhao-vaccine-1bb5454d726123c4,DeepHLApan,1.1.1@ac1f4beb,immunogenicity,0.502606749535,higher,predicted,0.998669803143
zhao-vaccine-fc412ba0fecbdccb,DeepHLApan,1.1.1@ac1f4beb,immunogenicity,0.0408580824733,higher,predicted,0.855600714684
zhao-vaccine-dc825f8473ec39fd,DeepHLApan,1.1.1@ac1f4beb,immunogenicity,0.332067102194,higher,predicted,0.987147450447
zhao-vaccine-df4c8617f3823d34,DeepHLApan,1.1.1@ac1f4beb,immunogenicity,0.460498005152,higher,predicted,0.991442024708
zhao-vaccine-5536d9cd51935a7c,DeepHLApan,1.1.1@ac1f4beb,immunogenicity,0.322376638651,higher,predicted,0.986926853657
zhao-vaccine-b38adf1a34a10357,DeepHLApan,1.1.1@ac1f4beb,immunogenicity,0.0928355902433,higher,predicted,0.958437144756
zhao-vaccine-aaddee91634b4a65,DeepHLApan,1.1.1@ac1f4beb,immunogenicity,0.0142668634653,higher,predicted,0.47080975771
zhao-vaccine-3fefaf7cf6c662cd,DeepHLApan,1.1.1@ac1f4beb,immunogenicity,0.991957306862,higher,predicted,0.998754680157
zhao-vaccine-6628e04f9ddbfbf6,DeepHLApan,1.1.1@ac1f4beb,immunogenicity,0.37353810668,higher,predicted,0.993966221809
zhao-vaccine-28b6cea5f1f503f6,DeepHLApan,1.1.1@ac1f4beb,immunogenicity,0.14156845212,higher,predicted,0.995207428932
zhao-vaccine-7a5eaeb9f38eb2a5,DeepHLApan,1.1.1@ac1f4beb,immunogenicity,0.976521015167,higher,predicted,0.999809145927
zhao-vaccine-4634de9646f305ec,DeepHLApan,1.1.1@ac1f4beb,immunogenicity,0.697477519512,higher,predicted,0.981196701527
zhao-vaccine-7afd3356d2ec51b0,DeepHLApan,1.1.1@ac1f4beb,immunogenicity,0.0148709444329,higher,predicted,0.989853262901
zhao-vaccine-fefd263d2f7f6e4b,DeepHLApan,1.1.1@ac1f4beb,immunogenicity,0.595550179482,higher,predicted,0.998540043831
zhao-vaccine-006db7f66708b833,DeepHLApan,1.1.1@ac1f4beb,immunogenicity,0.494732677937,higher,predicted,0.967633366585
zhao-vaccine-546e2eb178b315b1,DeepHLApan,1.1.1@ac1f4beb,immunogenicity,0.983263671398,higher,predicted,0.997898578644
zhao-vaccine-40088cdb03109f67,DeepHLApan,1.1.1@ac1f4beb,immunogenicity,0.985528111458,higher,predicted,0.863759338856
zhao-vaccine-1e1164e9839091cb,DeepHLApan,1.1.1@ac1f4beb,immunogenicity,0.981715321541,higher,predicted,0.924145698547
zhao-vaccine-52757f62ded011a3,DeepHLApan,1.1.1@ac1f4beb,immunogenicity,0.978266716003,higher,predicted,0.987131595612
zhao-vaccine-8ea5312eb0adff73,DeepHLApan,1.1.1@ac1f4beb,immunogenicity,0.987867534161,higher,predicted,0.995353043079
zhao-vaccine-f1dce5f301e2336e,DeepHLApan,1.1.1@ac1f4beb,immunogenicity,0.335751742125,higher,predicted,0.998806118965
zhao-vaccine-35a88421aeb0c758,DeepHLApan,1.1.1@ac1f4beb,immunogenicity,0.86033898592,higher,predicted,0.951066017151
zhao-vaccine-f147d872726839fc,DeepHLApan,1.1.1@ac1f4beb,immunogenicity,0.47649115324,higher,predicted,0.819635689259
zhao-vaccine-b0eda9d86c2022bb,DeepHLApan,1.1.1@ac1f4beb,immunogenicity,0.789751470089,higher,predicted,0.986902356148
zhao-vaccine-5cddd1e998209590,DeepHLApan,1.1.1@ac1f4beb,immunogenicity,0.486872583628,higher,predicted,0.716940283775
zhao-vaccine-eb8ee542e0e4abb0,DeepHLApan,1.1.1@ac1f4beb,immunogenicity,0.788950920105,higher,predicted,0.997874379158
zhao-vaccine-9cbc55f563fa4d7c,DeepHLApan,1.1.1@ac1f4beb,immunogenicity,0.145733445883,higher,predicted,0.985725700855
zhao-vaccine-839fc7d85c2fdcb0,DeepHLApan,1.1.1@ac1f4beb,immunogenicity,0.83001691103,higher,predicted,0.999645113945
zhao-vaccine-0937ca06052a3e32,DeepHLApan,1.1.1@ac1f4beb,immunogenicity,0.873215317726,higher,predicted,0.994455039501
zhao-vaccine-a9b2ef34a4a4f738,DeepHLApan,1.1.1@ac1f4beb,immunogenicity,0.606160759926,higher,predicted,0.926052927971
zhao-vaccine-fcec977a276bdf8c,DeepHLApan,1.1.1@ac1f4beb,immunogenicity,0.720892250538,higher,predicted,0.971432566643
zhao-vaccine-7a09b470d60c0895,DeepHLApan,1.1.1@ac1f4beb,immunogenicity,0.833917737007,higher,predicted,0.928949952126
zhao-vaccine-3372d006c19f3cc4,DeepHLApan,1.1.1@ac1f4beb,immunogenicity,0.684239387512,higher,predicted,0.992465674877
zhao-vaccine-b40b1b13f33fc0c2,DeepHLApan,1.1.1@ac1f4beb,immunogenicity,0.361982434988,higher,predicted,0.993768870831
zhao-vaccine-45cb7fbedbb1c0c3,DeepHLApan,1.1.1@ac1f4beb,immunogenicity,0.922190964222,higher,predicted,0.998268783092
zhao-vaccine-b349d9cfc662fc3f,DeepHLApan,1.1.1@ac1f4beb,immunogenicity,0.873333752155,higher,predicted,0.998888969421
zhao-vaccine-ff806cde4c5e99e1,DeepHLApan,1.1.1@ac1f4beb,immunogenicity,0.757801413536,higher,predicted,0.997562408447
zhao-vaccine-1206dc3feba6e30e,DeepHLApan,1.1.1@ac1f4beb,immunogenicity,0.955885410309,higher,predicted,0.997959733009
zhao-vaccine-90351014ab7f9ef2,DeepHLApan,1.1.1@ac1f4beb,immunogenicity,0.973400294781,higher,predicted,0.991181731224
zhao-vaccine-b012698f34ee7444,DeepHLApan,1.1.1@ac1f4beb,immunogenicity,0.858264744282,higher,predicted,0.992111325264
zhao-vaccine-a2d6b5d52e8e2a06,DeepHLApan,1.1.1@ac1f4beb,immunogenicity,0.823728203773,higher,predicted,0.995389580727
zhao-vaccine-2a55b2b506873138,DeepHLApan,1.1.1@ac1f4beb,immunogenicity,0.936886310577,higher,predicted,0.996532440186
zhao-vaccine-0a4af062d10dde2c,DeepHLApan,1.1.1@ac1f4beb,immunogenicity,0.820705235004,higher,predicted,0.962256073952
zhao-vaccine-ba1d65802cd3eaf9,DeepHLApan,1.1.1@ac1f4beb,immunogenicity,0.821683704853,higher,predicted,0.997815012932
zhao-vaccine-6632872a0b3e448c,DeepHLApan,1.1.1@ac1f4beb,immunogenicity,0.894138455391,higher,predicted,0.95089495182
zhao-vaccine-0179e24f8724c4a2,DeepHLApan,1.1.1@ac1f4beb,immunogenicity,0.867855846882,higher,predicted,0.88357847929
zhao-vaccine-7ba3cb1c854964c6,DeepHLApan,1.1.1@ac1f4beb,immunogenicity,0.822349369526,higher,predicted,0.991400361061
zhao-vaccine-763cda9e0bb31298,DeepHLApan,1.1.1@ac1f4beb,immunogenicity,0.937310874462,higher,predicted,0.824506402016
zhao-vaccine-e22b469e68254879,DeepHLApan,1.1.1@ac1f4beb,immunogenicity,0.937719345093,higher,predicted,0.996638476849
zhao-vaccine-44063f3c8fb4dcf5,DeepHLApan,1.1.1@ac1f4beb,immunogenicity,0.533004879951,higher,predicted,0.986839413643
zhao-vaccine-d2cfccf2ae541c09,DeepHLApan,1.1.1@ac1f4beb,immunogenicity,0.216413021088,higher,predicted,0.998669326305
zhao-vaccine-64773930bac26b74,DeepHLApan,1.1.1@ac1f4beb,immunogenicity,0.0822690203786,higher,predicted,0.995250105858
zhao-vaccine-baa1ccdf328ebe08,DeepHLApan,1.1.1@ac1f4beb,immunogenicity,0.0110026812181,higher,predicted,0.994009613991
zhao-vaccine-8bcd58c46c00f5e3,DeepHLApan,1.1.1@ac1f4beb,immunogenicity,0.412851750851,higher,predicted,0.994866847992
zhao-vaccine-f3de3519292f9040,DeepHLApan,1.1.1@ac1f4beb,immunogenicity,0.0304853059351,higher,predicted,0.99494600296
zhao-vaccine-aaab17ba46dc2729,DeepHLApan,1.1.1@ac1f4beb,immunogenicity,0.776908814907,higher,predicted,0.996488451958
zhao-vaccine-dc8bf0863af81f55,DeepHLApan,1.1.1@ac1f4beb,immunogenicity,0.470979273319,higher,predicted,0.990481495857
zhao-vaccine-aef7322119dad1c7,DeepHLApan,1.1.1@ac1f4beb,immunogenicity,0.488390356302,higher,predicted,0.993458926678
zhao-vaccine-ec94cc88e5d47778,DeepHLApan,1.1.1@ac1f4beb,immunogenicity,0.592178165913,higher,predicted,0.985337376595
zhao-vaccine-0e08c8e41a1fd3bc,DeepHLApan,1.1.1@ac1f4beb,immunogenicity,0.220135614276,higher,predicted,0.999138176441
zhao-vaccine-1592302bf61f7835,DeepHLApan,1.1.1@ac1f4beb,immunogenicity,0.859659671783,higher,predicted,0.994421184063
zhao-vaccine-d94a4ac63f944c6b,DeepHLApan,1.1.1@ac1f4beb,immunogenicity,0.682531952858,higher,predicted,0.997967123985
zhao-vaccine-c483b1de01ead533,DeepHLApan,1.1.1@ac1f4beb,immunogenicity,0.679857850075,higher,predicted,0.973129749298
zhao-vaccine-9e8fc39d95a40a1f,DeepHLApan,1.1.1@ac1f4beb,immunogenicity,0.596277117729,higher,predicted,0.996008694172
zhao-vaccine-6363fe1dd915ea5b,DeepHLApan,1.1.1@ac1f4beb,immunogenicity,0.0050350073725,higher,predicted,0.977496981621
zhao-vaccine-cd64b4192a9c9894,DeepHLApan,1.1.1@ac1f4beb,immunogenicity,0.025157853961,higher,predicted,0.944342017174
zhao-vaccine-d1371927058a5898,DeepHLApan,1.1.1@ac1f4beb,immunogenicity,0.267290532589,higher,predicted,0.996018409729
zhao-vaccine-0d7bb9929488898f,DeepHLApan,1.1.1@ac1f4beb,immunogenicity,0.452805280685,higher,predicted,0.987135708332
zhao-vaccine-3679fae15754e273,DeepHLApan,1.1.1@ac1f4beb,immunogenicity,0.064284466207,higher,predicted,0.998069941998
zhao-vaccine-a33ee1dd3b2f09a1,DeepHLApan,1.1.1@ac1f4beb,immunogenicity,0.369546949863,higher,predicted,0.980957210064
zhao-vaccine-112f4a88e10feba3,DeepHLApan,1.1.1@ac1f4beb,immunogenicity,0.105484381318,higher,predicted,0.924791812897
zhao-vaccine-51e00233f3f7e7ca,DeepHLApan,1.1.1@ac1f4beb,immunogenicity,0.0274172835052,higher,predicted,0.999510467052
zhao-vaccine-a891cfc889051ef8,DeepHLApan,1.1.1@ac1f4beb,immunogenicity,0.375278323889,higher,predicted,0.999384403229
zhao-vaccine-38e000addf6f4701,DeepHLApan,1.1.1@ac1f4beb,immunogenicity,0.00407938938588,higher,predicted,0.97284424305
zhao-vaccine-a8ebe5e94913fd30,DeepHLApan,1.1.1@ac1f4beb,immunogenicity,0.892482161522,higher,predicted,0.995457828045
zhao-vaccine-ba8ad90e15f22284,DeepHLApan,1.1.1@ac1f4beb,immunogenicity,0.750022172928,higher,predicted,0.994734942913
zhao-vaccine-a825adb3986d85b1,DeepHLApan,1.1.1@ac1f4beb,immunogenicity,0.36418056488,higher,predicted,0.932349026203
zhao-vaccine-d73b9d3454d5e3ba,DeepHLApan,1.1.1@ac1f4beb,immunogenicity,0.868079662323,higher,predicted,0.983777523041
zhao-vaccine-098597d31e02ff18,DeepHLApan,1.1.1@ac1f4beb,immunogenicity,0.497835159302,higher,predicted,0.835488796234
zhao-vaccine-e17001ee68f8b2b6,DeepHLApan,1.1.1@ac1f4beb,immunogenicity,0.570190966129,higher,predicted,0.990481078625
zhao-vaccine-3821bcfab49c8dda,DeepHLApan,1.1.1@ac1f4beb,immunogenicity,0.842285633087,higher,predicted,0.822380721569
zhao-vaccine-b5376bbf72b75a70,DeepHLApan,1.1.1@ac1f4beb,immunogenicity,0.340697139502,higher,predicted,0.930147767067
zhao-vaccine-8ce3e00395eaa80f,DeepHLApan,1.1.1@ac1f4beb,immunogenicity,0.743380904198,higher,predicted,0.944129168987
zhao-vaccine-6fe2d12f3351fe80,DeepHLApan,1.1.1@ac1f4beb,immunogenicity,0.90355271101,higher,predicted,0.986724674702
zhao-vaccine-e6aa519622814498,DeepHLApan,1.1.1@ac1f4beb,immunogenicity,0.740278244019,higher,predicted,0.956735432148
zhao-vaccine-28680df863991b81,DeepHLApan,1.1.1@ac1f4beb,immunogenicity,0.510411858559,higher,predicted,0.958004593849
zhao-vaccine-3a04d026d8ca0c16,DeepHLApan,1.1.1@ac1f4beb,immunogenicity,0.702393949032,higher,predicted,0.765202641487
zhao-vaccine-8fa00450fd1bd1ea,DeepHLApan,1.1.1@ac1f4beb,immunogenicity,0.782359004021,higher,predicted,0.931628108025
zhao-vaccine-902524f8714db0a0,DeepHLApan,1.1.1@ac1f4beb,immunogenicity,0.874694466591,higher,predicted,0.97544413805
zhao-vaccine-166f9c9be7a28013,DeepHLApan,1.1.1@ac1f4beb,immunogenicity,0.578226923943,higher,predicted,0.7976796031
zhao-vaccine-d4e4cbda7eddf547,DeepHLApan,1.1.1@ac1f4beb,immunogenicity,0.497637569904,higher,predicted,0.768272638321
zhao-vaccine-1228c02b9ebad53d,DeepHLApan,1.1.1@ac1f4beb,immunogenicity,0.798436284065,higher,predicted,0.549480319023
zhao-vaccine-16bae7dd6fe15f00,DeepHLApan,1.1.1@ac1f4beb,immunogenicity,0.0048119276762,higher,predicted,0.999954879284
zhao-vaccine-85cf428a5750ca1a,DeepHLApan,1.1.1@ac1f4beb,immunogenicity,0.731177449226,higher,predicted,0.968174159527
zhao-vaccine-33fd6104c0ed9ad5,DeepHLApan,1.1.1@ac1f4beb,immunogenicity,0.00645798817277,higher,predicted,0.9999345541
zhao-vaccine-4baf337f7a2317cd,DeepHLApan,1.1.1@ac1f4beb,immunogenicity,0.515095114708,higher,predicted,0.999120533466
zhao-vaccine-77cc94148cfef17a,DeepHLApan,1.1.1@ac1f4beb,immunogenicity,0.101079069078,higher,predicted,0.998572468758
zhao-vaccine-ec860c1541ddf880,DeepHLApan,1.1.1@ac1f4beb,immunogenicity,0.966626524925,higher,predicted,0.985097110271
zhao-vaccine-ff0e778a62e2c15f,DeepHLApan,1.1.1@ac1f4beb,immunogenicity,0.0199810210615,higher,predicted,0.988784611225
zhao-vaccine-cfb615fd7a59e172,DeepHLApan,1.1.1@ac1f4beb,immunogenicity,0.087913647294,higher,predicted,0.953285217285
zhao-vaccine-0bae040f7ad64682,DeepHLApan,1.1.1@ac1f4beb,immunogenicity,0.583108782768,higher,predicted,0.970050990582
zhao-vaccine-0cf5974c881fdb74,DeepHLApan,1.1.1@ac1f4beb,immunogenicity,0.216535612941,higher,predicted,0.973727107048
zhao-vaccine-c80f6f094b695166,DeepHLApan,1.1.1@ac1f4beb,immunogenicity,0.0628492385149,higher,predicted,0.936427116394
zhao-vaccine-bed24addf506ce34,DeepHLApan,1.1.1@ac1f4beb,immunogenicity,0.152327746153,higher,predicted,0.977473855019
zhao-vaccine-dfdd9ca8c63955a9,DeepHLApan,1.1.1@ac1f4beb,immunogenicity,0.419293820858,higher,predicted,0.995144724846
zhao-vaccine-132b0e1662304a94,DeepHLApan,1.1.1@ac1f4beb,immunogenicity,0.577263116837,higher,predicted,0.993091225624
zhao-vaccine-f1a49243ae0c64e6,DeepHLApan,1.1.1@ac1f4beb,immunogenicity,0.985501170158,higher,predicted,0.988153934479
zhao-vaccine-fa380ed85f15cc2e,DeepHLApan,1.1.1@ac1f4beb,immunogenicity,0.0631918460131,higher,predicted,0.992311477661
zhao-vaccine-1dfd583f79b300b6,DeepHLApan,1.1.1@ac1f4beb,immunogenicity,0.811804950237,higher,predicted,0.999674022198
zhao-vaccine-b1ac9f609618f8ca,DeepHLApan,1.1.1@ac1f4beb,immunogenicity,0.956000506878,higher,predicted,0.999781966209
zhao-vaccine-fb673980ce81a692,DeepHLApan,1.1.1@ac1f4beb,immunogenicity,0.954234719276,higher,predicted,0.998660564423
zhao-vaccine-bc737e82b758fa39,DeepHLApan,1.1.1@ac1f4beb,immunogenicity,0.803848862648,higher,predicted,0.995227634907
zhao-vaccine-6e7ce227f1e7e95c,DeepHLApan,1.1.1@ac1f4beb,immunogenicity,0.976718127728,higher,predicted,0.999858498573
zhao-vaccine-c85c158e98c6d4ce,DeepHLApan,1.1.1@ac1f4beb,immunogenicity,0.989795207977,higher,predicted,0.999356269836
zhao-vaccine-b5643709e76f41a2,DeepHLApan,1.1.1@ac1f4beb,immunogenicity,0.972038567066,higher,predicted,0.996647536755
zhao-vaccine-c324908cc731511f,DeepHLApan,1.1.1@ac1f4beb,immunogenicity,0.608652591705,higher,predicted,0.995880246162
zhao-vaccine-e26babc136986b5c,DeepHLApan,1.1.1@ac1f4beb,immunogenicity,0.460010766983,higher,predicted,0.988287627697
zhao-vaccine-ed76349c9e2dd472,DeepHLApan,1.1.1@ac1f4beb,immunogenicity,0.363769948483,higher,predicted,0.971826672554
zhao-vaccine-f46f09dbc700467c,DeepHLApan,1.1.1@ac1f4beb,immunogenicity,0.50860863924,higher,predicted,0.997916042805
zhao-vaccine-43909cc41eef52d8,DeepHLApan,1.1.1@ac1f4beb,immunogenicity,0.0510439090431,higher,predicted,0.996233344078
zhao-vaccine-9ff097726bf7df82,DeepHLApan,1.1.1@ac1f4beb,immunogenicity,0.649623274803,higher,predicted,0.996428668499
zhao-vaccine-07cc120068811e93,DeepHLApan,1.1.1@ac1f4beb,immunogenicity,0.781057059765,higher,predicted,0.997179210186
zhao-vaccine-cb6e9da5baefeef6,DeepHLApan,1.1.1@ac1f4beb,immunogenicity,0.36242339015,higher,predicted,0.99408197403
zhao-vaccine-e42e79bfabd35285,DeepHLApan,1.1.1@ac1f4beb,immunogenicity,0.616252839565,higher,predicted,0.938863158226
zhao-vaccine-eb11477b0efd0a9d,DeepHLApan,1.1.1@ac1f4beb,immunogenicity,0.843906223774,higher,predicted,0.997658908367
zhao-vaccine-aba286679a3af33b,DeepHLApan,1.1.1@ac1f4beb,immunogenicity,0.336228698492,higher,predicted,0.996591389179
zhao-vaccine-e001077a510ea0ab,DeepHLApan,1.1.1@ac1f4beb,immunogenicity,0.572456717491,higher,predicted,0.99367582798
zhao-vaccine-8aedb3da06ef5aa9,DeepHLApan,1.1.1@ac1f4beb,immunogenicity,0.756732404232,higher,predicted,0.990063667297
zhao-vaccine-4f3da3709e858594,DeepHLApan,1.1.1@ac1f4beb,immunogenicity,0.402020603418,higher,predicted,0.992815494537
zhao-vaccine-66cf6b1fcec64658,DeepHLApan,1.1.1@ac1f4beb,immunogenicity,0.556562483311,higher,predicted,0.932127118111
zhao-vaccine-110f8acbe4b1fca8,DeepHLApan,1.1.1@ac1f4beb,immunogenicity,0.0407976135612,higher,predicted,0.999100863934
zhao-vaccine-e9a46f9004af1a7e,DeepHLApan,1.1.1@ac1f4beb,immunogenicity,0.130339026451,higher,predicted,0.999249458313
zhao-vaccine-e2051480d50651a1,DeepHLApan,1.1.1@ac1f4beb,immunogenicity,0.129324495792,higher,predicted,0.999161422253
zhao-vaccine-d8c68ff39c6d67bc,DeepHLApan,1.1.1@ac1f4beb,immunogenicity,0.934285759926,higher,predicted,0.999800086021
zhao-vaccine-bbd81a245bdb6a53,DeepHLApan,1.1.1@ac1f4beb,immunogenicity,0.32638245821,higher,predicted,0.990523040295
zhao-vaccine-92fd5241864b220f,DeepHLApan,1.1.1@ac1f4beb,immunogenicity,0.971237063408,higher,predicted,0.971719264984
zhao-vaccine-5d33fb0ff018fbe9,DeepHLApan,1.1.1@ac1f4beb,immunogenicity,0.32638245821,higher,predicted,0.990523040295
zhao-vaccine-8ee91c6641ca1ff0,DeepHLApan,1.1.1@ac1f4beb,immunogenicity,0.98253762722,higher,predicted,0.999199509621
zhao-vaccine-9d3f40a0956a4e9d,DeepHLApan,1.1.1@ac1f4beb,immunogenicity,0.473062366247,higher,predicted,0.988222777843
zhao-vaccine-9901cb3a4b27ed5a,DeepHLApan,1.1.1@ac1f4beb,immunogenicity,0.374241530895,higher,predicted,0.999337852001
zhao-vaccine-4b07864e3140705d,DeepHLApan,1.1.1@ac1f4beb,immunogenicity,0.604810357094,higher,predicted,0.999061107635
zhao-vaccine-110db05232ea3082,DeepHLApan,1.1.1@ac1f4beb,immunogenicity,0.1300098598,higher,predicted,0.992754101753
zhao-vaccine-e4d2b521029f4c75,DeepHLApan,1.1.1@ac1f4beb,immunogenicity,0.146788865328,higher,predicted,0.960886776447
zhao-vaccine-a282ba8a7a06086e,DeepHLApan,1.1.1@ac1f4beb,immunogenicity,0.526665329933,higher,predicted,0.999606728554
zhao-vaccine-77c18644e2932fb6,DeepHLApan,1.1.1@ac1f4beb,immunogenicity,0.0971207395196,higher,predicted,0.963949322701
zhao-vaccine-aa1cd6de21c627b5,DeepHLApan,1.1.1@ac1f4beb,immunogenicity,0.558932542801,higher,predicted,0.986598134041
zhao-vaccine-bc68d3539269548a,DeepHLApan,1.1.1@ac1f4beb,immunogenicity,0.584469676018,higher,predicted,0.992764174938
zhao-vaccine-1eec771665f33903,DeepHLApan,1.1.1@ac1f4beb,immunogenicity,0.541491985321,higher,predicted,0.990246117115
zhao-vaccine-594e87b0587a9e9f,DeepHLApan,1.1.1@ac1f4beb,immunogenicity,0.0103176031262,higher,predicted,0.999382376671
zhao-vaccine-04b4770698a2974e,DeepHLApan,1.1.1@ac1f4beb,immunogenicity,0.240848571062,higher,predicted,0.958454430103
zhao-vaccine-c58e108dfd64cbc0,DeepHLApan,1.1.1@ac1f4beb,immunogenicity,0.00013063645747,higher,predicted,0.964132189751
zhao-vaccine-d92517974d4f3f89,DeepHLApan,1.1.1@ac1f4beb,immunogenicity,0.135555654764,higher,predicted,0.937698245049
zhao-vaccine-6e32a3a4d24b8733,DeepHLApan,1.1.1@ac1f4beb,immunogenicity,0.910909771919,higher,predicted,0.99902677536
zhao-vaccine-0b28e737575328f2,DeepHLApan,1.1.1@ac1f4beb,immunogenicity,0.981305718422,higher,predicted,0.977557837963
zhao-vaccine-cffd74d560631564,DeepHLApan,1.1.1@ac1f4beb,immunogenicity,0.974765181541,higher,predicted,0.722910284996
zhao-vaccine-65b6f9f578d64a3a,DeepHLApan,1.1.1@ac1f4beb,immunogenicity,0.13900847733,higher,predicted,0.99780112505
zhao-vaccine-83583be375927df6,DeepHLApan,1.1.1@ac1f4beb,immunogenicity,0.105371892452,higher,predicted,0.987614452839
zhao-vaccine-f8a95121fa99348f,DeepHLApan,1.1.1@ac1f4beb,immunogenicity,0.00781969353557,higher,predicted,0.578867793083
zhao-vaccine-65db3d80fa5b7e99,DeepHLApan,1.1.1@ac1f4beb,immunogenicity,0.392486095428,higher,predicted,0.980850875378
zhao-vaccine-3db26662dded174b,DeepHLApan,1.1.1@ac1f4beb,immunogenicity,0.928965747356,higher,predicted,0.994472384453
zhao-vaccine-ecca5c8d455577b7,DeepHLApan,1.1.1@ac1f4beb,immunogenicity,0.169048443437,higher,predicted,0.953644573689
zhao-vaccine-a939cdd1e64517db,DeepHLApan,1.1.1@ac1f4beb,immunogenicity,0.0818532705307,higher,predicted,0.98392534256
zhao-vaccine-3a91b0412741607d,DeepHLApan,1.1.1@ac1f4beb,immunogenicity,0.97474861145,higher,predicted,0.999967753887
zhao-vaccine-950d323708c0c079,DeepHLApan,1.1.1@ac1f4beb,immunogenicity,0.368235737085,higher,predicted,0.997528374195
zhao-vaccine-0fbf25678eb746d0,DeepHLApan,1.1.1@ac1f4beb,immunogenicity,0.0686196014285,higher,predicted,0.979906082153
zhao-vaccine-357ed390ee7d1fdc,DeepHLApan,1.1.1@ac1f4beb,immunogenicity,0.881650805473,higher,predicted,0.998979270458
zhao-vaccine-240e01cc8bb465d9,DeepHLApan,1.1.1@ac1f4beb,immunogenicity,0.990732491016,higher,predicted,0.999558746815
zhao-vaccine-2f2100d375af7d5a,DeepHLApan,1.1.1@ac1f4beb,immunogenicity,0.986315131187,higher,predicted,0.992603898048
zhao-vaccine-afe0dec4eb28ae10,DeepHLApan,1.1.1@ac1f4beb,immunogenicity,0.156957894564,higher,predicted,0.99188709259
zhao-vaccine-936805b3da156177,DeepHLApan,1.1.1@ac1f4beb,immunogenicity,0.0320826582611,higher,predicted,0.991939723492
zhao-vaccine-424685eefad90556,DeepHLApan,1.1.1@ac1f4beb,immunogenicity,0.121525928378,higher,predicted,0.951402664185
zhao-vaccine-76a4efdae6a914b3,DeepHLApan,1.1.1@ac1f4beb,immunogenicity,0.151108667254,higher,predicted,0.99857121706
zhao-vaccine-36426fe45a930122,DeepHLApan,1.1.1@ac1f4beb,immunogenicity,0.436279147863,higher,predicted,0.987400650978
zhao-vaccine-f747b2b51cfbabad,DeepHLApan,1.1.1@ac1f4beb,immunogenicity,0.0034013572149,higher,predicted,0.999411940575
zhao-vaccine-27e1a9e9e35414a7,DeepHLApan,1.1.1@ac1f4beb,immunogenicity,0.60712146759,higher,predicted,0.687341153622
zhao-vaccine-404d7ce39ecf59f9,DeepHLApan,1.1.1@ac1f4beb,immunogenicity,0.456645071507,higher,predicted,0.942458152771
zhao-vaccine-8065b928ecd8e7f8,DeepHLApan,1.1.1@ac1f4beb,immunogenicity,0.421330034733,higher,predicted,0.525826573372
zhao-vaccine-ad459a5f33f3e1a8,DeepHLApan,1.1.1@ac1f4beb,immunogenicity,0.430196762085,higher,predicted,0.490566015244
zhao-vaccine-d09e210ef6ab7eb3,DeepHLApan,1.1.1@ac1f4beb,immunogenicity,0.988082885742,higher,predicted,0.972342967987
zhao-vaccine-aa2c1bda5b31a11f,DeepHLApan,1.1.1@ac1f4beb,immunogenicity,0.767767548561,higher,predicted,0.917053997517
zhao-vaccine-3fbf3551139b5a42,DeepHLApan,1.1.1@ac1f4beb,immunogenicity,0.237533926964,higher,predicted,0.98572063446
zhao-vaccine-1e95a45f3420bc91,DeepHLApan,1.1.1@ac1f4beb,immunogenicity,0.112184844911,higher,predicted,0.983524978161
zhao-vaccine-2bac15822f4621cb,DeepHLApan,1.1.1@ac1f4beb,immunogenicity,0.30311447382,higher,predicted,0.989711761475
zhao-vaccine-bbc17f4dc4d180d2,DeepHLApan,1.1.1@ac1f4beb,immunogenicity,0.663887500763,higher,predicted,0.999686539173
zhao-vaccine-a1819a144253c3e6,DeepHLApan,1.1.1@ac1f4beb,immunogenicity,0.606434583664,higher,predicted,0.934054970741
zhao-vaccine-073cca260922bb4f,DeepHLApan,1.1.1@ac1f4beb,immunogenicity,0.339446157217,higher,predicted,0.878958523273
zhao-vaccine-126571c60a679ff2,DeepHLApan,1.1.1@ac1f4beb,immunogenicity,0.495471000671,higher,predicted,0.962840914726
zhao-vaccine-53cc5e2c52609258,DeepHLApan,1.1.1@ac1f4beb,immunogenicity,0.651430487633,higher,predicted,0.750615715981
zhao-vaccine-4fd86bb638616a00,DeepHLApan,1.1.1@ac1f4beb,immunogenicity,0.425643831491,higher,predicted,0.994075119495
zhao-vaccine-093e4d37b1ecc877,DeepHLApan,1.1.1@ac1f4beb,immunogenicity,0.851409137249,higher,predicted,0.997603595257
zhao-vaccine-0c1b41d2765f72e0,DeepHLApan,1.1.1@ac1f4beb,immunogenicity,0.253898441792,higher,predicted,0.925794124603
zhao-vaccine-d266d1821cd62f33,DeepHLApan,1.1.1@ac1f4beb,immunogenicity,0.802540659904,higher,predicted,0.999374747276
zhao-vaccine-e435197463fe5b7c,DeepHLApan,1.1.1@ac1f4beb,immunogenicity,0.1358936131,higher,predicted,0.931217551231
zhao-vaccine-c6f922bd7724668d,DeepHLApan,1.1.1@ac1f4beb,immunogenicity,0.767562925816,higher,predicted,0.325978368521
zhao-vaccine-3861173c349a7587,DeepHLApan,1.1.1@ac1f4beb,immunogenicity,0.179512545466,higher,predicted,0.911242842674
zhao-vaccine-52a2e78b51a70337,DeepHLApan,1.1.1@ac1f4beb,immunogenicity,0.821290671825,higher,predicted,0.979113578796
zhao-vaccine-8fac527caef104e1,DeepHLApan,1.1.1@ac1f4beb,immunogenicity,0.854971110821,higher,predicted,0.987446784973
zhao-vaccine-3d1f8c74d397ed46,DeepHLApan,1.1.1@ac1f4beb,immunogenicity,0.939962387085,higher,predicted,0.976233005524
zhao-vaccine-fee31d8d1b435872,DeepHLApan,1.1.1@ac1f4beb,immunogenicity,0.620679080486,higher,predicted,0.981739223003
zhao-vaccine-a6ce883b480ebf92,DeepHLApan,1.1.1@ac1f4beb,immunogenicity,0.616853713989,higher,predicted,0.37550804019
zhao-vaccine-e5be39d25fc4aeb6,DeepHLApan,1.1.1@ac1f4beb,immunogenicity,0.861093401909,higher,predicted,0.603373885155
zhao-vaccine-bd41813397b358e6,DeepHLApan,1.1.1@ac1f4beb,immunogenicity,0.821965813637,higher,predicted,0.889879822731
zhao-vaccine-886afa53cb6fd290,DeepHLApan,1.1.1@ac1f4beb,immunogenicity,0.925572752953,higher,predicted,0.997137367725
zhao-vaccine-89b2e10bbeb05b74,DeepHLApan,1.1.1@ac1f4beb,immunogenicity,0.823170006275,higher,predicted,0.996929347515
zhao-vaccine-950ce035fa9f7b3e,DeepHLApan,1.1.1@ac1f4beb,immunogenicity,0.480580657721,higher,predicted,0.994927763939
zhao-vaccine-41d4a32ce031bda7,DeepHLApan,1.1.1@ac1f4beb,immunogenicity,0.480890423059,higher,predicted,0.990046620369
zhao-vaccine-a3baeddfcc144f84,DeepHLApan,1.1.1@ac1f4beb,immunogenicity,0.677172958851,higher,predicted,0.980225741863
zhao-vaccine-f41ac392317c1f3c,DeepHLApan,1.1.1@ac1f4beb,immunogenicity,0.459279358387,higher,predicted,0.958781540394
zhao-vaccine-13044e099e8c07a3,DeepHLApan,1.1.1@ac1f4beb,immunogenicity,0.619734525681,higher,predicted,0.945782065392
zhao-vaccine-77ce0dbf21cd2413,DeepHLApan,1.1.1@ac1f4beb,immunogenicity,0.708077013493,higher,predicted,0.786798119545
zhao-vaccine-3a765fcf8cf7cbcd,DeepHLApan,1.1.1@ac1f4beb,immunogenicity,0.107357561588,higher,predicted,0.989214777946
zhao-vaccine-ee128565ffd955fd,DeepHLApan,1.1.1@ac1f4beb,immunogenicity,0.39239937067,higher,predicted,0.999727427959
zhao-vaccine-50aa884055c16bdc,DeepHLApan,1.1.1@ac1f4beb,immunogenicity,0.249966979027,higher,predicted,0.999422430992
zhao-vaccine-8bfc8433c2db53d0,DeepHLApan,1.1.1@ac1f4beb,immunogenicity,0.0788558870554,higher,predicted,0.994293987751
zhao-vaccine-6e57bbd91e448670,DeepHLApan,1.1.1@ac1f4beb,immunogenicity,0.000639071105979,higher,predicted,0.985283255577
zhao-vaccine-8ac8c2227e3a36fe,DeepHLApan,1.1.1@ac1f4beb,immunogenicity,0.468583196402,higher,predicted,0.997796356678
zhao-vaccine-ec6e03b4a77258a4,DeepHLApan,1.1.1@ac1f4beb,immunogenicity,0.876531481743,higher,predicted,0.941464602947
zhao-vaccine-3f721116ed966486,DeepHLApan,1.1.1@ac1f4beb,immunogenicity,0.565406143665,higher,predicted,0.954775631428
zhao-vaccine-0ff87130a67a50da,DeepHLApan,1.1.1@ac1f4beb,immunogenicity,0.568408191204,higher,predicted,0.963385760784
zhao-vaccine-ba76e0ea75e6adf0,DeepHLApan,1.1.1@ac1f4beb,immunogenicity,0.624328494072,higher,predicted,0.938913345337
zhao-vaccine-f01a2d38b51af23b,DeepHLApan,1.1.1@ac1f4beb,immunogenicity,0.816487491131,higher,predicted,0.896894752979
zhao-vaccine-cdd84c3ea35dd116,DeepHLApan,1.1.1@ac1f4beb,immunogenicity,0.0670937150717,higher,predicted,0.990128397942
zhao-vaccine-9a68cd155d557b58,DeepHLApan,1.1.1@ac1f4beb,immunogenicity,0.0709332451224,higher,predicted,0.952561974525
zhao-vaccine-88b886753b3b85e8,DeepHLApan,1.1.1@ac1f4beb,immunogenicity,0.149975985289,higher,predicted,0.956609427929
zhao-vaccine-e7bc5743829b1ff8,DeepHLApan,1.1.1@ac1f4beb,immunogenicity,0.294519603252,higher,predicted,0.9801415205
zhao-vaccine-d3cbe9756a3b5068,DeepHLApan,1.1.1@ac1f4beb,immunogenicity,0.155667752028,higher,predicted,0.875495135784
zhao-vaccine-35398a4ea27add69,DeepHLApan,1.1.1@ac1f4beb,immunogenicity,0.835117697716,higher,predicted,0.99572789669
zhao-vaccine-75838fb2556f29fb,DeepHLApan,1.1.1@ac1f4beb,immunogenicity,0.188403084874,higher,predicted,0.936384081841
zhao-vaccine-fc9f2ef790e4890f,DeepHLApan,1.1.1@ac1f4beb,immunogenicity,0.352552592754,higher,predicted,0.50010663271
zhao-vaccine-f98d7a49c6d35606,DeepHLApan,1.1.1@ac1f4beb,immunogenicity,0.851077437401,higher,predicted,0.979735672474
zhao-vaccine-01c18581bbb4033b,DeepHLApan,1.1.1@ac1f4beb,immunogenicity,0.807950496674,higher,predicted,0.928213238716
zhao-vaccine-9c4d9f5cd8d83848,DeepHLApan,1.1.1@ac1f4beb,immunogenicity,0.599936366081,higher,predicted,0.916350543499
zhao-vaccine-7b47e99c9258d4a3,DeepHLApan,1.1.1@ac1f4beb,immunogenicity,0.664991021156,higher,predicted,0.996180415154
zhao-vaccine-e96c0f3a45eafbc7,DeepHLApan,1.1.1@ac1f4beb,immunogenicity,0.430127203465,higher,predicted,0.999020755291
zhao-vaccine-65dbbea4d969c167,DeepHLApan,1.1.1@ac1f4beb,immunogenicity,0.66355907917,higher,predicted,0.998388111591
zhao-vaccine-d5c2d92c68c00e44,DeepHLApan,1.1.1@ac1f4beb,immunogenicity,0.942689597607,higher,predicted,0.998768985271
zhao-vaccine-abb8026d5686da7b,DeepHLApan,1.1.1@ac1f4beb,immunogenicity,0.644056618214,higher,predicted,0.99437391758
zhao-vaccine-49367aefb06d8c31,DeepHLApan,1.1.1@ac1f4beb,immunogenicity,0.501991093159,higher,predicted,0.999947845936
zhao-vaccine-48ca07a27a0067b5,DeepHLApan,1.1.1@ac1f4beb,immunogenicity,0.829970955849,higher,predicted,0.982739269733
zhao-vaccine-6480557c7f803095,DeepHLApan,1.1.1@ac1f4beb,immunogenicity,0.653288066387,higher,predicted,0.884773552418
zhao-vaccine-c8d3f0455cd3ed01,DeepHLApan,1.1.1@ac1f4beb,immunogenicity,0.570398211479,higher,predicted,0.94610196352
zhao-vaccine-58ce32e861af7792,DeepHLApan,1.1.1@ac1f4beb,immunogenicity,0.00812727026641,higher,predicted,0.979651272297
zhao-vaccine-af7867960576ddea,DeepHLApan,1.1.1@ac1f4beb,immunogenicity,0.792279541492,higher,predicted,0.983951747417
zhao-vaccine-d76fe74404e305c1,DeepHLApan,1.1.1@ac1f4beb,immunogenicity,0.0492388159037,higher,predicted,0.998449325562
zhao-vaccine-763f2b118fd63fbc,DeepHLApan,1.1.1@ac1f4beb,immunogenicity,0.0591510646045,higher,predicted,0.996979534626
zhao-vaccine-883f615fab64dfb8,DeepHLApan,1.1.1@ac1f4beb,immunogenicity,0.0954248458147,higher,predicted,0.996818065643
zhao-vaccine-7f7c6490de6c9249,DeepHLApan,1.1.1@ac1f4beb,immunogenicity,0.212792798877,higher,predicted,0.964421927929
zhao-vaccine-123576c9caf5ad31,DeepHLApan,1.1.1@ac1f4beb,immunogenicity,0.368235737085,higher,predicted,0.997528374195
zhao-vaccine-693fd279dc9bb1ec,DeepHLApan,1.1.1@ac1f4beb,immunogenicity,0.549044549465,higher,predicted,0.995107531548
zhao-vaccine-bf2f1d17d58cffd9,DeepHLApan,1.1.1@ac1f4beb,immunogenicity,0.163708508015,higher,predicted,0.991122603416
zhao-vaccine-57f993589faabbec,DeepHLApan,1.1.1@ac1f4beb,immunogenicity,0.516426444054,higher,predicted,0.999260783195
zhao-vaccine-7cd0e9aead6fcaaf,DeepHLApan,1.1.1@ac1f4beb,immunogenicity,0.337371885777,higher,predicted,0.988036513329
zhao-vaccine-22c4363b550164a3,DeepHLApan,1.1.1@ac1f4beb,immunogenicity,0.0018492070958,higher,predicted,0.977153122425
zhao-vaccine-ef38ec39be9860e2,DeepHLApan,1.1.1@ac1f4beb,immunogenicity,0.952608704567,higher,predicted,0.999254345894
zhao-vaccine-61c746584373405e,DeepHLApan,1.1.1@ac1f4beb,immunogenicity,0.684596657753,higher,predicted,0.999892413616
zhao-vaccine-ded69bf99718e3d9,DeepHLApan,1.1.1@ac1f4beb,immunogenicity,0.976703822613,higher,predicted,0.998920142651
zhao-vaccine-a4299c752707339b,DeepHLApan,1.1.1@ac1f4beb,immunogenicity,0.818712353706,higher,predicted,0.888277232647
zhao-vaccine-0cb879fc2ea296cb,DeepHLApan,1.1.1@ac1f4beb,immunogenicity,0.512658059597,higher,predicted,0.983978271484
zhao-vaccine-e96f43fb3732dc73,DeepHLApan,1.1.1@ac1f4beb,immunogenicity,0.57633972168,higher,predicted,0.408551990986
zhao-vaccine-c3a86d4262560250,DeepHLApan,1.1.1@ac1f4beb,immunogenicity,0.775969684124,higher,predicted,0.972715079784
zhao-vaccine-f26d4f2511028545,DeepHLApan,1.1.1@ac1f4beb,immunogenicity,0.714062571526,higher,predicted,0.967402637005
zhao-vaccine-17cd8a70de1f9524,DeepHLApan,1.1.1@ac1f4beb,immunogenicity,0.78447830677,higher,predicted,0.993631482124
zhao-vaccine-53c061a2df04d43f,DeepHLApan,1.1.1@ac1f4beb,immunogenicity,0.312866032124,higher,predicted,0.998413383961
zhao-vaccine-c5c934898c1498c5,DeepHLApan,1.1.1@ac1f4beb,immunogenicity,0.538132786751,higher,predicted,0.96372795105
zhao-vaccine-5469e5b6e273cfe8,DeepHLApan,1.1.1@ac1f4beb,immunogenicity,0.741850018501,higher,predicted,0.994545340538
zhao-vaccine-b66efd8b1004fd38,DeepHLApan,1.1.1@ac1f4beb,immunogenicity,0.0574170835316,higher,predicted,0.996742546558
zhao-vaccine-b6672e0ed6cce55b,DeepHLApan,1.1.1@ac1f4beb,immunogenicity,0.787375867367,higher,predicted,0.997133255005
zhao-vaccine-6c96df56c06254f7,DeepHLApan,1.1.1@ac1f4beb,immunogenicity,0.980493426323,higher,predicted,0.979146182537
zhao-vaccine-b3b05f40a5ae38cd,DeepHLApan,1.1.1@ac1f4beb,immunogenicity,0.0279490463436,higher,predicted,0.999361515045
zhao-vaccine-a5d6113530ed9ca5,DeepHLApan,1.1.1@ac1f4beb,immunogenicity,0.00181718613021,higher,predicted,0.999661624432
zhao-vaccine-9e22e5c4001b2b25,DeepHLApan,1.1.1@ac1f4beb,immunogenicity,0.0244986116886,higher,predicted,0.974174976349
zhao-vaccine-a0bffa2e4df419a4,DeepHLApan,1.1.1@ac1f4beb,immunogenicity,0.0782908350229,higher,predicted,0.986391663551
zhao-vaccine-a5e12eac44df3654,DeepHLApan,1.1.1@ac1f4beb,immunogenicity,0.972072601318,higher,predicted,0.999460220337
zhao-vaccine-232a4430d93e1e7b,DeepHLApan,1.1.1@ac1f4beb,immunogenicity,0.978405833244,higher,predicted,0.857292175293
zhao-vaccine-d4ee26bee0c7e8f2,DeepHLApan,1.1.1@ac1f4beb,immunogenicity,0.245657086372,higher,predicted,0.984982848167
zhao-vaccine-aac6b4aab80bd17f,DeepHLApan,1.1.1@ac1f4beb,immunogenicity,0.990226149559,higher,predicted,0.999942660332
zhao-vaccine-b986085474b8f378,DeepHLApan,1.1.1@ac1f4beb,immunogenicity,0.570010781288,higher,predicted,0.913682341576
zhao-vaccine-ea33020d7e678e1e,DeepHLApan,1.1.1@ac1f4beb,immunogenicity,0.0100183468312,higher,predicted,0.997764468193
zhao-vaccine-9b32270348e217cb,DeepHLApan,1.1.1@ac1f4beb,immunogenicity,0.47241383791,higher,predicted,0.998625159264
zhao-vaccine-862202bcd03e623d,DeepHLApan,1.1.1@ac1f4beb,immunogenicity,0.95552521944,higher,predicted,0.999695956707
zhao-vaccine-bcc986f5cfd492fe,DeepHLApan,1.1.1@ac1f4beb,immunogenicity,0.896379947662,higher,predicted,0.999641418457
zhao-vaccine-2dbf60795fe422ef,DeepHLApan,1.1.1@ac1f4beb,immunogenicity,0.886341691017,higher,predicted,0.99588984251
zhao-vaccine-9f92d2e098c6dc9d,DeepHLApan,1.1.1@ac1f4beb,immunogenicity,0.236461997032,higher,predicted,0.998011767864
zhao-vaccine-8ee9e17f582aa7b8,DeepHLApan,1.1.1@ac1f4beb,immunogenicity,0.421722948551,higher,predicted,0.999684810638
zhao-vaccine-beb0fc9b184c1e1d,DeepHLApan,1.1.1@ac1f4beb,immunogenicity,0.966847419739,higher,predicted,0.880664169788
zhao-vaccine-1f1412b93ee74c9a,DeepHLApan,1.1.1@ac1f4beb,immunogenicity,0.95569819212,higher,predicted,0.975925803185
zhao-vaccine-7295facff9a98907,DeepHLApan,1.1.1@ac1f4beb,immunogenicity,0.924632549286,higher,predicted,0.850137352943
zhao-vaccine-4b8b32343d0e1494,DeepHLApan,1.1.1@ac1f4beb,immunogenicity,0.954632759094,higher,predicted,0.98332464695
zhao-vaccine-70ae4c4c65f581b2,DeepHLApan,1.1.1@ac1f4beb,immunogenicity,0.984291553497,higher,predicted,0.868507742882
zhao-vaccine-740bb4ddd21edc40,DeepHLApan,1.1.1@ac1f4beb,immunogenicity,0.459706783295,higher,predicted,0.990139007568
zhao-vaccine-4085b8c28233ad53,DeepHLApan,1.1.1@ac1f4beb,immunogenicity,0.787141382694,higher,predicted,0.993599236012
zhao-vaccine-bb9240271b41d4eb,DeepHLApan,1.1.1@ac1f4beb,immunogenicity,0.392638742924,higher,predicted,0.967140197754
zhao-vaccine-455522409374bfb4,DeepHLApan,1.1.1@ac1f4beb,immunogenicity,0.00715240743011,higher,predicted,0.967207610607
zhao-vaccine-2d9459470e3bfe2c,DeepHLApan,1.1.1@ac1f4beb,immunogenicity,0.00795400235802,higher,predicted,0.958415031433
zhao-vaccine-415df34c48d316bb,DeepHLApan,1.1.1@ac1f4beb,immunogenicity,0.000533477112185,higher,predicted,0.989900887012
zhao-vaccine-c32ca0517468f741,DeepHLApan,1.1.1@ac1f4beb,immunogenicity,0.000738626695238,higher,predicted,0.987857222557
zhao-vaccine-ac036837e07861b7,DeepHLApan,1.1.1@ac1f4beb,immunogenicity,0.942616641521,higher,predicted,0.992358863354
zhao-vaccine-b8f24bf56b36f946,DeepHLApan,1.1.1@ac1f4beb,immunogenicity,0.421128183603,higher,predicted,0.988714873791
zhao-vaccine-bde06b90e2aa0b4e,DeepHLApan,1.1.1@ac1f4beb,immunogenicity,0.649941563606,higher,predicted,0.96234858036
zhao-vaccine-bdac5831570297ae,DeepHLApan,1.1.1@ac1f4beb,immunogenicity,0.657384395599,higher,predicted,0.997154057026
zhao-vaccine-942ac5b1216c0403,DeepHLApan,1.1.1@ac1f4beb,immunogenicity,0.518698096275,higher,predicted,0.949855208397
zhao-vaccine-370a499e276d926a,DeepHLApan,1.1.1@ac1f4beb,immunogenicity,0.722306549549,higher,predicted,0.992890655994
zhao-vaccine-e72fd9d2772a0882,DeepHLApan,1.1.1@ac1f4beb,immunogenicity,0.452855974436,higher,predicted,0.916853308678
zhao-vaccine-d9ba6ec4cee877d0,DeepHLApan,1.1.1@ac1f4beb,immunogenicity,0.481854528189,higher,predicted,0.91463124752
zhao-vaccine-1b65998e1d51b50f,DeepHLApan,1.1.1@ac1f4beb,immunogenicity,0.462138324976,higher,predicted,0.988735795021
zhao-vaccine-cf2224f1e7653ac5,DeepHLApan,1.1.1@ac1f4beb,immunogenicity,0.677470862865,higher,predicted,0.97787630558
zhao-vaccine-f843d271a421258a,DeepHLApan,1.1.1@ac1f4beb,immunogenicity,0.362810343504,higher,predicted,0.932503402233
zhao-vaccine-f96491cd3971be1f,DeepHLApan,1.1.1@ac1f4beb,immunogenicity,0.311509251595,higher,predicted,0.940067648888
zhao-vaccine-f4f4a8beecf2010b,DeepHLApan,1.1.1@ac1f4beb,immunogenicity,0.961690545082,higher,predicted,0.783131957054
zhao-vaccine-d7bda8f21f9111c6,DeepHLApan,1.1.1@ac1f4beb,immunogenicity,0.590017318726,higher,predicted,0.908872783184
zhao-vaccine-31e564e215b3cfe5,DeepHLApan,1.1.1@ac1f4beb,immunogenicity,0.290727317333,higher,predicted,0.998910725117
zhao-vaccine-c3a5dfbc4bc221fe,DeepHLApan,1.1.1@ac1f4beb,immunogenicity,0.231789141893,higher,predicted,0.99686563015
zhao-vaccine-46ce3752982841aa,DeepHLApan,1.1.1@ac1f4beb,immunogenicity,0.692505598068,higher,predicted,0.530345797539
zhao-vaccine-586e1e8f81ff3690,DeepHLApan,1.1.1@ac1f4beb,immunogenicity,0.0991575047374,higher,predicted,0.979018568993
zhao-vaccine-0f9ddbc5c7132ece,DeepHLApan,1.1.1@ac1f4beb,immunogenicity,0.133698552847,higher,predicted,0.941551029682
zhao-vaccine-94b2c81d4e70f7a5,DeepHLApan,1.1.1@ac1f4beb,immunogenicity,0.91177546978,higher,predicted,0.585906028748
zhao-vaccine-b682f9e79586e497,DeepHLApan,1.1.1@ac1f4beb,immunogenicity,0.653925955296,higher,predicted,0.998227477074
zhao-vaccine-aef146d106256bc8,DeepHLApan,1.1.1@ac1f4beb,immunogenicity,0.19001236558,higher,predicted,0.953229546547
zhao-vaccine-91f31987a78f9ed7,DeepHLApan,1.1.1@ac1f4beb,immunogenicity,0.859003722668,higher,predicted,0.999277889729
zhao-vaccine-df436ef4fffdb899,DeepHLApan,1.1.1@ac1f4beb,immunogenicity,0.951792597771,higher,predicted,0.767010331154
zhao-vaccine-513004622274aa67,DeepHLApan,1.1.1@ac1f4beb,immunogenicity,0.965896248817,higher,predicted,0.994716644287
zhao-vaccine-10a70a28e2f92441,DeepHLApan,1.1.1@ac1f4beb,immunogenicity,0.955774605274,higher,predicted,0.999635875225
zhao-vaccine-cb3467e682418124,DeepHLApan,1.1.1@ac1f4beb,immunogenicity,0.541330456734,higher,predicted,0.949840426445
zhao-vaccine-c29393ae111c6e8b,DeepHLApan,1.1.1@ac1f4beb,immunogenicity,0.525656461716,higher,predicted,0.992332279682
zhao-vaccine-52710c4a483a2fa2,DeepHLApan,1.1.1@ac1f4beb,immunogenicity,0.375185668468,higher,predicted,0.892773628235
zhao-vaccine-2d6c89308b3309be,DeepHLApan,1.1.1@ac1f4beb,immunogenicity,0.0161226969212,higher,predicted,0.988769352436
zhao-vaccine-ccc64794cc440f1b,DeepHLApan,1.1.1@ac1f4beb,immunogenicity,0.188420683146,higher,predicted,0.997801780701
zhao-vaccine-3cb758b99d9d1ed4,DeepHLApan,1.1.1@ac1f4beb,immunogenicity,0.78650033474,higher,predicted,0.998793780804
zhao-vaccine-9a25a2ccf2d68794,DeepHLApan,1.1.1@ac1f4beb,immunogenicity,0.649274528027,higher,predicted,0.99870634079
zhao-vaccine-a2c6f8984c2dc322,DeepHLApan,1.1.1@ac1f4beb,immunogenicity,0.134309500456,higher,predicted,0.960017085075
zhao-vaccine-060df49eaffa10c5,DeepHLApan,1.1.1@ac1f4beb,immunogenicity,0.552202165127,higher,predicted,0.995887577534
zhao-vaccine-6e078690e9488283,DeepHLApan,1.1.1@ac1f4beb,immunogenicity,0.00578994397074,higher,predicted,0.986138641834
zhao-vaccine-0949d10bcc94c1e0,DeepHLApan,1.1.1@ac1f4beb,immunogenicity,0.0127760348842,higher,predicted,0.961414337158
zhao-vaccine-f9b310adb5e285b4,DeepHLApan,1.1.1@ac1f4beb,immunogenicity,0.84497576952,higher,predicted,0.998706996441
zhao-vaccine-7abafc6200be6f2e,DeepHLApan,1.1.1@ac1f4beb,immunogenicity,0.991385579109,higher,predicted,0.998719215393
zhao-vaccine-85f37f469c719b76,DeepHLApan,1.1.1@ac1f4beb,immunogenicity,0.653229594231,higher,predicted,0.988129138947
zhao-vaccine-a50a3fee92ccb4b5,DeepHLApan,1.1.1@ac1f4beb,immunogenicity,0.664338409901,higher,predicted,0.990704715252
zhao-vaccine-27d11b535bd50554,DeepHLApan,1.1.1@ac1f4beb,immunogenicity,0.519587635994,higher,predicted,0.958253860474
zhao-vaccine-e3e0fd2528a6d6b5,DeepHLApan,1.1.1@ac1f4beb,immunogenicity,0.860867500305,higher,predicted,0.893698334694
