record_id,predictor,predictor_version,task,score,score_direction,status,affinity_nm,affinity_percentile,presentation_score,presentation_percentile,processing_score,best_allele
zhao-vaccine-cc5177931a4be3c3,MHCflurry,2.2.1,presentation,0.698474295725,higher,predicted,106.791147895,0.657875,0.698474295725,0.440923913043,0.297671003267,HLA-C*03:03
zhao-vaccine-cd9d03017ea06bfb,MHCflurry,2.2.1,presentation,0.678658453366,higher,predicted,113.689641852,0.741,0.678658453366,0.475326086956,0.288732483052,HLA-A*02:06
zhao-vaccine-cb103548daf629bf,MHCflurry,2.2.1,presentation,0.697572825736,higher,predicted,45.6712921011,0.091375,0.697572825736,0.442608695652,0.0632677330868,HLA-B*35:01
zhao-vaccine-f08d5d9716c87bcf,MHCflurry,2.2.1,presentation,0.786425045392,higher,predicted,71.1795930436,0.39,0.786425045392,0.299592391304,0.31729116803,HLA-C*03:03
zhao-vaccine-3192c0e3fed93154,MHCflurry,2.2.1,presentation,0.873210826594,higher,predicted,96.7926882023,0.668875,0.873210826594,0.16410326087,0.578644543886,HLA-A*02:06
zhao-vaccine-903b6facc7e442c1,MHCflurry,2.2.1,presentation,0.353497406336,higher,predicted,165.237902593,0.908125,0.353497406336,1.18548913043,0.00945724663325,HLA-A*02:06
zhao-vaccine-b26ed9ae357d0d47,MHCflurry,2.2.1,presentation,0.353405695163,higher,predicted,670.696352225,1.659375,0.353405695163,1.18548913043,0.39395329915,HLA-A*02:06
zhao-vaccine-963f50e290b7356b,MHCflurry,2.2.1,presentation,0.772563913424,higher,predicted,62.3612620843,0.164375,0.772563913424,0.321684782609,0.258181658573,HLA-B*35:01
zhao-vaccine-552b2d6f0ee562dd,MHCflurry,2.2.1,presentation,0.948998418051,higher,predicted,29.9383018087,0.21725,0.948998418051,0.0480706521739,0.53740279749,HLA-A*02:06
zhao-vaccine-2ae867b6e66bd88f,MHCflurry,2.2.1,presentation,0.542023827622,higher,predicted,126.449491058,0.784125,0.542023827622,0.732880434782,0.154255453032,HLA-A*02:06
zhao-vaccine-ca925cf2e48aec66,MHCflurry,2.2.1,presentation,0.910813379686,higher,predicted,57.9103028349,0.159,0.910813379686,0.105461956522,0.548966329545,HLA-B*40:01
zhao-vaccine-5a8125604ba2f1ef,MHCflurry,2.2.1,presentation,0.182156433053,higher,predicted,558.791177301,0.706875,0.182156433053,1.96116847826,0.0901163863018,HLA-B*40:01
zhao-vaccine-c6d33472b279f35f,MHCflurry,2.2.1,presentation,0.179577638529,higher,predicted,725.758422229,0.868875,0.179577638529,1.97502717391,0.156972481636,HLA-B*58:01
zhao-vaccine-64ae25542b695d68,MHCflurry,2.2.1,presentation,0.00640555344085,higher,predicted,16671.2212684,9.044375,0.00640555344085,37.359048913,0.0211618975445,HLA-A*02:06
zhao-vaccine-e21983e68c841496,MHCflurry,2.2.1,presentation,0.01194480994,higher,predicted,9536.48162863,3.084625,0.01194480994,20.2322554348,0.0455147860339,HLA-B*58:01
zhao-vaccine-a9814ac50aac91d7,MHCflurry,2.2.1,presentation,0.505878726095,higher,predicted,190.272517851,0.418625,0.505878726095,0.80875,0.225460339338,HLA-B*58:01
zhao-vaccine-6b3565ce2aee893c,MHCflurry,2.2.1,presentation,0.842674420232,higher,predicted,92.4415789405,0.645625,0.842674420232,0.212201086957,0.494966115803,HLA-A*02:06
zhao-vaccine-216ffedc64136058,MHCflurry,2.2.1,presentation,0.286084619831,higher,predicted,222.655366116,1.141,0.286084619831,1.41804347826,0.00349916838604,HLA-A*33:03
zhao-vaccine-32c2e9da3e2ffcf5,MHCflurry,2.2.1,presentation,0.718506390097,higher,predicted,33.336677436,0.064875,0.718506390097,0.407826086957,0.0054702626112,HLA-A*33:03
zhao-vaccine-84bf18995ccd3ac7,MHCflurry,2.2.1,presentation,0.0750326130865,higher,predicted,1164.55587398,2.1995,0.0750326130865,3.63918478261,0.00624522715589,HLA-A*33:03
zhao-vaccine-b31446e55ef91111,MHCflurry,2.2.1,presentation,0.774773672997,higher,predicted,70.5134578036,0.53625,0.774773672997,0.318369565217,0.295478048734,HLA-B*40:02
zhao-vaccine-51f51c49a8e26bf5,MHCflurry,2.2.1,presentation,0.47460466209,higher,predicted,104.005826714,0.790625,0.47460466209,0.877119565217,0.0242544985376,HLA-B*40:02
zhao-vaccine-ba3ba0e4df7070c8,MHCflurry,2.2.1,presentation,0.804132343254,higher,predicted,20.3858198266,0.10225,0.804132343254,0.271195652174,0.00477219553431,HLA-A*02:01
zhao-vaccine-c539b96ad108688f,MHCflurry,2.2.1,presentation,0.0327676571367,higher,predicted,2901.25532824,2.21375,0.0327676571367,7.55826086957,0.0100590224101,HLA-A*30:01
zhao-vaccine-57a55d88765b75c2,MHCflurry,2.2.1,presentation,0.0141308094537,higher,predicted,6926.61640994,3.824125,0.0141308094537,16.1575543478,0.00585603574291,HLA-A*30:01
zhao-vaccine-a08f55e2c3d0e686,MHCflurry,2.2.1,presentation,0.00736902299928,higher,predicted,16530.2106792,8.307875,0.00736902299928,31.6431793478,0.058706872398,HLA-A*30:01
zhao-vaccine-663a44a421e57c58,MHCflurry,2.2.1,presentation,0.00330231081775,higher,predicted,30948.6943744,40.7255,0.00330231081775,99.2866032609,0.00286504831547,HLA-A*30:01
zhao-vaccine-75ec8654c437d145,MHCflurry,2.2.1,presentation,0.298884414609,higher,predicted,212.354568315,0.47525,0.298884414609,1.36945652174,0.00797897487064,HLA-A*30:01
zhao-vaccine-c0b18e17fb95b0ce,MHCflurry,2.2.1,presentation,0.036897727892,higher,predicted,5322.1877664,3.201375,0.036897727892,6.79260869565,0.211393351085,HLA-A*30:01
zhao-vaccine-dc56d83b9268b0e4,MHCflurry,2.2.1,presentation,0.0309514252282,higher,predicted,11284.0818759,5.618875,0.0309514252282,8.01565217391,0.366304091411,HLA-A*30:01
zhao-vaccine-9d4560b23643427b,MHCflurry,2.2.1,presentation,0.0807561258795,higher,predicted,1092.39688743,1.298625,0.0807561258795,3.421875,0.0112153282462,HLA-A*30:01
zhao-vaccine-793aed9191a47fb7,MHCflurry,2.2.1,presentation,0.221478825844,higher,predicted,389.571751362,0.71275,0.221478825844,1.7091576087,0.0602536989609,HLA-A*30:01
zhao-vaccine-11c80127a1777f0b,MHCflurry,2.2.1,presentation,0.903564435728,higher,predicted,11.2022036469,0.014125,0.903564435728,0.116820652174,0.0736137485947,HLA-A*02:03
zhao-vaccine-0e55ec495f82eb06,MHCflurry,2.2.1,presentation,0.962891226797,higher,predicted,20.6544785228,0.2095,0.962891226797,0.0298641304348,0.529478818178,HLA-A*02:03
zhao-vaccine-632e1a6ecee4b189,MHCflurry,2.2.1,presentation,0.971931331318,higher,predicted,13.8461111158,0.066625,0.971931331318,0.0176630434783,0.501235935837,HLA-A*02:03
zhao-vaccine-f2940a4e316a4039,MHCflurry,2.2.1,presentation,0.705156928351,higher,predicted,35.3554370412,0.421625,0.705156928351,0.429538043478,0.0032153929933,HLA-A*02:03
zhao-vaccine-cdb85d262afa7e9a,MHCflurry,2.2.1,presentation,0.291426568296,higher,predicted,241.467967854,0.3265,0.291426568296,1.39505434783,0.0331191340229,HLA-B*54:01
zhao-vaccine-014bd639c774cd87,MHCflurry,2.2.1,presentation,0.830505415221,higher,predicted,28.3504309556,0.202125,0.830505415221,0.230027173913,0.145310785098,HLA-A*02:06
zhao-vaccine-65e623aadc02d7b4,MHCflurry,2.2.1,presentation,0.906820514007,higher,predicted,17.5867669324,0.07125,0.906820514007,0.111222826087,0.208165096119,HLA-A*02:06
zhao-vaccine-58b739ae69170773,MHCflurry,2.2.1,presentation,0.227322676551,higher,predicted,386.532654228,0.7665,0.227322676551,1.67619565217,0.0675939631183,HLA-A*24:02
zhao-vaccine-7b6f86e747814c45,MHCflurry,2.2.1,presentation,0.844122638402,higher,predicted,41.98766057,0.08925,0.844122638402,0.208940217391,0.28139901394,HLA-C*03:04
zhao-vaccine-5c1663d10533a1a7,MHCflurry,2.2.1,presentation,0.828084292615,higher,predicted,21.675630019,0.12175,0.828084292615,0.233451086957,0.0667760330252,HLA-A*02:06
zhao-vaccine-5f8659d92cd36359,MHCflurry,2.2.1,presentation,0.902960497124,higher,predicted,15.3467279584,0.045875,0.902960497124,0.116820652174,0.158082763432,HLA-A*02:06
zhao-vaccine-950121b76038c2c0,MHCflurry,2.2.1,presentation,0.0237422304603,higher,predicted,12585.2292883,6.7365,0.0237422304603,10.2319836957,0.319225238636,HLA-A*02:06
zhao-vaccine-0a56a76ea51563b6,MHCflurry,2.2.1,presentation,0.989183679319,higher,predicted,16.8405418238,0.062625,0.989183679319,0.0013858695652,0.829479679465,HLA-A*02:06
zhao-vaccine-6ebe14892da71061,MHCflurry,2.2.1,presentation,0.0364095888959,higher,predicted,4425.98120693,2.323375,0.0364095888959,6.79260869565,0.156863201875,HLA-A*24:02
zhao-vaccine-dedb75a56ec2b5ba,MHCflurry,2.2.1,presentation,0.399644830301,higher,predicted,133.662124149,0.8095,0.399644830301,1.05760869565,0.00684566781274,HLA-A*02:06
zhao-vaccine-307d7668f3794977,MHCflurry,2.2.1,presentation,0.454859037734,higher,predicted,116.111708027,0.35,0.454859037734,0.922608695652,0.0320449490973,HLA-A*24:02
zhao-vaccine-a5ba7a2f40a30c73,MHCflurry,2.2.1,presentation,0.118845904532,higher,predicted,1611.77718681,1.4625,0.118845904532,2.60176630435,0.239170093788,HLA-A*24:02
zhao-vaccine-721b23e769b23024,MHCflurry,2.2.1,presentation,0.847784021847,higher,predicted,73.516512702,0.485625,0.847784021847,0.203858695652,0.443118786439,HLA-A*02:01
zhao-vaccine-ef4ef897001d5f16,MHCflurry,2.2.1,presentation,0.456605688793,higher,predicted,113.004782758,0.6525,0.456605688793,0.917282608696,0.0265890147712,HLA-A*02:01
zhao-vaccine-1754863200e530d4,MHCflurry,2.2.1,presentation,0.617979925141,higher,predicted,82.5399303051,0.532375,0.617979925141,0.581548913043,0.125468723476,HLA-A*02:01
zhao-vaccine-c4347419983fbf7a,MHCflurry,2.2.1,presentation,0.810557809167,higher,predicted,32.988887721,0.03425,0.810557809167,0.261956521739,0.148593031336,HLA-B*13:01
zhao-vaccine-20994a61ffa7d9ee,MHCflurry,2.2.1,presentation,0.860613983115,higher,predicted,102.442449269,0.32175,0.860613983115,0.18402173913,0.563340442255,HLA-B*44:03
zhao-vaccine-c4933d5b027e3a50,MHCflurry,2.2.1,presentation,0.235358968192,higher,predicted,728.231521939,1.039875,0.235358968192,1.63717391304,0.254261571914,HLA-A*30:01
zhao-vaccine-769bcab9bf9ccbd6,MHCflurry,2.2.1,presentation,0.72358825464,higher,predicted,46.6134905652,0.07375,0.72358825464,0.400054347826,0.104645424872,HLA-A*30:01
zhao-vaccine-e3d2d037340b51d9,MHCflurry,2.2.1,presentation,0.890247500283,higher,predicted,28.6271396415,0.07725,0.890247500283,0.136929347826,0.290441977791,HLA-A*02:07
zhao-vaccine-7c5cedc69e322fdf,MHCflurry,2.2.1,presentation,0.877261572895,higher,predicted,160.279048397,0.45125,0.877261572895,0.158125,0.727592006326,HLA-A*24:02
zhao-vaccine-bb7e738de16de201,MHCflurry,2.2.1,presentation,0.88086783154,higher,predicted,49.9247898264,0.10675,0.88086783154,0.152717391304,0.416958712041,HLA-A*24:02
zhao-vaccine-3c7c00959cdbd0be,MHCflurry,2.2.1,presentation,0.81905011086,higher,predicted,57.6884849443,0.14275,0.81905011086,0.248152173913,0.317937571555,HLA-A*24:02
zhao-vaccine-5f357bb53e0ccd46,MHCflurry,2.2.1,presentation,0.097307442432,higher,predicted,880.280093035,1.124625,0.097307442432,2.97065217391,0.00977564629284,HLA-A*24:02
zhao-vaccine-b4ff6ed193ff01e1,MHCflurry,2.2.1,presentation,0.688207582367,higher,predicted,66.7211102936,0.181625,0.688207582367,0.457989130435,0.154892232968,HLA-A*24:02
zhao-vaccine-a3b89c628988d1f0,MHCflurry,2.2.1,presentation,0.20823886721,higher,predicted,614.575001564,3.940375,0.20823886721,1.78388586957,0.163222972304,HLA-C*12:02
zhao-vaccine-6602303a8186d1dc,MHCflurry,2.2.1,presentation,0.658266054986,higher,predicted,60.4877301152,0.370125,0.658266054986,0.511032608696,0.0894770615268,HLA-C*12:02
zhao-vaccine-f261f0bff4da5636,MHCflurry,2.2.1,presentation,0.316293406214,higher,predicted,196.118669271,1.876875,0.316293406214,1.31081521739,0.00925035306136,HLA-C*12:02
zhao-vaccine-a7ca659448536804,MHCflurry,2.2.1,presentation,0.984933352414,higher,predicted,27.9564758247,0.040375,0.984933352414,0.00372282608696,0.873742155731,HLA-A*11:01
zhao-vaccine-115765bd03d87a4c,MHCflurry,2.2.1,presentation,0.920827361493,higher,predicted,62.470620333,0.164125,0.920827361493,0.0904347826087,0.606529068202,HLA-A*24:02
zhao-vaccine-4e3e4eefd195b820,MHCflurry,2.2.1,presentation,0.313035137268,higher,predicted,211.214625209,0.81325,0.313035137268,1.32054347826,0.0253383608651,HLA-A*11:01
zhao-vaccine-d7de270e64839b12,MHCflurry,2.2.1,presentation,0.908496674851,higher,predicted,11.5412944979,0.019375,0.908496674851,0.108641304348,0.0981776299886,HLA-A*02:03
zhao-vaccine-8bf05f928c2bd4e9,MHCflurry,2.2.1,presentation,0.0465104127528,higher,predicted,1984.13241078,4.52325,0.0465104127528,5.44942934783,0.00877794735425,HLA-B*15:02
zhao-vaccine-05c56392726f06f7,MHCflurry,2.2.1,presentation,0.530164190381,higher,predicted,81.3261898734,0.74,0.530164190381,0.757336956522,0.0196023149183,HLA-A*02:03
zhao-vaccine-b560b39a749dc71f,MHCflurry,2.2.1,presentation,0.649055506455,higher,predicted,55.5400347979,0.278,0.649055506455,0.526358695652,0.0545494692633,HLA-B*15:02
zhao-vaccine-56be5b3de62021b3,MHCflurry,2.2.1,presentation,0.270725508041,higher,predicted,383.988923919,1.3585,0.270725508041,1.47758152174,0.131507047918,HLA-A*02:03
zhao-vaccine-3cddb5de3fdc73f8,MHCflurry,2.2.1,presentation,0.848930380041,higher,predicted,54.167962424,0.580625,0.848930380041,0.200869565217,0.361787617207,HLA-A*02:03
zhao-vaccine-53ec168fd080effa,MHCflurry,2.2.1,presentation,0.353734866529,higher,predicted,214.624595915,1.108625,0.353734866529,1.18548913043,0.0815438707359,HLA-A*02:03
zhao-vaccine-32a90e336ffe9f36,MHCflurry,2.2.1,presentation,0.0118556735723,higher,predicted,9157.32204366,4.239,0.0118556735723,20.2322554348,0.0322339961422,HLA-A*02:03
zhao-vaccine-67871099a490d0b7,MHCflurry,2.2.1,presentation,0.51576015514,higher,predicted,255.986480725,1.1825,0.51576015514,0.788125,0.318083929364,HLA-A*02:03
zhao-vaccine-e59b09ec5c615041,MHCflurry,2.2.1,presentation,0.678687163595,higher,predicted,154.017196061,0.987875,0.678687163595,0.473695652174,0.372117416933,HLA-A*02:03
zhao-vaccine-f1e4f673cb84311b,MHCflurry,2.2.1,presentation,0.112314589028,higher,predicted,828.808502492,1.721625,0.112314589028,2.69225543478,0.0385105716996,HLA-A*02:03
zhao-vaccine-b1370175a555b7d6,MHCflurry,2.2.1,presentation,0.728829685249,higher,predicted,83.1202597486,0.204,0.728829685249,0.391440217391,0.270888998639,HLA-B*58:01
zhao-vaccine-0eea6d5b9cd833c3,MHCflurry,2.2.1,presentation,0.0144799596264,higher,predicted,6675.58870624,4.4785,0.0144799596264,16.1575543478,0.00272041201242,HLA-A*33:03
zhao-vaccine-ff9183813284c18c,MHCflurry,2.2.1,presentation,0.169158712687,higher,predicted,744.234733916,1.867875,0.169158712687,2.05934782609,0.143414294347,HLA-A*33:03
zhao-vaccine-a337cd9e3db2db1c,MHCflurry,2.2.1,presentation,0.9767234932,higher,predicted,27.097370324,0.00925,0.9767234932,0.0120923913044,0.739872135222,HLA-A*33:03
zhao-vaccine-bad48b682dea20e2,MHCflurry,2.2.1,presentation,0.00881439078726,higher,predicted,22950.8411024,22.434375,0.00881439078726,27.6173913043,0.199832798913,HLA-C*14:03
zhao-vaccine-69265220b712eaff,MHCflurry,2.2.1,presentation,0.540461222968,higher,predicted,77.1868408905,0.225875,0.540461222968,0.737608695652,0.0169606564159,HLA-A*24:02
zhao-vaccine-30fce3961fb83225,MHCflurry,2.2.1,presentation,0.949522796891,higher,predicted,44.2164134629,0.036,0.949522796891,0.0480706521739,0.647538293153,HLA-B*44:03
zhao-vaccine-a33346cd1639929e,MHCflurry,2.2.1,presentation,0.072240314386,higher,predicted,1303.21300512,5.835375,0.072240314386,3.72010869565,0.0255581296515,HLA-C*12:02
zhao-vaccine-8237ebe4fa614cb2,MHCflurry,2.2.1,presentation,0.00881439078726,higher,predicted,22950.8411024,22.434375,0.00881439078726,27.6173913043,0.199832798913,HLA-C*14:03
zhao-vaccine-8fd0352416cfec6e,MHCflurry,2.2.1,presentation,0.10380504394,higher,predicted,812.72035834,1.423125,0.10380504394,2.85152173913,0.00816395139555,HLA-A*31:01
zhao-vaccine-678bd3325aebf69a,MHCflurry,2.2.1,presentation,0.100378450932,higher,predicted,927.394484816,1.491375,0.100378450932,2.91057065217,0.0338350263191,HLA-A*31:01
zhao-vaccine-8e33615b93106694,MHCflurry,2.2.1,presentation,0.682326837664,higher,predicted,72.5069827707,0.560875,0.682326837664,0.4675,0.170016610995,HLA-B*40:02
zhao-vaccine-f0fe0e1502ca3c40,MHCflurry,2.2.1,presentation,0.930480610752,higher,predicted,35.5357476016,0.030375,0.930480610752,0.0761684782609,0.491343289614,HLA-A*24:02
zhao-vaccine-53b0894b3f86cda3,MHCflurry,2.2.1,presentation,0.66170013207,higher,predicted,505.42988353,1.650125,0.66170013207,0.503804347826,0.676639217883,HLA-C*06:02
zhao-vaccine-e90da088575654ed,MHCflurry,2.2.1,presentation,0.900186787128,higher,predicted,49.3993289622,0.10575,0.900186787128,0.121195652174,0.470193037763,HLA-B*55:02
zhao-vaccine-15fc7b4196341249,MHCflurry,2.2.1,presentation,0.0668491325833,higher,predicted,2010.87680359,2.98775,0.0668491325833,3.99690217391,0.12107719481,HLA-A*03:02
zhao-vaccine-31e400851e8cba8e,MHCflurry,2.2.1,presentation,0.750834969938,higher,predicted,56.846186926,0.219875,0.750834969938,0.35597826087,0.19890806824,HLA-A*03:02
zhao-vaccine-728cbd534905bb7c,MHCflurry,2.2.1,presentation,0.153144076253,higher,predicted,576.196144742,1.626625,0.153144076253,2.20225543478,0.0396511454019,HLA-A*03:02
zhao-vaccine-a4010af471f417b5,MHCflurry,2.2.1,presentation,0.0106635095604,higher,predicted,11109.6582644,7.649125,0.0106635095604,22.1923097826,0.0549974577734,HLA-A*03:02
zhao-vaccine-2dbff2366e148251,MHCflurry,2.2.1,presentation,0.0844695289346,higher,predicted,1002.03988281,2.132625,0.0844695289346,3.29679347826,0.00136313248368,HLA-A*03:02
zhao-vaccine-d5f2a4fb941105d2,MHCflurry,2.2.1,presentation,0.632176109277,higher,predicted,56.6142331165,0.137875,0.632176109277,0.557010869565,0.0390839877073,HLA-A*24:02
zhao-vaccine-dba5560226e496f4,MHCflurry,2.2.1,presentation,0.696960768158,higher,predicted,59.2188665938,0.14875,0.696960768158,0.442608695652,0.133765187813,HLA-A*24:02
zhao-vaccine-55d96c19400f7e26,MHCflurry,2.2.1,presentation,0.782238679231,higher,predicted,111.230711461,0.378625,0.782238679231,0.305706521739,0.43285030243,HLA-B*07:02
zhao-vaccine-bd2f8606fb30409a,MHCflurry,2.2.1,presentation,0.868213981187,higher,predicted,77.6459139125,0.225875,0.868213981187,0.171847826087,0.505585847422,HLA-A*24:02
zhao-vaccine-65a25a2687793bd5,MHCflurry,2.2.1,presentation,0.317434576122,higher,predicted,254.024890194,0.666125,0.317434576122,1.30339673913,0.0817669186508,HLA-B*07:02
zhao-vaccine-e10b49188814293a,MHCflurry,2.2.1,presentation,0.830261622428,higher,predicted,49.3877817602,0.103625,0.830261622428,0.230027173913,0.297207213938,HLA-A*24:02
zhao-vaccine-230be4384e65ea36,MHCflurry,2.2.1,presentation,0.0152966420106,higher,predicted,6608.01971986,2.942,0.0152966420106,15.160951087,0.0156692918827,HLA-B*54:01
zhao-vaccine-616ff67e3e0809a3,MHCflurry,2.2.1,presentation,0.0257443820648,higher,predicted,3815.38684304,1.884375,0.0257443820648,9.49423913043,0.0150310653844,HLA-B*54:01
zhao-vaccine-a579507c6a7fddf4,MHCflurry,2.2.1,presentation,0.073163434866,higher,predicted,1992.13885752,2.178375,0.073163434866,3.67942934783,0.145935894223,HLA-A*11:01
zhao-vaccine-dd746da151697768,MHCflurry,2.2.1,presentation,0.763593706443,higher,predicted,62.5727448284,0.310375,0.763593706443,0.336711956522,0.244877168559,HLA-A*11:01
zhao-vaccine-3a22225a5d7f2908,MHCflurry,2.2.1,presentation,0.386206858368,higher,predicted,171.896351602,0.722,0.386206858368,1.09546195652,0.0599895806517,HLA-A*11:01
zhao-vaccine-5caf67c8d2a99efb,MHCflurry,2.2.1,presentation,0.480735292604,higher,predicted,102.734804967,0.511,0.480735292604,0.862880434783,0.0278236489685,HLA-A*11:01
zhao-vaccine-9a578efb510196ff,MHCflurry,2.2.1,presentation,0.963864831562,higher,predicted,38.1523261582,0.0605,0.963864831562,0.0282065217392,0.705750714988,HLA-C*15:02
zhao-vaccine-d695470f95d9e06e,MHCflurry,2.2.1,presentation,0.81257828436,higher,predicted,44.1825527953,0.3145,0.81257828436,0.258967391304,0.232536275871,HLA-A*02:01
zhao-vaccine-efa3f2649bac6ab4,MHCflurry,2.2.1,presentation,0.613389548244,higher,predicted,91.8725017348,0.57575,0.613389548244,0.590407608696,0.149394007865,HLA-A*02:01
zhao-vaccine-08f2b9d1776ef138,MHCflurry,2.2.1,presentation,0.744595821008,higher,predicted,155.906186629,0.784875,0.744595821008,0.366983695652,0.466543063521,HLA-A*02:01
zhao-vaccine-fadd82945ab4638b,MHCflurry,2.2.1,presentation,0.698325240702,higher,predicted,36.6244720144,0.254125,0.698325240702,0.440923913043,0.00367117307906,HLA-A*02:01
zhao-vaccine-0c6854e9a75f6d2c,MHCflurry,2.2.1,presentation,0.960483572518,higher,predicted,42.5950410414,0.303375,0.960483572518,0.0330434782609,0.709716528654,HLA-A*02:01
zhao-vaccine-ce3874fa7fbdef2a,MHCflurry,2.2.1,presentation,0.981228048875,higher,predicted,42.7548331616,0.0435,0.981228048875,0.00616847826088,0.927164152265,HLA-C*07:02
zhao-vaccine-aad48279dc4dd514,MHCflurry,2.2.1,presentation,0.0462456608293,higher,predicted,2646.11250784,5.377,0.0462456608293,5.44942934783,0.0861284100029,HLA-C*07:02
zhao-vaccine-c026707a02efbd26,MHCflurry,2.2.1,presentation,0.0112361070735,higher,predicted,8658.16671701,10.4615,0.0112361070735,20.2322554348,0.00149854481151,HLA-C*07:02
zhao-vaccine-bfa4b61c793e605f,MHCflurry,2.2.1,presentation,0.734023730654,higher,predicted,37.8040114661,0.109375,0.734023730654,0.383695652174,0.0620605860604,HLA-A*31:01
zhao-vaccine-15401e249b05f5c5,MHCflurry,2.2.1,presentation,0.0138202786264,higher,predicted,12387.0773599,5.176875,0.0138202786264,17.3055978261,0.159071190516,HLA-A*31:01
zhao-vaccine-6b5beddba8bd252c,MHCflurry,2.2.1,presentation,0.635685532664,higher,predicted,207.284111327,0.764125,0.635685532664,0.549130434783,0.399662701413,HLA-A*31:01
zhao-vaccine-1c5b74ef6f95d794,MHCflurry,2.2.1,presentation,0.138179026549,higher,predicted,1733.39396273,1.895375,0.138179026549,2.34546195652,0.308010816574,HLA-A*31:01
zhao-vaccine-fea68d4d27ef7814,MHCflurry,2.2.1,presentation,0.975200044295,higher,predicted,29.539256267,0.04325,0.975200044295,0.013097826087,0.745200768113,HLA-A*31:01
zhao-vaccine-d007cff8a448a8ef,MHCflurry,2.2.1,presentation,0.00815649727348,higher,predicted,12151.7214205,5.085375,0.00815649727348,27.6173913043,0.00314634263486,HLA-A*31:01
zhao-vaccine-3e1dbf3a6ee4c36f,MHCflurry,2.2.1,presentation,0.0873978901355,higher,predicted,3457.08624475,2.497875,0.0873978901355,3.21203804348,0.351886327378,HLA-A*31:01
zhao-vaccine-e988571ea77fc8a5,MHCflurry,2.2.1,presentation,0.0171073846431,higher,predicted,6105.08190987,3.241375,0.0171073846431,13.5008967391,0.026076686685,HLA-A*31:01
zhao-vaccine-cc846329c598f7ef,MHCflurry,2.2.1,presentation,0.62081440033,higher,predicted,134.480757339,0.83825,0.62081440033,0.575706521739,0.262880004477,HLA-A*33:03
zhao-vaccine-2ae7ecfc3864a89f,MHCflurry,2.2.1,presentation,0.0166869783983,higher,predicted,6466.47607607,4.396875,0.0166869783983,14.2770380435,0.0347120793012,HLA-A*33:03
zhao-vaccine-1c60e7cef35ab689,MHCflurry,2.2.1,presentation,0.686341432507,higher,predicted,50.0004519765,0.254,0.686341432507,0.461385869565,0.0732367262244,HLA-A*33:03
zhao-vaccine-b95d13f1321c6ed3,MHCflurry,2.2.1,presentation,0.661014903101,higher,predicted,50.1870701347,0.254,0.661014903101,0.505760869565,0.0416857927339,HLA-A*33:03
zhao-vaccine-1e97369be34cf2f7,MHCflurry,2.2.1,presentation,0.727516016646,higher,predicted,46.5715947085,0.08275,0.727516016646,0.39410326087,0.109973608982,HLA-B*07:02
zhao-vaccine-5289e0af5170b9c0,MHCflurry,2.2.1,presentation,0.341375992748,higher,predicted,341.496529007,0.379875,0.341375992748,1.2239673913,0.193647179287,HLA-B*07:05
zhao-vaccine-0382554b4ecb89e3,MHCflurry,2.2.1,presentation,0.893449458685,higher,predicted,61.6103172213,0.061875,0.893449458685,0.131711956522,0.51025184989,HLA-B*07:05
zhao-vaccine-b1fc86c569d9b3b0,MHCflurry,2.2.1,presentation,0.518279583803,higher,predicted,131.058093706,0.190875,0.518279583803,0.783315217391,0.137136345729,HLA-B*07:05
zhao-vaccine-9e10dcb2a49789d0,MHCflurry,2.2.1,presentation,0.964715922905,higher,predicted,33.6316853923,0.066125,0.964715922905,0.0267391304348,0.678112436086,HLA-A*29:01
zhao-vaccine-538a116eb355ac3f,MHCflurry,2.2.1,presentation,0.948351055595,higher,predicted,62.7498087768,0.63825,0.948351055595,0.0495108695652,0.736808247864,HLA-A*02:03
zhao-vaccine-5555779da3a7954b,MHCflurry,2.2.1,presentation,0.109383817889,higher,predicted,1067.89143971,1.688875,0.109383817889,2.74149456522,0.099688293587,HLA-A*11:01
zhao-vaccine-1207e1f28a7ce672,MHCflurry,2.2.1,presentation,0.771467607393,higher,predicted,37.9449518755,0.122125,0.771467607393,0.323505434783,0.120028252713,HLA-A*11:01
zhao-vaccine-145673a06fe32c32,MHCflurry,2.2.1,presentation,0.123644417391,higher,predicted,867.355781808,1.743625,0.123644417391,2.53013586957,0.081784682523,HLA-A*02:03
zhao-vaccine-8778badd24dbb533,MHCflurry,2.2.1,presentation,0.788324301043,higher,predicted,63.1954422355,0.1895,0.788324301043,0.29597826087,0.287834597751,HLA-B*40:01
zhao-vaccine-361fc2f6770f984f,MHCflurry,2.2.1,presentation,0.976865900766,higher,predicted,20.6714461755,0.2095,0.976865900766,0.0120923913044,0.667334798723,HLA-A*02:03
zhao-vaccine-1070795508b31641,MHCflurry,2.2.1,presentation,0.777271534614,higher,predicted,26.8994509901,0.312375,0.777271534614,0.313695652174,0.0349676031037,HLA-A*02:03
zhao-vaccine-a5bfe0738421772d,MHCflurry,2.2.1,presentation,0.834472681632,higher,predicted,23.2321900263,0.256375,0.834472681632,0.223885869565,0.0986902585719,HLA-A*02:03
zhao-vaccine-37ce52867b245b48,MHCflurry,2.2.1,presentation,0.851760043208,higher,predicted,33.5919977456,0.084,0.851760043208,0.197744565217,0.236897296738,HLA-A*11:01
zhao-vaccine-da47a1ad401e2996,MHCflurry,2.2.1,presentation,0.0371318638349,higher,predicted,2545.59412658,2.413,0.0371318638349,6.63130434783,0.0107720343221,HLA-A*11:01
zhao-vaccine-96f54241bdd80a5f,MHCflurry,2.2.1,presentation,0.0581909583761,higher,predicted,1839.90633841,1.034875,0.0581909583761,4.4545923913,0.0548685578688,HLA-B*40:01
zhao-vaccine-7bb94fe418471df7,MHCflurry,2.2.1,presentation,0.441673264281,higher,predicted,112.298890414,0.547125,0.441673264281,0.952527173913,0.00780915546056,HLA-A*11:01
zhao-vaccine-a6747d61775f09f7,MHCflurry,2.2.1,presentation,0.310819390659,higher,predicted,197.56825421,1.082875,0.310819390659,1.32733695652,0.00408390740631,HLA-A*02:03
zhao-vaccine-6da954109a635742,MHCflurry,2.2.1,presentation,0.1949370047,higher,predicted,405.985889388,1.379875,0.1949370047,1.87081521739,0.0260303051327,HLA-A*02:03
zhao-vaccine-f441c6d5ea9c9518,MHCflurry,2.2.1,presentation,0.923513467886,higher,predicted,64.2972859446,0.32325,0.923513467886,0.0861141304348,0.625020286068,HLA-A*11:01
zhao-vaccine-5d08657e7e0d61ea,MHCflurry,2.2.1,presentation,0.0112812274003,higher,predicted,12867.2262589,5.32575,0.0112812274003,20.2322554348,0.111410983372,HLA-A*02:03
zhao-vaccine-9afe0fd40501fb25,MHCflurry,2.2.1,presentation,0.992347476622,higher,predicted,16.9057151079,0,0.992347476622,0.000706521739119,0.9292402789,HLA-A*26:01
zhao-vaccine-4483f2a784fc6ed9,MHCflurry,2.2.1,presentation,0.975698611729,higher,predicted,29.4646588556,0.02275,0.975698611729,0.013097826087,0.750390905887,HLA-B*35:01
zhao-vaccine-dc896238782e4631,MHCflurry,2.2.1,presentation,0.875612467184,higher,predicted,54.9537543294,0.434,0.875612467184,0.160923913043,0.429415171966,HLA-A*02:06
zhao-vaccine-bf220356d06db0f0,MHCflurry,2.2.1,presentation,0.00866322028315,higher,predicted,13021.2992365,6.935875,0.00866322028315,27.6173913043,0.0393005744554,HLA-A*02:06
zhao-vaccine-a75e663bab34906c,MHCflurry,2.2.1,presentation,0.442101816728,higher,predicted,111.430101594,0.731875,0.442101816728,0.952527173913,0.00616808746418,HLA-A*02:06
zhao-vaccine-54ec293e84e13508,MHCflurry,2.2.1,presentation,0.122022649455,higher,predicted,9955.52821834,5.594375,0.122022649455,2.5575,0.747523881495,HLA-A*02:06
zhao-vaccine-6d227e48064eb22f,MHCflurry,2.2.1,presentation,0.980234137856,higher,predicted,26.0363758827,0.00975,0.980234137856,0.00725543478262,0.776128090918,HLA-B*35:01
zhao-vaccine-44f1285caea075a7,MHCflurry,2.2.1,presentation,0.331141309502,higher,predicted,225.333767375,1.058625,0.331141309502,1.25918478261,0.0665449746884,HLA-A*02:06
zhao-vaccine-2dea372668b54f24,MHCflurry,2.2.1,presentation,0.534213863059,higher,predicted,123.059323719,0.7735,0.534213863059,0.749375,0.137913191691,HLA-A*02:06
zhao-vaccine-a65e858815f38613,MHCflurry,2.2.1,presentation,0.618443582887,higher,predicted,128.984821138,0.794,0.618443582887,0.581548913043,0.248581436463,HLA-A*02:06
zhao-vaccine-798364a9eb823880,MHCflurry,2.2.1,presentation,0.0573592479741,higher,predicted,1996.94974452,7.144,0.0573592479741,4.51926630435,0.0730367065407,HLA-C*12:02
zhao-vaccine-295b177510adca1e,MHCflurry,2.2.1,presentation,0.0656172294013,higher,predicted,8643.78117285,5.79325,0.0656172294013,4.0479076087,0.515798558947,HLA-B*39:02
zhao-vaccine-25b0ee2d16a42eda,MHCflurry,2.2.1,presentation,0.739140305787,higher,predicted,30.6042777212,0.198625,0.739140305787,0.375298913043,0.0115106356534,HLA-A*02:01
zhao-vaccine-dead279e867c4665,MHCflurry,2.2.1,presentation,0.668389869647,higher,predicted,49.5264913766,0.35225,0.668389869647,0.493315217391,0.0474010350881,HLA-A*02:01
zhao-vaccine-b629247dcc4ce157,MHCflurry,2.2.1,presentation,0.0375551322906,higher,predicted,2857.37921562,2.306625,0.0375551322906,6.63130434783,0.0458202652408,HLA-A*31:01
zhao-vaccine-645c0657755c03d1,MHCflurry,2.2.1,presentation,0.017948650525,higher,predicted,10601.2495442,4.563875,0.017948650525,13.5008967391,0.191390766762,HLA-A*31:01
zhao-vaccine-56e09080ec5d141a,MHCflurry,2.2.1,presentation,0.0188710533008,higher,predicted,6044.49359326,3.891375,0.0188710533008,12.8054619565,0.05157796805,HLA-A*02:01
zhao-vaccine-e65870d5c13f0cae,MHCflurry,2.2.1,presentation,0.624697556737,higher,predicted,104.769156284,0.62575,0.624697556737,0.568586956522,0.199009908363,HLA-A*02:01
zhao-vaccine-e163786dd60b30c6,MHCflurry,2.2.1,presentation,0.0638381192096,higher,predicted,1433.21408379,2.01575,0.0638381192096,4.15711956522,0.014167762507,HLA-A*02:01
zhao-vaccine-52abf4ab6ec53398,MHCflurry,2.2.1,presentation,0.727166261739,higher,predicted,36.9964175914,0.103125,0.727166261739,0.39410326087,0.0462846667506,HLA-A*31:01
zhao-vaccine-f095e17a85ac6274,MHCflurry,2.2.1,presentation,0.666111879365,higher,predicted,44.1293699433,0.349125,0.666111879365,0.496684782609,0.0128243385698,HLA-A*02:06
zhao-vaccine-ae66c36ac74a789a,MHCflurry,2.2.1,presentation,0.677729257135,higher,predicted,41.401010249,0.156125,0.677729257135,0.475326086956,0.0101992734126,HLA-A*33:03
zhao-vaccine-efda1ba858fbe5cd,MHCflurry,2.2.1,presentation,0.500660031776,higher,predicted,125.158878841,0.777625,0.500660031776,0.818614130435,0.104563156376,HLA-A*02:06
zhao-vaccine-748ce69b5e1e7d7a,MHCflurry,2.2.1,presentation,0.853821970962,higher,predicted,33.0321230847,0.060125,0.853821970962,0.194701086957,0.236925280187,HLA-A*33:03
zhao-vaccine-3aff159c60b53eab,MHCflurry,2.2.1,presentation,0.708865909778,higher,predicted,43.4565821971,0.345875,0.708865909778,0.423233695652,0.0649161710171,HLA-A*02:06
zhao-vaccine-36b2b5626e9cf020,MHCflurry,2.2.1,presentation,0.648965945905,higher,predicted,61.8378743867,0.18425,0.648965945905,0.526358695652,0.0839270709548,HLA-B*15:01
zhao-vaccine-914803d50e1be2db,MHCflurry,2.2.1,presentation,0.926682214704,higher,predicted,21.1793656659,0.11175,0.926682214704,0.0822282608696,0.333074687049,HLA-A*02:06
zhao-vaccine-57e80af6b56dfdf5,MHCflurry,2.2.1,presentation,0.307029690193,higher,predicted,296.824817611,0.85725,0.307029690193,1.34157608696,0.110819905763,HLA-B*15:01
zhao-vaccine-9e18dbe1835f1997,MHCflurry,2.2.1,presentation,0.482947559805,higher,predicted,254.628335014,0.618875,0.482947559805,0.858478260869,0.279514112044,HLA-B*35:01
zhao-vaccine-9d185ca51b52793e,MHCflurry,2.2.1,presentation,0.98196673671,higher,predicted,27.7892649453,0.038,0.98196673671,0.00616847826088,0.820443302393,HLA-A*11:01
zhao-vaccine-c845ec4db4fdf2b1,MHCflurry,2.2.1,presentation,0.919521929678,higher,predicted,39.4841620736,0.134875,0.919521929678,0.091875,0.47554846108,HLA-A*11:01
zhao-vaccine-2559495fe7cc09c8,MHCflurry,2.2.1,presentation,0.814863502751,higher,predicted,26.7765863309,0.0305,0.814863502751,0.254293478261,0.0993078163592,HLA-A*11:01
zhao-vaccine-e228d834b3506f37,MHCflurry,2.2.1,presentation,0.844162108379,higher,predicted,28.3488988439,0.0425,0.844162108379,0.208940217391,0.173648434225,HLA-A*11:01
zhao-vaccine-632173550f8defa7,MHCflurry,2.2.1,presentation,0.0349315636111,higher,predicted,3122.83550731,2.61925,0.0349315636111,7.14706521739,0.048971710261,HLA-A*11:01
zhao-vaccine-429e2fc94d9e9045,MHCflurry,2.2.1,presentation,0.62870147957,higher,predicted,50.118559077,0.222625,0.62870147957,0.561902173913,0.00141112635538,HLA-A*11:01
zhao-vaccine-5fe6eb68309e409a,MHCflurry,2.2.1,presentation,0.688551670804,higher,predicted,50.3317118678,0.10675,0.688551670804,0.457989130435,0.0779569754377,HLA-A*24:02
zhao-vaccine-0dfb7b47d5d12f64,MHCflurry,2.2.1,presentation,0.759960132075,higher,predicted,86.4094797275,0.25925,0.759960132075,0.341277173913,0.327830140479,HLA-A*24:02
zhao-vaccine-3e67648453abcd83,MHCflurry,2.2.1,presentation,0.962887366521,higher,predicted,40.6462117916,0.1465,0.962887366521,0.0298641304348,0.715303659439,HLA-A*11:01
zhao-vaccine-38f2049f0ff4c129,MHCflurry,2.2.1,presentation,0.636917488913,higher,predicted,288.252308686,1.12075,0.636917488913,0.547092391304,0.491695251316,HLA-A*03:02
zhao-vaccine-57d0eb88667194d5,MHCflurry,2.2.1,presentation,0.434401199746,higher,predicted,553.918994924,1.290125,0.434401199746,0.971114130435,0.437583116814,HLA-A*11:01
zhao-vaccine-f1aee3464f60a35c,MHCflurry,2.2.1,presentation,0.302520032043,higher,predicted,213.444563095,0.93525,0.302520032043,1.35619565217,0.0142711823864,HLA-A*03:02
zhao-vaccine-2558c43d3ff0ad35,MHCflurry,2.2.1,presentation,0.0148743233673,higher,predicted,17148.6957329,7.417375,0.0148743233673,16.1575543478,0.26944570709,HLA-A*11:01
zhao-vaccine-c772357dc481e666,MHCflurry,2.2.1,presentation,0.00346044256628,higher,predicted,30181.080479,12.463625,0.00346044256628,99.2866032609,0.00923468734254,HLA-A*26:03
zhao-vaccine-4fd5d53649a59869,MHCflurry,2.2.1,presentation,0.990259996686,higher,predicted,22.7739157863,0.000375,0.990259996686,0.00111413043476,0.942274451256,HLA-A*24:02
zhao-vaccine-03337e287c4c1eb9,MHCflurry,2.2.1,presentation,0.468696268902,higher,predicted,109.755111015,0.33075,0.468696268902,0.891005434782,0.0323246644402,HLA-A*24:02
zhao-vaccine-a1619d1bdeaec50c,MHCflurry,2.2.1,presentation,0.00714004964923,higher,predicted,13947.3444464,0.859625,0.00714004964923,31.6431793478,0.00307592887839,HLA-A*26:03
zhao-vaccine-357637a55b5dfa0c,MHCflurry,2.2.1,presentation,0.544498433587,higher,predicted,111.420558692,0.624375,0.544498433587,0.728559782609,0.122336530592,HLA-C*07:02
zhao-vaccine-f5effd103564b8de,MHCflurry,2.2.1,presentation,0.14663181616,higher,predicted,564.9779986,1.69525,0.14663181616,2.26105978261,0.0198064846045,HLA-A*33:03
zhao-vaccine-616ea22fb1ba1a9e,MHCflurry,2.2.1,presentation,0.742577339484,higher,predicted,72.0107928742,0.06025,0.742577339484,0.369809782609,0.251486732624,HLA-B*39:01
zhao-vaccine-c88d67228419fc50,MHCflurry,2.2.1,presentation,0.214181212999,higher,predicted,451.941224874,1.281125,0.214181212999,1.75573369565,0.0889172476309,HLA-A*02:01
zhao-vaccine-ca0cdaf9d43b725f,MHCflurry,2.2.1,presentation,0.794190684874,higher,predicted,184.28726328,0.253125,0.794190684874,0.286847826087,0.591702315956,HLA-B*39:01
zhao-vaccine-b79174e32f0a9eae,MHCflurry,2.2.1,presentation,0.0963950337501,higher,predicted,1886.06382345,1.307375,0.0963950337501,2.99168478261,0.216027873568,HLA-B*58:01
zhao-vaccine-2bf13a54882991b8,MHCflurry,2.2.1,presentation,0.773002203763,higher,predicted,71.1548778359,0.167875,0.773002203763,0.319945652174,0.295102800941,HLA-B*58:01
zhao-vaccine-8f375180dc93b864,MHCflurry,2.2.1,presentation,0.0160534473139,higher,predicted,6157.16430036,2.7765,0.0160534473139,14.2770380435,0.0101341219815,HLA-A*24:02
zhao-vaccine-85eb791d393f0129,MHCflurry,2.2.1,presentation,0.191556854626,higher,predicted,387.94824978,0.99725,0.191556854626,1.89105978261,0.00742550799623,HLA-B*15:01
zhao-vaccine-7625040ee15f1bba,MHCflurry,2.2.1,presentation,0.676978225651,higher,predicted,44.8294400231,0.164125,0.676978225651,0.476902173913,0.031070232857,HLA-C*03:03
zhao-vaccine-a4ade91218cdc75f,MHCflurry,2.2.1,presentation,0.973974981296,higher,predicted,35.6477902019,0.02875,0.973974981296,0.0141576086957,0.782822042704,HLA-B*15:01
zhao-vaccine-401d2a0add232871,MHCflurry,2.2.1,presentation,0.268137800766,higher,predicted,271.267242964,1.76975,0.268137800766,1.49035326087,0.0323866874096,HLA-C*03:03
zhao-vaccine-b4bca017beffad42,MHCflurry,2.2.1,presentation,0.657025767919,higher,predicted,116.238690306,0.10225,0.657025767919,0.512826086956,0.267250158824,HLA-A*26:02
zhao-vaccine-429e3f8c0f5c862c,MHCflurry,2.2.1,presentation,0.694002530125,higher,predicted,45.7240802835,0.08175,0.694002530125,0.4475,0.0588174794102,HLA-A*24:02
zhao-vaccine-4d63951595b04409,MHCflurry,2.2.1,presentation,0.844943907519,higher,predicted,38.641956624,0.024,0.844943907519,0.207065217391,0.260370015167,HLA-C*07:02
zhao-vaccine-47647b5942f35551,MHCflurry,2.2.1,presentation,0.0320645070963,higher,predicted,3715.52288542,1.016625,0.0320645070963,7.55826086957,0.0716368804133,HLA-A*26:02
zhao-vaccine-fdd8fc87e5104d7b,MHCflurry,2.2.1,presentation,0.320992591549,higher,predicted,187.446794047,1.24425,0.320992591549,1.2933423913,0.00295189670214,HLA-C*03:03
zhao-vaccine-d4aa4e707108dc27,MHCflurry,2.2.1,presentation,0.856585980075,higher,predicted,35.6621132894,0.0115,0.856585980075,0.189836956522,0.26426609233,HLA-B*55:02
zhao-vaccine-c51e7ea4f4c184cc,MHCflurry,2.2.1,presentation,0.0258802945494,higher,predicted,4397.49021789,1.136875,0.0258802945494,9.49423913043,0.0555409564986,HLA-A*26:02
zhao-vaccine-d05912317fe97c27,MHCflurry,2.2.1,presentation,0.00787960624379,higher,predicted,20436.8757983,5.30675,0.00787960624379,31.6431793478,0.136030530237,HLA-A*26:02
zhao-vaccine-e6461efde3c2741a,MHCflurry,2.2.1,presentation,0.0190440168588,higher,predicted,13017.1681906,2.7405,0.0190440168588,12.1872282609,0.264810972847,HLA-A*26:02
zhao-vaccine-5df5dec8f4f78c14,MHCflurry,2.2.1,presentation,0.688730982523,higher,predicted,103.229489573,0.32475,0.688730982523,0.456331521739,0.27539972309,HLA-B*44:03
zhao-vaccine-b669bb46479a807e,MHCflurry,2.2.1,presentation,0.161904449709,higher,predicted,1016.13123002,1.043125,0.161904449709,2.12005434783,0.214060740313,HLA-B*44:03
zhao-vaccine-cf766650b07d46ee,MHCflurry,2.2.1,presentation,0.760423998668,higher,predicted,50.6804178502,0.1095,0.760423998668,0.341277173913,0.182067083195,HLA-A*24:02
zhao-vaccine-74aa856bf12974ba,MHCflurry,2.2.1,presentation,0.705719850407,higher,predicted,63.2498617682,0.458125,0.705719850407,0.427663043478,0.163663920423,HLA-B*40:02
zhao-vaccine-64c98e09b69a5d62,MHCflurry,2.2.1,presentation,0.922610433311,higher,predicted,42.8422625988,0.13875,0.922610433311,0.087472826087,0.509965818375,HLA-B*40:02
zhao-vaccine-80bf7079133ebe0b,MHCflurry,2.2.1,presentation,0.635011512246,higher,predicted,96.6797538436,0.509,0.635011512246,0.551168478261,0.189453565516,HLA-C*03:04
zhao-vaccine-efcea0bc4d09a05f,MHCflurry,2.2.1,presentation,0.67766952364,higher,predicted,748.176687505,1.04775,0.67766952364,0.476902173913,0.804728463292,HLA-A*24:02
zhao-vaccine-c8f8737258d70cd3,MHCflurry,2.2.1,presentation,0.949215755472,higher,predicted,28.9489909799,0.019625,0.949215755472,0.0480706521739,0.5294491034,HLA-B*35:01
zhao-vaccine-b6b92b7e81b75a24,MHCflurry,2.2.1,presentation,0.61969214533,higher,predicted,63.5763189544,0.17,0.61969214533,0.577934782609,0.0558544789674,HLA-B*35:01
zhao-vaccine-59e134551336c4e2,MHCflurry,2.2.1,presentation,0.579753591296,higher,predicted,84.6643509711,0.249,0.579753591296,0.655597826087,0.0874439961044,HLA-B*35:01
zhao-vaccine-36e0cd0961711f12,MHCflurry,2.2.1,presentation,0.526634535008,higher,predicted,89.8577378006,0.267625,0.526634535008,0.763804347826,0.0429868348874,HLA-B*35:01
zhao-vaccine-14d313929ec1d378,MHCflurry,2.2.1,presentation,0.699584073712,higher,predicted,151.397233271,0.433875,0.699584073712,0.439701086957,0.394984662533,HLA-A*24:02
zhao-vaccine-09d2cc1ffc78278c,MHCflurry,2.2.1,presentation,0.450549305738,higher,predicted,118.310152229,0.7375,0.450549305738,0.93152173913,0.0322780818678,HLA-C*03:03
zhao-vaccine-29926a93b0712d4a,MHCflurry,2.2.1,presentation,0.0293141783963,higher,predicted,4289.72393285,9.15525,0.0293141783963,8.26921195652,0.0849406648049,HLA-C*03:03
zhao-vaccine-cf5b8ca20e933ae7,MHCflurry,2.2.1,presentation,0.285533678279,higher,predicted,373.815371864,0.769125,0.285533678279,1.41804347826,0.144984909333,HLA-B*35:01
zhao-vaccine-7acafd6c9399806c,MHCflurry,2.2.1,presentation,0.00720289873724,higher,predicted,17850.3038926,7.525875,0.00720289873724,31.6431793478,0.0733080881182,HLA-A*31:01
zhao-vaccine-1f54547768a20317,MHCflurry,2.2.1,presentation,0.0847137330666,higher,predicted,3299.32670218,8.012375,0.0847137330666,3.29679347826,0.329416833352,HLA-C*03:03
zhao-vaccine-aeca70f8cbb54a5f,MHCflurry,2.2.1,presentation,0.578581527229,higher,predicted,63.7106485524,0.195125,0.578581527229,0.657201086956,0.00802173953343,HLA-B*15:01
zhao-vaccine-22646f8f1e1870b8,MHCflurry,2.2.1,presentation,0.541851584628,higher,predicted,80.9052184409,0.286125,0.541851584628,0.732880434782,0.0314601023274,HLA-B*15:01
zhao-vaccine-6cc35d9d03631477,MHCflurry,2.2.1,presentation,0.668244838583,higher,predicted,461.187060964,1.131125,0.668244838583,0.493315217391,0.659793090075,HLA-A*31:01
zhao-vaccine-2a6e650dc246bcb9,MHCflurry,2.2.1,presentation,0.231166314517,higher,predicted,299.152272168,0.646875,0.231166314517,1.66154891304,0.00338808108063,HLA-B*44:03
zhao-vaccine-906a46f65f28953c,MHCflurry,2.2.1,presentation,0.738483890937,higher,predicted,55.9860630846,0.314875,0.738483890937,0.376902173913,0.176360383164,HLA-A*33:03
zhao-vaccine-447ed56142240d01,MHCflurry,2.2.1,presentation,0.784226594313,higher,predicted,183.165711495,1.021875,0.784226594313,0.302798913043,0.573095330968,HLA-A*33:03
zhao-vaccine-ed9e43eb5539cacc,MHCflurry,2.2.1,presentation,0.673977393073,higher,predicted,54.4294603183,0.3025,0.673977393073,0.482527173913,0.0804727009963,HLA-A*33:03
zhao-vaccine-5c20ac9e9a0ee4fd,MHCflurry,2.2.1,presentation,0.50134791996,higher,predicted,199.736051105,1.079375,0.50134791996,0.818614130435,0.233663716353,HLA-A*33:03
zhao-vaccine-bb8687f15bc6f190,MHCflurry,2.2.1,presentation,0.555664048465,higher,predicted,100.546491159,0.500625,0.555664048465,0.703994565217,0.1068953746,HLA-C*14:03
zhao-vaccine-af08ded50637db18,MHCflurry,2.2.1,presentation,0.531287184472,higher,predicted,669.237260345,1.80175,0.531287184472,0.755407608696,0.599513720721,HLA-C*14:03
zhao-vaccine-0a348598a556c0e9,MHCflurry,2.2.1,presentation,0.00494188357846,higher,predicted,25959.841792,31.990625,0.00494188357846,62.744673913,0.0690090249409,HLA-C*14:03
zhao-vaccine-6dff12cf97e8daa0,MHCflurry,2.2.1,presentation,0.944213391754,higher,predicted,28.7563312764,0.047375,0.944213391754,0.0557608695652,0.499569552019,HLA-A*11:01
zhao-vaccine-3e7d11a8e23fcc9b,MHCflurry,2.2.1,presentation,0.968705576876,higher,predicted,56.1589047951,0.0355,0.968705576876,0.0214130434783,0.853953339159,HLA-B*54:01
zhao-vaccine-961bc6818383d108,MHCflurry,2.2.1,presentation,0.977396320274,higher,predicted,50.0141550703,0.222625,0.977396320274,0.0108695652174,0.916613303125,HLA-A*11:01
zhao-vaccine-a06ffb29914ff89e,MHCflurry,2.2.1,presentation,0.951979046732,higher,predicted,30.6396707783,0.059375,0.951979046732,0.0440760869565,0.561666656286,HLA-A*11:01
zhao-vaccine-3b206bf21e2c226f,MHCflurry,2.2.1,presentation,0.864903507807,higher,predicted,74.4407719609,0.38,0.864903507807,0.176141304348,0.485920790583,HLA-A*11:01
zhao-vaccine-c65b7de8500d2319,MHCflurry,2.2.1,presentation,0.0936199012312,higher,predicted,1442.25228368,1.91,0.0936199012312,3.05951086957,0.133250038372,HLA-A*11:01
zhao-vaccine-e44496dfd999e7ba,MHCflurry,2.2.1,presentation,0.648293014328,higher,predicted,51.0148501444,0.230375,0.648293014328,0.527907608696,0.030271522468,HLA-A*11:01
zhao-vaccine-fbde732c3898b73d,MHCflurry,2.2.1,presentation,0.584165959911,higher,predicted,169.926743163,0.473,0.584165959911,0.646739130435,0.283833734225,HLA-A*24:02
zhao-vaccine-3ac5f839d4b889f0,MHCflurry,2.2.1,presentation,0.073598439364,higher,predicted,1173.56483703,2.45825,0.073598439364,3.67942934783,0.00246839727697,HLA-C*03:04
zhao-vaccine-1194756f00230216,MHCflurry,2.2.1,presentation,0.0232092973153,higher,predicted,6352.15501509,3.645125,0.0232092973153,10.2319836957,0.124944269191,HLA-A*11:01
zhao-vaccine-f2ae0bcb8691fda9,MHCflurry,2.2.1,presentation,0.987161702496,higher,predicted,24.5257240506,0.015625,0.987161702496,0.0020652173913,0.88367254287,HLA-A*11:01
zhao-vaccine-f0fb4c07c768db71,MHCflurry,2.2.1,presentation,0.751303058828,higher,predicted,30.4258859632,0.059375,0.751303058828,0.35597826087,0.0280138261733,HLA-A*11:01
zhao-vaccine-78496bc341152f7f,MHCflurry,2.2.1,presentation,0.573094628519,higher,predicted,114.560043964,0.696875,0.573094628519,0.669211956522,0.162757261191,HLA-B*13:01
zhao-vaccine-9d8d8ea4af10a013,MHCflurry,2.2.1,presentation,0.72734865266,higher,predicted,52.7786983,0.24475,0.72734865266,0.39410326087,0.144084450672,HLA-A*11:01
zhao-vaccine-6eb6266f157532ce,MHCflurry,2.2.1,presentation,0.027636013535,higher,predicted,3769.32888807,2.592375,0.027636013535,8.83929347826,0.0322858504951,HLA-A*31:01
zhao-vaccine-c1a076ce01ad4895,MHCflurry,2.2.1,presentation,0.74665862729,higher,predicted,59.8781381514,0.11825,0.74665862729,0.363913043478,0.206899168435,HLA-A*30:01
zhao-vaccine-4bbfb97b7db0de5a,MHCflurry,2.2.1,presentation,0.302297181788,higher,predicted,206.347437055,0.46725,0.302297181788,1.35964673913,0.00468886852468,HLA-A*30:01
zhao-vaccine-b4daaf3d4726716c,MHCflurry,2.2.1,presentation,0.682113212905,higher,predicted,93.743210006,0.285375,0.682113212905,0.4675,0.240260597318,HLA-A*24:02
zhao-vaccine-68ff3dde884e7c4e,MHCflurry,2.2.1,presentation,0.323169835911,higher,predicted,722.495235254,1.027875,0.323169835911,1.28616847826,0.376182090491,HLA-A*24:02
zhao-vaccine-0fde749e91676614,MHCflurry,2.2.1,presentation,0.0366340224676,higher,predicted,18776.0498045,10.655375,0.0366340224676,6.79260869565,0.555398966186,HLA-A*02:06
zhao-vaccine-6c19ca9415660072,MHCflurry,2.2.1,presentation,0.00474051512692,higher,predicted,24572.5314403,18.42025,0.00474051512692,62.744673913,0.0421159012767,HLA-A*02:06
zhao-vaccine-e193835d86e00144,MHCflurry,2.2.1,presentation,0.463176119368,higher,predicted,111.234879267,0.731875,0.463176119368,0.903559782609,0.0297314680647,HLA-A*02:06
zhao-vaccine-34858ebc5372184d,MHCflurry,2.2.1,presentation,0.813878179086,higher,predicted,71.0143000337,0.533,0.813878179086,0.255679347826,0.365237808786,HLA-A*02:06
zhao-vaccine-53a1191cb4bd5ee6,MHCflurry,2.2.1,presentation,0.342741326764,higher,predicted,193.798259001,0.73525,0.342741326764,1.22095108696,0.0398302641697,HLA-A*31:01
zhao-vaccine-61ffb955f248e05d,MHCflurry,2.2.1,presentation,0.00449313544791,higher,predicted,25555.7736114,47.087,0.00449313544791,62.744673913,0.0376690790144,HLA-C*03:03
zhao-vaccine-6118202e104aeba7,MHCflurry,2.2.1,presentation,0.914508607581,higher,predicted,25.2855147293,0.01625,0.914508607581,0.0995108695652,0.334570300765,HLA-A*31:01
zhao-vaccine-320d4b079fad1973,MHCflurry,2.2.1,presentation,0.00718124582778,higher,predicted,22531.1331015,6.151875,0.00718124582778,31.6431793478,0.136384879239,HLA-A*24:46
zhao-vaccine-ba2179005c8430b0,MHCflurry,2.2.1,presentation,0.947247351264,higher,predicted,104.775744233,0.101875,0.947247351264,0.0509510869565,0.871249854565,HLA-A*24:46
zhao-vaccine-9bc9263a325135b3,MHCflurry,2.2.1,presentation,0.823128723457,higher,predicted,170.991891761,0.678125,0.823128723457,0.240951086956,0.624087315053,HLA-A*31:01
zhao-vaccine-151cd04499d7313c,MHCflurry,2.2.1,presentation,0.983001970798,higher,predicted,18.6787708337,0.082375,0.983001970798,0.00451086956522,0.728386864066,HLA-A*02:01
zhao-vaccine-d52a1385e04d713d,MHCflurry,2.2.1,presentation,0.818934859761,higher,predicted,30.5274691426,0.00925,0.818934859761,0.248152173913,0.14299302618,HLA-B*15:01
zhao-vaccine-844033c362ad7a84,MHCflurry,2.2.1,presentation,0.96378417452,higher,predicted,17.4672437846,0.07125,0.96378417452,0.0282065217392,0.4906110093,HLA-A*02:01
zhao-vaccine-882306121ddf6b32,MHCflurry,2.2.1,presentation,0.00486215485907,higher,predicted,22973.982697,6.936,0.00486215485907,62.744673913,0.0308439283253,HLA-A*26:02
zhao-vaccine-11ef567a0e7465d5,MHCflurry,2.2.1,presentation,0.163760452354,higher,predicted,777.573860847,0.416875,0.163760452354,2.10336956522,0.144448106876,HLA-A*26:02
zhao-vaccine-e185c06a06832ff7,MHCflurry,2.2.1,presentation,0.0196808621711,higher,predicted,5525.2818332,1.311625,0.0196808621711,12.1872282609,0.0390297166887,HLA-A*26:02
zhao-vaccine-99a2be21eb0c1347,MHCflurry,2.2.1,presentation,0.806353744351,higher,predicted,80.3618692981,0.52125,0.806353744351,0.26839673913,0.385360389948,HLA-A*02:01
zhao-vaccine-cdb1ded316e5bc08,MHCflurry,2.2.1,presentation,0.70934969257,higher,predicted,71.1803412887,0.237,0.70934969257,0.423233695652,0.201051331591,HLA-B*15:01
zhao-vaccine-b2e421139854d8be,MHCflurry,2.2.1,presentation,0.950841861509,higher,predicted,36.5731262818,0.254125,0.950841861509,0.0465217391304,0.603312075138,HLA-A*02:01
zhao-vaccine-1d6a83690a176302,MHCflurry,2.2.1,presentation,0.740203150491,higher,predicted,67.5686775705,0.219,0.740203150491,0.373586956522,0.23050657846,HLA-B*15:01
zhao-vaccine-e3cd5634b3b73d2b,MHCflurry,2.2.1,presentation,0.888916179978,higher,predicted,12.0776031776,0.015375,0.888916179978,0.138342391304,0.0496836818056,HLA-A*02:01
zhao-vaccine-9f2f88a4b27fe475,MHCflurry,2.2.1,presentation,0.608954561045,higher,predicted,240.64297961,0.5975,0.608954561045,0.598206521739,0.408475995064,HLA-B*35:01
zhao-vaccine-7f3ccab1ad04ec08,MHCflurry,2.2.1,presentation,0.857096646272,higher,predicted,63.9058128999,0.17,0.857096646272,0.188586956522,0.425587015692,HLA-B*35:01
zhao-vaccine-fb6c9cad429e4680,MHCflurry,2.2.1,presentation,0.960471075656,higher,predicted,31.4448371463,0.01475,0.960471075656,0.0330434782609,0.626300174743,HLA-A*24:02
zhao-vaccine-1ed8bfb076e0bd86,MHCflurry,2.2.1,presentation,0.894057637094,higher,predicted,47.8020504551,0.092875,0.894057637094,0.130217391304,0.442394901067,HLA-B*07:02
zhao-vaccine-549621310287b89a,MHCflurry,2.2.1,presentation,0.759885774834,higher,predicted,26.4584924091,0.16225,0.759885774834,0.341277173913,0.00279291967308,HLA-A*02:01
zhao-vaccine-4c4549e8b044b957,MHCflurry,2.2.1,presentation,0.953612413267,higher,predicted,44.0954309013,0.071375,0.953612413267,0.0427173913044,0.671880614012,HLA-A*24:02
zhao-vaccine-260a1f44f52497e0,MHCflurry,2.2.1,presentation,0.904200949502,higher,predicted,25.0305563566,0.150625,0.904200949502,0.114918478261,0.296409917995,HLA-A*02:01
zhao-vaccine-110de4aa20d26af6,MHCflurry,2.2.1,presentation,0.358505492465,higher,predicted,259.577392315,0.627125,0.358505492465,1.170625,0.13963173877,HLA-B*35:01
zhao-vaccine-e8653d192eae3e34,MHCflurry,2.2.1,presentation,0.0556942528388,higher,predicted,2413.34576176,2.484625,0.0556942528388,4.65758152174,0.116208050284,HLA-A*02:01
zhao-vaccine-e17f1f0641708376,MHCflurry,2.2.1,presentation,0.120013398767,higher,predicted,695.483739867,4.223125,0.120013398767,2.58752717391,0.0115621437726,HLA-C*12:02
zhao-vaccine-cf72de33b138153d,MHCflurry,2.2.1,presentation,0.669118796784,higher,predicted,44.9730445317,0.161625,0.669118796784,0.49160326087,0.0218533422449,HLA-A*31:01
zhao-vaccine-bf0289636ad7c89c,MHCflurry,2.2.1,presentation,0.190202739175,higher,predicted,442.932305474,1.109625,0.190202739175,1.89847826087,0.0413361782994,HLA-A*31:01
zhao-vaccine-51278c3cc9822a92,MHCflurry,2.2.1,presentation,0.46040577614,higher,predicted,112.107315255,0.09925,0.46040577614,0.910326086956,0.0287259337347,HLA-A*26:02
zhao-vaccine-0c2febc3043a65b7,MHCflurry,2.2.1,presentation,0.0112118100892,higher,predicted,11161.7058364,2.3305,0.0112118100892,20.2322554348,0.070608680835,HLA-A*26:02
zhao-vaccine-0f1c7070e2b3c380,MHCflurry,2.2.1,presentation,0.948272516715,higher,predicted,37.9513418027,0.02425,0.948272516715,0.0495108695652,0.598303444684,HLA-B*40:06
zhao-vaccine-5759f50764496c1f,MHCflurry,2.2.1,presentation,0.643267386367,higher,predicted,54.1080184471,0.22675,0.643267386367,0.536467391304,0.0402227966988,HLA-A*31:01
zhao-vaccine-da11dd7c2aa31ca7,MHCflurry,2.2.1,presentation,0.20861758305,higher,predicted,1183.1185965,1.642375,0.20861758305,1.78388586957,0.343688551337,HLA-A*31:01
zhao-vaccine-4af4c0c7f6941ea8,MHCflurry,2.2.1,presentation,0.888236635594,higher,predicted,28.8941938835,0.1835,0.888236635594,0.140054347826,0.287220544182,HLA-A*02:01
zhao-vaccine-6ec07fc29b17d28c,MHCflurry,2.2.1,presentation,0.975566609671,higher,predicted,24.8935958509,0.14725,0.975566609671,0.013097826087,0.702539592981,HLA-A*02:01
zhao-vaccine-67401c1a974e2cdb,MHCflurry,2.2.1,presentation,0.671950099296,higher,predicted,65.5121263817,0.4475,0.671950099296,0.486548913043,0.128749372438,HLA-A*02:01
zhao-vaccine-1022680eb48a536b,MHCflurry,2.2.1,presentation,0.970089178288,higher,predicted,42.3999691409,0.061875,0.970089178288,0.018722826087,0.789981693029,HLA-A*24:02
zhao-vaccine-01655e2ddd89c647,MHCflurry,2.2.1,presentation,0.576676127193,higher,predicted,70.2865272245,0.32125,0.576676127193,0.661603260869,0.0327818921651,HLA-C*03:04
zhao-vaccine-b7c9a2590ca97e55,MHCflurry,2.2.1,presentation,0.125080148047,higher,predicted,844.625349362,1.103375,0.125080148047,2.51668478261,0.0782204153948,HLA-A*24:02
zhao-vaccine-69313463a7bc3db2,MHCflurry,2.2.1,presentation,0.199802050661,higher,predicted,897.418575572,0.76625,0.199802050661,1.83932065217,0.252475761808,HLA-B*54:01
zhao-vaccine-241f5ed344b276f1,MHCflurry,2.2.1,presentation,0.426948369132,higher,predicted,120.228965377,1.196625,0.426948369132,0.988885869565,0.00960121216485,HLA-C*12:02
zhao-vaccine-74515f7ab26177d9,MHCflurry,2.2.1,presentation,0.815910674982,higher,predicted,51.4128487581,0.026375,0.815910674982,0.252581521739,0.280372075737,HLA-B*54:01
zhao-vaccine-f7d81e959bed76fd,MHCflurry,2.2.1,presentation,0.153645657084,higher,predicted,671.693834127,0.647875,0.153645657084,2.19233695652,0.0828445122461,HLA-B*54:01
zhao-vaccine-5df0851945e75a9b,MHCflurry,2.2.1,presentation,0.320991120194,higher,predicted,794.168574095,0.016375,0.320991120194,1.2933423913,0.399329070002,HLA-A*26:03
zhao-vaccine-12bccd0f8cb0d82d,MHCflurry,2.2.1,presentation,0.00910800824634,higher,predicted,16784.4831134,7.1115,0.00910800824634,24.5792391304,0.123274954734,HLA-B*35:01
zhao-vaccine-7cefe8761aadff4f,MHCflurry,2.2.1,presentation,0.00890064872226,higher,predicted,12961.9518718,4.73075,0.00890064872226,27.6173913043,0.0457559389761,HLA-A*24:02
zhao-vaccine-6474740652487b1e,MHCflurry,2.2.1,presentation,0.727922429827,higher,predicted,37.5649600239,0.053375,0.727922429827,0.392527173913,0.0515497257002,HLA-B*35:01
zhao-vaccine-1384b13ea4a47498,MHCflurry,2.2.1,presentation,0.947985506631,higher,predicted,31.3873438825,0.01475,0.947985506631,0.0495108695652,0.544519102201,HLA-A*24:02
zhao-vaccine-e7e684493a85f4c3,MHCflurry,2.2.1,presentation,0.702364989476,higher,predicted,72.6543012623,0.336375,0.702364989476,0.43472826087,0.197169693653,HLA-A*31:01
zhao-vaccine-c102a196bf89a4b6,MHCflurry,2.2.1,presentation,0.0130045012877,higher,predicted,7644.01156561,3.6775,0.0130045012877,18.6179891304,0.00911317988357,HLA-A*31:01
zhao-vaccine-7e30652ffdcbe453,MHCflurry,2.2.1,presentation,0.876937529745,higher,predicted,63.8444426087,0.121375,0.876937529745,0.158125,0.47403867729,HLA-C*06:02
zhao-vaccine-e9276b52de40e1ac,MHCflurry,2.2.1,presentation,0.0138389953245,higher,predicted,7211.90724892,11.388625,0.0138389953245,17.3055978261,0.010955533653,HLA-C*06:02
zhao-vaccine-a12b39139dc6298b,MHCflurry,2.2.1,presentation,0.32342863014,higher,predicted,252.904101591,0.850875,0.32342863014,1.28277173913,0.0883330900688,HLA-A*31:01
zhao-vaccine-1635417f470261e1,MHCflurry,2.2.1,presentation,0.869071500451,higher,predicted,61.2095162006,0.271,0.869071500451,0.170434782609,0.442409221083,HLA-A*31:01
zhao-vaccine-b23cc827d2fcd84a,MHCflurry,2.2.1,presentation,0.0573935782655,higher,predicted,1606.90567268,1.0785,0.0573935782655,4.51926630435,0.013555981277,HLA-B*54:01
zhao-vaccine-8d2ca10b3e719cd3,MHCflurry,2.2.1,presentation,0.0402996106397,higher,predicted,2753.65507646,1.49825,0.0402996106397,6.18413043478,0.0564108721155,HLA-B*54:01
zhao-vaccine-d2a8e851b57602e5,MHCflurry,2.2.1,presentation,0.187731524091,higher,predicted,417.827071641,1.55875,0.187731524091,1.92016304348,0.0207596387481,HLA-B*37:01
zhao-vaccine-fd6568cd3764d90d,MHCflurry,2.2.1,presentation,0.946888129602,higher,predicted,34.1299866353,0.023,0.946888129602,0.0523369565218,0.561289411038,HLA-B*15:01
zhao-vaccine-f7c51ed7a58a8934,MHCflurry,2.2.1,presentation,0.0582568464995,higher,predicted,2259.83482834,2.29725,0.0582568464995,4.4545923913,0.111647016834,HLA-A*11:01
zhao-vaccine-a26b667b16047e56,MHCflurry,2.2.1,presentation,0.933425544474,higher,predicted,44.588464192,0.0795,0.933425544474,0.0717391304348,0.566772902384,HLA-B*15:01
zhao-vaccine-b2e66ff16b79a023,MHCflurry,2.2.1,presentation,0.863928678101,higher,predicted,42.1219065068,0.064625,0.863928678101,0.177472826087,0.327237792779,HLA-B*15:01
zhao-vaccine-b696a57d6d62315a,MHCflurry,2.2.1,presentation,0.892888709098,higher,predicted,27.0322150888,0.032625,0.892888709098,0.133586956522,0.28242592467,HLA-A*11:01
zhao-vaccine-8b054f154e9bb54b,MHCflurry,2.2.1,presentation,0.721168458966,higher,predicted,39.570795338,0.048875,0.721168458966,0.403260869565,0.0562660966534,HLA-B*15:01
zhao-vaccine-65c857de58a443cf,MHCflurry,2.2.1,presentation,0.643579732774,higher,predicted,47.2809256837,0.203875,0.643579732774,0.536467391304,0.00357905804412,HLA-A*11:01
zhao-vaccine-8d5c6842d3d9446c,MHCflurry,2.2.1,presentation,0.930924780312,higher,predicted,52.8702498817,0.133375,0.930924780312,0.0761684782609,0.602364415303,HLA-B*15:01
zhao-vaccine-e6d0ff2c0266fc1f,MHCflurry,2.2.1,presentation,0.247783813897,higher,predicted,297.080135177,0.967125,0.247783813897,1.57953804348,0.0272759716609,HLA-A*11:01
zhao-vaccine-2e3b3050a35eda79,MHCflurry,2.2.1,presentation,0.842735156545,higher,predicted,30.4649390217,0.059375,0.842735156545,0.212201086957,0.190357625484,HLA-A*11:01
zhao-vaccine-fd3b9f94ce8b5966,MHCflurry,2.2.1,presentation,0.00715852442298,higher,predicted,16658.3257624,2.414,0.00715852442298,31.6431793478,0.0525753882248,HLA-B*48:01
zhao-vaccine-0b7bce2881c6a27d,MHCflurry,2.2.1,presentation,0.696754785607,higher,predicted,48.3709545254,0.098125,0.696754785607,0.442608695652,0.0779392658733,HLA-A*24:02
zhao-vaccine-7ead1c9658b454fa,MHCflurry,2.2.1,presentation,0.967636294188,higher,predicted,59.1567780384,0.14875,0.967636294188,0.0225815217392,0.858422927558,HLA-A*24:02
zhao-vaccine-e8d4832f24f49fa4,MHCflurry,2.2.1,presentation,0.724469367137,higher,predicted,35.2071453994,0.0285,0.724469367137,0.398695652174,0.0288449883592,HLA-A*24:02
zhao-vaccine-5c7446710515ea0c,MHCflurry,2.2.1,presentation,0.740585110837,higher,predicted,58.3355983351,0.3395,0.740585110837,0.373586956522,0.190729715396,HLA-C*12:02
zhao-vaccine-4792240faf0d2442,MHCflurry,2.2.1,presentation,0.126301893707,higher,predicted,900.066755806,4.851375,0.126301893707,2.48913043478,0.098816674159,HLA-C*12:02
zhao-vaccine-5af70a1de861bbe8,MHCflurry,2.2.1,presentation,0.851375759409,higher,predicted,44.7952225697,0.13925,0.851375759409,0.197744565217,0.315053982195,HLA-C*12:02
zhao-vaccine-9fe53c22422fa653,MHCflurry,2.2.1,presentation,0.884510553596,higher,predicted,53.1148391607,0.119375,0.884510553596,0.146467391304,0.443906728178,HLA-A*24:02
zhao-vaccine-43730793527c1c58,MHCflurry,2.2.1,presentation,0.857217324318,higher,predicted,27.0691885293,0.3165,0.857217324318,0.188586956522,0.190032997169,HLA-A*02:03
zhao-vaccine-bd98ad0dbc1ffda8,MHCflurry,2.2.1,presentation,0.929693922067,higher,predicted,17.39528653,0.14425,0.929693922067,0.0778260869565,0.291809962131,HLA-A*02:03
zhao-vaccine-10c33d138e6258f8,MHCflurry,2.2.1,presentation,0.111296656845,higher,predicted,1238.86972197,1.67025,0.111296656845,2.70828804348,0.145968475495,HLA-A*31:01
zhao-vaccine-da2fd43a3a17bed7,MHCflurry,2.2.1,presentation,0.342982935023,higher,predicted,907.475205073,1.479875,0.342982935023,1.22095108696,0.463979420834,HLA-A*31:01
zhao-vaccine-c12281bbf19a4abd,MHCflurry,2.2.1,presentation,0.0358928886443,higher,predicted,2923.11757034,2.551125,0.0358928886443,6.96279891304,0.0387820237665,HLA-A*11:01
zhao-vaccine-0d500fc84bf8ae30,MHCflurry,2.2.1,presentation,0.814576889192,higher,predicted,57.6007952749,0.279875,0.814576889192,0.255679347826,0.309070106596,HLA-A*11:01
zhao-vaccine-b49f7842d9b4a6c3,MHCflurry,2.2.1,presentation,0.74413154024,higher,predicted,49.8083567572,0.219125,0.74413154024,0.366983695652,0.152585193748,HLA-A*11:01
zhao-vaccine-583d9b909f2e2085,MHCflurry,2.2.1,presentation,0.735028064677,higher,predicted,44.84953761,0.1845,0.735028064677,0.382173913043,0.110434418777,HLA-A*11:01
zhao-vaccine-e873b21bfae977d0,MHCflurry,2.2.1,presentation,0.948968310184,higher,predicted,50.9673515998,0.18625,0.948968310184,0.0480706521739,0.683294381946,HLA-B*13:01
zhao-vaccine-223711e0310fa27f,MHCflurry,2.2.1,presentation,0.548550384874,higher,predicted,70.3773197066,0.355625,0.548550384874,0.719048913043,0.000823206944915,HLA-A*11:01
zhao-vaccine-9f527410587768f6,MHCflurry,2.2.1,presentation,0.752230338061,higher,predicted,30.1945658343,0.015,0.752230338061,0.354239130435,0.0273230157327,HLA-C*03:04
zhao-vaccine-82e6fde91e616b78,MHCflurry,2.2.1,presentation,0.989952772253,higher,predicted,22.245153983,0.002125,0.989952772253,0.0013858695652,0.926960065961,HLA-B*35:01
zhao-vaccine-015f3f5c3a4f049a,MHCflurry,2.2.1,presentation,0.79635097366,higher,predicted,156.130745216,0.44025,0.79635097366,0.28410326087,0.54993339628,HLA-B*35:01
zhao-vaccine-3031b8e82ad731c2,MHCflurry,2.2.1,presentation,0.0236127375966,higher,predicted,5461.99135501,2.8485,0.0236127375966,10.2319836957,0.0884817484766,HLA-B*35:01
zhao-vaccine-61a7f63d46d0b1ae,MHCflurry,2.2.1,presentation,0.596443785703,higher,predicted,186.140742041,1.028875,0.596443785703,0.623288043478,0.323203470558,HLA-A*33:03
zhao-vaccine-b336a4ecc473e5ed,MHCflurry,2.2.1,presentation,0.952271908804,higher,predicted,37.5239315188,0.1105,0.952271908804,0.0440760869565,0.619126955047,HLA-A*33:03
zhao-vaccine-87ab2eaf6804788f,MHCflurry,2.2.1,presentation,0.856432385882,higher,predicted,31.9150982218,0.04825,0.856432385882,0.189836956522,0.233436427079,HLA-A*33:03
zhao-vaccine-baf353825f382be5,MHCflurry,2.2.1,presentation,0.125481865969,higher,predicted,723.824512645,3.5625,0.125481865969,2.50355978261,0.036883056513,HLA-C*03:03
zhao-vaccine-35a3684a71df0b96,MHCflurry,2.2.1,presentation,0.294032204596,higher,predicted,621.489741494,0.958875,0.294032204596,1.38801630435,0.296220233198,HLA-A*24:02
zhao-vaccine-cedb684e7e44c0cb,MHCflurry,2.2.1,presentation,0.372888115407,higher,predicted,148.775431242,0.892875,0.372888115407,1.13070652174,0.00434512830907,HLA-A*33:03
zhao-vaccine-cbb6b14e95ca88b8,MHCflurry,2.2.1,presentation,0.912336224127,higher,predicted,35.4493902194,0.08875,0.912336224127,0.1025,0.419565493241,HLA-A*33:03
zhao-vaccine-c03d89200c428847,MHCflurry,2.2.1,presentation,0.0124042577831,higher,predicted,7783.02593099,3.54625,0.0124042577831,18.6179891304,0.000533119249667,HLA-B*35:01
zhao-vaccine-28be76526d52543c,MHCflurry,2.2.1,presentation,0.98301222006,higher,predicted,15.5111905217,0.049,0.98301222006,0.00451086956522,0.677543893456,HLA-A*02:01
zhao-vaccine-e9b4f0dfabc14750,MHCflurry,2.2.1,presentation,0.810547433083,higher,predicted,19.2255740764,0.087625,0.810547433083,0.261956521739,0.000342452583027,HLA-A*02:01
zhao-vaccine-2ac21cd9be4184b0,MHCflurry,2.2.1,presentation,0.751822355695,higher,predicted,27.452293772,0.168875,0.751822355695,0.354239130435,0.000565233654015,HLA-A*02:01
zhao-vaccine-48ea254de5fa16b2,MHCflurry,2.2.1,presentation,0.727682080303,higher,predicted,105.360642102,0.331375,0.727682080303,0.39410326087,0.334343311377,HLA-B*40:01
zhao-vaccine-523654c7d864f1f5,MHCflurry,2.2.1,presentation,0.942753720765,higher,predicted,20.2048625992,0.0995,0.942753720765,0.0582880434783,0.39493795298,HLA-A*02:01
zhao-vaccine-1793bf4cd6bd1c14,MHCflurry,2.2.1,presentation,0.971917278043,higher,predicted,45.8206753378,0.1225,0.971917278043,0.0176630434783,0.829639278352,HLA-C*03:04
zhao-vaccine-1c8a35e9d70dbe16,MHCflurry,2.2.1,presentation,0.925445054037,higher,predicted,13.4900747251,0.02825,0.925445054037,0.0834782608696,0.204130705446,HLA-A*02:01
zhao-vaccine-ebe9d5fbde63d333,MHCflurry,2.2.1,presentation,0.892299534628,higher,predicted,16.8902676654,0.062875,0.892299534628,0.133586956522,0.151575716678,HLA-A*02:01
zhao-vaccine-b2667228dbb9774b,MHCflurry,2.2.1,presentation,0.375662087592,higher,predicted,154.237745718,0.781125,0.375662087592,1.12252717391,0.0175919974863,HLA-A*02:01
zhao-vaccine-f24baca37be1a650,MHCflurry,2.2.1,presentation,0.856323613013,higher,predicted,17.89104927,0.0755,0.856323613013,0.189836956522,0.0742893703282,HLA-A*02:01
zhao-vaccine-aca0c405a9761509,MHCflurry,2.2.1,presentation,0.817432400566,higher,predicted,46.6124264016,0.196375,0.817432400566,0.251005434783,0.256334218197,HLA-A*11:01
zhao-vaccine-137f30055973381d,MHCflurry,2.2.1,presentation,0.967667544285,higher,predicted,34.9060564418,0.09725,0.967667544285,0.0225815217392,0.713877502829,HLA-A*11:01
zhao-vaccine-5acb13985756e139,MHCflurry,2.2.1,presentation,0.676694635984,higher,predicted,67.3820876443,0.338125,0.676694635984,0.476902173913,0.142582167406,HLA-A*11:01
zhao-vaccine-323a6abee6b08db3,MHCflurry,2.2.1,presentation,0.0377481541596,higher,predicted,2739.0439123,7.25075,0.0377481541596,6.63130434783,0.0357140270644,HLA-C*03:03
zhao-vaccine-79ac2042de749929,MHCflurry,2.2.1,presentation,0.809837844414,higher,predicted,38.9281446203,0.112375,0.809837844414,0.261956521739,0.192718744278,HLA-C*03:03
zhao-vaccine-e8b4f2b70db831b0,MHCflurry,2.2.1,presentation,0.021483926765,higher,predicted,5492.48234706,10.501375,0.021483926765,11.1157880435,0.0626907887054,HLA-C*03:03
zhao-vaccine-608b009f82c88493,MHCflurry,2.2.1,presentation,0.928212516284,higher,predicted,56.9582771551,0.038375,0.928212516284,0.079402173913,0.611101463437,HLA-B*54:01
zhao-vaccine-37a807759a502c1b,MHCflurry,2.2.1,presentation,0.991574944825,higher,predicted,17.2334882806,0.067,0.991574944825,0.000842391304317,0.907109737396,HLA-A*02:01
zhao-vaccine-1e4ca59f5ebf7442,MHCflurry,2.2.1,presentation,0.680892689472,higher,predicted,51.0778463296,0.12225,0.680892689472,0.469836956522,0.0719691612758,HLA-B*15:01
zhao-vaccine-c8f047294af0328d,MHCflurry,2.2.1,presentation,0.832544559569,higher,predicted,37.1699489391,0.2575,0.832544559569,0.226847826087,0.223785910057,HLA-A*02:01
zhao-vaccine-cc5704e7d618677e,MHCflurry,2.2.1,presentation,0.87279296774,higher,predicted,30.3238135776,0.198625,0.87279296774,0.165597826087,0.258939301595,HLA-A*02:01
zhao-vaccine-8aff6dc901f42ea5,MHCflurry,2.2.1,presentation,0.0366252832051,higher,predicted,2552.12087974,2.334,0.0366252832051,6.79260869565,0.00744390919863,HLA-B*15:01
zhao-vaccine-d6dda5366e5dc976,MHCflurry,2.2.1,presentation,0.206593811788,higher,predicted,614.661628863,1.2375,0.206593811788,1.79527173913,0.160433399025,HLA-B*15:01
zhao-vaccine-f468df5e69517960,MHCflurry,2.2.1,presentation,0.758765092416,higher,predicted,33.1676748229,0.223,0.758765092416,0.342690217391,0.0631050491938,HLA-A*02:01
zhao-vaccine-50bc0715030f03ce,MHCflurry,2.2.1,presentation,0.847996949331,higher,predicted,63.4276391543,0.0535,0.847996949331,0.202527173913,0.403060666285,HLA-B*54:01
zhao-vaccine-72b35402f2106ea1,MHCflurry,2.2.1,presentation,0.866771626712,higher,predicted,16.1090194228,0.054,0.866771626712,0.17464673913,0.0702506040689,HLA-A*02:01
zhao-vaccine-aff9eeada839b58c,MHCflurry,2.2.1,presentation,0.80489164872,higher,predicted,20.6224960575,0.1055,0.80489164872,0.269918478261,0.00930574018275,HLA-A*02:01
zhao-vaccine-97e30c74a87e05dd,MHCflurry,2.2.1,presentation,0.971413213668,higher,predicted,14.4707943789,0.03825,0.971413213668,0.0176630434783,0.508030500263,HLA-A*02:01
zhao-vaccine-9a583860aa7fe6c9,MHCflurry,2.2.1,presentation,0.828738324244,higher,predicted,30.8590093629,0.202,0.828738324244,0.233451086957,0.165054546203,HLA-A*02:01
zhao-vaccine-82473da3aebe3f99,MHCflurry,2.2.1,presentation,0.309757411672,higher,predicted,221.333409237,0.55925,0.309757411672,1.330625,0.033865156176,HLA-A*24:02
zhao-vaccine-890d0481078605a4,MHCflurry,2.2.1,presentation,0.866619212213,higher,predicted,92.7888962167,0.578875,0.866619212213,0.17464673913,0.550580533221,HLA-A*02:01
zhao-vaccine-a8bf16d20e1d5fe5,MHCflurry,2.2.1,presentation,0.671857398388,higher,predicted,57.4915708223,0.401625,0.671857398388,0.486548913043,0.0927766214591,HLA-A*02:01
zhao-vaccine-c0be17cb2d09a5d5,MHCflurry,2.2.1,presentation,0.975987276459,higher,predicted,50.6942190235,0.001125,0.975987276459,0.0120923913044,0.90282215178,HLA-B*27:05
zhao-vaccine-cd89b89400829c25,MHCflurry,2.2.1,presentation,0.245574958014,higher,predicted,675.686962109,2.750875,0.245574958014,1.58866847826,0.249512485694,HLA-B*27:05
zhao-vaccine-e892d242b06d9fef,MHCflurry,2.2.1,presentation,0.87751844409,higher,predicted,13.9191946809,0.033125,0.87751844409,0.158125,0.0573912094114,HLA-A*02:01
zhao-vaccine-499d980535ba1168,MHCflurry,2.2.1,presentation,0.64755524355,higher,predicted,61.3145256341,0.160875,0.64755524355,0.529592391304,0.079845092725,HLA-A*24:02
zhao-vaccine-bdaf73e85080bde2,MHCflurry,2.2.1,presentation,0.930494571906,higher,predicted,24.1394270194,0.15275,0.930494571906,0.0761684782609,0.385242212564,HLA-A*02:06
zhao-vaccine-2489806640445d7d,MHCflurry,2.2.1,presentation,0.952878094891,higher,predicted,54.7129147841,0.231125,0.952878094891,0.0440760869565,0.726453758776,HLA-A*31:01
zhao-vaccine-f60a46f135c08e02,MHCflurry,2.2.1,presentation,0.0230730713024,higher,predicted,9148.72650911,4.135,0.0230730713024,10.2319836957,0.223398392089,HLA-A*31:01
zhao-vaccine-ffaecc34260f7f52,MHCflurry,2.2.1,presentation,0.791341222675,higher,predicted,25.9630284287,0.175875,0.791341222675,0.29125,0.0487532210536,HLA-A*02:06
zhao-vaccine-c85a2cc2b4de6371,MHCflurry,2.2.1,presentation,0.0428285426498,higher,predicted,17358.1536576,9.562125,0.0428285426498,5.91375,0.579820852727,HLA-A*02:06
zhao-vaccine-6f3f8d1b39baf09d,MHCflurry,2.2.1,presentation,0.786782441768,higher,predicted,36.9841559311,0.092,0.786782441768,0.299592391304,0.138147949241,HLA-C*03:03
zhao-vaccine-f4b15d0bffde55ea,MHCflurry,2.2.1,presentation,0.74432475409,higher,predicted,54.0016383397,0.42975,0.74432475409,0.366983695652,0.175063477363,HLA-A*02:06
zhao-vaccine-5561a66512f160ac,MHCflurry,2.2.1,presentation,0.0425895779077,higher,predicted,12760.7577873,6.8,0.0425895779077,5.91375,0.493696743622,HLA-A*02:06
zhao-vaccine-8b2d3eae07a1cdc2,MHCflurry,2.2.1,presentation,0.0122990421945,higher,predicted,15856.3576372,8.45425,0.0122990421945,18.6179891304,0.193464061711,HLA-A*02:06
zhao-vaccine-b8483b3360c62c21,MHCflurry,2.2.1,presentation,0.697366028175,higher,predicted,49.5285739137,0.270625,0.697366028175,0.442608695652,0.0852502821945,HLA-B*40:02
zhao-vaccine-f17e8558595ff874,MHCflurry,2.2.1,presentation,0.960097474456,higher,predicted,32.3438693381,0.0635,0.960097474456,0.0330434782609,0.631270635873,HLA-A*31:01
zhao-vaccine-388ced9e4ae5f521,MHCflurry,2.2.1,presentation,0.704056356844,higher,predicted,37.0997819262,0.044125,0.704056356844,0.431086956522,0.0149423679104,HLA-C*12:02
zhao-vaccine-27a21bc63a907d16,MHCflurry,2.2.1,presentation,0.746879238447,higher,predicted,30.4292238364,0.00675,0.746879238447,0.362445652174,0.0213914890192,HLA-C*12:02
zhao-vaccine-ae18f2e796864520,MHCflurry,2.2.1,presentation,0.73903770704,higher,predicted,35.4919154802,0.029625,0.73903770704,0.375298913043,0.0520373162581,HLA-C*12:02
zhao-vaccine-8fadb6aecb562960,MHCflurry,2.2.1,presentation,0.479826076137,higher,predicted,112.654405852,1.109625,0.479826076137,0.865461956522,0.0520994155668,HLA-C*12:02
zhao-vaccine-0e185306b20150b5,MHCflurry,2.2.1,presentation,0.763909275246,higher,predicted,36.8271328773,0.099375,0.763909275246,0.335190217391,0.0998399413656,HLA-A*31:01
zhao-vaccine-6bbfc6d3e617ef40,MHCflurry,2.2.1,presentation,0.0357861090788,higher,predicted,3661.33213278,3.442,0.0357861090788,6.96279891304,0.099728250294,HLA-B*40:02
zhao-vaccine-f4bf623eef927650,MHCflurry,2.2.1,presentation,0.895823992857,higher,predicted,37.97506075,0.109375,0.895823992857,0.128532608696,0.384522771463,HLA-A*31:01
zhao-vaccine-a4ef4400bf6c6cb8,MHCflurry,2.2.1,presentation,0.930677524349,higher,predicted,56.0635927963,0.119,0.930677524349,0.0761684782609,0.6173799932,HLA-B*44:03
zhao-vaccine-23218612d1b1bd4d,MHCflurry,2.2.1,presentation,0.624917754391,higher,predicted,271.600888761,0.8835,0.624917754391,0.568586956522,0.460793830454,HLA-A*31:01
zhao-vaccine-f2bfb3f08b47a945,MHCflurry,2.2.1,presentation,0.922592626489,higher,predicted,37.3696123444,0.1065,0.922592626489,0.087472826087,0.472374914214,HLA-A*31:01
zhao-vaccine-ac077a669b8c0ac7,MHCflurry,2.2.1,presentation,0.285991348301,higher,predicted,232.016863339,0.811125,0.285991348301,1.41804347826,0.0146769359126,HLA-A*31:01
zhao-vaccine-f293452f2cf65714,MHCflurry,2.2.1,presentation,0.00895743007029,higher,predicted,11057.6069197,4.705125,0.00895743007029,27.6173913043,0.0039453618956,HLA-A*31:01
zhao-vaccine-d7c6cc0e7224b387,MHCflurry,2.2.1,presentation,0.860799711958,higher,predicted,41.1271965861,0.156125,0.860799711958,0.18402173913,0.313225663966,HLA-A*33:03
zhao-vaccine-197a2688bbcb56e2,MHCflurry,2.2.1,presentation,0.968776969246,higher,predicted,32.3687697883,0.00275,0.968776969246,0.0214130434783,0.703351311386,HLA-B*40:02
zhao-vaccine-555e0c858a41ad16,MHCflurry,2.2.1,presentation,0.63824871412,higher,predicted,108.319531061,0.320875,0.63824871412,0.54535326087,0.224618664011,HLA-B*35:01
zhao-vaccine-a5e52fa3c62e264d,MHCflurry,2.2.1,presentation,0.817799172522,higher,predicted,28.1194333392,0.0175,0.817799172522,0.251005434783,0.118275835877,HLA-B*35:01
zhao-vaccine-c5a2cd71fbec8b68,MHCflurry,2.2.1,presentation,0.322638598366,higher,predicted,189.819239763,0.50775,0.322638598366,1.28616847826,0.0085364170227,HLA-B*35:01
zhao-vaccine-c725f3b8b9b97a16,MHCflurry,2.2.1,presentation,0.0122987257961,higher,predicted,12777.8590856,5.278875,0.0122987257961,18.6179891304,0.134195717954,HLA-B*35:01
zhao-vaccine-eaced34e514edeba,MHCflurry,2.2.1,presentation,0.602031140569,higher,predicted,132.102422749,0.382625,0.602031140569,0.611657608696,0.235633017495,HLA-B*35:01
zhao-vaccine-ff023dfa06b2e9c0,MHCflurry,2.2.1,presentation,0.0125596128136,higher,predicted,13012.0357278,5.335125,0.0125596128136,18.6179891304,0.145188936964,HLA-B*35:01
zhao-vaccine-d9c2127acd3f15f1,MHCflurry,2.2.1,presentation,0.0191110961177,higher,predicted,7725.78180861,3.52125,0.0191110961177,12.1872282609,0.122595604276,HLA-B*35:01
zhao-vaccine-f9d4a9cd87e8c515,MHCflurry,2.2.1,presentation,0.51144805951,higher,predicted,86.7833036372,0.25725,0.51144805951,0.798586956522,0.0162339903909,HLA-B*35:01
zhao-vaccine-dfa1ab9e713a5529,MHCflurry,2.2.1,presentation,0.951078400664,higher,predicted,66.4352713537,0.183625,0.951078400664,0.0451630434783,0.768621709198,HLA-B*35:01
zhao-vaccine-8e92e35ad8116779,MHCflurry,2.2.1,presentation,0.12300690383,higher,predicted,674.064803894,1.037125,0.12300690383,2.54364130435,0.0109006030834,HLA-B*35:01
zhao-vaccine-42486ac4b15adbd7,MHCflurry,2.2.1,presentation,0.412494049411,higher,predicted,125.940997608,0.799,0.412494049411,1.02394021739,0.00556914744448,HLA-A*33:03
zhao-vaccine-5a26a19caa216cea,MHCflurry,2.2.1,presentation,0.800181683776,higher,predicted,47.6112679168,0.224875,0.800181683776,0.277826086956,0.230608049664,HLA-A*33:03
zhao-vaccine-8198aac58d5d86bc,MHCflurry,2.2.1,presentation,0.0501575151641,higher,predicted,4192.64446345,4.396,0.0501575151641,5.05404891304,0.23659390118,HLA-C*14:03
zhao-vaccine-31e03651fe8fe943,MHCflurry,2.2.1,presentation,0.569947200639,higher,predicted,82.6147161031,0.267,0.569947200639,0.675788043478,0.0693748523481,HLA-B*40:01
zhao-vaccine-487db9eb855d99c1,MHCflurry,2.2.1,presentation,0.901137292496,higher,predicted,29.4512882651,0.02275,0.901137292496,0.119619565217,0.331204541028,HLA-B*35:01
zhao-vaccine-fdaaf105de7ed76c,MHCflurry,2.2.1,presentation,0.809618595216,higher,predicted,20.8004679305,0.1075,0.809618595216,0.263641304348,0.0202516357822,HLA-A*02:01
zhao-vaccine-050bcbe5980a1004,MHCflurry,2.2.1,presentation,0.627149421287,higher,predicted,55.1388610829,0.14625,0.627149421287,0.565706521739,0.025741937483,HLA-B*40:01
zhao-vaccine-5acf73ef956fb0f6,MHCflurry,2.2.1,presentation,0.746564738018,higher,predicted,85.6310204558,0.277625,0.746564738018,0.363913043478,0.304971292615,HLA-B*40:01
zhao-vaccine-134e01af040c07a5,MHCflurry,2.2.1,presentation,0.591821427114,higher,predicted,84.5410702937,0.249,0.591821427114,0.631358695652,0.101101725944,HLA-B*35:01
zhao-vaccine-44f468e26ce5f493,MHCflurry,2.2.1,presentation,0.971986733324,higher,predicted,47.186784325,0.097875,0.971986733324,0.0165760869566,0.838424883783,HLA-B*35:01
zhao-vaccine-788ef1f0f8f2eee4,MHCflurry,2.2.1,presentation,0.690769929355,higher,predicted,45.2229432391,0.078,0.690769929355,0.45285326087,0.0515022161417,HLA-B*40:01
zhao-vaccine-115c6885fd051bc2,MHCflurry,2.2.1,presentation,0.849457798414,higher,predicted,18.5670844964,0.081,0.849457798414,0.200869565217,0.0690033060964,HLA-A*02:01
zhao-vaccine-b3f51b3b1f498e40,MHCflurry,2.2.1,presentation,0.727464570799,higher,predicted,47.564751182,0.0945,0.727464570799,0.39410326087,0.115693349857,HLA-B*40:01
zhao-vaccine-cc283018234c377b,MHCflurry,2.2.1,presentation,0.899105048212,higher,predicted,47.9521403751,0.092875,0.899105048212,0.122663043478,0.458643610589,HLA-B*07:02
zhao-vaccine-d926f805c75dc10b,MHCflurry,2.2.1,presentation,0.162983334347,higher,predicted,626.266030064,0.962875,0.162983334347,2.11133152174,0.0834300585557,HLA-A*24:02
zhao-vaccine-db814c15ce0ec86c,MHCflurry,2.2.1,presentation,0.865101969118,higher,predicted,46.2431931156,0.07925,0.865101969118,0.176141304348,0.355696172686,HLA-B*07:02
zhao-vaccine-a0058cafd0fe79e0,MHCflurry,2.2.1,presentation,0.42855768797,higher,predicted,163.247832775,0.512625,0.42855768797,0.984076086956,0.0954329626402,HLA-B*07:02
zhao-vaccine-93aa3e2ee884c663,MHCflurry,2.2.1,presentation,0.588407499759,higher,predicted,64.151661143,0.1885,0.588407499759,0.639239130435,0.0213433211611,HLA-B*07:02
zhao-vaccine-a52e8847ab059479,MHCflurry,2.2.1,presentation,0.518764067615,higher,predicted,178.001998575,0.54175,0.518764067615,0.780815217391,0.221735954285,HLA-B*07:02
zhao-vaccine-1ad1c20fea1a4314,MHCflurry,2.2.1,presentation,0.949387228686,higher,predicted,43.1438158609,0.025625,0.949387228686,0.0480706521739,0.639998033643,HLA-A*01:01
zhao-vaccine-af155a4e6e202d04,MHCflurry,2.2.1,presentation,0.721105928522,higher,predicted,38.4352522503,0.034,0.721105928522,0.403260869565,0.0481846664334,HLA-B*07:02
zhao-vaccine-083c39bbd7b7d3d6,MHCflurry,2.2.1,presentation,0.0140800003474,higher,predicted,7165.06862001,2.570375,0.0140800003474,16.1575543478,0.0141154766898,HLA-A*01:01
zhao-vaccine-bcbeab3a6933c9ae,MHCflurry,2.2.1,presentation,0.659242651374,higher,predicted,46.5374790732,0.08275,0.659242651374,0.509429347826,0.0187256880454,HLA-B*07:02
zhao-vaccine-a8f28c25fb5a2142,MHCflurry,2.2.1,presentation,0.924730136148,higher,predicted,61.0245971978,0.063875,0.924730136148,0.0847826086956,0.615582393482,HLA-A*01:01
zhao-vaccine-eb4eb1948e41f5ba,MHCflurry,2.2.1,presentation,0.809073445301,higher,predicted,117.890770532,0.1665,0.809073445301,0.263641304348,0.495518077165,HLA-A*01:01
zhao-vaccine-b6fccafa1723483f,MHCflurry,2.2.1,presentation,0.0844267511727,higher,predicted,3127.08782348,2.310625,0.0844267511727,3.29679347826,0.313649395946,HLA-A*30:01
zhao-vaccine-69a7d7e3d1e6949b,MHCflurry,2.2.1,presentation,0.585471892882,higher,predicted,266.33355501,0.557,0.585471892882,0.644972826087,0.408726632595,HLA-A*30:01
zhao-vaccine-2fab9ffb21a79c4d,MHCflurry,2.2.1,presentation,0.118337668533,higher,predicted,916.420549548,2.613,0.118337668533,2.60176630435,0.0827865903266,HLA-C*06:02
zhao-vaccine-f5ff43b40835f440,MHCflurry,2.2.1,presentation,0.858775393889,higher,predicted,38.6358191806,0.036125,0.858775393889,0.187173913043,0.291323728394,HLA-B*07:02
zhao-vaccine-004684bafb2b4cc9,MHCflurry,2.2.1,presentation,0.887658018145,higher,predicted,48.2015611126,0.10075,0.887658018145,0.141847826087,0.426072245464,HLA-B*15:01
zhao-vaccine-5e7e6e2edd04f76c,MHCflurry,2.2.1,presentation,0.954418260207,higher,predicted,59.732378441,0.173375,0.954418260207,0.0411684782609,0.760399885476,HLA-B*15:01
zhao-vaccine-d6e658332687ca69,MHCflurry,2.2.1,presentation,0.376018191418,higher,predicted,156.669988899,0.925125,0.376018191418,1.12252717391,0.0223165838979,HLA-A*33:03
zhao-vaccine-0576c1b82786bfa4,MHCflurry,2.2.1,presentation,0.197267772642,higher,predicted,512.49500086,1.631875,0.197267772642,1.85241847826,0.094169017626,HLA-A*33:03
zhao-vaccine-eebeb2ab9639b50d,MHCflurry,2.2.1,presentation,0.1286873914,higher,predicted,704.763273304,1.320375,0.1286873914,2.46326086957,0.0377237778157,HLA-B*15:01
zhao-vaccine-95c58fac230ea0f3,MHCflurry,2.2.1,presentation,0.406847029831,higher,predicted,128.321927695,0.813,0.406847029831,1.039375,0.00411121974321,HLA-A*33:03
zhao-vaccine-bb1a0c27e90239ef,MHCflurry,2.2.1,presentation,0.97933530119,higher,predicted,36.2471900595,0.097375,0.97933530119,0.00842391304349,0.85413569957,HLA-A*33:03
zhao-vaccine-1c3a67755fd7fca1,MHCflurry,2.2.1,presentation,0.926486395694,higher,predicted,60.74596991,0.365375,0.926486395694,0.0822282608696,0.621535141021,HLA-A*33:03
zhao-vaccine-3ef5d2b22192452c,MHCflurry,2.2.1,presentation,0.620685171463,higher,predicted,138.226855075,0.45975,0.620685171463,0.575706521739,0.27026783186,HLA-B*07:02
zhao-vaccine-2035a2c4e1d3b152,MHCflurry,2.2.1,presentation,0.889167515927,higher,predicted,51.8336076638,0.093,0.889167515927,0.138342391304,0.450320377946,HLA-B*44:03
zhao-vaccine-7385fb196deb3bf7,MHCflurry,2.2.1,presentation,0.867387299575,higher,predicted,48.0104349523,0.341125,0.867387299575,0.173423913043,0.37156734243,HLA-A*02:01
zhao-vaccine-dbb983045ceede00,MHCflurry,2.2.1,presentation,0.579740843016,higher,predicted,92.0026996761,0.2845,0.579740843016,0.655597826087,0.110249763355,HLA-B*44:03
zhao-vaccine-527f95a4e289d7e9,MHCflurry,2.2.1,presentation,0.666630323498,higher,predicted,44.9262600972,0.319875,0.666630323498,0.496684782609,0.0183968345518,HLA-A*02:01
zhao-vaccine-04005fe536e93742,MHCflurry,2.2.1,presentation,0.918799325181,higher,predicted,51.3118701242,0.265125,0.918799325181,0.093152173913,0.544735132717,HLA-A*33:03
zhao-vaccine-2ebb94dcfe10a6ab,MHCflurry,2.2.1,presentation,0.945674518178,higher,predicted,38.298378481,0.0035,0.945674518178,0.0538586956522,0.586176780984,HLA-B*44:03
zhao-vaccine-822871467a2cb9f7,MHCflurry,2.2.1,presentation,0.928668126232,higher,predicted,21.5818789744,0.115,0.928668126232,0.079402173913,0.346609524451,HLA-A*02:01
zhao-vaccine-d22412fcd0906159,MHCflurry,2.2.1,presentation,0.952168826365,higher,predicted,27.6685556292,0.1715,0.952168826365,0.0440760869565,0.534839518368,HLA-A*02:01
zhao-vaccine-1bc4abb5ce77ef26,MHCflurry,2.2.1,presentation,0.738948136191,higher,predicted,30.2672300095,0.196,0.738948136191,0.375298913043,0.00818871751835,HLA-A*02:01
zhao-vaccine-d042e70a4fac48ce,MHCflurry,2.2.1,presentation,0.730658332892,higher,predicted,66.3710696104,0.172875,0.730658332892,0.389836956522,0.211731001269,HLA-B*44:03
zhao-vaccine-49a3aed1972a53cb,MHCflurry,2.2.1,presentation,0.919046473544,higher,predicted,34.9948973252,0.027625,0.919046473544,0.091875,0.4406013228,HLA-B*15:01
zhao-vaccine-3efc9e2f4bf83404,MHCflurry,2.2.1,presentation,0.931862201182,higher,predicted,38.23036611,0.120125,0.931862201182,0.0745380434783,0.517502434552,HLA-A*33:03
zhao-vaccine-bd733d897205f436,MHCflurry,2.2.1,presentation,0.628072762068,higher,predicted,98.7300300971,0.370875,0.628072762068,0.563695652174,0.1867867494,HLA-B*15:01
zhao-vaccine-552deaa19718651e,MHCflurry,2.2.1,presentation,0.911521161572,higher,predicted,42.7676123893,0.163,0.911521161572,0.103940217391,0.468221243471,HLA-A*11:01
zhao-vaccine-179ec83aee84c481,MHCflurry,2.2.1,presentation,0.0182185164054,higher,predicted,5394.93097592,3.36075,0.0182185164054,12.8054619565,0.0102321955856,HLA-A*11:01
zhao-vaccine-e73b70638bcacc49,MHCflurry,2.2.1,presentation,0.780843139714,higher,predicted,48.5429185865,0.21275,0.780843139714,0.307527173913,0.202904148493,HLA-A*11:01
zhao-vaccine-475cff767bc113d1,MHCflurry,2.2.1,presentation,0.142728074811,higher,predicted,572.825169511,1.306875,0.142728074811,2.30184782609,0.0146769359126,HLA-A*11:01
zhao-vaccine-3d2247c88733bc02,MHCflurry,2.2.1,presentation,0.71408292788,higher,predicted,192.58305185,0.770875,0.71408292788,0.41527173913,0.480822868645,HLA-A*11:01
zhao-vaccine-23d1214c81edd2bf,MHCflurry,2.2.1,presentation,0.203926331456,higher,predicted,349.564611792,1.041375,0.203926331456,1.81350543478,0.000866606945237,HLA-A*11:01
zhao-vaccine-77c91184c7fe8a44,MHCflurry,2.2.1,presentation,0.0153360789291,higher,predicted,6731.80955713,3.75225,0.0153360789291,15.160951087,0.021503775497,HLA-A*11:01
zhao-vaccine-3bc56fd5f749551a,MHCflurry,2.2.1,presentation,0.888372603379,higher,predicted,58.6087446608,0.146125,0.888372603379,0.140054347826,0.481773456559,HLA-A*24:02
zhao-vaccine-601d5c1084d82d5e,MHCflurry,2.2.1,presentation,0.854040711401,higher,predicted,38.926942104,0.031,0.854040711401,0.193043478261,0.282501848415,HLA-B*40:01
zhao-vaccine-9daff6e5105ae694,MHCflurry,2.2.1,presentation,0.705735348687,higher,predicted,65.5003440941,0.203625,0.705735348687,0.427663043478,0.173283557175,HLA-B*40:01
zhao-vaccine-d27e4266e28272a5,MHCflurry,2.2.1,presentation,0.907888185487,higher,predicted,57.9822589156,0.279875,0.907888185487,0.109809782609,0.5392768085,HLA-A*11:01
zhao-vaccine-3d0b0f4d4ff1e144,MHCflurry,2.2.1,presentation,0.827836384867,higher,predicted,59.7201566765,0.293,0.827836384867,0.233451086957,0.344523827545,HLA-A*11:01
zhao-vaccine-4dc99915264a3be9,MHCflurry,2.2.1,presentation,0.859053371034,higher,predicted,14.0584007226,0.03075,0.859053371034,0.185489130435,0.0144245765114,HLA-A*02:06
zhao-vaccine-95841985f246888a,MHCflurry,2.2.1,presentation,0.325131742425,higher,predicted,182.749398196,0.954875,0.325131742425,1.2795923913,0.0013337413111,HLA-A*02:06
zhao-vaccine-b0d0cc94e7ddcb4c,MHCflurry,2.2.1,presentation,0.802278901593,higher,predicted,26.0410475841,0.175875,0.802278901593,0.274510869565,0.0686746029241,HLA-A*02:06
zhao-vaccine-e5b6e6531027fb8f,MHCflurry,2.2.1,presentation,0.660808167487,higher,predicted,45.4827742244,0.362625,0.660808167487,0.505760869565,0.014403940906,HLA-A*02:06
zhao-vaccine-1d176f8351e9f7ad,MHCflurry,2.2.1,presentation,0.00629622684731,higher,predicted,17130.6027889,9.42375,0.00629622684731,37.359048913,0.0237279511057,HLA-A*02:06
zhao-vaccine-d412ce466d5b1dc9,MHCflurry,2.2.1,presentation,0.011112231794,higher,predicted,22005.7786505,14.22325,0.011112231794,20.2322554348,0.25442006439,HLA-A*02:06
zhao-vaccine-15fe9978ca52b138,MHCflurry,2.2.1,presentation,0.961558071485,higher,predicted,43.3278780876,0.012875,0.961558071485,0.0315489130435,0.722507342696,HLA-A*26:01
zhao-vaccine-2bfc958d9bf6634e,MHCflurry,2.2.1,presentation,0.761882347646,higher,predicted,167.354117879,0.348625,0.761882347646,0.338559782609,0.512290611863,HLA-B*15:07
zhao-vaccine-628a7fb3dbfebccc,MHCflurry,2.2.1,presentation,0.928375290279,higher,predicted,69.6958330151,0.032625,0.928375290279,0.079402173913,0.667200412601,HLA-A*26:01
zhao-vaccine-a4de99f6c1c81857,MHCflurry,2.2.1,presentation,0.61822826567,higher,predicted,107.577257761,0.16075,0.61822826567,0.581548913043,0.198498794693,HLA-B*51:01
zhao-vaccine-47d94499ca222d03,MHCflurry,2.2.1,presentation,0.913878149957,higher,predicted,29.6656779149,0.01875,0.913878149957,0.101385869565,0.376158771105,HLA-A*30:01
zhao-vaccine-7bc119052ceb79ba,MHCflurry,2.2.1,presentation,0.163227598603,higher,predicted,467.209615742,0.80025,0.163227598603,2.10336956522,0.00349675915641,HLA-A*30:01
zhao-vaccine-03b8d0dfc45ddca1,MHCflurry,2.2.1,presentation,0.795795689681,higher,predicted,31.2887162697,0.0225,0.795795689681,0.285570652174,0.107663289062,HLA-A*30:01
zhao-vaccine-15d95e5a1176ca46,MHCflurry,2.2.1,presentation,0.931653266102,higher,predicted,40.4888845252,0.052375,0.931653266102,0.0745380434783,0.53233151359,HLA-A*30:01
zhao-vaccine-54c4c39a2e4f38f8,MHCflurry,2.2.1,presentation,0.629492602273,higher,predicted,189.401282204,0.43875,0.629492602273,0.561902173913,0.367362094112,HLA-A*30:01
zhao-vaccine-4cb2c73c4037fe42,MHCflurry,2.2.1,presentation,0.927851698129,higher,predicted,40.6691862086,0.05425,0.927851698129,0.0808423913043,0.517096675932,HLA-A*30:01
zhao-vaccine-d51f8c32cad1ba20,MHCflurry,2.2.1,presentation,0.0240253832825,higher,predicted,9415.916511,4.803875,0.0240253832825,9.84945652174,0.24300823384,HLA-A*30:01
zhao-vaccine-10aed5dd64ac5e96,MHCflurry,2.2.1,presentation,0.823354811786,higher,predicted,51.5844214576,0.092875,0.823354811786,0.240951086956,0.295520327054,HLA-A*30:01
zhao-vaccine-b4d79cc663ff7cb6,MHCflurry,2.2.1,presentation,0.01849079556,higher,predicted,21274.8453688,12.296125,0.01849079556,12.8054619565,0.391188395908,HLA-A*30:01
zhao-vaccine-0965fc823e5c55b6,MHCflurry,2.2.1,presentation,0.00428284795409,higher,predicted,23677.7071385,15.009125,0.00428284795409,62.744673913,0.0031066093652,HLA-A*30:01
zhao-vaccine-e82dd5c586f503f8,MHCflurry,2.2.1,presentation,0.436225809733,higher,predicted,119.330971064,0.353875,0.436225809733,0.966331521739,0.0182319448941,HLA-B*35:01
zhao-vaccine-96f5d7454e5ad071,MHCflurry,2.2.1,presentation,0.92816836425,higher,predicted,63.1247672429,0.16675,0.92816836425,0.079402173913,0.639135215431,HLA-B*35:01
zhao-vaccine-2320522f4904ce2d,MHCflurry,2.2.1,presentation,0.672141046718,higher,predicted,266.014863102,0.63525,0.672141046718,0.486548913043,0.513709878549,HLA-B*35:01
zhao-vaccine-65768a47eeba2a4b,MHCflurry,2.2.1,presentation,0.0064144092988,higher,predicted,18806.7010903,8.339,0.0064144092988,37.359048913,0.0546448456589,HLA-B*35:01
zhao-vaccine-0454fe88d4ac8002,MHCflurry,2.2.1,presentation,0.0129220204971,higher,predicted,7866.35471833,3.5725,0.0129220204971,18.6179891304,0.0151628791646,HLA-B*35:01
zhao-vaccine-89993b9b649d4bf9,MHCflurry,2.2.1,presentation,0.190815032077,higher,predicted,419.236093052,0.81775,0.190815032077,1.89847826087,0.0273634667974,HLA-B*35:01
zhao-vaccine-c214618b34c2e443,MHCflurry,2.2.1,presentation,0.50045315781,higher,predicted,275.250912751,0.64925,0.50045315781,0.820842391304,0.320692939218,HLA-B*35:01
zhao-vaccine-d234ed653d6ff2ef,MHCflurry,2.2.1,presentation,0.003756168336,higher,predicted,28917.3118118,13.485375,0.003756168336,99.2866032609,0.0207521379925,HLA-A*26:01
zhao-vaccine-933c3a1a5d3fcfb5,MHCflurry,2.2.1,presentation,0.81031633943,higher,predicted,61.0779824061,0.157375,0.81031633943,0.261956521739,0.31725928979,HLA-B*35:01
zhao-vaccine-86625401541d7ccb,MHCflurry,2.2.1,presentation,0.616041955108,higher,predicted,194.635161007,0.514875,0.616041955108,0.584972826087,0.358662327286,HLA-A*24:02
zhao-vaccine-92fb0552f2f37ea6,MHCflurry,2.2.1,presentation,0.593012972211,higher,predicted,892.103955226,0.302125,0.593012972211,0.629483695652,0.749404273927,HLA-A*26:01
zhao-vaccine-11227a4a3d59829a,MHCflurry,2.2.1,presentation,0.923889254511,higher,predicted,23.9914224626,0.00475,0.923889254511,0.0861141304348,0.35588133987,HLA-B*35:01
zhao-vaccine-7d23928704435dc6,MHCflurry,2.2.1,presentation,0.819613431513,higher,predicted,77.8656308536,0.22575,0.819613431513,0.248152173913,0.401354717091,HLA-B*35:01
zhao-vaccine-1c332b4d9a7afa33,MHCflurry,2.2.1,presentation,0.978462535582,higher,predicted,42.926543109,0.06325,0.978462535582,0.00964673913045,0.888624221087,HLA-B*40:01
zhao-vaccine-d55305c322d0068a,MHCflurry,2.2.1,presentation,0.0700076936135,higher,predicted,1484.99665762,1.50225,0.0700076936135,3.85252717391,0.051855185302,HLA-B*35:01
zhao-vaccine-223101ef12b1d5d5,MHCflurry,2.2.1,presentation,0.897374921866,higher,predicted,86.8273331133,0.25725,0.897374921866,0.125516304348,0.616292271763,HLA-B*35:01
zhao-vaccine-b681ee4ba6fc6869,MHCflurry,2.2.1,presentation,0.749114935483,higher,predicted,56.5460715759,0.1525,0.749114935483,0.359293478261,0.194862227887,HLA-B*40:01
zhao-vaccine-650741bfed719a3e,MHCflurry,2.2.1,presentation,0.947403008016,higher,predicted,56.556750143,0.13825,0.947403008016,0.0509510869565,0.702857084572,HLA-B*35:01
zhao-vaccine-b287db63851eeff5,MHCflurry,2.2.1,presentation,0.804765955815,higher,predicted,44.7503171624,0.07375,0.804765955815,0.271195652174,0.221769058146,HLA-B*40:01
zhao-vaccine-0c6afaae20915efb,MHCflurry,2.2.1,presentation,0.40569301583,higher,predicted,404.746660386,0.63375,0.40569301583,1.04182065217,0.318126840517,HLA-B*40:01
zhao-vaccine-64f082f381176acb,MHCflurry,2.2.1,presentation,0.165249705653,higher,predicted,540.79099399,0.70025,0.165249705653,2.08619565217,0.0478130494012,HLA-B*40:01
zhao-vaccine-5fc783e702f9eba8,MHCflurry,2.2.1,presentation,0.00575652643826,higher,predicted,19023.1460106,8.47575,0.00575652643826,46.224673913,0.0270146555849,HLA-B*35:01
zhao-vaccine-292259718a089cab,MHCflurry,2.2.1,presentation,0.00953214075446,higher,predicted,10883.5995753,4.56675,0.00953214075446,24.5792391304,0.0173306404904,HLA-B*35:01
zhao-vaccine-de9066f21b4546ac,MHCflurry,2.2.1,presentation,0.396148176214,higher,predicted,217.789359786,0.4985,0.396148176214,1.06777173913,0.13675390475,HLA-B*40:01
zhao-vaccine-00ebc5582e851a99,MHCflurry,2.2.1,presentation,0.738886570409,higher,predicted,38.7279982569,0.028625,0.738886570409,0.375298913043,0.0757715258515,HLA-B*40:01
zhao-vaccine-be9e7274af2b2d63,MHCflurry,2.2.1,presentation,0.534617667424,higher,predicted,141.566040837,0.199625,0.534617667424,0.747336956522,0.176834685728,HLA-B*54:01
zhao-vaccine-874e8070deb080f0,MHCflurry,2.2.1,presentation,0.211121319987,higher,predicted,375.18525197,0.452375,0.211121319987,1.77309782609,0.0326513651526,HLA-B*54:01
zhao-vaccine-bb29c2d6a8cfb75e,MHCflurry,2.2.1,presentation,0.0439940254016,higher,predicted,4150.04247729,1.3555,0.0439940254016,5.78807065217,0.194904345088,HLA-B*40:01
zhao-vaccine-eca0d8162dca164b,MHCflurry,2.2.1,presentation,0.920628717386,higher,predicted,52.697608546,0.131625,0.920628717386,0.0904347826087,0.559053605422,HLA-B*40:01
zhao-vaccine-db2184f5f215317b,MHCflurry,2.2.1,presentation,0.0445796793099,higher,predicted,10203.7999267,1.563125,0.0445796793099,5.671875,0.445801580325,HLA-A*26:01
zhao-vaccine-7616ec8d421ab8e7,MHCflurry,2.2.1,presentation,0.18817542541,higher,predicted,389.052687316,0.6245,0.18817542541,1.92016304348,0.00199253877327,HLA-B*40:01
zhao-vaccine-dbe2c008385f4065,MHCflurry,2.2.1,presentation,0.562194139162,higher,predicted,140.84155404,0.3975,0.562194139162,0.691114130435,0.206905739382,HLA-B*40:01
zhao-vaccine-89b3b969bcd62f64,MHCflurry,2.2.1,presentation,0.103558922219,higher,predicted,12390.9682891,2.3145,0.103558922219,2.85152173913,0.755350925028,HLA-B*40:01
zhao-vaccine-c335fa90a3776c2f,MHCflurry,2.2.1,presentation,0.0254184020885,higher,predicted,4280.30042298,2.0505,0.0254184020885,9.49423913043,0.0429016501876,HLA-B*54:01
zhao-vaccine-400dad68348762c6,MHCflurry,2.2.1,presentation,0.143649251413,higher,predicted,2009.42108498,2.522875,0.143649251413,2.29201086957,0.361350951716,HLA-A*02:06
zhao-vaccine-5a30a78672029a4b,MHCflurry,2.2.1,presentation,0.443569354341,higher,predicted,214.319486999,1.033625,0.443569354341,0.947201086956,0.187416751403,HLA-A*02:06
zhao-vaccine-0aa35de3d0cd0f2e,MHCflurry,2.2.1,presentation,0.758372144024,higher,predicted,53.2551273685,0.084625,0.758372144024,0.344510869565,0.192497709184,HLA-B*44:02
zhao-vaccine-3b18add8d940be3b,MHCflurry,2.2.1,presentation,0.696353389006,higher,predicted,37.6899361117,0.29675,0.696353389006,0.443831521739,0.00890337625606,HLA-A*02:06
zhao-vaccine-0eb19c92b8572161,MHCflurry,2.2.1,presentation,0.956695091294,higher,predicted,37.6700998718,0.0425,0.956695091294,0.0383152173913,0.648991510272,HLA-A*24:02
zhao-vaccine-89ab0d7c0ad5c525,MHCflurry,2.2.1,presentation,0.00422796249412,higher,predicted,26730.9951459,17.323125,0.00422796249412,62.744673913,0.0327443323913,HLA-A*24:02
zhao-vaccine-7045b8cd65c4aed2,MHCflurry,2.2.1,presentation,0.011591701921,higher,predicted,17300.4334046,6.527125,0.011591701921,20.2322554348,0.200449772645,HLA-A*24:02
zhao-vaccine-868fc1305293857a,MHCflurry,2.2.1,presentation,0.316565869574,higher,predicted,256.851489467,0.609875,0.316565869574,1.30741847826,0.0836708918214,HLA-A*24:02
zhao-vaccine-e570d74e15005831,MHCflurry,2.2.1,presentation,0.846412900619,higher,predicted,55.5656722677,0.095375,0.846412900619,0.205380434783,0.363271240145,HLA-B*44:02
zhao-vaccine-74ea5a395af3821e,MHCflurry,2.2.1,presentation,0.164493985041,higher,predicted,463.914603411,0.836375,0.164493985041,2.09464673913,0.00416611216497,HLA-A*24:02
zhao-vaccine-c486185e561321a7,MHCflurry,2.2.1,presentation,0.0562474402641,higher,predicted,1675.58480753,1.350875,0.0562474402641,4.58573369565,0.0190011929371,HLA-B*44:02
zhao-vaccine-4653ae3aa2d99671,MHCflurry,2.2.1,presentation,0.279491694499,higher,predicted,313.947407241,0.68225,0.279491694499,1.43986413043,0.0886429564562,HLA-A*24:02
zhao-vaccine-c99e66b2806b47c3,MHCflurry,2.2.1,presentation,0.128640050336,higher,predicted,821.614956445,1.024125,0.128640050336,2.46326086957,0.0797213725746,HLA-B*44:02
zhao-vaccine-077c38d007d0e296,MHCflurry,2.2.1,presentation,0.309770185271,higher,predicted,232.342289213,1.146125,0.309770185271,1.330625,0.0472085493384,HLA-B*37:01
zhao-vaccine-4e1525c5465ce693,MHCflurry,2.2.1,presentation,0.891993001565,higher,predicted,92.6378026816,0.4215,0.891993001565,0.133586956522,0.617929026484,HLA-C*05:01
zhao-vaccine-675c4724bf5f1cbb,MHCflurry,2.2.1,presentation,0.932826646252,higher,predicted,65.0846916232,0.200375,0.932826646252,0.0733967391304,0.667894717306,HLA-B*40:01
zhao-vaccine-897fe8a79c4344c2,MHCflurry,2.2.1,presentation,0.655185496786,higher,predicted,46.0172854222,0.32675,0.655185496786,0.51652173913,0.0105495812604,HLA-A*02:01
zhao-vaccine-f301d3d1318cc99b,MHCflurry,2.2.1,presentation,0.252615234886,higher,predicted,334.493406519,1.130625,0.252615234886,1.55777173913,0.0671195708564,HLA-A*02:01
zhao-vaccine-547c0f5e092fcfce,MHCflurry,2.2.1,presentation,0.00619300516901,higher,predicted,16271.9771745,2.959625,0.00619300516901,37.359048913,0.00490926613566,HLA-B*40:01
zhao-vaccine-34448f6db97f37d2,MHCflurry,2.2.1,presentation,0.909870358332,higher,predicted,18.6408857481,0.082375,0.909870358332,0.107173913043,0.234500797465,HLA-A*02:01
zhao-vaccine-3f35f9e1e5dcea03,MHCflurry,2.2.1,presentation,0.549524207943,higher,predicted,86.4785047442,0.434625,0.549524207943,0.719048913043,0.0584966243186,HLA-A*02:07
zhao-vaccine-a77e03747be6f8e2,MHCflurry,2.2.1,presentation,0.975475857332,higher,predicted,55.8912102355,0.0355,0.975475857332,0.013097826087,0.923511363566,HLA-B*54:01
zhao-vaccine-eb263d1b89e1830f,MHCflurry,2.2.1,presentation,0.917471561736,higher,predicted,49.1164870569,0.072625,0.917471561736,0.0947826086956,0.527737383731,HLA-B*44:03
zhao-vaccine-4ca9e42a55a7d196,MHCflurry,2.2.1,presentation,0.895831755884,higher,predicted,38.010174252,0.11475,0.895831755884,0.128532608696,0.38480001688,HLA-A*33:03
zhao-vaccine-841f843f3ecdb273,MHCflurry,2.2.1,presentation,0.860174151538,higher,predicted,50.7297689477,0.085,0.860174151538,0.18402173913,0.369362974539,HLA-B*44:03
zhao-vaccine-e19cac8daeddc91e,MHCflurry,2.2.1,presentation,0.626773423455,higher,predicted,90.1453105921,0.275,0.626773423455,0.565706521739,0.160242018756,HLA-B*44:03
zhao-vaccine-70ec9496400c2d96,MHCflurry,2.2.1,presentation,0.646136484559,higher,predicted,48.1029559305,0.095,0.646136484559,0.531168478261,0.0114665612928,HLA-A*24:02
zhao-vaccine-2406c7f4c5568981,MHCflurry,2.2.1,presentation,0.971220948218,higher,predicted,33.2859974132,0.019,0.971220948218,0.0176630434783,0.734771892428,HLA-C*14:03
zhao-vaccine-f58974483659bc06,MHCflurry,2.2.1,presentation,0.787134581926,higher,predicted,59.104054333,0.14875,0.787134581926,0.297798913043,0.267448030412,HLA-A*24:02
zhao-vaccine-dd143204918ae739,MHCflurry,2.2.1,presentation,0.0199464306559,higher,predicted,4782.85353369,3.796125,0.0199464306559,12.1872282609,0.00327951919462,HLA-A*33:03
zhao-vaccine-834822ba2dd54e62,MHCflurry,2.2.1,presentation,0.654098787956,higher,predicted,165.978912145,0.9565,0.654098787956,0.518125,0.361381209223,HLA-A*33:03
zhao-vaccine-a2c1308a319a89a1,MHCflurry,2.2.1,presentation,0.753984796449,higher,predicted,88.9700565491,0.269125,0.753984796449,0.351358695652,0.326666769572,HLA-A*24:02
zhao-vaccine-a4f5baf91435e3dd,MHCflurry,2.2.1,presentation,0.240865056551,higher,predicted,414.233968852,0.79075,0.240865056551,1.61274456522,0.107948665391,HLA-A*24:02
zhao-vaccine-cd6ea47a1621b54b,MHCflurry,2.2.1,presentation,0.582502641327,higher,predicted,147.566858024,0.426625,0.582502641327,0.651005434783,0.243165975437,HLA-A*24:02
zhao-vaccine-dc823bb26dd083f3,MHCflurry,2.2.1,presentation,0.828370814345,higher,predicted,81.4232818202,0.243875,0.828370814345,0.233451086957,0.430689636618,HLA-A*24:02
zhao-vaccine-3ea2cdcf52d34617,MHCflurry,2.2.1,presentation,0.44263358206,higher,predicted,121.374825053,0.365375,0.44263358206,0.949510869565,0.0302465700515,HLA-A*24:02
zhao-vaccine-0a72b615bc5857d9,MHCflurry,2.2.1,presentation,0.614121852013,higher,predicted,60.918756389,0.158375,0.614121852013,0.588641304348,0.037469975985,HLA-A*24:02
zhao-vaccine-37afde455e133417,MHCflurry,2.2.1,presentation,0.965209123156,higher,predicted,31.3216182562,0.01475,0.965209123156,0.0255434782609,0.662699237466,HLA-A*24:02
zhao-vaccine-1b4173c9a4a95c41,MHCflurry,2.2.1,presentation,0.83525216793,higher,predicted,88.1015471373,0.265875,0.83525216793,0.222663043478,0.466234879568,HLA-A*24:02
zhao-vaccine-0b4d677f1b84c9b4,MHCflurry,2.2.1,presentation,0.751851717799,higher,predicted,60.4724833862,0.155375,0.751851717799,0.354239130435,0.217423504335,HLA-A*24:02
zhao-vaccine-a4f37f8021b7e841,MHCflurry,2.2.1,presentation,0.708233914594,higher,predicted,68.1189791472,0.1875,0.708233914594,0.424565217391,0.18745453679,HLA-A*24:02
zhao-vaccine-7407554767f0c782,MHCflurry,2.2.1,presentation,0.766163552096,higher,predicted,27.5374199619,0.195875,0.766163552096,0.331766304348,0.0235790463921,HLA-A*02:06
zhao-vaccine-e87adfb42491b475,MHCflurry,2.2.1,presentation,0.910736411749,higher,predicted,37.5450297519,0.2935,0.910736411749,0.105461956522,0.429726134986,HLA-A*02:06
zhao-vaccine-4608aff8b90b7751,MHCflurry,2.2.1,presentation,0.812643408329,higher,predicted,39.8025818176,0.316,0.812643408329,0.258967391304,0.203995812684,HLA-A*02:06
zhao-vaccine-a38f0b4774ee8d03,MHCflurry,2.2.1,presentation,0.12216071331,higher,predicted,8202.55934626,4.942625,0.12216071331,2.54364130435,0.694714808837,HLA-A*02:06
zhao-vaccine-13953415301cf176,MHCflurry,2.2.1,presentation,0.977781896086,higher,predicted,16.1458327655,0.05425,0.977781896086,0.0108695652174,0.611182104796,HLA-A*02:06
zhao-vaccine-8cd82d97fc7c076e,MHCflurry,2.2.1,presentation,0.0228516847509,higher,predicted,21475.2425718,13.323375,0.0228516847509,10.6558423913,0.454869362526,HLA-A*02:06
zhao-vaccine-9b53f60837368957,MHCflurry,2.2.1,presentation,0.0115886801259,higher,predicted,16816.7134871,9.17225,0.0115886801259,20.2322554348,0.192589767743,HLA-A*02:06
zhao-vaccine-88e84548469445f4,MHCflurry,2.2.1,presentation,0.0117258183073,higher,predicted,15543.0232372,8.35,0.0117258183073,20.2322554348,0.174330960377,HLA-A*02:06
zhao-vaccine-7476851d9534e310,MHCflurry,2.2.1,presentation,0.00482699857504,higher,predicted,21539.5366989,13.61625,0.00482699857504,62.744673913,0.0110827807948,HLA-A*02:06
zhao-vaccine-627ff41af6a00cdb,MHCflurry,2.2.1,presentation,0.964593261964,higher,predicted,20.3420872938,0.103375,0.964593261964,0.0267391304348,0.539064040408,HLA-A*02:06
zhao-vaccine-be08242d923ef061,MHCflurry,2.2.1,presentation,0.556241285248,higher,predicted,115.136373861,0.159375,0.556241285248,0.703994565217,0.144755420508,HLA-B*54:01
zhao-vaccine-d903a5698261b3c8,MHCflurry,2.2.1,presentation,0.199927055253,higher,predicted,1773.3583845,1.1375,0.199927055253,1.83932065217,0.439687161706,HLA-B*54:01
zhao-vaccine-354e3296551734fc,MHCflurry,2.2.1,presentation,0.874381164642,higher,predicted,39.3053318867,0.048,0.874381164642,0.1625,0.334226784296,HLA-A*24:02
zhao-vaccine-db96e69b306cec11,MHCflurry,2.2.1,presentation,0.603208157714,higher,predicted,114.705966453,0.346,0.603208157714,0.609538043478,0.198255832307,HLA-A*24:02
zhao-vaccine-25e9aa95382b9b81,MHCflurry,2.2.1,presentation,0.645277875274,higher,predicted,193.362711096,0.514875,0.645277875274,0.53277173913,0.392350562848,HLA-A*24:02
zhao-vaccine-aca8d5b04290cf53,MHCflurry,2.2.1,presentation,0.362643289976,higher,predicted,233.562931533,0.3175,0.362643289976,1.15888586957,0.115711949999,HLA-B*54:01
zhao-vaccine-a0b7cf2411e2ce98,MHCflurry,2.2.1,presentation,0.563475149951,higher,predicted,70.7693162591,0.20025,0.563475149951,0.689103260869,0.019436975228,HLA-A*24:02
zhao-vaccine-940a71fc528c9c3a,MHCflurry,2.2.1,presentation,0.0308464194109,higher,predicted,9697.99777753,4.347,0.0308464194109,8.01565217391,0.323727612384,HLA-B*54:01
zhao-vaccine-ff0ee141ea3683bc,MHCflurry,2.2.1,presentation,0.126313471786,higher,predicted,2239.83828713,1.684125,0.126313471786,2.48913043478,0.349140463397,HLA-A*24:02
zhao-vaccine-39bc95abd5991029,MHCflurry,2.2.1,presentation,0.227778350462,higher,predicted,512.970035367,0.881375,0.227778350462,1.67619565217,0.146021405701,HLA-A*24:02
zhao-vaccine-88c2d4f2ab12000b,MHCflurry,2.2.1,presentation,0.377798576102,higher,predicted,176.607540146,0.48025,0.377798576102,1.1172826087,0.0573457793798,HLA-B*35:01
zhao-vaccine-c59f2b9ad31b5b66,MHCflurry,2.2.1,presentation,0.959461237643,higher,predicted,12.1069970193,0.015375,0.959461237643,0.034402173913,0.356839366257,HLA-A*02:01
zhao-vaccine-63a16a978ce57b49,MHCflurry,2.2.1,presentation,0.976488394667,higher,predicted,24.9620063175,0.007875,0.976488394667,0.0120923913044,0.714429114014,HLA-B*35:01
zhao-vaccine-c9b84b79d3a1f196,MHCflurry,2.2.1,presentation,0.763459917406,higher,predicted,140.837480374,0.404625,0.763459917406,0.336711956522,0.467394568026,HLA-B*35:01
zhao-vaccine-616f65f167de3213,MHCflurry,2.2.1,presentation,0.53373069242,higher,predicted,78.7062313527,0.45475,0.53373069242,0.749375,0.0146609576768,HLA-C*03:03
zhao-vaccine-8fa800ae6297b07f,MHCflurry,2.2.1,presentation,0.837582806693,higher,predicted,17.4983035922,0.07125,0.837582806693,0.219673913043,0.0272888833133,HLA-A*02:01
zhao-vaccine-e6c995508f6b8b97,MHCflurry,2.2.1,presentation,0.109765188476,higher,predicted,1072.19239019,1.29475,0.109765188476,2.74149456522,0.101896538865,HLA-B*35:01
zhao-vaccine-895bee1ec0b5fbb3,MHCflurry,2.2.1,presentation,0.859028672437,higher,predicted,17.8877877466,0.0755,0.859028672437,0.185489130435,0.0805027633905,HLA-A*02:01
zhao-vaccine-f73820b5ccde65b5,MHCflurry,2.2.1,presentation,0.366642412275,higher,predicted,193.482006026,0.881125,0.366642412275,1.14722826087,0.0689041242003,HLA-A*02:01
zhao-vaccine-00f1923403b6b019,MHCflurry,2.2.1,presentation,0.568352748116,higher,predicted,87.804320343,0.692375,0.568352748116,0.680027173913,0.0842627912061,HLA-B*40:02
zhao-vaccine-4b8df077829e6980,MHCflurry,2.2.1,presentation,0.995344285763,higher,predicted,10.1022636085,0.000875,0.995344285763,0.000190217391278,0.929187498987,HLA-A*02:01
zhao-vaccine-0aa3647ec94e3181,MHCflurry,2.2.1,presentation,0.933460882562,higher,predicted,11.8403642211,0.0135,0.933460882562,0.0717391304348,0.202906197635,HLA-A*02:01
zhao-vaccine-fa4e8d3c569efbb5,MHCflurry,2.2.1,presentation,0.956913734874,higher,predicted,15.2561760836,0.0455,0.956913734874,0.0383152173913,0.402336111292,HLA-A*02:01
zhao-vaccine-d246d27339880814,MHCflurry,2.2.1,presentation,0.91904036431,higher,predicted,34.3535634565,0.231875,0.91904036431,0.091875,0.435500109568,HLA-A*02:01
zhao-vaccine-0abbca74aa82ff8d,MHCflurry,2.2.1,presentation,0.907158257594,higher,predicted,17.1527666557,0.067,0.907158257594,0.109809782609,0.202436692081,HLA-A*02:01
zhao-vaccine-b8d1f70683fb782d,MHCflurry,2.2.1,presentation,0.827815120643,higher,predicted,45.883829113,0.2055,0.827815120643,0.235190217391,0.272125122603,HLA-B*40:02
zhao-vaccine-d4f19b6aeacc9acc,MHCflurry,2.2.1,presentation,0.711749458817,higher,predicted,49.8648847367,0.270625,0.711749458817,0.418288043478,0.106640963,HLA-B*40:02
zhao-vaccine-fae0e58b45b2b3e7,MHCflurry,2.2.1,presentation,0.492034247644,higher,predicted,126.290363899,0.897125,0.492034247644,0.83777173913,0.0972813768894,HLA-B*40:02
zhao-vaccine-91bf41d19d5a3297,MHCflurry,2.2.1,presentation,0.760454656292,higher,predicted,26.321738145,0.15975,0.760454656292,0.341277173913,0.00225218040214,HLA-A*02:01
zhao-vaccine-3072a4920293f8e4,MHCflurry,2.2.1,presentation,0.167698203134,higher,predicted,636.838847082,1.76325,0.167698203134,2.068125,0.0976829775609,HLA-B*40:02
zhao-vaccine-874955b202561616,MHCflurry,2.2.1,presentation,0.98310099306,higher,predicted,16.1486631565,0.054,0.98310099306,0.00451086956522,0.690107446164,HLA-A*02:01
zhao-vaccine-3ae295a23c08ed7d,MHCflurry,2.2.1,presentation,0.817500356997,higher,predicted,47.6578639518,0.203875,0.817500356997,0.251005434783,0.262552337954,HLA-A*11:01
zhao-vaccine-3efce3460b7a4e47,MHCflurry,2.2.1,presentation,0.335709905978,higher,predicted,216.628107383,1.17975,0.335709905978,1.243125,0.0615378543152,HLA-B*40:02
zhao-vaccine-5b46c9113e5507b4,MHCflurry,2.2.1,presentation,0.920781249768,higher,predicted,60.5844093913,0.417,0.920781249768,0.0904347826087,0.597933329642,HLA-A*02:01
zhao-vaccine-ac62717bdfea0acb,MHCflurry,2.2.1,presentation,0.878908151333,higher,predicted,39.7680565333,0.09,0.878908151333,0.154673913043,0.349272985011,HLA-B*40:02
zhao-vaccine-2c23902c93ef9031,MHCflurry,2.2.1,presentation,0.978397202494,higher,predicted,32.2506584511,0.2145,0.978397202494,0.00964673913045,0.809244439006,HLA-A*02:01
zhao-vaccine-4753da1a46e276fc,MHCflurry,2.2.1,presentation,0.81342162444,higher,predicted,30.8404371332,0.202,0.81342162444,0.257282608696,0.135406565852,HLA-A*02:01
zhao-vaccine-51f00b368ae3cabe,MHCflurry,2.2.1,presentation,0.742525081549,higher,predicted,82.8643849402,0.423125,0.742525081549,0.369809782609,0.289951771498,HLA-A*11:01
zhao-vaccine-b5c86b2360f65b48,MHCflurry,2.2.1,presentation,0.928630486409,higher,predicted,38.5513770814,0.1285,0.928630486409,0.079402173913,0.505719210021,HLA-A*11:01
zhao-vaccine-2767057dbbf63a70,MHCflurry,2.2.1,presentation,0.0197704979494,higher,predicted,24666.7914327,13.119625,0.0197704979494,12.1872282609,0.451083628461,HLA-A*11:01
zhao-vaccine-5fce8179edad0c4c,MHCflurry,2.2.1,presentation,0.263830213551,higher,predicted,475.019696966,1.3065,0.263830213551,1.5066576087,0.17996144644,HLA-A*02:01
zhao-vaccine-a543462cc9f9278f,MHCflurry,2.2.1,presentation,0.464022387816,higher,predicted,145.558269269,0.651375,0.464022387816,0.901413043478,0.104525666218,HLA-A*11:01
zhao-vaccine-e9501dfc8304b65b,MHCflurry,2.2.1,presentation,0.983271618061,higher,predicted,29.5727234357,0.014375,0.983271618061,0.00451086956522,0.859124734998,HLA-B*58:01
zhao-vaccine-eae2f44c7e6f7545,MHCflurry,2.2.1,presentation,0.963099174652,higher,predicted,23.8767583848,0.002,0.963099174652,0.0282065217392,0.570928907022,HLA-B*58:01
zhao-vaccine-f2ffda41c7bd4378,MHCflurry,2.2.1,presentation,0.60242787183,higher,predicted,173.843394683,0.24375,0.60242787183,0.611657608696,0.311483187601,HLA-A*01:01
zhao-vaccine-12b618c2cf1ed1f0,MHCflurry,2.2.1,presentation,0.969183695813,higher,predicted,35.1356574465,0.004,0.969183695813,0.0200815217392,0.729694209993,HLA-B*40:06
zhao-vaccine-623358367e6eacbf,MHCflurry,2.2.1,presentation,0.560802239601,higher,predicted,70.6602756552,0.292125,0.560802239601,0.692907608696,0.0159443964949,HLA-C*03:02
zhao-vaccine-d4f9347e28104ce8,MHCflurry,2.2.1,presentation,0.577246038064,higher,predicted,188.894710454,0.41575,0.577246038064,0.661603260869,0.304853379726,HLA-B*58:01
zhao-vaccine-b1ecee23a07f2855,MHCflurry,2.2.1,presentation,0.0482783936114,higher,predicted,4696.29199427,1.9845,0.0482783936114,5.24777173913,0.256387191825,HLA-B*58:01
zhao-vaccine-65a1856ffc74de64,MHCflurry,2.2.1,presentation,0.0301199362634,higher,predicted,7908.6073559,10.348875,0.0301199362634,8.01565217391,0.260782643687,HLA-C*03:02
zhao-vaccine-2466a2275803c898,MHCflurry,2.2.1,presentation,0.695412850925,higher,predicted,43.9325209935,0.349125,0.695412850925,0.445625,0.0497235377552,HLA-A*02:06
zhao-vaccine-ceeab670992f2bde,MHCflurry,2.2.1,presentation,0.0116822893209,higher,predicted,9294.6550453,5.338125,0.0116822893209,20.2322554348,0.0321071707294,HLA-A*02:06
zhao-vaccine-13234abcc62e39a3,MHCflurry,2.2.1,presentation,0.698536757333,higher,predicted,36.3776410307,0.095875,0.698536757333,0.440923913043,0.00209848571467,HLA-A*31:01
zhao-vaccine-2334035fe8c03a61,MHCflurry,2.2.1,presentation,0.0220118059002,higher,predicted,5117.5867805,3.77925,0.0220118059002,11.1157880435,0.0502948110225,HLA-A*02:06
zhao-vaccine-cca6479c6d67d1a3,MHCflurry,2.2.1,presentation,0.839347585323,higher,predicted,17.8048361425,0.07425,0.839347585323,0.216548913043,0.0357392920996,HLA-A*02:06
zhao-vaccine-940d7e8d23e50bde,MHCflurry,2.2.1,presentation,0.98026083633,higher,predicted,19.2277253792,0.09,0.98026083633,0.00725543478262,0.69329379499,HLA-A*02:06
zhao-vaccine-c520cceb3618956f,MHCflurry,2.2.1,presentation,0.532076960042,higher,predicted,76.16161325,0.564875,0.532076960042,0.753288043478,0.00376056602181,HLA-A*02:06
zhao-vaccine-590321641555bdd4,MHCflurry,2.2.1,presentation,0.134136990814,higher,predicted,2899.16299093,2.32425,0.134136990814,2.39032608696,0.439503708854,HLA-A*31:01
zhao-vaccine-b1555d61b37da579,MHCflurry,2.2.1,presentation,0.961238325686,higher,predicted,16.5228080107,0.0585,0.961238325686,0.0315489130435,0.455401990563,HLA-A*02:06
zhao-vaccine-6ee4b5111afb1ae6,MHCflurry,2.2.1,presentation,0.483506362952,higher,predicted,95.1161314145,0.6595,0.483506362952,0.856195652174,0.00980662135407,HLA-A*02:06
zhao-vaccine-bd18a6ba75b62ac8,MHCflurry,2.2.1,presentation,0.303371045891,higher,predicted,313.656687212,1.227375,0.303371045891,1.35263586957,0.121086136438,HLA-A*02:06
zhao-vaccine-011cbc47316c6c54,MHCflurry,2.2.1,presentation,0.0213087548596,higher,predicted,11597.5775206,6.329375,0.0213087548596,11.1157880435,0.265520800371,HLA-A*02:06
zhao-vaccine-1e7f325db4971357,MHCflurry,2.2.1,presentation,0.636890805137,higher,predicted,150.090404957,0.53925,0.636890805137,0.547092391304,0.312499174848,HLA-B*15:01
zhao-vaccine-7bdc109f932c292b,MHCflurry,2.2.1,presentation,0.276219100085,higher,predicted,1265.63802452,1.813625,0.276219100085,1.45663043478,0.46676919423,HLA-A*11:01
zhao-vaccine-2e9093d1df047344,MHCflurry,2.2.1,presentation,0.775380946231,higher,predicted,29.8244713973,0.21725,0.775380946231,0.316766304348,0.0602291328833,HLA-A*02:06
zhao-vaccine-41f4541974f3d119,MHCflurry,2.2.1,presentation,0.191425123729,higher,predicted,390.563594376,1.3455,0.191425123729,1.89105978261,0.00902961255633,HLA-A*02:06
zhao-vaccine-efe0205564201753,MHCflurry,2.2.1,presentation,0.00744517244163,higher,predicted,18527.1884985,10.484125,0.00744517244163,31.6431793478,0.0929452762939,HLA-A*02:06
zhao-vaccine-09c7ad177e1b1df0,MHCflurry,2.2.1,presentation,0.0142004296451,higher,predicted,25093.9590782,19.6065,0.0142004296451,16.1575543478,0.360666502267,HLA-A*02:06
zhao-vaccine-09a1abfb71cfd972,MHCflurry,2.2.1,presentation,0.234512060597,higher,predicted,486.92688282,1.114125,0.234512060597,1.64182065217,0.142426654464,HLA-B*15:01
zhao-vaccine-8f1fb2ba27b6b0ef,MHCflurry,2.2.1,presentation,0.733763903179,higher,predicted,68.0496305677,0.3425,0.733763903179,0.383695652174,0.223064429127,HLA-A*11:01
zhao-vaccine-3944ad7a200bed45,MHCflurry,2.2.1,presentation,0.442472395969,higher,predicted,126.823776233,0.37775,0.442472395969,0.949510869565,0.0421182826394,HLA-B*40:01
zhao-vaccine-89662fac64388428,MHCflurry,2.2.1,presentation,0.705266843309,higher,predicted,53.937596238,0.139625,0.705266843309,0.429538043478,0.119323241524,HLA-B*40:01
zhao-vaccine-615d33021f15ac04,MHCflurry,2.2.1,presentation,0.90396933286,higher,predicted,32.713238972,0.07825,0.90396933286,0.114918478261,0.369144193828,HLA-A*11:01
zhao-vaccine-7644ca8a4f4eac0f,MHCflurry,2.2.1,presentation,0.568573133915,higher,predicted,115.035738918,0.61725,0.568573133915,0.678043478261,0.158678418957,HLA-C*03:04
zhao-vaccine-b90a2c82cf9d57ac,MHCflurry,2.2.1,presentation,0.871389714288,higher,predicted,37.9858919757,0.122125,0.871389714288,0.167038043478,0.317232247442,HLA-A*11:01
zhao-vaccine-c8c411f898b41145,MHCflurry,2.2.1,presentation,0.699946150453,higher,predicted,293.062601573,0.961125,0.699946150453,0.438206521739,0.576798811555,HLA-A*11:01
zhao-vaccine-0113b08ef02a1837,MHCflurry,2.2.1,presentation,0.656785099179,higher,predicted,68.9051372471,0.216125,0.656785099179,0.512826086956,0.123387975153,HLA-B*40:01
zhao-vaccine-6a067ef1ea4ca8a5,MHCflurry,2.2.1,presentation,0.881390591459,higher,predicted,16.7027864211,0.060125,0.881390591459,0.151440217391,0.117765429197,HLA-A*02:06
zhao-vaccine-0d21bfcac05c0903,MHCflurry,2.2.1,presentation,0.794372760264,higher,predicted,25.6437017587,0.173875,0.794372760264,0.286847826087,0.0505727697164,HLA-A*02:06
zhao-vaccine-127d022b672bfa6e,MHCflurry,2.2.1,presentation,0.671163521181,higher,predicted,62.2484941969,0.310375,0.671163521181,0.488315217391,0.113712278428,HLA-A*11:01
zhao-vaccine-ebe204540dc589f6,MHCflurry,2.2.1,presentation,0.599292466104,higher,predicted,57.8220224179,0.248625,0.599292466104,0.617282608696,0.00558005578932,HLA-A*31:01
zhao-vaccine-4c412b408d01b12c,MHCflurry,2.2.1,presentation,0.833280294106,higher,predicted,33.5349772912,0.07625,0.833280294106,0.225298913043,0.197026879992,HLA-A*31:01
zhao-vaccine-89365f27fea85179,MHCflurry,2.2.1,presentation,0.230973972131,higher,predicted,307.385029237,0.933,0.230973972131,1.66154891304,0.0105354052648,HLA-A*31:01
zhao-vaccine-3614d38d7f84e3ab,MHCflurry,2.2.1,presentation,0.0195365659771,higher,predicted,17923.7356151,7.6255,0.0195365659771,12.1872282609,0.359983019531,HLA-A*31:01
zhao-vaccine-04765a1581b81652,MHCflurry,2.2.1,presentation,0.066555635104,higher,predicted,1444.83451718,1.77,0.066555635104,3.99690217391,0.0289887870895,HLA-A*31:01
zhao-vaccine-751a65f63babbab9,MHCflurry,2.2.1,presentation,0.0275425229712,higher,predicted,3701.51418896,2.761,0.0275425229712,8.83929347826,0.0263166745717,HLA-B*15:01
zhao-vaccine-0598b041e094dfda,MHCflurry,2.2.1,presentation,0.115219678437,higher,predicted,2227.84342704,2.194,0.115219678437,2.64657608696,0.318118511699,HLA-B*15:01
zhao-vaccine-1fcda1058213059e,MHCflurry,2.2.1,presentation,0.147218226738,higher,predicted,1169.36338503,1.659625,0.147218226738,2.25141304348,0.220835918095,HLA-B*15:01
zhao-vaccine-a149e753c39e2e2f,MHCflurry,2.2.1,presentation,0.0411475731474,higher,predicted,3114.19969151,2.549,0.0411475731474,6.0479076087,0.0963261355646,HLA-B*15:01
zhao-vaccine-15aa8059f37d52e7,MHCflurry,2.2.1,presentation,0.820538142904,higher,predicted,95.923674944,0.445875,0.820538142904,0.246440217391,0.460386026651,HLA-A*31:01
zhao-vaccine-aecd32c835c90945,MHCflurry,2.2.1,presentation,0.264223912749,higher,predicted,247.365548033,0.840125,0.264223912749,1.5066576087,0.00140062212449,HLA-A*31:01
zhao-vaccine-3c3221c6e10611cc,MHCflurry,2.2.1,presentation,0.329573837113,higher,predicted,192.500241645,0.7305,0.329573837113,1.2627173913,0.0213065488497,HLA-A*31:01
zhao-vaccine-369dd0e964dc3d41,MHCflurry,2.2.1,presentation,0.984065660826,higher,predicted,26.3513849124,0.022625,0.984065660826,0.00372282608696,0.841434545815,HLA-A*31:01
zhao-vaccine-84f9e53918e8d995,MHCflurry,2.2.1,presentation,0.0698906802853,higher,predicted,1499.33943251,1.798125,0.0698906802853,3.85252717391,0.0539857200929,HLA-A*31:01
zhao-vaccine-4b24fe0e3318fd2b,MHCflurry,2.2.1,presentation,0.711223910175,higher,predicted,57.2493885228,0.24625,0.711223910175,0.419565217391,0.143831113353,HLA-A*31:01
zhao-vaccine-9d835bbd79fc6203,MHCflurry,2.2.1,presentation,0.722734884084,higher,predicted,60.3272376868,0.265875,0.722734884084,0.400054347826,0.17424244713,HLA-A*31:01
zhao-vaccine-d88b8e8fac467cda,MHCflurry,2.2.1,presentation,0.642014596859,higher,predicted,48.0226418676,0.18325,0.642014596859,0.537989130435,0.00592583823527,HLA-A*31:01
zhao-vaccine-309aef550a3b165d,MHCflurry,2.2.1,presentation,0.749858102769,higher,predicted,38.9509015223,0.118,0.749858102769,0.357744565217,0.0936456148047,HLA-A*31:01
zhao-vaccine-395a5a0f5f04ab8c,MHCflurry,2.2.1,presentation,0.608629738689,higher,predicted,90.5325902211,0.42475,0.608629738689,0.598206521739,0.139700305299,HLA-A*31:01
zhao-vaccine-3481ca46d016164f,MHCflurry,2.2.1,presentation,0.0196724368388,higher,predicted,6343.1226856,3.319,0.0196724368388,12.1872282609,0.0768027364393,HLA-A*31:01
zhao-vaccine-971426eea1a742ca,MHCflurry,2.2.1,presentation,0.298935171414,higher,predicted,418.843741317,1.13425,0.298935171414,1.36945652174,0.194525205647,HLA-A*11:01
zhao-vaccine-a50601baa324efef,MHCflurry,2.2.1,presentation,0.745937374208,higher,predicted,36.5892959325,0.111375,0.745937374208,0.363913043478,0.0705969303381,HLA-A*11:01
zhao-vaccine-d34e259267438653,MHCflurry,2.2.1,presentation,0.0317533649734,higher,predicted,3011.14617775,2.58525,0.0317533649734,7.77809782609,0.0110824176663,HLA-A*11:01
zhao-vaccine-25b4e62a0d851e29,MHCflurry,2.2.1,presentation,0.241532484661,higher,predicted,379.432145391,1.084375,0.241532484661,1.60817934783,0.0848871685157,HLA-A*11:01
zhao-vaccine-8358e63308d7f0c4,MHCflurry,2.2.1,presentation,0.788632703174,higher,predicted,58.5248116373,0.28375,0.788632703174,0.29597826087,0.267277776264,HLA-A*11:01
zhao-vaccine-c178432744b13c78,MHCflurry,2.2.1,presentation,0.63292971047,higher,predicted,75.1442602351,0.384125,0.63292971047,0.555027173913,0.117735796375,HLA-A*11:01
zhao-vaccine-1034fb45051e64fe,MHCflurry,2.2.1,presentation,0.369764707239,higher,predicted,877.364906011,2.724,0.369764707239,1.139375,0.487728220411,HLA-B*13:01
zhao-vaccine-6e56355af497a2f0,MHCflurry,2.2.1,presentation,0.643837753506,higher,predicted,77.3321514915,0.39725,0.643837753506,0.534701086956,0.138970820582,HLA-A*11:01
zhao-vaccine-c5728cec5c7d7224,MHCflurry,2.2.1,presentation,0.00561177216353,higher,predicted,17780.6282234,7.68775,0.00561177216353,46.224673913,0.0012312152794,HLA-A*11:01
zhao-vaccine-6e1d3196a45f7a2e,MHCflurry,2.2.1,presentation,0.396084628542,higher,predicted,548.421224412,1.21925,0.396084628542,1.06777173913,0.39021945186,HLA-A*31:01
zhao-vaccine-cc0566dfc06ca302,MHCflurry,2.2.1,presentation,0.668395884718,higher,predicted,148.784503271,0.77425,0.668395884718,0.493315217391,0.349398810416,HLA-C*03:04
zhao-vaccine-2d01a6516182134c,MHCflurry,2.2.1,presentation,0.733882925108,higher,predicted,85.1898864341,0.40025,0.733882925108,0.383695652174,0.284910500981,HLA-A*31:01
zhao-vaccine-44ee76e75a70f0b1,MHCflurry,2.2.1,presentation,0.965348680658,higher,predicted,35.3013374023,0.030375,0.965348680658,0.0255434782609,0.696714323014,HLA-A*24:02
zhao-vaccine-b3656859d3ce07ff,MHCflurry,2.2.1,presentation,0.132819971158,higher,predicted,598.378763272,0.945125,0.132819971158,2.41345108696,0.00307619339583,HLA-A*24:02
zhao-vaccine-93fe426b74cb09bf,MHCflurry,2.2.1,presentation,0.674568161524,higher,predicted,49.4587194122,0.103625,0.674568161524,0.482527173913,0.0549411535903,HLA-A*24:02
zhao-vaccine-bf5533c3b7d71a29,MHCflurry,2.2.1,presentation,0.786702592566,higher,predicted,43.8568902814,0.099625,0.786702592566,0.299592391304,0.184806417208,HLA-C*14:02
zhao-vaccine-3884abecfdb2a157,MHCflurry,2.2.1,presentation,0.121551902106,higher,predicted,1292.3129004,2.267875,0.121551902106,2.5575,0.185755890794,HLA-B*40:02
zhao-vaccine-802c7522efe8643f,MHCflurry,2.2.1,presentation,0.16102567518,higher,predicted,762.683672535,0.695375,0.16102567518,2.12934782609,0.133457199554,HLA-B*54:01
zhao-vaccine-1832aacc6ce93c31,MHCflurry,2.2.1,presentation,0.957080904941,higher,predicted,48.7372960339,0.098125,0.957080904941,0.0369565217391,0.722349900752,HLA-A*24:02
zhao-vaccine-164ea58f2fc6f377,MHCflurry,2.2.1,presentation,0.710247771028,higher,predicted,72.1900340761,0.207,0.710247771028,0.42125,0.206150569953,HLA-A*24:02
zhao-vaccine-9b5389ba1798a395,MHCflurry,2.2.1,presentation,0.913000794675,higher,predicted,62.087614148,0.47075,0.913000794675,0.101385869565,0.575784653425,HLA-B*40:06
zhao-vaccine-8b7630c45e269635,MHCflurry,2.2.1,presentation,0.85695092951,higher,predicted,46.3891812897,0.0175,0.85695092951,0.188586956522,0.337304086424,HLA-B*54:01
zhao-vaccine-74cc9ca5fb1a8008,MHCflurry,2.2.1,presentation,0.352941532382,higher,predicted,161.45423845,0.2275,0.352941532382,1.18883152174,0.0024099875227,HLA-B*54:01
zhao-vaccine-5f4bdfc04cf84619,MHCflurry,2.2.1,presentation,0.764632304268,higher,predicted,70.0861851859,0.0665,0.764632304268,0.335190217391,0.277637319174,HLA-B*54:01
zhao-vaccine-ebada584684de4fd,MHCflurry,2.2.1,presentation,0.0186125344687,higher,predicted,5292.22164997,2.410125,0.0186125344687,12.8054619565,0.0111160416855,HLA-B*54:01
zhao-vaccine-be2c775518f83b4d,MHCflurry,2.2.1,presentation,0.0775531740152,higher,predicted,3271.08230369,1.687875,0.0775531740152,3.52692934783,0.299893328105,HLA-B*54:01
zhao-vaccine-b69d26ca091066fa,MHCflurry,2.2.1,presentation,0.875783483926,higher,predicted,31.0855890008,0.0535,0.875783483926,0.160923913043,0.273441473953,HLA-A*31:01
zhao-vaccine-d628b6bfd6356534,MHCflurry,2.2.1,presentation,0.806153690857,higher,predicted,36.1546803549,0.095875,0.806153690857,0.26839673913,0.165715246461,HLA-A*31:01
zhao-vaccine-f9f29366ab5ac473,MHCflurry,2.2.1,presentation,0.0211146639095,higher,predicted,6540.0585132,3.376875,0.0211146639095,11.1157880435,0.105609078717,HLA-A*31:01
zhao-vaccine-2b5e3d1c9a1fff67,MHCflurry,2.2.1,presentation,0.137092444012,higher,predicted,5624.53589925,3.118125,0.137092444012,2.36703804348,0.628571044654,HLA-A*31:01
zhao-vaccine-5a7f28b9eb70924a,MHCflurry,2.2.1,presentation,0.276149700513,higher,predicted,325.69308059,0.961,0.276149700513,1.45663043478,0.094018867414,HLA-A*31:01
zhao-vaccine-7bec4b8abc45c956,MHCflurry,2.2.1,presentation,0.0246312199563,higher,predicted,3806.11105619,2.60575,0.0246312199563,9.84945652174,0.00154710513016,HLA-A*31:01
zhao-vaccine-0792da8d85fbaca5,MHCflurry,2.2.1,presentation,0.0146788308786,higher,predicted,6995.07098577,3.498375,0.0146788308786,16.1575543478,0.0194670479104,HLA-A*31:01
zhao-vaccine-cd2203bfcc4cde42,MHCflurry,2.2.1,presentation,0.92319596781,higher,predicted,68.9915602134,0.316625,0.92319596781,0.0861141304348,0.643098141998,HLA-A*31:01
zhao-vaccine-af4eba9e86eb8cad,MHCflurry,2.2.1,presentation,0.0250564218022,higher,predicted,5496.74884228,3.086625,0.0250564218022,9.49423913043,0.107414123137,HLA-A*31:01
zhao-vaccine-d3be1b037ac46cae,MHCflurry,2.2.1,presentation,0.801212665848,higher,predicted,30.6715500299,0.2285,0.801212665848,0.276032608696,0.111710074532,HLA-A*02:06
zhao-vaccine-b81228a0c1578d43,MHCflurry,2.2.1,presentation,0.419462246272,higher,predicted,122.123479594,0.54375,0.419462246272,1.006875,0.00522551737959,HLA-A*31:01
zhao-vaccine-8e357c97f0eb285c,MHCflurry,2.2.1,presentation,0.295362544264,higher,predicted,217.773011516,0.787625,0.295362544264,1.38027173913,0.0101298611553,HLA-A*31:01
zhao-vaccine-dce008024279bca6,MHCflurry,2.2.1,presentation,0.780136170445,higher,predicted,189.357583193,0.265625,0.780136170445,0.308858695652,0.575436803978,HLA-B*54:01
zhao-vaccine-15326b7cf9712f20,MHCflurry,2.2.1,presentation,0.0251723400536,higher,predicted,13088.0371925,7.00275,0.0251723400536,9.49423913043,0.34692601813,HLA-A*02:06
zhao-vaccine-63251d7d3a3fd8ac,MHCflurry,2.2.1,presentation,0.191443668717,higher,predicted,554.097780346,1.55425,0.191443668717,1.89105978261,0.105083462782,HLA-A*02:06
zhao-vaccine-9f9de6941e5901b9,MHCflurry,2.2.1,presentation,0.64058213221,higher,predicted,51.3371218326,0.40975,0.64058213221,0.541929347826,0.0224889427773,HLA-A*02:06
zhao-vaccine-fd11a5b1ee72d0e2,MHCflurry,2.2.1,presentation,0.156642550106,higher,predicted,492.957707805,1.162375,0.156642550106,2.16448369565,0.00437031383717,HLA-A*31:01
zhao-vaccine-d601ca8ec575d818,MHCflurry,2.2.1,presentation,0.00499983310909,higher,predicted,21729.0190842,13.914375,0.00499983310909,62.744673913,0.0234794294083,HLA-A*02:06
zhao-vaccine-abe3780abf8c2339,MHCflurry,2.2.1,presentation,0.305755964474,higher,predicted,238.888672848,1.086125,0.305755964474,1.3454076087,0.0495113655634,HLA-A*02:06
zhao-vaccine-f2bbba69c49ee9d8,MHCflurry,2.2.1,presentation,0.110177163828,higher,predicted,10641.315805,5.912875,0.110177163828,2.72456521739,0.733162958175,HLA-A*02:06
zhao-vaccine-384d6d35758b5077,MHCflurry,2.2.1,presentation,0.91489220684,higher,predicted,160.37502089,0.61275,0.91489220684,0.0995108695652,0.843110498041,HLA-A*29:01
zhao-vaccine-79e464655b759b78,MHCflurry,2.2.1,presentation,0.839305888037,higher,predicted,48.1197014348,0.02975,0.839305888037,0.216548913043,0.308604139835,HLA-B*07:05
zhao-vaccine-2df488aa9efe4167,MHCflurry,2.2.1,presentation,0.506732651055,higher,predicted,124.810135334,0.180125,0.506732651055,0.80652173913,0.110662916442,HLA-B*07:05
zhao-vaccine-e02174bf70cf48e1,MHCflurry,2.2.1,presentation,0.934252199119,higher,predicted,50.6808133313,0.085,0.934252199119,0.0697282608696,0.60571532324,HLA-B*44:03
zhao-vaccine-79a96393714afdc1,MHCflurry,2.2.1,presentation,0.445016268735,higher,predicted,110.002830086,0.717625,0.445016268735,0.945516304348,0.00596634141402,HLA-A*33:03
zhao-vaccine-6b254b7b2c3bf169,MHCflurry,2.2.1,presentation,0.0500387771108,higher,predicted,1795.49831207,1.145,0.0500387771108,5.14921195652,0.00306645586534,HLA-B*54:01
zhao-vaccine-829b28362531375b,MHCflurry,2.2.1,presentation,0.0114302308076,higher,predicted,9828.5147137,5.624625,0.0114302308076,20.2322554348,0.0412026963895,HLA-A*33:03
zhao-vaccine-b07374752303c7ce,MHCflurry,2.2.1,presentation,0.0105109966169,higher,predicted,9368.63552655,5.46225,0.0105109966169,22.1923097826,0.00408797345699,HLA-A*33:03
zhao-vaccine-0a968a6e8f5bb3a5,MHCflurry,2.2.1,presentation,0.259066971124,higher,predicted,356.475597958,0.734875,0.259066971124,1.52951086957,0.0941717944806,HLA-A*24:02
zhao-vaccine-dfcc24d0c9399a71,MHCflurry,2.2.1,presentation,0.529486477364,higher,predicted,87.5472425592,0.5775,0.529486477364,0.759429347826,0.0390697657131,HLA-A*33:03
zhao-vaccine-f88b213c3693011f,MHCflurry,2.2.1,presentation,0.381743174416,higher,predicted,170.608039662,0.482875,0.381743174416,1.105625,0.0525906248949,HLA-B*44:03
zhao-vaccine-1b924ca5b95b9789,MHCflurry,2.2.1,presentation,0.695611263232,higher,predicted,60.2546641079,0.358875,0.695611263232,0.445625,0.136721996707,HLA-A*33:03
zhao-vaccine-a529ef70085fd160,MHCflurry,2.2.1,presentation,0.763190527694,higher,predicted,68.426323197,0.19,0.763190527694,0.336711956522,0.268797673285,HLA-A*24:02
zhao-vaccine-f2f04fea5f4bd62f,MHCflurry,2.2.1,presentation,0.927459795703,higher,predicted,27.1077806352,0.002375,0.927459795703,0.0808423913043,0.404079604894,HLA-A*26:01
zhao-vaccine-8b569e01b4c0fa1d,MHCflurry,2.2.1,presentation,0.0132869909025,higher,predicted,9210.19715318,4.135,0.0132869909025,17.3055978261,0.0664387862198,HLA-A*31:01
zhao-vaccine-7ba0ee3aedadd920,MHCflurry,2.2.1,presentation,0.975396427699,higher,predicted,35.4058381513,0.089875,0.975396427699,0.013097826087,0.79723918438,HLA-A*31:01
zhao-vaccine-73318b0e1d0f5698,MHCflurry,2.2.1,presentation,0.838702515918,higher,predicted,117.447055719,0.067875,0.838702515918,0.218288043478,0.552311351523,HLA-A*26:01
zhao-vaccine-617e8b4c605e848a,MHCflurry,2.2.1,presentation,0.00770233676444,higher,predicted,16607.5129267,2.830875,0.00770233676444,31.6431793478,0.0725860538078,HLA-A*26:01
zhao-vaccine-968dd34985109398,MHCflurry,2.2.1,presentation,0.860471981587,higher,predicted,47.9645335312,0.18325,0.860471981587,0.18402173913,0.354675298091,HLA-A*31:01
zhao-vaccine-30a8f44992e1727b,MHCflurry,2.2.1,presentation,0.947314441503,higher,predicted,43.6792728822,0.150375,0.947314441503,0.0509510869565,0.631422352046,HLA-A*31:01
zhao-vaccine-8e7ed2309f8a8c76,MHCflurry,2.2.1,presentation,0.927782604027,higher,predicted,50.223994006,0.019375,0.927782604027,0.0808423913043,0.574738826603,HLA-A*26:01
zhao-vaccine-5ec2f637f82295c6,MHCflurry,2.2.1,presentation,0.0160260949364,higher,predicted,10155.5161792,4.420375,0.0160260949364,14.2770380435,0.147023616708,HLA-A*31:01
zhao-vaccine-e0d97b661fbbca8e,MHCflurry,2.2.1,presentation,0.877655455977,higher,predicted,34.3079413411,0.0825,0.877655455977,0.158125,0.305415194482,HLA-A*31:01
zhao-vaccine-1ecaf53c0361fd76,MHCflurry,2.2.1,presentation,0.0523293855134,higher,predicted,1694.31051127,2.037625,0.0523293855134,4.88741847826,0.000474407572256,HLA-A*11:01
zhao-vaccine-07dc64ecc1d1c80c,MHCflurry,2.2.1,presentation,0.841981117297,higher,predicted,81.1444616122,0.052875,0.841981117297,0.212201086957,0.457705738023,HLA-B*46:01
zhao-vaccine-2a74b63a389d29da,MHCflurry,2.2.1,presentation,0.727397590181,higher,predicted,41.731276537,0.0535,0.727397590181,0.39410326087,0.0796769387089,HLA-B*40:01
zhao-vaccine-c5027f69096ce937,MHCflurry,2.2.1,presentation,0.790967162064,higher,predicted,45.7463785507,0.075875,0.790967162064,0.29125,0.203622782603,HLA-B*07:02
zhao-vaccine-64b03c25eb1e4aca,MHCflurry,2.2.1,presentation,0.988847501482,higher,predicted,14.37751621,0.03825,0.988847501482,0.00168478260868,0.777321852744,HLA-A*02:01
zhao-vaccine-09b09241df7ba57a,MHCflurry,2.2.1,presentation,0.59316566806,higher,predicted,76.9622392118,0.25025,0.59316566806,0.629483695652,0.0768899242394,HLA-B*40:01
zhao-vaccine-46c73c5643b5c015,MHCflurry,2.2.1,presentation,0.92648492313,higher,predicted,19.8667262891,0.09425,0.92648492313,0.0822282608696,0.314689697698,HLA-A*02:01
zhao-vaccine-ded05c41d0885a79,MHCflurry,2.2.1,presentation,0.35666895666,higher,predicted,220.183049143,0.9375,0.35666895666,1.17633152174,0.0921842792886,HLA-A*02:01
zhao-vaccine-569a1f5d232617cc,MHCflurry,2.2.1,presentation,0.667821078801,higher,predicted,47.9429596901,0.092875,0.667821078801,0.493315217391,0.0377547054668,HLA-B*07:02
zhao-vaccine-a6ba52504edaec3a,MHCflurry,2.2.1,presentation,0.00780208164232,higher,predicted,16610.4124676,7.49475,0.00780208164232,31.6431793478,0.0762990091462,HLA-B*15:01
zhao-vaccine-441263c256cd1d32,MHCflurry,2.2.1,presentation,0.230120856943,higher,predicted,482.180588298,1.109375,0.230120856943,1.66627717391,0.132778299041,HLA-B*15:01
zhao-vaccine-ce1b25ef98db3b8f,MHCflurry,2.2.1,presentation,0.923344097974,higher,predicted,61.048691341,0.18075,0.923344097974,0.0861141304348,0.610109642148,HLA-B*15:01
zhao-vaccine-98fdab332ce80606,MHCflurry,2.2.1,presentation,0.895426898611,higher,predicted,46.2021544894,0.32675,0.895426898611,0.128532608696,0.437158312649,HLA-A*02:01
zhao-vaccine-32042d43ea9234e9,MHCflurry,2.2.1,presentation,0.892861244111,higher,predicted,199.68809387,0.668625,0.892861244111,0.133586956522,0.831347182393,HLA-B*15:01
zhao-vaccine-978388f28ca83380,MHCflurry,2.2.1,presentation,0.694806237087,higher,predicted,45.533385832,0.323375,0.694806237087,0.445625,0.0587405543774,HLA-A*02:01
zhao-vaccine-dbb83903928a1b3d,MHCflurry,2.2.1,presentation,0.821637329603,higher,predicted,21.1634632761,0.110375,0.821637329603,0.244565217391,0.0475970170228,HLA-A*02:01
zhao-vaccine-484d4a1e69dbaff1,MHCflurry,2.2.1,presentation,0.184742437995,higher,predicted,436.536796261,1.057,0.184742437995,1.9404076087,0.0272112780658,HLA-B*15:01
zhao-vaccine-587f63e0750195b8,MHCflurry,2.2.1,presentation,0.809932532876,higher,predicted,74.5912786791,0.09325,0.809932532876,0.261956521739,0.371426707134,HLA-A*01:01
zhao-vaccine-189a3e09a651a5ca,MHCflurry,2.2.1,presentation,0.61117131443,higher,predicted,63.5325040514,0.069375,0.61117131443,0.594076086956,0.0454894113354,HLA-A*01:01
zhao-vaccine-1c92e6cb78af1121,MHCflurry,2.2.1,presentation,0.894786114176,higher,predicted,60.7618224361,0.063875,0.894786114176,0.130217391304,0.510435191914,HLA-A*01:01
zhao-vaccine-c5f13bbc156d1ffd,MHCflurry,2.2.1,presentation,0.13957849641,higher,predicted,670.484398779,0.66675,0.13957849641,2.33451086957,0.0505515371333,HLA-A*01:01
zhao-vaccine-005c2d41ff568581,MHCflurry,2.2.1,presentation,0.0103748232085,higher,predicted,10242.8316189,3.8805,0.0103748232085,22.1923097826,0.0248552905687,HLA-A*24:02
zhao-vaccine-754cdd08691b463b,MHCflurry,2.2.1,presentation,0.904649106685,higher,predicted,53.4091073928,0.1225,0.904649106685,0.114918478261,0.505943693221,HLA-A*24:02
zhao-vaccine-44191f451fb5342f,MHCflurry,2.2.1,presentation,0.885376398945,higher,predicted,57.1145214366,0.140375,0.885376398945,0.144782608696,0.466242283583,HLA-A*24:02
zhao-vaccine-bc0b04f0db31deef,MHCflurry,2.2.1,presentation,0.0854247998777,higher,predicted,2401.62207963,1.735125,0.0854247998777,3.26619565217,0.24481261801,HLA-A*24:02
zhao-vaccine-248486bef67ddc1a,MHCflurry,2.2.1,presentation,0.626006646144,higher,predicted,343.453998448,0.721625,0.626006646144,0.567065217391,0.526547161862,HLA-A*24:02
zhao-vaccine-435c57bd5626e81d,MHCflurry,2.2.1,presentation,0.0474573836939,higher,predicted,2669.44620721,1.460875,0.0474573836939,5.34668478261,0.0962082329206,HLA-A*01:01
zhao-vaccine-6a80222eb3cd9960,MHCflurry,2.2.1,presentation,0.602405075943,higher,predicted,86.6003380747,0.25925,0.602405075943,0.611657608696,0.120143722743,HLA-A*24:02
zhao-vaccine-18bb777b4e863040,MHCflurry,2.2.1,presentation,0.636502252427,higher,predicted,50.532834929,0.287625,0.636502252427,0.549130434783,0.0131576742569,HLA-B*40:02
zhao-vaccine-c73520e05162fa63,MHCflurry,2.2.1,presentation,0.672476349949,higher,predicted,49.7111065254,0.209,0.672476349949,0.486548913043,0.0536498448782,HLA-C*03:03
zhao-vaccine-2d42ee092024504b,MHCflurry,2.2.1,presentation,0.0217594022858,higher,predicted,17034.5872319,24.515,0.0217594022858,11.1157880435,0.377112208866,HLA-C*03:03
zhao-vaccine-3c4ba0f989f56cbc,MHCflurry,2.2.1,presentation,0.834595604645,higher,predicted,16.9668923582,0.06475,0.834595604645,0.223885869565,0.0126612583408,HLA-A*02:06
zhao-vaccine-8a4ba03a807552d8,MHCflurry,2.2.1,presentation,0.491614241752,higher,predicted,465.231166685,1.19275,0.491614241752,0.83777173913,0.454791261815,HLA-A*11:01
zhao-vaccine-3a488a69cfdbb0b4,MHCflurry,2.2.1,presentation,0.89409086769,higher,predicted,16.7306320317,0.062625,0.89409086769,0.130217391304,0.154275930952,HLA-A*02:06
zhao-vaccine-2f981576be4f5fcd,MHCflurry,2.2.1,presentation,0.954123687665,higher,predicted,33.5597861558,0.257375,0.954123687665,0.0411684782609,0.600207906216,HLA-A*02:06
zhao-vaccine-80e29e057aded50f,MHCflurry,2.2.1,presentation,0.808820551551,higher,predicted,39.1002126289,0.1315,0.808820551551,0.263641304348,0.192066352349,HLA-A*11:01
zhao-vaccine-a6efb11623db8198,MHCflurry,2.2.1,presentation,0.915103292596,higher,predicted,17.7501613686,0.07425,0.915103292596,0.0978804347826,0.239584984258,HLA-A*02:06
zhao-vaccine-f3f3f5539242b996,MHCflurry,2.2.1,presentation,0.940575904979,higher,predicted,18.5562104271,0.08275,0.940575904979,0.0617934782609,0.360363112763,HLA-A*02:06
zhao-vaccine-f31510ca0cca7dc2,MHCflurry,2.2.1,presentation,0.531676502692,higher,predicted,76.372170073,0.564875,0.531676502692,0.753288043478,0.0040639287763,HLA-A*02:06
zhao-vaccine-fe692678a2348211,MHCflurry,2.2.1,presentation,0.0830642048048,higher,predicted,1055.51579188,1.97225,0.0830642048048,3.35877717391,0.0104615951568,HLA-A*02:06
zhao-vaccine-feb8ab75cbc6a6b1,MHCflurry,2.2.1,presentation,0.0117202015232,higher,predicted,11152.8179653,6.111625,0.0117202015232,20.2322554348,0.0830691612209,HLA-A*02:06
zhao-vaccine-b8df57798d7bb9e4,MHCflurry,2.2.1,presentation,0.0467829646659,higher,predicted,2017.83390065,2.522875,0.0467829646659,5.44942934783,0.0151341800374,HLA-A*02:06
zhao-vaccine-ebb911c0b47448a5,MHCflurry,2.2.1,presentation,0.00916269648997,higher,predicted,11307.6500363,6.16475,0.00916269648997,24.5792391304,0.016546544648,HLA-A*02:06
zhao-vaccine-6d945c4de6fb7fdd,MHCflurry,2.2.1,presentation,0.0953667637331,higher,predicted,872.782902206,1.985125,0.0953667637331,3.01372282609,0.00112667157373,HLA-A*33:03
zhao-vaccine-7ca1890125ff12ec,MHCflurry,2.2.1,presentation,0.631692434387,higher,predicted,66.668123861,0.416,0.631692434387,0.557010869565,0.0833741254173,HLA-A*33:03
zhao-vaccine-b84d5e06e4a5de93,MHCflurry,2.2.1,presentation,0.604095862679,higher,predicted,150.344056506,0.430625,0.604095862679,0.60785326087,0.273582104594,HLA-A*24:02
zhao-vaccine-5a666db4b7cd0c81,MHCflurry,2.2.1,presentation,0.814511613041,higher,predicted,52.0816094465,0.093,0.814511613041,0.255679347826,0.281295215711,HLA-B*44:03
zhao-vaccine-ff9e4d8c3d7ed1a1,MHCflurry,2.2.1,presentation,0.889282887809,higher,predicted,37.4815361431,0.1105,0.889282887809,0.138342391304,0.36164865084,HLA-A*33:03
zhao-vaccine-d7edde17da32e7a7,MHCflurry,2.2.1,presentation,0.445965055213,higher,predicted,230.576891884,0.574625,0.445965055213,0.943152173913,0.210231974721,HLA-A*24:02
zhao-vaccine-1b9041952158e85a,MHCflurry,2.2.1,presentation,0.955395442217,higher,predicted,102.459119092,0.512125,0.955395442217,0.0396467391304,0.914952352643,HLA-C*14:03
zhao-vaccine-76096a14f7beac73,MHCflurry,2.2.1,presentation,0.9560272714,higher,predicted,36.0726552304,0.0355,0.9560272714,0.0383152173913,0.632572609931,HLA-C*14:03
zhao-vaccine-f84831fabf9966dc,MHCflurry,2.2.1,presentation,0.862965999922,higher,predicted,15.1610635643,0.0455,0.862965999922,0.179293478261,0.0443962734425,HLA-A*02:01
zhao-vaccine-6fa72e4c980319d1,MHCflurry,2.2.1,presentation,0.962559357103,higher,predicted,19.7520928577,0.09425,0.962559357103,0.0298641304348,0.514600584283,HLA-A*02:01
zhao-vaccine-fecf0e4ffb53c9ba,MHCflurry,2.2.1,presentation,0.107982183353,higher,predicted,761.131905198,1.57275,0.107982183353,2.77845108696,0.0026304633684,HLA-A*02:01
zhao-vaccine-7f048c24cf7f67cd,MHCflurry,2.2.1,presentation,0.335002160698,higher,predicted,214.34896371,0.9235,0.335002160698,1.24649456522,0.0577366864309,HLA-A*02:01
zhao-vaccine-8f28ecfbd8e04b8a,MHCflurry,2.2.1,presentation,0.679165375678,higher,predicted,69.2568440051,0.343375,0.679165375678,0.473695652174,0.153314566705,HLA-A*02:07
zhao-vaccine-c7ecbe8a43080a18,MHCflurry,2.2.1,presentation,0.512541375165,higher,predicted,113.926883253,0.346,0.512541375165,0.794456521739,0.0921844048426,HLA-A*24:02
zhao-vaccine-d353f5ffe14092d8,MHCflurry,2.2.1,presentation,0.396255848091,higher,predicted,160.590200819,0.45125,0.396255848091,1.06777173913,0.0532367210835,HLA-A*24:02
zhao-vaccine-68919353742998c9,MHCflurry,2.2.1,presentation,0.603631283397,higher,predicted,274.415215818,0.4925,0.603631283397,0.60785326087,0.438227475621,HLA-B*15:18
zhao-vaccine-adb6b5a92a4bda9e,MHCflurry,2.2.1,presentation,0.103019316176,higher,predicted,1156.66754153,1.38475,0.103019316176,2.87070652174,0.102656559786,HLA-B*15:18
zhao-vaccine-1b0f9ac57d3deca0,MHCflurry,2.2.1,presentation,0.097487410971,higher,predicted,2742.463477,2.268875,0.097487410971,2.97065217391,0.322332195006,HLA-B*15:18
zhao-vaccine-352b15a9113e1c3f,MHCflurry,2.2.1,presentation,0.189086974873,higher,predicted,529.923035391,0.833875,0.189086974873,1.91288043478,0.0885129997041,HLA-B*15:18
zhao-vaccine-d245b9086a4c4e55,MHCflurry,2.2.1,presentation,0.410446774502,higher,predicted,124.671855694,0.691125,0.410446774502,1.0291576087,0.000399071535867,HLA-A*02:01
zhao-vaccine-b9a1d54db9353202,MHCflurry,2.2.1,presentation,0.0299585680389,higher,predicted,3916.12435501,4.229875,0.0299585680389,8.26921195652,0.0662580580101,HLA-C*14:02
zhao-vaccine-65e1e957b18a0883,MHCflurry,2.2.1,presentation,0.96286520903,higher,predicted,31.1814486944,0.014,0.96286520903,0.0298641304348,0.642353124917,HLA-A*24:02
zhao-vaccine-5aad249cfbd1da6a,MHCflurry,2.2.1,presentation,0.0296721120665,higher,predicted,3136.02504161,3.7845,0.0296721120665,8.26921195652,0.00247135217069,HLA-C*14:02
zhao-vaccine-1f8caded918cd1a8,MHCflurry,2.2.1,presentation,0.153607589985,higher,predicted,726.147252056,1.883375,0.153607589985,2.19233695652,0.104162104661,HLA-C*14:02
zhao-vaccine-a32c2f2da9e9e873,MHCflurry,2.2.1,presentation,0.195286756233,higher,predicted,401.900477185,1.38325,0.195286756233,1.86442934783,0.0238831026945,HLA-C*14:02
zhao-vaccine-d794cc06a0b7dbc2,MHCflurry,2.2.1,presentation,0.343299093487,higher,predicted,177.431974076,0.837,0.343299093487,1.22095108696,0.0163071347924,HLA-C*14:02
zhao-vaccine-2198b7a3c74589cf,MHCflurry,2.2.1,presentation,0.318350724098,higher,predicted,1785.82650534,2.0855,0.318350724098,1.29997282609,0.61836751923,HLA-A*11:01
zhao-vaccine-6dd07e8066f0f846,MHCflurry,2.2.1,presentation,0.546785030129,higher,predicted,83.3558815358,0.427,0.546785030129,0.722635869565,0.0452742424095,HLA-A*11:01
zhao-vaccine-83a2818ca048bc91,MHCflurry,2.2.1,presentation,0.925013545609,higher,predicted,103.903012423,0.314375,0.925013545609,0.0834782608696,0.762839414179,HLA-A*24:02
zhao-vaccine-30af01ce73e0a329,MHCflurry,2.2.1,presentation,0.784416378408,higher,predicted,74.6866781203,0.384125,0.784416378408,0.302798913043,0.327126683667,HLA-A*11:01
zhao-vaccine-8e5f572bf39bb70e,MHCflurry,2.2.1,presentation,0.724542467729,higher,predicted,33.5541681008,0.084,0.724542467729,0.398695652174,0.0157464964141,HLA-A*11:01
zhao-vaccine-947c1a25434f2c88,MHCflurry,2.2.1,presentation,0.621416756098,higher,predicted,101.700515137,0.504875,0.621416756098,0.575706521739,0.18690043292,HLA-A*11:01
zhao-vaccine-cf7bbfda04adec09,MHCflurry,2.2.1,presentation,0.0152122399463,higher,predicted,6666.68407145,3.73025,0.0152122399463,15.160951087,0.0165077871061,HLA-A*11:01
zhao-vaccine-0a37b5892da9f729,MHCflurry,2.2.1,presentation,0.402251660774,higher,predicted,320.305434685,1.001125,0.402251660774,1.05244565217,0.249848942272,HLA-A*11:01
zhao-vaccine-3c5ff23770c9c9eb,MHCflurry,2.2.1,presentation,0.0168951593638,higher,predicted,12198.0973864,5.86175,0.0168951593638,14.2770380435,0.212511754595,HLA-B*54:01
zhao-vaccine-07cda9d9316a2417,MHCflurry,2.2.1,presentation,0.0753049296901,higher,predicted,1309.39905127,0.95825,0.0753049296901,3.59948369565,0.0395361164119,HLA-B*54:01
zhao-vaccine-25c3d50852fb5fbc,MHCflurry,2.2.1,presentation,0.875033798875,higher,predicted,13.9284679183,0.033125,0.875033798875,0.160923913043,0.05109652807,HLA-A*02:01
zhao-vaccine-c61e31faea397e00,MHCflurry,2.2.1,presentation,0.84223189794,higher,predicted,82.6297208256,0.2015,0.84223189794,0.212201086957,0.4632185027,HLA-B*58:01
zhao-vaccine-1c2709e2c8b958f5,MHCflurry,2.2.1,presentation,0.961377322401,higher,predicted,13.7301792732,0.0295,0.961377322401,0.0315489130435,0.40562860854,HLA-A*02:01
zhao-vaccine-52e8109ad1474de0,MHCflurry,2.2.1,presentation,0.979249070193,higher,predicted,11.8606910063,0.0135,0.979249070193,0.00842391304349,0.546237912029,HLA-A*02:01
zhao-vaccine-f2460d83b4aa9649,MHCflurry,2.2.1,presentation,0.973472053632,higher,predicted,25.540492191,0.005625,0.973472053632,0.0153804347826,0.685729071498,HLA-B*58:01
zhao-vaccine-3fc85da93c900ad1,MHCflurry,2.2.1,presentation,0.94741345505,higher,predicted,51.5495957442,0.097375,0.94741345505,0.0509510869565,0.677466560155,HLA-B*58:01
zhao-vaccine-504366f07af83dea,MHCflurry,2.2.1,presentation,0.931417198409,higher,predicted,15.490415574,0.049,0.931417198409,0.0745380434783,0.267506985925,HLA-A*02:01
zhao-vaccine-3dd3b83dc8a140dd,MHCflurry,2.2.1,presentation,0.986726477791,higher,predicted,13.6603731894,0.0295,0.986726477791,0.0025,0.713458836079,HLA-A*02:01
zhao-vaccine-92586d96b0544d0e,MHCflurry,2.2.1,presentation,0.987152490574,higher,predicted,12.6590082976,0.019375,0.987152490574,0.0020652173913,0.701900102198,HLA-A*02:01
zhao-vaccine-d62cd0eb01450541,MHCflurry,2.2.1,presentation,0.798844886851,higher,predicted,46.6673436905,0.0765,0.798844886851,0.279320652174,0.222753344569,HLA-B*58:01
zhao-vaccine-0bb4de090da7557e,MHCflurry,2.2.1,presentation,0.653234613991,higher,predicted,206.646240956,1.157375,0.653234613991,0.519483695652,0.420466804877,HLA-B*40:02
zhao-vaccine-d83594b606a34d9f,MHCflurry,2.2.1,presentation,0.666564921472,higher,predicted,55.5939567082,0.35825,0.666564921472,0.496684782609,0.0768046731246,HLA-B*40:02
zhao-vaccine-9b36daa85674e41c,MHCflurry,2.2.1,presentation,0.750437579811,higher,predicted,106.288710584,0.320375,0.750437579811,0.357744565217,0.370117034297,HLA-A*24:02
zhao-vaccine-a7d26b31e15305c0,MHCflurry,2.2.1,presentation,0.816267048182,higher,predicted,59.7940607973,0.15175,0.816267048182,0.252581521739,0.32250351063,HLA-A*24:02
zhao-vaccine-a77fb0e9d66e5b92,MHCflurry,2.2.1,presentation,0.80740453165,higher,predicted,106.551819182,0.324,0.80740453165,0.266956521739,0.464711360633,HLA-A*24:02
zhao-vaccine-6af6761dc326c7b4,MHCflurry,2.2.1,presentation,0.827427221839,higher,predicted,121.049782784,0.36325,0.827427221839,0.235190217391,0.53768360056,HLA-A*24:02
zhao-vaccine-70021a4a83d0b97b,MHCflurry,2.2.1,presentation,0.619720688952,higher,predicted,119.733104251,0.171875,0.619720688952,0.577934782609,0.229678279255,HLA-B*15:18
zhao-vaccine-b8c034b4f7906cda,MHCflurry,2.2.1,presentation,0.0108839962017,higher,predicted,9284.94703064,3.60675,0.0108839962017,22.1923097826,0.011587012661,HLA-A*24:02
zhao-vaccine-61ac7c025d684e3f,MHCflurry,2.2.1,presentation,0.392788199553,higher,predicted,2874.88623355,2.914625,0.392788199553,1.07567934783,0.841153770685,HLA-A*02:06
zhao-vaccine-c9b86ce6d1009213,MHCflurry,2.2.1,presentation,0.991415565584,higher,predicted,17.4908493037,0.07125,0.991415565584,0.000842391304317,0.905837140977,HLA-A*02:06
zhao-vaccine-2b01871034639ce6,MHCflurry,2.2.1,presentation,0.885567648158,higher,predicted,25.612819387,0.173875,0.885567648158,0.144782608696,0.246604804881,HLA-A*02:06
zhao-vaccine-0b898604ae640790,MHCflurry,2.2.1,presentation,0.830429839432,higher,predicted,45.8635194589,0.169625,0.830429839432,0.230027173913,0.277219782118,HLA-A*31:01
zhao-vaccine-090509de5bbe3e7c,MHCflurry,2.2.1,presentation,0.73338279371,higher,predicted,35.0730489912,0.08825,0.73338279371,0.385081521739,0.0405479078327,HLA-A*31:01
zhao-vaccine-c0f6ab4dadf74287,MHCflurry,2.2.1,presentation,0.00951382223236,higher,predicted,10543.4158157,5.86625,0.00951382223236,24.5792391304,0.00806363228185,HLA-A*02:06
zhao-vaccine-24bb80e6d446539e,MHCflurry,2.2.1,presentation,0.6816349526,higher,predicted,53.4995132544,0.1365,0.6816349526,0.469836956522,0.085652389098,HLA-B*15:01
zhao-vaccine-3201a3fb6e0c8fa5,MHCflurry,2.2.1,presentation,0.834024960097,higher,predicted,41.1582883367,0.133625,0.834024960097,0.223885869565,0.254780072719,HLA-A*31:01
zhao-vaccine-83712a929d036711,MHCflurry,2.2.1,presentation,0.739257465482,higher,predicted,48.7414702658,0.186625,0.739257465482,0.375298913043,0.13945005252,HLA-A*31:01
zhao-vaccine-bc7e6e0737e44920,MHCflurry,2.2.1,presentation,0.914527711121,higher,predicted,34.0393481297,0.010625,0.914527711121,0.0995108695652,0.416255714372,HLA-B*40:02
zhao-vaccine-0eaf0e818a7a746a,MHCflurry,2.2.1,presentation,0.992152559247,higher,predicted,16.4439018331,0.0585,0.992152559247,0.000706521739119,0.914472006261,HLA-A*02:01
zhao-vaccine-e1587f78f0414f32,MHCflurry,2.2.1,presentation,0.689054578916,higher,predicted,403.175529432,0.83775,0.689054578916,0.456331521739,0.649862702936,HLA-B*07:02
zhao-vaccine-41f5931366c040c0,MHCflurry,2.2.1,presentation,0.547658509985,higher,predicted,121.124741632,0.405375,0.547658509985,0.721005434782,0.148866208969,HLA-B*07:02
zhao-vaccine-7175cb119bd96102,MHCflurry,2.2.1,presentation,0.909458486579,higher,predicted,75.9194822232,0.08075,0.909458486579,0.107173913043,0.618623197079,HLA-B*54:01
zhao-vaccine-75af5bb08906c7f7,MHCflurry,2.2.1,presentation,0.274644903094,higher,predicted,986.711211135,1.23225,0.274644903094,1.46108695652,0.396192212589,HLA-B*07:02
zhao-vaccine-19030f73262529ce,MHCflurry,2.2.1,presentation,0.754694209818,higher,predicted,59.5475477592,0.1635,0.754694209818,0.351358695652,0.217514701188,HLA-B*07:02
zhao-vaccine-854adfc6e548ab72,MHCflurry,2.2.1,presentation,0.26074104304,higher,predicted,338.123028014,1.135125,0.26074104304,1.52029891304,0.0821205922402,HLA-A*02:01
zhao-vaccine-40a84aa5f7529b52,MHCflurry,2.2.1,presentation,0.719687965594,higher,predicted,32.7577671762,0.249,0.719687965594,0.406059782609,0.00231413591973,HLA-A*02:06
zhao-vaccine-1071886d40129d5f,MHCflurry,2.2.1,presentation,0.876313018526,higher,predicted,31.8816015957,0.238,0.876313018526,0.159619565217,0.28176140599,HLA-A*02:06
zhao-vaccine-3fc0b7f5778f75b1,MHCflurry,2.2.1,presentation,0.139359585784,higher,predicted,628.614062289,1.618625,0.139359585784,2.33451086957,0.0323329546954,HLA-A*02:06
zhao-vaccine-cc31c8cbc49a2519,MHCflurry,2.2.1,presentation,0.85149666112,higher,predicted,32.1257507772,0.015875,0.85149666112,0.197744565217,0.224055516883,HLA-B*15:01
zhao-vaccine-76da3ee3a519e089,MHCflurry,2.2.1,presentation,0.626574718164,higher,predicted,60.666166781,0.170875,0.626574718164,0.567065217391,0.0512745701708,HLA-B*07:02
zhao-vaccine-3e0d2622f82171c5,MHCflurry,2.2.1,presentation,0.894927910241,higher,predicted,42.5120721216,0.0575,0.894927910241,0.128532608696,0.412803189829,HLA-B*07:02
zhao-vaccine-db3d9b700db0c77c,MHCflurry,2.2.1,presentation,0.351352348532,higher,predicted,325.029561272,0.754875,0.351352348532,1.19195652174,0.19253433682,HLA-B*07:02
zhao-vaccine-9973ae04539ea32e,MHCflurry,2.2.1,presentation,0.604602480111,higher,predicted,60.7526379674,0.170875,0.604602480111,0.60785326087,0.0254171201959,HLA-B*07:02
zhao-vaccine-5561ea5eae8c4914,MHCflurry,2.2.1,presentation,0.623863309372,higher,predicted,117.331362793,0.353125,0.623863309372,0.570570652174,0.229094139533,HLA-A*24:02
zhao-vaccine-2b4eb78cc400768f,MHCflurry,2.2.1,presentation,0.411133379848,higher,predicted,124.928763238,0.37275,0.411133379848,1.0291576087,0.00176598141115,HLA-A*24:02
zhao-vaccine-007a79875c9c2c9d,MHCflurry,2.2.1,presentation,0.639095947812,higher,predicted,57.1673837863,0.140375,0.639095947812,0.543505434783,0.0501981311245,HLA-A*24:02
zhao-vaccine-94c540703c35d914,MHCflurry,2.2.1,presentation,0.937669820902,higher,predicted,33.98408207,0.02275,0.937669820902,0.0657880434783,0.512113779783,HLA-C*14:02
zhao-vaccine-d0539841cb147534,MHCflurry,2.2.1,presentation,0.987684523942,higher,predicted,14.1786272247,0.035375,0.987684523942,0.0020652173913,0.745129480958,HLA-A*02:01
zhao-vaccine-6fb9fcc725620c4d,MHCflurry,2.2.1,presentation,0.574736806675,higher,predicted,63.2290498479,0.432375,0.574736806675,0.665461956522,0.00148730410001,HLA-A*02:01
zhao-vaccine-fd3485d9cfbed701,MHCflurry,2.2.1,presentation,0.548003523982,higher,predicted,114.51783994,0.656,0.548003523982,0.721005434782,0.133860904025,HLA-A*02:01
zhao-vaccine-7b19004e1c7b69aa,MHCflurry,2.2.1,presentation,0.83673543417,higher,predicted,49.6808999652,0.241,0.83673543417,0.22125,0.31201768294,HLA-B*40:06
zhao-vaccine-77558f19fda1309c,MHCflurry,2.2.1,presentation,0.0102995299172,higher,predicted,14046.9943563,7.443625,0.0102995299172,22.1923097826,0.109482769622,HLA-A*02:06
zhao-vaccine-a927269393d2526c,MHCflurry,2.2.1,presentation,0.887142947749,higher,predicted,21.6757502371,0.12175,0.887142947749,0.141847826087,0.205204788246,HLA-A*02:06
zhao-vaccine-de540479a7332cba,MHCflurry,2.2.1,presentation,0.202843376001,higher,predicted,360.493614342,1.3055,0.202843376001,1.82016304348,0.00742933882429,HLA-A*02:06
zhao-vaccine-ff2e1d9399179786,MHCflurry,2.2.1,presentation,0.720354633525,higher,predicted,84.6509202384,0.607125,0.720354633525,0.404836956522,0.263894674368,HLA-A*02:06
zhao-vaccine-4acd10b38d0e4aec,MHCflurry,2.2.1,presentation,0.260536029275,higher,predicted,1486.31032403,2.2375,0.260536029275,1.52029891304,0.488313404843,HLA-A*02:06
zhao-vaccine-7bc11d2eff81b4cd,MHCflurry,2.2.1,presentation,0.770801539841,higher,predicted,66.3368785812,0.207125,0.770801539841,0.323505434783,0.272321465425,HLA-B*40:01
zhao-vaccine-b6daf7f342caeef5,MHCflurry,2.2.1,presentation,0.0507374171451,higher,predicted,1795.8979303,2.56425,0.0507374171451,5.05404891304,0.00725434112974,HLA-A*33:03
zhao-vaccine-00444c5d625a1ea1,MHCflurry,2.2.1,presentation,0.603395493257,higher,predicted,80.8930726619,0.236,0.603395493257,0.609538043478,0.102596135344,HLA-B*44:03
zhao-vaccine-1899550845bc9391,MHCflurry,2.2.1,presentation,0.622924334819,higher,predicted,71.0005345601,0.22625,0.622924334819,0.572255434783,0.0900589539669,HLA-B*40:01
zhao-vaccine-9ce74503a7a65f1d,MHCflurry,2.2.1,presentation,0.614386761071,higher,predicted,120.288528348,0.36375,0.614386761071,0.588641304348,0.224568918347,HLA-B*40:01
zhao-vaccine-fe2a205d7de5f153,MHCflurry,2.2.1,presentation,0.0058817034001,higher,predicted,17326.7246766,9.49625,0.0058817034001,46.224673913,0.0074866840223,HLA-A*33:03
zhao-vaccine-5527cbf00d4c06a3,MHCflurry,2.2.1,presentation,0.00575654336678,higher,predicted,17522.7081594,9.62475,0.00575654336678,46.224673913,0.00445972644593,HLA-A*33:03
zhao-vaccine-9d0b0ecd97822a8b,MHCflurry,2.2.1,presentation,0.961095239973,higher,predicted,30.0163476636,0.033375,0.961095239973,0.0315489130435,0.618218194693,HLA-A*33:03
zhao-vaccine-33922ab67dedb95d,MHCflurry,2.2.1,presentation,0.893255734651,higher,predicted,70.144982374,0.222875,0.893255734651,0.131711956522,0.545294407755,HLA-B*40:01
zhao-vaccine-833cf7dfafb80ee6,MHCflurry,2.2.1,presentation,0.325245192243,higher,predicted,196.173499128,0.47525,0.325245192243,1.2795923913,0.0209401662578,HLA-B*40:01
zhao-vaccine-9c298b12a5abcbfa,MHCflurry,2.2.1,presentation,0.79670147444,higher,predicted,86.464446076,0.254625,0.79670147444,0.28410326087,0.388303147629,HLA-B*35:01
zhao-vaccine-25d343c06b9fd1ba,MHCflurry,2.2.1,presentation,0.980192553594,higher,predicted,25.0631141988,0.007875,0.980192553594,0.00725543478262,0.765062890947,HLA-B*35:01
zhao-vaccine-3662082b8c37f2db,MHCflurry,2.2.1,presentation,0.980581955149,higher,predicted,11.4412091476,0.0115,0.980581955149,0.00725543478262,0.555500436574,HLA-A*02:01
zhao-vaccine-c53cad49f5b42005,MHCflurry,2.2.1,presentation,0.675538925764,higher,predicted,399.562406466,0.79975,0.675538925764,0.480815217391,0.629766758531,HLA-B*35:01
zhao-vaccine-df06f3847c640434,MHCflurry,2.2.1,presentation,0.337309509241,higher,predicted,416.262006266,0.813375,0.337309509241,1.23980978261,0.242872958072,HLA-B*35:01
zhao-vaccine-6f4c3b14f541f3a9,MHCflurry,2.2.1,presentation,0.965124923046,higher,predicted,12.8069173093,0.02025,0.965124923046,0.0255434782609,0.416465133429,HLA-A*02:01
zhao-vaccine-c5aed4506530e7c9,MHCflurry,2.2.1,presentation,0.976071175481,higher,predicted,24.5167195832,0.009,0.976071175481,0.0120923913044,0.704395290464,HLA-C*03:03
zhao-vaccine-d27b82ea25c2079b,MHCflurry,2.2.1,presentation,0.680896235255,higher,predicted,310.115756853,0.3945,0.680896235255,0.469836956522,0.567130226642,HLA-B*54:01
zhao-vaccine-86c23021ac8ba472,MHCflurry,2.2.1,presentation,0.196463551395,higher,predicted,442.905397963,0.500375,0.196463551395,1.858125,0.0526666676742,HLA-B*54:01
zhao-vaccine-ffc1986181cf6a8f,MHCflurry,2.2.1,presentation,0.969563948411,higher,predicted,44.71986592,0.014625,0.969563948411,0.0200815217392,0.799533389509,HLA-B*54:01
zhao-vaccine-31a2265075b0b0c8,MHCflurry,2.2.1,presentation,0.471623604586,higher,predicted,282.491032641,0.64575,0.471623604586,0.883260869565,0.295193484053,HLA-A*24:02
zhao-vaccine-051b07f7c5733441,MHCflurry,2.2.1,presentation,0.32697060155,higher,predicted,189.754370294,0.50675,0.32697060155,1.27247282609,0.0140255870356,HLA-A*24:02
zhao-vaccine-5d3905faafb72e53,MHCflurry,2.2.1,presentation,0.359159851394,higher,predicted,1669.07886076,1.4875,0.359159851394,1.170625,0.651344392449,HLA-A*24:02
zhao-vaccine-ea6d50d1b1de9fd2,MHCflurry,2.2.1,presentation,0.0502595259336,higher,predicted,2781.35562168,1.861125,0.0502595259336,5.05404891304,0.124529700726,HLA-A*24:02
zhao-vaccine-1e3b690b4259c6bf,MHCflurry,2.2.1,presentation,0.238021308495,higher,predicted,464.468481664,0.571875,0.238021308495,1.62741847826,0.134959569667,HLA-B*51:01
zhao-vaccine-23eaf44ccb8cdb3e,MHCflurry,2.2.1,presentation,0.670583672447,higher,predicted,62.6623538551,0.410625,0.670583672447,0.490190217391,0.114789281506,HLA-C*12:02
zhao-vaccine-58ec51281e3f45bc,MHCflurry,2.2.1,presentation,0.321922149409,higher,predicted,192.48346416,1.843375,0.321922149409,1.28986413043,0.0114358340506,HLA-C*12:02
zhao-vaccine-d84459d062f5308c,MHCflurry,2.2.1,presentation,0.671878760858,higher,predicted,42.0171293039,0.29925,0.671878760858,0.486548913043,0.00671940745087,HLA-A*02:01
zhao-vaccine-4a803735b7e2e91b,MHCflurry,2.2.1,presentation,0.0143930052203,higher,predicted,14124.4502185,7.455,0.0143930052203,16.1575543478,0.206746061798,HLA-A*02:01
zhao-vaccine-d7741495ca0a47c4,MHCflurry,2.2.1,presentation,0.152629588121,higher,predicted,548.807280131,2.442125,0.152629588121,2.20225543478,0.0251581276534,HLA-C*07:02
zhao-vaccine-acabdb04a03520ef,MHCflurry,2.2.1,presentation,0.284243123945,higher,predicted,1188.64717141,3.662625,0.284243123945,1.4254076087,0.460783284158,HLA-C*07:02
zhao-vaccine-67558adaa52c27b5,MHCflurry,2.2.1,presentation,0.178279502003,higher,predicted,564.050573227,0.581,0.178279502003,1.98277173913,0.0852712262422,HLA-B*54:01
zhao-vaccine-8258688d0ed6bf63,MHCflurry,2.2.1,presentation,0.900393357703,higher,predicted,50.8211519392,0.1095,0.900393357703,0.121195652174,0.478633682709,HLA-A*24:02
zhao-vaccine-c5e47ff83f2303a2,MHCflurry,2.2.1,presentation,0.308897956819,higher,predicted,211.946536688,0.54225,0.308897956819,1.334375,0.0208307141147,HLA-A*24:02
zhao-vaccine-1156acf6e931f52a,MHCflurry,2.2.1,presentation,0.119999220011,higher,predicted,3353.89932466,2.02,0.119999220011,2.58752717391,0.443447955884,HLA-A*24:02
zhao-vaccine-c226c4e421abf75f,MHCflurry,2.2.1,presentation,0.56780908221,higher,predicted,115.316677417,0.35,0.56780908221,0.680027173913,0.158467912581,HLA-A*24:02
zhao-vaccine-d9a38d29ef1a121f,MHCflurry,2.2.1,presentation,0.0586456017575,higher,predicted,1542.82048528,1.0515,0.0586456017575,4.4545923913,0.00885773855407,HLA-B*54:01
zhao-vaccine-0d39d96932a02503,MHCflurry,2.2.1,presentation,0.0225104859699,higher,predicted,10110.0404015,5.6805,0.0225104859699,10.6558423913,0.24368918757,HLA-A*02:06
zhao-vaccine-f27df856a4f854dc,MHCflurry,2.2.1,presentation,0.0595134631128,higher,predicted,1494.75948347,2.2375,0.0595134631128,4.39192934783,0.00458203291055,HLA-A*02:06
zhao-vaccine-1de18c9067041a38,MHCflurry,2.2.1,presentation,0.0924688638483,higher,predicted,1824.4802538,5.911125,0.0924688638483,3.08263586957,0.193935921881,HLA-C*03:03
zhao-vaccine-5bf5127cbae8097b,MHCflurry,2.2.1,presentation,0.295385685468,higher,predicted,311.866579703,1.227375,0.295385685468,1.38027173913,0.108754200628,HLA-A*02:06
zhao-vaccine-f04ac6b512432b83,MHCflurry,2.2.1,presentation,0.368916508143,higher,predicted,149.500649798,0.864,0.368916508143,1.14211956522,0.000869330402566,HLA-A*02:06
zhao-vaccine-2d5bc81066cb27d4,MHCflurry,2.2.1,presentation,0.00933140304951,higher,predicted,18204.0240703,10.158125,0.00933140304951,24.5792391304,0.152476507239,HLA-A*02:06
zhao-vaccine-d54a3c817ef7f91a,MHCflurry,2.2.1,presentation,0.0418573954432,higher,predicted,2173.19212937,1.793875,0.0418573954432,6.0479076087,0.00259734538849,HLA-B*35:01
zhao-vaccine-af1ae015379e0d4c,MHCflurry,2.2.1,presentation,0.0328432468938,higher,predicted,5756.18564814,2.935125,0.0328432468938,7.55826086957,0.198827431537,HLA-B*35:01
zhao-vaccine-5c4e1393fcceb6cc,MHCflurry,2.2.1,presentation,0.820985475251,higher,predicted,104.870974505,0.640875,0.820985475251,0.244565217391,0.485728248954,HLA-C*03:03
zhao-vaccine-2c02aa2259b38cf7,MHCflurry,2.2.1,presentation,0.749622210766,higher,predicted,50.8911124449,0.1095,0.749622210766,0.359293478261,0.16669817362,HLA-A*24:02
zhao-vaccine-90f9b84f47894dac,MHCflurry,2.2.1,presentation,0.979510166569,higher,predicted,28.2906833547,0.0175,0.979510166569,0.00842391304349,0.788549281657,HLA-B*35:01
zhao-vaccine-ab9a566bfd9e22f5,MHCflurry,2.2.1,presentation,0.246173019407,higher,predicted,366.25513122,0.74725,0.246173019407,1.58866847826,0.0822967228014,HLA-A*24:02
zhao-vaccine-d9320bb718c273a5,MHCflurry,2.2.1,presentation,0.795623224568,higher,predicted,147.318314778,0.421,0.795623224568,0.285570652174,0.53271660395,HLA-A*24:02
zhao-vaccine-e869ced7f0f72d4c,MHCflurry,2.2.1,presentation,0.818181935698,higher,predicted,72.3707948865,0.207,0.818181935698,0.249918478261,0.378535350785,HLA-A*24:02
zhao-vaccine-dddf213bd7d4e6a7,MHCflurry,2.2.1,presentation,0.403801260146,higher,predicted,169.393415042,0.46875,0.403801260146,1.04739130435,0.0767741572345,HLA-A*24:02
zhao-vaccine-14d05f3a9c4040d4,MHCflurry,2.2.1,presentation,0.0470014611082,higher,predicted,2022.75644229,1.610625,0.0470014611082,5.44942934783,0.0171848537284,HLA-A*24:02
zhao-vaccine-9d4621b374c0f21f,MHCflurry,2.2.1,presentation,0.793094459889,higher,predicted,73.7462618395,0.21375,0.793094459889,0.288179347826,0.338370034471,HLA-A*24:02
zhao-vaccine-b84e6ed1d53c9c56,MHCflurry,2.2.1,presentation,0.422217992878,higher,predicted,138.189299459,0.5925,0.422217992878,1.00160326087,0.0423518384341,HLA-A*31:01
zhao-vaccine-1747d4da366e49c6,MHCflurry,2.2.1,presentation,0.712956807723,higher,predicted,105.627635075,0.488125,0.712956807723,0.416739130435,0.314375832677,HLA-A*31:01
zhao-vaccine-69f62b48be1b9947,MHCflurry,2.2.1,presentation,0.156594543898,higher,predicted,1396.65139664,1.747625,0.156594543898,2.16448369565,0.29017471429,HLA-A*31:01
zhao-vaccine-70b013abf6dfe8cb,MHCflurry,2.2.1,presentation,0.0150136464571,higher,predicted,7626.46299481,3.6775,0.0150136464571,16.1575543478,0.0496626197128,HLA-A*31:01
zhao-vaccine-beeb78dcb3ce1bd6,MHCflurry,2.2.1,presentation,0.0159895832895,higher,predicted,6681.40609464,3.415625,0.0159895832895,15.160951087,0.0314222887937,HLA-A*31:01
zhao-vaccine-d334b09365885e61,MHCflurry,2.2.1,presentation,0.839917799922,higher,predicted,72.9264916134,0.474,0.839917799922,0.215054347826,0.424030696973,HLA-A*33:03
zhao-vaccine-e321724542ff486e,MHCflurry,2.2.1,presentation,0.593744344101,higher,predicted,156.614549115,0.257,0.593744344101,0.627255434783,0.272620054893,HLA-B*51:01
zhao-vaccine-ce7bb3b1d8d91074,MHCflurry,2.2.1,presentation,0.583749726694,higher,predicted,72.046909348,0.204875,0.583749726694,0.646739130435,0.0477816346101,HLA-A*24:02
zhao-vaccine-7c9cd3f31ce9f18a,MHCflurry,2.2.1,presentation,0.887572411132,higher,predicted,139.027083768,0.19425,0.887572411132,0.141847826087,0.716642256826,HLA-B*54:01
zhao-vaccine-d8b3cb9f783ea9a4,MHCflurry,2.2.1,presentation,0.977003489886,higher,predicted,26.481975128,0.00325,0.977003489886,0.0108695652174,0.737066820264,HLA-A*24:02
zhao-vaccine-a874ce1e2754a8d5,MHCflurry,2.2.1,presentation,0.605735569115,higher,predicted,116.905573714,0.353125,0.605735569115,0.603777173913,0.206458346918,HLA-A*24:02
zhao-vaccine-75d5de385669e3bc,MHCflurry,2.2.1,presentation,0.805106192795,higher,predicted,52.580642662,0.11675,0.805106192795,0.269918478261,0.266650727484,HLA-A*24:02
zhao-vaccine-0c875e7bc235bb96,MHCflurry,2.2.1,presentation,0.187870581043,higher,predicted,996.746342787,0.817125,0.187870581043,1.92016304348,0.259709070437,HLA-B*54:01
zhao-vaccine-e18369fa05ea709c,MHCflurry,2.2.1,presentation,0.00545520537319,higher,predicted,19008.8748634,8.47575,0.00545520537319,46.224673913,0.0115273820702,HLA-B*35:01
zhao-vaccine-3a7020641c49a4b0,MHCflurry,2.2.1,presentation,0.00421789809828,higher,predicted,24852.7779088,15.135,0.00421789809828,62.744673913,0.0120665786162,HLA-B*35:01
zhao-vaccine-f1ae7c881294ac52,MHCflurry,2.2.1,presentation,0.00903849729977,higher,predicted,15540.7135411,6.472875,0.00903849729977,24.5792391304,0.0999526637606,HLA-B*35:01
zhao-vaccine-29a1785dacf85576,MHCflurry,2.2.1,presentation,0.241176924115,higher,predicted,408.097118451,1.230375,0.241176924115,1.61274456522,0.104332813527,HLA-A*02:01
zhao-vaccine-5cbd31005d3bcff5,MHCflurry,2.2.1,presentation,0.32017079288,higher,predicted,203.557193732,1.347125,0.32017079288,1.29679347826,0.0245217601769,HLA-C*03:03
zhao-vaccine-11ba54e0b96687a1,MHCflurry,2.2.1,presentation,0.561809855554,higher,predicted,114.358637432,0.656,0.561809855554,0.691114130435,0.149279185105,HLA-A*02:01
zhao-vaccine-f441a9b109397bee,MHCflurry,2.2.1,presentation,0.363374220411,higher,predicted,1048.54269169,1.784625,0.363374220411,1.1560326087,0.528881411999,HLA-A*02:01
zhao-vaccine-db1e2cbd88910c6f,MHCflurry,2.2.1,presentation,0.714417114322,higher,predicted,142.537865075,0.4095,0.714417114322,0.41527173913,0.398671536706,HLA-A*24:02
zhao-vaccine-3b22f7af42025ab1,MHCflurry,2.2.1,presentation,0.358338578643,higher,predicted,177.369747882,0.48425,0.358338578643,1.17380434783,0.0348772305442,HLA-B*35:01
zhao-vaccine-00ff16e25073019b,MHCflurry,2.2.1,presentation,0.775829808103,higher,predicted,39.536545051,0.0635,0.775829808103,0.315244565217,0.138349459507,HLA-B*35:01
zhao-vaccine-4f105e0d47e30f78,MHCflurry,2.2.1,presentation,0.755524832499,higher,predicted,42.8247022129,0.02425,0.755524832499,0.349538043478,0.128279833007,HLA-A*01:01
zhao-vaccine-09bbcb8a8cac6970,MHCflurry,2.2.1,presentation,0.706078673936,higher,predicted,39.7958699283,0.055375,0.706078673936,0.427663043478,0.0369504904957,HLA-B*57:01
zhao-vaccine-f4e70bd617a1ab13,MHCflurry,2.2.1,presentation,0.542336859265,higher,predicted,303.021644477,1.1765,0.542336859265,0.732880434782,0.394548027311,HLA-B*57:01
zhao-vaccine-f23e51c40f064c5d,MHCflurry,2.2.1,presentation,0.355096088188,higher,predicted,269.159107983,0.640375,0.355096088188,1.18195652174,0.145384253468,HLA-B*35:01
zhao-vaccine-e2d933ef6fc6330c,MHCflurry,2.2.1,presentation,0.827334016146,higher,predicted,92.9158865688,0.27675,0.827334016146,0.235190217391,0.464881692082,HLA-B*35:01
zhao-vaccine-a6d7efa078e4403a,MHCflurry,2.2.1,presentation,0.0582001596521,higher,predicted,2751.26510028,1.851,0.0582001596521,4.4545923913,0.165375577752,HLA-A*24:20
zhao-vaccine-ed02672548c2c6e9,MHCflurry,2.2.1,presentation,0.0302921146706,higher,predicted,3835.22596228,2.349625,0.0302921146706,8.01565217391,0.0637538625742,HLA-B*35:01
zhao-vaccine-584580aa40b32fb0,MHCflurry,2.2.1,presentation,0.707811746593,higher,predicted,60.6967735042,0.17725,0.707811746593,0.424565217391,0.155205111136,HLA-B*40:01
zhao-vaccine-7713216b739e01fb,MHCflurry,2.2.1,presentation,0.0471187641884,higher,predicted,1984.6988679,1.224625,0.0471187641884,5.34668478261,0.0127095728531,HLA-B*54:01
zhao-vaccine-37150d21cb59561e,MHCflurry,2.2.1,presentation,0.195462048041,higher,predicted,453.997584876,1.562125,0.195462048041,1.86442934783,0.0576610573335,HLA-C*03:04
zhao-vaccine-8865368c74775ec5,MHCflurry,2.2.1,presentation,0.160387338269,higher,predicted,1297.63656129,1.6965,0.160387338269,2.12934782609,0.278024933301,HLA-A*31:01
zhao-vaccine-0f899e5797566725,MHCflurry,2.2.1,presentation,0.311055676667,higher,predicted,233.387517161,0.815875,0.311055676667,1.32733695652,0.050138167222,HLA-A*31:01
zhao-vaccine-52fff727b9b7b4e2,MHCflurry,2.2.1,presentation,0.529117789354,higher,predicted,203.502931519,0.7545,0.529117789354,0.759429347826,0.270225361455,HLA-A*31:01
zhao-vaccine-edaf4e83f46c187e,MHCflurry,2.2.1,presentation,0.690886308085,higher,predicted,52.1800544613,0.2145,0.690886308085,0.45285326087,0.0909415377537,HLA-A*31:01
zhao-vaccine-edef5e1d5a58e9e1,MHCflurry,2.2.1,presentation,0.968419954433,higher,predicted,28.5319020775,0.036125,0.968419954433,0.0214130434783,0.66539484635,HLA-A*31:01
zhao-vaccine-48533e9a40327f8f,MHCflurry,2.2.1,presentation,0.682422866798,higher,predicted,134.645680339,0.580875,0.682422866798,0.4675,0.340071333572,HLA-A*31:01
zhao-vaccine-1225cede0d420f0a,MHCflurry,2.2.1,presentation,0.0361671480801,higher,predicted,2817.57256296,2.29425,0.0361671480801,6.79260869565,0.0309177029412,HLA-A*31:01
zhao-vaccine-6510e76c70f1f951,MHCflurry,2.2.1,presentation,0.00946081842996,higher,predicted,21496.908954,10.104,0.00946081842996,24.5792391304,0.202052884502,HLA-A*31:01
zhao-vaccine-eccddbe101d23034,MHCflurry,2.2.1,presentation,0.477187261849,higher,predicted,161.651662292,0.692375,0.477187261849,0.872309782609,0.148251719773,HLA-A*11:01
zhao-vaccine-cee042b9a88d7012,MHCflurry,2.2.1,presentation,0.940890477539,higher,predicted,25.0476085707,0.01875,0.940890477539,0.0617934782609,0.444312186912,HLA-A*11:01
zhao-vaccine-881f4582c98f353c,MHCflurry,2.2.1,presentation,0.205458441587,higher,predicted,1555.67253141,1.966,0.205458441587,1.80160326087,0.413405876607,HLA-A*11:01
zhao-vaccine-3fb480f105298172,MHCflurry,2.2.1,presentation,0.339392068129,higher,predicted,458.310509193,1.181125,0.339392068129,1.23008152174,0.271921606851,HLA-A*11:01
zhao-vaccine-cc75b72e942baa44,MHCflurry,2.2.1,presentation,0.716077513335,higher,predicted,45.1594846195,0.1845,0.716077513335,0.411331521739,0.0854189812089,HLA-A*11:01
zhao-vaccine-f477a52b434974ac,MHCflurry,2.2.1,presentation,0.468657066078,higher,predicted,269.861846449,0.919125,0.468657066078,0.891005434782,0.27927119704,HLA-A*11:01
zhao-vaccine-0d4ac2a843d56400,MHCflurry,2.2.1,presentation,0.354601840591,higher,predicted,169.00822465,0.7125,0.354601840591,1.18195652174,0.0170160505222,HLA-A*11:01
zhao-vaccine-9c13590bea498179,MHCflurry,2.2.1,presentation,0.42979692324,higher,predicted,146.027218272,0.421,0.42979692324,0.981358695652,0.0662580580101,HLA-A*24:02
zhao-vaccine-072a700de284fe72,MHCflurry,2.2.1,presentation,0.911353555315,higher,predicted,40.5914345022,0.05375,0.911353555315,0.103940217391,0.453296864405,HLA-A*24:02
zhao-vaccine-a2dcf44fa3d2f757,MHCflurry,2.2.1,presentation,0.925786244354,higher,predicted,38.6048478224,0.045875,0.925786244354,0.0834782608696,0.494187714532,HLA-A*24:02
zhao-vaccine-e65463d2a7a97dc5,MHCflurry,2.2.1,presentation,0.99410593915,higher,predicted,9.5985703787,0,0.99410593915,0.00027173913044,0.848134785891,HLA-A*02:01
zhao-vaccine-4650c5767516b0b6,MHCflurry,2.2.1,presentation,0.976252636156,higher,predicted,59.3894886405,0.044375,0.976252636156,0.0120923913044,0.949500657618,HLA-B*54:01
zhao-vaccine-7df8b7a96621bbdb,MHCflurry,2.2.1,presentation,0.722209971535,higher,predicted,89.2409403285,0.108,0.722209971535,0.401766304348,0.280999831855,HLA-B*54:01
zhao-vaccine-8df2fe8b5fcd796a,MHCflurry,2.2.1,presentation,0.622692512729,higher,predicted,62.1801534134,0.42825,0.622692512729,0.572255434783,0.0533620719798,HLA-A*02:01
zhao-vaccine-2b2980afd052a1b5,MHCflurry,2.2.1,presentation,0.964714378274,higher,predicted,51.8772863183,0.1175,0.964714378274,0.0267391304348,0.797088064253,HLA-B*07:02
zhao-vaccine-a45b6e7fa969b248,MHCflurry,2.2.1,presentation,0.200423206998,higher,predicted,647.067717014,1.121625,0.200423206998,1.83263586957,0.163778805407,HLA-A*03:01
zhao-vaccine-e327e6b3bfed204f,MHCflurry,2.2.1,presentation,0.850554020439,higher,predicted,35.9305256295,0.245625,0.850554020439,0.199375,0.252682990395,HLA-A*02:01
zhao-vaccine-5128432b204cfd4e,MHCflurry,2.2.1,presentation,0.584275437265,higher,predicted,179.689352318,0.25475,0.584275437265,0.646739130435,0.299297426827,HLA-B*54:01
zhao-vaccine-d7dd66fd394437a0,MHCflurry,2.2.1,presentation,0.788726925523,higher,predicted,27.614846537,0.038,0.788726925523,0.29597826087,0.0612323458772,HLA-A*11:01
zhao-vaccine-44fd213985f71f6c,MHCflurry,2.2.1,presentation,0.612984509742,higher,predicted,72.6729239908,0.247125,0.612984509742,0.590407608696,0.0845504768658,HLA-B*15:01
zhao-vaccine-499666ed8d657795,MHCflurry,2.2.1,presentation,0.0726192992156,higher,predicted,1839.75772624,2.114375,0.0726192992156,3.72010869565,0.121813718462,HLA-A*11:01
zhao-vaccine-9d9ba5caea4fd60c,MHCflurry,2.2.1,presentation,0.764823782462,higher,predicted,40.0731196075,0.019375,0.764823782462,0.333152173913,0.124465543078,HLA-A*01:01
zhao-vaccine-896f258e6a8bc219,MHCflurry,2.2.1,presentation,0.00498516416894,higher,predicted,24866.4640918,29.65375,0.00498516416894,62.744673913,0.0596722403716,HLA-B*54:01
zhao-vaccine-bce5ab8297ffee2e,MHCflurry,2.2.1,presentation,0.00492474688657,higher,predicted,27672.715234,45.964625,0.00492474688657,62.744673913,0.0855643299874,HLA-B*54:01
zhao-vaccine-28f2b4b018fc889c,MHCflurry,2.2.1,presentation,0.278445666951,higher,predicted,302.919055841,0.38725,0.278445666951,1.44413043478,0.0773556887871,HLA-A*01:01
zhao-vaccine-0d435af2cc1c0837,MHCflurry,2.2.1,presentation,0.00718411191863,higher,predicted,18082.9263657,6.920125,0.00718411191863,31.6431793478,0.0761192335049,HLA-A*24:02
zhao-vaccine-23b2964a86bec6f7,MHCflurry,2.2.1,presentation,0.87470911122,higher,predicted,15.1549352841,0.043625,0.87470911122,0.1625,0.0734269550303,HLA-A*02:01
zhao-vaccine-60060e39e49769a1,MHCflurry,2.2.1,presentation,0.981134006706,higher,predicted,14.1145409945,0.035375,0.981134006706,0.00616847826088,0.621459897608,HLA-A*02:01
zhao-vaccine-0d8578a424909227,MHCflurry,2.2.1,presentation,0.824150536846,higher,predicted,49.4611563553,0.110375,0.824150536846,0.239565217391,0.285529966466,HLA-B*40:01
zhao-vaccine-94b3e3445fb06039,MHCflurry,2.2.1,presentation,0.843638446245,higher,predicted,16.4318888402,0.0585,0.843638446245,0.210244565217,0.0228013320884,HLA-A*02:01
zhao-vaccine-4c18b6ddad0a8dbf,MHCflurry,2.2.1,presentation,0.971499082143,higher,predicted,24.2594918764,0.142125,0.971499082143,0.0176630434783,0.650753129274,HLA-A*02:01
zhao-vaccine-c6a100959123a7ed,MHCflurry,2.2.1,presentation,0.990142484008,higher,predicted,13.078712851,0.023125,0.990142484008,0.00111413043476,0.786583997309,HLA-A*02:01
zhao-vaccine-618b58eaa5cd53b8,MHCflurry,2.2.1,presentation,0.931671636681,higher,predicted,27.4075156076,0.168875,0.931671636681,0.0745380434783,0.425285284407,HLA-A*02:01
zhao-vaccine-3e5db6fc81d2d533,MHCflurry,2.2.1,presentation,0.905889276021,higher,predicted,52.230111341,0.369,0.905889276021,0.113179347826,0.503902781755,HLA-A*02:01
zhao-vaccine-fd51fc61ca07288d,MHCflurry,2.2.1,presentation,0.573761849096,higher,predicted,64.881437185,0.200375,0.573761849096,0.667445652174,0.00744268983544,HLA-B*40:01
zhao-vaccine-bf5a71d5d2b227d9,MHCflurry,2.2.1,presentation,0.332846719883,higher,predicted,535.354121142,1.373375,0.332846719883,1.25293478261,0.306289239787,HLA-A*02:01
zhao-vaccine-0f240ad0137eb3f3,MHCflurry,2.2.1,presentation,0.167257661234,higher,predicted,452.455654603,0.508125,0.167257661234,2.068125,0.00294527321967,HLA-B*54:01
zhao-vaccine-cfe3664f792212d3,MHCflurry,2.2.1,presentation,0.70883627279,higher,predicted,47.0262323201,0.018375,0.70883627279,0.423233695652,0.0865485564573,HLA-B*54:01
zhao-vaccine-16db6e7f6bbac813,MHCflurry,2.2.1,presentation,0.54952610752,higher,predicted,82.8273112263,0.093875,0.54952610752,0.719048913043,0.0466557370382,HLA-B*54:01
zhao-vaccine-e20d6e4e58b77110,MHCflurry,2.2.1,presentation,0.255638667422,higher,predicted,422.611963777,0.80175,0.255638667422,1.54323369565,0.135825251986,HLA-A*24:02
zhao-vaccine-def347ffae70b03d,MHCflurry,2.2.1,presentation,0.320951880524,higher,predicted,245.78435384,0.597625,0.320951880524,1.2933423913,0.0772879554424,HLA-A*24:02
zhao-vaccine-8b658589a82e87b0,MHCflurry,2.2.1,presentation,0.777299355111,higher,predicted,100.175165785,0.30475,0.777299355111,0.313695652174,0.395980389789,HLA-A*24:02
zhao-vaccine-e2fb505f56286e67,MHCflurry,2.2.1,presentation,0.382512002337,higher,predicted,161.106321419,1.18725,0.382512002337,1.10266304348,0.0377787393518,HLA-B*40:06
zhao-vaccine-9118c66e983589f8,MHCflurry,2.2.1,presentation,0.804535412819,higher,predicted,77.2592178845,0.66975,0.804535412819,0.271195652174,0.37127120886,HLA-B*40:06
zhao-vaccine-1d02e09803958091,MHCflurry,2.2.1,presentation,0.872078801528,higher,predicted,128.009317736,0.561,0.872078801528,0.165597826087,0.652507841587,HLA-A*31:01
zhao-vaccine-510b74e07ea8db2b,MHCflurry,2.2.1,presentation,0.751329493207,higher,predicted,33.1607964694,0.00975,0.751329493207,0.35597826087,0.0516846147948,HLA-B*07:02
zhao-vaccine-c8346c8646d4e728,MHCflurry,2.2.1,presentation,0.950399334574,higher,predicted,24.0363790281,0.010125,0.950399334574,0.0465217391304,0.485411288217,HLA-A*31:01
zhao-vaccine-0c2cf1608b20c5a4,MHCflurry,2.2.1,presentation,0.826881404171,higher,predicted,44.2626413812,0.0655,0.826881404171,0.235190217391,0.260401997715,HLA-B*07:02
zhao-vaccine-8626e24ab1d31ea8,MHCflurry,2.2.1,presentation,0.834962816597,higher,predicted,26.8292741003,0.0245,0.834962816597,0.222663043478,0.139215509407,HLA-A*31:01
zhao-vaccine-a28616596073e629,MHCflurry,2.2.1,presentation,0.539085022189,higher,predicted,327.088991249,0.961,0.539085022189,0.739891304348,0.411829594523,HLA-A*31:01
zhao-vaccine-7257286bd367c408,MHCflurry,2.2.1,presentation,0.690059844055,higher,predicted,64.9104866526,0.193625,0.690059844055,0.454836956522,0.149782794993,HLA-B*07:02
zhao-vaccine-c5b77a6ed25596e0,MHCflurry,2.2.1,presentation,0.449566364468,higher,predicted,150.765478742,0.63075,0.449566364468,0.933614130435,0.0977081652964,HLA-A*31:01
zhao-vaccine-18a4c5aa2273d155,MHCflurry,2.2.1,presentation,0.478789690671,higher,predicted,232.864534496,0.815875,0.478789690671,0.867717391304,0.250277050072,HLA-A*31:01
zhao-vaccine-ef8468c36f804179,MHCflurry,2.2.1,presentation,0.170672831468,higher,predicted,640.722834334,1.373625,0.170672831468,2.04293478261,0.105333639774,HLA-A*11:01
zhao-vaccine-92b7acc5c70af21c,MHCflurry,2.2.1,presentation,0.937288595604,higher,predicted,37.6185812855,0.119,0.937288595604,0.0657880434783,0.538170188665,HLA-A*11:01
zhao-vaccine-f4ce4ccfed2d2f41,MHCflurry,2.2.1,presentation,0.709907607003,higher,predicted,55.4186219789,0.26125,0.709907607003,0.42125,0.133099295665,HLA-A*11:01
zhao-vaccine-349b472eb2f1778d,MHCflurry,2.2.1,presentation,0.736224358528,higher,predicted,44.3073345915,0.18,0.736224358528,0.380625,0.108833749662,HLA-A*11:01
zhao-vaccine-ffbbba5d0dfacd11,MHCflurry,2.2.1,presentation,0.494975746587,higher,predicted,88.2586624117,0.449375,0.494975746587,0.831711956522,0.00223697606998,HLA-A*11:01
zhao-vaccine-3e4ca4df78b5be4d,MHCflurry,2.2.1,presentation,0.0194395559215,higher,predicted,5846.64673455,3.4905,0.0194395559215,12.1872282609,0.0509941320634,HLA-A*11:01
zhao-vaccine-547c0c584e98eca8,MHCflurry,2.2.1,presentation,0.598798041725,higher,predicted,64.4532455911,0.32325,0.598798041725,0.617282608696,0.0348050214525,HLA-A*11:01
zhao-vaccine-4f8b483a89e3a1fd,MHCflurry,2.2.1,presentation,0.269805635763,higher,predicted,297.806860043,0.967125,0.269805635763,1.48214673913,0.0604097070755,HLA-A*11:01
zhao-vaccine-8a3e73d8c82ac463,MHCflurry,2.2.1,presentation,0.625116247859,higher,predicted,548.870743588,1.28375,0.625116247859,0.568586956522,0.654179178178,HLA-A*11:01
zhao-vaccine-5fc34613283706ed,MHCflurry,2.2.1,presentation,0.694959170184,higher,predicted,65.2427421278,0.177,0.694959170184,0.445625,0.157687459374,HLA-B*35:01
zhao-vaccine-b2a13355f88ffd42,MHCflurry,2.2.1,presentation,0.21552196671,higher,predicted,791.933621258,1.50825,0.21552196671,1.74320652174,0.245159348939,HLA-A*11:01
zhao-vaccine-c5df1e0bc55ec669,MHCflurry,2.2.1,presentation,0.966834394854,higher,predicted,44.1075185132,0.085,0.966834394854,0.0240489130435,0.770677082241,HLA-B*35:01
zhao-vaccine-70fbe6867e415f45,MHCflurry,2.2.1,presentation,0.0245447525278,higher,predicted,11686.0741527,4.82725,0.0245447525278,9.84945652174,0.308502802858,HLA-B*35:01
zhao-vaccine-8b81bd6a089c6050,MHCflurry,2.2.1,presentation,0.679907161841,higher,predicted,52.6502850752,0.239625,0.679907161841,0.471766304348,0.079012461938,HLA-A*11:01
zhao-vaccine-f8a5057eb6aa17bc,MHCflurry,2.2.1,presentation,0.680006703293,higher,predicted,81.1239819232,0.235,0.680006703293,0.471766304348,0.197826712392,HLA-B*35:01
zhao-vaccine-bd917fc342cc44fb,MHCflurry,2.2.1,presentation,0.0463969545215,higher,predicted,2829.75033156,2.51675,0.0463969545215,5.44942934783,0.105517077842,HLA-A*11:01
zhao-vaccine-0a64926287f05fd8,MHCflurry,2.2.1,presentation,0.605642781747,higher,predicted,105.600618647,0.31325,0.605642781747,0.603777173913,0.178427325096,HLA-B*35:01
zhao-vaccine-e1f6ba4ad13e507c,MHCflurry,2.2.1,presentation,0.290457383977,higher,predicted,215.834424481,0.82275,0.290457383977,1.39877717391,0.000981125238468,HLA-A*11:01
zhao-vaccine-b88a77172820f677,MHCflurry,2.2.1,presentation,0.63441650263,higher,predicted,77.9062161564,0.401375,0.63441650263,0.553369565217,0.129455814138,HLA-A*11:01
zhao-vaccine-e38b136ca466e13c,MHCflurry,2.2.1,presentation,0.833552104082,higher,predicted,204.356107386,0.53275,0.833552104082,0.225298913043,0.693747073412,HLA-A*24:02
zhao-vaccine-c43663a252b8980b,MHCflurry,2.2.1,presentation,0.489104976063,higher,predicted,258.787170973,0.623375,0.489104976063,0.844402173913,0.290928658098,HLA-B*35:01
zhao-vaccine-111c67c6c484cfa3,MHCflurry,2.2.1,presentation,0.264808246546,higher,predicted,283.336924238,1.839125,0.264808246546,1.50288043478,0.0395235179458,HLA-C*03:03
zhao-vaccine-b0a8f16b7f842d03,MHCflurry,2.2.1,presentation,0.0199252842105,higher,predicted,10867.5236294,4.56675,0.0199252842105,12.1872282609,0.228298881557,HLA-B*35:01
zhao-vaccine-c5890df81b18720d,MHCflurry,2.2.1,presentation,0.964153450819,higher,predicted,37.7606908397,0.0425,0.964153450819,0.0267391304348,0.705269150436,HLA-A*24:02
zhao-vaccine-46872701a0a2a47a,MHCflurry,2.2.1,presentation,0.936599466417,higher,predicted,53.5544484315,0.1225,0.936599466417,0.0670652173913,0.631840653718,HLA-A*24:02
zhao-vaccine-583e12cb7d411808,MHCflurry,2.2.1,presentation,0.648221882691,higher,predicted,55.3197034996,0.1315,0.648221882691,0.527907608696,0.0524243811378,HLA-A*24:02
zhao-vaccine-d30e8c087eda6c20,MHCflurry,2.2.1,presentation,0.704675109738,higher,predicted,45.7169978451,0.06775,0.704675109738,0.431086956522,0.0731220843736,HLA-B*56:01
zhao-vaccine-3c85f3d9d4e93734,MHCflurry,2.2.1,presentation,0.752416952441,higher,predicted,39.2590552939,0.048,0.752416952441,0.354239130435,0.0996780046262,HLA-A*24:02
zhao-vaccine-a57c584437f79f43,MHCflurry,2.2.1,presentation,0.184496451273,higher,predicted,534.324509924,0.895875,0.184496451273,1.9404076087,0.0822421108023,HLA-A*24:02
zhao-vaccine-eddc36ad99328b45,MHCflurry,2.2.1,presentation,0.532070477324,higher,predicted,78.9239451982,0.30975,0.532070477324,0.753288043478,0.0135342215071,HLA-B*56:01
zhao-vaccine-631a83cd1ff9f6d5,MHCflurry,2.2.1,presentation,0.0830008914057,higher,predicted,3125.76944013,1.963,0.0830008914057,3.35877717391,0.308279694058,HLA-A*24:02
zhao-vaccine-c5a32306c9253edb,MHCflurry,2.2.1,presentation,0.142848038126,higher,predicted,773.577739777,1.060875,0.142848038126,2.30184782609,0.0974378750543,HLA-A*24:02
zhao-vaccine-77dec992827058b9,MHCflurry,2.2.1,presentation,0.0205497933354,higher,predicted,8860.59327315,15.061875,0.0205497933354,11.630326087,0.181150334887,HLA-C*12:02
zhao-vaccine-2de8930c8b86e724,MHCflurry,2.2.1,presentation,0.476319320304,higher,predicted,123.358835004,0.687375,0.476319320304,0.874891304348,0.0730478393089,HLA-A*02:01
zhao-vaccine-33f38bb85cbf6299,MHCflurry,2.2.1,presentation,0.760597327849,higher,predicted,53.2666753129,0.375125,0.760597327849,0.341277173913,0.196000201628,HLA-A*02:01
zhao-vaccine-c19c9dc853050c21,MHCflurry,2.2.1,presentation,0.453465728762,higher,predicted,122.971275239,0.687375,0.453465728762,0.92527173913,0.046214391361,HLA-A*02:01
zhao-vaccine-b88998db5fd93482,MHCflurry,2.2.1,presentation,0.530395900796,higher,predicted,81.3196472492,0.526625,0.530395900796,0.757336956522,0.019843150003,HLA-A*02:01
zhao-vaccine-13aa67078c319951,MHCflurry,2.2.1,presentation,0.411901530884,higher,predicted,335.699702556,1.135125,0.411901530884,1.02657608696,0.274036607705,HLA-A*02:01
zhao-vaccine-d90878efe5822086,MHCflurry,2.2.1,presentation,0.870315350718,higher,predicted,43.9574890007,0.3145,0.870315350718,0.16875,0.354617225006,HLA-A*02:01
zhao-vaccine-06e9606c97b68cef,MHCflurry,2.2.1,presentation,0.488676525978,higher,predicted,169.717833924,0.974625,0.488676525978,0.844402173913,0.17462477088,HLA-A*33:03
zhao-vaccine-26bc11c522c8c8d0,MHCflurry,2.2.1,presentation,0.227710208179,higher,predicted,315.683224868,0.68625,0.227710208179,1.67619565217,0.0126293832436,HLA-A*24:02
zhao-vaccine-86fefe15c0e2cfde,MHCflurry,2.2.1,presentation,0.265365911427,higher,predicted,273.794664169,1.530125,0.265365911427,1.49845108696,0.0309273379826,HLA-C*03:02
zhao-vaccine-a8b12c894c15cf31,MHCflurry,2.2.1,presentation,0.971947034169,higher,predicted,32.5084521019,0.002,0.971947034169,0.0176630434783,0.735716216266,HLA-B*40:01
zhao-vaccine-2e21c6847cb378a3,MHCflurry,2.2.1,presentation,0.76056428575,higher,predicted,29.8337609768,0.004125,0.76056428575,0.341277173913,0.0368070391414,HLA-A*26:01
zhao-vaccine-e4c48b2c632925e2,MHCflurry,2.2.1,presentation,0.851815118083,higher,predicted,40.4297039898,0.097625,0.851815118083,0.197744565217,0.287886261009,HLA-B*40:02
zhao-vaccine-009799247df05f44,MHCflurry,2.2.1,presentation,0.977632182493,higher,predicted,33.1540777639,0.003625,0.977632182493,0.0108695652174,0.80677229166,HLA-B*40:01
zhao-vaccine-63b0db62185f6407,MHCflurry,2.2.1,presentation,0.963781376422,higher,predicted,47.516140924,0.0945,0.963781376422,0.0282065217392,0.765330731869,HLA-B*40:01
zhao-vaccine-5d0b2d2cf7d9ac10,MHCflurry,2.2.1,presentation,0.362618981145,higher,predicted,467.900316284,0.66825,0.362618981145,1.15888586957,0.306432691403,HLA-B*40:01
zhao-vaccine-32030c8bab304bee,MHCflurry,2.2.1,presentation,0.39225890661,higher,predicted,254.572484389,0.131125,0.39225890661,1.07809782609,0.174994556233,HLA-A*26:01
zhao-vaccine-768f9aaae34ebf80,MHCflurry,2.2.1,presentation,0.328235787791,higher,predicted,185.941725776,1.102625,0.328235787791,1.26923913043,0.0100765739335,HLA-B*40:02
zhao-vaccine-ae857bf742b38673,MHCflurry,2.2.1,presentation,0.287972624737,higher,predicted,299.219533734,0.1485,0.287972624737,1.41070652174,0.0872472752817,HLA-A*26:01
zhao-vaccine-b199c65d7b41c4d7,MHCflurry,2.2.1,presentation,0.499973798032,higher,predicted,92.7731535435,0.3005,0.499973798032,0.820842391304,0.0215831538662,HLA-B*40:01
zhao-vaccine-c2b522ddd373a51f,MHCflurry,2.2.1,presentation,0.82644891131,higher,predicted,82.9803666845,0.267,0.82644891131,0.236684782609,0.432086300105,HLA-B*40:01
zhao-vaccine-6ce285bdd2bed768,MHCflurry,2.2.1,presentation,0.730518934736,higher,predicted,50.1661562861,0.113625,0.730518934736,0.389836956522,0.134681801545,HLA-B*40:01
zhao-vaccine-2679a4950165023a,MHCflurry,2.2.1,presentation,0.517365269582,higher,predicted,205.754070566,0.486,0.517365269582,0.785951086956,0.2599295252,HLA-B*40:01
zhao-vaccine-ae1e7c2da06f200b,MHCflurry,2.2.1,presentation,0.464025448937,higher,predicted,196.066193955,0.47525,0.464025448937,0.901413043478,0.186307573691,HLA-B*40:01
zhao-vaccine-359086787e9de044,MHCflurry,2.2.1,presentation,0.949521798319,higher,predicted,41.2023127801,0.049375,0.949521798319,0.0480706521739,0.628149516881,HLA-B*40:01
zhao-vaccine-460fc9afc8100272,MHCflurry,2.2.1,presentation,0.36497869192,higher,predicted,248.345728245,0.5285,0.36497869192,1.15317934783,0.135412317351,HLA-B*40:01
zhao-vaccine-80d78ec35a6f6fa2,MHCflurry,2.2.1,presentation,0.204394934864,higher,predicted,514.615632264,0.687125,0.204394934864,1.80720108696,0.10785459046,HLA-B*40:01
zhao-vaccine-3ab10b4aef3633f5,MHCflurry,2.2.1,presentation,0.887427996296,higher,predicted,35.4451199237,0.0115,0.887427996296,0.141847826087,0.341026110575,HLA-B*40:01
zhao-vaccine-6c6d92733efd0218,MHCflurry,2.2.1,presentation,0.576210554133,higher,predicted,85.4072686374,0.277625,0.576210554133,0.663532608696,0.0857370945159,HLA-B*40:01
zhao-vaccine-b63797a2afa2195c,MHCflurry,2.2.1,presentation,0.123337711086,higher,predicted,891.855621602,0.824,0.123337711086,2.53013586957,0.0886310972273,HLA-B*40:01
zhao-vaccine-504a034d570b45b1,MHCflurry,2.2.1,presentation,0.060585780978,higher,predicted,1516.2673815,0.971625,0.060585780978,4.3295923913,0.0138738266105,HLA-B*40:01
zhao-vaccine-fd71c5862d712b79,MHCflurry,2.2.1,presentation,0.575388547196,higher,predicted,64.9758986607,0.4445,0.575388547196,0.665461956522,0.00972299502246,HLA-A*02:01
zhao-vaccine-fc61c288d6f86c66,MHCflurry,2.2.1,presentation,0.891617115208,higher,predicted,14.6297340401,0.03975,0.891617115208,0.13535326087,0.110128139262,HLA-A*02:01
zhao-vaccine-295f0d9324f50020,MHCflurry,2.2.1,presentation,0.899990119715,higher,predicted,22.7859815001,0.128,0.899990119715,0.121195652174,0.257139317691,HLA-A*02:01
zhao-vaccine-686b28e817cecc11,MHCflurry,2.2.1,presentation,0.726054628561,higher,predicted,39.5725434667,0.278125,0.726054628561,0.395625,0.0631834535743,HLA-A*02:01
zhao-vaccine-b1df13609440b3d9,MHCflurry,2.2.1,presentation,0.370184454724,higher,predicted,184.920265529,0.85675,0.370184454724,1.139375,0.0607809997164,HLA-A*02:01
zhao-vaccine-02506f33b4d01f46,MHCflurry,2.2.1,presentation,0.81913847755,higher,predicted,23.4239428923,0.134875,0.81913847755,0.248152173913,0.0706647521583,HLA-A*02:01
zhao-vaccine-b4f0e1014f65889d,MHCflurry,2.2.1,presentation,0.159105546625,higher,predicted,480.638213654,1.312875,0.159105546625,2.14633152174,0.00265826023679,HLA-A*02:01
zhao-vaccine-dfadd40888765663,MHCflurry,2.2.1,presentation,0.88761073235,higher,predicted,20.8817863349,0.1075,0.88761073235,0.141847826087,0.196282808669,HLA-A*02:01
zhao-vaccine-9dea16bef4516084,MHCflurry,2.2.1,presentation,0.948162071102,higher,predicted,52.9459266228,0.373,0.948162071102,0.0495108695652,0.689079809934,HLA-A*02:01
zhao-vaccine-22dbe62f90569d8f,MHCflurry,2.2.1,presentation,0.7339945635,higher,predicted,61.6698819994,0.147125,0.7339945635,0.383695652174,0.196372206789,HLA-B*27:07
zhao-vaccine-eeb6181ce975a175,MHCflurry,2.2.1,presentation,0.826082652658,higher,predicted,59.9046461456,0.13025,0.826082652658,0.236684782609,0.341906771064,HLA-B*27:07
zhao-vaccine-281f997ddf02cd3e,MHCflurry,2.2.1,presentation,0.0641590544881,higher,predicted,1935.83093831,2.265625,0.0641590544881,4.10201086957,0.0982130296761,HLA-A*02:01
zhao-vaccine-8376165a117d2e89,MHCflurry,2.2.1,presentation,0.0832333592374,higher,predicted,1948.29915067,2.467625,0.0832333592374,3.32657608696,0.179360923939,HLA-B*27:07
zhao-vaccine-a2cc24f8f15d5c0e,MHCflurry,2.2.1,presentation,0.00615401810271,higher,predicted,16739.5785292,14.903875,0.00615401810271,37.359048913,0.0108913477598,HLA-B*27:07
zhao-vaccine-2e7a450e7bee9223,MHCflurry,2.2.1,presentation,0.527350174953,higher,predicted,96.981828727,0.37775,0.527350174953,0.763804347826,0.0647444324568,HLA-B*27:07
zhao-vaccine-d74c0b8e3080c05b,MHCflurry,2.2.1,presentation,0.012432205085,higher,predicted,14009.8297761,11.577625,0.012432205085,18.6179891304,0.162554848241,HLA-B*27:07
zhao-vaccine-eb270bce78e71c74,MHCflurry,2.2.1,presentation,0.0226953761626,higher,predicted,5270.95002104,2.65525,0.0226953761626,10.6558423913,0.0672425286029,HLA-B*15:07
zhao-vaccine-225aa2d95d125a96,MHCflurry,2.2.1,presentation,0.589395869152,higher,predicted,69.8219617402,0.3835,0.589395869152,0.636956521739,0.0457502340432,HLA-C*03:03
zhao-vaccine-8baa0907a3a2f844,MHCflurry,2.2.1,presentation,0.70876193555,higher,predicted,107.896238584,0.327875,0.70876193555,0.423233695652,0.314441338181,HLA-A*24:02
zhao-vaccine-577133aec8888fe9,MHCflurry,2.2.1,presentation,0.986548350428,higher,predicted,29.966743646,0.009875,0.986548350428,0.0025,0.925314687192,HLA-A*24:02
zhao-vaccine-c6d3aaf3d53a483b,MHCflurry,2.2.1,presentation,0.328714541909,higher,predicted,585.443725825,3.135,0.328714541909,1.26605978261,0.325568469241,HLA-C*03:03
zhao-vaccine-b3af603d01f38c0f,MHCflurry,2.2.1,presentation,0.0140687027746,higher,predicted,6846.51125749,11.918125,0.0140687027746,16.1575543478,0.00139978100924,HLA-C*03:03
zhao-vaccine-8dc781b40d72b54a,MHCflurry,2.2.1,presentation,0.966968898671,higher,predicted,38.5845499706,0.028625,0.966968898671,0.0225815217392,0.735137645155,HLA-B*40:01
zhao-vaccine-99e7adc837f46994,MHCflurry,2.2.1,presentation,0.940701906154,higher,predicted,85.382100823,0.277625,0.940701906154,0.0617934782609,0.780037999153,HLA-B*40:01
zhao-vaccine-98ab333879313a70,MHCflurry,2.2.1,presentation,0.850539407983,higher,predicted,53.6922549019,0.135375,0.850539407983,0.199375,0.362927601673,HLA-B*40:01
zhao-vaccine-5b288c299a93e20d,MHCflurry,2.2.1,presentation,0.647310665863,higher,predicted,77.3360964834,0.25025,0.647310665863,0.529592391304,0.143274765578,HLA-B*40:01
zhao-vaccine-b8a96fa8b84c511e,MHCflurry,2.2.1,presentation,0.0305187225736,higher,predicted,10485.8470424,2.064875,0.0305187225736,8.01565217391,0.34205681365,HLA-B*40:01
zhao-vaccine-33e21b6612697d4b,MHCflurry,2.2.1,presentation,0.0650662616171,higher,predicted,1494.09510885,0.96575,0.0650662616171,4.0479076087,0.0313457357697,HLA-B*40:01
zhao-vaccine-07cb9dad5d70b7c1,MHCflurry,2.2.1,presentation,0.35760914267,higher,predicted,164.508014805,0.436875,0.35760914267,1.17380434783,0.0133136859804,HLA-B*40:01
zhao-vaccine-b9b3487643166b15,MHCflurry,2.2.1,presentation,0.916820215401,higher,predicted,65.817920501,0.203625,0.916820215401,0.0961956521739,0.605671491474,HLA-B*40:01
zhao-vaccine-a33ff8b144afbab0,MHCflurry,2.2.1,presentation,0.0515302354564,higher,predicted,2044.69990509,1.066625,0.0515302354564,4.96864130435,0.0474930392229,HLA-B*40:01
zhao-vaccine-f07475c3a311b607,MHCflurry,2.2.1,presentation,0.978693410491,higher,predicted,13.6872497926,0.0035,0.978693410491,0.00964673913045,0.577932320535,HLA-A*02:07
zhao-vaccine-9ba1226317d01e09,MHCflurry,2.2.1,presentation,0.962663397372,higher,predicted,38.2143017517,0.006125,0.962663397372,0.0298641304348,0.696599493502,HLA-B*54:01
zhao-vaccine-16b9dd30277c58dc,MHCflurry,2.2.1,presentation,0.798733068158,higher,predicted,51.5888561739,0.02825,0.798733068158,0.280951086956,0.250082241371,HLA-B*54:01
zhao-vaccine-906423e7a9f1ae78,MHCflurry,2.2.1,presentation,0.928176262426,higher,predicted,57.7608470865,0.039875,0.928176262426,0.079402173913,0.614789107814,HLA-B*54:01
zhao-vaccine-78750f579ebfdcb6,MHCflurry,2.2.1,presentation,0.832350627549,higher,predicted,55.9588386225,0.0355,0.832350627549,0.226847826087,0.335711022839,HLA-B*54:01
zhao-vaccine-5a21509d0043ae1a,MHCflurry,2.2.1,presentation,0.922200943513,higher,predicted,47.1215272131,0.018375,0.922200943513,0.087472826087,0.534486208111,HLA-B*54:01
zhao-vaccine-dd14f496e3a86934,MHCflurry,2.2.1,presentation,0.722236610834,higher,predicted,36.1843674208,0.02175,0.722236610834,0.401766304348,0.0332078406645,HLA-B*07:02
zhao-vaccine-86b75250c03ea53b,MHCflurry,2.2.1,presentation,0.823754575691,higher,predicted,287.986487768,0.14275,0.823754575691,0.240951086956,0.768420282751,HLA-A*26:01
zhao-vaccine-31960489b4013665,MHCflurry,2.2.1,presentation,0.448566335654,higher,predicted,112.483451499,0.15375,0.448566335654,0.935679347826,0.0161480443785,HLA-B*54:01
zhao-vaccine-5617a0e59f3d4078,MHCflurry,2.2.1,presentation,0.804676301519,higher,predicted,48.5430813768,0.022125,0.804676301519,0.271195652174,0.243942391593,HLA-B*54:01
zhao-vaccine-9f593e06abbb0eea,MHCflurry,2.2.1,presentation,0.964336720177,higher,predicted,33.0747368056,0.006375,0.964336720177,0.0267391304348,0.670395515859,HLA-A*26:01
zhao-vaccine-ad6ce35b38ffd4d0,MHCflurry,2.2.1,presentation,0.0673342388759,higher,predicted,2020.49620277,2.672875,0.0673342388759,3.94625,0.124577940442,HLA-A*33:03
zhao-vaccine-ac986c31390bf292,MHCflurry,2.2.1,presentation,0.876306340181,higher,predicted,40.732452537,0.150875,0.876306340181,0.159619565217,0.349004872143,HLA-A*33:03
zhao-vaccine-41630836cbcd5a59,MHCflurry,2.2.1,presentation,0.935353897877,higher,predicted,32.6863997551,0.075625,0.935353897877,0.0685597826087,0.490415064618,HLA-A*11:01
zhao-vaccine-5ecbc5a9281e34ec,MHCflurry,2.2.1,presentation,0.753142894901,higher,predicted,128.584880749,0.393375,0.753142894901,0.352907608696,0.426495093852,HLA-B*44:03
zhao-vaccine-32f518f69932d13b,MHCflurry,2.2.1,presentation,0.980895188122,higher,predicted,43.8051079562,0.032,0.980895188122,0.00725543478262,0.928763091564,HLA-B*44:03
zhao-vaccine-e19a796ace7fa068,MHCflurry,2.2.1,presentation,0.292627698975,higher,predicted,361.670839996,1.421375,0.292627698975,1.39152173913,0.145674125291,HLA-A*33:03
zhao-vaccine-ca3f0cd38f68c5b0,MHCflurry,2.2.1,presentation,0.901273250296,higher,predicted,28.1537411064,0.0425,0.901273250296,0.119619565217,0.31926613301,HLA-A*11:01
zhao-vaccine-816928834ca6880b,MHCflurry,2.2.1,presentation,0.772961448552,higher,predicted,34.3040762337,0.07475,0.772961448552,0.319945652174,0.094735225779,HLA-A*33:03
zhao-vaccine-e23a1689111af98c,MHCflurry,2.2.1,presentation,0.0298421689932,higher,predicted,3332.87249027,3.25175,0.0298421689932,8.26921195652,0.0208495942643,HLA-A*33:03
zhao-vaccine-a10343782c35dec6,MHCflurry,2.2.1,presentation,0.806637407298,higher,predicted,48.0103544502,0.20925,0.806637407298,0.26839673913,0.244452927727,HLA-A*11:01
zhao-vaccine-0f526c174cccf9f2,MHCflurry,2.2.1,presentation,0.8402673629,higher,predicted,28.9993451995,0.039125,0.8402673629,0.215054347826,0.171592461629,HLA-A*31:01
zhao-vaccine-8529a0644b96257c,MHCflurry,2.2.1,presentation,0.979544181044,higher,predicted,40.5846785787,0.12725,0.979544181044,0.00842391304349,0.888098165393,HLA-A*31:01
zhao-vaccine-266b958b64b41efd,MHCflurry,2.2.1,presentation,0.683421470083,higher,predicted,41.2251362557,0.133625,0.683421470083,0.46589673913,0.0164312089764,HLA-A*31:01
zhao-vaccine-80ceb6a6a1bb0a4d,MHCflurry,2.2.1,presentation,0.389857340832,higher,predicted,210.013612619,0.28875,0.389857340832,1.08366847826,0.119319290388,HLA-B*54:01
zhao-vaccine-0e97573007c0a37d,MHCflurry,2.2.1,presentation,0.0217919993029,higher,predicted,5682.43306043,3.134875,0.0217919993029,11.1157880435,0.0761379902833,HLA-A*31:01
zhao-vaccine-edacf82dc2fb757b,MHCflurry,2.2.1,presentation,0.676765711733,higher,predicted,67.8427388053,0.062,0.676765711733,0.476902173913,0.144544464303,HLA-B*54:01
zhao-vaccine-dc8af8563931870d,MHCflurry,2.2.1,presentation,0.953660316716,higher,predicted,41.719789011,0.019,0.953660316716,0.0427173913044,0.656982719898,HLA-B*44:03
zhao-vaccine-e6274305d4e8b4d7,MHCflurry,2.2.1,presentation,0.536873511702,higher,predicted,87.8088675125,0.41425,0.536873511702,0.74375,0.0482774090924,HLA-A*31:01
zhao-vaccine-673abe4fab2a3ecd,MHCflurry,2.2.1,presentation,0.889332098694,higher,predicted,44.363034974,0.039375,0.889332098694,0.138342391304,0.408065663651,HLA-B*44:03
zhao-vaccine-e015e8872e5b1927,MHCflurry,2.2.1,presentation,0.663994853218,higher,predicted,133.408433195,0.185375,0.663994853218,0.500163043478,0.313857539557,HLA-B*54:01
zhao-vaccine-bfd3875d2df7819d,MHCflurry,2.2.1,presentation,0.905254788197,higher,predicted,29.5813374773,0.04325,0.905254788197,0.113179347826,0.345726169646,HLA-A*31:01
zhao-vaccine-80c11e1b76ad3aa2,MHCflurry,2.2.1,presentation,0.847238579475,higher,predicted,35.4939526647,0.030375,0.847238579475,0.203858695652,0.2420212375,HLA-A*24:02
zhao-vaccine-2695e0a739a0a4b5,MHCflurry,2.2.1,presentation,0.0687586538866,higher,predicted,2159.63325272,2.061875,0.0687586538866,3.89864130435,0.149209519848,HLA-A*31:01
zhao-vaccine-a24ecb95b1f37836,MHCflurry,2.2.1,presentation,0.892116767226,higher,predicted,40.8502907963,0.288,0.892116767226,0.133586956522,0.393504630774,HLA-A*02:01
zhao-vaccine-28ae2adfd5cd6feb,MHCflurry,2.2.1,presentation,0.797311177998,higher,predicted,34.6356016757,0.23575,0.797311177998,0.282472826087,0.138206270989,HLA-A*02:01
zhao-vaccine-577097b0397b9b93,MHCflurry,2.2.1,presentation,0.416265324496,higher,predicted,126.042986839,0.696625,0.416265324496,1.01682065217,0.0101837877228,HLA-A*02:01
zhao-vaccine-77de561d5e363f4b,MHCflurry,2.2.1,presentation,0.926024678599,higher,predicted,27.0663902905,0.167125,0.926024678599,0.0822282608696,0.397685427219,HLA-A*02:01
zhao-vaccine-16440a5ca88d493a,MHCflurry,2.2.1,presentation,0.958358409306,higher,predicted,29.3620805791,0.1885,0.958358409306,0.035597826087,0.592147558928,HLA-A*02:01
zhao-vaccine-8d4f9610da079c3f,MHCflurry,2.2.1,presentation,0.260469116352,higher,predicted,284.562372723,1.0515,0.260469116352,1.52029891304,0.0343755272042,HLA-A*02:01
zhao-vaccine-a9a2a35ffa140114,MHCflurry,2.2.1,presentation,0.80009058493,higher,predicted,39.9758104712,0.09,0.80009058493,0.277826086956,0.182459084317,HLA-B*40:02
zhao-vaccine-a9007f601e3b6877,MHCflurry,2.2.1,presentation,0.647573478529,higher,predicted,119.752657182,0.86725,0.647573478529,0.529592391304,0.26364703849,HLA-B*40:02
zhao-vaccine-afe51aa60867ba3e,MHCflurry,2.2.1,presentation,0.602238216978,higher,predicted,65.9441459046,0.4475,0.602238216978,0.611657608696,0.0451362626627,HLA-A*02:01
zhao-vaccine-1cb817ed61fe9c0b,MHCflurry,2.2.1,presentation,0.40702827624,higher,predicted,388.02317681,1.206375,0.40702827624,1.039375,0.30810677167,HLA-A*02:01
zhao-vaccine-cd3a8980b6b79aec,MHCflurry,2.2.1,presentation,0.604190591594,higher,predicted,64.3067491595,0.17375,0.604190591594,0.60785326087,0.0405388809741,HLA-B*35:01
zhao-vaccine-1c9fc499f93446fe,MHCflurry,2.2.1,presentation,0.070531812463,higher,predicted,1494.87174361,1.79075,0.070531812463,3.80744565217,0.0559422205988,HLA-A*31:01
zhao-vaccine-a0413338ef5f7e2a,MHCflurry,2.2.1,presentation,0.10729823863,higher,predicted,2156.91395207,2.061875,0.10729823863,2.77845108696,0.286584852263,HLA-A*31:01
zhao-vaccine-7c39c1d5aafa633b,MHCflurry,2.2.1,presentation,0.0176274021246,higher,predicted,7690.26004845,3.70425,0.0176274021246,13.5008967391,0.0980622026836,HLA-A*31:01
zhao-vaccine-fa563625966ac878,MHCflurry,2.2.1,presentation,0.00860561704721,higher,predicted,14926.8976481,6.1485,0.00860561704721,27.6173913043,0.0748946280219,HLA-A*31:01
zhao-vaccine-84503a1a8d9f8586,MHCflurry,2.2.1,presentation,0.588088974495,higher,predicted,63.678575451,0.288625,0.588088974495,0.639239130435,0.0189395528869,HLA-A*31:01
zhao-vaccine-d9ba4c2ab9400cce,MHCflurry,2.2.1,presentation,0.625665398847,higher,predicted,57.3290004392,0.140375,0.625665398847,0.567065217391,0.0346434228995,HLA-B*35:01
zhao-vaccine-c4481ad855ed4643,MHCflurry,2.2.1,presentation,0.0650604412963,higher,predicted,1791.49673458,1.919625,0.0650604412963,4.10201086957,0.0811558812711,HLA-A*31:01
zhao-vaccine-660767dc26787cf8,MHCflurry,2.2.1,presentation,0.85149666112,higher,predicted,32.1257507772,0.015875,0.85149666112,0.197744565217,0.224055516883,HLA-B*15:01
zhao-vaccine-cd23d6c8eb8a67c3,MHCflurry,2.2.1,presentation,0.826787280477,higher,predicted,50.9425577412,0.226625,0.826787280477,0.236684782609,0.298804708757,HLA-A*11:01
zhao-vaccine-db3fd43faa1ccff4,MHCflurry,2.2.1,presentation,0.00864649122381,higher,predicted,15045.9632037,6.733125,0.00864649122381,27.6173913043,0.0784267290728,HLA-B*15:01
zhao-vaccine-38f4469eb5d715ba,MHCflurry,2.2.1,presentation,0.0474997232798,higher,predicted,1895.19554309,2.04875,0.0474997232798,5.34668478261,0.00242989902108,HLA-B*15:01
zhao-vaccine-5cb528e79fa2ecd1,MHCflurry,2.2.1,presentation,0.983188092002,higher,predicted,29.8570774949,0.02425,0.983188092002,0.00451086956522,0.860320210457,HLA-B*35:01
zhao-vaccine-b86637f59a5fa88b,MHCflurry,2.2.1,presentation,0.976276120966,higher,predicted,36.5231762514,0.04975,0.976276120966,0.0120923913044,0.816314592957,HLA-B*35:01
zhao-vaccine-02ce8dcf0587e6d1,MHCflurry,2.2.1,presentation,0.941884282983,higher,predicted,12.0279318375,0.01425,0.941884282983,0.0601358695652,0.248015963472,HLA-A*02:01
zhao-vaccine-47a27c89ab9210b9,MHCflurry,2.2.1,presentation,0.760650329587,higher,predicted,30.6781554033,0.02825,0.760650329587,0.341277173913,0.0446030214371,HLA-B*35:01
zhao-vaccine-7621b27ceafb9888,MHCflurry,2.2.1,presentation,0.919616151371,higher,predicted,13.9564975269,0.033125,0.919616151371,0.091875,0.190400835127,HLA-A*02:01
zhao-vaccine-418e9702537709ff,MHCflurry,2.2.1,presentation,0.329831477595,higher,predicted,189.854462155,0.87175,0.329831477595,1.2627173913,0.0178365349129,HLA-A*02:01
zhao-vaccine-60406f0a7c5d89a8,MHCflurry,2.2.1,presentation,0.0172838110348,higher,predicted,7617.88685467,3.495875,0.0172838110348,13.5008967391,0.0898039541207,HLA-B*35:01
zhao-vaccine-88a20a1633b4ef83,MHCflurry,2.2.1,presentation,0.15778349033,higher,predicted,653.37979409,1.480375,0.15778349033,2.15494565217,0.0841513068881,HLA-A*02:01
zhao-vaccine-0e95844072a41d4c,MHCflurry,2.2.1,presentation,0.188977198644,higher,predicted,393.273144996,2.3785,0.188977198644,1.91288043478,0.00643566671351,HLA-C*03:03
zhao-vaccine-a0aeea5eec1aa085,MHCflurry,2.2.1,presentation,0.921268665536,higher,predicted,24.6437176405,0.1445,0.921268665536,0.0888043478261,0.352875484154,HLA-A*02:01
zhao-vaccine-116741093975ed18,MHCflurry,2.2.1,presentation,0.96284677627,higher,predicted,34.4356434358,0.07475,0.96284677627,0.0298641304348,0.669460590929,HLA-A*33:03
zhao-vaccine-7bbeead0b1a4ff1f,MHCflurry,2.2.1,presentation,0.800683168676,higher,predicted,21.4936144184,0.115,0.800683168676,0.277826086956,0.0131510439096,HLA-A*02:01
zhao-vaccine-e28c03ef65e466e9,MHCflurry,2.2.1,presentation,0.951571693576,higher,predicted,45.3698563912,0.1945,0.951571693576,0.0451630434783,0.666929040104,HLA-B*40:02
zhao-vaccine-435b60d1c4cb8866,MHCflurry,2.2.1,presentation,0.944257825433,higher,predicted,32.0235141616,0.052125,0.944257825433,0.0557608695652,0.529351845384,HLA-A*33:03
zhao-vaccine-6c3b5d7bc0188a24,MHCflurry,2.2.1,presentation,0.529998258112,higher,predicted,265.05751808,1.235375,0.529998258112,0.757336956522,0.343775607646,HLA-A*33:03
zhao-vaccine-7d54947d7e8af18f,MHCflurry,2.2.1,presentation,0.341626631823,higher,predicted,172.251361956,0.828375,0.341626631823,1.2239673913,0.00607269736065,HLA-A*02:01
zhao-vaccine-f42717a6ac30ffd0,MHCflurry,2.2.1,presentation,0.190946965101,higher,predicted,1082.39906951,2.14525,0.190946965101,1.89847826087,0.288005074486,HLA-A*33:03
zhao-vaccine-e554a5dcb4e74ab3,MHCflurry,2.2.1,presentation,0.434331611909,higher,predicted,132.139772839,0.825875,0.434331611909,0.971114130435,0.044045761344,HLA-A*33:03
zhao-vaccine-4d3d8fd29860b025,MHCflurry,2.2.1,presentation,0.974136685159,higher,predicted,37.6078596447,0.1105,0.974136685159,0.0141576086957,0.799325495958,HLA-A*33:03
zhao-vaccine-36996b8e0417e284,MHCflurry,2.2.1,presentation,0.454717955278,higher,predicted,361.73263182,1.44825,0.454717955278,0.922608695652,0.3438568376,HLA-B*40:02
zhao-vaccine-c0226371c3867d6f,MHCflurry,2.2.1,presentation,0.986997490968,higher,predicted,29.744062318,0.031,0.986997490968,0.0020652173913,0.932993754745,HLA-A*33:03
zhao-vaccine-f041200535f682bf,MHCflurry,2.2.1,presentation,0.756171842171,higher,predicted,39.6365065711,0.135625,0.756171842171,0.347961956522,0.108031214506,HLA-A*33:03
zhao-vaccine-0ab166c4e29cdecc,MHCflurry,2.2.1,presentation,0.909695510321,higher,predicted,27.1781671926,0.00925,0.909695510321,0.107173913043,0.337415327318,HLA-A*33:03
zhao-vaccine-f677e1a10a0595d8,MHCflurry,2.2.1,presentation,0.0622116046051,higher,predicted,1612.60311119,2.46725,0.0622116046051,4.21347826087,0.0387590054015,HLA-A*33:03
zhao-vaccine-3f4a765dece741e6,MHCflurry,2.2.1,presentation,0.238225736551,higher,predicted,762.02496099,1.88225,0.238225736551,1.62741847826,0.27119817771,HLA-A*33:03
zhao-vaccine-6868b9864460da9e,MHCflurry,2.2.1,presentation,0.964083979964,higher,predicted,42.8539901051,0.0265,0.964083979964,0.0267391304348,0.739438973367,HLA-B*44:03
zhao-vaccine-5dd36f5ee55e8883,MHCflurry,2.2.1,presentation,0.802245244834,higher,predicted,33.6311149665,0.068375,0.802245244834,0.274510869565,0.138835481834,HLA-A*33:03
zhao-vaccine-20f4081fe59847fc,MHCflurry,2.2.1,presentation,0.742548844213,higher,predicted,50.0098234677,0.254,0.742548844213,0.369809782609,0.151348760817,HLA-A*33:03
zhao-vaccine-088457b3cc574222,MHCflurry,2.2.1,presentation,0.686326550442,higher,predicted,45.9071941135,0.2075,0.686326550442,0.461385869565,0.049768786339,HLA-A*33:03
zhao-vaccine-14bbceb36aa6c0da,MHCflurry,2.2.1,presentation,0.856106375222,higher,predicted,38.8772647318,0.125375,0.856106375222,0.189836956522,0.28686257056,HLA-A*33:03
zhao-vaccine-ce1246e2931151a3,MHCflurry,2.2.1,presentation,0.881421973921,higher,predicted,21.4760245392,0.003625,0.881421973921,0.151440217391,0.186858760309,HLA-A*31:01
zhao-vaccine-45d7a6ceaa64879e,MHCflurry,2.2.1,presentation,0.988199729642,higher,predicted,28.1909594851,0.005125,0.988199729642,0.00168478260868,0.946036048234,HLA-A*24:02
zhao-vaccine-448f0ce01bcf5e67,MHCflurry,2.2.1,presentation,0.0180113836051,higher,predicted,5694.26349615,2.658625,0.0180113836051,13.5008967391,0.0217657233879,HLA-A*24:02
zhao-vaccine-5acc772f0c218538,MHCflurry,2.2.1,presentation,0.211542466915,higher,predicted,515.931358128,0.881375,0.211542466915,1.76711956522,0.120820865966,HLA-A*24:02
zhao-vaccine-8f6368c4e6f355e2,MHCflurry,2.2.1,presentation,0.785031175882,higher,predicted,49.8020644824,0.195375,0.785031175882,0.300923913043,0.216899788938,HLA-A*31:01
zhao-vaccine-abb34459ed500446,MHCflurry,2.2.1,presentation,0.0119098479917,higher,predicted,8365.75702801,3.882375,0.0119098479917,20.2322554348,0.00871784803167,HLA-A*31:01
zhao-vaccine-c19f43c028dd06ae,MHCflurry,2.2.1,presentation,0.89081702674,higher,predicted,35.0731824431,0.08825,0.89081702674,0.136929347826,0.347846944816,HLA-A*31:01
zhao-vaccine-6ee3262e65533d4a,MHCflurry,2.2.1,presentation,0.0379176404,higher,predicted,4218.91496858,2.715625,0.0379176404,6.63130434783,0.15562217962,HLA-A*31:01
zhao-vaccine-2d202b0a52a43a2e,MHCflurry,2.2.1,presentation,0.205084178974,higher,predicted,1352.51893589,1.725625,0.205084178974,1.80720108696,0.374338735826,HLA-A*31:01
zhao-vaccine-a5d880e21f044781,MHCflurry,2.2.1,presentation,0.819543729706,higher,predicted,52.1027942841,0.11675,0.819543729706,0.248152173913,0.290921177715,HLA-A*24:02
zhao-vaccine-73659d102e59d85b,MHCflurry,2.2.1,presentation,0.842473320236,higher,predicted,24.3829213146,0.014125,0.842473320236,0.212201086957,0.128661636962,HLA-A*11:01
zhao-vaccine-0334a8ae14faaa2d,MHCflurry,2.2.1,presentation,0.806092214463,higher,predicted,53.4150355369,0.3315,0.806092214463,0.26839673913,0.27275262028,HLA-B*40:02
zhao-vaccine-3eb94e1e08b00c01,MHCflurry,2.2.1,presentation,0.858433140743,higher,predicted,40.9397419838,0.10575,0.858433140743,0.187173913043,0.30642861966,HLA-B*40:02
zhao-vaccine-e02fcb6eef821af5,MHCflurry,2.2.1,presentation,0.851193742542,higher,predicted,42.9504546549,0.16775,0.851193742542,0.197744565217,0.303102105856,HLA-A*11:01
zhao-vaccine-aebfeda419195cb0,MHCflurry,2.2.1,presentation,0.41427437157,higher,predicted,143.698165851,0.64825,0.41427437157,1.02144021739,0.0438562055351,HLA-A*11:01
zhao-vaccine-f145b9ffc8a1f59c,MHCflurry,2.2.1,presentation,0.377314083263,higher,predicted,183.600419411,0.85675,0.377314083263,1.12002717391,0.0674239207874,HLA-A*02:01
zhao-vaccine-97cf03fe0349d513,MHCflurry,2.2.1,presentation,0.426806683956,higher,predicted,304.807163549,0.981,0.426806683956,0.988885869565,0.264835707843,HLA-A*11:01
zhao-vaccine-6f73d07aa4c67a19,MHCflurry,2.2.1,presentation,0.109990370616,higher,predicted,1249.89903109,5.71675,0.109990370616,2.74149456522,0.144649761729,HLA-C*12:02
zhao-vaccine-04a9b502010fdbe3,MHCflurry,2.2.1,presentation,0.00405820665983,higher,predicted,25150.8899301,8.848625,0.00405820665983,62.744673913,0.00438626584946,HLA-A*26:02
zhao-vaccine-6536a7f840c24ccb,MHCflurry,2.2.1,presentation,0.0279751167854,higher,predicted,10757.6059655,2.25425,0.0279751167854,8.83929347826,0.323744440451,HLA-A*26:02
zhao-vaccine-d83b42c7657e0820,MHCflurry,2.2.1,presentation,0.291147046884,higher,predicted,298.349005445,0.2255,0.291147046884,1.39877717391,0.0908088129945,HLA-A*26:02
zhao-vaccine-012a547be5fb8dbd,MHCflurry,2.2.1,presentation,0.112077586587,higher,predicted,842.222532592,4.66525,0.112077586587,2.70828804348,0.0422458399553,HLA-C*12:02
zhao-vaccine-6cc08ec7d6bde57a,MHCflurry,2.2.1,presentation,0.987847483138,higher,predicted,19.7622491694,0.097,0.987847483138,0.0020652173913,0.840098127723,HLA-A*02:06
zhao-vaccine-e16f51b54e3bfb1c,MHCflurry,2.2.1,presentation,0.0218161425342,higher,predicted,5843.61081203,4.05025,0.0218161425342,11.1157880435,0.0841366034001,HLA-A*02:06
zhao-vaccine-55545bc00f110e01,MHCflurry,2.2.1,presentation,0.761060748735,higher,predicted,314.809165884,1.2315,0.761060748735,0.339782608696,0.684480637312,HLA-A*02:06
zhao-vaccine-efece602cd2b93f3,MHCflurry,2.2.1,presentation,0.494357041804,higher,predicted,87.8278005386,0.62775,0.494357041804,0.833967391304,0.000193898214093,HLA-A*02:06
zhao-vaccine-594a0daa800552b6,MHCflurry,2.2.1,presentation,0.408022089377,higher,predicted,126.754809385,0.788875,0.408022089377,1.03660326087,0.00211340413807,HLA-A*02:06
zhao-vaccine-bae201e4ced1f34b,MHCflurry,2.2.1,presentation,0.672333645001,higher,predicted,61.9101428966,0.160875,0.672333645001,0.486548913043,0.113715795567,HLA-A*24:02
zhao-vaccine-2ef0909a4500d016,MHCflurry,2.2.1,presentation,0.742774046504,higher,predicted,32.5131339223,0.024,0.742774046504,0.368532608696,0.0334722419502,HLA-B*58:01
zhao-vaccine-15cbf14c5545cc93,MHCflurry,2.2.1,presentation,0.894101662381,higher,predicted,23.1180816459,0.129875,0.894101662381,0.130217391304,0.243086747825,HLA-A*02:01
zhao-vaccine-5b773f4e7f9ade0f,MHCflurry,2.2.1,presentation,0.967793177032,higher,predicted,37.2776227787,0.039125,0.967793177032,0.0225815217392,0.733060769737,HLA-B*58:01
zhao-vaccine-42ab827593cacaf0,MHCflurry,2.2.1,presentation,0.224607604999,higher,predicted,365.45891322,0.733125,0.224607604999,1.69293478261,0.0478152177529,HLA-B*35:30
zhao-vaccine-52ae3f2c28117bac,MHCflurry,2.2.1,presentation,0.740877381104,higher,predicted,29.8892623983,0.192375,0.740877381104,0.371739130435,0.00757223014079,HLA-A*02:01
zhao-vaccine-517cba3caff78694,MHCflurry,2.2.1,presentation,0.611912118578,higher,predicted,56.4312331921,0.212375,0.611912118578,0.592364130435,0.013830030337,HLA-C*03:04
zhao-vaccine-4c51fc68e2191e97,MHCflurry,2.2.1,presentation,0.0266139523691,higher,predicted,6340.30004043,3.624625,0.0266139523691,9.15535326087,0.164106142707,HLA-B*35:30
zhao-vaccine-14056954cee090d8,MHCflurry,2.2.1,presentation,0.687035844635,higher,predicted,40.646681009,0.288,0.687035844635,0.459891304348,0.0172879314632,HLA-A*02:01
zhao-vaccine-22b7c72cda5f4f92,MHCflurry,2.2.1,presentation,0.59921512992,higher,predicted,62.7341051427,0.432375,0.59921512992,0.617282608696,0.0278736902401,HLA-A*02:01
zhao-vaccine-2c80beabad2f409a,MHCflurry,2.2.1,presentation,0.98698744539,higher,predicted,17.4918227953,0.07125,0.98698744539,0.0020652173913,0.787021130323,HLA-A*02:01
zhao-vaccine-797aadb964204ef5,MHCflurry,2.2.1,presentation,0.835675984018,higher,predicted,73.9688623003,0.254125,0.835675984018,0.222663043478,0.419104328379,HLA-B*15:01
zhao-vaccine-b05e679605d00fa0,MHCflurry,2.2.1,presentation,0.361748945916,higher,predicted,487.710436096,1.114125,0.361748945916,1.16173913043,0.316752389073,HLA-B*15:01
zhao-vaccine-281ff6eb4951893c,MHCflurry,2.2.1,presentation,0.963208824825,higher,predicted,36.9732073667,0.038,0.963208824825,0.0282065217392,0.691854629666,HLA-A*24:02
zhao-vaccine-641eeb38a4276a28,MHCflurry,2.2.1,presentation,0.982785681335,higher,predicted,43.0775486897,0.06675,0.982785681335,0.0052445652174,0.954159416258,HLA-A*24:02
zhao-vaccine-51e0501ebb728dd2,MHCflurry,2.2.1,presentation,0.0527984647694,higher,predicted,2773.73782425,2.004125,0.0527984647694,4.88741847826,0.138462153729,HLA-B*35:01
zhao-vaccine-3b787be7b79029f5,MHCflurry,2.2.1,presentation,0.12746644606,higher,predicted,657.965766379,3.384,0.12746644606,2.4772826087,0.0157703587611,HLA-C*03:03
zhao-vaccine-0fbc219a71b459d7,MHCflurry,2.2.1,presentation,0.325793261257,higher,predicted,435.727482971,0.83525,0.325793261257,1.27600543478,0.24073234573,HLA-B*35:01
zhao-vaccine-819717c4a7657372,MHCflurry,2.2.1,presentation,0.0627019475524,higher,predicted,13012.7031902,0.741625,0.0627019475524,4.21347826087,0.614383418113,HLA-A*26:03
zhao-vaccine-8479b9a0390ae4db,MHCflurry,2.2.1,presentation,0.934129271885,higher,predicted,83.4041423744,0.085875,0.934129271885,0.0697282608696,0.741911768913,HLA-B*39:01
zhao-vaccine-e7fe3251a7a672d6,MHCflurry,2.2.1,presentation,0.506248323531,higher,predicted,92.0902283441,0.611125,0.506248323531,0.80875,0.0266487101617,HLA-A*33:03
zhao-vaccine-2639280ce061272b,MHCflurry,2.2.1,presentation,0.937881307919,higher,predicted,67.2227041709,0.050875,0.937881307919,0.0657880434783,0.700406104326,HLA-B*39:01
zhao-vaccine-fa3761c9e3dfbaf8,MHCflurry,2.2.1,presentation,0.506539593979,higher,predicted,89.871484608,0.44475,0.506539593979,0.80652173913,0.0202825708984,HLA-C*14:03
zhao-vaccine-5c309b0ee9644e7f,MHCflurry,2.2.1,presentation,0.425824601881,higher,predicted,237.679288474,1.014875,0.425824601881,0.991331521739,0.195407343097,HLA-C*14:03
zhao-vaccine-524c708d6b0a6d49,MHCflurry,2.2.1,presentation,0.00768025944163,higher,predicted,14105.8270023,10.402125,0.00768025944163,31.6431793478,0.0269453247602,HLA-C*14:03
zhao-vaccine-3d88f66111beb214,MHCflurry,2.2.1,presentation,0.665869922843,higher,predicted,49.0052036608,0.243125,0.665869922843,0.496684782609,0.0412888235296,HLA-A*33:03
zhao-vaccine-8907cd4e05dd0f92,MHCflurry,2.2.1,presentation,0.826160396766,higher,predicted,64.9221753965,0.405,0.826160396766,0.236684782609,0.364142306149,HLA-A*33:03
zhao-vaccine-f23c0f7c70eff213,MHCflurry,2.2.1,presentation,0.727954903777,higher,predicted,67.5799428153,0.17975,0.727954903777,0.392527173913,0.212816012558,HLA-B*44:03
zhao-vaccine-7fd9c28c1ab8d41f,MHCflurry,2.2.1,presentation,0.972400769571,higher,predicted,33.6189127746,0.000875,0.972400769571,0.0165760869566,0.749678298831,HLA-B*39:01
zhao-vaccine-4890fc8fedc99646,MHCflurry,2.2.1,presentation,0.648699920418,higher,predicted,85.4399593165,0.545,0.648699920418,0.526358695652,0.172354836017,HLA-A*02:01
zhao-vaccine-6f5461a6e864b728,MHCflurry,2.2.1,presentation,0.00504294847757,higher,predicted,19978.8712911,15.17675,0.00504294847757,46.224673913,0.00286455847163,HLA-B*54:01
zhao-vaccine-68eb9f2926cc4388,MHCflurry,2.2.1,presentation,0.105927485009,higher,predicted,1554.24987211,1.0595,0.105927485009,2.81385869565,0.192554904148,HLA-B*54:01
zhao-vaccine-5f8390cd580cd614,MHCflurry,2.2.1,presentation,0.504669928626,higher,predicted,100.922788886,0.132125,0.504669928626,0.810815217391,0.0500082039507,HLA-B*54:01
zhao-vaccine-a1eb666216cae9fe,MHCflurry,2.2.1,presentation,0.0177929716201,higher,predicted,7974.63314287,2.75025,0.0177929716201,13.5008967391,0.110720955068,HLA-B*39:01
zhao-vaccine-b9e08f235d024ff3,MHCflurry,2.2.1,presentation,0.00597963851309,higher,predicted,18384.1944846,6.54125,0.00597963851309,46.224673913,0.02844588476,HLA-B*39:01
zhao-vaccine-5267d3482db35612,MHCflurry,2.2.1,presentation,0.681001306571,higher,predicted,54.2441078447,0.1275,0.681001306571,0.469836956522,0.0886221800465,HLA-B*35:01
zhao-vaccine-b4b4aeec5f1810de,MHCflurry,2.2.1,presentation,0.00587622617064,higher,predicted,19783.2253647,11.6155,0.00587622617064,46.224673913,0.0436213147477,HLA-A*02:06
zhao-vaccine-604f17ed6a74d0b8,MHCflurry,2.2.1,presentation,0.013503167884,higher,predicted,16395.4505531,8.9205,0.013503167884,17.3055978261,0.229386543855,HLA-A*02:06
zhao-vaccine-b4cb37bc42987742,MHCflurry,2.2.1,presentation,0.158358277822,higher,predicted,776.932100939,1.7605,0.158358277822,2.14633152174,0.13292055123,HLA-A*02:06
zhao-vaccine-0f8514bb254721a2,MHCflurry,2.2.1,presentation,0.191851279939,higher,predicted,1102.25125541,1.30925,0.191851279939,1.89105978261,0.294646221213,HLA-B*35:01
zhao-vaccine-d510c0fe27e8e6ae,MHCflurry,2.2.1,presentation,0.191968854035,higher,predicted,1439.05352075,1.815125,0.191968854035,1.89105978261,0.368060994893,HLA-B*15:01
zhao-vaccine-c52900c3c3a75519,MHCflurry,2.2.1,presentation,0.0107483264559,higher,predicted,13531.973495,7.211125,0.0107483264559,22.1923097826,0.111410983372,HLA-A*02:06
zhao-vaccine-b2eddeff20b2d70c,MHCflurry,2.2.1,presentation,0.0168503318086,higher,predicted,7559.93060393,1.736125,0.0168503318086,14.2770380435,0.0804037406924,HLA-B*40:01
zhao-vaccine-fba14c530156892d,MHCflurry,2.2.1,presentation,0.722551347926,higher,predicted,49.2693059879,0.10675,0.722551347926,0.401766304348,0.118394388352,HLA-B*40:01
zhao-vaccine-737ad01679904f1b,MHCflurry,2.2.1,presentation,0.937348304542,higher,predicted,31.4106510528,0.01475,0.937348304542,0.0657880434783,0.488944087178,HLA-A*24:02
zhao-vaccine-988225c2c3d75486,MHCflurry,2.2.1,presentation,0.765021315453,higher,predicted,63.6960066241,0.192875,0.765021315453,0.333152173913,0.2520016497,HLA-B*40:01
zhao-vaccine-43f78a8a89388e4b,MHCflurry,2.2.1,presentation,0.794670486849,higher,predicted,105.508716484,0.331375,0.794670486849,0.286847826087,0.439421892166,HLA-B*40:01
zhao-vaccine-5b4e0532c530f9f4,MHCflurry,2.2.1,presentation,0.00667143922809,higher,predicted,20745.3691051,8.502375,0.00667143922809,37.359048913,0.0927572710207,HLA-A*24:02
zhao-vaccine-936f0aa9388d6bb3,MHCflurry,2.2.1,presentation,0.857983793487,higher,predicted,123.385190488,0.3695,0.857983793487,0.187173913043,0.608258664608,HLA-B*40:01
zhao-vaccine-e7da5386683a898e,MHCflurry,2.2.1,presentation,0.4054587433,higher,predicted,191.196312174,0.875375,0.4054587433,1.04182065217,0.111959020607,HLA-A*02:01
zhao-vaccine-4f9555ca9e78447d,MHCflurry,2.2.1,presentation,0.892264844407,higher,predicted,40.9173298346,0.056125,0.892264844407,0.133586956522,0.394389916211,HLA-B*15:01
zhao-vaccine-e9b99729a2052602,MHCflurry,2.2.1,presentation,0.75483572417,higher,predicted,57.4572071637,0.161,0.75483572417,0.349538043478,0.207920243032,HLA-B*15:01
zhao-vaccine-2ba4241ff4084969,MHCflurry,2.2.1,presentation,0.952315476583,higher,predicted,45.201780464,0.186375,0.952315476583,0.0440760869565,0.670505449176,HLA-B*40:02
zhao-vaccine-90c2b36bc40b8d53,MHCflurry,2.2.1,presentation,0.0172638871441,higher,predicted,15972.5837453,7.1375,0.0172638871441,13.5008967391,0.292733696755,HLA-B*15:01
zhao-vaccine-4a9b1ac687685d32,MHCflurry,2.2.1,presentation,0.0994126090002,higher,predicted,1492.83292697,2.386375,0.0994126090002,2.93067934783,0.161493693944,HLA-B*40:02
zhao-vaccine-35798390cdc3448b,MHCflurry,2.2.1,presentation,0.117553005666,higher,predicted,1415.27669505,2.341625,0.117553005666,2.61733695652,0.199970703223,HLA-B*40:02
zhao-vaccine-8e9f7415eabd9d0a,MHCflurry,2.2.1,presentation,0.375904468397,higher,predicted,431.739102572,1.54575,0.375904468397,1.12252717391,0.300473874435,HLA-B*40:02
zhao-vaccine-269dcaac8c66cb04,MHCflurry,2.2.1,presentation,0.889327809306,higher,predicted,218.399207953,0.70625,0.889327809306,0.138342391304,0.845645435154,HLA-B*15:01
zhao-vaccine-0dd28b3c47484db1,MHCflurry,2.2.1,presentation,0.0163081089317,higher,predicted,13419.4732573,6.014125,0.0163081089317,14.2770380435,0.228546095081,HLA-B*15:01
zhao-vaccine-431e4f01dd7c96f4,MHCflurry,2.2.1,presentation,0.899924371213,higher,predicted,11.1120487914,0.007375,0.899924371213,0.121195652174,0.059782467084,HLA-A*02:01
zhao-vaccine-e6c35c1196d80f36,MHCflurry,2.2.1,presentation,0.182531720119,higher,predicted,600.653944135,1.22625,0.182531720119,1.95434782609,0.110661339641,HLA-B*15:01
zhao-vaccine-870dcf0226a3eb24,MHCflurry,2.2.1,presentation,0.930865390574,higher,predicted,77.1775627374,0.26875,0.930865390574,0.0761684782609,0.705952659249,HLA-B*15:01
zhao-vaccine-1b673ac561af2fb5,MHCflurry,2.2.1,presentation,0.0498763136218,higher,predicted,2209.09696176,1.700375,0.0498763136218,5.14921195652,0.0590111796046,HLA-B*07:02
zhao-vaccine-6a07c6e959d2f535,MHCflurry,2.2.1,presentation,0.233854221726,higher,predicted,415.543004416,1.23525,0.233854221726,1.64714673913,0.0978679007385,HLA-A*02:01
zhao-vaccine-1ba07f9e080374be,MHCflurry,2.2.1,presentation,0.502840952272,higher,predicted,113.714067193,0.346,0.502840952272,0.814918478261,0.0807014207821,HLA-A*24:02
zhao-vaccine-b9e00c9dbefadad5,MHCflurry,2.2.1,presentation,0.809441731189,higher,predicted,170.329800303,0.678125,0.809441731189,0.263641304348,0.597216604277,HLA-A*31:01
zhao-vaccine-f219a0d187201467,MHCflurry,2.2.1,presentation,0.653468863354,higher,predicted,88.8518053915,0.324625,0.653468863354,0.519483695652,0.189037957229,HLA-B*15:01
zhao-vaccine-a7beb96254b63e25,MHCflurry,2.2.1,presentation,0.00809683541786,higher,predicted,14880.0980954,6.1485,0.00809683541786,27.6173913043,0.0566632078262,HLA-A*31:01
zhao-vaccine-1cb9ac6233ddb252,MHCflurry,2.2.1,presentation,0.526785423121,higher,predicted,442.281285747,1.061625,0.526785423121,0.763804347826,0.480695173144,HLA-B*15:01
zhao-vaccine-eb7703099d566609,MHCflurry,2.2.1,presentation,0.602236443458,higher,predicted,96.5107595919,0.35675,0.602236443458,0.611657608696,0.149691219907,HLA-B*15:01
zhao-vaccine-3ed702e03bac3c15,MHCflurry,2.2.1,presentation,0.0161459975315,higher,predicted,6310.73430547,3.62325,0.0161459975315,14.2770380435,0.0185489124269,HLA-B*15:01
zhao-vaccine-15c987b0238bc1b4,MHCflurry,2.2.1,presentation,0.960670678092,higher,predicted,65.2024965789,0.045125,0.960670678092,0.0330434782609,0.828000552952,HLA-B*39:01
zhao-vaccine-09ac43660c1274b9,MHCflurry,2.2.1,presentation,0.00885151693811,higher,predicted,11911.5188142,5.682625,0.00885151693811,27.6173913043,0.0209755375945,HLA-B*54:01
zhao-vaccine-c7114845a57964b2,MHCflurry,2.2.1,presentation,0.884139670913,higher,predicted,33.9746592206,0.087125,0.884139670913,0.146467391304,0.320206757635,HLA-A*11:01
zhao-vaccine-51d1ebd1091ead4d,MHCflurry,2.2.1,presentation,0.917434216127,higher,predicted,42.0904722713,0.15975,0.917434216127,0.0947826086956,0.48521655798,HLA-A*11:01
zhao-vaccine-2f4d0a44cc42d77f,MHCflurry,2.2.1,presentation,0.00463952327117,higher,predicted,24713.768503,11.624375,0.00463952327117,62.744673913,0.0375743678305,HLA-B*39:01
zhao-vaccine-eb61572e9fbb2a60,MHCflurry,2.2.1,presentation,0.00541134621535,higher,predicted,18519.3053843,6.6475,0.00541134621535,46.224673913,0.00207005329685,HLA-B*39:01
zhao-vaccine-febcbcc27fb08659,MHCflurry,2.2.1,presentation,0.0145084486009,higher,predicted,7654.73759037,4.01225,0.0145084486009,16.1575543478,0.040859490924,HLA-A*11:01
zhao-vaccine-b010f27f12c8c387,MHCflurry,2.2.1,presentation,0.952139817021,higher,predicted,106.561460506,0.324,0.952139817021,0.0440760869565,0.904854394495,HLA-A*24:02
zhao-vaccine-77c9354a57881cf6,MHCflurry,2.2.1,presentation,0.33774952985,higher,predicted,1670.68174971,1.585875,0.33774952985,1.2366576087,0.624947851524,HLA-B*35:01
zhao-vaccine-7e05698aef8fa29d,MHCflurry,2.2.1,presentation,0.95535967053,higher,predicted,44.6540864845,0.08625,0.95535967053,0.0396467391304,0.686705898494,HLA-B*35:01
zhao-vaccine-2fd37e72f03a6047,MHCflurry,2.2.1,presentation,0.401950548485,higher,predicted,624.028980212,1.000875,0.401950548485,1.05244565217,0.432590750977,HLA-B*35:01
zhao-vaccine-2dd454ce2c01def5,MHCflurry,2.2.1,presentation,0.715616853197,higher,predicted,89.7726089363,0.272625,0.715616853197,0.41339673913,0.273408792913,HLA-A*24:02
zhao-vaccine-999a8cf710284be9,MHCflurry,2.2.1,presentation,0.405117237858,higher,predicted,129.614638617,1.044625,0.405117237858,1.04445652174,0.00483579277352,HLA-B*40:06
zhao-vaccine-ff03078496576466,MHCflurry,2.2.1,presentation,0.371667202971,higher,predicted,164.529006587,1.200875,0.371667202971,1.13385869565,0.0305004911788,HLA-B*40:06
zhao-vaccine-31e70fd63ba96952,MHCflurry,2.2.1,presentation,0.760034074959,higher,predicted,54.7215708433,0.34,0.760034074959,0.341277173913,0.202524647117,HLA-B*40:06
zhao-vaccine-c304d48c557c7837,MHCflurry,2.2.1,presentation,0.190283191102,higher,predicted,436.118999809,0.49725,0.190283191102,1.89847826087,0.0372279375733,HLA-B*54:01
zhao-vaccine-f4c3237149f49ebf,MHCflurry,2.2.1,presentation,0.0432945733951,higher,predicted,2501.96634824,1.9125,0.0432945733951,5.78807065217,0.0512399955187,HLA-B*35:01
zhao-vaccine-a140bd84f67a0c6f,MHCflurry,2.2.1,presentation,0.219764323811,higher,predicted,1555.39974187,1.533125,0.219764323811,1.7204076087,0.437517730519,HLA-B*35:01
zhao-vaccine-20d6899ac9bb7275,MHCflurry,2.2.1,presentation,0.363402585301,higher,predicted,193.087006079,0.512625,0.363402585301,1.1560326087,0.0643923876341,HLA-B*35:01
zhao-vaccine-91328204c315fcc8,MHCflurry,2.2.1,presentation,0.0204946602319,higher,predicted,6732.02152956,3.213875,0.0204946602319,11.630326087,0.104948859051,HLA-B*35:01
zhao-vaccine-35b7ef036ad9d2bb,MHCflurry,2.2.1,presentation,0.945596240266,higher,predicted,32.1675416572,0.017125,0.945596240266,0.0538586956522,0.537853261456,HLA-A*24:02
zhao-vaccine-cecbcdd5db255dee,MHCflurry,2.2.1,presentation,0.920404341638,higher,predicted,134.763200924,0.07775,0.920404341638,0.0904347826087,0.815964661539,HLA-A*26:01
zhao-vaccine-daed3fc8bf078fa2,MHCflurry,2.2.1,presentation,0.275406365839,higher,predicted,2001.85861665,0.490625,0.275406365839,1.45663043478,0.591495044529,HLA-A*26:01
zhao-vaccine-998ed325d9a64141,MHCflurry,2.2.1,presentation,0.0135746514523,higher,predicted,8385.55905562,3.73625,0.0135746514523,17.3055978261,0.0468231157865,HLA-B*35:01
zhao-vaccine-6c7174c682a4fa1a,MHCflurry,2.2.1,presentation,0.0611239568777,higher,predicted,1433.76904413,1.47975,0.0611239568777,4.27116847826,0.00117626187057,HLA-B*35:01
zhao-vaccine-f9db4d94966b045f,MHCflurry,2.2.1,presentation,0.810061657344,higher,predicted,19.7085288406,0.09425,0.810061657344,0.261956521739,0.00626056703913,HLA-A*02:01
zhao-vaccine-7899e271f24dbaaa,MHCflurry,2.2.1,presentation,0.973753084921,higher,predicted,21.9139101719,0.1195,0.973753084921,0.0153804347826,0.646776989102,HLA-A*02:01
zhao-vaccine-782ea6c26658340c,MHCflurry,2.2.1,presentation,0.662821490967,higher,predicted,44.3599251627,0.317125,0.662821490967,0.501929347826,0.0100836806523,HLA-A*02:01
zhao-vaccine-4fdaca389da0a357,MHCflurry,2.2.1,presentation,0.960454727969,higher,predicted,29.0240647322,0.1835,0.960454727969,0.0330434782609,0.604185346514,HLA-A*02:01
zhao-vaccine-f6c578840065b9ad,MHCflurry,2.2.1,presentation,0.467362342582,higher,predicted,210.14761874,0.914625,0.467362342582,0.895081521739,0.209139350802,HLA-A*02:01
zhao-vaccine-38a151781c112c83,MHCflurry,2.2.1,presentation,0.429235680296,higher,predicted,115.509784974,0.743625,0.429235680296,0.984076086956,0.00124845469145,HLA-A*33:03
zhao-vaccine-e3dbd23545dcf992,MHCflurry,2.2.1,presentation,0.707431529974,higher,predicted,34.8169358839,0.09325,0.707431529974,0.42625,0.00210080076795,HLA-A*11:01
zhao-vaccine-4b7a5315ae885e02,MHCflurry,2.2.1,presentation,0.734400366791,higher,predicted,45.7973218834,0.1915,0.734400366791,0.383695652174,0.115265446715,HLA-A*11:01
zhao-vaccine-b107a7c085e028fa,MHCflurry,2.2.1,presentation,0.0740422792669,higher,predicted,1581.70746938,1.984625,0.0740422792669,3.67942934783,0.0862416859018,HLA-A*11:01
zhao-vaccine-906d3f0af697c94f,MHCflurry,2.2.1,presentation,0.911521161572,higher,predicted,42.7676123893,0.163,0.911521161572,0.103940217391,0.468221243471,HLA-A*11:01
zhao-vaccine-40eee1f7b3b872bf,MHCflurry,2.2.1,presentation,0.00907404868136,higher,predicted,11980.7648033,5.3695,0.00907404868136,24.5792391304,0.0296481202531,HLA-A*11:01
zhao-vaccine-fbe97d4793ad925e,MHCflurry,2.2.1,presentation,0.659895061446,higher,predicted,44.9046975107,0.1845,0.659895061446,0.507717391304,0.00974159810721,HLA-A*11:01
zhao-vaccine-99bf0685a25d9f4e,MHCflurry,2.2.1,presentation,0.923578106445,higher,predicted,56.7694750606,0.2685,0.923578106445,0.0861141304348,0.59109384194,HLA-A*11:01
zhao-vaccine-49c73a581f5af388,MHCflurry,2.2.1,presentation,0.460615378643,higher,predicted,108.393569044,0.327875,0.460615378643,0.907907608696,0.0197157761431,HLA-A*24:02
zhao-vaccine-2c5226e372e7c6aa,MHCflurry,2.2.1,presentation,0.991645179087,higher,predicted,9.80766279096,0.00025,0.991645179087,0.000842391304317,0.754740960896,HLA-A*02:01
zhao-vaccine-5f372107c6cf3c03,MHCflurry,2.2.1,presentation,0.938008330325,higher,predicted,101.623462535,0.132125,0.938008330325,0.0643206521739,0.814479682595,HLA-B*54:01
zhao-vaccine-61c20c5796f55f00,MHCflurry,2.2.1,presentation,0.988856760435,higher,predicted,10.5178032035,0.002875,0.988856760435,0.00168478260868,0.691739495844,HLA-A*02:01
zhao-vaccine-6c2ff6bbf2e25434,MHCflurry,2.2.1,presentation,0.871727560488,higher,predicted,36.4427263606,0.032875,0.871727560488,0.167038043478,0.306699313223,HLA-B*40:02
zhao-vaccine-4e848c7999f82d03,MHCflurry,2.2.1,presentation,0.245695379303,higher,predicted,284.039628572,1.0515,0.245695379303,1.58866847826,0.0117765513423,HLA-A*02:01
zhao-vaccine-2a76499d5769d1c7,MHCflurry,2.2.1,presentation,0.0904289137888,higher,predicted,1576.45780435,2.43325,0.0904289137888,3.13263586957,0.146882186178,HLA-B*40:02
zhao-vaccine-3e32e82aa160cb78,MHCflurry,2.2.1,presentation,0.72529084734,higher,predicted,44.595492591,0.1775,0.72529084734,0.397364130435,0.0949056781828,HLA-B*40:02
zhao-vaccine-b62a015c56847360,MHCflurry,2.2.1,presentation,0.185329294171,higher,predicted,426.439182235,1.2515,0.185329294171,1.93385869565,0.0218862017791,HLA-A*02:01
zhao-vaccine-443278b0fe4f1a94,MHCflurry,2.2.1,presentation,0.782382869357,higher,predicted,52.6109361667,0.369,0.782382869357,0.305706521739,0.227547325194,HLA-A*02:01
zhao-vaccine-83c4b6833bc79d5a,MHCflurry,2.2.1,presentation,0.946385660901,higher,predicted,20.5738980279,0.001125,0.946385660901,0.0523369565218,0.419519461691,HLA-A*11:01
zhao-vaccine-41f8a4a277c3bf57,MHCflurry,2.2.1,presentation,0.859773770064,higher,predicted,24.2901240952,0.014125,0.859773770064,0.185489130435,0.166241166182,HLA-A*11:01
zhao-vaccine-b5609f4b00b5ecbf,MHCflurry,2.2.1,presentation,0.913816974261,higher,predicted,28.0828581456,0.040375,0.913816974261,0.101385869565,0.36088581942,HLA-A*11:01
zhao-vaccine-674f8dd0f2497205,MHCflurry,2.2.1,presentation,0.841520442573,higher,predicted,56.6163434934,0.2685,0.841520442573,0.21375,0.357912674546,HLA-A*11:01
zhao-vaccine-6442e1e73e72e2b9,MHCflurry,2.2.1,presentation,0.975503574051,higher,predicted,53.0126441637,0.119375,0.975503574051,0.013097826087,0.909322313964,HLA-A*24:02
zhao-vaccine-4fce6223728d6fe9,MHCflurry,2.2.1,presentation,0.0193902588869,higher,predicted,11854.4324386,6.445,0.0193902588869,12.1872282609,0.244315396063,HLA-A*02:06
zhao-vaccine-bc19aa25441d4845,MHCflurry,2.2.1,presentation,0.98988237238,higher,predicted,26.5972693366,0.00325,0.98988237238,0.0013858695652,0.974022239447,HLA-A*24:02
zhao-vaccine-8cc78eadeb184fd3,MHCflurry,2.2.1,presentation,0.00873094903902,higher,predicted,16596.4143034,9.044375,0.00873094903902,27.6173913043,0.108124066144,HLA-A*02:06
zhao-vaccine-3c807871ccdfaaa5,MHCflurry,2.2.1,presentation,0.843998757499,higher,predicted,41.2353467218,0.32775,0.843998757499,0.208940217391,0.276169354096,HLA-A*02:06
zhao-vaccine-a506809dd22a0c23,MHCflurry,2.2.1,presentation,0.179513169991,higher,predicted,623.01974844,0.962875,0.179513169991,1.97502717391,0.114943487919,HLA-A*24:02
zhao-vaccine-c8af7f143c9713e7,MHCflurry,2.2.1,presentation,0.051094988718,higher,predicted,1773.36659024,2.389875,0.051094988718,4.96864130435,0.00587955742958,HLA-A*02:06
zhao-vaccine-b98b49d9dc2ddbaa,MHCflurry,2.2.1,presentation,0.0740201314121,higher,predicted,1187.05888619,2.062,0.0740201314121,3.67942934783,0.00735058308055,HLA-A*02:06
zhao-vaccine-027d4038dc5b09ff,MHCflurry,2.2.1,presentation,0.0761119074617,higher,predicted,4701.73829566,3.1035,0.0761119074617,3.56269021739,0.39375583455,HLA-B*15:01
zhao-vaccine-594361c936eecf3b,MHCflurry,2.2.1,presentation,0.0160981293422,higher,predicted,10923.3102974,4.664875,0.0160981293422,14.2770380435,0.168320792727,HLA-A*31:01
zhao-vaccine-31e968234ae09e75,MHCflurry,2.2.1,presentation,0.0614390610385,higher,predicted,6616.49257047,3.731625,0.0614390610385,4.27116847826,0.422565035522,HLA-B*15:01
zhao-vaccine-19f1cbd28ac92618,MHCflurry,2.2.1,presentation,0.498751004944,higher,predicted,228.176618376,0.729875,0.498751004944,0.82277173913,0.267275258899,HLA-B*15:01
zhao-vaccine-2c71ed8fab9b97e6,MHCflurry,2.2.1,presentation,0.771974615782,higher,predicted,62.1318350018,0.027125,0.771974615782,0.321684782609,0.256222723052,HLA-A*26:01
zhao-vaccine-f4db7077efae5ef9,MHCflurry,2.2.1,presentation,0.801133268325,higher,predicted,36.9790616194,0.051625,0.801133268325,0.276032608696,0.162912410218,HLA-B*35:01
zhao-vaccine-f3037d9d01c7f32a,MHCflurry,2.2.1,presentation,0.468880627825,higher,predicted,139.718298357,0.404625,0.468880627825,0.891005434782,0.0988011138979,HLA-B*35:01
zhao-vaccine-e77814e4dc74abe3,MHCflurry,2.2.1,presentation,0.834582832303,higher,predicted,23.1589491679,0.140625,0.834582832303,0.223885869565,0.0980488406494,HLA-A*02:06
zhao-vaccine-16ef0fbf13441ca0,MHCflurry,2.2.1,presentation,0.631534413447,higher,predicted,102.626085724,0.691625,0.631534413447,0.558315217391,0.201608594507,HLA-A*02:06
zhao-vaccine-a75b0331c22d7ed7,MHCflurry,2.2.1,presentation,0.649611830049,higher,predicted,64.7158641444,0.177,0.649611830049,0.526358695652,0.0972175919451,HLA-B*35:01
zhao-vaccine-c555803c2dad8235,MHCflurry,2.2.1,presentation,0.386395028555,higher,predicted,207.633556082,0.53775,0.386395028555,1.09244565217,0.112069620984,HLA-B*35:01
zhao-vaccine-53f9e7c4492b596e,MHCflurry,2.2.1,presentation,0.0193128597657,higher,predicted,5059.88580586,2.727,0.0193128597657,12.1872282609,0.00943200346956,HLA-B*35:01
zhao-vaccine-cedf6ad7f324daa7,MHCflurry,2.2.1,presentation,0.0294834018426,higher,predicted,11657.1202592,6.329375,0.0294834018426,8.26921195652,0.361071681604,HLA-A*02:06
zhao-vaccine-42a8d192101bf2a7,MHCflurry,2.2.1,presentation,0.521229913805,higher,predicted,134.608364165,0.188,0.521229913805,0.776711956522,0.147815146018,HLA-B*54:01
zhao-vaccine-2efff9f95c83b59e,MHCflurry,2.2.1,presentation,0.254099664391,higher,predicted,272.687678644,0.359125,0.254099664391,1.55282608696,0.0132519474137,HLA-B*54:01
zhao-vaccine-1b3fd906eff85f35,MHCflurry,2.2.1,presentation,0.0143929133006,higher,predicted,6895.84275981,3.060875,0.0143929133006,16.1575543478,0.00990314999945,HLA-B*54:01
zhao-vaccine-ed04da0224f05378,MHCflurry,2.2.1,presentation,0.77960154592,higher,predicted,107.813428029,0.327875,0.77960154592,0.310706521739,0.419926855713,HLA-A*24:20
zhao-vaccine-c6e61155d8a27f75,MHCflurry,2.2.1,presentation,0.396674383178,higher,predicted,206.489164352,0.28575,0.396674383178,1.06546195652,0.122747949557,HLA-B*54:01
zhao-vaccine-23edf1fdf3ae1ce2,MHCflurry,2.2.1,presentation,0.384783197762,higher,predicted,186.727111521,0.49975,0.384783197762,1.09779891304,0.0810108641745,HLA-A*24:20
zhao-vaccine-ffa85861f014f958,MHCflurry,2.2.1,presentation,0.851027504746,higher,predicted,37.8169741751,0.0425,0.851027504746,0.197744565217,0.267785536125,HLA-A*24:20
zhao-vaccine-89eb018657dac248,MHCflurry,2.2.1,presentation,0.181147918349,higher,predicted,2805.59664983,1.50425,0.181147918349,1.96823369565,0.531193263829,HLA-A*01:01
zhao-vaccine-dd6fcd2a9d2c2d22,MHCflurry,2.2.1,presentation,0.985524441417,higher,predicted,20.1775383135,0.101375,0.985524441417,0.003125,0.795702084899,HLA-A*02:06
zhao-vaccine-33f9f2fdb380c481,MHCflurry,2.2.1,presentation,0.726816335674,higher,predicted,48.6920813482,0.103125,0.726816335674,0.39410326087,0.121200841852,HLA-B*40:01
zhao-vaccine-00bbe998fe67645a,MHCflurry,2.2.1,presentation,0.399644830301,higher,predicted,133.662124149,0.8095,0.399644830301,1.05760869565,0.00684566781274,HLA-A*02:06
zhao-vaccine-a279cd33662b7c39,MHCflurry,2.2.1,presentation,0.584600881901,higher,predicted,71.2473985205,0.20025,0.584600881901,0.644972826087,0.0457083592482,HLA-A*24:02
zhao-vaccine-ec1761a6f877a578,MHCflurry,2.2.1,presentation,0.838170926069,higher,predicted,60.9980617446,0.47625,0.838170926069,0.218288043478,0.371339432895,HLA-A*02:06
zhao-vaccine-498121a87cf9006a,MHCflurry,2.2.1,presentation,0.744507285427,higher,predicted,28.9615619931,0.208,0.744507285427,0.366983695652,0.00428473611828,HLA-A*02:06
zhao-vaccine-505928c8dfd97252,MHCflurry,2.2.1,presentation,0.0132632375927,higher,predicted,16534.9319482,8.9205,0.0132632375927,17.3055978261,0.226576380897,HLA-A*02:06
zhao-vaccine-88d2cf97086ba2b1,MHCflurry,2.2.1,presentation,0.938644614823,higher,predicted,23.8831957575,0.010875,0.938644614823,0.0643206521739,0.420028086752,HLA-A*11:01
zhao-vaccine-8e31a740414c436d,MHCflurry,2.2.1,presentation,0.913477357947,higher,predicted,35.6100980323,0.10075,0.913477357947,0.101385869565,0.42486384511,HLA-A*11:01
zhao-vaccine-67a7cb1a9cd5537a,MHCflurry,2.2.1,presentation,0.931496383537,higher,predicted,111.789073726,0.547125,0.931496383537,0.0745380434783,0.810453593731,HLA-A*11:01
zhao-vaccine-ed105e94eb33c23f,MHCflurry,2.2.1,presentation,0.650595428617,higher,predicted,107.137866819,0.529875,0.650595428617,0.524483695652,0.23683744017,HLA-A*11:01
zhao-vaccine-ca907375d90ffd56,MHCflurry,2.2.1,presentation,0.19550727607,higher,predicted,376.717197622,0.3075,0.19550727607,1.86442934783,0.00651422097872,HLA-B*15:11
zhao-vaccine-af5421d3479e6ec6,MHCflurry,2.2.1,presentation,0.727439557918,higher,predicted,47.5509801287,0.18975,0.727439557918,0.39410326087,0.115578196477,HLA-C*03:03
zhao-vaccine-cfb0d6a91bade6e3,MHCflurry,2.2.1,presentation,0.0984421678725,higher,predicted,867.077500128,3.961,0.0984421678725,2.95114130435,0.00925919505971,HLA-C*03:03
zhao-vaccine-c6bccb45706420d2,MHCflurry,2.2.1,presentation,0.755920186516,higher,predicted,54.8745247439,0.258,0.755920186516,0.347961956522,0.196952623315,HLA-C*03:03
zhao-vaccine-ed91fd9062182556,MHCflurry,2.2.1,presentation,0.0488510488868,higher,predicted,1841.2451601,5.944875,0.0488510488868,5.24777173913,0.00283097009378,HLA-C*03:03
zhao-vaccine-a7881a1349c324b0,MHCflurry,2.2.1,presentation,0.789279872825,higher,predicted,140.113455533,0.16925,0.789279872825,0.294239130435,0.508049022406,HLA-B*67:01
zhao-vaccine-accfc28005a997a0,MHCflurry,2.2.1,presentation,0.709178482002,higher,predicted,49.9828746874,0.35575,0.709178482002,0.423233695652,0.103757309029,HLA-A*02:01
zhao-vaccine-7ecc3afcfc479b22,MHCflurry,2.2.1,presentation,0.974189533988,higher,predicted,28.7898304555,0.039125,0.974189533988,0.0141576086957,0.726564742625,HLA-A*31:01
zhao-vaccine-987370e7342d1375,MHCflurry,2.2.1,presentation,0.235003171148,higher,predicted,317.864013832,1.103,0.235003171148,1.64182065217,0.0261112421285,HLA-A*02:01
zhao-vaccine-71fb48b138c68493,MHCflurry,2.2.1,presentation,0.607764320913,higher,predicted,57.4706225209,0.248625,0.607764320913,0.599945652174,0.0139136102953,HLA-A*31:01
zhao-vaccine-fe504cb3a34de30b,MHCflurry,2.2.1,presentation,0.609364529557,higher,predicted,79.5985176246,0.37575,0.609364529557,0.598206521739,0.105235378724,HLA-A*31:01
zhao-vaccine-8853121dd0c52702,MHCflurry,2.2.1,presentation,0.0296540338188,higher,predicted,3145.87532931,1.2305,0.0296540338188,8.26921195652,0.00315481083817,HLA-B*67:01
zhao-vaccine-a09fbd4532049d91,MHCflurry,2.2.1,presentation,0.154618758427,higher,predicted,495.464204954,1.162375,0.154618758427,2.18296195652,0.00140988879502,HLA-A*31:01
zhao-vaccine-187d77f183b34239,MHCflurry,2.2.1,presentation,0.298887046474,higher,predicted,377.482994918,1.031375,0.298887046474,1.36945652174,0.165915859863,HLA-A*31:01
zhao-vaccine-593425b8c0ccf8bf,MHCflurry,2.2.1,presentation,0.203388221244,higher,predicted,3068.7937599,0.908375,0.203388221244,1.81350543478,0.596323240548,HLA-A*26:02
zhao-vaccine-21a52baf4580180e,MHCflurry,2.2.1,presentation,0.0254356204491,higher,predicted,3864.94760227,8.656875,0.0254356204491,9.49423913043,0.0150744832354,HLA-C*03:03
zhao-vaccine-0f5a57f6f7175fc0,MHCflurry,2.2.1,presentation,0.525303073383,higher,predicted,97.560231629,0.295125,0.525303073383,0.768260869565,0.0640561575419,HLA-A*24:02
zhao-vaccine-ec7dff67820e77d1,MHCflurry,2.2.1,presentation,0.0437311289686,higher,predicted,7063.9618878,1.57125,0.0437311289686,5.78807065217,0.339156283997,HLA-A*26:02
zhao-vaccine-08887c0779567264,MHCflurry,2.2.1,presentation,0.8665767873,higher,predicted,29.9775931946,0.00725,0.8665767873,0.17464673913,0.240281981416,HLA-B*15:01
zhao-vaccine-44e11c0e9ea75d63,MHCflurry,2.2.1,presentation,0.472819527402,higher,predicted,234.755473427,1.541375,0.472819527402,0.881277173913,0.245731956791,HLA-C*03:03
zhao-vaccine-4eff2f302bcaea44,MHCflurry,2.2.1,presentation,0.247584456131,higher,predicted,428.390557171,0.42025,0.247584456131,1.57953804348,0.127463891578,HLA-B*67:01
zhao-vaccine-4cb9d365261492ad,MHCflurry,2.2.1,presentation,0.608215191274,higher,predicted,92.9761219996,0.095125,0.608215191274,0.599945652174,0.146520252805,HLA-B*67:01
zhao-vaccine-7c419d91c68603f4,MHCflurry,2.2.1,presentation,0.482809949317,higher,predicted,100.422107849,0.10925,0.482809949317,0.858478260869,0.0239214033209,HLA-B*67:01
zhao-vaccine-870b2b766c30a36c,MHCflurry,2.2.1,presentation,0.983703503393,higher,predicted,31.1691101214,0,0.983703503393,0.00451086956522,0.881075538695,HLA-B*67:01
zhao-vaccine-8bdb3677f1d98aff,MHCflurry,2.2.1,presentation,0.855742410047,higher,predicted,28.781261286,0.047375,0.855742410047,0.191467391304,0.203478711192,HLA-A*11:01
zhao-vaccine-c3b4945d0c5d5a65,MHCflurry,2.2.1,presentation,0.0393288882723,higher,predicted,3133.79961876,1.2305,0.0393288882723,6.3270923913,0.0847363140201,HLA-B*67:01
zhao-vaccine-840f21de3849ccc5,MHCflurry,2.2.1,presentation,0.878930377948,higher,predicted,67.63531143,0.3425,0.878930377948,0.154673913043,0.495130211115,HLA-A*11:01
zhao-vaccine-e5f3b76448b2e3ea,MHCflurry,2.2.1,presentation,0.509663306157,higher,predicted,83.0384559045,0.427,0.509663306157,0.800380434782,0.00210533611971,HLA-A*11:01
zhao-vaccine-6e15508381a3dd0b,MHCflurry,2.2.1,presentation,0.0478387953803,higher,predicted,2081.1276119,2.217125,0.0478387953803,5.34668478261,0.0302344062366,HLA-A*11:01
zhao-vaccine-09990d670d0f6f25,MHCflurry,2.2.1,presentation,0.0319435525026,higher,predicted,3381.56960238,2.213125,0.0319435525026,7.77809782609,0.0446774895536,HLA-B*35:01
zhao-vaccine-97c3b1accfcaaea2,MHCflurry,2.2.1,presentation,0.926781021917,higher,predicted,10.7250056543,0.00425,0.926781021917,0.0822282608696,0.14667632198,HLA-A*02:01
zhao-vaccine-0e62a9c6910a92b7,MHCflurry,2.2.1,presentation,0.942108607135,higher,predicted,37.36569148,0.053375,0.942108607135,0.0582880434783,0.56037174724,HLA-B*35:01
zhao-vaccine-0eaa66ab2c642dc8,MHCflurry,2.2.1,presentation,0.967800897347,higher,predicted,13.2479741671,0.02475,0.967800897347,0.0225815217392,0.449107225984,HLA-A*02:01
zhao-vaccine-077ba4b974560005,MHCflurry,2.2.1,presentation,0.917036191676,higher,predicted,34.70091795,0.04275,0.917036191676,0.0947826086956,0.430733557791,HLA-B*35:01
zhao-vaccine-94ededcc1d3dcd1a,MHCflurry,2.2.1,presentation,0.611636912951,higher,predicted,85.5139699588,0.30625,0.611636912951,0.592364130435,0.127616431098,HLA-B*15:01
zhao-vaccine-1b8f8f27299b8c02,MHCflurry,2.2.1,presentation,0.146947768541,higher,predicted,564.701171501,0.955375,0.146947768541,2.26105978261,0.0203849444806,HLA-B*35:01
zhao-vaccine-fdc7a53c57604dd2,MHCflurry,2.2.1,presentation,0.942407407645,higher,predicted,24.6564384662,0.1445,0.942407407645,0.0582880434783,0.447794146836,HLA-A*02:01
zhao-vaccine-d702c99028cd8b72,MHCflurry,2.2.1,presentation,0.093270359412,higher,predicted,3809.77931332,1.03525,0.093270359412,3.05951086957,0.398761136457,HLA-A*26:02
zhao-vaccine-7cc532e2dc3aab79,MHCflurry,2.2.1,presentation,0.932838378073,higher,predicted,44.385714291,0.074625,0.932838378073,0.0733967391304,0.562862016261,HLA-A*24:02
zhao-vaccine-2b0b1a9adb16d807,MHCflurry,2.2.1,presentation,0.681385245867,higher,predicted,319.434172068,0.692375,0.681385245867,0.469836956522,0.575894471258,HLA-A*24:02
zhao-vaccine-b2fa34c6b5886283,MHCflurry,2.2.1,presentation,0.00374571089581,higher,predicted,27772.4574146,12.820625,0.00374571089581,99.2866032609,0.00887103011337,HLA-A*26:02
zhao-vaccine-a1d67ef963399fc6,MHCflurry,2.2.1,presentation,0.0124330479361,higher,predicted,8192.83783658,3.30075,0.0124330479361,18.6179891304,0.0152845802149,HLA-A*24:02
zhao-vaccine-60705d8cda191056,MHCflurry,2.2.1,presentation,0.0102716949614,higher,predicted,27274.0860093,12.21175,0.0102716949614,22.1923097826,0.290874183178,HLA-A*26:02
zhao-vaccine-6780d94636a0170d,MHCflurry,2.2.1,presentation,0.0146049816695,higher,predicted,6726.48129005,1.51025,0.0146049816695,16.1575543478,0.00727116547205,HLA-A*26:02
zhao-vaccine-9d1b561dc3405f4d,MHCflurry,2.2.1,presentation,0.868198113329,higher,predicted,115.941802803,0.35,0.868198113329,0.171847826087,0.615617275238,HLA-A*24:02
zhao-vaccine-7cbdf40ccbc28cfe,MHCflurry,2.2.1,presentation,0.640978464023,higher,predicted,50.7838741995,0.1095,0.640978464023,0.539918478261,0.0200008982792,HLA-A*24:02
zhao-vaccine-c8b652520bf83db2,MHCflurry,2.2.1,presentation,0.924078817111,higher,predicted,35.7124425885,0.02775,0.924078817111,0.0847826086956,0.465856375173,HLA-B*40:02
zhao-vaccine-6307a7641f804ad7,MHCflurry,2.2.1,presentation,0.799459336486,higher,predicted,60.8788263305,0.158375,0.799459336486,0.279320652174,0.296818886418,HLA-A*24:02
zhao-vaccine-f27ca35b1558b455,MHCflurry,2.2.1,presentation,0.0107785807161,higher,predicted,10547.0943307,0.514625,0.0107785807161,22.1923097826,0.0437976969406,HLA-A*26:03
zhao-vaccine-76e5059cd3b3c3ad,MHCflurry,2.2.1,presentation,0.8054927039,higher,predicted,82.4356134464,0.246625,0.8054927039,0.269918478261,0.390799109824,HLA-A*24:02
zhao-vaccine-1a5b99b311a83746,MHCflurry,2.2.1,presentation,0.840036348584,higher,predicted,118.491165652,0.86125,0.840036348584,0.215054347826,0.557537300512,HLA-B*40:02
zhao-vaccine-f7e2831b9ad53f98,MHCflurry,2.2.1,presentation,0.828583621135,higher,predicted,38.4611785304,0.0615,0.828583621135,0.233451086957,0.225205661729,HLA-B*40:02
zhao-vaccine-d2daf8fb140cfed0,MHCflurry,2.2.1,presentation,0.330752292146,higher,predicted,184.796005985,1.098,0.330752292146,1.25918478261,0.0115991151251,HLA-B*40:02
zhao-vaccine-f6ddf367d3aa0944,MHCflurry,2.2.1,presentation,0.0177925567375,higher,predicted,21671.0715131,2.512375,0.0177925567375,13.5008967391,0.385173985735,HLA-A*26:03
zhao-vaccine-00908c84222df7b5,MHCflurry,2.2.1,presentation,0.653604452539,higher,predicted,56.2163096965,0.394,0.653604452539,0.519483695652,0.0635335879633,HLA-A*02:01
zhao-vaccine-b442aa09c915e1b0,MHCflurry,2.2.1,presentation,0.978135568623,higher,predicted,31.3193761814,0.01475,0.978135568623,0.00964673913045,0.797721989453,HLA-A*24:02
zhao-vaccine-2a4efa7dc4e16be3,MHCflurry,2.2.1,presentation,0.732134386683,higher,predicted,54.4976430899,0.382625,0.732134386683,0.38660326087,0.159741950454,HLA-A*02:01
zhao-vaccine-f844c7c3634362b8,MHCflurry,2.2.1,presentation,0.403779951603,higher,predicted,317.316763657,1.103,0.403779951603,1.04739130435,0.249070625752,HLA-A*02:01
zhao-vaccine-a724b8334d910f2a,MHCflurry,2.2.1,presentation,0.671950099296,higher,predicted,65.5121263817,0.4475,0.671950099296,0.486548913043,0.128749372438,HLA-A*02:01
zhao-vaccine-6f5a9d2a685e6156,MHCflurry,2.2.1,presentation,0.0117278922663,higher,predicted,8282.29094865,6.77875,0.0117278922663,20.2322554348,0.00156159177095,HLA-C*03:04
zhao-vaccine-6799be403a5dbd26,MHCflurry,2.2.1,presentation,0.10772617873,higher,predicted,1041.90033323,1.777125,0.10772617873,2.77845108696,0.088082222559,HLA-A*02:01
zhao-vaccine-c802fa23167d5f2a,MHCflurry,2.2.1,presentation,0.709667439168,higher,predicted,58.9377794967,0.16,0.709667439168,0.423233695652,0.149672182743,HLA-B*07:02
zhao-vaccine-d860eddaa0290236,MHCflurry,2.2.1,presentation,0.692941589538,higher,predicted,48.6103385034,0.095375,0.692941589538,0.449130434783,0.0742116585607,HLA-B*07:02
zhao-vaccine-cbb789d156e2aba7,MHCflurry,2.2.1,presentation,0.00616331902201,higher,predicted,18290.1140489,6.54125,0.00616331902201,37.359048913,0.0356407864601,HLA-B*39:01
zhao-vaccine-b770e8f9159c9169,MHCflurry,2.2.1,presentation,0.0499852724316,higher,predicted,13749.503853,7.28625,0.0499852724316,5.14921195652,0.561632001773,HLA-A*02:06
zhao-vaccine-173ce343846a1385,MHCflurry,2.2.1,presentation,0.981180541116,higher,predicted,35.2024048297,0.016125,0.981180541116,0.00616847826088,0.87307459861,HLA-B*07:02
zhao-vaccine-24a02762c3c11d45,MHCflurry,2.2.1,presentation,0.0106391069919,higher,predicted,15094.9497214,8.05025,0.0106391069919,22.1923097826,0.138501511421,HLA-A*02:06
zhao-vaccine-b6974ef7d6e802a7,MHCflurry,2.2.1,presentation,0.988588734695,higher,predicted,18.5081281188,0.081,0.988588734695,0.00168478260868,0.840098127723,HLA-A*02:01
zhao-vaccine-c05520f12a2c83f4,MHCflurry,2.2.1,presentation,0.966712228288,higher,predicted,13.7594735474,0.03125,0.966712228288,0.0240489130435,0.449791386724,HLA-A*02:01
zhao-vaccine-551d258967ca2f3c,MHCflurry,2.2.1,presentation,0.901870561888,higher,predicted,56.813986029,0.1135,0.901870561888,0.119619565217,0.513922769576,HLA-B*58:01
zhao-vaccine-a6669be1d1983a32,MHCflurry,2.2.1,presentation,0.850429887587,higher,predicted,42.1425758385,0.058375,0.850429887587,0.199375,0.296188107692,HLA-B*58:01
zhao-vaccine-ff446da963d36eef,MHCflurry,2.2.1,presentation,0.0628934605169,higher,predicted,6531.72434858,2.387625,0.0628934605169,4.21347826087,0.42607597122,HLA-B*58:01
zhao-vaccine-6e8fa7e919c20256,MHCflurry,2.2.1,presentation,0.988661647439,higher,predicted,17.1259413483,0.067,0.988661647439,0.00168478260868,0.820622183383,HLA-A*02:01
zhao-vaccine-961b997f7b26e7e6,MHCflurry,2.2.1,presentation,0.341476352447,higher,predicted,308.81168959,1.3305,0.341476352447,1.2239673913,0.166153137339,HLA-A*33:03
zhao-vaccine-9ff55164e617cab1,MHCflurry,2.2.1,presentation,0.991641134321,higher,predicted,15.0465538216,0.043625,0.991641134321,0.000842391304317,0.872101426125,HLA-A*02:01
zhao-vaccine-1a8a6c27562c8053,MHCflurry,2.2.1,presentation,0.114871176258,higher,predicted,1103.3786205,0.832875,0.114871176258,2.660625,0.124244508799,HLA-B*39:01
zhao-vaccine-bf21c75ba65f9f20,MHCflurry,2.2.1,presentation,0.808932701531,higher,predicted,49.6766324655,0.109125,0.808932701531,0.263641304348,0.257997790119,HLA-B*35:01
zhao-vaccine-e8e1055788c37784,MHCflurry,2.2.1,presentation,0.0239486819415,higher,predicted,11028.7224577,4.606125,0.0239486819415,10.2319836957,0.285487232963,HLA-B*35:01
zhao-vaccine-249ec9d719d2e2b9,MHCflurry,2.2.1,presentation,0.905669999996,higher,predicted,52.1909350896,0.121125,0.905669999996,0.113179347826,0.502970591187,HLA-B*07:02
zhao-vaccine-714dd3fd331ab889,MHCflurry,2.2.1,presentation,0.613492897997,higher,predicted,200.922145886,0.5265,0.613492897997,0.590407608696,0.364347994328,HLA-B*35:01
zhao-vaccine-1308adb57ad1d4a5,MHCflurry,2.2.1,presentation,0.485127025309,higher,predicted,170.590738846,0.526875,0.485127025309,0.85375,0.172017550562,HLA-B*07:02
zhao-vaccine-da4c729d49ea6247,MHCflurry,2.2.1,presentation,0.54728537392,higher,predicted,123.679823668,0.370125,0.54728537392,0.722635869565,0.154171581147,HLA-A*24:02
zhao-vaccine-3fd3e86583758e28,MHCflurry,2.2.1,presentation,0.130894823461,higher,predicted,1455.96586018,1.48875,0.130894823461,2.43758152174,0.242442814168,HLA-B*35:01
zhao-vaccine-6f2582757604863f,MHCflurry,2.2.1,presentation,0.0136760793152,higher,predicted,7765.65776721,3.162,0.0136760793152,17.3055978261,0.0278715973836,HLA-B*07:02
zhao-vaccine-57692480797c79b9,MHCflurry,2.2.1,presentation,0.27591255108,higher,predicted,349.829093481,0.725625,0.27591255108,1.45663043478,0.11331002682,HLA-A*24:02
zhao-vaccine-6bc3ae1ef23d0f04,MHCflurry,2.2.1,presentation,0.14062443756,higher,predicted,624.630820322,1.283875,0.14062443756,2.32364130435,0.0335571521136,HLA-A*31:01
zhao-vaccine-d759e0316788cd2b,MHCflurry,2.2.1,presentation,0.823128723457,higher,predicted,170.991891761,0.678125,0.823128723457,0.240951086956,0.624087315053,HLA-A*31:01
zhao-vaccine-9728ae87187a9e73,MHCflurry,2.2.1,presentation,0.0996361516666,higher,predicted,1431.04084926,0.613375,0.0996361516666,2.93067934783,0.150592961814,HLA-A*24:46
zhao-vaccine-c4cca9f1763e34dd,MHCflurry,2.2.1,presentation,0.828629822623,higher,predicted,104.388759532,0.48325,0.828629822623,0.233451086957,0.49941692315,HLA-A*31:01
zhao-vaccine-3ced89732d0ad931,MHCflurry,2.2.1,presentation,0.0139794088911,higher,predicted,16042.8727323,3.217375,0.0139794088911,17.3055978261,0.233351227827,HLA-A*24:46
zhao-vaccine-441d0364a06033cb,MHCflurry,2.2.1,presentation,0.117121327153,higher,predicted,851.711638112,1.439125,0.117121327153,2.61733695652,0.0593730787514,HLA-B*15:01
zhao-vaccine-16c6c9d27fe832a4,MHCflurry,2.2.1,presentation,0.020772893883,higher,predicted,5448.84568886,10.435375,0.020772893883,11.630326087,0.0507832229487,HLA-C*03:03
zhao-vaccine-c7af78855e502553,MHCflurry,2.2.1,presentation,0.00461858279738,higher,predicted,22097.0755533,35.116125,0.00461858279738,62.744673913,0.00556480180239,HLA-C*03:03
zhao-vaccine-00de87cde7b07881,MHCflurry,2.2.1,presentation,0.892898823911,higher,predicted,18.1161987056,0.07825,0.892898823911,0.131711956522,0.172579191625,HLA-A*02:06
zhao-vaccine-cb1097c8202abd0c,MHCflurry,2.2.1,presentation,0.743768357287,higher,predicted,29.9902453284,0.221125,0.743768357287,0.366983695652,0.0127699622535,HLA-A*02:06
zhao-vaccine-6a9952f2ac9c73d8,MHCflurry,2.2.1,presentation,0.710193992488,higher,predicted,51.4068013479,0.1215,0.710193992488,0.42125,0.112862194888,HLA-B*40:01
zhao-vaccine-f06b64d4bf97a124,MHCflurry,2.2.1,presentation,0.395390724953,higher,predicted,303.041929897,0.339625,0.395390724953,1.07046195652,0.226550540421,HLA-B*67:01
zhao-vaccine-f015f92eb8c65959,MHCflurry,2.2.1,presentation,0.81573823375,higher,predicted,23.7680019969,0.148375,0.81573823375,0.254293478261,0.0682279983303,HLA-A*02:06
zhao-vaccine-f11917d7db4ada39,MHCflurry,2.2.1,presentation,0.935361122869,higher,predicted,53.6964102571,0.135375,0.935361122869,0.0685597826087,0.626726267859,HLA-B*40:01
zhao-vaccine-613756e440edc424,MHCflurry,2.2.1,presentation,0.292535891295,higher,predicted,453.032034878,0.660625,0.292535891295,1.39152173913,0.207382636145,HLA-B*40:01
zhao-vaccine-da5e353209a40617,MHCflurry,2.2.1,presentation,0.195879532343,higher,predicted,372.750968568,0.769125,0.195879532343,1.86442934783,0.00427689758726,HLA-B*35:01
zhao-vaccine-c71558be4c0f1af9,MHCflurry,2.2.1,presentation,0.600549253894,higher,predicted,107.518538761,0.31675,0.600549253894,0.615380434783,0.177354564308,HLA-B*35:01
zhao-vaccine-fade937a83b19822,MHCflurry,2.2.1,presentation,0.788104968598,higher,predicted,36.9712378753,0.036125,0.788104968598,0.29597826087,0.140285295434,HLA-B*15:01
zhao-vaccine-db87e0dbaca0d72a,MHCflurry,2.2.1,presentation,0.0598644262573,higher,predicted,3235.34351739,2.601,0.0598644262573,4.39192934783,0.218339831801,HLA-B*15:01
zhao-vaccine-c9db65c1907c2f77,MHCflurry,2.2.1,presentation,0.689797273517,higher,predicted,53.8117768613,0.1225,0.689797273517,0.454836956522,0.0979552729987,HLA-A*24:02
zhao-vaccine-653ce61563cfa368,MHCflurry,2.2.1,presentation,0.921882950482,higher,predicted,95.8354445936,0.35675,0.921882950482,0.0888043478261,0.728131562471,HLA-B*15:01
zhao-vaccine-8c82294b8ef6ef37,MHCflurry,2.2.1,presentation,0.0636340902402,higher,predicted,1848.605398,5.944875,0.0636340902402,4.15711956522,0.0830747853033,HLA-C*03:03
zhao-vaccine-89b8be7d7def609d,MHCflurry,2.2.1,presentation,0.218208271596,higher,predicted,566.585320308,0.955375,0.218208271596,1.73173913043,0.157700651325,HLA-B*35:01
zhao-vaccine-d06b3454cfc7d74e,MHCflurry,2.2.1,presentation,0.350110635868,higher,predicted,990.202969382,1.542,0.350110635868,1.19866847826,0.496827516705,HLA-B*15:01
zhao-vaccine-f617bbebb60664b7,MHCflurry,2.2.1,presentation,0.48273148385,higher,predicted,549.180874989,0.90875,0.48273148385,0.858478260869,0.490286219865,HLA-A*24:02
zhao-vaccine-3a526a6437849961,MHCflurry,2.2.1,presentation,0.0491120288926,higher,predicted,4871.70697641,0.164125,0.0491120288926,5.14921195652,0.271541185677,HLA-A*26:03
zhao-vaccine-b11e8dbcf5c8593f,MHCflurry,2.2.1,presentation,0.0304526795087,higher,predicted,3191.97996875,1.97225,0.0304526795087,8.01565217391,0.0148931193835,HLA-A*24:02
zhao-vaccine-47e5e89b76063222,MHCflurry,2.2.1,presentation,0.00487055840733,higher,predicted,31273.3060982,16.81675,0.00487055840733,62.744673913,0.116002792376,HLA-A*26:03
zhao-vaccine-bb31a5226daef6cb,MHCflurry,2.2.1,presentation,0.195342919156,higher,predicted,2746.3931115,1.851,0.195342919156,1.86442934783,0.551603231579,HLA-A*24:02
zhao-vaccine-ffbe2fce3b2bcb9b,MHCflurry,2.2.1,presentation,0.097511479291,higher,predicted,867.560477826,4.746375,0.097511479291,2.97065217391,0.00643566671351,HLA-C*12:02
zhao-vaccine-e07e0fa3e619dfb3,MHCflurry,2.2.1,presentation,0.600287778605,higher,predicted,100.288826432,0.130125,0.600287778605,0.615380434783,0.157936171279,HLA-B*54:01
zhao-vaccine-8ec26eb23f396652,MHCflurry,2.2.1,presentation,0.785369516073,higher,predicted,79.6045803777,0.065375,0.785369516073,0.300923913043,0.346229559742,HLA-A*26:02
zhao-vaccine-4a579e89601e7a16,MHCflurry,2.2.1,presentation,0.688587043505,higher,predicted,52.3622812277,0.239625,0.688587043505,0.457989130435,0.0888619226462,HLA-A*11:01
zhao-vaccine-c1d91edb6f2ec47b,MHCflurry,2.2.1,presentation,0.188267983517,higher,predicted,505.137422397,0.544,0.188267983517,1.91288043478,0.0738501099404,HLA-B*54:01
zhao-vaccine-72726c139f67b795,MHCflurry,2.2.1,presentation,0.683207826664,higher,predicted,42.4773414874,0.163,0.683207826664,0.46589673913,0.0243670835625,HLA-A*11:01
zhao-vaccine-cca85c5f54c03406,MHCflurry,2.2.1,presentation,0.570280842126,higher,predicted,66.7370200289,0.333375,0.570280842126,0.675788043478,0.011165379954,HLA-A*11:01
zhao-vaccine-0b159fd368dd378e,MHCflurry,2.2.1,presentation,0.0893673599156,higher,predicted,984.515139246,0.474,0.0893673599156,3.15885869565,0.0139659384149,HLA-A*26:02
zhao-vaccine-0d32134ee9a1c1e9,MHCflurry,2.2.1,presentation,0.00505129429984,higher,predicted,20378.0042285,5.30675,0.00505129429984,46.224673913,0.00876488762879,HLA-A*26:02
zhao-vaccine-d6ff8f98181fc5e2,MHCflurry,2.2.1,presentation,0.833882335374,higher,predicted,22.4137784195,0.12525,0.833882335374,0.223885869565,0.087638261728,HLA-A*02:01
zhao-vaccine-cc92e6999b763405,MHCflurry,2.2.1,presentation,0.0715711542161,higher,predicted,8242.11359407,4.942625,0.0715711542161,3.7645923913,0.529089774936,HLA-A*02:06
zhao-vaccine-c184a6b978d8f6b9,MHCflurry,2.2.1,presentation,0.835319836882,higher,predicted,105.512826393,0.705375,0.835319836882,0.222663043478,0.515884855762,HLA-A*02:06
zhao-vaccine-d2e3d30a8e2ae2ef,MHCflurry,2.2.1,presentation,0.91276415355,higher,predicted,21.9194522176,0.1195,0.91276415355,0.1025,0.289101696108,HLA-A*02:01
zhao-vaccine-3e39a16929680e56,MHCflurry,2.2.1,presentation,0.0822946984435,higher,predicted,3730.02105584,3.263625,0.0822946984435,3.35877717391,0.354167243466,HLA-A*02:06
zhao-vaccine-99c9f8800047835e,MHCflurry,2.2.1,presentation,0.015212885402,higher,predicted,14713.8191459,7.85975,0.015212885402,15.160951087,0.233862468041,HLA-A*02:06
zhao-vaccine-4f15ebf0cc570314,MHCflurry,2.2.1,presentation,0.185786643221,higher,predicted,397.972424438,1.357125,0.185786643221,1.93385869565,0.00377447082428,HLA-A*02:06
zhao-vaccine-8e9dff058c4dbaa7,MHCflurry,2.2.1,presentation,0.652709610458,higher,predicted,328.229252336,0.57425,0.652709610458,0.519483695652,0.54684208706,HLA-B*15:07
zhao-vaccine-6cb85a15b9145556,MHCflurry,2.2.1,presentation,0.45482048122,higher,predicted,301.335741763,0.545875,0.45482048122,0.922608695652,0.293820905965,HLA-B*15:07
zhao-vaccine-944c5ddaf90c82cc,MHCflurry,2.2.1,presentation,0.0180190943481,higher,predicted,5511.37415145,2.7265,0.0180190943481,12.8054619565,0.0129265234282,HLA-B*15:07
zhao-vaccine-9340e0b1f4dc7863,MHCflurry,2.2.1,presentation,0.122272995913,higher,predicted,661.204012536,3.384,0.122272995913,2.54364130435,0.00368415258708,HLA-C*03:03
zhao-vaccine-c5bcc740de8ab116,MHCflurry,2.2.1,presentation,0.55593910764,higher,predicted,78.6165366436,0.4485,0.55593910764,0.703994565217,0.0396632829215,HLA-C*03:03
zhao-vaccine-d4b2ec84b19120e6,MHCflurry,2.2.1,presentation,0.833552104082,higher,predicted,204.356107386,0.53275,0.833552104082,0.225298913043,0.693747073412,HLA-A*24:02
zhao-vaccine-fbe1c72a258123e4,MHCflurry,2.2.1,presentation,0.192871968689,higher,predicted,391.155931194,1.367,0.192871968689,1.88429347826,0.0120800658515,HLA-A*02:03
zhao-vaccine-5dd0d746e26b0604,MHCflurry,2.2.1,presentation,0.0313565775079,higher,predicted,3134.93995694,5.64975,0.0313565775079,7.77809782609,0.0184735277435,HLA-C*12:03
zhao-vaccine-814632626ebe017e,MHCflurry,2.2.1,presentation,0.522403806087,higher,predicted,504.004209429,1.494625,0.522403806087,0.774945652174,0.511594858021,HLA-A*02:06
zhao-vaccine-0a1dbcd3feca07b8,MHCflurry,2.2.1,presentation,0.00395765439702,higher,predicted,26577.3454763,15.745,0.00395765439702,99.2866032609,0.0124116862717,HLA-B*07:02
zhao-vaccine-8e8ef0aa252f8088,MHCflurry,2.2.1,presentation,0.302610695577,higher,predicted,526.262295561,0.95225,0.302610695577,1.35619565217,0.262142489664,HLA-B*07:02
zhao-vaccine-4e7da546c9997730,MHCflurry,2.2.1,presentation,0.780144311346,higher,predicted,25.2118061209,0.0035,0.780144311346,0.308858695652,0.0218911470147,HLA-A*33:03
zhao-vaccine-587ceac3b1a5e6c2,MHCflurry,2.2.1,presentation,0.991095357916,higher,predicted,16.0400597628,0.054,0.991095357916,0.000842391304317,0.871623247862,HLA-A*02:01
zhao-vaccine-fb86bd9fe3f5507b,MHCflurry,2.2.1,presentation,0.902226875307,higher,predicted,13.8520201218,0.03125,0.902226875307,0.118152173913,0.127592037898,HLA-A*02:01
zhao-vaccine-8fd9a4ebb7a5b5c0,MHCflurry,2.2.1,presentation,0.790630568207,higher,predicted,25.0145143077,0.150625,0.790630568207,0.292527173913,0.0373207296871,HLA-A*02:01
zhao-vaccine-b1694ee7a23598c2,MHCflurry,2.2.1,presentation,0.777356987966,higher,predicted,25.4021175082,0.1535,0.777356987966,0.313695652174,0.0193833878729,HLA-A*02:01
zhao-vaccine-5eb10cfe95b8bda7,MHCflurry,2.2.1,presentation,0.379673939229,higher,predicted,164.142486539,0.803,0.379673939229,1.1116576087,0.0395035725087,HLA-A*02:01
zhao-vaccine-2d8d532720213eac,MHCflurry,2.2.1,presentation,0.271491947499,higher,predicted,940.837356125,0.972625,0.271491947499,1.47298913043,0.378632875159,HLA-B*58:01
zhao-vaccine-748f6e43c22911b6,MHCflurry,2.2.1,presentation,0.714848459363,higher,predicted,53.2658714784,0.104125,0.714848459363,0.41339673913,0.129037707578,HLA-B*58:01
zhao-vaccine-a101d49a478c72bd,MHCflurry,2.2.1,presentation,0.967801575576,higher,predicted,16.8670060276,0.062875,0.967801575576,0.0225815217392,0.515418510884,HLA-A*02:01
zhao-vaccine-a0edaa74581fa67c,MHCflurry,2.2.1,presentation,0.0426648696557,higher,predicted,4488.59394894,3.08525,0.0426648696557,5.91375,0.20737056178,HLA-A*11:01
zhao-vaccine-e4858b6abb51f937,MHCflurry,2.2.1,presentation,0.243699356795,higher,predicted,320.37223537,0.403875,0.243699356795,1.5977173913,0.0417702964914,HLA-B*54:01
zhao-vaccine-1af9b30e1a5e4022,MHCflurry,2.2.1,presentation,0.58443858445,higher,predicted,85.674647654,0.43625,0.58443858445,0.646739130435,0.0961440321989,HLA-A*11:01
zhao-vaccine-f1a5af131974bd0b,MHCflurry,2.2.1,presentation,0.0692915661453,higher,predicted,1896.2863905,2.134875,0.0692915661453,3.85252717391,0.115852146875,HLA-A*11:01
zhao-vaccine-0c19e14dba1e42b4,MHCflurry,2.2.1,presentation,0.937768905267,higher,predicted,22.7858977394,0.00725,0.937768905267,0.0657880434783,0.402846363373,HLA-A*11:01
zhao-vaccine-062e0a4b0e686c90,MHCflurry,2.2.1,presentation,0.0342656922762,higher,predicted,2678.58473774,2.45625,0.0342656922762,7.14706521739,0.00120838257681,HLA-A*11:01
zhao-vaccine-476198a6046e6b3f,MHCflurry,2.2.1,presentation,0.929193222043,higher,predicted,52.460553054,0.11675,0.929193222043,0.0778260869565,0.592704825103,HLA-A*24:02
zhao-vaccine-08a566e6459e92e2,MHCflurry,2.2.1,presentation,0.736033071357,higher,predicted,92.0102471907,0.279875,0.736033071357,0.380625,0.309174450114,HLA-A*24:02
zhao-vaccine-948f57640c27f6a4,MHCflurry,2.2.1,presentation,0.902472168224,higher,predicted,35.1061945849,0.09725,0.902472168224,0.118152173913,0.383685085922,HLA-A*11:01
zhao-vaccine-92fa162c7917d129,MHCflurry,2.2.1,presentation,0.324198491208,higher,predicted,192.65835573,0.512625,0.324198491208,1.28277173913,0.0146270926052,HLA-B*35:01
zhao-vaccine-a24e8d0c596fcd11,MHCflurry,2.2.1,presentation,0.901381420854,higher,predicted,39.3985061316,0.0635,0.901381420854,0.119619565217,0.411867959425,HLA-B*35:01
zhao-vaccine-ce24e3f91c9fcc89,MHCflurry,2.2.1,presentation,0.90006779447,higher,predicted,34.8653461269,0.268375,0.90006779447,0.121195652174,0.374157739803,HLA-A*02:06
zhao-vaccine-aba6efbe2e8d61b9,MHCflurry,2.2.1,presentation,0.43119982174,higher,predicted,239.861079774,1.177125,0.43119982174,0.978722826087,0.204119778937,HLA-A*33:03
zhao-vaccine-2e4420aa46f43efe,MHCflurry,2.2.1,presentation,0.136688910696,higher,predicted,750.750617734,1.875,0.136688910696,2.36703804348,0.0747342827963,HLA-A*33:03
zhao-vaccine-b1d75c3e5bc3145b,MHCflurry,2.2.1,presentation,0.051047309737,higher,predicted,1849.19469822,0.928875,0.051047309737,5.05404891304,0.0170965578654,HLA-B*67:01
zhao-vaccine-653abff2c7dbeb4e,MHCflurry,2.2.1,presentation,0.669324382701,higher,predicted,100.703768361,0.10925,0.669324382701,0.49160326087,0.243426897912,HLA-B*67:01
zhao-vaccine-8412f6129880042f,MHCflurry,2.2.1,presentation,0.066941617657,higher,predicted,1744.46531455,2.06625,0.066941617657,3.99690217391,0.0824777749076,HLA-A*11:01
zhao-vaccine-b9cb69f374205b32,MHCflurry,2.2.1,presentation,0.125556252536,higher,predicted,2345.5237328,2.330125,0.125556252536,2.50355978261,0.359853798058,HLA-A*11:01
zhao-vaccine-1aa9762a4d76dda9,MHCflurry,2.2.1,presentation,0.0185903197035,higher,predicted,6850.89911924,3.79675,0.0185903197035,12.8054619565,0.0816419975599,HLA-A*11:01
zhao-vaccine-ed8321fccc8a12c1,MHCflurry,2.2.1,presentation,0.482752203997,higher,predicted,214.323592071,0.115875,0.482752203997,0.858478260869,0.231985048624,HLA-A*26:01
zhao-vaccine-f07f258117264300,MHCflurry,2.2.1,presentation,0.376313156202,higher,predicted,154.907929751,0.441,0.376313156202,1.12252717391,0.0195666286163,HLA-A*24:02
zhao-vaccine-fce720b3ba2ba141,MHCflurry,2.2.1,presentation,0.571669052246,higher,predicted,67.0066060829,0.184625,0.571669052246,0.671467391304,0.0138738559035,HLA-A*24:02
zhao-vaccine-3b847886ab646802,MHCflurry,2.2.1,presentation,0.0163332750277,higher,predicted,6083.47000803,2.72475,0.0163332750277,14.2770380435,0.0117929437547,HLA-B*54:01
zhao-vaccine-8e8117b5c5782698,MHCflurry,2.2.1,presentation,0.843877293504,higher,predicted,41.4595457006,0.072625,0.843877293504,0.208940217391,0.277397338301,HLA-B*40:06
zhao-vaccine-dca95adb5fcdf592,MHCflurry,2.2.1,presentation,0.0447507149932,higher,predicted,2171.24311631,1.289,0.0447507149932,5.671875,0.0220968215726,HLA-B*54:01
zhao-vaccine-0e4e9c333e92b287,MHCflurry,2.2.1,presentation,0.373194312261,higher,predicted,281.439369373,0.141125,0.373194312261,1.13070652174,0.179727782495,HLA-A*26:01
zhao-vaccine-af57e5cb49a1b3d7,MHCflurry,2.2.1,presentation,0.498836022855,higher,predicted,125.291355581,0.376,0.498836022855,0.82277173913,0.102791473735,HLA-A*24:02
zhao-vaccine-1112c9b9b46720e7,MHCflurry,2.2.1,presentation,0.00344230559542,higher,predicted,30988.9999177,21.6235,0.00344230559542,99.2866032609,0.0149967918551,HLA-A*26:01
zhao-vaccine-033a1b3d78898765,MHCflurry,2.2.1,presentation,0.859568684988,higher,predicted,43.2826599325,0.06325,0.859568684988,0.185489130435,0.324356775265,HLA-B*40:01
zhao-vaccine-7ba22a1143f5d992,MHCflurry,2.2.1,presentation,0.381679677866,higher,predicted,209.330552315,0.490625,0.381679677866,1.105625,0.108670318034,HLA-B*40:01
zhao-vaccine-1e9f45fe3cc9ac63,MHCflurry,2.2.1,presentation,0.475024030845,higher,predicted,379.114994883,0.390875,0.475024030845,0.877119565217,0.379816076253,HLA-B*67:01
zhao-vaccine-5e908d937d39faff,MHCflurry,2.2.1,presentation,0.809972977572,higher,predicted,160.128918479,0.196625,0.809972977572,0.261956521739,0.581236310303,HLA-B*67:01
zhao-vaccine-f3877179230c6cee,MHCflurry,2.2.1,presentation,0.025798296001,higher,predicted,11563.6824378,0.597,0.025798296001,9.49423913043,0.320053921081,HLA-A*26:03
zhao-vaccine-4ecfbac6e637b799,MHCflurry,2.2.1,presentation,0.637585072741,higher,predicted,50.3079020571,0.113625,0.637585072741,0.547092391304,0.0132565217937,HLA-B*40:01
zhao-vaccine-14b4f65b1f45bcbf,MHCflurry,2.2.1,presentation,0.580005602805,higher,predicted,192.196549306,0.23825,0.580005602805,0.655597826087,0.31280970946,HLA-B*67:01
zhao-vaccine-f91297d3a00de2d2,MHCflurry,2.2.1,presentation,0.0774578652678,higher,predicted,9307.5990994,1.42525,0.0774578652678,3.52692934783,0.586604442447,HLA-A*26:01
zhao-vaccine-4844706cc9fa4d1b,MHCflurry,2.2.1,presentation,0.155354642177,higher,predicted,2392.49962285,0.540875,0.155354642177,2.17339673913,0.435286216438,HLA-A*26:01
zhao-vaccine-da2194e4a86ae034,MHCflurry,2.2.1,presentation,0.13124702447,higher,predicted,1282.98197775,0.545,0.13124702447,2.42600543478,0.208592521027,HLA-A*26:02
zhao-vaccine-9c48013f878a865c,MHCflurry,2.2.1,presentation,0.941222924392,higher,predicted,35.3807027777,0.017875,0.941222924392,0.0601358695652,0.540828537196,HLA-B*07:02
zhao-vaccine-3da711f6f654d036,MHCflurry,2.2.1,presentation,0.391061966348,higher,predicted,148.593733034,0.48025,0.391061966348,1.08073369565,0.0257714331965,HLA-B*07:02
zhao-vaccine-34689bf638cfdb3d,MHCflurry,2.2.1,presentation,0.269406684649,higher,predicted,303.265736122,1.941125,0.269406684649,1.48214673913,0.0648238941794,HLA-C*03:03
zhao-vaccine-3accaf032fdb315d,MHCflurry,2.2.1,presentation,0.0117862002924,higher,predicted,12049.6442413,17.55975,0.0117862002924,20.2322554348,0.105908771744,HLA-C*03:03
zhao-vaccine-7dac8ac91244377f,MHCflurry,2.2.1,presentation,0.0124711689683,higher,predicted,13962.3212383,2.991,0.0124711689683,18.6179891304,0.162517857738,HLA-A*26:02
zhao-vaccine-40e47cdb16d89757,MHCflurry,2.2.1,presentation,0.0832022253969,higher,predicted,4614.63019676,1.168375,0.0832022253969,3.32657608696,0.415973382071,HLA-A*26:02
zhao-vaccine-aefefb4cdc17d9f1,MHCflurry,2.2.1,presentation,0.00940903985031,higher,predicted,11494.999005,2.4075,0.00940903985031,24.5792391304,0.0286266267649,HLA-A*26:02
zhao-vaccine-8050a70c910bdf1a,MHCflurry,2.2.1,presentation,0.582464196608,higher,predicted,317.559846788,2.009875,0.582464196608,0.651005434783,0.45352357626,HLA-C*03:03
zhao-vaccine-ac96e34d65a393e8,MHCflurry,2.2.1,presentation,0.61142353255,higher,predicted,59.311123293,0.14875,0.61142353255,0.594076086956,0.0269135741546,HLA-A*24:02
zhao-vaccine-b4d038d59719dff9,MHCflurry,2.2.1,presentation,0.485386572477,higher,predicted,225.259484882,0.94625,0.485386572477,0.85375,0.248629038222,HLA-A*02:01
zhao-vaccine-9e1085e0289a57d9,MHCflurry,2.2.1,presentation,0.015304321894,higher,predicted,13164.4975345,6.89975,0.015304321894,15.160951087,0.205036264379,HLA-A*02:01
zhao-vaccine-178a58421c8cfa58,MHCflurry,2.2.1,presentation,0.412745363861,higher,predicted,274.010441477,0.633375,0.412745363861,1.02394021739,0.219275568612,HLA-A*24:02
zhao-vaccine-4a6ee428b3d6f1f9,MHCflurry,2.2.1,presentation,0.158191804432,higher,predicted,1253.07232291,5.71675,0.158191804432,2.14633152174,0.263797042426,HLA-C*12:02
zhao-vaccine-105dd4c375a2930a,MHCflurry,2.2.1,presentation,0.365448762244,higher,predicted,196.426513157,1.876875,0.365448762244,1.15008152174,0.0715969000012,HLA-C*12:02
zhao-vaccine-f2e66f35c41716e3,MHCflurry,2.2.1,presentation,0.598929846095,higher,predicted,57.2394577298,0.398125,0.598929846095,0.617282608696,0.00237328999356,HLA-A*02:01
zhao-vaccine-8abeb04ad206babd,MHCflurry,2.2.1,presentation,0.982524100135,higher,predicted,12.620735087,0.019375,0.982524100135,0.0052445652174,0.612781345379,HLA-A*02:01
zhao-vaccine-346901b6cb8320ce,MHCflurry,2.2.1,presentation,0.984280233763,higher,predicted,21.3446087219,0.11325,0.984280233763,0.00372282608696,0.78747677803,HLA-A*02:01
zhao-vaccine-bc928fd98bebcbe4,MHCflurry,2.2.1,presentation,0.980426389024,higher,predicted,35.1282350429,0.002,0.980426389024,0.00725543478262,0.86117323488,HLA-B*54:01
zhao-vaccine-812386af1a37b5a2,MHCflurry,2.2.1,presentation,0.398271212128,higher,predicted,132.495717526,0.185375,0.398271212128,1.06298913043,0.00282033196527,HLA-B*54:01
zhao-vaccine-cd4c3877e1df5df8,MHCflurry,2.2.1,presentation,0.916875980829,higher,predicted,27.2706605611,0.168875,0.916875980829,0.0961956521739,0.363987525925,HLA-A*02:01
zhao-vaccine-37cd8d397d30c00a,MHCflurry,2.2.1,presentation,0.474574575857,higher,predicted,176.948582601,0.83925,0.474574575857,0.877119565217,0.170113598811,HLA-A*02:01
zhao-vaccine-69589f3e984c8850,MHCflurry,2.2.1,presentation,0.00694111552659,higher,predicted,14583.1848521,5.315125,0.00694111552659,37.359048913,0.00727175254724,HLA-A*24:02
zhao-vaccine-6138d66158ae812f,MHCflurry,2.2.1,presentation,0.898268868743,higher,predicted,36.5449773889,0.254125,0.898268868743,0.124184782609,0.381466833875,HLA-A*02:01
zhao-vaccine-f89aafae5b4bb03a,MHCflurry,2.2.1,presentation,0.282039468702,higher,predicted,1219.53273354,1.66425,0.282039468702,1.43201086957,0.464757174253,HLA-A*31:01
zhao-vaccine-d24f1d08ffeb3dab,MHCflurry,2.2.1,presentation,0.897622806664,higher,predicted,30.0691654158,0.047,0.897622806664,0.125516304348,0.325927248225,HLA-A*31:01
zhao-vaccine-15f900835dd0ed74,MHCflurry,2.2.1,presentation,0.878687997689,higher,predicted,52.0659531208,0.21,0.878687997689,0.156630434783,0.42266247794,HLA-A*31:01
zhao-vaccine-b4c900974a4cb22d,MHCflurry,2.2.1,presentation,0.644609311304,higher,predicted,51.4546231562,0.362,0.644609311304,0.534701086956,0.0280726144119,HLA-A*02:01
zhao-vaccine-4877473089ccabe2,MHCflurry,2.2.1,presentation,0.0270342576066,higher,predicted,8807.6159377,4.022125,0.0270342576066,8.83929347826,0.258895192528,HLA-A*31:01
zhao-vaccine-57da1458d87b5cd8,MHCflurry,2.2.1,presentation,0.0944752423087,higher,predicted,4763.33070492,3.415,0.0944752423087,3.0372826087,0.46409001993,HLA-A*02:01
zhao-vaccine-7cda442e2003096d,MHCflurry,2.2.1,presentation,0.0560780223054,higher,predicted,2006.59281274,2.30425,0.0560780223054,4.58573369565,0.0675905812532,HLA-A*02:01
zhao-vaccine-c9ac16c653d4ad34,MHCflurry,2.2.1,presentation,0.700422827454,higher,predicted,134.641577485,0.580875,0.700422827454,0.438206521739,0.363912677392,HLA-A*31:01
zhao-vaccine-5bb46d67d4132b05,MHCflurry,2.2.1,presentation,0.014558230021,higher,predicted,6813.74849005,3.4365,0.014558230021,16.1575543478,0.00989043748996,HLA-A*31:01
zhao-vaccine-22b245e10cc5f7eb,MHCflurry,2.2.1,presentation,0.0259569479111,higher,predicted,5156.3029409,3.801,0.0259569479111,9.49423913043,0.100101752469,HLA-A*02:06
zhao-vaccine-0c5f2cf1a9f96611,MHCflurry,2.2.1,presentation,0.00500663012525,higher,predicted,25192.0496775,19.6065,0.00500663012525,46.224673913,0.0644640472601,HLA-A*02:06
zhao-vaccine-fdb9bb32b532156a,MHCflurry,2.2.1,presentation,0.541100228653,higher,predicted,82.5082587653,0.59725,0.541100228653,0.735570652174,0.0359912447166,HLA-A*02:06
zhao-vaccine-09ce50e75ae0ded3,MHCflurry,2.2.1,presentation,0.692556666643,higher,predicted,117.698843909,0.755875,0.692556666643,0.45097826087,0.316473113839,HLA-A*02:06
zhao-vaccine-17602f761fea6700,MHCflurry,2.2.1,presentation,0.00454684315838,higher,predicted,25231.7001659,19.6065,0.00454684315838,62.744673913,0.0375390194822,HLA-A*02:06
zhao-vaccine-23b1162fe09c3a71,MHCflurry,2.2.1,presentation,0.596741490123,higher,predicted,94.7560759134,0.6595,0.596741490123,0.62125,0.138185393298,HLA-A*02:06
zhao-vaccine-adf230b14ce59796,MHCflurry,2.2.1,presentation,0.0516995059359,higher,predicted,1913.53608574,2.46575,0.0516995059359,4.96864130435,0.0302689815871,HLA-A*02:06
zhao-vaccine-1844a0b8148bd71d,MHCflurry,2.2.1,presentation,0.0959263824299,higher,predicted,1027.76582202,1.955875,0.0959263824299,3.01372282609,0.0478301695548,HLA-A*02:06
zhao-vaccine-6b2a399d57d8a512,MHCflurry,2.2.1,presentation,0.156656663061,higher,predicted,496.881167108,1.4885,0.156656663061,2.16448369565,0.00657691527158,HLA-A*02:06
zhao-vaccine-666279e80bba84cd,MHCflurry,2.2.1,presentation,0.773747491263,higher,predicted,51.1221079688,0.114,0.773747491263,0.319945652174,0.205530697363,HLA-B*07:02
zhao-vaccine-a3b9a38a195ea306,MHCflurry,2.2.1,presentation,0.984840295924,higher,predicted,29.6463287235,0.001125,0.984840295924,0.00372282608696,0.888087689877,HLA-B*07:02
zhao-vaccine-a99dea8872b2c603,MHCflurry,2.2.1,presentation,0.58194494394,higher,predicted,61.4985622162,0.2755,0.58194494394,0.651005434783,0.00222318882879,HLA-A*31:01
zhao-vaccine-38518cce6ca2ffcb,MHCflurry,2.2.1,presentation,0.720012757238,higher,predicted,74.5156244988,0.349625,0.720012757238,0.404836956522,0.228404054418,HLA-A*31:01
zhao-vaccine-c06c5c593b790451,MHCflurry,2.2.1,presentation,0.93567218651,higher,predicted,62.8454222572,0.1675,0.93567218651,0.0685597826087,0.671377360821,HLA-A*24:02
zhao-vaccine-20a5c1bd7ed8243c,MHCflurry,2.2.1,presentation,0.0208722635321,higher,predicted,4567.80060218,2.824375,0.0208722635321,11.630326087,0.00373978243806,HLA-A*31:01
zhao-vaccine-bf796feb0fa45107,MHCflurry,2.2.1,presentation,0.833552104082,higher,predicted,204.356107386,0.53275,0.833552104082,0.225298913043,0.693747073412,HLA-A*24:02
zhao-vaccine-94d4dd10565ce56a,MHCflurry,2.2.1,presentation,0.968302905182,higher,predicted,51.0471812843,0.230375,0.968302905182,0.0214130434783,0.824021726847,HLA-A*11:01
zhao-vaccine-09d399e83ab7a200,MHCflurry,2.2.1,presentation,0.592692270146,higher,predicted,83.6043933847,0.250875,0.592692270146,0.629483695652,0.0990622092504,HLA-A*24:02
zhao-vaccine-57cf9d6748f03a4a,MHCflurry,2.2.1,presentation,0.232576580629,higher,predicted,2657.37448863,2.45625,0.232576580629,1.65130434783,0.605257157236,HLA-A*11:01
zhao-vaccine-8ad9b3db50bd44f6,MHCflurry,2.2.1,presentation,0.607774322165,higher,predicted,63.6078893162,0.288625,0.607774322165,0.599945652174,0.0417811477091,HLA-A*31:01
zhao-vaccine-e7a31769d0def8cc,MHCflurry,2.2.1,presentation,0.396470831565,higher,predicted,139.271284781,0.40125,0.396470831565,1.06546195652,0.0143875744834,HLA-B*35:01
zhao-vaccine-f31f5559dc01f968,MHCflurry,2.2.1,presentation,0.160552583175,higher,predicted,689.218445799,1.046625,0.160552583175,2.12934782609,0.10465959477,HLA-B*35:01
zhao-vaccine-801998d39a01c402,MHCflurry,2.2.1,presentation,0.0730400569098,higher,predicted,1329.1926321,1.432,0.0730400569098,3.72010869565,0.0343327211449,HLA-B*35:01
zhao-vaccine-e97f71e837688aaa,MHCflurry,2.2.1,presentation,0.00500511235271,higher,predicted,24052.5071542,7.78325,0.00500511235271,46.224673913,0.0516697429121,HLA-A*26:02
zhao-vaccine-94d6274ea0765859,MHCflurry,2.2.1,presentation,0.817973996937,higher,predicted,20.4742867582,0.000375,0.817973996937,0.249918478261,0.0314989000326,HLA-C*03:03
zhao-vaccine-8425d1356c40e035,MHCflurry,2.2.1,presentation,0.508281777081,higher,predicted,114.101786355,0.166125,0.508281777081,0.804293478261,0.0877877915045,HLA-B*07:05
zhao-vaccine-9c842e77e6554e48,MHCflurry,2.2.1,presentation,0.510110504981,higher,predicted,90.7512849729,0.377,0.510110504981,0.800380434782,0.0269953050883,HLA-A*29:01
zhao-vaccine-cd64ae47949e3e72,MHCflurry,2.2.1,presentation,0.504857800556,higher,predicted,124.941026242,0.504875,0.504857800556,0.810815217391,0.10883079737,HLA-A*29:01
zhao-vaccine-6cf2c368188f7ae7,MHCflurry,2.2.1,presentation,0.0150335669264,higher,predicted,8136.32786957,4.162625,0.0150335669264,15.160951087,0.0678098032949,HLA-A*29:01
zhao-vaccine-76ba058c8a28fd7a,MHCflurry,2.2.1,presentation,0.0669135552742,higher,predicted,1946.02084418,2.0655,0.0669135552742,3.99690217391,0.11236843653,HLA-A*29:01
zhao-vaccine-6084bbd3ff94c4d6,MHCflurry,2.2.1,presentation,0.812595198963,higher,predicted,60.898181304,0.238125,0.812595198963,0.258967391304,0.320659795776,HLA-A*29:01
zhao-vaccine-2d7a1bc0613aae0d,MHCflurry,2.2.1,presentation,0.0585853117772,higher,predicted,1639.15926805,1.633,0.0585853117772,4.4545923913,0.0251780747203,HLA-B*39:02
zhao-vaccine-03696ce8c63ebae8,MHCflurry,2.2.1,presentation,0.0654604842926,higher,predicted,4698.61950658,3.621125,0.0654604842926,4.0479076087,0.347724292427,HLA-A*02:06
zhao-vaccine-4d5941ad71cd0b01,MHCflurry,2.2.1,presentation,0.946363539304,higher,predicted,17.5402543137,0.07125,0.946363539304,0.0523369565218,0.375600568019,HLA-A*02:06
zhao-vaccine-8251be1752bc8dcd,MHCflurry,2.2.1,presentation,0.798599631442,higher,predicted,34.4246856018,0.013375,0.798599631442,0.280951086956,0.138788097771,HLA-B*07:02
zhao-vaccine-e208fc7508babece,MHCflurry,2.2.1,presentation,0.590578351642,higher,predicted,68.314557008,0.21275,0.590578351642,0.635217391304,0.0411398267024,HLA-B*07:02
zhao-vaccine-100390c97594b382,MHCflurry,2.2.1,presentation,0.861221012729,higher,predicted,46.5928939973,0.2135,0.861221012729,0.18214673913,0.348477172898,HLA-A*33:03
zhao-vaccine-1c199c518ce694cb,MHCflurry,2.2.1,presentation,0.574418490112,higher,predicted,70.7110993048,0.544125,0.574418490112,0.667445652174,0.0318232923164,HLA-B*40:02
zhao-vaccine-d51c26cc1204892e,MHCflurry,2.2.1,presentation,0.548126359396,higher,predicted,525.492847605,1.645625,0.548126359396,0.721005434782,0.552289776504,HLA-A*33:03
zhao-vaccine-ace8856de2b9d7b3,MHCflurry,2.2.1,presentation,0.741679808819,higher,predicted,39.8284826067,0.09,0.741679808819,0.371739130435,0.0875701541081,HLA-B*40:02
zhao-vaccine-83da3c5b9955b6ac,MHCflurry,2.2.1,presentation,0.82650224213,higher,predicted,61.4807887344,0.160375,0.82650224213,0.236684782609,0.349862951785,HLA-B*35:01
zhao-vaccine-1ce93697a045b24c,MHCflurry,2.2.1,presentation,0.00763240360487,higher,predicted,13008.3861124,5.690125,0.00763240360487,31.6431793478,0.00292916878243,HLA-A*11:01
zhao-vaccine-00ac0fab7dc987f2,MHCflurry,2.2.1,presentation,0.97312183449,higher,predicted,23.5399769308,0.003875,0.97312183449,0.0153804347826,0.659527722746,HLA-B*35:01
zhao-vaccine-0f950ec7c02f9245,MHCflurry,2.2.1,presentation,0.806927172213,higher,predicted,44.28951359,0.06875,0.806927172213,0.266956521739,0.222831607796,HLA-B*07:02
zhao-vaccine-5ba15d97b5c72d95,MHCflurry,2.2.1,presentation,0.973428364815,higher,predicted,39.5761420478,0.027875,0.973428364815,0.0153804347826,0.805488608778,HLA-C*07:02
zhao-vaccine-02101f99d9930118,MHCflurry,2.2.1,presentation,0.750446008425,higher,predicted,73.0891317273,0.067875,0.750446008425,0.357744565217,0.267320690444,HLA-B*59:01
zhao-vaccine-b0c6fa65bdac2715,MHCflurry,2.2.1,presentation,0.127142215917,higher,predicted,1832.89740984,1.575875,0.127142215917,2.4772826087,0.296210449189,HLA-B*07:02
zhao-vaccine-017943547834366f,MHCflurry,2.2.1,presentation,0.976110412842,higher,predicted,31.5175728997,0.003875,0.976110412842,0.0120923913044,0.773831829429,HLA-B*07:02
zhao-vaccine-9f9a6c0bad07b12a,MHCflurry,2.2.1,presentation,0.792812087431,higher,predicted,40.6356178336,0.056625,0.792812087431,0.288179347826,0.174262922956,HLA-A*24:02
zhao-vaccine-281311a043c39d11,MHCflurry,2.2.1,presentation,0.0172170646614,higher,predicted,6144.0436021,2.758625,0.0172170646614,13.5008967391,0.0296609896468,HLA-B*07:02
zhao-vaccine-67ace035b9c07219,MHCflurry,2.2.1,presentation,0.995132830775,higher,predicted,11.6896962004,0.013,0.995132830775,0.000190217391278,0.95664203167,HLA-A*02:01
zhao-vaccine-6dfb4aaff25a87d1,MHCflurry,2.2.1,presentation,0.0146036603399,higher,predicted,13048.0910243,6.935875,0.0146036603399,16.1575543478,0.189151682192,HLA-A*02:06
zhao-vaccine-78a648a518e6de28,MHCflurry,2.2.1,presentation,0.00530638413331,higher,predicted,21117.7226553,13.041875,0.00530638413331,46.224673913,0.0325508022215,HLA-A*02:06
zhao-vaccine-37d860fc95091de9,MHCflurry,2.2.1,presentation,0.234986630123,higher,predicted,354.427467435,1.29925,0.234986630123,1.64182065217,0.0559770194814,HLA-A*02:06
zhao-vaccine-3ce7a0caddd675f9,MHCflurry,2.2.1,presentation,0.0176399080981,higher,predicted,6349.42304214,3.10825,0.0176399080981,13.5008967391,0.04566721234,HLA-B*35:01
zhao-vaccine-8293be323b8f2284,MHCflurry,2.2.1,presentation,0.0483668270567,higher,predicted,2021.66383249,2.672875,0.0483668270567,5.24777173913,0.0255351430387,HLA-A*33:03
zhao-vaccine-dc69e571bb1bc716,MHCflurry,2.2.1,presentation,0.582621510603,higher,predicted,83.0003729238,0.54375,0.582621510603,0.648804347826,0.085324644926,HLA-A*33:03
zhao-vaccine-d7fe439d720d67b1,MHCflurry,2.2.1,presentation,0.828726040649,higher,predicted,47.1298150491,0.2055,0.828726040649,0.233451086957,0.281290904619,HLA-A*02:07
zhao-vaccine-4235e6d69f92bbd5,MHCflurry,2.2.1,presentation,0.434450528335,higher,predicted,139.986033008,0.862125,0.434450528335,0.968722826087,0.0600186057854,HLA-A*33:03
zhao-vaccine-d02ba01dc53c000d,MHCflurry,2.2.1,presentation,0.569895287741,higher,predicted,178.105286722,0.48425,0.569895287741,0.675788043478,0.280212018639,HLA-B*35:01
zhao-vaccine-2cb0e7ca904e77d9,MHCflurry,2.2.1,presentation,0.710133223833,higher,predicted,871.944775882,1.173,0.710133223833,0.42125,0.889985449612,HLA-B*35:01
zhao-vaccine-f840dd851aae3824,MHCflurry,2.2.1,presentation,0.837361088423,higher,predicted,318.040726226,0.952125,0.837361088423,0.219673913043,0.823011271656,HLA-A*31:01
zhao-vaccine-68a434f6aca144e8,MHCflurry,2.2.1,presentation,0.425042151921,higher,predicted,133.204614178,0.578875,0.425042151921,0.994157608696,0.0355349186575,HLA-A*31:01
zhao-vaccine-0e1a76b226778434,MHCflurry,2.2.1,presentation,0.00507483064153,higher,predicted,20053.9583535,8.90125,0.00507483064153,46.224673913,0.00568471754013,HLA-A*31:01
zhao-vaccine-721dee814c7f8a57,MHCflurry,2.2.1,presentation,0.332975222377,higher,predicted,451.974088294,1.12225,0.332975222377,1.25293478261,0.259972404689,HLA-A*31:01
zhao-vaccine-8da882afc2068d8a,MHCflurry,2.2.1,presentation,0.953981718602,higher,predicted,40.3287589757,0.097625,0.953981718602,0.0411684782609,0.649735275656,HLA-B*40:02
zhao-vaccine-45383782e52dba9f,MHCflurry,2.2.1,presentation,0.763363675723,higher,predicted,28.8582300579,0.047375,0.763363675723,0.336711956522,0.0320421888027,HLA-A*11:01
zhao-vaccine-b12f5ac75bfe6b89,MHCflurry,2.2.1,presentation,0.822808825362,higher,predicted,50.4535232659,0.287625,0.822808825362,0.242798913043,0.28837486729,HLA-B*40:02
zhao-vaccine-0e0a9637ed1282c1,MHCflurry,2.2.1,presentation,0.664098492602,higher,predicted,92.3087626391,0.468,0.664098492602,0.500163043478,0.212882774882,HLA-A*11:01
zhao-vaccine-7abc1c35e3ccf355,MHCflurry,2.2.1,presentation,0.178876520319,higher,predicted,581.913926231,0.592875,0.178876520319,1.98277173913,0.0949812876061,HLA-B*54:01
zhao-vaccine-f318b7095b4ef52c,MHCflurry,2.2.1,presentation,0.178409966168,higher,predicted,433.165105354,0.494625,0.178409966168,1.98277173913,0.0130378073954,HLA-B*54:01
zhao-vaccine-78297893a7d3d0ba,MHCflurry,2.2.1,presentation,0.110573808873,higher,predicted,1637.58947392,1.091625,0.110573808873,2.72456521739,0.22050042334,HLA-B*54:01
zhao-vaccine-ca490b1797ede1e9,MHCflurry,2.2.1,presentation,0.806973533926,higher,predicted,51.0367892492,0.1115,0.806973533926,0.266956521739,0.261844970286,HLA-A*24:02
zhao-vaccine-9362a3e8b434e17a,MHCflurry,2.2.1,presentation,0.8578442034,higher,predicted,29.7364076813,0.045,0.8578442034,0.188586956522,0.217283284757,HLA-A*31:01
zhao-vaccine-d05f94d034d5e2d6,MHCflurry,2.2.1,presentation,0.488686773523,higher,predicted,108.206618433,0.367625,0.488686773523,0.844402173913,0.0510679690633,HLA-B*07:02
zhao-vaccine-3ebcaa48f079929c,MHCflurry,2.2.1,presentation,0.688987865834,higher,predicted,85.7664682213,0.10275,0.688987865834,0.456331521739,0.224859199167,HLA-B*54:01
zhao-vaccine-5ade12ab778df5ff,MHCflurry,2.2.1,presentation,0.428153553454,higher,predicted,255.57637606,0.78075,0.428153553454,0.986739130435,0.218028933741,HLA-B*15:01
zhao-vaccine-965e2dc89d4a2a57,MHCflurry,2.2.1,presentation,0.984894578407,higher,predicted,34.4255825255,0.08975,0.984894578407,0.00372282608696,0.93015012145,HLA-A*11:01
zhao-vaccine-4a37b653a73277cb,MHCflurry,2.2.1,presentation,0.182309834965,higher,predicted,450.001805157,1.17525,0.182309834965,1.95434782609,0.0309630528209,HLA-A*11:01
zhao-vaccine-68e61ae20327db08,MHCflurry,2.2.1,presentation,0.936947992904,higher,predicted,47.1890788921,0.090375,0.936947992904,0.0657880434783,0.598764676601,HLA-A*24:02
zhao-vaccine-0a0eb08146a9e58f,MHCflurry,2.2.1,presentation,0.871460210034,higher,predicted,21.1638495324,0.110375,0.871460210034,0.167038043478,0.15682685026,HLA-A*02:01
zhao-vaccine-e5ac726938f48c5d,MHCflurry,2.2.1,presentation,0.545242377473,higher,predicted,79.7296396381,0.51675,0.545242377473,0.726657608696,0.0313044477371,HLA-A*02:01
zhao-vaccine-dd30fe354dc0c723,MHCflurry,2.2.1,presentation,0.691713446104,higher,predicted,39.056610617,0.274375,0.691713446104,0.45097826087,0.0125064121094,HLA-A*02:01
zhao-vaccine-e46cba4d94b1bd9e,MHCflurry,2.2.1,presentation,0.85484998901,higher,predicted,57.5801599468,0.161,0.85484998901,0.193043478261,0.391820517369,HLA-B*15:01
zhao-vaccine-1217ba726b35ed9d,MHCflurry,2.2.1,presentation,0.943854463816,higher,predicted,31.2289747592,0.064625,0.943854463816,0.0570108695652,0.520295705646,HLA-A*11:01
zhao-vaccine-83bbda76fb652d04,MHCflurry,2.2.1,presentation,0.694014502971,higher,predicted,109.832722663,0.411375,0.694014502971,0.4475,0.29942080006,HLA-B*15:01
zhao-vaccine-e99a9dc2f937246e,MHCflurry,2.2.1,presentation,0.622405637786,higher,predicted,69.709093781,0.350625,0.622405637786,0.57410326087,0.0843953881413,HLA-A*11:01
zhao-vaccine-3ad1731be926e556,MHCflurry,2.2.1,presentation,0.0222880881703,higher,predicted,9679.28531877,5.5045,0.0222880881703,10.6558423913,0.228864965029,HLA-A*02:06
zhao-vaccine-b9b9751942a91107,MHCflurry,2.2.1,presentation,0.606706333515,higher,predicted,78.8844271135,0.577875,0.606706333515,0.601766304348,0.0996089540422,HLA-A*02:06
zhao-vaccine-91666c65422008e9,MHCflurry,2.2.1,presentation,0.004928365397,higher,predicted,25188.7766103,19.6065,0.004928365397,62.744673913,0.0599530322943,HLA-A*02:06
zhao-vaccine-cdb5d238c73f1200,MHCflurry,2.2.1,presentation,0.0156934941662,higher,predicted,13346.9301032,7.143125,0.0156934941662,15.160951087,0.216023650719,HLA-A*02:06
zhao-vaccine-e371cb75a5a01267,MHCflurry,2.2.1,presentation,0.887736232258,higher,predicted,44.8610102849,0.04175,0.887736232258,0.141847826087,0.406575978734,HLA-B*44:03
zhao-vaccine-15446e222104cacb,MHCflurry,2.2.1,presentation,0.862744324751,higher,predicted,32.7127938269,0.060125,0.862744324751,0.180706521739,0.254996840842,HLA-A*33:03
zhao-vaccine-d2e2e9a9a8a8791f,MHCflurry,2.2.1,presentation,0.322562218186,higher,predicted,404.66731663,1.392,0.322562218186,1.28616847826,0.216261469293,HLA-C*14:03
zhao-vaccine-add9dc988b885c6f,MHCflurry,2.2.1,presentation,0.0240648529992,higher,predicted,4289.8726684,3.611,0.0240648529992,9.84945652174,0.0276565782842,HLA-A*33:03
zhao-vaccine-05fa169c96907506,MHCflurry,2.2.1,presentation,0.487991716511,higher,predicted,211.700596423,0.666375,0.487991716511,0.846820652174,0.234532994567,HLA-A*03:01
zhao-vaccine-fe5e333b881da058,MHCflurry,2.2.1,presentation,0.968755928915,higher,predicted,25.7745794737,0.15725,0.968755928915,0.0214130434783,0.640613406897,HLA-A*02:01
zhao-vaccine-a1f11828eab95061,MHCflurry,2.2.1,presentation,0.838038057229,higher,predicted,19.6314729797,0.091875,0.838038057229,0.218288043478,0.0598160006339,HLA-A*02:01
zhao-vaccine-4976b66839febef0,MHCflurry,2.2.1,presentation,0.979539007737,higher,predicted,23.9421490325,0.139875,0.979539007737,0.00842391304349,0.743137393147,HLA-A*02:01
zhao-vaccine-ca5cbad36e6778e3,MHCflurry,2.2.1,presentation,0.938901091747,higher,predicted,34.9121282489,0.09725,0.938901091747,0.0643206521739,0.52552036196,HLA-A*11:01
zhao-vaccine-36f07ee5c996dad0,MHCflurry,2.2.1,presentation,0.448037426141,higher,predicted,112.053656922,0.547125,0.448037426141,0.938097826087,0.0144926189096,HLA-A*11:01
zhao-vaccine-623cfad1dc12cce2,MHCflurry,2.2.1,presentation,0.786806420507,higher,predicted,100.921086901,0.504875,0.786806420507,0.297798913043,0.413783768192,HLA-A*11:01
zhao-vaccine-d41aafddc13976b8,MHCflurry,2.2.1,presentation,0.116948164382,higher,predicted,1403.26554292,1.89375,0.116948164382,2.6314673913,0.19597916631,HLA-A*11:01
zhao-vaccine-27d07976725d29e9,MHCflurry,2.2.1,presentation,0.578044368881,higher,predicted,285.950750332,0.3735,0.578044368881,0.659429347826,0.419610135374,HLA-B*54:01
zhao-vaccine-7e2ffaba808811ba,MHCflurry,2.2.1,presentation,0.87082773584,higher,predicted,39.1633819729,0.006875,0.87082773584,0.16875,0.324198529124,HLA-B*54:01
zhao-vaccine-4ea2fcd0fcbe695b,MHCflurry,2.2.1,presentation,0.668084145078,higher,predicted,100.321623119,0.130125,0.668084145078,0.493315217391,0.240800837986,HLA-B*54:01
zhao-vaccine-5f1312331fdfb170,MHCflurry,2.2.1,presentation,0.00775421390322,higher,predicted,13534.3868049,6.903,0.00775421390322,31.6431793478,0.0183215413417,HLA-B*54:01
zhao-vaccine-1e73947ea9698cd9,MHCflurry,2.2.1,presentation,0.839640185004,higher,predicted,32.1194572085,0.0725,0.839640185004,0.216548913043,0.198328608181,HLA-A*11:01
zhao-vaccine-3b94a7db18ed886c,MHCflurry,2.2.1,presentation,0.066613659746,higher,predicted,1389.18931356,0.995875,0.066613659746,3.99690217391,0.0184703043342,HLA-B*54:01
zhao-vaccine-f375803c6f3695b8,MHCflurry,2.2.1,presentation,0.708929246963,higher,predicted,50.7719804367,0.287625,0.708929246963,0.423233695652,0.107716273051,HLA-B*40:02
zhao-vaccine-4f915ffeb85dbc8d,MHCflurry,2.2.1,presentation,0.981754129841,higher,predicted,27.2111370195,0.035,0.981754129841,0.00616847826088,0.811297655106,HLA-A*11:01
zhao-vaccine-0a499f1b47d241ee,MHCflurry,2.2.1,presentation,0.0229463530822,higher,predicted,6393.41340632,2.85925,0.0229463530822,10.6558423913,0.123425282771,HLA-B*54:01
zhao-vaccine-c1ddf01a1259a6bb,MHCflurry,2.2.1,presentation,0.677310556353,higher,predicted,49.2016257642,0.21625,0.677310556353,0.476902173913,0.0570488802623,HLA-A*11:01
zhao-vaccine-a7117a4ef7e4c666,MHCflurry,2.2.1,presentation,0.548775272588,higher,predicted,276.133698092,0.928125,0.548775272588,0.719048913043,0.376378077082,HLA-A*11:01
zhao-vaccine-2f16d7a7b8377c8f,MHCflurry,2.2.1,presentation,0.612167309487,higher,predicted,95.1165792068,0.576875,0.612167309487,0.592364130435,0.157465056982,HLA-B*37:01
zhao-vaccine-b18aa826b16d7473,MHCflurry,2.2.1,presentation,0.292503922149,higher,predicted,2034.59285847,4.6775,0.292503922149,1.39152173913,0.619720216841,HLA-C*06:02
zhao-vaccine-32935ef444cf0d1a,MHCflurry,2.2.1,presentation,0.137628230925,higher,predicted,762.233899407,1.052,0.137628230925,2.35676630435,0.0811450617621,HLA-A*24:02
zhao-vaccine-eef0dcadc94c2b17,MHCflurry,2.2.1,presentation,0.926028278063,higher,predicted,33.129476945,0.064875,0.926028278063,0.0822282608696,0.453192960471,HLA-A*33:03
zhao-vaccine-2e4ead9606072288,MHCflurry,2.2.1,presentation,0.938198756269,higher,predicted,74.4058642738,0.5875,0.938198756269,0.0643206521739,0.729822002351,HLA-C*12:02
zhao-vaccine-4530abbf39780e70,MHCflurry,2.2.1,presentation,0.0121954272373,higher,predicted,18017.6664423,3.209125,0.0121954272373,18.6179891304,0.226124382578,HLA-A*26:01
zhao-vaccine-0cebec48fdf19314,MHCflurry,2.2.1,presentation,0.0697050769108,higher,predicted,1792.99374329,1.635625,0.0697050769108,3.85252717391,0.102282304419,HLA-B*35:01
zhao-vaccine-1e0e282136a23d80,MHCflurry,2.2.1,presentation,0.665551434879,higher,predicted,376.195354115,0.774,0.665551434879,0.498559782609,0.600444063544,HLA-B*35:01
zhao-vaccine-14a6f9f5f9c4b644,MHCflurry,2.2.1,presentation,0.973103660829,higher,predicted,42.628185409,0.1435,0.973103660829,0.0153804347826,0.822356715798,HLA-C*03:03
zhao-vaccine-28a198f03d6a3d2b,MHCflurry,2.2.1,presentation,0.496729160769,higher,predicted,104.025005024,0.314375,0.496729160769,0.827119565217,0.0493424418673,HLA-A*24:02
zhao-vaccine-a84cc466cc5afbbe,MHCflurry,2.2.1,presentation,0.923307574856,higher,predicted,110.609873839,0.543625,0.923307574856,0.0861141304348,0.77313246578,HLA-A*11:01
zhao-vaccine-ef3f5ad4b93866cc,MHCflurry,2.2.1,presentation,0.835921849491,higher,predicted,57.3986980027,0.27375,0.835921849491,0.22125,0.349981468171,HLA-A*11:01
zhao-vaccine-574c8885e9744870,MHCflurry,2.2.1,presentation,0.313942894574,higher,predicted,354.976319737,1.0525,0.313942894574,1.31755434783,0.169064449146,HLA-A*11:01
zhao-vaccine-82adf1f14fa8a979,MHCflurry,2.2.1,presentation,0.557721136374,higher,predicted,158.751235037,0.08975,0.557721136374,0.699592391304,0.234638080699,HLA-A*26:01
zhao-vaccine-901263935668805b,MHCflurry,2.2.1,presentation,0.0883470314644,higher,predicted,3152.57298623,2.63075,0.0883470314644,3.18451086957,0.329918873496,HLA-A*11:01
zhao-vaccine-74933d8cbe88ccd3,MHCflurry,2.2.1,presentation,0.341036590234,higher,predicted,429.247098708,1.1465,0.341036590234,1.22692934783,0.25600610394,HLA-A*11:01
zhao-vaccine-a5f23bb559b34bec,MHCflurry,2.2.1,presentation,0.609231998379,higher,predicted,163.023088477,1.034,0.609231998379,0.598206521739,0.301893780939,HLA-B*40:02
zhao-vaccine-f6fad87ef2b47eb9,MHCflurry,2.2.1,presentation,0.00740528326311,higher,predicted,13595.786929,7.587625,0.00740528326311,31.6431793478,0.00645152806828,HLA-B*15:46
zhao-vaccine-0262934196cb9e41,MHCflurry,2.2.1,presentation,0.853161658115,higher,predicted,65.556875283,0.179125,0.853161658115,0.194701086957,0.423611875623,HLA-A*24:02
zhao-vaccine-1b06ec46d9433877,MHCflurry,2.2.1,presentation,0.546532978741,higher,predicted,132.42718912,0.8095,0.546532978741,0.724728260869,0.172074511298,HLA-A*02:06
zhao-vaccine-7b2afc20a6b058a9,MHCflurry,2.2.1,presentation,0.0233942883168,higher,predicted,6726.23527751,4.368875,0.0233942883168,10.2319836957,0.142951134127,HLA-A*02:06
zhao-vaccine-baae71af4bb9e079,MHCflurry,2.2.1,presentation,0.607808505434,higher,predicted,116.994413411,0.75075,0.607808505434,0.599945652174,0.209122414701,HLA-A*33:03
zhao-vaccine-7a024abbd4a188e0,MHCflurry,2.2.1,presentation,0.621142009253,higher,predicted,79.1595962072,0.25875,0.621142009253,0.575706521739,0.117780258879,HLA-B*07:02
zhao-vaccine-19d5e810431b3469,MHCflurry,2.2.1,presentation,0.537874354548,higher,predicted,91.5810136709,0.27325,0.537874354548,0.741548913043,0.0609627631493,HLA-B*35:01
zhao-vaccine-f7e33e7285d5153f,MHCflurry,2.2.1,presentation,0.608871609194,higher,predicted,57.9174888201,0.14275,0.608871609194,0.598206521739,0.0173535239737,HLA-A*24:02
zhao-vaccine-4047f64ca9c106e4,MHCflurry,2.2.1,presentation,0.92356662096,higher,predicted,45.8577905972,0.093875,0.92356662096,0.0861141304348,0.532446572557,HLA-B*35:01
zhao-vaccine-847c20e7477bba02,MHCflurry,2.2.1,presentation,0.030334668559,higher,predicted,4977.16142531,2.694375,0.030334668559,8.01565217391,0.135716412857,HLA-B*35:01
zhao-vaccine-bb485ecb0ce26b91,MHCflurry,2.2.1,presentation,0.0169639881066,higher,predicted,5776.82010083,2.935125,0.0169639881066,14.2770380435,0.00848313950701,HLA-B*35:01
zhao-vaccine-c05bac34add61bb1,MHCflurry,2.2.1,presentation,0.641176024814,higher,predicted,138.497184515,0.40125,0.641176024814,0.539918478261,0.295680258423,HLA-B*35:01
zhao-vaccine-5534446f3d190f70,MHCflurry,2.2.1,presentation,0.188005619326,higher,predicted,502.659395277,0.895625,0.188005619326,1.92016304348,0.0720145220403,HLA-B*35:01
zhao-vaccine-53388bac37626a87,MHCflurry,2.2.1,presentation,0.0368257904328,higher,predicted,3741.02122907,2.325625,0.0368257904328,6.79260869565,0.114038705127,HLA-B*35:01
zhao-vaccine-8abf1996ba692904,MHCflurry,2.2.1,presentation,0.029701196328,higher,predicted,4473.63080418,2.55825,0.029701196328,8.26921195652,0.100284997316,HLA-B*35:01
zhao-vaccine-757ae8492c22eb3f,MHCflurry,2.2.1,presentation,0.0929923229031,higher,predicted,4959.70199108,2.694375,0.0929923229031,3.08263586957,0.470246959478,HLA-B*35:01
zhao-vaccine-3ea5228db64f8d96,MHCflurry,2.2.1,presentation,0.918184186733,higher,predicted,53.3319741039,0.124875,0.918184186733,0.093152173913,0.553013816476,HLA-B*35:01
zhao-vaccine-4790475ca217608e,MHCflurry,2.2.1,presentation,0.0493313345202,higher,predicted,3271.55303102,2.179875,0.0493313345202,5.14921195652,0.163549972698,HLA-B*35:01
zhao-vaccine-afd5e19a1b147b9a,MHCflurry,2.2.1,presentation,0.550465405336,higher,predicted,106.413854234,0.320375,0.550465405336,0.717173913043,0.116521698888,HLA-A*24:02
zhao-vaccine-6cab74d4a96292f4,MHCflurry,2.2.1,presentation,0.86414745475,higher,predicted,50.0087140185,0.10675,0.86414745475,0.177472826087,0.374883025885,HLA-A*24:02
zhao-vaccine-0f291bbc2c7c1b5f,MHCflurry,2.2.1,presentation,0.940141455148,higher,predicted,28.2114746682,0.034625,0.940141455148,0.0617934782609,0.473184602801,HLA-A*31:01
zhao-vaccine-a7aa287de24c9826,MHCflurry,2.2.1,presentation,0.867190537637,higher,predicted,52.9523634044,0.21725,0.867190537637,0.173423913043,0.39798191376,HLA-A*31:01
zhao-vaccine-f1f94e300dd118aa,MHCflurry,2.2.1,presentation,0.913975497163,higher,predicted,47.8899044977,0.341125,0.913975497163,0.0995108695652,0.507988920435,HLA-A*02:01
zhao-vaccine-e6b1f83b3277b8d9,MHCflurry,2.2.1,presentation,0.212660412997,higher,predicted,2098.88399109,2.044,0.212660412997,1.76116847826,0.507940752432,HLA-A*31:01
zhao-vaccine-dd6ecef799be6c63,MHCflurry,2.2.1,presentation,0.00578202461012,higher,predicted,17249.317992,7.417375,0.00578202461012,46.224673913,0.00139815757575,HLA-A*11:01
zhao-vaccine-f55395eba5409875,MHCflurry,2.2.1,presentation,0.0194149079556,higher,predicted,5862.48477909,3.509,0.0194149079556,12.1872282609,0.0513711342355,HLA-A*11:01
zhao-vaccine-b9a94da25e365890,MHCflurry,2.2.1,presentation,0.00995831427757,higher,predicted,13517.0504537,9.920875,0.00995831427757,24.5792391304,0.0893054237822,HLA-C*14:02
zhao-vaccine-a049a2f2e4b35180,MHCflurry,2.2.1,presentation,0.812588115954,higher,predicted,51.0641547722,0.230375,0.812588115954,0.258967391304,0.272294759052,HLA-A*11:01
zhao-vaccine-13d286ba01d0a83e,MHCflurry,2.2.1,presentation,0.878972618915,higher,predicted,86.1578610239,0.549625,0.878972618915,0.154673913043,0.561694774777,HLA-A*02:01
zhao-vaccine-b038f5f750d38efd,MHCflurry,2.2.1,presentation,0.895766363274,higher,predicted,54.774094086,0.135125,0.895766363274,0.128532608696,0.484908405691,HLA-C*07:02
zhao-vaccine-d748dbaed29682c9,MHCflurry,2.2.1,presentation,0.182612227108,higher,predicted,577.815519297,1.412375,0.182612227108,1.95434782609,0.10017150268,HLA-A*02:01
zhao-vaccine-9ee1859f9bbf0ae8,MHCflurry,2.2.1,presentation,0.5542584136,higher,predicted,285.215403991,0.83475,0.5542584136,0.708097826087,0.391527514905,HLA-B*15:01
zhao-vaccine-2fdfa797ea37ce66,MHCflurry,2.2.1,presentation,0.575829759175,higher,predicted,73.9645262076,0.48925,0.575829759175,0.663532608696,0.0458052258473,HLA-A*02:01
zhao-vaccine-b2c9e6232941da23,MHCflurry,2.2.1,presentation,0.963294144275,higher,predicted,39.3523888524,0.048875,0.963294144275,0.0282065217392,0.709656957537,HLA-B*15:01
zhao-vaccine-6091222d399811e6,MHCflurry,2.2.1,presentation,0.430803592823,higher,predicted,187.529069067,0.761,0.430803592823,0.978722826087,0.136092018336,HLA-A*11:01
zhao-vaccine-1b161db2ed733492,MHCflurry,2.2.1,presentation,0.701393998516,higher,predicted,44.7064226184,0.18,0.701393998516,0.436684782609,0.0625434305985,HLA-A*11:01
zhao-vaccine-263acd72c8883e72,MHCflurry,2.2.1,presentation,0.57331968623,higher,predicted,81.564589575,0.41875,0.57331968623,0.669211956522,0.0697554338258,HLA-A*11:01
zhao-vaccine-ea9b42df33b35136,MHCflurry,2.2.1,presentation,0.635009632819,higher,predicted,212.009339649,0.81325,0.635009632819,0.551168478261,0.405026238412,HLA-A*11:01
zhao-vaccine-ac1f5e7f4a167598,MHCflurry,2.2.1,presentation,0.0681569870522,higher,predicted,1449.29895218,1.404125,0.0681569870522,3.89864130435,0.0370408523595,HLA-A*24:02
zhao-vaccine-908da7f0c6dbf27e,MHCflurry,2.2.1,presentation,0.362934651286,higher,predicted,531.379222078,1.203875,0.362934651286,1.15888586957,0.341745625716,HLA-A*31:01
zhao-vaccine-031c5d86a2e63417,MHCflurry,2.2.1,presentation,0.784717128981,higher,predicted,28.2429876034,0.202125,0.784717128981,0.302798913043,0.0606526994379,HLA-A*02:06
zhao-vaccine-4795d6108b3fcf2f,MHCflurry,2.2.1,presentation,0.0198052371827,higher,predicted,10123.1103085,4.420375,0.0198052371827,12.1872282609,0.207075591665,HLA-A*31:01
zhao-vaccine-805f739bbbe2a085,MHCflurry,2.2.1,presentation,0.0105527101643,higher,predicted,16386.4187155,6.770125,0.0105527101643,22.1923097826,0.158709869254,HLA-A*31:01
zhao-vaccine-70221838fed9296f,MHCflurry,2.2.1,presentation,0.289751866563,higher,predicted,866.318276229,1.561125,0.289751866563,1.40296195652,0.381550429389,HLA-A*11:01
zhao-vaccine-cd42d37b5144c969,MHCflurry,2.2.1,presentation,0.359586385692,higher,predicted,163.594044185,0.697125,0.359586385692,1.16788043478,0.0142138366355,HLA-A*11:01
zhao-vaccine-798e8c8cb4ead921,MHCflurry,2.2.1,presentation,0.473654001158,higher,predicted,99.1466075067,0.302125,0.473654001158,0.878994565217,0.0100409236038,HLA-A*24:02
zhao-vaccine-709599a72a22a926,MHCflurry,2.2.1,presentation,0.803097822958,higher,predicted,51.5196907505,0.296625,0.803097822958,0.272717391304,0.2574509806,HLA-B*40:02
zhao-vaccine-fec3c5b2df774825,MHCflurry,2.2.1,presentation,0.0499116553546,higher,predicted,1878.66542089,2.134875,0.0499116553546,5.14921195652,0.0147405464086,HLA-A*11:01
zhao-vaccine-5a89d94cd81780a6,MHCflurry,2.2.1,presentation,0.0818879212715,higher,predicted,1120.07894188,2.022625,0.0818879212715,3.3897826087,0.022367459198,HLA-A*02:06
zhao-vaccine-09ee401936c37fa7,MHCflurry,2.2.1,presentation,0.725533273363,higher,predicted,257.769221181,0.785625,0.725533273363,0.397364130435,0.576909009367,HLA-B*15:01
zhao-vaccine-5b3d89b46098fe58,MHCflurry,2.2.1,presentation,0.593774620739,higher,predicted,160.202870695,0.56825,0.593774620739,0.627255434783,0.278874728829,HLA-B*15:01
zhao-vaccine-4d3d09eb60c5f34b,MHCflurry,2.2.1,presentation,0.439120696262,higher,predicted,114.926030728,0.747625,0.439120696262,0.959510869565,0.0112303994829,HLA-A*02:06
zhao-vaccine-a328e5fc04a430e3,MHCflurry,2.2.1,presentation,0.00813910044892,higher,predicted,15369.3384794,8.245,0.00813910044892,27.6173913043,0.0670280502527,HLA-A*02:06
zhao-vaccine-fccb7f3ae8f5c7ed,MHCflurry,2.2.1,presentation,0.779491276179,higher,predicted,42.9872853597,0.306375,0.779491276179,0.310706521739,0.167307819938,HLA-A*02:01
zhao-vaccine-915adc2bcd8e9f65,MHCflurry,2.2.1,presentation,0.0692940386598,higher,predicted,2166.680707,2.597,0.0692940386598,3.85252717391,0.152458688477,HLA-A*02:06
zhao-vaccine-2850ba32b283001a,MHCflurry,2.2.1,presentation,0.0209121504307,higher,predicted,21642.5474698,13.61625,0.0209121504307,11.630326087,0.431371260434,HLA-A*02:06
zhao-vaccine-cd86df511d584650,MHCflurry,2.2.1,presentation,0.942097509381,higher,predicted,90.4079301242,0.636,0.942097509381,0.0582880434783,0.802890829742,HLA-A*02:06
zhao-vaccine-8efa39564b99c4a6,MHCflurry,2.2.1,presentation,0.0301071617895,higher,predicted,4492.44719132,2.7935,0.0301071617895,8.01565217391,0.105392565951,HLA-A*31:01
zhao-vaccine-4ad340d38191a34c,MHCflurry,2.2.1,presentation,0.0627688933455,higher,predicted,3706.29029432,2.56725,0.0627688933455,4.21347826087,0.269913617522,HLA-A*31:01
zhao-vaccine-f8ee8bb521237a3f,MHCflurry,2.2.1,presentation,0.0564087771331,higher,predicted,1622.68412588,2.002125,0.0564087771331,4.58573369565,0.0110516846762,HLA-A*11:01
zhao-vaccine-3f67c407a7230fb3,MHCflurry,2.2.1,presentation,0.305226713904,higher,predicted,203.905806187,0.7545,0.305226713904,1.34932065217,0.00533602270298,HLA-A*31:01
zhao-vaccine-d6255db4b7fdd63b,MHCflurry,2.2.1,presentation,0.6459295789,higher,predicted,67.8903887643,0.3425,0.6459295789,0.531168478261,0.105803351733,HLA-A*11:01
zhao-vaccine-d8c6932c34ad2191,MHCflurry,2.2.1,presentation,0.00555344460996,higher,predicted,18308.7444338,7.843125,0.00555344460996,46.224673913,0.00629714639217,HLA-A*31:01
zhao-vaccine-a3601d5320ed6e38,MHCflurry,2.2.1,presentation,0.0722348966944,higher,predicted,1610.75100509,1.0785,0.0722348966944,3.72010869565,0.0837011727272,HLA-B*54:01
zhao-vaccine-86b69c161becb07f,MHCflurry,2.2.1,presentation,0.838195609181,higher,predicted,55.3335261772,0.286125,0.838195609181,0.218288043478,0.344633480534,HLA-C*12:02
zhao-vaccine-8025dcb106d1995a,MHCflurry,2.2.1,presentation,0.603636754643,higher,predicted,218.322008933,2.040875,0.603636754643,0.60785326087,0.37545484025,HLA-C*12:02
zhao-vaccine-b97bb436ed02cdf5,MHCflurry,2.2.1,presentation,0.176324032622,higher,predicted,1338.8506145,5.89875,0.176324032622,1.99782608696,0.318799677305,HLA-C*12:02
zhao-vaccine-f363bfe0d8b4dd32,MHCflurry,2.2.1,presentation,0.805894612865,higher,predicted,32.8070737915,0.008875,0.805894612865,0.26839673913,0.138572113588,HLA-A*26:02
zhao-vaccine-0fba2a8bc58d9236,MHCflurry,2.2.1,presentation,0.45406971889,higher,predicted,140.368073815,0.903125,0.45406971889,0.92527173913,0.0832293207059,HLA-C*03:03
zhao-vaccine-2e34af137aef944c,MHCflurry,2.2.1,presentation,0.994640374049,higher,predicted,9.81904815996,0.000125,0.994640374049,0.00027173913044,0.881386235356,HLA-A*02:06
zhao-vaccine-181e81b5e44272c6,MHCflurry,2.2.1,presentation,0.88326694359,higher,predicted,18.0841249273,0.07825,0.88326694359,0.148016304348,0.144687939406,HLA-A*02:06
zhao-vaccine-bfd366de75e0e09e,MHCflurry,2.2.1,presentation,0.716931775264,higher,predicted,80.1770526176,0.582375,0.716931775264,0.409565217391,0.244202969596,HLA-A*02:06
zhao-vaccine-87c75460d38d08e9,MHCflurry,2.2.1,presentation,0.00416070587856,higher,predicted,25148.9672197,19.6065,0.00416070587856,62.744673913,0.0114442998602,HLA-A*02:06
zhao-vaccine-30adaa3969782222,MHCflurry,2.2.1,presentation,0.607499523594,higher,predicted,62.9595801088,0.48825,0.607499523594,0.601766304348,0.0386428483762,HLA-A*02:06
zhao-vaccine-63fd3942caea490b,MHCflurry,2.2.1,presentation,0.927345269776,higher,predicted,35.88363543,0.032,0.927345269776,0.0808423913043,0.480596091598,HLA-A*24:02
zhao-vaccine-24d2d07ca8e2377f,MHCflurry,2.2.1,presentation,0.904517940671,higher,predicted,80.3191759397,0.673,0.904517940671,0.114918478261,0.617533389479,HLA-C*12:02
zhao-vaccine-fcaca752fcb71c95,MHCflurry,2.2.1,presentation,0.0790407725869,higher,predicted,1500.09692929,6.244875,0.0790407725869,3.48760869565,0.0916916618589,HLA-C*12:02
zhao-vaccine-cc83beed24066d27,MHCflurry,2.2.1,presentation,0.501683453976,higher,predicted,89.4913383956,0.269125,0.501683453976,0.816902173913,0.013628361281,HLA-A*24:02
zhao-vaccine-3dc3a5fedb44c738,MHCflurry,2.2.1,presentation,0.580685773007,higher,predicted,66.1872789105,0.05875,0.580685773007,0.653478260869,0.0209325555479,HLA-B*54:01
zhao-vaccine-61e2eb896e39a71a,MHCflurry,2.2.1,presentation,0.58647945569,higher,predicted,80.4232159298,0.089875,0.58647945569,0.642907608696,0.081155070453,HLA-B*54:01
zhao-vaccine-a2baf0b885265cc4,MHCflurry,2.2.1,presentation,0.00913188270007,higher,predicted,15307.8027622,8.468625,0.00913188270007,24.5792391304,0.0987388013746,HLA-B*54:01
zhao-vaccine-723c07672285f426,MHCflurry,2.2.1,presentation,0.0560525313273,higher,predicted,1682.57486214,1.104875,0.0560525313273,4.65758152174,0.019104651059,HLA-B*54:01
zhao-vaccine-21600a4722a9456b,MHCflurry,2.2.1,presentation,0.0153037833875,higher,predicted,6718.46235011,2.971,0.0153037833875,15.160951087,0.0203538195055,HLA-B*54:01
zhao-vaccine-41e40bf9c0cef1b9,MHCflurry,2.2.1,presentation,0.0122355273037,higher,predicted,9919.01721291,16.085875,0.0122355273037,18.6179891304,0.0631918596337,HLA-C*12:02
zhao-vaccine-f772d44d15868d84,MHCflurry,2.2.1,presentation,0.660335353964,higher,predicted,47.0843790345,0.21925,0.660335353964,0.507717391304,0.0233090684051,HLA-A*33:03
zhao-vaccine-c06a6c0b6ba9ccc2,MHCflurry,2.2.1,presentation,0.638473186325,higher,predicted,53.3996533472,0.29075,0.638473186325,0.54535326087,0.0307174583577,HLA-A*33:03
zhao-vaccine-882a48551f5bbe82,MHCflurry,2.2.1,presentation,0.790428587828,higher,predicted,61.0869560487,0.186375,0.790428587828,0.292527173913,0.282095650211,HLA-C*07:02
zhao-vaccine-938e8eb3b62a04fa,MHCflurry,2.2.1,presentation,0.0253148423801,higher,predicted,9313.26040427,4.5,0.0253148423801,9.49423913043,0.255148493685,HLA-A*11:01
zhao-vaccine-44db9eff40c7ac4b,MHCflurry,2.2.1,presentation,0.944409874582,higher,predicted,13.7416376279,0.026375,0.944409874582,0.0557608695652,0.297898691148,HLA-A*02:06
zhao-vaccine-3c10f98fea9749ac,MHCflurry,2.2.1,presentation,0.00928517052852,higher,predicted,13527.8770575,7.211125,0.00928517052852,24.5792391304,0.069551700959,HLA-A*02:06
zhao-vaccine-412fd5789a6e82ab,MHCflurry,2.2.1,presentation,0.416708607859,higher,predicted,150.739569168,0.8685,0.416708607859,1.01404891304,0.0598226904403,HLA-A*02:06
zhao-vaccine-2c13df52c9d6fdf1,MHCflurry,2.2.1,presentation,0.0177633893228,higher,predicted,5344.6884065,10.3045,0.0177633893228,13.5008967391,0.000382106412872,HLA-C*03:03
zhao-vaccine-22c079fe2694c804,MHCflurry,2.2.1,presentation,0.772513602222,higher,predicted,33.737598376,0.225625,0.772513602222,0.321684782609,0.0894430340268,HLA-A*02:01
zhao-vaccine-cd526b2c1907ac73,MHCflurry,2.2.1,presentation,0.624596195954,higher,predicted,51.9475750395,0.365375,0.624596195954,0.570570652174,0.00629217375536,HLA-A*02:01
zhao-vaccine-8ac5cf800546df58,MHCflurry,2.2.1,presentation,0.694478078688,higher,predicted,48.8249387072,0.108,0.694478078688,0.4475,0.0774648313527,HLA-B*15:01
zhao-vaccine-00c1dcc185bde872,MHCflurry,2.2.1,presentation,0.222368176862,higher,predicted,420.810101498,1.0325,0.222368176862,1.70380434783,0.0828855619766,HLA-B*15:01
zhao-vaccine-d78fee591be503a1,MHCflurry,2.2.1,presentation,0.804637303132,higher,predicted,36.4031864994,0.250125,0.804637303132,0.271195652174,0.164861319587,HLA-A*02:01
zhao-vaccine-09b6e33926787118,MHCflurry,2.2.1,presentation,0.0097549405575,higher,predicted,11904.7801891,6.296,0.0097549405575,24.5792391304,0.0485458306503,HLA-A*02:01
zhao-vaccine-a8525b43cfc364ce,MHCflurry,2.2.1,presentation,0.872754838398,higher,predicted,39.6086359649,0.034,0.872754838398,0.165597826087,0.332175320014,HLA-B*40:01
zhao-vaccine-65294b91c49a1a7d,MHCflurry,2.2.1,presentation,0.922457882179,higher,predicted,26.0344416205,0.00575,0.922457882179,0.087472826087,0.372613504529,HLA-A*33:03
zhao-vaccine-2ff4768cbbf94e4c,MHCflurry,2.2.1,presentation,0.856417845333,higher,predicted,47.0639082708,0.09125,0.856417845333,0.189836956522,0.340041288175,HLA-B*40:01
zhao-vaccine-01cd981de90c3d60,MHCflurry,2.2.1,presentation,0.918650272525,higher,predicted,43.8859755705,0.036,0.918650272525,0.093152173913,0.501253060531,HLA-B*44:03
zhao-vaccine-e43e167f3e1e4297,MHCflurry,2.2.1,presentation,0.221436902449,higher,predicted,599.827813158,0.945125,0.221436902449,1.7091576087,0.178674361552,HLA-A*24:02
zhao-vaccine-4eddbf01a9786d30,MHCflurry,2.2.1,presentation,0.0652329491217,higher,predicted,1404.31122792,2.351625,0.0652329491217,4.0479076087,0.0151050626009,HLA-A*33:03
zhao-vaccine-fa0115a2ee0cdc16,MHCflurry,2.2.1,presentation,0.962349967356,higher,predicted,34.157515555,0.025,0.962349967356,0.0298641304348,0.663334015757,HLA-A*24:02
zhao-vaccine-18899191312d29f0,MHCflurry,2.2.1,presentation,0.907305830615,higher,predicted,56.8529365468,0.140375,0.907305830615,0.109809782609,0.531914230436,HLA-A*24:02
zhao-vaccine-06be400bb4a0453e,MHCflurry,2.2.1,presentation,0.822833534818,higher,predicted,57.0136679097,0.317125,0.822833534818,0.240951086956,0.321981947869,HLA-C*12:02
zhao-vaccine-e0b596dc1a05778f,MHCflurry,2.2.1,presentation,0.0279675860346,higher,predicted,4794.54751758,2.882125,0.0279675860346,8.83929347826,0.101802231278,HLA-A*31:01
zhao-vaccine-1c4bbb79c97e8575,MHCflurry,2.2.1,presentation,0.0168842373641,higher,predicted,5820.66466374,3.166,0.0168842373641,14.2770380435,0.00920416866575,HLA-A*31:01
zhao-vaccine-a9bbd7265634e145,MHCflurry,2.2.1,presentation,0.0492190718961,higher,predicted,4868.62418923,2.895875,0.0492190718961,5.14921195652,0.272014575079,HLA-A*31:01
zhao-vaccine-bb6eb34428fdcc0c,MHCflurry,2.2.1,presentation,0.00852113681372,higher,predicted,11892.5133573,17.40725,0.00852113681372,27.6173913043,0.00969176521903,HLA-C*03:03
zhao-vaccine-bc0a1780a417046d,MHCflurry,2.2.1,presentation,0.542797635663,higher,predicted,121.126311743,0.540625,0.542797635663,0.730353260869,0.143328968901,HLA-A*31:01
zhao-vaccine-b30a776cdfe26224,MHCflurry,2.2.1,presentation,0.775951474091,higher,predicted,29.4663823896,0.028625,0.775951474091,0.315244565217,0.0578396112542,HLA-A*33:03
zhao-vaccine-76fda69f2421b833,MHCflurry,2.2.1,presentation,0.00673221983598,higher,predicted,21665.5920927,8.951875,0.00673221983598,37.359048913,0.107253493275,HLA-B*07:02
zhao-vaccine-9360840d0776a1aa,MHCflurry,2.2.1,presentation,0.887951468349,higher,predicted,50.0373418106,0.1045,0.887951468349,0.140054347826,0.437166655436,HLA-B*07:02
zhao-vaccine-ba1d9463aef66318,MHCflurry,2.2.1,presentation,0.0215957718726,higher,predicted,10228.0282716,3.79725,0.0215957718726,11.1157880435,0.234885488637,HLA-B*07:02
zhao-vaccine-809ea96fe6eff952,MHCflurry,2.2.1,presentation,0.00877984725441,higher,predicted,11176.8977086,16.53225,0.00877984725441,27.6173913043,0.00118102804117,HLA-C*03:03
zhao-vaccine-ab50749b1824253d,MHCflurry,2.2.1,presentation,0.708212632681,higher,predicted,241.485339588,0.7555,0.708212632681,0.424565217391,0.534868597984,HLA-B*15:01
zhao-vaccine-0a9d514e34065af1,MHCflurry,2.2.1,presentation,0.599260502672,higher,predicted,68.7420270693,0.311,0.599260502672,0.617282608696,0.0530351630878,HLA-C*03:04
zhao-vaccine-7cb7f9d86207d395,MHCflurry,2.2.1,presentation,0.956462681858,higher,predicted,78.2196744988,0.273875,0.956462681858,0.0383152173913,0.848002947867,HLA-B*15:01
zhao-vaccine-1d6dc5a561493d8b,MHCflurry,2.2.1,presentation,0.0792158836852,higher,predicted,1906.80399009,2.057625,0.0792158836852,3.45448369565,0.15823237272,HLA-B*15:01
zhao-vaccine-0f2474dc1098b847,MHCflurry,2.2.1,presentation,0.0893669628022,higher,predicted,960.716998142,1.5265,0.0893669628022,3.15885869565,0.00724676434766,HLA-B*15:01
zhao-vaccine-93437d0ca6cc3f4a,MHCflurry,2.2.1,presentation,0.0078626698884,higher,predicted,12789.8615278,5.786625,0.0078626698884,31.6431793478,0.00674456026172,HLA-B*15:01
zhao-vaccine-7cefccc42174ee95,MHCflurry,2.2.1,presentation,0.987411150493,higher,predicted,12.515725018,0.0185,0.987411150493,0.0020652173913,0.704597394913,HLA-A*02:01
zhao-vaccine-079ef0271ac9e975,MHCflurry,2.2.1,presentation,0.934661353492,higher,predicted,58.3172571439,0.028625,0.934661353492,0.0697282608696,0.646135112271,HLA-B*67:01
zhao-vaccine-b41967fa4cf49b25,MHCflurry,2.2.1,presentation,0.946743664717,higher,predicted,29.7783798999,0.192375,0.946743664717,0.0523369565218,0.52303320542,HLA-A*02:01
zhao-vaccine-946ddf2c6a43b996,MHCflurry,2.2.1,presentation,0.635554055653,higher,predicted,48.8680895394,0.34875,0.635554055653,0.551168478261,0.00280332629063,HLA-A*02:01
zhao-vaccine-722b8a2ea5f24a03,MHCflurry,2.2.1,presentation,0.872006192582,higher,predicted,21.9723777804,0.1195,0.872006192582,0.165597826087,0.168499832507,HLA-A*02:01
zhao-vaccine-3626f70f7a07035f,MHCflurry,2.2.1,presentation,0.70950687224,higher,predicted,34.4516390281,0.231875,0.70950687224,0.423233695652,0.00204510180629,HLA-A*02:01
zhao-vaccine-8cabf7e977217886,MHCflurry,2.2.1,presentation,0.470650341304,higher,predicted,103.596127663,0.790625,0.470650341304,0.88589673913,0.0186869185709,HLA-B*40:02
zhao-vaccine-7228155ba0aa5c5f,MHCflurry,2.2.1,presentation,0.0735591153271,higher,predicted,11341.0395683,1.745875,0.0735591153271,3.67942934783,0.62506384775,HLA-A*26:01
zhao-vaccine-0ba58e68d7f5133b,MHCflurry,2.2.1,presentation,0.896439621889,higher,predicted,61.9770877444,0.44875,0.896439621889,0.12722826087,0.520870793611,HLA-B*40:02
zhao-vaccine-e4deb194a1357a71,MHCflurry,2.2.1,presentation,0.644599555631,higher,predicted,79.9731063628,0.629125,0.644599555631,0.534701086956,0.149129398167,HLA-B*40:02
zhao-vaccine-19c376b64f0b1de2,MHCflurry,2.2.1,presentation,0.0169107407595,higher,predicted,8152.05372882,9.662875,0.0169107407595,14.2770380435,0.102134927089,HLA-C*12:03
zhao-vaccine-140491b1fa68941f,MHCflurry,2.2.1,presentation,0.0221863622784,higher,predicted,4385.0708056,3.741625,0.0221863622784,10.6558423913,0.0101677875646,HLA-B*40:02
zhao-vaccine-151f78b5a753d106,MHCflurry,2.2.1,presentation,0.217682578451,higher,predicted,407.789228638,1.508,0.217682578451,1.73173913043,0.0665394292446,HLA-B*40:02
zhao-vaccine-eb0ad728400653ac,MHCflurry,2.2.1,presentation,0.985083574537,higher,predicted,24.5995240382,0.012625,0.985083574537,0.003125,0.841497950256,HLA-A*31:01
zhao-vaccine-99f8df5e12f8b46e,MHCflurry,2.2.1,presentation,0.864187948754,higher,predicted,31.1776744264,0.0535,0.864187948754,0.177472826087,0.245262395591,HLA-A*31:01
zhao-vaccine-40fbb3f28a53a8a7,MHCflurry,2.2.1,presentation,0.687018303712,higher,predicted,42.9666312262,0.16775,0.687018303712,0.459891304348,0.0325035843562,HLA-A*11:01
zhao-vaccine-82a23958d254b203,MHCflurry,2.2.1,presentation,0.0553792460362,higher,predicted,1712.3027244,2.045875,0.0553792460362,4.65758152174,0.0202958676382,HLA-A*11:01
zhao-vaccine-713689999ba72283,MHCflurry,2.2.1,presentation,0.773200342568,higher,predicted,26.4187493929,0.16225,0.773200342568,0.319945652174,0.0234133058984,HLA-A*02:01
zhao-vaccine-a575ae6fd2b17237,MHCflurry,2.2.1,presentation,0.715632909641,higher,predicted,42.2202190889,0.29925,0.715632909641,0.41339673913,0.0663244491443,HLA-A*02:01
zhao-vaccine-95fd7c896d0867e5,MHCflurry,2.2.1,presentation,0.77956221677,higher,predicted,52.0233066383,0.365375,0.77956221677,0.310706521739,0.21980300732,HLA-A*02:01
zhao-vaccine-d4a4ca1acb79296d,MHCflurry,2.2.1,presentation,0.917337381607,higher,predicted,29.3126258006,0.185875,0.917337381607,0.0947826086956,0.385526518337,HLA-A*02:01
zhao-vaccine-c1207e03b56471ef,MHCflurry,2.2.1,presentation,0.899207897953,higher,predicted,45.8544725028,0.083875,0.899207897953,0.122663043478,0.44668389298,HLA-B*40:01
zhao-vaccine-5471c61d183ccb8a,MHCflurry,2.2.1,presentation,0.837547742338,higher,predicted,48.437985663,0.103125,0.837547742338,0.219673913043,0.30674589891,HLA-B*40:01
zhao-vaccine-3747b31ac9667d99,MHCflurry,2.2.1,presentation,0.94150653204,higher,predicted,41.792286833,0.0535,0.94150653204,0.0601358695652,0.588003847748,HLA-B*40:01
zhao-vaccine-2ac9c0797079a8f8,MHCflurry,2.2.1,presentation,0.809621919397,higher,predicted,33.9692280257,0.087125,0.809621919397,0.263641304348,0.154913325794,HLA-A*11:01
zhao-vaccine-cea4c99c6b575a84,MHCflurry,2.2.1,presentation,0.719726271449,higher,predicted,99.1764722376,0.496375,0.719726271449,0.404836956522,0.306490922812,HLA-A*11:01
zhao-vaccine-c65e76b58623ec6f,MHCflurry,2.2.1,presentation,0.704925940845,higher,predicted,130.110930264,0.381,0.704925940845,0.429538043478,0.360607517418,HLA-B*40:01
zhao-vaccine-30cffa2eae82fc65,MHCflurry,2.2.1,presentation,0.428362355102,higher,predicted,1186.87386838,0.866875,0.428362355102,0.986739130435,0.639839638025,HLA-B*39:01
zhao-vaccine-5271e489e168317d,MHCflurry,2.2.1,presentation,0.42979692324,higher,predicted,146.027218272,0.421,0.42979692324,0.981358695652,0.0662580580101,HLA-A*24:02
zhao-vaccine-c869d0ab10b4d9c8,MHCflurry,2.2.1,presentation,0.530048295144,higher,predicted,76.4260867665,0.082375,0.530048295144,0.757336956522,0.00240988038786,HLA-B*54:01
zhao-vaccine-5de825ff36eeb4cd,MHCflurry,2.2.1,presentation,0.294346807024,higher,predicted,619.345039077,0.616,0.294346807024,1.38434782609,0.295699413866,HLA-B*54:01
zhao-vaccine-8a1df542b0c6078e,MHCflurry,2.2.1,presentation,0.182946126379,higher,predicted,416.221539225,0.477875,0.182946126379,1.95434782609,0.0107444704045,HLA-B*39:01
zhao-vaccine-b97c99a9a7b58e43,MHCflurry,2.2.1,presentation,0.00632675866585,higher,predicted,16562.3990564,6.09225,0.00632675866585,37.359048913,0.0158432867611,HLA-A*24:02
zhao-vaccine-eae16822f375c784,MHCflurry,2.2.1,presentation,0.989006490758,higher,predicted,15.4705494038,0.045875,0.989006490758,0.0013858695652,0.801541667432,HLA-A*02:06
zhao-vaccine-84d0fd643fa679a7,MHCflurry,2.2.1,presentation,0.91701889427,higher,predicted,26.7433513682,0.0245,0.91701889427,0.0947826086956,0.359157413244,HLA-A*31:01
zhao-vaccine-47c911d1a48723c2,MHCflurry,2.2.1,presentation,0.400212334188,higher,predicted,348.101651128,0.99425,0.400212334188,1.05760869565,0.270296751987,HLA-A*31:01
zhao-vaccine-00a60dae88e48c26,MHCflurry,2.2.1,presentation,0.842226236158,higher,predicted,34.1087946765,0.261375,0.842226236158,0.212201086957,0.220290781464,HLA-A*02:06
zhao-vaccine-d8a8dac7ed33ad24,MHCflurry,2.2.1,presentation,0.786432460132,higher,predicted,41.2124989885,0.133625,0.786432460132,0.299592391304,0.167278003646,HLA-A*31:01
zhao-vaccine-1f30d870df77aaaf,MHCflurry,2.2.1,presentation,0.903105503544,higher,predicted,41.052407957,0.076625,0.903105503544,0.116820652174,0.428682332858,HLA-C*03:04
zhao-vaccine-d2ce7cae6d60843b,MHCflurry,2.2.1,presentation,0.297934792991,higher,predicted,257.51634814,0.534625,0.297934792991,1.37288043478,0.0596351390705,HLA-B*40:01
zhao-vaccine-9041951216454b7e,MHCflurry,2.2.1,presentation,0.0744958006911,higher,predicted,1627.66716329,0.991,0.0744958006911,3.63918478261,0.0959696307546,HLA-B*40:01
zhao-vaccine-30d18a9534ed46fd,MHCflurry,2.2.1,presentation,0.94044555565,higher,predicted,38.4656385413,0.026,0.94044555565,0.0617934782609,0.559832556173,HLA-B*40:01
zhao-vaccine-0694786ec4b3bbc4,MHCflurry,2.2.1,presentation,0.593670710329,higher,predicted,177.622523705,0.54175,0.593670710329,0.627255434783,0.307090769522,HLA-B*07:02
zhao-vaccine-20ff43cf2c8610ca,MHCflurry,2.2.1,presentation,0.830505415221,higher,predicted,28.3504309556,0.202125,0.830505415221,0.230027173913,0.145310785098,HLA-A*02:06
zhao-vaccine-022a87c5e80b550a,MHCflurry,2.2.1,presentation,0.906820514007,higher,predicted,17.5867669324,0.07125,0.906820514007,0.111222826087,0.208165096119,HLA-A*02:06
zhao-vaccine-3dbb935d8070d9d5,MHCflurry,2.2.1,presentation,0.227322676551,higher,predicted,386.532654228,0.7665,0.227322676551,1.67619565217,0.0675939631183,HLA-A*24:02
zhao-vaccine-0702ce1c17bfdb8a,MHCflurry,2.2.1,presentation,0.844122638402,higher,predicted,41.98766057,0.08925,0.844122638402,0.208940217391,0.28139901394,HLA-C*03:04
zhao-vaccine-c35a927cccb1663e,MHCflurry,2.2.1,presentation,0.828084292615,higher,predicted,21.675630019,0.12175,0.828084292615,0.233451086957,0.0667760330252,HLA-A*02:06
zhao-vaccine-60384e36ea732f65,MHCflurry,2.2.1,presentation,0.902960497124,higher,predicted,15.3467279584,0.045875,0.902960497124,0.116820652174,0.158082763432,HLA-A*02:06
zhao-vaccine-e78c9fc98da01c4d,MHCflurry,2.2.1,presentation,0.0237422304603,higher,predicted,12585.2292883,6.7365,0.0237422304603,10.2319836957,0.319225238636,HLA-A*02:06
zhao-vaccine-150c426926b7bf2c,MHCflurry,2.2.1,presentation,0.989183679319,higher,predicted,16.8405418238,0.062625,0.989183679319,0.0013858695652,0.829479679465,HLA-A*02:06
zhao-vaccine-6862cd4e653c1828,MHCflurry,2.2.1,presentation,0.0364095888959,higher,predicted,4425.98120693,2.323375,0.0364095888959,6.79260869565,0.156863201875,HLA-A*24:02
zhao-vaccine-5906d463321eec30,MHCflurry,2.2.1,presentation,0.399644830301,higher,predicted,133.662124149,0.8095,0.399644830301,1.05760869565,0.00684566781274,HLA-A*02:06
zhao-vaccine-d838759e43906b9e,MHCflurry,2.2.1,presentation,0.778298159311,higher,predicted,113.423221909,0.513125,0.778298159311,0.312364130435,0.431713094935,HLA-A*31:01
zhao-vaccine-f56a3859d007d5ea,MHCflurry,2.2.1,presentation,0.00527282081463,higher,predicted,19011.6800817,8.206375,0.00527282081463,46.224673913,0.00190511650726,HLA-A*31:01
zhao-vaccine-8dad62203483ce1a,MHCflurry,2.2.1,presentation,0.054646993609,higher,predicted,1723.72616914,1.895375,0.054646993609,4.73220108696,0.0181402584858,HLA-A*31:01
zhao-vaccine-0297677f678e6640,MHCflurry,2.2.1,presentation,0.472142962372,higher,predicted,312.898710545,1.20675,0.472142962372,0.883260869565,0.323849334382,HLA-C*14:02
zhao-vaccine-0cc663f1083811c9,MHCflurry,2.2.1,presentation,0.00652328701302,higher,predicted,16833.3218302,7.04025,0.00652328701302,37.359048913,0.0289995880084,HLA-A*31:01
zhao-vaccine-234211c4399c1179,MHCflurry,2.2.1,presentation,0.13322053859,higher,predicted,1966.27085731,1.147875,0.13322053859,2.4022826087,0.330668302719,HLA-B*39:01
zhao-vaccine-70b77e7605ec1014,MHCflurry,2.2.1,presentation,0.0310497062658,higher,predicted,28554.5766037,31.43325,0.0310497062658,7.77809782609,0.622117105871,HLA-A*02:06
zhao-vaccine-94637f4b40db0bae,MHCflurry,2.2.1,presentation,0.654113327577,higher,predicted,58.2030443013,0.45925,0.654113327577,0.518125,0.0737039951491,HLA-A*02:06
zhao-vaccine-8df3abe30ada419b,MHCflurry,2.2.1,presentation,0.759333291139,higher,predicted,90.1807278966,0.097125,0.759333291139,0.342690217391,0.338587643811,HLA-B*39:01
zhao-vaccine-1349900b079f91d5,MHCflurry,2.2.1,presentation,0.218087123237,higher,predicted,348.183544911,0.940875,0.218087123237,1.73173913043,0.0238276058808,HLA-B*15:01
zhao-vaccine-180865673008432f,MHCflurry,2.2.1,presentation,0.490296515717,higher,predicted,94.6692461509,0.351875,0.490296515717,0.842201086956,0.0161956493102,HLA-B*15:01
zhao-vaccine-59d5c53567b1f4e7,MHCflurry,2.2.1,presentation,0.779437343595,higher,predicted,206.144477292,0.68,0.779437343595,0.310706521739,0.597605925053,HLA-B*15:01
zhao-vaccine-9237ce7aebed61e3,MHCflurry,2.2.1,presentation,0.707888394698,higher,predicted,43.9125936147,0.0135,0.707888394698,0.424565217391,0.0664446223527,HLA-B*54:01
zhao-vaccine-ef3ae58ddf2195b0,MHCflurry,2.2.1,presentation,0.0279675860346,higher,predicted,4794.54751758,2.882125,0.0279675860346,8.83929347826,0.101802231278,HLA-A*31:01
zhao-vaccine-c8db98bd41f0a9df,MHCflurry,2.2.1,presentation,0.615007502173,higher,predicted,111.773534991,0.151625,0.615007502173,0.586820652174,0.205153471557,HLA-B*54:01
zhao-vaccine-37e68b546abd5711,MHCflurry,2.2.1,presentation,0.193574581853,higher,predicted,1342.21907547,1.718,0.193574581853,1.87733695652,0.351852753432,HLA-A*31:01
zhao-vaccine-645528354f0b9832,MHCflurry,2.2.1,presentation,0.968482920471,higher,predicted,33.9044821453,0.07975,0.968482920471,0.0214130434783,0.71334192995,HLA-A*31:01
zhao-vaccine-06ac4a5ed97705c5,MHCflurry,2.2.1,presentation,0.837315749003,higher,predicted,59.1996635635,0.409375,0.837315749003,0.219673913043,0.361345371231,HLA-B*40:02
zhao-vaccine-cdc58305626f8a76,MHCflurry,2.2.1,presentation,0.921567494768,higher,predicted,37.8255525864,0.122125,0.921567494768,0.0888043478261,0.471671557054,HLA-A*11:01
zhao-vaccine-1bb5454d726123c4,MHCflurry,2.2.1,presentation,0.553593029883,higher,predicted,120.803419117,0.36325,0.553593029883,0.708097826087,0.154915734427,HLA-A*24:02
zhao-vaccine-fc412ba0fecbdccb,MHCflurry,2.2.1,presentation,0.439648264697,higher,predicted,1273.58856555,1.8225,0.439648264697,0.957445652174,0.672184929252,HLA-A*11:01
zhao-vaccine-dc825f8473ec39fd,MHCflurry,2.2.1,presentation,0.0227887981501,higher,predicted,5146.71649325,2.51425,0.0227887981501,10.6558423913,0.0618823759723,HLA-A*24:02
zhao-vaccine-df4c8617f3823d34,MHCflurry,2.2.1,presentation,0.329568793172,higher,predicted,385.638220339,1.090125,0.329568793172,1.2627173913,0.212050165748,HLA-A*11:01
zhao-vaccine-5536d9cd51935a7c,MHCflurry,2.2.1,presentation,0.973698568641,higher,predicted,24.4466157607,0.003125,0.973698568641,0.0153804347826,0.676201067865,HLA-A*33:03
zhao-vaccine-b38adf1a34a10357,MHCflurry,2.2.1,presentation,0.808141992825,higher,predicted,48.1025712589,0.23125,0.808141992825,0.26527173913,0.247714274563,HLA-A*33:03
zhao-vaccine-aaddee91634b4a65,MHCflurry,2.2.1,presentation,0.8208404492,higher,predicted,42.8629619902,0.171625,0.8208404492,0.244565217391,0.239813489374,HLA-A*33:03
zhao-vaccine-3fefaf7cf6c662cd,MHCflurry,2.2.1,presentation,0.663464723332,higher,predicted,117.772954354,0.6295,0.663464723332,0.501929347826,0.278963141609,HLA-C*03:04
zhao-vaccine-6628e04f9ddbfbf6,MHCflurry,2.2.1,presentation,0.728196440481,higher,predicted,43.5755393868,0.066,0.728196440481,0.392527173913,0.0926890808623,HLA-B*40:01
zhao-vaccine-28b6cea5f1f503f6,MHCflurry,2.2.1,presentation,0.885200704539,higher,predicted,18.3718688081,0.079125,0.885200704539,0.144782608696,0.154361207038,HLA-A*02:01
zhao-vaccine-7a5eaeb9f38eb2a5,MHCflurry,2.2.1,presentation,0.629691167196,higher,predicted,63.1575226477,0.15675,0.629691167196,0.560108695652,0.0660945334239,HLA-B*44:03
zhao-vaccine-4634de9646f305ec,MHCflurry,2.2.1,presentation,0.910722520381,higher,predicted,17.4294991611,0.0695,0.910722520381,0.105461956522,0.219003238715,HLA-A*02:01
zhao-vaccine-7afd3356d2ec51b0,MHCflurry,2.2.1,presentation,0.531307876711,higher,predicted,168.521088526,0.96825,0.531307876711,0.755407608696,0.220927077811,HLA-A*33:03
zhao-vaccine-fefd263d2f7f6e4b,MHCflurry,2.2.1,presentation,0.983972396295,higher,predicted,21.3650448737,0.03,0.983972396295,0.00451086956522,0.782169796526,HLA-A*02:07
zhao-vaccine-006db7f66708b833,MHCflurry,2.2.1,presentation,0.00796003788661,higher,predicted,12453.2767959,5.176875,0.00796003788661,31.6431793478,0.00292916878243,HLA-A*31:01
zhao-vaccine-546e2eb178b315b1,MHCflurry,2.2.1,presentation,0.0317652411168,higher,predicted,4359.39454907,9.20475,0.0317652411168,7.77809782609,0.112774270587,HLA-C*03:03
zhao-vaccine-40088cdb03109f67,MHCflurry,2.2.1,presentation,0.709322624122,higher,predicted,140.612449352,0.903125,0.709322624122,0.423233695652,0.387917617336,HLA-C*03:03
zhao-vaccine-1e1164e9839091cb,MHCflurry,2.2.1,presentation,0.00970675690174,higher,predicted,16877.0630191,24.213125,0.00970675690174,24.5792391304,0.142950798851,HLA-C*03:03
zhao-vaccine-52757f62ded011a3,MHCflurry,2.2.1,presentation,0.197283714412,higher,predicted,375.950056563,2.29925,0.197283714412,1.85241847826,0.00913588712865,HLA-C*03:03
zhao-vaccine-8ea5312eb0adff73,MHCflurry,2.2.1,presentation,0.0680630976133,higher,predicted,1377.33278334,5.113125,0.0680630976133,3.94625,0.0226402112457,HLA-C*03:03
zhao-vaccine-f1dce5f301e2336e,MHCflurry,2.2.1,presentation,0.549395729063,higher,predicted,98.2151447932,0.12625,0.549395729063,0.719048913043,0.0932889731484,HLA-B*54:01
zhao-vaccine-35a88421aeb0c758,MHCflurry,2.2.1,presentation,0.0302221631309,higher,predicted,3483.78192104,3.169625,0.0302221631309,8.01565217391,0.0366941709071,HLA-A*02:06
zhao-vaccine-f147d872726839fc,MHCflurry,2.2.1,presentation,0.0148448693421,higher,predicted,13740.384103,7.28625,0.0148448693421,16.1575543478,0.208043967839,HLA-A*02:06
zhao-vaccine-b0eda9d86c2022bb,MHCflurry,2.2.1,presentation,0.6935519686,higher,predicted,41.6534445021,0.331125,0.6935519686,0.449130434783,0.0326198098774,HLA-A*02:06
zhao-vaccine-5cddd1e998209590,MHCflurry,2.2.1,presentation,0.399644830301,higher,predicted,133.662124149,0.8095,0.399644830301,1.05760869565,0.00684566781274,HLA-A*02:06
zhao-vaccine-eb8ee542e0e4abb0,MHCflurry,2.2.1,presentation,0.94341240289,higher,predicted,25.4385510907,0.1535,0.94341240289,0.0570108695652,0.461644154042,HLA-A*02:01
zhao-vaccine-9cbc55f563fa4d7c,MHCflurry,2.2.1,presentation,0.127169883414,higher,predicted,1226.01186342,0.922125,0.127169883414,2.4772826087,0.185880275443,HLA-B*54:01
zhao-vaccine-839fc7d85c2fdcb0,MHCflurry,2.2.1,presentation,0.742222928126,higher,predicted,74.4224401439,0.21375,0.742222928126,0.369809782609,0.260006666183,HLA-A*24:02
zhao-vaccine-0937ca06052a3e32,MHCflurry,2.2.1,presentation,0.67372578055,higher,predicted,228.844211638,0.311625,0.67372578055,0.482527173913,0.474423922598,HLA-B*54:01
zhao-vaccine-a9b2ef34a4a4f738,MHCflurry,2.2.1,presentation,0.7816481634,higher,predicted,37.08672303,0.290125,0.7816481634,0.307527173913,0.130332633446,HLA-A*02:06
zhao-vaccine-fcec977a276bdf8c,MHCflurry,2.2.1,presentation,0.718760899832,higher,predicted,43.7314733299,0.08325,0.718760899832,0.406059782609,0.0803385059116,HLA-B*35:01
zhao-vaccine-7a09b470d60c0895,MHCflurry,2.2.1,presentation,0.911371829762,higher,predicted,47.3949746416,0.380125,0.911371829762,0.103940217391,0.495903071947,HLA-A*02:06
zhao-vaccine-3372d006c19f3cc4,MHCflurry,2.2.1,presentation,0.400141643344,higher,predicted,270.422128153,0.644125,0.400141643344,1.05760869565,0.200889664236,HLA-B*35:01
zhao-vaccine-b40b1b13f33fc0c2,MHCflurry,2.2.1,presentation,0.976662509161,higher,predicted,29.1522330768,0.00775,0.976662509161,0.0120923913044,0.759182311594,HLA-A*24:02
zhao-vaccine-45cb7fbedbb1c0c3,MHCflurry,2.2.1,presentation,0.694884040797,higher,predicted,44.7649630637,0.0795,0.694884040797,0.445625,0.054171601776,HLA-B*15:01
zhao-vaccine-b349d9cfc662fc3f,MHCflurry,2.2.1,presentation,0.00696336370128,higher,predicted,19393.4171628,9.17725,0.00696336370128,37.359048913,0.0864437911659,HLA-B*15:01
zhao-vaccine-ff806cde4c5e99e1,MHCflurry,2.2.1,presentation,0.00831861856148,higher,predicted,14216.9774872,6.32525,0.00831861856148,27.6173913043,0.0518484301865,HLA-B*15:01
zhao-vaccine-1206dc3feba6e30e,MHCflurry,2.2.1,presentation,0.0807663550986,higher,predicted,4495.22503498,3.033625,0.0807663550986,3.421875,0.399628015235,HLA-B*15:01
zhao-vaccine-90351014ab7f9ef2,MHCflurry,2.2.1,presentation,0.00490707767712,higher,predicted,20662.3414142,31.679125,0.00490707767712,62.744673913,0.0043413311796,HLA-C*03:03
zhao-vaccine-b012698f34ee7444,MHCflurry,2.2.1,presentation,0.928857317444,higher,predicted,45.8855217435,0.093875,0.928857317444,0.079402173913,0.554501008242,HLA-B*35:01
zhao-vaccine-a2d6b5d52e8e2a06,MHCflurry,2.2.1,presentation,0.051059235225,higher,predicted,2127.51201682,1.774875,0.051059235225,4.96864130435,0.055657266581,HLA-B*35:01
zhao-vaccine-2a55b2b506873138,MHCflurry,2.2.1,presentation,0.789879087876,higher,predicted,47.3252908503,0.0995,0.789879087876,0.292527173913,0.211082038702,HLA-B*35:01
zhao-vaccine-0a4af062d10dde2c,MHCflurry,2.2.1,presentation,0.0398226965725,higher,predicted,6572.1031416,3.172125,0.0398226965725,6.3270923913,0.291728205513,HLA-B*35:01
zhao-vaccine-ba1d65802cd3eaf9,MHCflurry,2.2.1,presentation,0.336424704467,higher,predicted,339.305934191,0.73025,0.336424704467,1.23980978261,0.185634291265,HLA-B*35:01
zhao-vaccine-6632872a0b3e448c,MHCflurry,2.2.1,presentation,0.325184542803,higher,predicted,1373.22058737,1.45225,0.325184542803,1.2795923913,0.555090796202,HLA-B*35:01
zhao-vaccine-0179e24f8724c4a2,MHCflurry,2.2.1,presentation,0.618340407765,higher,predicted,194.388654008,0.516375,0.618340407765,0.581548913043,0.361063948832,HLA-B*35:01
zhao-vaccine-7ba3cb1c854964c6,MHCflurry,2.2.1,presentation,0.953049514038,higher,predicted,97.044919071,0.288125,0.953049514038,0.0427173913044,0.884865641594,HLA-B*35:01
zhao-vaccine-763cda9e0bb31298,MHCflurry,2.2.1,presentation,0.112220792161,higher,predicted,1493.3607229,1.50225,0.112220792161,2.69225543478,0.19989161985,HLA-B*35:01
zhao-vaccine-e22b469e68254879,MHCflurry,2.2.1,presentation,0.852661171952,higher,predicted,23.9640845969,0.00475,0.852661171952,0.196277173913,0.146199111361,HLA-B*35:01
zhao-vaccine-44063f3c8fb4dcf5,MHCflurry,2.2.1,presentation,0.360207552195,higher,predicted,156.84851335,0.44025,0.360207552195,1.16788043478,0.00341577388463,HLA-B*35:01
zhao-vaccine-d2cfccf2ae541c09,MHCflurry,2.2.1,presentation,0.395619454936,higher,predicted,747.286150129,1.46675,0.395619454936,1.06777173913,0.474613199942,HLA-A*11:01
zhao-vaccine-64773930bac26b74,MHCflurry,2.2.1,presentation,0.0430091128014,higher,predicted,2826.64358667,2.51675,0.0430091128014,5.91375,0.0827832561627,HLA-A*11:01
zhao-vaccine-baa1ccdf328ebe08,MHCflurry,2.2.1,presentation,0.864471999352,higher,predicted,54.8605407627,0.256875,0.864471999352,0.177472826087,0.401086636819,HLA-A*11:01
zhao-vaccine-8bcd58c46c00f5e3,MHCflurry,2.2.1,presentation,0.74454743636,higher,predicted,52.6072617553,0.11675,0.74454743636,0.366983695652,0.168212301214,HLA-A*24:02
zhao-vaccine-f3de3519292f9040,MHCflurry,2.2.1,presentation,0.0223165543493,higher,predicted,4778.72100311,3.180375,0.0223165543493,10.6558423913,0.0354604183813,HLA-A*11:01
zhao-vaccine-aaab17ba46dc2729,MHCflurry,2.2.1,presentation,0.829603873142,higher,predicted,28.0850804396,0.0155,0.829603873142,0.231875,0.140922764549,HLA-B*35:01
zhao-vaccine-dc8bf0863af81f55,MHCflurry,2.2.1,presentation,0.0500229258248,higher,predicted,6361.01601132,3.319,0.0500229258248,5.14921195652,0.35023763217,HLA-A*31:01
zhao-vaccine-aef7322119dad1c7,MHCflurry,2.2.1,presentation,0.0997496827513,higher,predicted,2004.18331137,2.001375,0.0997496827513,2.93067934783,0.243424584274,HLA-A*31:01
zhao-vaccine-ec94cc88e5d47778,MHCflurry,2.2.1,presentation,0.0825781522577,higher,predicted,1101.23905874,1.596125,0.0825781522577,3.35877717391,0.0202953077969,HLA-A*31:01
zhao-vaccine-0e08c8e41a1fd3bc,MHCflurry,2.2.1,presentation,0.977441470752,higher,predicted,33.4075794445,0.082125,0.977441470752,0.0108695652174,0.806408755481,HLA-A*11:01
zhao-vaccine-1592302bf61f7835,MHCflurry,2.2.1,presentation,0.49314420382,higher,predicted,96.2887539242,0.445875,0.49314420382,0.836059782609,0.0240727847558,HLA-A*31:01
zhao-vaccine-d94a4ac63f944c6b,MHCflurry,2.2.1,presentation,0.733949499332,higher,predicted,34.7772355943,0.23575,0.733949499332,0.383695652174,0.0390422795899,HLA-A*02:01
zhao-vaccine-c483b1de01ead533,MHCflurry,2.2.1,presentation,0.845378632223,higher,predicted,33.0997601886,0.223,0.845378632223,0.207065217391,0.218806877499,HLA-A*02:01
zhao-vaccine-9e8fc39d95a40a1f,MHCflurry,2.2.1,presentation,0.993659402605,higher,predicted,11.0698596124,0.00675,0.993659402605,0.000489130434758,0.866520054638,HLA-A*02:01
zhao-vaccine-6363fe1dd915ea5b,MHCflurry,2.2.1,presentation,0.0902730183298,higher,predicted,1995.13051833,2.662125,0.0902730183298,3.13263586957,0.211007898208,HLA-A*33:03
zhao-vaccine-cd64b4192a9c9894,MHCflurry,2.2.1,presentation,0.6422619289,higher,predicted,57.386209846,0.32775,0.6422619289,0.537989130435,0.0551339990925,HLA-A*33:03
zhao-vaccine-d1371927058a5898,MHCflurry,2.2.1,presentation,0.932219119263,higher,predicted,36.7206584162,0.0355,0.932219119263,0.0733967391304,0.508033718914,HLA-A*24:02
zhao-vaccine-0d7bb9929488898f,MHCflurry,2.2.1,presentation,0.52383552875,higher,predicted,87.8949683828,0.265875,0.52383552875,0.770217391304,0.0337511224789,HLA-A*24:02
zhao-vaccine-3679fae15754e273,MHCflurry,2.2.1,presentation,0.916707088907,higher,predicted,52.3693731788,0.11675,0.916707088907,0.0961956521739,0.542501131073,HLA-A*24:02
zhao-vaccine-a33ee1dd3b2f09a1,MHCflurry,2.2.1,presentation,0.119670229367,higher,predicted,723.284112268,1.027875,0.119670229367,2.58752717391,0.0214030116585,HLA-A*24:02
zhao-vaccine-112f4a88e10feba3,MHCflurry,2.2.1,presentation,0.136740330647,higher,predicted,1925.55528657,1.58025,0.136740330647,2.36703804348,0.333444302902,HLA-A*24:02
zhao-vaccine-51e00233f3f7e7ca,MHCflurry,2.2.1,presentation,0.475698386888,higher,predicted,222.048539979,0.55925,0.475698386888,0.874891304348,0.233717639931,HLA-A*24:02
zhao-vaccine-a891cfc889051ef8,MHCflurry,2.2.1,presentation,0.410399496629,higher,predicted,839.472736873,1.09925,0.410399496629,1.03135869565,0.523913431913,HLA-A*24:02
zhao-vaccine-38e000addf6f4701,MHCflurry,2.2.1,presentation,0.00824471971312,higher,predicted,16176.1427805,5.92725,0.00824471971312,27.6173913043,0.0847484610276,HLA-A*24:02
zhao-vaccine-a8ebe5e94913fd30,MHCflurry,2.2.1,presentation,0.539171080432,higher,predicted,324.267689372,0.69675,0.539171080432,0.739891304348,0.409549185075,HLA-A*24:02
zhao-vaccine-ba8ad90e15f22284,MHCflurry,2.2.1,presentation,0.356370649265,higher,predicted,169.112684963,0.673625,0.356370649265,1.17633152174,0.0193676748277,HLA-A*31:01
zhao-vaccine-a825adb3986d85b1,MHCflurry,2.2.1,presentation,0.0323500720447,higher,predicted,7004.53812982,4.475625,0.0323500720447,7.55826086957,0.248294426128,HLA-A*02:06
zhao-vaccine-d73b9d3454d5e3ba,MHCflurry,2.2.1,presentation,0.819465609977,higher,predicted,26.088352474,0.179125,0.819465609977,0.248152173913,0.100865397369,HLA-A*02:06
zhao-vaccine-098597d31e02ff18,MHCflurry,2.2.1,presentation,0.77418030437,higher,predicted,32.0440449499,0.0635,0.77418030437,0.318369565217,0.0779913819861,HLA-A*31:01
zhao-vaccine-e17001ee68f8b2b6,MHCflurry,2.2.1,presentation,0.617113883607,higher,predicted,162.143167785,0.655875,0.617113883607,0.58285326087,0.309800155461,HLA-A*31:01
zhao-vaccine-3821bcfab49c8dda,MHCflurry,2.2.1,presentation,0.962991581351,higher,predicted,44.6241726896,0.354625,0.962991581351,0.0282065217392,0.741762712598,HLA-A*02:06
zhao-vaccine-b5376bbf72b75a70,MHCflurry,2.2.1,presentation,0.637159159693,higher,predicted,56.7289719591,0.242625,0.637159159693,0.547092391304,0.0457140690414,HLA-A*31:01
zhao-vaccine-8ce3e00395eaa80f,MHCflurry,2.2.1,presentation,0.91551911584,higher,predicted,71.3484410326,0.333,0.91551911584,0.0978804347826,0.62303403765,HLA-A*31:01
zhao-vaccine-6fe2d12f3351fe80,MHCflurry,2.2.1,presentation,0.212531385722,higher,predicted,787.459535857,1.403875,0.212531385722,1.76116847826,0.238579206169,HLA-A*31:01
zhao-vaccine-e6aa519622814498,MHCflurry,2.2.1,presentation,0.0923073934095,higher,predicted,1297.72830504,1.6965,0.0923073934095,3.08263586957,0.0998618766898,HLA-A*31:01
zhao-vaccine-28680df863991b81,MHCflurry,2.2.1,presentation,0.508905449509,higher,predicted,92.1438670284,0.43025,0.508905449509,0.802418478261,0.0298132574535,HLA-A*31:01
zhao-vaccine-3a04d026d8ca0c16,MHCflurry,2.2.1,presentation,0.0443411471411,higher,predicted,4588.33854157,3.58475,0.0443411471411,5.671875,0.224791803397,HLA-A*02:06
zhao-vaccine-8fa00450fd1bd1ea,MHCflurry,2.2.1,presentation,0.00682764420303,higher,predicted,15753.2161575,8.45425,0.00682764420303,37.359048913,0.0237684678286,HLA-A*02:06
zhao-vaccine-902524f8714db0a0,MHCflurry,2.2.1,presentation,0.0479127856955,higher,predicted,4834.87022814,3.681,0.0479127856955,5.34668478261,0.262113986537,HLA-A*02:06
zhao-vaccine-166f9c9be7a28013,MHCflurry,2.2.1,presentation,0.0151260695238,higher,predicted,9810.43953835,5.5505,0.0151260695238,15.160951087,0.120938502951,HLA-A*02:06
zhao-vaccine-d4e4cbda7eddf547,MHCflurry,2.2.1,presentation,0.00935112271143,higher,predicted,27364.9062337,26.21375,0.00935112271143,24.5792391304,0.264985874295,HLA-A*02:06
zhao-vaccine-1228c02b9ebad53d,MHCflurry,2.2.1,presentation,0.00620844902567,higher,predicted,23307.022424,16.05025,0.00620844902567,37.359048913,0.104262157343,HLA-A*02:06
zhao-vaccine-16bae7dd6fe15f00,MHCflurry,2.2.1,presentation,0.859174436313,higher,predicted,45.9859868744,0.2055,0.859174436313,0.185489130435,0.340067571029,HLA-B*40:02
zhao-vaccine-85cf428a5750ca1a,MHCflurry,2.2.1,presentation,0.0108943189942,higher,predicted,9694.6206385,3.725875,0.0108943189942,22.1923097826,0.0237115609925,HLA-A*24:02
zhao-vaccine-33fd6104c0ed9ad5,MHCflurry,2.2.1,presentation,0.571694777535,higher,predicted,80.530506717,0.636875,0.571694777535,0.671467391304,0.0643760687672,HLA-B*40:02
zhao-vaccine-4baf337f7a2317cd,MHCflurry,2.2.1,presentation,0.739870062113,higher,predicted,102.604346422,0.785,0.739870062113,0.373586956522,0.344701836817,HLA-B*40:02
zhao-vaccine-77cc94148cfef17a,MHCflurry,2.2.1,presentation,0.040156271378,higher,predicted,2284.27582944,2.8155,0.040156271378,6.18413043478,0.004055773461,HLA-B*40:02
zhao-vaccine-ec860c1541ddf880,MHCflurry,2.2.1,presentation,0.0575201805562,higher,predicted,3189.611215,7.832,0.0575201805562,4.51926630435,0.202437286032,HLA-C*03:03
zhao-vaccine-ff0e778a62e2c15f,MHCflurry,2.2.1,presentation,0.0503860225066,higher,predicted,1993.89315041,1.60275,0.0503860225066,5.05404891304,0.0338977996726,HLA-A*24:02
zhao-vaccine-cfb615fd7a59e172,MHCflurry,2.2.1,presentation,0.708565095307,higher,predicted,40.0369317738,0.140375,0.708565095307,0.424565217391,0.0420031354879,HLA-A*33:03
zhao-vaccine-0bae040f7ad64682,MHCflurry,2.2.1,presentation,0.744801068008,higher,predicted,57.8603841172,0.334,0.744801068008,0.365733695652,0.19471957552,HLA-A*33:03
zhao-vaccine-0cf5974c881fdb74,MHCflurry,2.2.1,presentation,0.569026927722,higher,predicted,106.022788428,0.692375,0.569026927722,0.678043478261,0.136802075256,HLA-A*33:03
zhao-vaccine-c80f6f094b695166,MHCflurry,2.2.1,presentation,0.055900816216,higher,predicted,1845.2520624,2.591125,0.055900816216,4.65758152174,0.0436305327457,HLA-A*33:03
zhao-vaccine-bed24addf506ce34,MHCflurry,2.2.1,presentation,0.00766440445741,higher,predicted,13248.75612,5.790375,0.00766440445741,31.6431793478,0.00914747540082,HLA-A*11:01
zhao-vaccine-dfdd9ca8c63955a9,MHCflurry,2.2.1,presentation,0.66459336828,higher,predicted,51.6575014639,0.235875,0.66459336828,0.500163043478,0.0541393360472,HLA-A*11:01
zhao-vaccine-132b0e1662304a94,MHCflurry,2.2.1,presentation,0.0632914182255,higher,predicted,1418.74088475,1.900625,0.0632914182255,4.15711956522,0.0087853834375,HLA-A*11:01
zhao-vaccine-f1a49243ae0c64e6,MHCflurry,2.2.1,presentation,0.491306503019,higher,predicted,1864.06859554,4.4195,0.491306503019,0.839918478261,0.835498042405,HLA-C*12:03
zhao-vaccine-fa380ed85f15cc2e,MHCflurry,2.2.1,presentation,0.833552104082,higher,predicted,204.356107386,0.53275,0.833552104082,0.225298913043,0.693747073412,HLA-A*24:02
zhao-vaccine-1dfd583f79b300b6,MHCflurry,2.2.1,presentation,0.490002900445,higher,predicted,93.2799427503,0.342375,0.490002900445,0.842201086956,0.0118047728611,HLA-B*15:01
zhao-vaccine-b1ac9f609618f8ca,MHCflurry,2.2.1,presentation,0.936827773252,higher,predicted,42.8950782616,0.06975,0.936827773252,0.0670652173913,0.571997562423,HLA-B*15:01
zhao-vaccine-fb673980ce81a692,MHCflurry,2.2.1,presentation,0.547154993092,higher,predicted,70.8499345966,0.237,0.547154993092,0.722635869565,0.001068560985,HLA-B*15:01
zhao-vaccine-bc737e82b758fa39,MHCflurry,2.2.1,presentation,0.311371906001,higher,predicted,1455.89926557,1.823,0.311371906001,1.32432065217,0.553147185594,HLA-B*15:01
zhao-vaccine-6e7ce227f1e7e95c,MHCflurry,2.2.1,presentation,0.0648208832778,higher,predicted,2096.01069913,2.146875,0.0648208832778,4.10201086957,0.123139157426,HLA-B*15:01
zhao-vaccine-c85c158e98c6d4ce,MHCflurry,2.2.1,presentation,0.938690156868,higher,predicted,35.8977175912,0.08025,0.938690156868,0.0643206521739,0.532125782222,HLA-C*03:03
zhao-vaccine-b5643709e76f41a2,MHCflurry,2.2.1,presentation,0.358560859441,higher,predicted,231.720733159,1.526,0.358560859441,1.170625,0.108533609193,HLA-C*03:03
zhao-vaccine-c324908cc731511f,MHCflurry,2.2.1,presentation,0.979574453863,higher,predicted,11.4521870366,0.0115,0.979574453863,0.00842391304349,0.541176481172,HLA-A*02:01
zhao-vaccine-e26babc136986b5c,MHCflurry,2.2.1,presentation,0.95013974608,higher,predicted,20.619705983,0.1055,0.95013974608,0.0465217391304,0.441766137257,HLA-A*02:01
zhao-vaccine-ed76349c9e2dd472,MHCflurry,2.2.1,presentation,0.688784350483,higher,predicted,38.5176688314,0.272,0.688784350483,0.456331521739,0.004819601083,HLA-A*02:01
zhao-vaccine-f46f09dbc700467c,MHCflurry,2.2.1,presentation,0.828334199895,higher,predicted,88.5522587627,0.284625,0.828334199895,0.233451086957,0.453659327701,HLA-B*40:01
zhao-vaccine-43909cc41eef52d8,MHCflurry,2.2.1,presentation,0.0324860199713,higher,predicted,3249.47141401,1.674875,0.0324860199713,7.55826086957,0.0386556272861,HLA-B*54:01
zhao-vaccine-9ff097726bf7df82,MHCflurry,2.2.1,presentation,0.26466503656,higher,predicted,270.021293423,0.356375,0.26466503656,1.50288043478,0.02610040742,HLA-B*54:01
zhao-vaccine-07cc120068811e93,MHCflurry,2.2.1,presentation,0.520110870368,higher,predicted,83.3961874959,0.09575,0.520110870368,0.778777173913,0.0151078253621,HLA-B*54:01
zhao-vaccine-cb6e9da5baefeef6,MHCflurry,2.2.1,presentation,0.700723308371,higher,predicted,155.560212594,0.781125,0.700723308371,0.436684782609,0.403965471312,HLA-A*02:01
zhao-vaccine-e42e79bfabd35285,MHCflurry,2.2.1,presentation,0.252561842766,higher,predicted,736.421644616,0.01425,0.252561842766,1.55777173913,0.283701597713,HLA-A*26:03
zhao-vaccine-eb11477b0efd0a9d,MHCflurry,2.2.1,presentation,0.985467673541,higher,predicted,13.5584972817,0.02825,0.985467673541,0.003125,0.685434941202,HLA-A*02:01
zhao-vaccine-aba286679a3af33b,MHCflurry,2.2.1,presentation,0.984798348504,higher,predicted,13.0744726316,0.023125,0.984798348504,0.00372282608696,0.662536304444,HLA-A*02:01
zhao-vaccine-e001077a510ea0ab,MHCflurry,2.2.1,presentation,0.972515873757,higher,predicted,13.1189806708,0.023125,0.972515873757,0.0165760869566,0.492544225417,HLA-A*02:01
zhao-vaccine-8aedb3da06ef5aa9,MHCflurry,2.2.1,presentation,0.895194713844,higher,predicted,30.2148905375,0.196,0.895194713844,0.128532608696,0.319863929413,HLA-A*02:01
zhao-vaccine-4f3da3709e858594,MHCflurry,2.2.1,presentation,0.777075650859,higher,predicted,104.937275049,0.62575,0.777075650859,0.313695652174,0.408365525305,HLA-A*02:01
zhao-vaccine-66cf6b1fcec64658,MHCflurry,2.2.1,presentation,0.870549968808,higher,predicted,17.0165929144,0.065,0.870549968808,0.16875,0.094658671529,HLA-A*02:01
zhao-vaccine-110f8acbe4b1fca8,MHCflurry,2.2.1,presentation,0.289318467696,higher,predicted,222.543485452,0.503625,0.289318467696,1.40296195652,0.00782128819264,HLA-B*40:01
zhao-vaccine-e9a46f9004af1a7e,MHCflurry,2.2.1,presentation,0.972110223316,higher,predicted,36.6476760269,0.017375,0.972110223316,0.0165760869566,0.770316034555,HLA-B*40:01
zhao-vaccine-e2051480d50651a1,MHCflurry,2.2.1,presentation,0.978787424507,higher,predicted,30.2414536345,0,0.978787424507,0.00964673913045,0.796849541366,HLA-B*40:01
zhao-vaccine-d8c68ff39c6d67bc,MHCflurry,2.2.1,presentation,0.861644401487,higher,predicted,47.0976960321,0.09125,0.861644401487,0.18214673913,0.35243811179,HLA-B*40:01
zhao-vaccine-bbd81a245bdb6a53,MHCflurry,2.2.1,presentation,0.971860099525,higher,predicted,38.9855696896,0.031,0.971860099525,0.0176630434783,0.78469774127,HLA-B*40:01
zhao-vaccine-92fd5241864b220f,MHCflurry,2.2.1,presentation,0.199640149468,higher,predicted,393.616088196,1.366625,0.199640149468,1.83932065217,0.0259294504285,HLA-C*14:02
zhao-vaccine-5d33fb0ff018fbe9,MHCflurry,2.2.1,presentation,0.971860099525,higher,predicted,38.9855696896,0.031,0.971860099525,0.0176630434783,0.78469774127,HLA-B*40:01
zhao-vaccine-8ee91c6641ca1ff0,MHCflurry,2.2.1,presentation,0.00868114895277,higher,predicted,12239.3307111,9.343625,0.00868114895277,27.6173913043,0.0228873208689,HLA-C*03:04
zhao-vaccine-9d3f40a0956a4e9d,MHCflurry,2.2.1,presentation,0.408441799372,higher,predicted,284.587616584,0.944875,0.408441799372,1.03413043478,0.224647613242,HLA-A*11:01
zhao-vaccine-9901cb3a4b27ed5a,MHCflurry,2.2.1,presentation,0.341226194601,higher,predicted,367.705685364,0.74725,0.341226194601,1.22692934783,0.21375970589,HLA-A*24:02
zhao-vaccine-4b07864e3140705d,MHCflurry,2.2.1,presentation,0.901165070209,higher,predicted,98.9618510246,0.302125,0.901165070209,0.119619565217,0.664032623172,HLA-A*24:02
zhao-vaccine-110db05232ea3082,MHCflurry,2.2.1,presentation,0.385035864767,higher,predicted,152.159119604,0.433875,0.385035864767,1.09779891304,0.0251085500931,HLA-A*24:02
zhao-vaccine-e4d2b521029f4c75,MHCflurry,2.2.1,presentation,0.00821654627441,higher,predicted,12809.8047405,6.342375,0.00821654627441,27.6173913043,0.019715799921,HLA-B*54:01
zhao-vaccine-a282ba8a7a06086e,MHCflurry,2.2.1,presentation,0.794345913465,higher,predicted,33.7368020542,0.0105,0.794345913465,0.286847826087,0.125829877623,HLA-B*07:02
zhao-vaccine-77c18644e2932fb6,MHCflurry,2.2.1,presentation,0.901892478245,higher,predicted,92.8528876578,0.126625,0.901892478245,0.119619565217,0.648855444044,HLA-A*01:01
zhao-vaccine-aa1cd6de21c627b5,MHCflurry,2.2.1,presentation,0.936166401413,higher,predicted,53.2534651103,0.1225,0.936166401413,0.0670652173913,0.628238631412,HLA-A*24:02
zhao-vaccine-bc68d3539269548a,MHCflurry,2.2.1,presentation,0.671972626925,higher,predicted,50.4049155006,0.10675,0.671972626925,0.486548913043,0.0568088974105,HLA-A*24:02
zhao-vaccine-1eec771665f33903,MHCflurry,2.2.1,presentation,0.0256117162736,higher,predicted,7592.21166506,3.0965,0.0256117162736,9.49423913043,0.202437129803,HLA-B*07:02
zhao-vaccine-594e87b0587a9e9f,MHCflurry,2.2.1,presentation,0.807493948011,higher,predicted,55.7564826237,0.187,0.807493948011,0.266956521739,0.287072323263,HLA-B*37:01
zhao-vaccine-04b4770698a2974e,MHCflurry,2.2.1,presentation,0.89551571425,higher,predicted,43.2642968258,0.1755,0.89551571425,0.128532608696,0.419389665127,HLA-A*33:03
zhao-vaccine-c58e108dfd64cbc0,MHCflurry,2.2.1,presentation,0.82133361639,higher,predicted,66.620678708,0.416,0.82133361639,0.244565217391,0.361835762858,HLA-A*33:03
zhao-vaccine-d92517974d4f3f89,MHCflurry,2.2.1,presentation,0.720819265213,higher,predicted,54.2052631815,0.296125,0.720819265213,0.403260869565,0.142169120256,HLA-A*33:03
zhao-vaccine-6e32a3a4d24b8733,MHCflurry,2.2.1,presentation,0.640742101167,higher,predicted,66.1877100281,0.172875,0.640742101167,0.539918478261,0.0924403026002,HLA-B*44:03
zhao-vaccine-0b28e737575328f2,MHCflurry,2.2.1,presentation,0.0487263072012,higher,predicted,6014.35778002,5.36825,0.0487263072012,5.24777173913,0.32704471983,HLA-C*14:03
zhao-vaccine-cffd74d560631564,MHCflurry,2.2.1,presentation,0.0213275166962,higher,predicted,4966.354809,4.8045,0.0213275166962,11.1157880435,0.0329359674361,HLA-C*14:03
zhao-vaccine-65b6f9f578d64a3a,MHCflurry,2.2.1,presentation,0.190504574863,higher,predicted,3874.55667765,1.042125,0.190504574863,1.89847826087,0.637300755829,HLA-A*26:02
zhao-vaccine-83583be375927df6,MHCflurry,2.2.1,presentation,0.0195868241778,higher,predicted,4863.36798748,3.196,0.0195868241778,12.1872282609,0.00261692783806,HLA-A*11:01
zhao-vaccine-f8a95121fa99348f,MHCflurry,2.2.1,presentation,0.00521036901079,higher,predicted,26230.0725945,10.27325,0.00521036901079,46.224673913,0.0868809237145,HLA-A*26:02
zhao-vaccine-65db3d80fa5b7e99,MHCflurry,2.2.1,presentation,0.415726648974,higher,predicted,405.310644611,0.274625,0.415726648974,1.01682065217,0.33022668492,HLA-A*26:02
zhao-vaccine-3db26662dded174b,MHCflurry,2.2.1,presentation,0.543625632428,higher,predicted,202.889316504,1.43275,0.543625632428,0.728559782609,0.285886455327,HLA-B*15:02
zhao-vaccine-ecca5c8d455577b7,MHCflurry,2.2.1,presentation,0.361488243003,higher,predicted,210.579387051,0.8085,0.361488243003,1.16173913043,0.0858594189631,HLA-A*11:01
zhao-vaccine-a939cdd1e64517db,MHCflurry,2.2.1,presentation,0.0448933153083,higher,predicted,2567.61907713,2.413,0.0448933153083,5.671875,0.0690726272878,HLA-A*11:01
zhao-vaccine-3a91b0412741607d,MHCflurry,2.2.1,presentation,0.405543182761,higher,predicted,174.654587204,0.606375,0.405543182761,1.04182065217,0.0872148868511,HLA-B*15:01
zhao-vaccine-950d323708c0c079,MHCflurry,2.2.1,presentation,0.911521161572,higher,predicted,42.7676123893,0.163,0.911521161572,0.103940217391,0.468221243471,HLA-A*11:01
zhao-vaccine-0fbf25678eb746d0,MHCflurry,2.2.1,presentation,0.594998658175,higher,predicted,84.6214183268,0.432625,0.594998658175,0.625163043478,0.105084429146,HLA-A*11:01
zhao-vaccine-357ed390ee7d1fdc,MHCflurry,2.2.1,presentation,0.0682421590507,higher,predicted,2545.0933003,2.334,0.0682421590507,3.89864130435,0.192008894868,HLA-B*15:01
zhao-vaccine-240e01cc8bb465d9,MHCflurry,2.2.1,presentation,0.9204893559,higher,predicted,24.546297758,0.009,0.9204893559,0.0904347826087,0.348764996044,HLA-C*03:03
zhao-vaccine-2f2100d375af7d5a,MHCflurry,2.2.1,presentation,0.604302327784,higher,predicted,265.449375106,1.7365,0.604302327784,0.60785326087,0.429900722578,HLA-C*03:03
zhao-vaccine-afe0dec4eb28ae10,MHCflurry,2.2.1,presentation,0.926232042936,higher,predicted,42.5064987288,0.060375,0.926232042936,0.0822282608696,0.522459014319,HLA-B*40:01
zhao-vaccine-936805b3da156177,MHCflurry,2.2.1,presentation,0.959333182589,higher,predicted,25.2087463022,0.01875,0.959333182589,0.034402173913,0.557258937508,HLA-A*11:01
zhao-vaccine-424685eefad90556,MHCflurry,2.2.1,presentation,0.818692415852,higher,predicted,44.579044884,0.10425,0.818692415852,0.249918478261,0.246481634211,HLA-B*55:04
zhao-vaccine-76a4efdae6a914b3,MHCflurry,2.2.1,presentation,0.736091836005,higher,predicted,31.1387338666,0.064625,0.736091836005,0.380625,0.0118117549428,HLA-A*11:01
zhao-vaccine-36426fe45a930122,MHCflurry,2.2.1,presentation,0.902950172476,higher,predicted,45.9516986336,0.122375,0.902950172476,0.116820652174,0.459132837132,HLA-B*55:04
zhao-vaccine-f747b2b51cfbabad,MHCflurry,2.2.1,presentation,0.829310246654,higher,predicted,80.2326775111,0.259625,0.829310246654,0.231875,0.428517214954,HLA-B*40:01
zhao-vaccine-27e1a9e9e35414a7,MHCflurry,2.2.1,presentation,0.013503167884,higher,predicted,16395.4505531,8.9205,0.013503167884,17.3055978261,0.229386543855,HLA-A*02:06
zhao-vaccine-404d7ce39ecf59f9,MHCflurry,2.2.1,presentation,0.117971910491,higher,predicted,683.718923032,1.6745,0.117971910491,2.61733695652,0.0013742574447,HLA-A*02:06
zhao-vaccine-8065b928ecd8e7f8,MHCflurry,2.2.1,presentation,0.0374634043155,higher,predicted,16811.1965999,9.17225,0.0374634043155,6.63130434783,0.531623132527,HLA-A*02:06
zhao-vaccine-ad459a5f33f3e1a8,MHCflurry,2.2.1,presentation,0.00426783777312,higher,predicted,25766.1037574,20.93675,0.00426783777312,62.744673913,0.0253156612453,HLA-A*02:06
zhao-vaccine-d09e210ef6ab7eb3,MHCflurry,2.2.1,presentation,0.0591359024841,higher,predicted,1549.23622854,2.784,0.0591359024841,4.39192934783,0.0124973954298,HLA-C*03:04
zhao-vaccine-aa2c1bda5b31a11f,MHCflurry,2.2.1,presentation,0.0259204965252,higher,predicted,13640.3423758,7.28625,0.0259204965252,9.49423913043,0.366768450476,HLA-A*02:06
zhao-vaccine-3fbf3551139b5a42,MHCflurry,2.2.1,presentation,0.57331968623,higher,predicted,81.564589575,0.41875,0.57331968623,0.669211956522,0.0697554338258,HLA-A*11:01
zhao-vaccine-1e95a45f3420bc91,MHCflurry,2.2.1,presentation,0.646356922778,higher,predicted,82.9679842863,0.423125,0.646356922778,0.531168478261,0.161393170711,HLA-A*11:01
zhao-vaccine-2bac15822f4621cb,MHCflurry,2.2.1,presentation,0.602981858451,higher,predicted,73.4745750052,0.37525,0.602981858451,0.609538043478,0.0757001687307,HLA-A*11:01
zhao-vaccine-bbc17f4dc4d180d2,MHCflurry,2.2.1,presentation,0.783727395851,higher,predicted,193.539418797,0.23775,0.783727395851,0.304076086956,0.587386548519,HLA-B*56:03
zhao-vaccine-a1819a144253c3e6,MHCflurry,2.2.1,presentation,0.0334648116111,higher,predicted,4425.26528549,4.0155,0.0334648116111,7.34801630435,0.13211956108,HLA-B*56:03
zhao-vaccine-073cca260922bb4f,MHCflurry,2.2.1,presentation,0.126683936692,higher,predicted,1200.91116498,1.4545,0.126683936692,2.48913043478,0.178961786442,HLA-B*56:03
zhao-vaccine-126571c60a679ff2,MHCflurry,2.2.1,presentation,0.0448186751334,higher,predicted,4110.9729545,3.77525,0.0448186751334,5.671875,0.197800272377,HLA-B*56:03
zhao-vaccine-53cc5e2c52609258,MHCflurry,2.2.1,presentation,0.126550302713,higher,predicted,1645.01933447,2.321625,0.126550302713,2.48913043478,0.265009745955,HLA-A*02:06
zhao-vaccine-4fd86bb638616a00,MHCflurry,2.2.1,presentation,0.967268304948,higher,predicted,17.3050385035,0.06925,0.967268304948,0.0225815217392,0.517658768222,HLA-A*02:06
zhao-vaccine-093e4d37b1ecc877,MHCflurry,2.2.1,presentation,0.703321422579,higher,predicted,73.3054322991,0.073,0.703321422579,0.433043478261,0.200913467444,HLA-B*54:01
zhao-vaccine-0c1b41d2765f72e0,MHCflurry,2.2.1,presentation,0.919989435362,higher,predicted,59.7119152344,0.044375,0.919989435362,0.0904347826087,0.590896721929,HLA-B*54:01
zhao-vaccine-d266d1821cd62f33,MHCflurry,2.2.1,presentation,0.990422092081,higher,predicted,15.1318120969,0.006625,0.990422092081,0.00111413043476,0.834828034043,HLA-A*02:07
zhao-vaccine-e435197463fe5b7c,MHCflurry,2.2.1,presentation,0.113895773585,higher,predicted,713.742673214,1.024125,0.113895773585,2.67695652174,0.00193133668654,HLA-A*24:02
zhao-vaccine-c6f922bd7724668d,MHCflurry,2.2.1,presentation,0.0211917982113,higher,predicted,7175.85027535,3.036,0.0211917982113,11.1157880435,0.132132331142,HLA-A*24:02
zhao-vaccine-3861173c349a7587,MHCflurry,2.2.1,presentation,0.0280357549857,higher,predicted,3338.35371645,2.02,0.0280357549857,8.54532608696,0.00312670440326,HLA-A*24:02
zhao-vaccine-52a2e78b51a70337,MHCflurry,2.2.1,presentation,0.531938166903,higher,predicted,105.1602978,0.13925,0.531938166903,0.753288043478,0.092176932143,HLA-B*54:01
zhao-vaccine-8fac527caef104e1,MHCflurry,2.2.1,presentation,0.367975890011,higher,predicted,187.22182105,0.26375,0.367975890011,1.1445923913,0.0614962098189,HLA-B*54:01
zhao-vaccine-3d1f8c74d397ed46,MHCflurry,2.2.1,presentation,0.0760380970983,higher,predicted,7284.30074308,2.57575,0.0760380970983,3.59948369565,0.513649073546,HLA-B*39:01
zhao-vaccine-fee31d8d1b435872,MHCflurry,2.2.1,presentation,0.00962280341419,higher,predicted,18328.4295087,10.314875,0.00962280341419,24.5792391304,0.163120562211,HLA-A*02:06
zhao-vaccine-a6ce883b480ebf92,MHCflurry,2.2.1,presentation,0.0186685393282,higher,predicted,14597.5938136,7.76975,0.0186685393282,12.8054619565,0.29053334333,HLA-A*02:06
zhao-vaccine-e5be39d25fc4aeb6,MHCflurry,2.2.1,presentation,0.605045673993,higher,predicted,130.858089133,0.803625,0.605045673993,0.605788043478,0.236595509108,HLA-A*02:06
zhao-vaccine-bd41813397b358e6,MHCflurry,2.2.1,presentation,0.0177516567662,higher,predicted,5893.35218461,4.072875,0.0177516567662,13.5008967391,0.0270203789696,HLA-A*02:06
zhao-vaccine-886afa53cb6fd290,MHCflurry,2.2.1,presentation,0.806977776898,higher,predicted,143.165719384,0.192625,0.806977776898,0.266956521739,0.545027224347,HLA-B*39:01
zhao-vaccine-89b2e10bbeb05b74,MHCflurry,2.2.1,presentation,0.95461264751,higher,predicted,13.064270708,0.023125,0.95461264751,0.0411684782609,0.344368494116,HLA-A*02:01
zhao-vaccine-950ce035fa9f7b3e,MHCflurry,2.2.1,presentation,0.949040911939,higher,predicted,20.9779232712,0.110375,0.949040911939,0.0480706521739,0.440006418154,HLA-A*02:01
zhao-vaccine-41d4a32ce031bda7,MHCflurry,2.2.1,presentation,0.812077398328,higher,predicted,88.4211328303,0.62775,0.812077398328,0.258967391304,0.422077361494,HLA-A*02:06
zhao-vaccine-a3baeddfcc144f84,MHCflurry,2.2.1,presentation,0.938232496837,higher,predicted,20.6393868564,0.10625,0.938232496837,0.0643206521739,0.377936413512,HLA-A*02:06
zhao-vaccine-f41ac392317c1f3c,MHCflurry,2.2.1,presentation,0.945234073663,higher,predicted,19.1400029478,0.09,0.945234073663,0.0538586956522,0.393335467204,HLA-A*02:06
zhao-vaccine-13044e099e8c07a3,MHCflurry,2.2.1,presentation,0.815586606036,higher,predicted,19.3447155122,0.092,0.815586606036,0.254293478261,0.0114097202895,HLA-A*02:06
zhao-vaccine-77ce0dbf21cd2413,MHCflurry,2.2.1,presentation,0.00558439100551,higher,predicted,19235.7367073,11.02375,0.00558439100551,46.224673913,0.0214362980332,HLA-A*02:06
zhao-vaccine-3a765fcf8cf7cbcd,MHCflurry,2.2.1,presentation,0.0474483377117,higher,predicted,2129.68007066,0.726125,0.0474483377117,5.34668478261,0.0341335914563,HLA-A*26:02
zhao-vaccine-ee128565ffd955fd,MHCflurry,2.2.1,presentation,0.890915000498,higher,predicted,52.1974719613,0.121125,0.890915000498,0.13535326087,0.457287570462,HLA-B*07:02
zhao-vaccine-50aa884055c16bdc,MHCflurry,2.2.1,presentation,0.943104011339,higher,predicted,35.868344352,0.019875,0.943104011339,0.0570108695652,0.554344175383,HLA-B*07:02
zhao-vaccine-8bfc8433c2db53d0,MHCflurry,2.2.1,presentation,0.863577944391,higher,predicted,57.3902735656,0.140375,0.863577944391,0.179293478261,0.411312143318,HLA-A*24:02
zhao-vaccine-6e57bbd91e448670,MHCflurry,2.2.1,presentation,0.00878621847783,higher,predicted,14349.2691071,3.067875,0.00878621847783,27.6173913043,0.0699813652318,HLA-A*26:02
zhao-vaccine-8ac8c2227e3a36fe,MHCflurry,2.2.1,presentation,0.985138716939,higher,predicted,11.140561881,0.005125,0.985138716939,0.003125,0.625089034438,HLA-A*02:06
zhao-vaccine-ec6e03b4a77258a4,MHCflurry,2.2.1,presentation,0.7287571773,higher,predicted,48.2221535178,0.384,0.7287571773,0.391440217391,0.121307279565,HLA-A*02:06
zhao-vaccine-3f721116ed966486,MHCflurry,2.2.1,presentation,0.81513250826,higher,predicted,37.1364426734,0.290125,0.81513250826,0.254293478261,0.189605678432,HLA-A*02:06
zhao-vaccine-0ff87130a67a50da,MHCflurry,2.2.1,presentation,0.93731951933,higher,predicted,19.9179745778,0.098375,0.93731951933,0.0657880434783,0.363746512681,HLA-A*02:06
zhao-vaccine-ba76e0ea75e6adf0,MHCflurry,2.2.1,presentation,0.125570559518,higher,predicted,733.804601192,1.7235,0.125570559518,2.50355978261,0.0408709041076,HLA-A*02:06
zhao-vaccine-f01a2d38b51af23b,MHCflurry,2.2.1,presentation,0.401975487574,higher,predicted,174.283451181,0.934,0.401975487574,1.05244565217,0.0824422487058,HLA-A*02:06
zhao-vaccine-cdd84c3ea35dd116,MHCflurry,2.2.1,presentation,0.250732465083,higher,predicted,301.384941468,0.67,0.250732465083,1.56595108696,0.0356792207313,HLA-A*24:02
zhao-vaccine-9a68cd155d557b58,MHCflurry,2.2.1,presentation,0.888880701215,higher,predicted,49.9672885584,0.10675,0.888880701215,0.140054347826,0.439431350678,HLA-A*24:02
zhao-vaccine-88b886753b3b85e8,MHCflurry,2.2.1,presentation,0.341096585932,higher,predicted,195.587553118,0.517375,0.341096585932,1.22692934783,0.0402874259162,HLA-A*24:02
zhao-vaccine-e7bc5743829b1ff8,MHCflurry,2.2.1,presentation,0.839451205461,higher,predicted,64.1682658696,0.173,0.839451205461,0.216548913043,0.387925691903,HLA-A*24:02
zhao-vaccine-d3cbe9756a3b5068,MHCflurry,2.2.1,presentation,0.864592292272,higher,predicted,100.471359327,0.30475,0.864592292272,0.177472826087,0.567494328134,HLA-A*24:02
zhao-vaccine-35398a4ea27add69,MHCflurry,2.2.1,presentation,0.0133711122765,higher,predicted,10156.7147053,3.849,0.0133711122765,17.3055978261,0.0951030433062,HLA-A*24:02
zhao-vaccine-75838fb2556f29fb,MHCflurry,2.2.1,presentation,0.887617046538,higher,predicted,190.245370539,0.50675,0.887617046538,0.141847826087,0.802876621485,HLA-A*24:02
zhao-vaccine-fc9f2ef790e4890f,MHCflurry,2.2.1,presentation,0.0180443424996,higher,predicted,24517.2066011,18.42025,0.0180443424996,12.8054619565,0.423095257953,HLA-A*02:06
zhao-vaccine-f98d7a49c6d35606,MHCflurry,2.2.1,presentation,0.304728586242,higher,predicted,5636.06923621,3.977875,0.304728586242,1.34932065217,0.915943533182,HLA-A*02:06
zhao-vaccine-01c18581bbb4033b,MHCflurry,2.2.1,presentation,0.00447113857605,higher,predicted,23586.6486359,13.0615,0.00447113857605,62.744673913,0.0142625691951,HLA-B*35:01
zhao-vaccine-9c4d9f5cd8d83848,MHCflurry,2.2.1,presentation,0.643385776264,higher,predicted,51.8471076327,0.413375,0.643385776264,0.536467391304,0.028650425229,HLA-A*02:06
zhao-vaccine-7b47e99c9258d4a3,MHCflurry,2.2.1,presentation,0.737445083019,higher,predicted,35.4664742602,0.0945,0.737445083019,0.37875,0.0495110669435,HLA-A*02:10
zhao-vaccine-e96c0f3a45eafbc7,MHCflurry,2.2.1,presentation,0.598165407594,higher,predicted,523.841487218,0.891875,0.598165407594,0.619076086956,0.609287757427,HLA-A*24:02
zhao-vaccine-65dbbea4d969c167,MHCflurry,2.2.1,presentation,0.984928792748,higher,predicted,27.2565154125,0.004625,0.984928792748,0.00372282608696,0.866694048047,HLA-A*24:02
zhao-vaccine-d5c2d92c68c00e44,MHCflurry,2.2.1,presentation,0.969181184197,higher,predicted,53.1543969786,0.119375,0.969181184197,0.0200815217392,0.843325138092,HLA-A*24:02
zhao-vaccine-abb8026d5686da7b,MHCflurry,2.2.1,presentation,0.533335178352,higher,predicted,80.2685018583,0.245625,0.533335178352,0.751385869565,0.0196078377921,HLA-A*02:10
zhao-vaccine-49367aefb06d8c31,MHCflurry,2.2.1,presentation,0.642316631188,higher,predicted,79.3089889411,0.6875,0.642316631188,0.537989130435,0.144027567934,HLA-B*40:06
zhao-vaccine-48ca07a27a0067b5,MHCflurry,2.2.1,presentation,0.390377399118,higher,predicted,272.764469384,0.8835,0.390377399118,1.08366847826,0.191711446765,HLA-A*31:01
zhao-vaccine-6480557c7f803095,MHCflurry,2.2.1,presentation,0.0649999966737,higher,predicted,18113.6953905,10.158125,0.0649999966737,4.10201086957,0.716052129865,HLA-A*02:06
zhao-vaccine-c8d3f0455cd3ed01,MHCflurry,2.2.1,presentation,0.100378450932,higher,predicted,927.394484816,1.491375,0.100378450932,2.91057065217,0.0338350263191,HLA-A*31:01
zhao-vaccine-58ce32e861af7792,MHCflurry,2.2.1,presentation,0.552125830442,higher,predicted,220.031397787,0.539875,0.552125830442,0.712989130435,0.317853178829,HLA-B*59:01
zhao-vaccine-af7867960576ddea,MHCflurry,2.2.1,presentation,0.743132897903,higher,predicted,87.0175739367,0.2825,0.743132897903,0.368532608696,0.304277278483,HLA-B*40:01
zhao-vaccine-d76fe74404e305c1,MHCflurry,2.2.1,presentation,0.357980629466,higher,predicted,278.402272339,0.549125,0.357980629466,1.17380434783,0.158207547851,HLA-B*40:01
zhao-vaccine-763f2b118fd63fbc,MHCflurry,2.2.1,presentation,0.700087917655,higher,predicted,38.4476577876,0.1255,0.700087917655,0.438206521739,0.0193773571082,HLA-A*11:01
zhao-vaccine-883f615fab64dfb8,MHCflurry,2.2.1,presentation,0.822144410217,higher,predicted,38.5294424927,0.1285,0.822144410217,0.242798913043,0.213064907119,HLA-A*11:01
zhao-vaccine-7f7c6490de6c9249,MHCflurry,2.2.1,presentation,0.823674055966,higher,predicted,18.1021981779,0.077625,0.823674055966,0.240951086956,0.00864803933655,HLA-A*02:01
zhao-vaccine-123576c9caf5ad31,MHCflurry,2.2.1,presentation,0.911521161572,higher,predicted,42.7676123893,0.163,0.911521161572,0.103940217391,0.468221243471,HLA-A*11:01
zhao-vaccine-693fd279dc9bb1ec,MHCflurry,2.2.1,presentation,0.584108044139,higher,predicted,70.3104873758,0.220375,0.584108044139,0.646739130435,0.0415007018019,HLA-B*07:02
zhao-vaccine-bf2f1d17d58cffd9,MHCflurry,2.2.1,presentation,0.677298802711,higher,predicted,53.4058938627,0.127875,0.677298802711,0.476902173913,0.0795443243114,HLA-B*07:02
zhao-vaccine-57f993589faabbec,MHCflurry,2.2.1,presentation,0.964369919637,higher,predicted,37.7871100502,0.031625,0.964369919637,0.0267391304348,0.707236554474,HLA-B*07:02
zhao-vaccine-7cd0e9aead6fcaaf,MHCflurry,2.2.1,presentation,0.636903311661,higher,predicted,66.446330493,0.202125,0.636903311661,0.547092391304,0.0888085028855,HLA-B*07:02
zhao-vaccine-22c4363b550164a3,MHCflurry,2.2.1,presentation,0.948076166548,higher,predicted,31.1182954482,0.042375,0.948076166548,0.0495108695652,0.542675730772,HLA-A*33:03
zhao-vaccine-ef38ec39be9860e2,MHCflurry,2.2.1,presentation,0.934275716875,higher,predicted,45.2741912748,0.04525,0.934275716875,0.0697282608696,0.574852777645,HLA-B*44:03
zhao-vaccine-61c746584373405e,MHCflurry,2.2.1,presentation,0.772599316661,higher,predicted,52.827254636,0.12375,0.772599316661,0.321684782609,0.212687971303,HLA-B*07:02
zhao-vaccine-ded69bf99718e3d9,MHCflurry,2.2.1,presentation,0.586502332322,higher,predicted,79.9835820084,0.232375,0.586502332322,0.642907608696,0.0796768473228,HLA-B*44:03
zhao-vaccine-a4299c752707339b,MHCflurry,2.2.1,presentation,0.0067620015961,higher,predicted,17521.1318032,9.69725,0.0067620015961,37.359048913,0.0502201098716,HLA-A*02:06
zhao-vaccine-0cb879fc2ea296cb,MHCflurry,2.2.1,presentation,0.0147190535491,higher,predicted,10232.7310042,5.729125,0.0147190535491,16.1575543478,0.124682584312,HLA-A*02:06
zhao-vaccine-e96f43fb3732dc73,MHCflurry,2.2.1,presentation,0.00666354803177,higher,predicted,23667.7489198,16.482125,0.00666354803177,37.359048913,0.128602039069,HLA-A*02:06
zhao-vaccine-c3a86d4262560250,MHCflurry,2.2.1,presentation,0.841182976858,higher,predicted,17.3191864586,0.06925,0.841182976858,0.21375,0.032011820731,HLA-A*02:06
zhao-vaccine-f26d4f2511028545,MHCflurry,2.2.1,presentation,0.748595572861,higher,predicted,223.306063777,1.0535,0.748595572861,0.360951086957,0.571157135069,HLA-A*02:06
zhao-vaccine-17cd8a70de1f9524,MHCflurry,2.2.1,presentation,0.379682351503,higher,predicted,532.252593765,0.922625,0.379682351503,1.1116576087,0.362476339098,HLA-B*35:01
zhao-vaccine-53c061a2df04d43f,MHCflurry,2.2.1,presentation,0.975251199843,higher,predicted,14.0376947523,0.033125,0.975251199843,0.013097826087,0.541549611837,HLA-A*02:01
zhao-vaccine-c5c934898c1498c5,MHCflurry,2.2.1,presentation,0.921485000935,higher,predicted,13.9508858367,0.033125,0.921485000935,0.0888043478261,0.197512810759,HLA-A*02:01
zhao-vaccine-5469e5b6e273cfe8,MHCflurry,2.2.1,presentation,0.156997935084,higher,predicted,815.995392281,1.13975,0.156997935084,2.16448369565,0.143493390409,HLA-B*35:01
zhao-vaccine-b66efd8b1004fd38,MHCflurry,2.2.1,presentation,0.0678714921195,higher,predicted,2524.66353571,1.778,0.0678714921195,3.94625,0.188144476619,HLA-A*24:02
zhao-vaccine-b6672e0ed6cce55b,MHCflurry,2.2.1,presentation,0.47608679059,higher,predicted,276.775561672,0.653875,0.47608679059,0.874891304348,0.294641630724,HLA-B*35:01
zhao-vaccine-6c96df56c06254f7,MHCflurry,2.2.1,presentation,0.876716354837,higher,predicted,41.1714320487,0.0715,0.876716354837,0.159619565217,0.353018419817,HLA-B*35:01
zhao-vaccine-b3b05f40a5ae38cd,MHCflurry,2.2.1,presentation,0.493350723581,higher,predicted,99.9113968854,0.771625,0.493350723581,0.836059782609,0.0344456310268,HLA-B*40:02
zhao-vaccine-a5d6113530ed9ca5,MHCflurry,2.2.1,presentation,0.262586384164,higher,predicted,302.713631353,1.357125,0.262586384164,1.51160326087,0.0544500672258,HLA-B*40:02
zhao-vaccine-9e22e5c4001b2b25,MHCflurry,2.2.1,presentation,0.455823906274,higher,predicted,109.715154737,0.821375,0.455823906274,0.920298913043,0.0175877516303,HLA-B*40:02
zhao-vaccine-a0bffa2e4df419a4,MHCflurry,2.2.1,presentation,0.00596823391492,higher,predicted,16648.0989156,9.232125,0.00596823391492,46.224673913,0.00067014025808,HLA-B*40:02
zhao-vaccine-a5e12eac44df3654,MHCflurry,2.2.1,presentation,0.529884808174,higher,predicted,99.6662216702,0.521375,0.529884808174,0.757336956522,0.0751151440782,HLA-C*03:04
zhao-vaccine-232a4430d93e1e7b,MHCflurry,2.2.1,presentation,0.255173684416,higher,predicted,397.81923029,0.796125,0.255173684416,1.54850543478,0.118536494672,HLA-B*35:01
zhao-vaccine-d4ee26bee0c7e8f2,MHCflurry,2.2.1,presentation,0.565996224111,higher,predicted,69.3879596106,0.21625,0.565996224111,0.683722826087,0.016924001131,HLA-B*07:02
zhao-vaccine-aac6b4aab80bd17f,MHCflurry,2.2.1,presentation,0.53425893973,higher,predicted,197.443154612,1.317125,0.53425893973,0.749375,0.267761915922,HLA-C*03:03
zhao-vaccine-b986085474b8f378,MHCflurry,2.2.1,presentation,0.877698669596,higher,predicted,118.073681773,0.669125,0.877698669596,0.158125,0.644840046763,HLA-A*02:01
zhao-vaccine-ea33020d7e678e1e,MHCflurry,2.2.1,presentation,0.829265355925,higher,predicted,51.7781135463,0.114125,0.829265355925,0.231875,0.308189733885,HLA-A*24:20
zhao-vaccine-9b32270348e217cb,MHCflurry,2.2.1,presentation,0.914808260945,higher,predicted,56.8656277102,0.155875,0.914808260945,0.0995108695652,0.558157708496,HLA-B*40:01
zhao-vaccine-862202bcd03e623d,MHCflurry,2.2.1,presentation,0.910513785355,higher,predicted,44.5661468814,0.039375,0.910513785355,0.105461956522,0.476018140092,HLA-B*44:03
zhao-vaccine-bcc986f5cfd492fe,MHCflurry,2.2.1,presentation,0.965149691433,higher,predicted,38.7926126549,0.003125,0.965149691433,0.0255434782609,0.720929093659,HLA-B*39:01
zhao-vaccine-2dbf60795fe422ef,MHCflurry,2.2.1,presentation,0.022628871431,higher,predicted,6354.60369492,2.327125,0.022628871431,10.6558423913,0.117724062817,HLA-B*39:01
zhao-vaccine-9f92d2e098c6dc9d,MHCflurry,2.2.1,presentation,0.633704901082,higher,predicted,50.6557897097,0.226625,0.633704901082,0.553369565217,0.0104132402921,HLA-A*11:01
zhao-vaccine-8ee9e17f582aa7b8,MHCflurry,2.2.1,presentation,0.701380126546,higher,predicted,254.578567186,0.606625,0.701380126546,0.436684782609,0.54008256644,HLA-A*24:02
zhao-vaccine-beb0fc9b184c1e1d,MHCflurry,2.2.1,presentation,0.152506692836,higher,predicted,4879.19226595,10.952875,0.152506692836,2.20225543478,0.624753002077,HLA-C*12:02
zhao-vaccine-1f1412b93ee74c9a,MHCflurry,2.2.1,presentation,0.877335788374,higher,predicted,36.5764238008,0.041125,0.877335788374,0.158125,0.322152603418,HLA-C*12:02
zhao-vaccine-7295facff9a98907,MHCflurry,2.2.1,presentation,0.00698131875037,higher,predicted,16220.8587281,23.29325,0.00698131875037,37.359048913,0.038134337985,HLA-C*12:02
zhao-vaccine-4b8b32343d0e1494,MHCflurry,2.2.1,presentation,0.208317036682,higher,predicted,715.469049651,4.274875,0.208317036682,1.78388586957,0.205088850111,HLA-C*12:02
zhao-vaccine-70ae4c4c65f581b2,MHCflurry,2.2.1,presentation,0.0442618248498,higher,predicted,3385.67276606,9.179,0.0442618248498,5.671875,0.140812050086,HLA-C*12:02
zhao-vaccine-740bb4ddd21edc40,MHCflurry,2.2.1,presentation,0.307461335414,higher,predicted,372.544109891,1.025625,0.307461335414,1.338125,0.173771918286,HLA-A*31:01
zhao-vaccine-4085b8c28233ad53,MHCflurry,2.2.1,presentation,0.806243274192,higher,predicted,60.4426836032,0.043,0.806243274192,0.26839673913,0.306959719863,HLA-B*51:01
zhao-vaccine-bb9240271b41d4eb,MHCflurry,2.2.1,presentation,0.034827164244,higher,predicted,21388.7151044,9.9055,0.034827164244,7.14706521739,0.576341012493,HLA-A*31:01
zhao-vaccine-455522409374bfb4,MHCflurry,2.2.1,presentation,0.0297115419148,higher,predicted,3136.83617458,3.179375,0.0297115419148,8.26921195652,0.00292916878243,HLA-A*33:03
zhao-vaccine-2d9459470e3bfe2c,MHCflurry,2.2.1,presentation,0.00921327871211,higher,predicted,11648.9790898,6.39,0.00921327871211,24.5792391304,0.0262814759044,HLA-A*33:03
zhao-vaccine-415df34c48d316bb,MHCflurry,2.2.1,presentation,0.782786784591,higher,predicted,44.7409704222,0.189875,0.782786784591,0.304076086956,0.183733589482,HLA-A*33:03
zhao-vaccine-c32ca0517468f741,MHCflurry,2.2.1,presentation,0.0422646009994,higher,predicted,2747.31906007,3.01975,0.0422646009994,5.91375,0.0698134533595,HLA-A*33:03
zhao-vaccine-ac036837e07861b7,MHCflurry,2.2.1,presentation,0.0069825567282,higher,predicted,16044.1383803,5.404125,0.0069825567282,37.359048913,0.0351773941074,HLA-B*58:01
zhao-vaccine-b8f24bf56b36f946,MHCflurry,2.2.1,presentation,0.861843739581,higher,predicted,47.049265738,0.018375,0.861843739581,0.18214673913,0.352628543973,HLA-B*54:01
zhao-vaccine-bde06b90e2aa0b4e,MHCflurry,2.2.1,presentation,0.820954682897,higher,predicted,61.7922527759,0.424875,0.820954682897,0.244565217391,0.340451058932,HLA-A*02:01
zhao-vaccine-bdac5831570297ae,MHCflurry,2.2.1,presentation,0.758566299165,higher,predicted,52.2668832695,0.369,0.758566299165,0.344510869565,0.187654838432,HLA-A*02:01
zhao-vaccine-942ac5b1216c0403,MHCflurry,2.2.1,presentation,0.762582750978,higher,predicted,31.5682496482,0.20825,0.762582750978,0.338559782609,0.0554633776192,HLA-A*02:01
zhao-vaccine-370a499e276d926a,MHCflurry,2.2.1,presentation,0.668357431551,higher,predicted,61.5804690397,0.424875,0.668357431551,0.493315217391,0.107164360117,HLA-A*02:01
zhao-vaccine-e72fd9d2772a0882,MHCflurry,2.2.1,presentation,0.0278177847,higher,predicted,9815.32017006,5.36,0.0278177847,8.83929347826,0.296938099898,HLA-A*02:01
zhao-vaccine-d9ba6ec4cee877d0,MHCflurry,2.2.1,presentation,0.745613887407,higher,predicted,50.6996692663,0.358625,0.745613887407,0.365733695652,0.159659221303,HLA-A*02:01
zhao-vaccine-1b65998e1d51b50f,MHCflurry,2.2.1,presentation,0.705764729781,higher,predicted,48.8644874536,0.10675,0.705764729781,0.427663043478,0.0928824907169,HLA-B*40:01
zhao-vaccine-cf2224f1e7653ac5,MHCflurry,2.2.1,presentation,0.460293501181,higher,predicted,105.630755027,0.629625,0.460293501181,0.910326086956,0.012261224183,HLA-A*02:01
zhao-vaccine-f843d271a421258a,MHCflurry,2.2.1,presentation,0.443909735505,higher,predicted,143.697202063,0.74775,0.443909735505,0.947201086956,0.0780570692732,HLA-A*02:01
zhao-vaccine-f96491cd3971be1f,MHCflurry,2.2.1,presentation,0.459332910978,higher,predicted,114.45058277,0.351875,0.459332910978,0.912853260869,0.0331844095199,HLA-B*40:01
zhao-vaccine-f4f4a8beecf2010b,MHCflurry,2.2.1,presentation,0.00970678137041,higher,predicted,10608.9069217,8.186,0.00970678137041,24.5792391304,0.0154937820043,HLA-C*03:04
zhao-vaccine-d7bda8f21f9111c6,MHCflurry,2.2.1,presentation,0.84640001241,higher,predicted,120.575102116,0.14125,0.84640001241,0.205380434783,0.575930282474,HLA-B*67:01
zhao-vaccine-31e564e215b3cfe5,MHCflurry,2.2.1,presentation,0.857444562294,higher,predicted,30.7143291492,0.06175,0.857444562294,0.188586956522,0.225241417065,HLA-A*11:01
zhao-vaccine-c3a5dfbc4bc221fe,MHCflurry,2.2.1,presentation,0.260773633531,higher,predicted,696.261892626,1.42825,0.260773633531,1.52029891304,0.280472043902,HLA-A*11:01
zhao-vaccine-46ce3752982841aa,MHCflurry,2.2.1,presentation,0.0628781019781,higher,predicted,1780.31030071,0.914625,0.0628781019781,4.21347826087,0.0691341198399,HLA-B*67:01
zhao-vaccine-586e1e8f81ff3690,MHCflurry,2.2.1,presentation,0.532896839993,higher,predicted,112.716623904,0.55075,0.532896839993,0.751385869565,0.112315860577,HLA-A*11:01
zhao-vaccine-0f9ddbc5c7132ece,MHCflurry,2.2.1,presentation,0.797714452056,higher,predicted,127.093974082,0.596125,0.797714452056,0.282472826087,0.495824579149,HLA-A*11:01
zhao-vaccine-94b2c81d4e70f7a5,MHCflurry,2.2.1,presentation,0.0057127297084,higher,predicted,21420.0237457,8.36125,0.0057127297084,46.224673913,0.0574230669299,HLA-B*67:01
zhao-vaccine-b682f9e79586e497,MHCflurry,2.2.1,presentation,0.701315643791,higher,predicted,35.9071666608,0.126125,0.701315643791,0.436684782609,0.00226424761786,HLA-A*02:07
zhao-vaccine-aef146d106256bc8,MHCflurry,2.2.1,presentation,0.597973457694,higher,predicted,62.8844157003,0.1675,0.597973457694,0.619076086956,0.0270701431873,HLA-A*24:02
zhao-vaccine-91f31987a78f9ed7,MHCflurry,2.2.1,presentation,0.950773686224,higher,predicted,66.9840655663,0.184625,0.950773686224,0.0465217391304,0.769034706056,HLA-A*24:02
zhao-vaccine-df436ef4fffdb899,MHCflurry,2.2.1,presentation,0.0274595386837,higher,predicted,4645.32764465,10.673875,0.0274595386837,8.83929347826,0.0877929019625,HLA-C*12:02
zhao-vaccine-513004622274aa67,MHCflurry,2.2.1,presentation,0.527820894678,higher,predicted,458.518089675,3.326,0.527820894678,0.761630434782,0.491767443717,HLA-C*12:02
zhao-vaccine-10a70a28e2f92441,MHCflurry,2.2.1,presentation,0.961020029026,higher,predicted,66.2197272905,0.172875,0.961020029026,0.0315489130435,0.834875136614,HLA-B*44:03
zhao-vaccine-cb3467e682418124,MHCflurry,2.2.1,presentation,0.686341432507,higher,predicted,50.0004519765,0.254,0.686341432507,0.461385869565,0.0732367262244,HLA-A*33:03
zhao-vaccine-c29393ae111c6e8b,MHCflurry,2.2.1,presentation,0.725536910652,higher,predicted,140.073368344,0.862125,0.725536910652,0.397364130435,0.409473509528,HLA-A*33:03
zhao-vaccine-52710c4a483a2fa2,MHCflurry,2.2.1,presentation,0.563350218158,higher,predicted,67.3169231617,0.42175,0.563350218158,0.689103260869,0.00556268956279,HLA-A*33:03
zhao-vaccine-2d6c89308b3309be,MHCflurry,2.2.1,presentation,0.750518865529,higher,predicted,56.5481538841,0.320625,0.750518865529,0.357744565217,0.196987576579,HLA-A*33:03
zhao-vaccine-ccc64794cc440f1b,MHCflurry,2.2.1,presentation,0.938070715653,higher,predicted,35.958815773,0.032,0.938070715653,0.0643206521739,0.529564816505,HLA-A*24:02
zhao-vaccine-3cb758b99d9d1ed4,MHCflurry,2.2.1,presentation,0.0103478734279,higher,predicted,11240.5975155,5.269375,0.0103478734279,22.1923097826,0.0496318977093,HLA-B*54:01
zhao-vaccine-9a25a2ccf2d68794,MHCflurry,2.2.1,presentation,0.819518898184,higher,predicted,32.9523131725,0.2205,0.819518898184,0.248152173913,0.165091892937,HLA-A*02:01
zhao-vaccine-a2c6f8984c2dc322,MHCflurry,2.2.1,presentation,0.591378029155,higher,predicted,65.8357334926,0.41,0.591378029155,0.633342391304,0.0319278698298,HLA-A*33:03
zhao-vaccine-060df49eaffa10c5,MHCflurry,2.2.1,presentation,0.983507774442,higher,predicted,21.0252029884,0.110375,0.983507774442,0.00451086956522,0.769557509571,HLA-A*02:01
zhao-vaccine-6e078690e9488283,MHCflurry,2.2.1,presentation,0.73726754962,higher,predicted,36.070045151,0.097375,0.73726754962,0.37875,0.0538847777061,HLA-A*33:03
zhao-vaccine-0949d10bcc94c1e0,MHCflurry,2.2.1,presentation,0.577194878872,higher,predicted,62.576380805,0.380625,0.577194878872,0.661603260869,0.0014833276764,HLA-A*33:03
zhao-vaccine-f9b310adb5e285b4,MHCflurry,2.2.1,presentation,0.858692483867,higher,predicted,22.5479886141,0.002375,0.858692483867,0.187173913043,0.143282185076,HLA-B*35:01
zhao-vaccine-7abafc6200be6f2e,MHCflurry,2.2.1,presentation,0.811992812839,higher,predicted,42.8364939763,0.1435,0.811992812839,0.258967391304,0.222956926562,HLA-C*03:03
zhao-vaccine-85f37f469c719b76,MHCflurry,2.2.1,presentation,0.955516865671,higher,predicted,22.1282488666,0.1195,0.955516865671,0.0396467391304,0.494998365641,HLA-A*02:01
zhao-vaccine-a50a3fee92ccb4b5,MHCflurry,2.2.1,presentation,0.965234392733,higher,predicted,22.2524817434,0.122125,0.965234392733,0.0255434782609,0.56905959174,HLA-A*02:01
zhao-vaccine-27d11b535bd50554,MHCflurry,2.2.1,presentation,0.218673906108,higher,predicted,319.426251236,1.107,0.218673906108,1.7260326087,0.00113307232641,HLA-A*02:01
zhao-vaccine-e3e0fd2528a6d6b5,MHCflurry,2.2.1,presentation,0.0111243835639,higher,predicted,9809.63985822,5.36,0.0111243835639,20.2322554348,0.032921827049,HLA-A*02:01
