record_id,predictor,predictor_version,task,score,score_direction,status,prime_percent_rank,mixmhcpred_percent_rank,allele
zhao-vaccine-cc5177931a4be3c3,PRIME,2.0,immunogenicity,0.038141,higher,predicted,1.079,0.229,C0303
zhao-vaccine-cd9d03017ea06bfb,PRIME,2.0,immunogenicity,0.068055,higher,predicted,0.479,0.629,A0206
zhao-vaccine-cb103548daf629bf,PRIME,2.0,immunogenicity,0.06306,higher,predicted,0.496,0.034,B3501
zhao-vaccine-f08d5d9716c87bcf,PRIME,2.0,immunogenicity,0.132658,higher,predicted,0.132,0.123,C0303
zhao-vaccine-3192c0e3fed93154,PRIME,2.0,immunogenicity,0.155158,higher,predicted,0.082,0.121,A0206
zhao-vaccine-903b6facc7e442c1,PRIME,2.0,immunogenicity,0.009674,higher,predicted,5.72,1.528,A0206
zhao-vaccine-b26ed9ae357d0d47,PRIME,2.0,immunogenicity,0.05711,higher,predicted,0.634,0.211,A0206
zhao-vaccine-963f50e290b7356b,PRIME,2.0,immunogenicity,0.009186,higher,predicted,4.725,0.413,B3501
zhao-vaccine-552b2d6f0ee562dd,PRIME,2.0,immunogenicity,0.247513,higher,predicted,0.011,0.134,A0206
zhao-vaccine-2ae867b6e66bd88f,PRIME,2.0,immunogenicity,0.242774,higher,predicted,0.012,0.145,A0206
zhao-vaccine-ca925cf2e48aec66,PRIME,2.0,immunogenicity,0.071175,higher,predicted,0.223,0.324,B4001
zhao-vaccine-5a8125604ba2f1ef,PRIME,2.0,immunogenicity,0.014633,higher,predicted,2.381,2.384,B4001
zhao-vaccine-c6d33472b279f35f,PRIME,2.0,immunogenicity,0.016354,higher,predicted,2.953,1.19,B5801
zhao-vaccine-64ae25542b695d68,PRIME,2.0,immunogenicity,0.000535,higher,predicted,49.078,24.814,A0206
zhao-vaccine-e21983e68c841496,PRIME,2.0,immunogenicity,0.001188,higher,predicted,29.138,6.195,B5801
zhao-vaccine-a9814ac50aac91d7,PRIME,2.0,immunogenicity,0.013612,higher,predicted,3.61,0.972,B5801
zhao-vaccine-6b3565ce2aee893c,PRIME,2.0,immunogenicity,0.045317,higher,predicted,0.889,0.877,A0206
zhao-vaccine-216ffedc64136058,PRIME,2.0,immunogenicity,0.001069,higher,predicted,29.527,2.436,A3303
zhao-vaccine-32c2e9da3e2ffcf5,PRIME,2.0,immunogenicity,0.084086,higher,predicted,0.214,0.222,A3303
zhao-vaccine-84bf18995ccd3ac7,PRIME,2.0,immunogenicity,0.008856,higher,predicted,4.288,0.545,A3303
zhao-vaccine-b31446e55ef91111,PRIME,2.0,immunogenicity,0.031197,higher,predicted,0.754,0.193,B4002
zhao-vaccine-51f51c49a8e26bf5,PRIME,2.0,immunogenicity,0.006163,higher,predicted,5.44,0.669,B4002
zhao-vaccine-ba3ba0e4df7070c8,PRIME,2.0,immunogenicity,0.091761,higher,predicted,0.289,1.476,A0201
zhao-vaccine-c539b96ad108688f,PRIME,2.0,immunogenicity,0.000842,higher,predicted,34.193,0.646,A3001
zhao-vaccine-57a55d88765b75c2,PRIME,2.0,immunogenicity,0.001876,higher,predicted,19.043,2.545,A3001
zhao-vaccine-a08f55e2c3d0e686,PRIME,2.0,immunogenicity,0.022391,higher,predicted,1.587,2.227,A3001
zhao-vaccine-663a44a421e57c58,PRIME,2.0,immunogenicity,0.002232,higher,predicted,16.89,8.658,A3001
zhao-vaccine-75ec8654c437d145,PRIME,2.0,immunogenicity,0.047464,higher,predicted,0.583,3.616,A3001
zhao-vaccine-c0b18e17fb95b0ce,PRIME,2.0,immunogenicity,0.002497,higher,predicted,15.451,21.108,A3001
zhao-vaccine-dc56d83b9268b0e4,PRIME,2.0,immunogenicity,0.011896,higher,predicted,3.127,0.684,A3001
zhao-vaccine-9d4560b23643427b,PRIME,2.0,immunogenicity,0.008183,higher,predicted,4.636,0.684,A3001
zhao-vaccine-793aed9191a47fb7,PRIME,2.0,immunogenicity,0.044982,higher,predicted,0.628,0.602,A3001
zhao-vaccine-11c80127a1777f0b,PRIME,2.0,immunogenicity,0.171213,higher,predicted,0.074,0.102,A0203
zhao-vaccine-0e55ec495f82eb06,PRIME,2.0,immunogenicity,0.299924,higher,predicted,0.002,0.05,A0203
zhao-vaccine-632e1a6ecee4b189,PRIME,2.0,immunogenicity,0.240569,higher,predicted,0.019,0.114,A0203
zhao-vaccine-f2940a4e316a4039,PRIME,2.0,immunogenicity,0.006111,higher,predicted,9.083,4.658,A0203
zhao-vaccine-cdb85d262afa7e9a,PRIME,2.0,immunogenicity,0.00801,higher,predicted,5.633,3.352,B5401
zhao-vaccine-014bd639c774cd87,PRIME,2.0,immunogenicity,0.016809,higher,predicted,3.149,0.337,A0206
zhao-vaccine-65e623aadc02d7b4,PRIME,2.0,immunogenicity,0.020973,higher,predicted,2.463,2.081,A0206
zhao-vaccine-58b739ae69170773,PRIME,2.0,immunogenicity,0.090436,higher,predicted,0.31,0.141,A2402
zhao-vaccine-7b6f86e747814c45,PRIME,2.0,immunogenicity,0.059682,higher,predicted,0.565,0.886,C0304
zhao-vaccine-5c1663d10533a1a7,PRIME,2.0,immunogenicity,0.037514,higher,predicted,1.188,0.618,A0206
zhao-vaccine-5f8659d92cd36359,PRIME,2.0,immunogenicity,0.081905,higher,predicted,0.346,0.227,A0206
zhao-vaccine-950121b76038c2c0,PRIME,2.0,immunogenicity,0.000428,higher,predicted,54.312,3.119,A0206
zhao-vaccine-0a56a76ea51563b6,PRIME,2.0,immunogenicity,0.042298,higher,predicted,0.982,0.914,A0206
zhao-vaccine-6ebe14892da71061,PRIME,2.0,immunogenicity,0.01216,higher,predicted,3.899,2.406,A2402
zhao-vaccine-dedb75a56ec2b5ba,PRIME,2.0,immunogenicity,0.016707,higher,predicted,3.173,1.731,A0206
zhao-vaccine-307d7668f3794977,PRIME,2.0,immunogenicity,0.023291,higher,predicted,1.977,0.272,A2402
zhao-vaccine-a5ba7a2f40a30c73,PRIME,2.0,immunogenicity,0.01152,higher,predicted,4.109,3.089,A2402
zhao-vaccine-721b23e769b23024,PRIME,2.0,immunogenicity,0.059353,higher,predicted,0.578,0.493,A0201
zhao-vaccine-ef4ef897001d5f16,PRIME,2.0,immunogenicity,0.007118,higher,predicted,6.487,2.053,A0201
zhao-vaccine-1754863200e530d4,PRIME,2.0,immunogenicity,0.127949,higher,predicted,0.149,0.086,A0201
zhao-vaccine-c4347419983fbf7a,PRIME,2.0,immunogenicity,0.054335,higher,predicted,0.589,0.481,B1301
zhao-vaccine-20994a61ffa7d9ee,PRIME,2.0,immunogenicity,0.007373,higher,predicted,5.554,0.259,B4403
zhao-vaccine-c4933d5b027e3a50,PRIME,2.0,immunogenicity,0.012931,higher,predicted,2.864,0.82,A3001
zhao-vaccine-769bcab9bf9ccbd6,PRIME,2.0,immunogenicity,0.059507,higher,predicted,0.421,1.046,A3001
zhao-vaccine-e3d2d037340b51d9,PRIME,2.0,immunogenicity,0.065218,higher,predicted,0.611,0.394,A0207
zhao-vaccine-7c5cedc69e322fdf,PRIME,2.0,immunogenicity,0.040993,higher,predicted,1.012,0.044,A2402
zhao-vaccine-bb7e738de16de201,PRIME,2.0,immunogenicity,0.090456,higher,predicted,0.31,0.219,A2402
zhao-vaccine-3c7c00959cdbd0be,PRIME,2.0,immunogenicity,0.077947,higher,predicted,0.403,0.312,A2402
zhao-vaccine-5f357bb53e0ccd46,PRIME,2.0,immunogenicity,0.014931,higher,predicted,3.181,1.513,A2402
zhao-vaccine-b4ff6ed193ff01e1,PRIME,2.0,immunogenicity,0.137636,higher,predicted,0.132,0.054,A2402
zhao-vaccine-a3b89c628988d1f0,PRIME,2.0,immunogenicity,0.056678,higher,predicted,0.65,0.612,C1202
zhao-vaccine-6602303a8186d1dc,PRIME,2.0,immunogenicity,0.115825,higher,predicted,0.193,0.008,C1202
zhao-vaccine-f261f0bff4da5636,PRIME,2.0,immunogenicity,0.010853,higher,predicted,4.252,1.382,C1202
zhao-vaccine-a7ca659448536804,PRIME,2.0,immunogenicity,0.138365,higher,predicted,0.084,0.093,A1101
zhao-vaccine-115765bd03d87a4c,PRIME,2.0,immunogenicity,0.068066,higher,predicted,0.495,0.509,A2402
zhao-vaccine-4e3e4eefd195b820,PRIME,2.0,immunogenicity,0.006906,higher,predicted,5.922,2.887,A1101
zhao-vaccine-d7de270e64839b12,PRIME,2.0,immunogenicity,0.23825,higher,predicted,0.02,0.011,A0203
zhao-vaccine-8bf05f928c2bd4e9,PRIME,2.0,immunogenicity,0.000211,higher,predicted,71.711,7.536,B1502
zhao-vaccine-05c56392726f06f7,PRIME,2.0,immunogenicity,0.006162,higher,predicted,9.012,4.543,A0203
zhao-vaccine-b560b39a749dc71f,PRIME,2.0,immunogenicity,0.115409,higher,predicted,0.163,0.042,B1502
zhao-vaccine-56be5b3de62021b3,PRIME,2.0,immunogenicity,0.014259,higher,predicted,3.936,0.768,A0203
zhao-vaccine-3cddb5de3fdc73f8,PRIME,2.0,immunogenicity,0.102541,higher,predicted,0.265,0.033,A0203
zhao-vaccine-53ec168fd080effa,PRIME,2.0,immunogenicity,0.126397,higher,predicted,0.169,2.041,A0203
zhao-vaccine-32a90e336ffe9f36,PRIME,2.0,immunogenicity,0.001321,higher,predicted,29.868,9.556,A0203
zhao-vaccine-67871099a490d0b7,PRIME,2.0,immunogenicity,0.009224,higher,predicted,6.141,2.291,A0203
zhao-vaccine-e59b09ec5c615041,PRIME,2.0,immunogenicity,0.100662,higher,predicted,0.275,0.025,A0203
zhao-vaccine-f1e4f673cb84311b,PRIME,2.0,immunogenicity,0.018626,higher,predicted,2.946,2.988,A0203
zhao-vaccine-b1370175a555b7d6,PRIME,2.0,immunogenicity,0.108802,higher,predicted,0.22,0.411,B5801
zhao-vaccine-0eea6d5b9cd833c3,PRIME,2.0,immunogenicity,0.000712,higher,predicted,38.455,19.938,A3303
zhao-vaccine-ff9183813284c18c,PRIME,2.0,immunogenicity,0.001275,higher,predicted,26.382,6.398,A3303
zhao-vaccine-a337cd9e3db2db1c,PRIME,2.0,immunogenicity,0.329098,higher,predicted,0.001,0.001,A3303
zhao-vaccine-bad48b682dea20e2,PRIME,2.0,immunogenicity,0.002832,higher,predicted,14.881,13.697,C1403
zhao-vaccine-69265220b712eaff,PRIME,2.0,immunogenicity,0.11465,higher,predicted,0.201,0.321,A2402
zhao-vaccine-30fce3961fb83225,PRIME,2.0,immunogenicity,0.106652,higher,predicted,0.122,0.068,B4403
zhao-vaccine-a33346cd1639929e,PRIME,2.0,immunogenicity,0.000521,higher,predicted,45.15,19.128,C1202
zhao-vaccine-8237ebe4fa614cb2,PRIME,2.0,immunogenicity,0.002832,higher,predicted,14.881,13.697,C1403
zhao-vaccine-8fd0352416cfec6e,PRIME,2.0,immunogenicity,0.013296,higher,predicted,3.043,1.248,A3101
zhao-vaccine-678bd3325aebf69a,PRIME,2.0,immunogenicity,0.001142,higher,predicted,29.087,23.22,A3101
zhao-vaccine-8e33615b93106694,PRIME,2.0,immunogenicity,0.016228,higher,predicted,1.798,0.194,B4002
zhao-vaccine-f0fe0e1502ca3c40,PRIME,2.0,immunogenicity,0.148037,higher,predicted,0.109,0.057,A2402
zhao-vaccine-53b0894b3f86cda3,PRIME,2.0,immunogenicity,0.08282,higher,predicted,0.59,0.053,C0602
zhao-vaccine-e90da088575654ed,PRIME,2.0,immunogenicity,0.005373,higher,predicted,7.796,2.309,B5502
zhao-vaccine-15fc7b4196341249,PRIME,2.0,immunogenicity,0.014871,higher,predicted,2.498,4.14,A0302
zhao-vaccine-31e400851e8cba8e,PRIME,2.0,immunogenicity,0.105726,higher,predicted,0.135,0.332,A0302
zhao-vaccine-728cbd534905bb7c,PRIME,2.0,immunogenicity,0.011798,higher,predicted,3.243,3.259,A0302
zhao-vaccine-a4010af471f417b5,PRIME,2.0,immunogenicity,0.000192,higher,predicted,77.384,37.322,A0302
zhao-vaccine-2dbff2366e148251,PRIME,2.0,immunogenicity,0.005504,higher,predicted,7.393,9.799,A0302
zhao-vaccine-d5f2a4fb941105d2,PRIME,2.0,immunogenicity,0.05639,higher,predicted,0.662,0.142,A2402
zhao-vaccine-dba5560226e496f4,PRIME,2.0,immunogenicity,0.067378,higher,predicted,0.503,0.939,A2402
zhao-vaccine-55d96c19400f7e26,PRIME,2.0,immunogenicity,0.006495,higher,predicted,5.696,1.647,B0702
zhao-vaccine-bd2f8606fb30409a,PRIME,2.0,immunogenicity,0.045161,higher,predicted,0.893,0.228,A2402
zhao-vaccine-65a25a2687793bd5,PRIME,2.0,immunogenicity,0.005753,higher,predicted,6.527,2.14,B0702
zhao-vaccine-e10b49188814293a,PRIME,2.0,immunogenicity,0.13018,higher,predicted,0.151,0.201,A2402
zhao-vaccine-230be4384e65ea36,PRIME,2.0,immunogenicity,0.000774,higher,predicted,36.506,7.133,B5401
zhao-vaccine-616ff67e3e0809a3,PRIME,2.0,immunogenicity,0.013037,higher,predicted,3.476,1.718,B5401
zhao-vaccine-a579507c6a7fddf4,PRIME,2.0,immunogenicity,0.00631,higher,predicted,6.501,1.768,A1101
zhao-vaccine-dd746da151697768,PRIME,2.0,immunogenicity,0.126284,higher,predicted,0.107,0.851,A1101
zhao-vaccine-3a22225a5d7f2908,PRIME,2.0,immunogenicity,0.042037,higher,predicted,0.708,1.517,A1101
zhao-vaccine-5caf67c8d2a99efb,PRIME,2.0,immunogenicity,0.03371,higher,predicted,0.969,1.778,A1101
zhao-vaccine-9a578efb510196ff,PRIME,2.0,immunogenicity,0.205883,higher,predicted,0.077,0.203,C1502
zhao-vaccine-d695470f95d9e06e,PRIME,2.0,immunogenicity,0.171423,higher,predicted,0.07,0.028,A0201
zhao-vaccine-efa3f2649bac6ab4,PRIME,2.0,immunogenicity,0.026992,higher,predicted,1.644,2.015,A0201
zhao-vaccine-08f2b9d1776ef138,PRIME,2.0,immunogenicity,0.023828,higher,predicted,1.861,0.47,A0201
zhao-vaccine-fadd82945ab4638b,PRIME,2.0,immunogenicity,0.038263,higher,predicted,1.057,3.308,A0201
zhao-vaccine-0c6854e9a75f6d2c,PRIME,2.0,immunogenicity,0.078244,higher,predicted,0.381,1.387,A0201
zhao-vaccine-ce3874fa7fbdef2a,PRIME,2.0,immunogenicity,0.014005,higher,predicted,3.269,0.697,C0702
zhao-vaccine-aad48279dc4dd514,PRIME,2.0,immunogenicity,0.018867,higher,predicted,2.452,2.273,C0702
zhao-vaccine-c026707a02efbd26,PRIME,2.0,immunogenicity,0.000426,higher,predicted,50.283,13.921,C0702
zhao-vaccine-bfa4b61c793e605f,PRIME,2.0,immunogenicity,0.094461,higher,predicted,0.197,0.418,A3101
zhao-vaccine-15401e249b05f5c5,PRIME,2.0,immunogenicity,0.00084,higher,predicted,35.494,29.231,A3101
zhao-vaccine-6b5beddba8bd252c,PRIME,2.0,immunogenicity,0.129937,higher,predicted,0.102,0.411,A3101
zhao-vaccine-1c5b74ef6f95d794,PRIME,2.0,immunogenicity,0.012057,higher,predicted,3.417,0.541,A3101
zhao-vaccine-fea68d4d27ef7814,PRIME,2.0,immunogenicity,0.133379,higher,predicted,0.097,0.252,A3101
zhao-vaccine-d007cff8a448a8ef,PRIME,2.0,immunogenicity,0.00047,higher,predicted,48.585,9.58,A3101
zhao-vaccine-3e1dbf3a6ee4c36f,PRIME,2.0,immunogenicity,0.001059,higher,predicted,30.45,3.813,A3101
zhao-vaccine-e988571ea77fc8a5,PRIME,2.0,immunogenicity,0.000139,higher,predicted,87.733,31.241,A3101
zhao-vaccine-cc846329c598f7ef,PRIME,2.0,immunogenicity,0.03384,higher,predicted,0.859,0.537,A3303
zhao-vaccine-2ae7ecfc3864a89f,PRIME,2.0,immunogenicity,0.000363,higher,predicted,55.708,37.302,A3303
zhao-vaccine-1c60e7cef35ab689,PRIME,2.0,immunogenicity,0.12249,higher,predicted,0.098,0.111,A3303
zhao-vaccine-b95d13f1321c6ed3,PRIME,2.0,immunogenicity,0.206703,higher,predicted,0.019,0.129,A3303
zhao-vaccine-1e97369be34cf2f7,PRIME,2.0,immunogenicity,0.066155,higher,predicted,0.25,0.321,B0702
zhao-vaccine-5289e0af5170b9c0,PRIME,2.0,immunogenicity,0.016389,higher,predicted,1.908,0.199,B0705
zhao-vaccine-0382554b4ecb89e3,PRIME,2.0,immunogenicity,0.107765,higher,predicted,0.099,0.204,B0705
zhao-vaccine-b1fc86c569d9b3b0,PRIME,2.0,immunogenicity,0.016228,higher,predicted,1.927,1.942,B0705
zhao-vaccine-9e10dcb2a49789d0,PRIME,2.0,immunogenicity,0.132624,higher,predicted,0.192,0.117,A2901
zhao-vaccine-538a116eb355ac3f,PRIME,2.0,immunogenicity,0.049958,higher,predicted,0.87,0.113,A0203
zhao-vaccine-5555779da3a7954b,PRIME,2.0,immunogenicity,0.085737,higher,predicted,0.232,2.236,A1101
zhao-vaccine-1207e1f28a7ce672,PRIME,2.0,immunogenicity,0.049289,higher,predicted,0.568,0.211,A1101
zhao-vaccine-145673a06fe32c32,PRIME,2.0,immunogenicity,0.02226,higher,predicted,2.443,0.428,A0203
zhao-vaccine-8778badd24dbb533,PRIME,2.0,immunogenicity,0.082584,higher,predicted,0.173,0.073,B4001
zhao-vaccine-361fc2f6770f984f,PRIME,2.0,immunogenicity,0.234555,higher,predicted,0.022,0.013,A0203
zhao-vaccine-1070795508b31641,PRIME,2.0,immunogenicity,0.054344,higher,predicted,0.772,0.661,A0203
zhao-vaccine-a5bfe0738421772d,PRIME,2.0,immunogenicity,0.056724,higher,predicted,0.725,0.265,A0203
zhao-vaccine-37ce52867b245b48,PRIME,2.0,immunogenicity,0.154133,higher,predicted,0.063,0.075,A1101
zhao-vaccine-da47a1ad401e2996,PRIME,2.0,immunogenicity,0.003136,higher,predicted,13.204,2.343,A1101
zhao-vaccine-96f54241bdd80a5f,PRIME,2.0,immunogenicity,0.021339,higher,predicted,1.518,1.307,B4001
zhao-vaccine-7bb94fe418471df7,PRIME,2.0,immunogenicity,0.019211,higher,predicted,1.952,2.874,A1101
zhao-vaccine-a6747d61775f09f7,PRIME,2.0,immunogenicity,0.004114,higher,predicted,13.563,3.674,A0203
zhao-vaccine-6da954109a635742,PRIME,2.0,immunogenicity,0.015191,higher,predicted,3.695,6.468,A0203
zhao-vaccine-f441c6d5ea9c9518,PRIME,2.0,immunogenicity,0.065148,higher,predicted,0.368,0.431,A1101
zhao-vaccine-5d08657e7e0d61ea,PRIME,2.0,immunogenicity,0.017763,higher,predicted,3.105,3.512,A0203
zhao-vaccine-9afe0fd40501fb25,PRIME,2.0,immunogenicity,0.310793,higher,predicted,0.002,0.001,A2601
zhao-vaccine-4483f2a784fc6ed9,PRIME,2.0,immunogenicity,0.259542,higher,predicted,0.008,0.014,B3501
zhao-vaccine-dc896238782e4631,PRIME,2.0,immunogenicity,0.061422,higher,predicted,0.566,0.167,A0206
zhao-vaccine-bf220356d06db0f0,PRIME,2.0,immunogenicity,0.003411,higher,predicted,15.823,3.022,A0206
zhao-vaccine-a75e663bab34906c,PRIME,2.0,immunogenicity,0.032547,higher,predicted,1.453,0.778,A0206
zhao-vaccine-54ec293e84e13508,PRIME,2.0,immunogenicity,0.007603,higher,predicted,7.281,2.369,A0206
zhao-vaccine-6d227e48064eb22f,PRIME,2.0,immunogenicity,0.181039,higher,predicted,0.051,0.016,B3501
zhao-vaccine-44f1285caea075a7,PRIME,2.0,immunogenicity,0.12112,higher,predicted,0.156,0.067,A0206
zhao-vaccine-2dea372668b54f24,PRIME,2.0,immunogenicity,0.055402,higher,predicted,0.665,0.325,A0206
zhao-vaccine-a65e858815f38613,PRIME,2.0,immunogenicity,0.026574,higher,predicted,1.851,1.346,A0206
zhao-vaccine-798364a9eb823880,PRIME,2.0,immunogenicity,0.004325,higher,predicted,10.013,14.04,C1202
zhao-vaccine-295b177510adca1e,PRIME,2.0,immunogenicity,0.002973,higher,predicted,14.763,14.693,B3902
zhao-vaccine-25b0ee2d16a42eda,PRIME,2.0,immunogenicity,0.071424,higher,predicted,0.441,0.193,A0201
zhao-vaccine-dead279e867c4665,PRIME,2.0,immunogenicity,0.093958,higher,predicted,0.277,0.183,A0201
zhao-vaccine-b629247dcc4ce157,PRIME,2.0,immunogenicity,0.018805,higher,predicted,2.059,0.182,A3101
zhao-vaccine-645c0657755c03d1,PRIME,2.0,immunogenicity,0.00256,higher,predicted,16.33,12.911,A3101
zhao-vaccine-56e09080ec5d141a,PRIME,2.0,immunogenicity,0.006028,higher,predicted,7.596,1.254,A0201
zhao-vaccine-e65870d5c13f0cae,PRIME,2.0,immunogenicity,0.015129,higher,predicted,3.022,2.392,A0201
zhao-vaccine-e163786dd60b30c6,PRIME,2.0,immunogenicity,0.019735,higher,predicted,2.289,7.35,A0201
zhao-vaccine-52abf4ab6ec53398,PRIME,2.0,immunogenicity,0.165739,higher,predicted,0.053,0.3,A3101
zhao-vaccine-f095e17a85ac6274,PRIME,2.0,immunogenicity,0.034649,higher,predicted,1.334,1.199,A0206
zhao-vaccine-ae66c36ac74a789a,PRIME,2.0,immunogenicity,0.185174,higher,predicted,0.029,0.273,A3303
zhao-vaccine-efda1ba858fbe5cd,PRIME,2.0,immunogenicity,0.166951,higher,predicted,0.066,0.059,A0206
zhao-vaccine-748ce69b5e1e7d7a,PRIME,2.0,immunogenicity,0.133412,higher,predicted,0.081,0.102,A3303
zhao-vaccine-3aff159c60b53eab,PRIME,2.0,immunogenicity,0.038188,higher,predicted,1.156,0.415,A0206
zhao-vaccine-36b2b5626e9cf020,PRIME,2.0,immunogenicity,0.023059,higher,predicted,1.69,0.291,B1501
zhao-vaccine-914803d50e1be2db,PRIME,2.0,immunogenicity,0.130544,higher,predicted,0.131,0.135,A0206
zhao-vaccine-57e80af6b56dfdf5,PRIME,2.0,immunogenicity,0.062619,higher,predicted,0.444,1.325,B1501
zhao-vaccine-9e18dbe1835f1997,PRIME,2.0,immunogenicity,0.026289,higher,predicted,1.596,0.389,B3501
zhao-vaccine-9d185ca51b52793e,PRIME,2.0,immunogenicity,0.21575,higher,predicted,0.02,0.019,A1101
zhao-vaccine-c845ec4db4fdf2b1,PRIME,2.0,immunogenicity,0.192814,higher,predicted,0.031,0.175,A1101
zhao-vaccine-2559495fe7cc09c8,PRIME,2.0,immunogenicity,0.124102,higher,predicted,0.111,0.272,A1101
zhao-vaccine-e228d834b3506f37,PRIME,2.0,immunogenicity,0.120686,higher,predicted,0.119,0.102,A1101
zhao-vaccine-632173550f8defa7,PRIME,2.0,immunogenicity,0.002315,higher,predicted,17.043,11.237,A1101
zhao-vaccine-429e2fc94d9e9045,PRIME,2.0,immunogenicity,0.043542,higher,predicted,0.675,0.078,A1101
zhao-vaccine-5fe6eb68309e409a,PRIME,2.0,immunogenicity,0.154871,higher,predicted,0.097,0.073,A2402
zhao-vaccine-0dfb7b47d5d12f64,PRIME,2.0,immunogenicity,0.033525,higher,predicted,1.343,0.313,A2402
zhao-vaccine-3e67648453abcd83,PRIME,2.0,immunogenicity,0.209667,higher,predicted,0.023,0.078,A1101
zhao-vaccine-38f2049f0ff4c129,PRIME,2.0,immunogenicity,0.010517,higher,predicted,3.691,3.178,A0302
zhao-vaccine-57d0eb88667194d5,PRIME,2.0,immunogenicity,0.050765,higher,predicted,0.545,0.471,A1101
zhao-vaccine-f1aee3464f60a35c,PRIME,2.0,immunogenicity,0.020516,higher,predicted,1.719,5.692,A0302
zhao-vaccine-2558c43d3ff0ad35,PRIME,2.0,immunogenicity,0.001955,higher,predicted,19.061,30.787,A1101
zhao-vaccine-c772357dc481e666,PRIME,2.0,immunogenicity,0.038743,higher,predicted,1.535,2.068,A2603
zhao-vaccine-4fd5d53649a59869,PRIME,2.0,immunogenicity,0.258626,higher,predicted,0.013,0.008,A2402
zhao-vaccine-03337e287c4c1eb9,PRIME,2.0,immunogenicity,0.088331,higher,predicted,0.324,1.053,A2402
zhao-vaccine-a1619d1bdeaec50c,PRIME,2.0,immunogenicity,0.020692,higher,predicted,3.216,0.807,A2603
zhao-vaccine-357637a55b5dfa0c,PRIME,2.0,immunogenicity,0.001536,higher,predicted,22.45,3.128,C0702
zhao-vaccine-f5effd103564b8de,PRIME,2.0,immunogenicity,0.044345,higher,predicted,0.584,0.411,A3303
zhao-vaccine-616ea22fb1ba1a9e,PRIME,2.0,immunogenicity,0.076613,higher,predicted,0.392,0.682,B3901
zhao-vaccine-c88d67228419fc50,PRIME,2.0,immunogenicity,0.022572,higher,predicted,1.955,7.884,A0201
zhao-vaccine-ca0cdaf9d43b725f,PRIME,2.0,immunogenicity,0.021931,higher,predicted,1.995,1.512,B3901
zhao-vaccine-b79174e32f0a9eae,PRIME,2.0,immunogenicity,0.001997,higher,predicted,20.631,12.804,B5801
zhao-vaccine-2bf13a54882991b8,PRIME,2.0,immunogenicity,0.101443,higher,predicted,0.252,0.501,B5801
zhao-vaccine-8f375180dc93b864,PRIME,2.0,immunogenicity,0.046113,higher,predicted,0.87,1.505,A2402
zhao-vaccine-85eb791d393f0129,PRIME,2.0,immunogenicity,0.005256,higher,predicted,7.95,3.703,B1501
zhao-vaccine-7625040ee15f1bba,PRIME,2.0,immunogenicity,0.027971,higher,predicted,1.605,1.184,C0303
zhao-vaccine-a4ade91218cdc75f,PRIME,2.0,immunogenicity,0.136607,higher,predicted,0.092,0.035,B1501
zhao-vaccine-401d2a0add232871,PRIME,2.0,immunogenicity,0.001838,higher,predicted,19.73,9.292,C0303
zhao-vaccine-b4bca017beffad42,PRIME,2.0,immunogenicity,0.019512,higher,predicted,3.44,0.403,A2602
zhao-vaccine-429e3f8c0f5c862c,PRIME,2.0,immunogenicity,0.193725,higher,predicted,0.05,0.156,A2402
zhao-vaccine-4d63951595b04409,PRIME,2.0,immunogenicity,0.091862,higher,predicted,0.343,0.154,C0702
zhao-vaccine-47647b5942f35551,PRIME,2.0,immunogenicity,0.048726,higher,predicted,1.103,0.286,A2602
zhao-vaccine-fdd8fc87e5104d7b,PRIME,2.0,immunogenicity,0.00132,higher,predicted,25.54,13.939,C0303
zhao-vaccine-d4aa4e707108dc27,PRIME,2.0,immunogenicity,0.169001,higher,predicted,0.04,0.05,B5502
zhao-vaccine-c51e7ea4f4c184cc,PRIME,2.0,immunogenicity,0.072779,higher,predicted,0.584,0.606,A2602
zhao-vaccine-d05912317fe97c27,PRIME,2.0,immunogenicity,0.002945,higher,predicted,19.475,10.498,A2602
zhao-vaccine-e6461efde3c2741a,PRIME,2.0,immunogenicity,0.024607,higher,predicted,2.651,0.291,A2602
zhao-vaccine-5df5dec8f4f78c14,PRIME,2.0,immunogenicity,0.040978,higher,predicted,0.631,0.565,B4403
zhao-vaccine-b669bb46479a807e,PRIME,2.0,immunogenicity,0.0097,higher,predicted,4.131,1.841,B4403
zhao-vaccine-cf766650b07d46ee,PRIME,2.0,immunogenicity,0.224781,higher,predicted,0.028,0.058,A2402
zhao-vaccine-74aa856bf12974ba,PRIME,2.0,immunogenicity,0.011296,higher,predicted,2.755,4.014,B4002
zhao-vaccine-64c98e09b69a5d62,PRIME,2.0,immunogenicity,0.085172,higher,predicted,0.169,0.198,B4002
zhao-vaccine-80bf7079133ebe0b,PRIME,2.0,immunogenicity,0.017081,higher,predicted,2.517,0.487,C0304
zhao-vaccine-efcea0bc4d09a05f,PRIME,2.0,immunogenicity,0.017973,higher,predicted,2.647,0.848,A2402
zhao-vaccine-c8f8737258d70cd3,PRIME,2.0,immunogenicity,0.293391,higher,predicted,0.003,0.008,B3501
zhao-vaccine-b6b92b7e81b75a24,PRIME,2.0,immunogenicity,0.165916,higher,predicted,0.069,0.144,B3501
zhao-vaccine-59e134551336c4e2,PRIME,2.0,immunogenicity,0.049781,higher,predicted,0.704,0.039,B3501
zhao-vaccine-36e0cd0961711f12,PRIME,2.0,immunogenicity,0.089611,higher,predicted,0.281,0.082,B3501
zhao-vaccine-14d313929ec1d378,PRIME,2.0,immunogenicity,0.008447,higher,predicted,5.566,0.635,A2402
zhao-vaccine-09d2cc1ffc78278c,PRIME,2.0,immunogenicity,0.059777,higher,predicted,0.576,0.142,C0303
zhao-vaccine-29926a93b0712d4a,PRIME,2.0,immunogenicity,0.000307,higher,predicted,59.36,13.2,C0303
zhao-vaccine-cf5b8ca20e933ae7,PRIME,2.0,immunogenicity,0.032474,higher,predicted,1.242,1.262,B3501
zhao-vaccine-7acafd6c9399806c,PRIME,2.0,immunogenicity,0.035451,higher,predicted,0.934,12.024,A3101
zhao-vaccine-1f54547768a20317,PRIME,2.0,immunogenicity,0.010177,higher,predicted,4.452,3.447,C0303
zhao-vaccine-aeca70f8cbb54a5f,PRIME,2.0,immunogenicity,0.02449,higher,predicted,1.583,0.846,B1501
zhao-vaccine-22646f8f1e1870b8,PRIME,2.0,immunogenicity,0.128347,higher,predicted,0.108,0.458,B1501
zhao-vaccine-6cc35d9d03631477,PRIME,2.0,immunogenicity,0.046547,higher,predicted,0.639,0.668,A3101
zhao-vaccine-2a6e650dc246bcb9,PRIME,2.0,immunogenicity,0.000471,higher,predicted,47.526,6.52,B4403
zhao-vaccine-906a46f65f28953c,PRIME,2.0,immunogenicity,0.010535,higher,predicted,3.558,3.058,A3303
zhao-vaccine-447ed56142240d01,PRIME,2.0,immunogenicity,0.1366,higher,predicted,0.075,0.15,A3303
zhao-vaccine-ed9e43eb5539cacc,PRIME,2.0,immunogenicity,0.026168,higher,predicted,1.244,1.636,A3303
zhao-vaccine-5c20ac9e9a0ee4fd,PRIME,2.0,immunogenicity,0.008971,higher,predicted,4.225,1.043,A3303
zhao-vaccine-bb8687f15bc6f190,PRIME,2.0,immunogenicity,0.01585,higher,predicted,2.738,1.253,C1403
zhao-vaccine-af08ded50637db18,PRIME,2.0,immunogenicity,0.083307,higher,predicted,0.313,0.171,C1403
zhao-vaccine-0a348598a556c0e9,PRIME,2.0,immunogenicity,0.005705,higher,predicted,7.539,12.647,C1403
zhao-vaccine-6dff12cf97e8daa0,PRIME,2.0,immunogenicity,0.182693,higher,predicted,0.038,0.055,A1101
zhao-vaccine-3e7d11a8e23fcc9b,PRIME,2.0,immunogenicity,0.147867,higher,predicted,0.094,0.04,B5401
zhao-vaccine-961bc6818383d108,PRIME,2.0,immunogenicity,0.176016,higher,predicted,0.042,0.17,A1101
zhao-vaccine-a06ffb29914ff89e,PRIME,2.0,immunogenicity,0.142019,higher,predicted,0.078,0.181,A1101
zhao-vaccine-3b206bf21e2c226f,PRIME,2.0,immunogenicity,0.088427,higher,predicted,0.219,0.581,A1101
zhao-vaccine-c65b7de8500d2319,PRIME,2.0,immunogenicity,0.002283,higher,predicted,17.211,3.692,A1101
zhao-vaccine-e44496dfd999e7ba,PRIME,2.0,immunogenicity,0.063137,higher,predicted,0.387,0.647,A1101
zhao-vaccine-fbde732c3898b73d,PRIME,2.0,immunogenicity,0.050287,higher,predicted,0.776,0.382,A2402
zhao-vaccine-3ac5f839d4b889f0,PRIME,2.0,immunogenicity,0.012059,higher,predicted,3.551,3.716,C0304
zhao-vaccine-1194756f00230216,PRIME,2.0,immunogenicity,0.011449,higher,predicted,3.518,1.062,A1101
zhao-vaccine-f2ae0bcb8691fda9,PRIME,2.0,immunogenicity,0.185294,higher,predicted,0.036,0.043,A1101
zhao-vaccine-f0fb4c07c768db71,PRIME,2.0,immunogenicity,0.170577,higher,predicted,0.047,0.087,A1101
zhao-vaccine-78496bc341152f7f,PRIME,2.0,immunogenicity,0.012474,higher,predicted,3.427,2.129,B1301
zhao-vaccine-9d8d8ea4af10a013,PRIME,2.0,immunogenicity,0.099595,higher,predicted,0.176,0.158,A1101
zhao-vaccine-6eb6266f157532ce,PRIME,2.0,immunogenicity,0.000858,higher,predicted,35.062,19.927,A3101
zhao-vaccine-c1a076ce01ad4895,PRIME,2.0,immunogenicity,0.010858,higher,predicted,3.461,1.84,A3001
zhao-vaccine-4bbfb97b7db0de5a,PRIME,2.0,immunogenicity,0.021186,higher,predicted,1.684,1.401,A3001
zhao-vaccine-b4daaf3d4726716c,PRIME,2.0,immunogenicity,0.183073,higher,predicted,0.06,0.367,A2402
zhao-vaccine-68ff3dde884e7c4e,PRIME,2.0,immunogenicity,0.025582,higher,predicted,1.813,0.837,A2402
zhao-vaccine-0fde749e91676614,PRIME,2.0,immunogenicity,0.003217,higher,predicted,16.535,1.572,A0206
zhao-vaccine-6c19ca9415660072,PRIME,2.0,immunogenicity,0.000482,higher,predicted,51.459,12.865,A0206
zhao-vaccine-e193835d86e00144,PRIME,2.0,immunogenicity,0.026668,higher,predicted,1.844,2.77,A0206
zhao-vaccine-34858ebc5372184d,PRIME,2.0,immunogenicity,0.076443,higher,predicted,0.394,0.187,A0206
zhao-vaccine-53a1191cb4bd5ee6,PRIME,2.0,immunogenicity,0.023019,higher,predicted,1.666,3.07,A3101
zhao-vaccine-61ffb955f248e05d,PRIME,2.0,immunogenicity,0.005243,higher,predicted,8.263,7.867,C0303
zhao-vaccine-6118202e104aeba7,PRIME,2.0,immunogenicity,0.183569,higher,predicted,0.038,0.084,A3101
zhao-vaccine-320d4b079fad1973,PRIME,2.0,immunogenicity,,higher,unsupported_hla,,,A2446
zhao-vaccine-ba2179005c8430b0,PRIME,2.0,immunogenicity,,higher,unsupported_hla,,,A2446
zhao-vaccine-9bc9263a325135b3,PRIME,2.0,immunogenicity,0.035035,higher,predicted,0.949,0.424,A3101
zhao-vaccine-151cd04499d7313c,PRIME,2.0,immunogenicity,0.290761,higher,predicted,0.006,0.047,A0201
zhao-vaccine-d52a1385e04d713d,PRIME,2.0,immunogenicity,0.132696,higher,predicted,0.099,0.011,B1501
zhao-vaccine-844033c362ad7a84,PRIME,2.0,immunogenicity,0.230829,higher,predicted,0.024,0.011,A0201
zhao-vaccine-882306121ddf6b32,PRIME,2.0,immunogenicity,0.016237,higher,predicted,4.182,13.073,A2602
zhao-vaccine-11ef567a0e7465d5,PRIME,2.0,immunogenicity,0.020701,higher,predicted,3.214,2.473,A2602
zhao-vaccine-e185c06a06832ff7,PRIME,2.0,immunogenicity,0.002798,higher,predicted,20.013,4.424,A2602
zhao-vaccine-99a2be21eb0c1347,PRIME,2.0,immunogenicity,0.036624,higher,predicted,1.127,0.928,A0201
zhao-vaccine-cdb1ded316e5bc08,PRIME,2.0,immunogenicity,0.026925,higher,predicted,1.417,0.746,B1501
zhao-vaccine-b2e421139854d8be,PRIME,2.0,immunogenicity,0.141178,higher,predicted,0.119,0.053,A0201
zhao-vaccine-1d6a83690a176302,PRIME,2.0,immunogenicity,0.028972,higher,predicted,1.291,0.372,B1501
zhao-vaccine-e3cd5634b3b73d2b,PRIME,2.0,immunogenicity,0.122665,higher,predicted,0.163,0.989,A0201
zhao-vaccine-9f2f88a4b27fe475,PRIME,2.0,immunogenicity,0.02126,higher,predicted,1.957,0.933,B3501
zhao-vaccine-7f3ccab1ad04ec08,PRIME,2.0,immunogenicity,0.13613,higher,predicted,0.12,0.173,B3501
zhao-vaccine-fb6c9cad429e4680,PRIME,2.0,immunogenicity,0.229025,higher,predicted,0.025,0.067,A2402
zhao-vaccine-1ed8bfb076e0bd86,PRIME,2.0,immunogenicity,0.079696,higher,predicted,0.18,0.163,B0702
zhao-vaccine-549621310287b89a,PRIME,2.0,immunogenicity,0.092865,higher,predicted,0.282,0.487,A0201
zhao-vaccine-4c4549e8b044b957,PRIME,2.0,immunogenicity,0.28472,higher,predicted,0.007,0.031,A2402
zhao-vaccine-260a1f44f52497e0,PRIME,2.0,immunogenicity,0.138701,higher,predicted,0.124,0.026,A0201
zhao-vaccine-110de4aa20d26af6,PRIME,2.0,immunogenicity,0.001863,higher,predicted,20.275,2.553,B3501
zhao-vaccine-e8653d192eae3e34,PRIME,2.0,immunogenicity,0.019683,higher,predicted,2.296,1.936,A0201
zhao-vaccine-e17f1f0641708376,PRIME,2.0,immunogenicity,0.0261,higher,predicted,1.74,2.125,C1202
zhao-vaccine-cf72de33b138153d,PRIME,2.0,immunogenicity,0.092278,higher,predicted,0.206,0.31,A3101
zhao-vaccine-bf0289636ad7c89c,PRIME,2.0,immunogenicity,0.082648,higher,predicted,0.253,0.102,A3101
zhao-vaccine-51278c3cc9822a92,PRIME,2.0,immunogenicity,0.087333,higher,predicted,0.428,0.1,A2602
zhao-vaccine-0c2febc3043a65b7,PRIME,2.0,immunogenicity,0.006708,higher,predicted,9.842,1.542,A2602
zhao-vaccine-0f1c7070e2b3c380,PRIME,2.0,immunogenicity,0.047245,higher,predicted,0.579,1.149,B4006
zhao-vaccine-5759f50764496c1f,PRIME,2.0,immunogenicity,0.072093,higher,predicted,0.321,0.501,A3101
zhao-vaccine-da11dd7c2aa31ca7,PRIME,2.0,immunogenicity,0.029701,higher,predicted,1.209,0.359,A3101
zhao-vaccine-4af4c0c7f6941ea8,PRIME,2.0,immunogenicity,0.127769,higher,predicted,0.149,0.059,A0201
zhao-vaccine-6ec07fc29b17d28c,PRIME,2.0,immunogenicity,0.101218,higher,predicted,0.24,0.198,A0201
zhao-vaccine-67401c1a974e2cdb,PRIME,2.0,immunogenicity,0.060331,higher,predicted,0.565,0.371,A0201
zhao-vaccine-1022680eb48a536b,PRIME,2.0,immunogenicity,0.18994,higher,predicted,0.053,0.037,A2402
zhao-vaccine-01655e2ddd89c647,PRIME,2.0,immunogenicity,0.147798,higher,predicted,0.101,0.097,C0304
zhao-vaccine-b7c9a2590ca97e55,PRIME,2.0,immunogenicity,0.057708,higher,predicted,0.64,1.838,A2402
zhao-vaccine-69313463a7bc3db2,PRIME,2.0,immunogenicity,0.270966,higher,predicted,0.008,0.066,B5401
zhao-vaccine-241f5ed344b276f1,PRIME,2.0,immunogenicity,0.011785,higher,predicted,3.911,2.185,C1202
zhao-vaccine-74515f7ab26177d9,PRIME,2.0,immunogenicity,0.036075,higher,predicted,1.099,0.137,B5401
zhao-vaccine-f7d81e959bed76fd,PRIME,2.0,immunogenicity,0.092398,higher,predicted,0.271,0.645,B5401
zhao-vaccine-5df0851945e75a9b,PRIME,2.0,immunogenicity,0.312075,higher,predicted,0.002,0.003,A2603
zhao-vaccine-12bccd0f8cb0d82d,PRIME,2.0,immunogenicity,0.012025,higher,predicted,3.61,3.302,B3501
zhao-vaccine-7cefe8761aadff4f,PRIME,2.0,immunogenicity,0.037803,higher,predicted,1.142,1.392,A2402
zhao-vaccine-6474740652487b1e,PRIME,2.0,immunogenicity,0.165814,higher,predicted,0.07,0.035,B3501
zhao-vaccine-1384b13ea4a47498,PRIME,2.0,immunogenicity,0.279852,higher,predicted,0.008,0.024,A2402
zhao-vaccine-e7e684493a85f4c3,PRIME,2.0,immunogenicity,0.08275,higher,predicted,0.253,0.347,A3101
zhao-vaccine-c102a196bf89a4b6,PRIME,2.0,immunogenicity,0.001325,higher,predicted,26.531,10.386,A3101
zhao-vaccine-7e30652ffdcbe453,PRIME,2.0,immunogenicity,0.105345,higher,predicted,0.395,0.349,C0602
zhao-vaccine-e9276b52de40e1ac,PRIME,2.0,immunogenicity,0.006624,higher,predicted,7.988,5.522,C0602
zhao-vaccine-a12b39139dc6298b,PRIME,2.0,immunogenicity,0.152294,higher,predicted,0.07,1.834,A3101
zhao-vaccine-1635417f470261e1,PRIME,2.0,immunogenicity,0.033914,higher,predicted,0.99,0.121,A3101
zhao-vaccine-b23cc827d2fcd84a,PRIME,2.0,immunogenicity,0.018829,higher,predicted,2.364,1.659,B5401
zhao-vaccine-8d2ca10b3e719cd3,PRIME,2.0,immunogenicity,0.035898,higher,predicted,1.107,0.255,B5401
zhao-vaccine-d2a8e851b57602e5,PRIME,2.0,immunogenicity,0.004733,higher,predicted,8.28,23.001,B3701
zhao-vaccine-fd6568cd3764d90d,PRIME,2.0,immunogenicity,0.209529,higher,predicted,0.017,0.027,B1501
zhao-vaccine-f7c51ed7a58a8934,PRIME,2.0,immunogenicity,0.01728,higher,predicted,2.22,1.933,A1101
zhao-vaccine-a26b667b16047e56,PRIME,2.0,immunogenicity,0.108649,higher,predicted,0.16,0.134,B1501
zhao-vaccine-b2e66ff16b79a023,PRIME,2.0,immunogenicity,0.030954,higher,predicted,1.18,0.075,B1501
zhao-vaccine-b696a57d6d62315a,PRIME,2.0,immunogenicity,0.147901,higher,predicted,0.07,0.217,A1101
zhao-vaccine-8b054f154e9bb54b,PRIME,2.0,immunogenicity,0.082409,higher,predicted,0.28,0.426,B1501
zhao-vaccine-65c857de58a443cf,PRIME,2.0,immunogenicity,0.065121,higher,predicted,0.368,0.481,A1101
zhao-vaccine-8d5c6842d3d9446c,PRIME,2.0,immunogenicity,0.101085,higher,predicted,0.185,0.499,B1501
zhao-vaccine-e6d0ff2c0266fc1f,PRIME,2.0,immunogenicity,0.023561,higher,predicted,1.58,3.555,A1101
zhao-vaccine-2e3b3050a35eda79,PRIME,2.0,immunogenicity,0.066774,higher,predicted,0.353,0.273,A1101
zhao-vaccine-fd3b9f94ce8b5966,PRIME,2.0,immunogenicity,0.010437,higher,predicted,3.934,1.495,B4801
zhao-vaccine-0b7bce2881c6a27d,PRIME,2.0,immunogenicity,0.120801,higher,predicted,0.18,0.136,A2402
zhao-vaccine-7ead1c9658b454fa,PRIME,2.0,immunogenicity,0.218676,higher,predicted,0.031,0.006,A2402
zhao-vaccine-e8d4832f24f49fa4,PRIME,2.0,immunogenicity,0.269402,higher,predicted,0.01,0.015,A2402
zhao-vaccine-5c7446710515ea0c,PRIME,2.0,immunogenicity,0.013977,higher,predicted,3.305,1.265,C1202
zhao-vaccine-4792240faf0d2442,PRIME,2.0,immunogenicity,0.026739,higher,predicted,1.699,2.014,C1202
zhao-vaccine-5af70a1de861bbe8,PRIME,2.0,immunogenicity,0.02652,higher,predicted,1.713,0.207,C1202
zhao-vaccine-9fe53c22422fa653,PRIME,2.0,immunogenicity,0.192848,higher,predicted,0.051,0.016,A2402
zhao-vaccine-43730793527c1c58,PRIME,2.0,immunogenicity,0.106592,higher,predicted,0.246,0.097,A0203
zhao-vaccine-bd98ad0dbc1ffda8,PRIME,2.0,immunogenicity,0.05361,higher,predicted,0.787,0.403,A0203
zhao-vaccine-10c33d138e6258f8,PRIME,2.0,immunogenicity,0.005201,higher,predicted,8.123,9.962,A3101
zhao-vaccine-da2fd43a3a17bed7,PRIME,2.0,immunogenicity,0.051481,higher,predicted,0.553,0.207,A3101
zhao-vaccine-c12281bbf19a4abd,PRIME,2.0,immunogenicity,0.000921,higher,predicted,32.752,3.728,A1101
zhao-vaccine-0d500fc84bf8ae30,PRIME,2.0,immunogenicity,0.116315,higher,predicted,0.129,0.333,A1101
zhao-vaccine-b49f7842d9b4a6c3,PRIME,2.0,immunogenicity,0.065631,higher,predicted,0.363,0.608,A1101
zhao-vaccine-583d9b909f2e2085,PRIME,2.0,immunogenicity,0.098044,higher,predicted,0.181,0.187,A1101
zhao-vaccine-e873b21bfae977d0,PRIME,2.0,immunogenicity,0.015205,higher,predicted,2.774,0.908,B1301
zhao-vaccine-223711e0310fa27f,PRIME,2.0,immunogenicity,0.122827,higher,predicted,0.114,0.059,A1101
zhao-vaccine-9f527410587768f6,PRIME,2.0,immunogenicity,0.108119,higher,predicted,0.208,0.119,C0304
zhao-vaccine-82e6fde91e616b78,PRIME,2.0,immunogenicity,0.137772,higher,predicted,0.117,0.012,B3501
zhao-vaccine-015f3f5c3a4f049a,PRIME,2.0,immunogenicity,0.02807,higher,predicted,1.485,1.002,B3501
zhao-vaccine-3031b8e82ad731c2,PRIME,2.0,immunogenicity,0.005764,higher,predicted,7.466,2.3,B3501
zhao-vaccine-61a7f63d46d0b1ae,PRIME,2.0,immunogenicity,0.027212,higher,predicted,1.176,1.36,A3303
zhao-vaccine-b336a4ecc473e5ed,PRIME,2.0,immunogenicity,0.11367,higher,predicted,0.117,0.528,A3303
zhao-vaccine-87ab2eaf6804788f,PRIME,2.0,immunogenicity,0.207822,higher,predicted,0.019,0.025,A3303
zhao-vaccine-baf353825f382be5,PRIME,2.0,immunogenicity,0.000635,higher,predicted,39.845,3.581,C0303
zhao-vaccine-35a3684a71df0b96,PRIME,2.0,immunogenicity,0.024562,higher,predicted,1.885,0.698,A2402
zhao-vaccine-cedb684e7e44c0cb,PRIME,2.0,immunogenicity,0.014065,higher,predicted,2.582,0.441,A3303
zhao-vaccine-cbb6b14e95ca88b8,PRIME,2.0,immunogenicity,0.13779,higher,predicted,0.074,0.72,A3303
zhao-vaccine-c03d89200c428847,PRIME,2.0,immunogenicity,0.019221,higher,predicted,2.198,0.822,B3501
zhao-vaccine-28be76526d52543c,PRIME,2.0,immunogenicity,0.241411,higher,predicted,0.019,0.359,A0201
zhao-vaccine-e9b4f0dfabc14750,PRIME,2.0,immunogenicity,0.02126,higher,predicted,2.089,11.154,A0201
zhao-vaccine-2ac21cd9be4184b0,PRIME,2.0,immunogenicity,0.029775,higher,predicted,1.474,0.817,A0201
zhao-vaccine-48ea254de5fa16b2,PRIME,2.0,immunogenicity,0.042038,higher,predicted,0.542,0.215,B4001
zhao-vaccine-523654c7d864f1f5,PRIME,2.0,immunogenicity,0.241038,higher,predicted,0.019,0.168,A0201
zhao-vaccine-1793bf4cd6bd1c14,PRIME,2.0,immunogenicity,0.224766,higher,predicted,0.019,0.022,C0304
zhao-vaccine-1c8a35e9d70dbe16,PRIME,2.0,immunogenicity,0.189022,higher,predicted,0.052,0.011,A0201
zhao-vaccine-ebe9d5fbde63d333,PRIME,2.0,immunogenicity,0.123303,higher,predicted,0.161,0.204,A0201
zhao-vaccine-b2667228dbb9774b,PRIME,2.0,immunogenicity,0.019138,higher,predicted,2.373,3.419,A0201
zhao-vaccine-f24baca37be1a650,PRIME,2.0,immunogenicity,0.063944,higher,predicted,0.521,0.234,A0201
zhao-vaccine-aca0c405a9761509,PRIME,2.0,immunogenicity,0.178128,higher,predicted,0.041,0.065,A1101
zhao-vaccine-137f30055973381d,PRIME,2.0,immunogenicity,0.165368,higher,predicted,0.051,0.037,A1101
zhao-vaccine-5acb13985756e139,PRIME,2.0,immunogenicity,0.085008,higher,predicted,0.235,2.111,A1101
zhao-vaccine-323a6abee6b08db3,PRIME,2.0,immunogenicity,0.013336,higher,predicted,3.417,5.093,C0303
zhao-vaccine-79ac2042de749929,PRIME,2.0,immunogenicity,0.200718,higher,predicted,0.035,0.078,C0303
zhao-vaccine-e8b4f2b70db831b0,PRIME,2.0,immunogenicity,0.000414,higher,predicted,50.479,7.357,C0303
zhao-vaccine-608b009f82c88493,PRIME,2.0,immunogenicity,0.039922,higher,predicted,0.95,0.117,B5401
zhao-vaccine-37a807759a502c1b,PRIME,2.0,immunogenicity,0.089407,higher,predicted,0.302,0.988,A0201
zhao-vaccine-1e4ca59f5ebf7442,PRIME,2.0,immunogenicity,0.04379,higher,predicted,0.744,0.421,B1501
zhao-vaccine-c8f047294af0328d,PRIME,2.0,immunogenicity,0.039699,higher,predicted,0.999,3.395,A0201
zhao-vaccine-cc5704e7d618677e,PRIME,2.0,immunogenicity,0.082459,higher,predicted,0.349,0.403,A0201
zhao-vaccine-8aff6dc901f42ea5,PRIME,2.0,immunogenicity,0.007728,higher,predicted,5.421,5.302,B1501
zhao-vaccine-d6dda5366e5dc976,PRIME,2.0,immunogenicity,0.015558,higher,predicted,2.601,3.168,B1501
zhao-vaccine-f468df5e69517960,PRIME,2.0,immunogenicity,0.0142,higher,predicted,3.25,1.122,A0201
zhao-vaccine-50bc0715030f03ce,PRIME,2.0,immunogenicity,0.23554,higher,predicted,0.017,0.063,B5401
zhao-vaccine-72b35402f2106ea1,PRIME,2.0,immunogenicity,0.190951,higher,predicted,0.05,0.088,A0201
zhao-vaccine-aff9eeada839b58c,PRIME,2.0,immunogenicity,0.014428,higher,predicted,3.193,1.261,A0201
zhao-vaccine-97e30c74a87e05dd,PRIME,2.0,immunogenicity,0.243694,higher,predicted,0.018,0.169,A0201
zhao-vaccine-9a583860aa7fe6c9,PRIME,2.0,immunogenicity,0.099811,higher,predicted,0.247,0.076,A0201
zhao-vaccine-82473da3aebe3f99,PRIME,2.0,immunogenicity,0.037985,higher,predicted,1.134,0.265,A2402
zhao-vaccine-890d0481078605a4,PRIME,2.0,immunogenicity,0.076874,higher,predicted,0.392,0.039,A0201
zhao-vaccine-a8bf16d20e1d5fe5,PRIME,2.0,immunogenicity,0.022908,higher,predicted,1.929,0.172,A0201
zhao-vaccine-c0be17cb2d09a5d5,PRIME,2.0,immunogenicity,0.301722,higher,predicted,0.001,0.001,B2705
zhao-vaccine-cd89b89400829c25,PRIME,2.0,immunogenicity,0.012586,higher,predicted,3.456,1.382,B2705
zhao-vaccine-e892d242b06d9fef,PRIME,2.0,immunogenicity,0.285824,higher,predicted,0.006,0.011,A0201
zhao-vaccine-499d980535ba1168,PRIME,2.0,immunogenicity,0.258935,higher,predicted,0.013,0.081,A2402
zhao-vaccine-bdaf73e85080bde2,PRIME,2.0,immunogenicity,0.094511,higher,predicted,0.262,0.013,A0206
zhao-vaccine-2489806640445d7d,PRIME,2.0,immunogenicity,0.201459,higher,predicted,0.028,0.159,A3101
zhao-vaccine-f60a46f135c08e02,PRIME,2.0,immunogenicity,0.041875,higher,predicted,0.742,1.947,A3101
zhao-vaccine-ffaecc34260f7f52,PRIME,2.0,immunogenicity,0.058666,higher,predicted,0.608,0.918,A0206
zhao-vaccine-c85a2cc2b4de6371,PRIME,2.0,immunogenicity,0.005315,higher,predicted,10.265,2.061,A0206
zhao-vaccine-6f3f8d1b39baf09d,PRIME,2.0,immunogenicity,0.212998,higher,predicted,0.026,0.026,C0303
zhao-vaccine-f4b15d0bffde55ea,PRIME,2.0,immunogenicity,0.048756,higher,predicted,0.803,0.254,A0206
zhao-vaccine-5561a66512f160ac,PRIME,2.0,immunogenicity,0.002281,higher,predicted,20.78,2.645,A0206
zhao-vaccine-8b2d3eae07a1cdc2,PRIME,2.0,immunogenicity,0.001115,higher,predicted,33.796,7.403,A0206
zhao-vaccine-b8483b3360c62c21,PRIME,2.0,immunogenicity,0.04286,higher,predicted,0.493,1.942,B4002
zhao-vaccine-f17e8558595ff874,PRIME,2.0,immunogenicity,0.201051,higher,predicted,0.028,0.034,A3101
zhao-vaccine-388ced9e4ae5f521,PRIME,2.0,immunogenicity,0.073312,higher,predicted,0.445,0.168,C1202
zhao-vaccine-27a21bc63a907d16,PRIME,2.0,immunogenicity,0.049648,higher,predicted,0.777,0.312,C1202
zhao-vaccine-ae18f2e796864520,PRIME,2.0,immunogenicity,0.031157,higher,predicted,1.437,0.429,C1202
zhao-vaccine-8fadb6aecb562960,PRIME,2.0,immunogenicity,0.011685,higher,predicted,3.941,1.227,C1202
zhao-vaccine-0e185306b20150b5,PRIME,2.0,immunogenicity,0.024309,higher,predicted,1.566,0.578,A3101
zhao-vaccine-6bbfc6d3e617ef40,PRIME,2.0,immunogenicity,0.025507,higher,predicted,0.988,2.588,B4002
zhao-vaccine-f4bf623eef927650,PRIME,2.0,immunogenicity,0.036469,higher,predicted,0.898,0.424,A3101
zhao-vaccine-a4ef4400bf6c6cb8,PRIME,2.0,immunogenicity,0.094748,higher,predicted,0.154,0.173,B4403
zhao-vaccine-23218612d1b1bd4d,PRIME,2.0,immunogenicity,0.057907,higher,predicted,0.462,0.182,A3101
zhao-vaccine-f2bfb3f08b47a945,PRIME,2.0,immunogenicity,0.173527,higher,predicted,0.046,0.103,A3101
zhao-vaccine-ac077a669b8c0ac7,PRIME,2.0,immunogenicity,0.027748,higher,predicted,1.328,3.494,A3101
zhao-vaccine-f293452f2cf65714,PRIME,2.0,immunogenicity,0.00106,higher,predicted,30.419,2.473,A3101
zhao-vaccine-d7c6cc0e7224b387,PRIME,2.0,immunogenicity,0.052218,higher,predicted,0.458,0.554,A3303
zhao-vaccine-197a2688bbcb56e2,PRIME,2.0,immunogenicity,0.208793,higher,predicted,0.013,0.022,B4002
zhao-vaccine-555e0c858a41ad16,PRIME,2.0,immunogenicity,0.068003,higher,predicted,0.441,0.067,B3501
zhao-vaccine-a5e52fa3c62e264d,PRIME,2.0,immunogenicity,0.065161,higher,predicted,0.472,0.122,B3501
zhao-vaccine-c5a2cd71fbec8b68,PRIME,2.0,immunogenicity,0.03146,higher,predicted,1.294,0.889,B3501
zhao-vaccine-c725f3b8b9b97a16,PRIME,2.0,immunogenicity,0.001791,higher,predicted,21.015,2.263,B3501
zhao-vaccine-eaced34e514edeba,PRIME,2.0,immunogenicity,0.028625,higher,predicted,1.452,1.466,B3501
zhao-vaccine-ff023dfa06b2e9c0,PRIME,2.0,immunogenicity,0.00084,higher,predicted,35.368,21.945,B3501
zhao-vaccine-d9c2127acd3f15f1,PRIME,2.0,immunogenicity,0.002661,higher,predicted,15.902,8.906,B3501
zhao-vaccine-f9d4a9cd87e8c515,PRIME,2.0,immunogenicity,0.146836,higher,predicted,0.1,0.024,B3501
zhao-vaccine-dfa1ab9e713a5529,PRIME,2.0,immunogenicity,0.12568,higher,predicted,0.144,0.307,B3501
zhao-vaccine-8e92e35ad8116779,PRIME,2.0,immunogenicity,0.007427,higher,predicted,5.837,1.701,B3501
zhao-vaccine-42486ac4b15adbd7,PRIME,2.0,immunogenicity,0.018778,higher,predicted,1.845,2.63,A3303
zhao-vaccine-5a26a19caa216cea,PRIME,2.0,immunogenicity,0.14248,higher,predicted,0.067,0.38,A3303
zhao-vaccine-8198aac58d5d86bc,PRIME,2.0,immunogenicity,0.012333,higher,predicted,3.55,0.894,C1403
zhao-vaccine-31e03651fe8fe943,PRIME,2.0,immunogenicity,0.077947,higher,predicted,0.19,0.098,B4001
zhao-vaccine-487db9eb855d99c1,PRIME,2.0,immunogenicity,0.2035,higher,predicted,0.032,0.036,B3501
zhao-vaccine-fdaaf105de7ed76c,PRIME,2.0,immunogenicity,0.124069,higher,predicted,0.159,0.239,A0201
zhao-vaccine-050bcbe5980a1004,PRIME,2.0,immunogenicity,0.087664,higher,predicted,0.156,0.016,B4001
zhao-vaccine-5acf73ef956fb0f6,PRIME,2.0,immunogenicity,0.074927,higher,predicted,0.202,0.112,B4001
zhao-vaccine-134e01af040c07a5,PRIME,2.0,immunogenicity,0.031281,higher,predicted,1.303,0.298,B3501
zhao-vaccine-44f468e26ce5f493,PRIME,2.0,immunogenicity,0.100203,higher,predicted,0.228,0.013,B3501
zhao-vaccine-788ef1f0f8f2eee4,PRIME,2.0,immunogenicity,0.303394,higher,predicted,0.001,0.006,B4001
zhao-vaccine-115c6885fd051bc2,PRIME,2.0,immunogenicity,0.189468,higher,predicted,0.051,0.02,A0201
zhao-vaccine-b3f51b3b1f498e40,PRIME,2.0,immunogenicity,0.151544,higher,predicted,0.048,0.014,B4001
zhao-vaccine-cc283018234c377b,PRIME,2.0,immunogenicity,0.082342,higher,predicted,0.171,0.439,B0702
zhao-vaccine-d926f805c75dc10b,PRIME,2.0,immunogenicity,0.106639,higher,predicted,0.232,1.432,A2402
zhao-vaccine-db814c15ce0ec86c,PRIME,2.0,immunogenicity,0.058429,higher,predicted,0.304,0.35,B0702
zhao-vaccine-a0058cafd0fe79e0,PRIME,2.0,immunogenicity,0.009866,higher,predicted,3.551,0.505,B0702
zhao-vaccine-93aa3e2ee884c663,PRIME,2.0,immunogenicity,0.019525,higher,predicted,1.566,0.395,B0702
zhao-vaccine-a52e8847ab059479,PRIME,2.0,immunogenicity,0.100583,higher,predicted,0.116,1.091,B0702
zhao-vaccine-1ad1c20fea1a4314,PRIME,2.0,immunogenicity,0.175443,higher,predicted,0.045,0.043,A0101
zhao-vaccine-af155a4e6e202d04,PRIME,2.0,immunogenicity,0.185329,higher,predicted,0.018,0.018,B0702
zhao-vaccine-083c39bbd7b7d3d6,PRIME,2.0,immunogenicity,0.007281,higher,predicted,5.368,4.853,A0101
zhao-vaccine-bcbeab3a6933c9ae,PRIME,2.0,immunogenicity,0.116751,higher,predicted,0.082,0.334,B0702
zhao-vaccine-a8f28c25fb5a2142,PRIME,2.0,immunogenicity,0.28381,higher,predicted,0.004,0.031,A0101
zhao-vaccine-eb4eb1948e41f5ba,PRIME,2.0,immunogenicity,0.111609,higher,predicted,0.137,0.096,A0101
zhao-vaccine-b6fccafa1723483f,PRIME,2.0,immunogenicity,0.008133,higher,predicted,4.665,1.12,A3001
zhao-vaccine-69a7d7e3d1e6949b,PRIME,2.0,immunogenicity,0.010948,higher,predicted,3.431,2.121,A3001
zhao-vaccine-2fab9ffb21a79c4d,PRIME,2.0,immunogenicity,0.021381,higher,predicted,2.848,0.78,C0602
zhao-vaccine-f5ff43b40835f440,PRIME,2.0,immunogenicity,0.141589,higher,predicted,0.049,0.08,B0702
zhao-vaccine-004684bafb2b4cc9,PRIME,2.0,immunogenicity,0.133374,higher,predicted,0.098,0.092,B1501
zhao-vaccine-5e7e6e2edd04f76c,PRIME,2.0,immunogenicity,0.122416,higher,predicted,0.122,0.106,B1501
zhao-vaccine-d6e658332687ca69,PRIME,2.0,immunogenicity,0.005882,higher,predicted,6.591,4.319,A3303
zhao-vaccine-0576c1b82786bfa4,PRIME,2.0,immunogenicity,0.01985,higher,predicted,1.742,15.586,A3303
zhao-vaccine-eebeb2ab9639b50d,PRIME,2.0,immunogenicity,0.05756,higher,predicted,0.504,1.398,B1501
zhao-vaccine-95c58fac230ea0f3,PRIME,2.0,immunogenicity,0.045152,higher,predicted,0.569,0.112,A3303
zhao-vaccine-bb1a0c27e90239ef,PRIME,2.0,immunogenicity,0.12299,higher,predicted,0.098,0.049,A3303
zhao-vaccine-1c3a67755fd7fca1,PRIME,2.0,immunogenicity,0.021159,higher,predicted,1.625,0.163,A3303
zhao-vaccine-3ef5d2b22192452c,PRIME,2.0,immunogenicity,0.010765,higher,predicted,3.199,1.795,B0702
zhao-vaccine-2035a2c4e1d3b152,PRIME,2.0,immunogenicity,0.039147,higher,predicted,0.677,0.142,B4403
zhao-vaccine-7385fb196deb3bf7,PRIME,2.0,immunogenicity,0.066094,higher,predicted,0.496,0.802,A0201
zhao-vaccine-dbb983045ceede00,PRIME,2.0,immunogenicity,0.064147,higher,predicted,0.308,0.109,B4403
zhao-vaccine-527f95a4e289d7e9,PRIME,2.0,immunogenicity,0.048125,higher,predicted,0.776,0.649,A0201
zhao-vaccine-04005fe536e93742,PRIME,2.0,immunogenicity,0.115383,higher,predicted,0.113,0.038,A3303
zhao-vaccine-2ebb94dcfe10a6ab,PRIME,2.0,immunogenicity,0.150481,higher,predicted,0.053,0.122,B4403
zhao-vaccine-822871467a2cb9f7,PRIME,2.0,immunogenicity,0.13135,higher,predicted,0.14,0.247,A0201
zhao-vaccine-d22412fcd0906159,PRIME,2.0,immunogenicity,0.259354,higher,predicted,0.012,0.006,A0201
zhao-vaccine-1bc4abb5ce77ef26,PRIME,2.0,immunogenicity,0.013575,higher,predicted,3.414,3.112,A0201
zhao-vaccine-d042e70a4fac48ce,PRIME,2.0,immunogenicity,0.004153,higher,predicted,9.927,1.697,B4403
zhao-vaccine-49a3aed1972a53cb,PRIME,2.0,immunogenicity,0.217335,higher,predicted,0.014,0.01,B1501
zhao-vaccine-3efc9e2f4bf83404,PRIME,2.0,immunogenicity,0.119668,higher,predicted,0.104,0.033,A3303
zhao-vaccine-bd733d897205f436,PRIME,2.0,immunogenicity,0.057995,higher,predicted,0.498,0.581,B1501
zhao-vaccine-552deaa19718651e,PRIME,2.0,immunogenicity,0.138035,higher,predicted,0.085,0.125,A1101
zhao-vaccine-179ec83aee84c481,PRIME,2.0,immunogenicity,0.001439,higher,predicted,24.252,2.723,A1101
zhao-vaccine-e73b70638bcacc49,PRIME,2.0,immunogenicity,0.140456,higher,predicted,0.081,0.798,A1101
zhao-vaccine-475cff767bc113d1,PRIME,2.0,immunogenicity,0.028167,higher,predicted,1.263,3.411,A1101
zhao-vaccine-3d2247c88733bc02,PRIME,2.0,immunogenicity,0.032978,higher,predicted,1,0.629,A1101
zhao-vaccine-23d1214c81edd2bf,PRIME,2.0,immunogenicity,0.006212,higher,predicted,6.604,3.479,A1101
zhao-vaccine-77c91184c7fe8a44,PRIME,2.0,immunogenicity,0.001262,higher,predicted,26.652,5.269,A1101
zhao-vaccine-3bc56fd5f749551a,PRIME,2.0,immunogenicity,0.087772,higher,predicted,0.328,0.157,A2402
zhao-vaccine-601d5c1084d82d5e,PRIME,2.0,immunogenicity,0.170388,higher,predicted,0.035,0.053,B4001
zhao-vaccine-9daff6e5105ae694,PRIME,2.0,immunogenicity,0.133743,higher,predicted,0.066,0.764,B4001
zhao-vaccine-d27e4266e28272a5,PRIME,2.0,immunogenicity,0.089883,higher,predicted,0.213,0.199,A1101
zhao-vaccine-3d0b0f4d4ff1e144,PRIME,2.0,immunogenicity,0.063885,higher,predicted,0.379,0.286,A1101
zhao-vaccine-4dc99915264a3be9,PRIME,2.0,immunogenicity,0.020173,higher,predicted,2.576,3.282,A0206
zhao-vaccine-95841985f246888a,PRIME,2.0,immunogenicity,0.006105,higher,predicted,8.994,6.377,A0206
zhao-vaccine-b0d0cc94e7ddcb4c,PRIME,2.0,immunogenicity,0.12795,higher,predicted,0.137,0.272,A0206
zhao-vaccine-e5b6e6531027fb8f,PRIME,2.0,immunogenicity,0.054258,higher,predicted,0.686,2.005,A0206
zhao-vaccine-1d176f8351e9f7ad,PRIME,2.0,immunogenicity,0.000964,higher,predicted,36.729,35.424,A0206
zhao-vaccine-d412ce466d5b1dc9,PRIME,2.0,immunogenicity,0.008786,higher,predicted,6.307,22.312,A0206
zhao-vaccine-15fe9978ca52b138,PRIME,2.0,immunogenicity,0.234314,higher,predicted,0.026,0.027,A2601
zhao-vaccine-2bfc958d9bf6634e,PRIME,2.0,immunogenicity,0.083421,higher,predicted,0.274,0.234,B1507
zhao-vaccine-628a7fb3dbfebccc,PRIME,2.0,immunogenicity,0.206786,higher,predicted,0.046,0.056,A2601
zhao-vaccine-a4de99f6c1c81857,PRIME,2.0,immunogenicity,0.228262,higher,predicted,0.014,0.064,B5101
zhao-vaccine-47d94499ca222d03,PRIME,2.0,immunogenicity,0.075323,higher,predicted,0.292,0.665,A3001
zhao-vaccine-7bc119052ceb79ba,PRIME,2.0,immunogenicity,0.005841,higher,predicted,6.56,14.977,A3001
zhao-vaccine-03b8d0dfc45ddca1,PRIME,2.0,immunogenicity,0.193541,higher,predicted,0.026,0.037,A3001
zhao-vaccine-15d95e5a1176ca46,PRIME,2.0,immunogenicity,0.167865,higher,predicted,0.044,0.127,A3001
zhao-vaccine-54c4c39a2e4f38f8,PRIME,2.0,immunogenicity,0.06932,higher,predicted,0.334,0.195,A3001
zhao-vaccine-4cb2c73c4037fe42,PRIME,2.0,immunogenicity,0.150243,higher,predicted,0.061,0.05,A3001
zhao-vaccine-d51f8c32cad1ba20,PRIME,2.0,immunogenicity,0.033577,higher,predicted,0.931,0.816,A3001
zhao-vaccine-10aed5dd64ac5e96,PRIME,2.0,immunogenicity,0.012703,higher,predicted,2.914,1.038,A3001
zhao-vaccine-b4d79cc663ff7cb6,PRIME,2.0,immunogenicity,0.007646,higher,predicted,4.953,8.054,A3001
zhao-vaccine-0965fc823e5c55b6,PRIME,2.0,immunogenicity,0.001751,higher,predicted,19.856,6.711,A3001
zhao-vaccine-e82dd5c586f503f8,PRIME,2.0,immunogenicity,0.034429,higher,predicted,1.147,0.193,B3501
zhao-vaccine-96f5d7454e5ad071,PRIME,2.0,immunogenicity,0.06554,higher,predicted,0.467,0.22,B3501
zhao-vaccine-2320522f4904ce2d,PRIME,2.0,immunogenicity,0.031933,higher,predicted,1.269,0.342,B3501
zhao-vaccine-65768a47eeba2a4b,PRIME,2.0,immunogenicity,0.006134,higher,predicted,7.019,6.75,B3501
zhao-vaccine-0454fe88d4ac8002,PRIME,2.0,immunogenicity,0.003137,higher,predicted,13.8,18.326,B3501
zhao-vaccine-89993b9b649d4bf9,PRIME,2.0,immunogenicity,0.021441,higher,predicted,1.943,0.695,B3501
zhao-vaccine-c214618b34c2e443,PRIME,2.0,immunogenicity,0.119316,higher,predicted,0.161,0.247,B3501
zhao-vaccine-d234ed653d6ff2ef,PRIME,2.0,immunogenicity,0.014561,higher,predicted,4.703,1.558,A2601
zhao-vaccine-933c3a1a5d3fcfb5,PRIME,2.0,immunogenicity,0.050284,higher,predicted,0.694,0.141,B3501
zhao-vaccine-86625401541d7ccb,PRIME,2.0,immunogenicity,0.107628,higher,predicted,0.228,0.179,A2402
zhao-vaccine-92fb0552f2f37ea6,PRIME,2.0,immunogenicity,0.102622,higher,predicted,0.318,0.124,A2601
zhao-vaccine-11227a4a3d59829a,PRIME,2.0,immunogenicity,0.140092,higher,predicted,0.112,0.043,B3501
zhao-vaccine-7d23928704435dc6,PRIME,2.0,immunogenicity,0.043729,higher,predicted,0.836,0.102,B3501
zhao-vaccine-1c332b4d9a7afa33,PRIME,2.0,immunogenicity,0.136064,higher,predicted,0.064,0.155,B4001
zhao-vaccine-d55305c322d0068a,PRIME,2.0,immunogenicity,0.003226,higher,predicted,13.44,2.826,B3501
zhao-vaccine-223101ef12b1d5d5,PRIME,2.0,immunogenicity,0.067187,higher,predicted,0.449,0.034,B3501
zhao-vaccine-b681ee4ba6fc6869,PRIME,2.0,immunogenicity,0.049076,higher,predicted,0.421,0.257,B4001
zhao-vaccine-650741bfed719a3e,PRIME,2.0,immunogenicity,0.142515,higher,predicted,0.108,0.063,B3501
zhao-vaccine-b287db63851eeff5,PRIME,2.0,immunogenicity,0.168473,higher,predicted,0.036,0.116,B4001
zhao-vaccine-0c6afaae20915efb,PRIME,2.0,immunogenicity,0.001715,higher,predicted,20.293,4.778,B4001
zhao-vaccine-64f082f381176acb,PRIME,2.0,immunogenicity,0.012667,higher,predicted,2.79,1.173,B4001
zhao-vaccine-5fc783e702f9eba8,PRIME,2.0,immunogenicity,0.003274,higher,predicted,13.249,9.07,B3501
zhao-vaccine-292259718a089cab,PRIME,2.0,immunogenicity,0.004759,higher,predicted,8.951,9.403,B3501
zhao-vaccine-de9066f21b4546ac,PRIME,2.0,immunogenicity,0.030157,higher,predicted,0.911,0.428,B4001
zhao-vaccine-00ebc5582e851a99,PRIME,2.0,immunogenicity,0.078331,higher,predicted,0.188,0.239,B4001
zhao-vaccine-be9e7274af2b2d63,PRIME,2.0,immunogenicity,0.19225,higher,predicted,0.04,0.06,B5401
zhao-vaccine-874e8070deb080f0,PRIME,2.0,immunogenicity,0.047198,higher,predicted,0.755,1.061,B5401
zhao-vaccine-bb29c2d6a8cfb75e,PRIME,2.0,immunogenicity,0.029926,higher,predicted,0.921,1.987,B4001
zhao-vaccine-eca0d8162dca164b,PRIME,2.0,immunogenicity,0.102986,higher,predicted,0.114,0.056,B4001
zhao-vaccine-db2184f5f215317b,PRIME,2.0,immunogenicity,0.024836,higher,predicted,2.624,1.38,A2601
zhao-vaccine-7616ec8d421ab8e7,PRIME,2.0,immunogenicity,0.04101,higher,predicted,0.564,5.037,B4001
zhao-vaccine-dbe2c008385f4065,PRIME,2.0,immunogenicity,0.05052,higher,predicted,0.4,0.875,B4001
zhao-vaccine-89b3b969bcd62f64,PRIME,2.0,immunogenicity,0.016909,higher,predicted,1.986,1.201,B4001
zhao-vaccine-c335fa90a3776c2f,PRIME,2.0,immunogenicity,0.002466,higher,predicted,16.731,8.288,B5401
zhao-vaccine-400dad68348762c6,PRIME,2.0,immunogenicity,0.013755,higher,predicted,3.94,6.041,A0206
zhao-vaccine-5a30a78672029a4b,PRIME,2.0,immunogenicity,0.022262,higher,predicted,2.29,2.442,A0206
zhao-vaccine-0aa35de3d0cd0f2e,PRIME,2.0,immunogenicity,0.008057,higher,predicted,5.432,0.158,B4402
zhao-vaccine-3b18add8d940be3b,PRIME,2.0,immunogenicity,0.010815,higher,predicted,5.086,2.742,A0206
zhao-vaccine-0eb19c92b8572161,PRIME,2.0,immunogenicity,0.190505,higher,predicted,0.053,0.027,A2402
zhao-vaccine-89ab0d7c0ad5c525,PRIME,2.0,immunogenicity,0.007886,higher,predicted,5.929,17.111,A2402
zhao-vaccine-7045b8cd65c4aed2,PRIME,2.0,immunogenicity,0.006011,higher,predicted,7.647,3.387,A2402
zhao-vaccine-868fc1305293857a,PRIME,2.0,immunogenicity,0.014559,higher,predicted,3.269,0.207,A2402
zhao-vaccine-e570d74e15005831,PRIME,2.0,immunogenicity,0.030525,higher,predicted,1.121,0.283,B4402
zhao-vaccine-74ea5a395af3821e,PRIME,2.0,immunogenicity,0.043242,higher,predicted,0.945,1.717,A2402
zhao-vaccine-c486185e561321a7,PRIME,2.0,immunogenicity,0.004482,higher,predicted,9.825,3.921,B4402
zhao-vaccine-4653ae3aa2d99671,PRIME,2.0,immunogenicity,0.055308,higher,predicted,0.68,1.171,A2402
zhao-vaccine-c99e66b2806b47c3,PRIME,2.0,immunogenicity,0.000304,higher,predicted,58.019,21.139,B4402
zhao-vaccine-077c38d007d0e296,PRIME,2.0,immunogenicity,0.002217,higher,predicted,17.026,20.259,B3701
zhao-vaccine-4e1525c5465ce693,PRIME,2.0,immunogenicity,0.018032,higher,predicted,2.206,0.28,C0501
zhao-vaccine-675c4724bf5f1cbb,PRIME,2.0,immunogenicity,0.07521,higher,predicted,0.2,0.057,B4001
zhao-vaccine-897fe8a79c4344c2,PRIME,2.0,immunogenicity,0.056391,higher,predicted,0.621,0.632,A0201
zhao-vaccine-f301d3d1318cc99b,PRIME,2.0,immunogenicity,0.03583,higher,predicted,1.163,1.71,A0201
zhao-vaccine-547c0f5e092fcfce,PRIME,2.0,immunogenicity,0.001719,higher,predicted,20.244,7.407,B4001
zhao-vaccine-34448f6db97f37d2,PRIME,2.0,immunogenicity,0.221746,higher,predicted,0.029,0.104,A0201
zhao-vaccine-3f35f9e1e5dcea03,PRIME,2.0,immunogenicity,0.033001,higher,predicted,1.496,0.341,A0207
zhao-vaccine-a77e03747be6f8e2,PRIME,2.0,immunogenicity,0.197561,higher,predicted,0.036,0.111,B5401
zhao-vaccine-eb263d1b89e1830f,PRIME,2.0,immunogenicity,0.223121,higher,predicted,0.009,0.129,B4403
zhao-vaccine-4ca9e42a55a7d196,PRIME,2.0,immunogenicity,0.09693,higher,predicted,0.165,0.711,A3303
zhao-vaccine-841f843f3ecdb273,PRIME,2.0,immunogenicity,0.009731,higher,predicted,4.116,0.541,B4403
zhao-vaccine-e19cac8daeddc91e,PRIME,2.0,immunogenicity,0.030116,higher,predicted,0.993,1.791,B4403
zhao-vaccine-70ec9496400c2d96,PRIME,2.0,immunogenicity,0.121334,higher,predicted,0.178,0.571,A2402
zhao-vaccine-2406c7f4c5568981,PRIME,2.0,immunogenicity,0.123413,higher,predicted,0.142,0.018,C1403
zhao-vaccine-f58974483659bc06,PRIME,2.0,immunogenicity,0.088865,higher,predicted,0.321,0.039,A2402
zhao-vaccine-dd143204918ae739,PRIME,2.0,immunogenicity,0.001058,higher,predicted,29.712,9.163,A3303
zhao-vaccine-834822ba2dd54e62,PRIME,2.0,immunogenicity,0.046664,higher,predicted,0.541,1.071,A3303
zhao-vaccine-a2c1308a319a89a1,PRIME,2.0,immunogenicity,0.213444,higher,predicted,0.035,0.187,A2402
zhao-vaccine-a4f5baf91435e3dd,PRIME,2.0,immunogenicity,0.025483,higher,predicted,1.82,0.624,A2402
zhao-vaccine-cd6ea47a1621b54b,PRIME,2.0,immunogenicity,0.041824,higher,predicted,0.985,0.077,A2402
zhao-vaccine-dc823bb26dd083f3,PRIME,2.0,immunogenicity,0.061907,higher,predicted,0.576,0.071,A2402
zhao-vaccine-3ea2cdcf52d34617,PRIME,2.0,immunogenicity,0.156583,higher,predicted,0.095,0.374,A2402
zhao-vaccine-0a72b615bc5857d9,PRIME,2.0,immunogenicity,0.134816,higher,predicted,0.139,0.362,A2402
zhao-vaccine-37afde455e133417,PRIME,2.0,immunogenicity,0.321098,higher,predicted,0.002,0.004,A2402
zhao-vaccine-1b4173c9a4a95c41,PRIME,2.0,immunogenicity,0.218784,higher,predicted,0.031,0.069,A2402
zhao-vaccine-0b4d677f1b84c9b4,PRIME,2.0,immunogenicity,0.171856,higher,predicted,0.074,0.026,A2402
zhao-vaccine-a4f37f8021b7e841,PRIME,2.0,immunogenicity,0.045716,higher,predicted,0.879,0.329,A2402
zhao-vaccine-7407554767f0c782,PRIME,2.0,immunogenicity,0.075805,higher,predicted,0.4,0.417,A0206
zhao-vaccine-e87adfb42491b475,PRIME,2.0,immunogenicity,0.146897,higher,predicted,0.096,0.177,A0206
zhao-vaccine-4608aff8b90b7751,PRIME,2.0,immunogenicity,0.166524,higher,predicted,0.067,0.089,A0206
zhao-vaccine-a38f0b4774ee8d03,PRIME,2.0,immunogenicity,0.006227,higher,predicted,8.831,0.453,A0206
zhao-vaccine-13953415301cf176,PRIME,2.0,immunogenicity,0.146911,higher,predicted,0.096,0.049,A0206
zhao-vaccine-8cd82d97fc7c076e,PRIME,2.0,immunogenicity,0.010322,higher,predicted,5.35,9.512,A0206
zhao-vaccine-9b53f60837368957,PRIME,2.0,immunogenicity,0.000979,higher,predicted,36.421,11.13,A0206
zhao-vaccine-88e84548469445f4,PRIME,2.0,immunogenicity,0.003887,higher,predicted,14.2,3.661,A0206
zhao-vaccine-7476851d9534e310,PRIME,2.0,immunogenicity,0.001222,higher,predicted,31.849,2.488,A0206
zhao-vaccine-627ff41af6a00cdb,PRIME,2.0,immunogenicity,0.075564,higher,predicted,0.402,0.122,A0206
zhao-vaccine-be08242d923ef061,PRIME,2.0,immunogenicity,0.02771,higher,predicted,1.554,0.482,B5401
zhao-vaccine-d903a5698261b3c8,PRIME,2.0,immunogenicity,0.008031,higher,predicted,5.619,1.871,B5401
zhao-vaccine-354e3296551734fc,PRIME,2.0,immunogenicity,0.030981,higher,predicted,1.478,0.066,A2402
zhao-vaccine-db96e69b306cec11,PRIME,2.0,immunogenicity,0.125658,higher,predicted,0.164,0.031,A2402
zhao-vaccine-25e9aa95382b9b81,PRIME,2.0,immunogenicity,0.162554,higher,predicted,0.087,0.226,A2402
zhao-vaccine-aca8d5b04290cf53,PRIME,2.0,immunogenicity,0.050405,higher,predicted,0.689,0.23,B5401
zhao-vaccine-a0b7cf2411e2ce98,PRIME,2.0,immunogenicity,0.08618,higher,predicted,0.339,0.057,A2402
zhao-vaccine-940a71fc528c9c3a,PRIME,2.0,immunogenicity,0.032709,higher,predicted,1.263,0.654,B5401
zhao-vaccine-ff0ee141ea3683bc,PRIME,2.0,immunogenicity,0.050891,higher,predicted,0.764,0.44,A2402
zhao-vaccine-39bc95abd5991029,PRIME,2.0,immunogenicity,0.014353,higher,predicted,3.319,2.129,A2402
zhao-vaccine-88c2d4f2ab12000b,PRIME,2.0,immunogenicity,0.000955,higher,predicted,32.69,4.227,B3501
zhao-vaccine-c59f2b9ad31b5b66,PRIME,2.0,immunogenicity,0.175124,higher,predicted,0.066,0.132,A0201
zhao-vaccine-63a16a978ce57b49,PRIME,2.0,immunogenicity,0.280475,higher,predicted,0.005,0.014,B3501
zhao-vaccine-c9b84b79d3a1f196,PRIME,2.0,immunogenicity,0.073618,higher,predicted,0.388,0.329,B3501
zhao-vaccine-616f65f167de3213,PRIME,2.0,immunogenicity,0.005822,higher,predicted,7.522,3.279,C0303
zhao-vaccine-8fa800ae6297b07f,PRIME,2.0,immunogenicity,0.124061,higher,predicted,0.159,0.172,A0201
zhao-vaccine-e6c995508f6b8b97,PRIME,2.0,immunogenicity,0.014896,higher,predicted,2.881,2.177,B3501
zhao-vaccine-895bee1ec0b5fbb3,PRIME,2.0,immunogenicity,0.185748,higher,predicted,0.055,0.471,A0201
zhao-vaccine-f73820b5ccde65b5,PRIME,2.0,immunogenicity,0.022225,higher,predicted,1.982,2.035,A0201
zhao-vaccine-00f1923403b6b019,PRIME,2.0,immunogenicity,0.043824,higher,predicted,0.477,0.243,B4002
zhao-vaccine-4b8df077829e6980,PRIME,2.0,immunogenicity,0.312361,higher,predicted,0.003,0.001,A0201
zhao-vaccine-0aa3647ec94e3181,PRIME,2.0,immunogenicity,0.226181,higher,predicted,0.026,0.085,A0201
zhao-vaccine-fa4e8d3c569efbb5,PRIME,2.0,immunogenicity,0.111533,higher,predicted,0.197,0.134,A0201
zhao-vaccine-d246d27339880814,PRIME,2.0,immunogenicity,0.063939,higher,predicted,0.521,3.484,A0201
zhao-vaccine-0abbca74aa82ff8d,PRIME,2.0,immunogenicity,0.169688,higher,predicted,0.073,0.245,A0201
zhao-vaccine-b8d1f70683fb782d,PRIME,2.0,immunogenicity,0.018392,higher,predicted,1.563,0.197,B4002
zhao-vaccine-d4f19b6aeacc9acc,PRIME,2.0,immunogenicity,0.04577,higher,predicted,0.447,0.539,B4002
zhao-vaccine-fae0e58b45b2b3e7,PRIME,2.0,immunogenicity,0.003757,higher,predicted,9.158,1.484,B4002
zhao-vaccine-91bf41d19d5a3297,PRIME,2.0,immunogenicity,0.021345,higher,predicted,2.079,1.059,A0201
zhao-vaccine-3072a4920293f8e4,PRIME,2.0,immunogenicity,0.010073,higher,predicted,3.133,3.809,B4002
zhao-vaccine-874955b202561616,PRIME,2.0,immunogenicity,0.225264,higher,predicted,0.027,0.02,A0201
zhao-vaccine-3ae295a23c08ed7d,PRIME,2.0,immunogenicity,0.116526,higher,predicted,0.128,0.639,A1101
zhao-vaccine-3efce3460b7a4e47,PRIME,2.0,immunogenicity,0.01546,higher,predicted,1.89,4.449,B4002
zhao-vaccine-5b46c9113e5507b4,PRIME,2.0,immunogenicity,0.092703,higher,predicted,0.283,0.565,A0201
zhao-vaccine-ac62717bdfea0acb,PRIME,2.0,immunogenicity,0.039564,higher,predicted,0.551,0.102,B4002
zhao-vaccine-2c23902c93ef9031,PRIME,2.0,immunogenicity,0.300574,higher,predicted,0.004,0.005,A0201
zhao-vaccine-4753da1a46e276fc,PRIME,2.0,immunogenicity,0.198266,higher,predicted,0.043,0.004,A0201
zhao-vaccine-51f00b368ae3cabe,PRIME,2.0,immunogenicity,0.070711,higher,predicted,0.32,0.527,A1101
zhao-vaccine-b5c86b2360f65b48,PRIME,2.0,immunogenicity,0.090573,higher,predicted,0.21,0.124,A1101
zhao-vaccine-2767057dbbf63a70,PRIME,2.0,immunogenicity,0.000238,higher,predicted,68.949,32.351,A1101
zhao-vaccine-5fce8179edad0c4c,PRIME,2.0,immunogenicity,0.019806,higher,predicted,2.279,2.16,A0201
zhao-vaccine-a543462cc9f9278f,PRIME,2.0,immunogenicity,0.058097,higher,predicted,0.444,1.151,A1101
zhao-vaccine-e9501dfc8304b65b,PRIME,2.0,immunogenicity,0.250188,higher,predicted,0.012,0.001,B5801
zhao-vaccine-eae2f44c7e6f7545,PRIME,2.0,immunogenicity,0.137485,higher,predicted,0.125,0.029,B5801
zhao-vaccine-f2ffda41c7bd4378,PRIME,2.0,immunogenicity,0.184125,higher,predicted,0.039,0.142,A0101
zhao-vaccine-12b618c2cf1ed1f0,PRIME,2.0,immunogenicity,0.231757,higher,predicted,0.012,0.016,B4006
zhao-vaccine-623358367e6eacbf,PRIME,2.0,immunogenicity,0.104257,higher,predicted,0.246,0.503,C0302
zhao-vaccine-d4f9347e28104ce8,PRIME,2.0,immunogenicity,0.134257,higher,predicted,0.133,0.321,B5801
zhao-vaccine-b1ecee23a07f2855,PRIME,2.0,immunogenicity,0.015392,higher,predicted,3.157,0.972,B5801
zhao-vaccine-65a1856ffc74de64,PRIME,2.0,immunogenicity,0.001758,higher,predicted,20.02,12.389,C0302
zhao-vaccine-2466a2275803c898,PRIME,2.0,immunogenicity,0.01894,higher,predicted,2.762,2.525,A0206
zhao-vaccine-ceeab670992f2bde,PRIME,2.0,immunogenicity,0.00246,higher,predicted,19.64,13.844,A0206
zhao-vaccine-13234abcc62e39a3,PRIME,2.0,immunogenicity,0.05566,higher,predicted,0.492,0.316,A3101
zhao-vaccine-2334035fe8c03a61,PRIME,2.0,immunogenicity,0.009803,higher,predicted,5.644,5.024,A0206
zhao-vaccine-cca6479c6d67d1a3,PRIME,2.0,immunogenicity,0.166057,higher,predicted,0.067,0.185,A0206
zhao-vaccine-940d7e8d23e50bde,PRIME,2.0,immunogenicity,0.285262,higher,predicted,0.003,0.001,A0206
zhao-vaccine-c520cceb3618956f,PRIME,2.0,immunogenicity,0.105815,higher,predicted,0.208,1.951,A0206
zhao-vaccine-590321641555bdd4,PRIME,2.0,immunogenicity,0.083129,higher,predicted,0.251,0.231,A3101
zhao-vaccine-b1555d61b37da579,PRIME,2.0,immunogenicity,0.126572,higher,predicted,0.141,0.239,A0206
zhao-vaccine-6ee4b5111afb1ae6,PRIME,2.0,immunogenicity,0.028452,higher,predicted,1.716,1.105,A0206
zhao-vaccine-bd18a6ba75b62ac8,PRIME,2.0,immunogenicity,0.081517,higher,predicted,0.349,0.182,A0206
zhao-vaccine-011cbc47316c6c54,PRIME,2.0,immunogenicity,0.036367,higher,predicted,1.244,1.236,A0206
zhao-vaccine-1e7f325db4971357,PRIME,2.0,immunogenicity,0.010452,higher,predicted,3.949,0.256,B1501
zhao-vaccine-7bdc109f932c292b,PRIME,2.0,immunogenicity,0.003929,higher,predicted,10.318,2.28,A1101
zhao-vaccine-2e9093d1df047344,PRIME,2.0,immunogenicity,0.035672,higher,predicted,1.28,0.448,A0206
zhao-vaccine-41f4541974f3d119,PRIME,2.0,immunogenicity,0.025857,higher,predicted,1.906,2.644,A0206
zhao-vaccine-efe0205564201753,PRIME,2.0,immunogenicity,0.001703,higher,predicted,25.978,4.152,A0206
zhao-vaccine-09c7ad177e1b1df0,PRIME,2.0,immunogenicity,0.000989,higher,predicted,36.222,5.495,A0206
zhao-vaccine-09a1abfb71cfd972,PRIME,2.0,immunogenicity,0.015065,higher,predicted,2.691,1.412,B1501
zhao-vaccine-8f1fb2ba27b6b0ef,PRIME,2.0,immunogenicity,0.059258,higher,predicted,0.43,0.734,A1101
zhao-vaccine-3944ad7a200bed45,PRIME,2.0,immunogenicity,0.035417,higher,predicted,0.713,0.295,B4001
zhao-vaccine-89662fac64388428,PRIME,2.0,immunogenicity,0.074129,higher,predicted,0.206,0.196,B4001
zhao-vaccine-615d33021f15ac04,PRIME,2.0,immunogenicity,0.162228,higher,predicted,0.054,0.115,A1101
zhao-vaccine-7644ca8a4f4eac0f,PRIME,2.0,immunogenicity,0.129853,higher,predicted,0.14,0.144,C0304
zhao-vaccine-b90a2c82cf9d57ac,PRIME,2.0,immunogenicity,0.053727,higher,predicted,0.502,0.784,A1101
zhao-vaccine-c8c411f898b41145,PRIME,2.0,immunogenicity,0.011172,higher,predicted,3.61,1.528,A1101
zhao-vaccine-0113b08ef02a1837,PRIME,2.0,immunogenicity,0.084672,higher,predicted,0.166,0.331,B4001
zhao-vaccine-6a067ef1ea4ca8a5,PRIME,2.0,immunogenicity,0.152335,higher,predicted,0.087,0.349,A0206
zhao-vaccine-0d21bfcac05c0903,PRIME,2.0,immunogenicity,0.06207,higher,predicted,0.556,1.633,A0206
zhao-vaccine-127d022b672bfa6e,PRIME,2.0,immunogenicity,0.051212,higher,predicted,0.539,1.359,A1101
zhao-vaccine-ebe204540dc589f6,PRIME,2.0,immunogenicity,0.061785,higher,predicted,0.415,0.307,A3101
zhao-vaccine-4c412b408d01b12c,PRIME,2.0,immunogenicity,0.087591,higher,predicted,0.228,0.631,A3101
zhao-vaccine-89365f27fea85179,PRIME,2.0,immunogenicity,0.012946,higher,predicted,3.145,2.336,A3101
zhao-vaccine-3614d38d7f84e3ab,PRIME,2.0,immunogenicity,0.002344,higher,predicted,17.433,17.13,A3101
zhao-vaccine-04765a1581b81652,PRIME,2.0,immunogenicity,0.003228,higher,predicted,13.342,25.778,A3101
zhao-vaccine-751a65f63babbab9,PRIME,2.0,immunogenicity,0.003147,higher,predicted,13.582,7.701,B1501
zhao-vaccine-0598b041e094dfda,PRIME,2.0,immunogenicity,0.029986,higher,predicted,1.233,3.748,B1501
zhao-vaccine-1fcda1058213059e,PRIME,2.0,immunogenicity,0.004773,higher,predicted,8.746,5.298,B1501
zhao-vaccine-a149e753c39e2e2f,PRIME,2.0,immunogenicity,0.009937,higher,predicted,4.173,1.881,B1501
zhao-vaccine-15aa8059f37d52e7,PRIME,2.0,immunogenicity,0.108239,higher,predicted,0.153,0.231,A3101
zhao-vaccine-aecd32c835c90945,PRIME,2.0,immunogenicity,0.015724,higher,predicted,2.557,0.156,A3101
zhao-vaccine-3c3221c6e10611cc,PRIME,2.0,immunogenicity,0.022706,higher,predicted,1.692,2.07,A3101
zhao-vaccine-369dd0e964dc3d41,PRIME,2.0,immunogenicity,0.221738,higher,predicted,0.019,0.04,A3101
zhao-vaccine-84f9e53918e8d995,PRIME,2.0,immunogenicity,0.003617,higher,predicted,11.858,5.626,A3101
zhao-vaccine-4b24fe0e3318fd2b,PRIME,2.0,immunogenicity,0.173965,higher,predicted,0.045,0.348,A3101
zhao-vaccine-9d835bbd79fc6203,PRIME,2.0,immunogenicity,0.104324,higher,predicted,0.164,0.013,A3101
zhao-vaccine-d88b8e8fac467cda,PRIME,2.0,immunogenicity,0.16524,higher,predicted,0.054,0.029,A3101
zhao-vaccine-309aef550a3b165d,PRIME,2.0,immunogenicity,0.138443,higher,predicted,0.09,0.458,A3101
zhao-vaccine-395a5a0f5f04ab8c,PRIME,2.0,immunogenicity,0.049135,higher,predicted,0.59,0.716,A3101
zhao-vaccine-3481ca46d016164f,PRIME,2.0,immunogenicity,0.000955,higher,predicted,32.761,12.861,A3101
zhao-vaccine-971426eea1a742ca,PRIME,2.0,immunogenicity,0.045879,higher,predicted,0.627,0.364,A1101
zhao-vaccine-a50601baa324efef,PRIME,2.0,immunogenicity,0.063043,higher,predicted,0.388,2.495,A1101
zhao-vaccine-d34e259267438653,PRIME,2.0,immunogenicity,0.001916,higher,predicted,19.294,3.311,A1101
zhao-vaccine-25b4e62a0d851e29,PRIME,2.0,immunogenicity,0.050516,higher,predicted,0.549,2.879,A1101
zhao-vaccine-8358e63308d7f0c4,PRIME,2.0,immunogenicity,0.102103,higher,predicted,0.168,0.231,A1101
zhao-vaccine-c178432744b13c78,PRIME,2.0,immunogenicity,0.112128,higher,predicted,0.139,0.522,A1101
zhao-vaccine-1034fb45051e64fe,PRIME,2.0,immunogenicity,0.035051,higher,predicted,1.065,0.915,B1301
zhao-vaccine-6e56355af497a2f0,PRIME,2.0,immunogenicity,0.046806,higher,predicted,0.61,0.365,A1101
zhao-vaccine-c5728cec5c7d7224,PRIME,2.0,immunogenicity,0.000237,higher,predicted,69.109,15.242,A1101
zhao-vaccine-6e1d3196a45f7a2e,PRIME,2.0,immunogenicity,0.015574,higher,predicted,2.584,0.736,A3101
zhao-vaccine-cc0566dfc06ca302,PRIME,2.0,immunogenicity,0.066198,higher,predicted,0.484,1.474,C0304
zhao-vaccine-2d01a6516182134c,PRIME,2.0,immunogenicity,0.045095,higher,predicted,0.668,0.308,A3101
zhao-vaccine-44ee76e75a70f0b1,PRIME,2.0,immunogenicity,0.2098,higher,predicted,0.037,0.067,A2402
zhao-vaccine-b3656859d3ce07ff,PRIME,2.0,immunogenicity,0.074589,higher,predicted,0.432,1.055,A2402
zhao-vaccine-93fe426b74cb09bf,PRIME,2.0,immunogenicity,0.03562,higher,predicted,1.241,0.803,A2402
zhao-vaccine-bf5533c3b7d71a29,PRIME,2.0,immunogenicity,0.012694,higher,predicted,3.566,1.038,C1402
zhao-vaccine-3884abecfdb2a157,PRIME,2.0,immunogenicity,0.013157,higher,predicted,2.299,6.637,B4002
zhao-vaccine-802c7522efe8643f,PRIME,2.0,immunogenicity,0.043608,higher,predicted,0.842,0.575,B5401
zhao-vaccine-1832aacc6ce93c31,PRIME,2.0,immunogenicity,0.224795,higher,predicted,0.028,0.01,A2402
zhao-vaccine-164ea58f2fc6f377,PRIME,2.0,immunogenicity,0.060301,higher,predicted,0.6,0.382,A2402
zhao-vaccine-9b5389ba1798a395,PRIME,2.0,immunogenicity,0.081986,higher,predicted,0.245,0.454,B4006
zhao-vaccine-8b7630c45e269635,PRIME,2.0,immunogenicity,0.052064,higher,predicted,0.66,0.067,B5401
zhao-vaccine-74cc9ca5fb1a8008,PRIME,2.0,immunogenicity,0.00425,higher,predicted,10.056,9.659,B5401
zhao-vaccine-5f4bdfc04cf84619,PRIME,2.0,immunogenicity,0.240525,higher,predicted,0.015,0.056,B5401
zhao-vaccine-ebada584684de4fd,PRIME,2.0,immunogenicity,0.011479,higher,predicted,3.943,1.37,B5401
zhao-vaccine-be2c775518f83b4d,PRIME,2.0,immunogenicity,0.023543,higher,predicted,1.846,3.254,B5401
zhao-vaccine-b69d26ca091066fa,PRIME,2.0,immunogenicity,0.180938,higher,predicted,0.04,0.029,A3101
zhao-vaccine-d628b6bfd6356534,PRIME,2.0,immunogenicity,0.043861,higher,predicted,0.695,0.728,A3101
zhao-vaccine-f9f29366ab5ac473,PRIME,2.0,immunogenicity,0.003578,higher,predicted,12,3.296,A3101
zhao-vaccine-2b5e3d1c9a1fff67,PRIME,2.0,immunogenicity,0.00965,higher,predicted,4.338,4.544,A3101
zhao-vaccine-5a7f28b9eb70924a,PRIME,2.0,immunogenicity,0.050938,higher,predicted,0.561,3.823,A3101
zhao-vaccine-7bec4b8abc45c956,PRIME,2.0,immunogenicity,0.004442,higher,predicted,9.451,3.732,A3101
zhao-vaccine-0792da8d85fbaca5,PRIME,2.0,immunogenicity,0.112933,higher,predicted,0.14,3.155,A3101
zhao-vaccine-cd2203bfcc4cde42,PRIME,2.0,immunogenicity,0.030265,higher,predicted,1.177,0.211,A3101
zhao-vaccine-af4eba9e86eb8cad,PRIME,2.0,immunogenicity,0.001206,higher,predicted,28.163,8.791,A3101
zhao-vaccine-d3be1b037ac46cae,PRIME,2.0,immunogenicity,0.102059,higher,predicted,0.224,0.896,A0206
zhao-vaccine-b81228a0c1578d43,PRIME,2.0,immunogenicity,0.023995,higher,predicted,1.59,1.575,A3101
zhao-vaccine-8e357c97f0eb285c,PRIME,2.0,immunogenicity,0.045321,higher,predicted,0.664,1.556,A3101
zhao-vaccine-dce008024279bca6,PRIME,2.0,immunogenicity,0.022325,higher,predicted,1.942,0.467,B5401
zhao-vaccine-15326b7cf9712f20,PRIME,2.0,immunogenicity,0.065578,higher,predicted,0.508,2.894,A0206
zhao-vaccine-63251d7d3a3fd8ac,PRIME,2.0,immunogenicity,0.02054,higher,predicted,2.524,3.372,A0206
zhao-vaccine-9f9de6941e5901b9,PRIME,2.0,immunogenicity,0.059515,higher,predicted,0.594,0.974,A0206
zhao-vaccine-fd11a5b1ee72d0e2,PRIME,2.0,immunogenicity,0.007177,higher,predicted,5.876,4.701,A3101
zhao-vaccine-d601ca8ec575d818,PRIME,2.0,immunogenicity,0.000275,higher,predicted,64.421,5.376,A0206
zhao-vaccine-abe3780abf8c2339,PRIME,2.0,immunogenicity,0.014517,higher,predicted,3.726,6.884,A0206
zhao-vaccine-f2bbba69c49ee9d8,PRIME,2.0,immunogenicity,0.001631,higher,predicted,26.707,5.035,A0206
zhao-vaccine-384d6d35758b5077,PRIME,2.0,immunogenicity,0.003436,higher,predicted,13.03,5.194,A2901
zhao-vaccine-79e464655b759b78,PRIME,2.0,immunogenicity,0.102693,higher,predicted,0.111,0.285,B0705
zhao-vaccine-2df488aa9efe4167,PRIME,2.0,immunogenicity,0.017529,higher,predicted,1.776,0.061,B0705
zhao-vaccine-e02174bf70cf48e1,PRIME,2.0,immunogenicity,0.130697,higher,predicted,0.077,0.026,B4403
zhao-vaccine-79a96393714afdc1,PRIME,2.0,immunogenicity,0.009527,higher,predicted,3.948,1.125,A3303
zhao-vaccine-6b254b7b2c3bf169,PRIME,2.0,immunogenicity,0.018131,higher,predicted,2.465,2.471,B5401
zhao-vaccine-829b28362531375b,PRIME,2.0,immunogenicity,0.000632,higher,predicted,41.146,24.706,A3303
zhao-vaccine-b07374752303c7ce,PRIME,2.0,immunogenicity,0.000395,higher,predicted,53.253,19.919,A3303
zhao-vaccine-0a968a6e8f5bb3a5,PRIME,2.0,immunogenicity,0.175122,higher,predicted,0.069,0.335,A2402
zhao-vaccine-dfcc24d0c9399a71,PRIME,2.0,immunogenicity,0.012875,higher,predicted,2.84,0.81,A3303
zhao-vaccine-f88b213c3693011f,PRIME,2.0,immunogenicity,0.034104,higher,predicted,0.83,0.284,B4403
zhao-vaccine-1b924ca5b95b9789,PRIME,2.0,immunogenicity,0.018975,higher,predicted,1.825,0.425,A3303
zhao-vaccine-a529ef70085fd160,PRIME,2.0,immunogenicity,0.181807,higher,predicted,0.062,0.11,A2402
zhao-vaccine-f2f04fea5f4bd62f,PRIME,2.0,immunogenicity,0.272571,higher,predicted,0.011,0.029,A2601
zhao-vaccine-8b569e01b4c0fa1d,PRIME,2.0,immunogenicity,0.001636,higher,predicted,22.717,4.045,A3101
zhao-vaccine-7ba0ee3aedadd920,PRIME,2.0,immunogenicity,0.089353,higher,predicted,0.219,0.032,A3101
zhao-vaccine-73318b0e1d0f5698,PRIME,2.0,immunogenicity,0.146387,higher,predicted,0.143,0.133,A2601
zhao-vaccine-617e8b4c605e848a,PRIME,2.0,immunogenicity,0.001273,higher,predicted,32.932,1.74,A2601
zhao-vaccine-968dd34985109398,PRIME,2.0,immunogenicity,0.197921,higher,predicted,0.03,0.066,A3101
zhao-vaccine-30a8f44992e1727b,PRIME,2.0,immunogenicity,0.089864,higher,predicted,0.217,0.013,A3101
zhao-vaccine-8e7ed2309f8a8c76,PRIME,2.0,immunogenicity,0.226339,higher,predicted,0.032,0.009,A2601
zhao-vaccine-5ec2f637f82295c6,PRIME,2.0,immunogenicity,0.000928,higher,predicted,33.369,14.294,A3101
zhao-vaccine-e0d97b661fbbca8e,PRIME,2.0,immunogenicity,0.106225,higher,predicted,0.158,0.389,A3101
zhao-vaccine-1ecaf53c0361fd76,PRIME,2.0,immunogenicity,0.003367,higher,predicted,12.29,3.089,A1101
zhao-vaccine-07dc64ecc1d1c80c,PRIME,2.0,immunogenicity,0.064565,higher,predicted,0.572,0.008,B4601
zhao-vaccine-2a74b63a389d29da,PRIME,2.0,immunogenicity,0.059215,higher,predicted,0.308,0.056,B4001
zhao-vaccine-c5027f69096ce937,PRIME,2.0,immunogenicity,0.049134,higher,predicted,0.404,0.115,B0702
zhao-vaccine-64b03c25eb1e4aca,PRIME,2.0,immunogenicity,0.25212,higher,predicted,0.014,0.002,A0201
zhao-vaccine-09b09241df7ba57a,PRIME,2.0,immunogenicity,0.024491,higher,predicted,1.254,0.28,B4001
zhao-vaccine-46c73c5643b5c015,PRIME,2.0,immunogenicity,0.192042,higher,predicted,0.049,0.153,A0201
zhao-vaccine-ded05c41d0885a79,PRIME,2.0,immunogenicity,0.024851,higher,predicted,1.788,1.278,A0201
zhao-vaccine-569a1f5d232617cc,PRIME,2.0,immunogenicity,0.170784,higher,predicted,0.025,0.011,B0702
zhao-vaccine-a6ba52504edaec3a,PRIME,2.0,immunogenicity,0.001447,higher,predicted,24.846,4.714,B1501
zhao-vaccine-441263c256cd1d32,PRIME,2.0,immunogenicity,0.025097,higher,predicted,1.54,0.735,B1501
zhao-vaccine-ce1b25ef98db3b8f,PRIME,2.0,immunogenicity,0.150167,higher,predicted,0.07,0.15,B1501
zhao-vaccine-98fdab332ce80606,PRIME,2.0,immunogenicity,0.111661,higher,predicted,0.197,0.099,A0201
zhao-vaccine-32042d43ea9234e9,PRIME,2.0,immunogenicity,0.04494,higher,predicted,0.717,1.514,B1501
zhao-vaccine-978388f28ca83380,PRIME,2.0,immunogenicity,0.084032,higher,predicted,0.338,1.257,A0201
zhao-vaccine-dbb83903928a1b3d,PRIME,2.0,immunogenicity,0.090425,higher,predicted,0.296,0.326,A0201
zhao-vaccine-484d4a1e69dbaff1,PRIME,2.0,immunogenicity,0.020933,higher,predicted,1.862,1.66,B1501
zhao-vaccine-587f63e0750195b8,PRIME,2.0,immunogenicity,0.040593,higher,predicted,0.711,0.021,A0101
zhao-vaccine-189a3e09a651a5ca,PRIME,2.0,immunogenicity,0.146286,higher,predicted,0.075,0.038,A0101
zhao-vaccine-1c92e6cb78af1121,PRIME,2.0,immunogenicity,0.17588,higher,predicted,0.044,0.104,A0101
zhao-vaccine-c5f13bbc156d1ffd,PRIME,2.0,immunogenicity,0.013546,higher,predicted,2.774,1.044,A0101
zhao-vaccine-005c2d41ff568581,PRIME,2.0,immunogenicity,0.006589,higher,predicted,7.012,5.38,A2402
zhao-vaccine-754cdd08691b463b,PRIME,2.0,immunogenicity,0.098085,higher,predicted,0.27,0.219,A2402
zhao-vaccine-44191f451fb5342f,PRIME,2.0,immunogenicity,0.20693,higher,predicted,0.039,0.039,A2402
zhao-vaccine-bc0b04f0db31deef,PRIME,2.0,immunogenicity,0.021499,higher,predicted,2.174,0.407,A2402
zhao-vaccine-248486bef67ddc1a,PRIME,2.0,immunogenicity,0.035153,higher,predicted,1.263,0.27,A2402
zhao-vaccine-435c57bd5626e81d,PRIME,2.0,immunogenicity,0.146029,higher,predicted,0.075,0.149,A0101
zhao-vaccine-6a80222eb3cd9960,PRIME,2.0,immunogenicity,0.048428,higher,predicted,0.816,0.251,A2402
zhao-vaccine-18bb777b4e863040,PRIME,2.0,immunogenicity,0.011365,higher,predicted,2.737,0.751,B4002
zhao-vaccine-c73520e05162fa63,PRIME,2.0,immunogenicity,0.003274,higher,predicted,13.096,5.755,C0303
zhao-vaccine-2d42ee092024504b,PRIME,2.0,immunogenicity,0.001201,higher,predicted,27.167,17.26,C0303
zhao-vaccine-3c4ba0f989f56cbc,PRIME,2.0,immunogenicity,0.038469,higher,predicted,1.143,0.686,A0206
zhao-vaccine-8a4ba03a807552d8,PRIME,2.0,immunogenicity,0.170214,higher,predicted,0.047,0.132,A1101
zhao-vaccine-3a488a69cfdbb0b4,PRIME,2.0,immunogenicity,0.014632,higher,predicted,3.695,0.884,A0206
zhao-vaccine-2f981576be4f5fcd,PRIME,2.0,immunogenicity,0.09267,higher,predicted,0.272,0.03,A0206
zhao-vaccine-80e29e057aded50f,PRIME,2.0,immunogenicity,0.053436,higher,predicted,0.506,0.332,A1101
zhao-vaccine-a6efb11623db8198,PRIME,2.0,immunogenicity,0.142241,higher,predicted,0.105,0.121,A0206
zhao-vaccine-f3f3f5539242b996,PRIME,2.0,immunogenicity,0.09853,higher,predicted,0.241,0.372,A0206
zhao-vaccine-f31510ca0cca7dc2,PRIME,2.0,immunogenicity,0.014053,higher,predicted,3.855,1.662,A0206
zhao-vaccine-fe692678a2348211,PRIME,2.0,immunogenicity,0.008341,higher,predicted,6.646,1.262,A0206
zhao-vaccine-feb8ab75cbc6a6b1,PRIME,2.0,immunogenicity,0.007392,higher,predicted,7.486,1.058,A0206
zhao-vaccine-b8df57798d7bb9e4,PRIME,2.0,immunogenicity,0.047446,higher,predicted,0.835,2.776,A0206
zhao-vaccine-ebb911c0b47448a5,PRIME,2.0,immunogenicity,0.002917,higher,predicted,17.702,7.715,A0206
zhao-vaccine-6d945c4de6fb7fdd,PRIME,2.0,immunogenicity,0.00823,higher,predicted,4.643,1.783,A3303
zhao-vaccine-7ca1890125ff12ec,PRIME,2.0,immunogenicity,0.09239,higher,predicted,0.18,0.304,A3303
zhao-vaccine-b84d5e06e4a5de93,PRIME,2.0,immunogenicity,0.101418,higher,predicted,0.254,0.513,A2402
zhao-vaccine-5a666db4b7cd0c81,PRIME,2.0,immunogenicity,0.102353,higher,predicted,0.133,0.018,B4403
zhao-vaccine-ff9e4d8c3d7ed1a1,PRIME,2.0,immunogenicity,0.087734,higher,predicted,0.198,0.444,A3303
zhao-vaccine-d7edde17da32e7a7,PRIME,2.0,immunogenicity,0.168711,higher,predicted,0.079,0.329,A2402
zhao-vaccine-1b9041952158e85a,PRIME,2.0,immunogenicity,0.061153,higher,predicted,0.512,0.884,C1403
zhao-vaccine-76096a14f7beac73,PRIME,2.0,immunogenicity,0.093516,higher,predicted,0.254,0.488,C1403
zhao-vaccine-f84831fabf9966dc,PRIME,2.0,immunogenicity,0.208021,higher,predicted,0.036,0.551,A0201
zhao-vaccine-6fa72e4c980319d1,PRIME,2.0,immunogenicity,0.202484,higher,predicted,0.04,0.108,A0201
zhao-vaccine-fecf0e4ffb53c9ba,PRIME,2.0,immunogenicity,0.016106,higher,predicted,2.845,2.733,A0201
zhao-vaccine-7f048c24cf7f67cd,PRIME,2.0,immunogenicity,0.009805,higher,predicted,4.75,4.235,A0201
zhao-vaccine-8f28ecfbd8e04b8a,PRIME,2.0,immunogenicity,0.035677,higher,predicted,1.366,0.272,A0207
zhao-vaccine-c7ecbe8a43080a18,PRIME,2.0,immunogenicity,0.026828,higher,predicted,1.73,0.288,A2402
zhao-vaccine-d353f5ffe14092d8,PRIME,2.0,immunogenicity,0.024874,higher,predicted,1.862,0.627,A2402
zhao-vaccine-68919353742998c9,PRIME,2.0,immunogenicity,0.106217,higher,predicted,0.204,0.416,B1518
zhao-vaccine-adb6b5a92a4bda9e,PRIME,2.0,immunogenicity,0.054041,higher,predicted,0.634,0.415,B1518
zhao-vaccine-1b0f9ac57d3deca0,PRIME,2.0,immunogenicity,0.001775,higher,predicted,22.439,16.693,B1518
zhao-vaccine-352b15a9113e1c3f,PRIME,2.0,immunogenicity,0.00236,higher,predicted,18.265,9.807,B1518
zhao-vaccine-d245b9086a4c4e55,PRIME,2.0,immunogenicity,0.027012,higher,predicted,1.643,0.72,A0201
zhao-vaccine-b9a1d54db9353202,PRIME,2.0,immunogenicity,0.001502,higher,predicted,24.408,17.726,C1402
zhao-vaccine-65e1e957b18a0883,PRIME,2.0,immunogenicity,0.2576,higher,predicted,0.013,0.041,A2402
zhao-vaccine-5aad249cfbd1da6a,PRIME,2.0,immunogenicity,0.014635,higher,predicted,3.045,4.61,C1402
zhao-vaccine-1f8caded918cd1a8,PRIME,2.0,immunogenicity,0.001831,higher,predicted,20.868,13.987,C1402
zhao-vaccine-a32c2f2da9e9e873,PRIME,2.0,immunogenicity,0.003599,higher,predicted,12.485,2.658,C1402
zhao-vaccine-d794cc06a0b7dbc2,PRIME,2.0,immunogenicity,0.00174,higher,predicted,21.798,9.981,C1402
zhao-vaccine-2198b7a3c74589cf,PRIME,2.0,immunogenicity,0.011052,higher,predicted,3.651,1.596,A1101
zhao-vaccine-6dd07e8066f0f846,PRIME,2.0,immunogenicity,0.054105,higher,predicted,0.497,0.306,A1101
zhao-vaccine-83a2818ca048bc91,PRIME,2.0,immunogenicity,0.172531,higher,predicted,0.073,0.085,A2402
zhao-vaccine-30af01ce73e0a329,PRIME,2.0,immunogenicity,0.036809,higher,predicted,0.855,1.078,A1101
zhao-vaccine-8e5f572bf39bb70e,PRIME,2.0,immunogenicity,0.071286,higher,predicted,0.315,0.119,A1101
zhao-vaccine-947c1a25434f2c88,PRIME,2.0,immunogenicity,0.046067,higher,predicted,0.624,0.414,A1101
zhao-vaccine-cf7bbfda04adec09,PRIME,2.0,immunogenicity,0.010126,higher,predicted,3.979,1.3,A1101
zhao-vaccine-0a37b5892da9f729,PRIME,2.0,immunogenicity,0.069281,higher,predicted,0.331,1.074,A1101
zhao-vaccine-3c5ff23770c9c9eb,PRIME,2.0,immunogenicity,0.053027,higher,predicted,0.644,0.559,B5401
zhao-vaccine-07cda9d9316a2417,PRIME,2.0,immunogenicity,0.078419,higher,predicted,0.362,0.989,B5401
zhao-vaccine-25c3d50852fb5fbc,PRIME,2.0,immunogenicity,0.051093,higher,predicted,0.714,1.635,A0201
zhao-vaccine-c61e31faea397e00,PRIME,2.0,immunogenicity,0.006538,higher,predicted,7.491,1.148,B5801
zhao-vaccine-1c2709e2c8b958f5,PRIME,2.0,immunogenicity,0.167494,higher,predicted,0.076,0.092,A0201
zhao-vaccine-52e8109ad1474de0,PRIME,2.0,immunogenicity,0.276971,higher,predicted,0.008,0.038,A0201
zhao-vaccine-f2460d83b4aa9649,PRIME,2.0,immunogenicity,0.217301,higher,predicted,0.026,0.008,B5801
zhao-vaccine-3fc85da93c900ad1,PRIME,2.0,immunogenicity,0.176038,higher,predicted,0.061,0.002,B5801
zhao-vaccine-504366f07af83dea,PRIME,2.0,immunogenicity,0.231458,higher,predicted,0.023,0.016,A0201
zhao-vaccine-3dd3b83dc8a140dd,PRIME,2.0,immunogenicity,0.234495,higher,predicted,0.022,0.065,A0201
zhao-vaccine-92586d96b0544d0e,PRIME,2.0,immunogenicity,0.139849,higher,predicted,0.121,0.192,A0201
zhao-vaccine-d62cd0eb01450541,PRIME,2.0,immunogenicity,0.027599,higher,predicted,1.696,0.059,B5801
zhao-vaccine-0bb4de090da7557e,PRIME,2.0,immunogenicity,0.038193,higher,predicted,0.578,1.171,B4002
zhao-vaccine-d83594b606a34d9f,PRIME,2.0,immunogenicity,0.05948,higher,predicted,0.303,0.746,B4002
zhao-vaccine-9b36daa85674e41c,PRIME,2.0,immunogenicity,0.015145,higher,predicted,3.132,0.186,A2402
zhao-vaccine-a7d26b31e15305c0,PRIME,2.0,immunogenicity,0.285032,higher,predicted,0.007,0.058,A2402
zhao-vaccine-a77fb0e9d66e5b92,PRIME,2.0,immunogenicity,0.057082,higher,predicted,0.65,0.127,A2402
zhao-vaccine-6af6761dc326c7b4,PRIME,2.0,immunogenicity,0.018097,higher,predicted,2.629,0.139,A2402
zhao-vaccine-70021a4a83d0b97b,PRIME,2.0,immunogenicity,0.120222,higher,predicted,0.154,0.256,B1518
zhao-vaccine-b8c034b4f7906cda,PRIME,2.0,immunogenicity,0.006428,higher,predicted,7.183,2.93,A2402
zhao-vaccine-61ac7c025d684e3f,PRIME,2.0,immunogenicity,0.00473,higher,predicted,11.724,0.658,A0206
zhao-vaccine-c9b86ce6d1009213,PRIME,2.0,immunogenicity,0.108363,higher,predicted,0.197,0.215,A0206
zhao-vaccine-2b01871034639ce6,PRIME,2.0,immunogenicity,0.079569,higher,predicted,0.366,0.134,A0206
zhao-vaccine-0b898604ae640790,PRIME,2.0,immunogenicity,0.059812,higher,predicted,0.438,0.03,A3101
zhao-vaccine-090509de5bbe3e7c,PRIME,2.0,immunogenicity,0.027568,higher,predicted,1.339,1.348,A3101
zhao-vaccine-c0f6ab4dadf74287,PRIME,2.0,immunogenicity,0.00142,higher,predicted,28.977,8.885,A0206
zhao-vaccine-24bb80e6d446539e,PRIME,2.0,immunogenicity,0.042987,higher,predicted,0.763,0.452,B1501
zhao-vaccine-3201a3fb6e0c8fa5,PRIME,2.0,immunogenicity,0.063574,higher,predicted,0.395,0.731,A3101
zhao-vaccine-83712a929d036711,PRIME,2.0,immunogenicity,0.101535,higher,predicted,0.173,0.225,A3101
zhao-vaccine-bc7e6e0737e44920,PRIME,2.0,immunogenicity,0.092576,higher,predicted,0.146,0.168,B4002
zhao-vaccine-0eaf0e818a7a746a,PRIME,2.0,immunogenicity,0.241298,higher,predicted,0.019,0.008,A0201
zhao-vaccine-e1587f78f0414f32,PRIME,2.0,immunogenicity,0.013267,higher,predicted,2.499,1.182,B0702
zhao-vaccine-41f5931366c040c0,PRIME,2.0,immunogenicity,0.016312,higher,predicted,1.917,1.462,B0702
zhao-vaccine-7175cb119bd96102,PRIME,2.0,immunogenicity,0.072564,higher,predicted,0.41,0.067,B5401
zhao-vaccine-75af5bb08906c7f7,PRIME,2.0,immunogenicity,0.013504,higher,predicted,2.444,1.128,B0702
zhao-vaccine-19030f73262529ce,PRIME,2.0,immunogenicity,0.134377,higher,predicted,0.057,0.132,B0702
zhao-vaccine-854adfc6e548ab72,PRIME,2.0,immunogenicity,0.021543,higher,predicted,2.054,1.781,A0201
zhao-vaccine-40a84aa5f7529b52,PRIME,2.0,immunogenicity,0.093002,higher,predicted,0.27,0.502,A0206
zhao-vaccine-1071886d40129d5f,PRIME,2.0,immunogenicity,0.069036,higher,predicted,0.468,0.161,A0206
zhao-vaccine-3fc0b7f5778f75b1,PRIME,2.0,immunogenicity,0.014926,higher,predicted,3.616,3.293,A0206
zhao-vaccine-cc31c8cbc49a2519,PRIME,2.0,immunogenicity,0.22131,higher,predicted,0.012,0.006,B1501
zhao-vaccine-76da3ee3a519e089,PRIME,2.0,immunogenicity,0.022551,higher,predicted,1.294,0.059,B0702
zhao-vaccine-3e0d2622f82171c5,PRIME,2.0,immunogenicity,0.049699,higher,predicted,0.397,0.113,B0702
zhao-vaccine-db3d9b700db0c77c,PRIME,2.0,immunogenicity,0.0482,higher,predicted,0.417,0.284,B0702
zhao-vaccine-9973ae04539ea32e,PRIME,2.0,immunogenicity,0.021972,higher,predicted,1.342,0.223,B0702
zhao-vaccine-5561ea5eae8c4914,PRIME,2.0,immunogenicity,0.164172,higher,predicted,0.085,0.635,A2402
zhao-vaccine-2b4eb78cc400768f,PRIME,2.0,immunogenicity,0.03349,higher,predicted,1.345,0.984,A2402
zhao-vaccine-007a79875c9c2c9d,PRIME,2.0,immunogenicity,0.067421,higher,predicted,0.502,0.047,A2402
zhao-vaccine-94c540703c35d914,PRIME,2.0,immunogenicity,0.219823,higher,predicted,0.023,0.03,C1402
zhao-vaccine-d0539841cb147534,PRIME,2.0,immunogenicity,0.26964,higher,predicted,0.01,0.016,A0201
zhao-vaccine-6fb9fcc725620c4d,PRIME,2.0,immunogenicity,0.013049,higher,predicted,3.558,1.014,A0201
zhao-vaccine-fd3485d9cfbed701,PRIME,2.0,immunogenicity,0.048288,higher,predicted,0.773,0.269,A0201
zhao-vaccine-7b19004e1c7b69aa,PRIME,2.0,immunogenicity,0.050162,higher,predicted,0.532,0.454,B4006
zhao-vaccine-77558f19fda1309c,PRIME,2.0,immunogenicity,0.001334,higher,predicted,29.952,5.953,A0206
zhao-vaccine-a927269393d2526c,PRIME,2.0,immunogenicity,0.088012,higher,predicted,0.299,0.285,A0206
zhao-vaccine-de540479a7332cba,PRIME,2.0,immunogenicity,0.028651,higher,predicted,1.702,2.256,A0206
zhao-vaccine-ff2e1d9399179786,PRIME,2.0,immunogenicity,0.023733,higher,predicted,2.108,0.254,A0206
zhao-vaccine-4acd10b38d0e4aec,PRIME,2.0,immunogenicity,0.029031,higher,predicted,1.676,0.723,A0206
zhao-vaccine-7bc11d2eff81b4cd,PRIME,2.0,immunogenicity,0.033722,higher,predicted,0.77,0.478,B4001
zhao-vaccine-b6daf7f342caeef5,PRIME,2.0,immunogenicity,0.000269,higher,predicted,64.992,8.561,A3303
zhao-vaccine-00444c5d625a1ea1,PRIME,2.0,immunogenicity,0.026049,higher,predicted,1.253,1.011,B4403
zhao-vaccine-1899550845bc9391,PRIME,2.0,immunogenicity,0.033057,higher,predicted,0.793,0.113,B4001
zhao-vaccine-9ce74503a7a65f1d,PRIME,2.0,immunogenicity,0.018284,higher,predicted,1.827,8.411,B4001
zhao-vaccine-fe2a205d7de5f153,PRIME,2.0,immunogenicity,0.002288,higher,predicted,16.871,7.102,A3303
zhao-vaccine-5527cbf00d4c06a3,PRIME,2.0,immunogenicity,0.000112,higher,predicted,91.289,50.222,A3303
zhao-vaccine-9d0b0ecd97822a8b,PRIME,2.0,immunogenicity,0.218721,higher,predicted,0.015,0.013,A3303
zhao-vaccine-33922ab67dedb95d,PRIME,2.0,immunogenicity,0.032509,higher,predicted,0.814,4.853,B4001
zhao-vaccine-833cf7dfafb80ee6,PRIME,2.0,immunogenicity,0.007713,higher,predicted,4.731,2.405,B4001
zhao-vaccine-9c298b12a5abcbfa,PRIME,2.0,immunogenicity,0.097886,higher,predicted,0.239,0.046,B3501
zhao-vaccine-25d343c06b9fd1ba,PRIME,2.0,immunogenicity,0.160929,higher,predicted,0.076,0.103,B3501
zhao-vaccine-3662082b8c37f2db,PRIME,2.0,immunogenicity,0.177538,higher,predicted,0.063,0.046,A0201
zhao-vaccine-c53cad49f5b42005,PRIME,2.0,immunogenicity,0.00552,higher,predicted,7.776,0.739,B3501
zhao-vaccine-df06f3847c640434,PRIME,2.0,immunogenicity,0.014607,higher,predicted,2.934,0.594,B3501
zhao-vaccine-6f4c3b14f541f3a9,PRIME,2.0,immunogenicity,0.240614,higher,predicted,0.019,0.019,A0201
zhao-vaccine-c5aed4506530e7c9,PRIME,2.0,immunogenicity,0.277316,higher,predicted,0.004,0.004,C0303
zhao-vaccine-d27b82ea25c2079b,PRIME,2.0,immunogenicity,0.093235,higher,predicted,0.267,0.094,B5401
zhao-vaccine-86c23021ac8ba472,PRIME,2.0,immunogenicity,0.220859,higher,predicted,0.023,0.207,B5401
zhao-vaccine-ffc1986181cf6a8f,PRIME,2.0,immunogenicity,0.139197,higher,predicted,0.11,0.031,B5401
zhao-vaccine-31a2265075b0b0c8,PRIME,2.0,immunogenicity,0.026773,higher,predicted,1.733,0.811,A2402
zhao-vaccine-051b07f7c5733441,PRIME,2.0,immunogenicity,0.022814,higher,predicted,2.02,0.227,A2402
zhao-vaccine-5d3905faafb72e53,PRIME,2.0,immunogenicity,0.02724,higher,predicted,1.703,1.003,A2402
zhao-vaccine-ea6d50d1b1de9fd2,PRIME,2.0,immunogenicity,0.009071,higher,predicted,5.188,2.37,A2402
zhao-vaccine-1e3b690b4259c6bf,PRIME,2.0,immunogenicity,0.018159,higher,predicted,2.038,0.444,B5101
zhao-vaccine-23eaf44ccb8cdb3e,PRIME,2.0,immunogenicity,0.035418,higher,predicted,1.223,0.839,C1202
zhao-vaccine-58ec51281e3f45bc,PRIME,2.0,immunogenicity,0.004001,higher,predicted,10.968,5.394,C1202
zhao-vaccine-d84459d062f5308c,PRIME,2.0,immunogenicity,0.018444,higher,predicted,2.473,3.638,A0201
zhao-vaccine-4a803735b7e2e91b,PRIME,2.0,immunogenicity,0.000447,higher,predicted,48.712,5.286,A0201
zhao-vaccine-d7741495ca0a47c4,PRIME,2.0,immunogenicity,0.003954,higher,predicted,10.439,3.004,C0702
zhao-vaccine-acabdb04a03520ef,PRIME,2.0,immunogenicity,0.003323,higher,predicted,12.575,18.732,C0702
zhao-vaccine-67558adaa52c27b5,PRIME,2.0,immunogenicity,0.018034,higher,predicted,2.479,1.135,B5401
zhao-vaccine-8258688d0ed6bf63,PRIME,2.0,immunogenicity,0.02341,higher,predicted,1.969,0.183,A2402
zhao-vaccine-c5e47ff83f2303a2,PRIME,2.0,immunogenicity,0.018467,higher,predicted,2.575,2.502,A2402
zhao-vaccine-1156acf6e931f52a,PRIME,2.0,immunogenicity,0.045888,higher,predicted,0.875,0.789,A2402
zhao-vaccine-c226c4e421abf75f,PRIME,2.0,immunogenicity,0.029196,higher,predicted,1.582,0.49,A2402
zhao-vaccine-d9a38d29ef1a121f,PRIME,2.0,immunogenicity,0.012031,higher,predicted,3.771,1.455,B5401
zhao-vaccine-0d39d96932a02503,PRIME,2.0,immunogenicity,0.000652,higher,predicted,44.975,1.422,A0206
zhao-vaccine-f27df856a4f854dc,PRIME,2.0,immunogenicity,0.091484,higher,predicted,0.278,0.165,A0206
zhao-vaccine-1de18c9067041a38,PRIME,2.0,immunogenicity,0.001657,higher,predicted,21.427,12.242,C0303
zhao-vaccine-5bf5127cbae8097b,PRIME,2.0,immunogenicity,0.007192,higher,predicted,7.687,6.611,A0206
zhao-vaccine-f04ac6b512432b83,PRIME,2.0,immunogenicity,0.003785,higher,predicted,14.533,8.547,A0206
zhao-vaccine-2d5bc81066cb27d4,PRIME,2.0,immunogenicity,0.006646,higher,predicted,8.297,21.438,A0206
zhao-vaccine-d54a3c817ef7f91a,PRIME,2.0,immunogenicity,0.008156,higher,predicted,5.319,4.099,B3501
zhao-vaccine-af1ae015379e0d4c,PRIME,2.0,immunogenicity,0.009556,higher,predicted,4.547,2.848,B3501
zhao-vaccine-5c4e1393fcceb6cc,PRIME,2.0,immunogenicity,0.02126,higher,predicted,2.124,0.509,C0303
zhao-vaccine-2c02aa2259b38cf7,PRIME,2.0,immunogenicity,0.214466,higher,predicted,0.034,0.084,A2402
zhao-vaccine-90f9b84f47894dac,PRIME,2.0,immunogenicity,0.088633,higher,predicted,0.287,0.076,B3501
zhao-vaccine-ab9a566bfd9e22f5,PRIME,2.0,immunogenicity,0.05224,higher,predicted,0.737,0.287,A2402
zhao-vaccine-d9320bb718c273a5,PRIME,2.0,immunogenicity,0.100821,higher,predicted,0.257,0.376,A2402
zhao-vaccine-e869ced7f0f72d4c,PRIME,2.0,immunogenicity,0.180222,higher,predicted,0.063,0.048,A2402
zhao-vaccine-dddf213bd7d4e6a7,PRIME,2.0,immunogenicity,0.022769,higher,predicted,2.025,0.765,A2402
zhao-vaccine-14d05f3a9c4040d4,PRIME,2.0,immunogenicity,0.017085,higher,predicted,2.781,0.191,A2402
zhao-vaccine-9d4621b374c0f21f,PRIME,2.0,immunogenicity,0.165881,higher,predicted,0.083,0.071,A2402
zhao-vaccine-b84e6ed1d53c9c56,PRIME,2.0,immunogenicity,0.013825,higher,predicted,2.922,2.678,A3101
zhao-vaccine-1747d4da366e49c6,PRIME,2.0,immunogenicity,0.038862,higher,predicted,0.823,0.082,A3101
zhao-vaccine-69f62b48be1b9947,PRIME,2.0,immunogenicity,0.003291,higher,predicted,13.086,8.38,A3101
zhao-vaccine-70b013abf6dfe8cb,PRIME,2.0,immunogenicity,0.010031,higher,predicted,4.156,4.65,A3101
zhao-vaccine-beeb78dcb3ce1bd6,PRIME,2.0,immunogenicity,0.000353,higher,predicted,55.996,15.878,A3101
zhao-vaccine-d334b09365885e61,PRIME,2.0,immunogenicity,0.009007,higher,predicted,4.206,2.148,A3303
zhao-vaccine-e321724542ff486e,PRIME,2.0,immunogenicity,0.208947,higher,predicted,0.022,0.128,B5101
zhao-vaccine-ce7bb3b1d8d91074,PRIME,2.0,immunogenicity,0.125909,higher,predicted,0.164,0.066,A2402
zhao-vaccine-7c9cd3f31ce9f18a,PRIME,2.0,immunogenicity,0.022225,higher,predicted,1.95,0.164,B5401
zhao-vaccine-d8b3cb9f783ea9a4,PRIME,2.0,immunogenicity,0.310187,higher,predicted,0.003,0.001,A2402
zhao-vaccine-a874ce1e2754a8d5,PRIME,2.0,immunogenicity,0.058292,higher,predicted,0.631,0.221,A2402
zhao-vaccine-75d5de385669e3bc,PRIME,2.0,immunogenicity,0.257841,higher,predicted,0.013,0.024,A2402
zhao-vaccine-0c875e7bc235bb96,PRIME,2.0,immunogenicity,0.044453,higher,predicted,0.82,2.358,B5401
zhao-vaccine-e18369fa05ea709c,PRIME,2.0,immunogenicity,0.004748,higher,predicted,8.969,8.283,B3501
zhao-vaccine-3a7020641c49a4b0,PRIME,2.0,immunogenicity,0.013482,higher,predicted,3.198,4.143,B3501
zhao-vaccine-f1ae7c881294ac52,PRIME,2.0,immunogenicity,0.000886,higher,predicted,34.259,3.884,B3501
zhao-vaccine-29a1785dacf85576,PRIME,2.0,immunogenicity,0.029049,higher,predicted,1.517,1.223,A0201
zhao-vaccine-5cbd31005d3bcff5,PRIME,2.0,immunogenicity,0.024102,higher,predicted,1.867,1.906,C0303
zhao-vaccine-11ba54e0b96687a1,PRIME,2.0,immunogenicity,0.029503,higher,predicted,1.49,2.112,A0201
zhao-vaccine-f441a9b109397bee,PRIME,2.0,immunogenicity,0.021626,higher,predicted,2.044,2.087,A0201
zhao-vaccine-db1e2cbd88910c6f,PRIME,2.0,immunogenicity,0.037164,higher,predicted,1.17,0.431,A2402
zhao-vaccine-3b22f7af42025ab1,PRIME,2.0,immunogenicity,0.170865,higher,predicted,0.063,0.248,B3501
zhao-vaccine-00ff16e25073019b,PRIME,2.0,immunogenicity,0.260067,higher,predicted,0.008,0.109,B3501
zhao-vaccine-4f105e0d47e30f78,PRIME,2.0,immunogenicity,0.224621,higher,predicted,0.015,0.01,A0101
zhao-vaccine-09bbcb8a8cac6970,PRIME,2.0,immunogenicity,0.162663,higher,predicted,0.058,0.262,B5701
zhao-vaccine-f4e70bd617a1ab13,PRIME,2.0,immunogenicity,0.017383,higher,predicted,2.344,1.16,B5701
zhao-vaccine-f23e51c40f064c5d,PRIME,2.0,immunogenicity,0.029212,higher,predicted,1.418,0.159,B3501
zhao-vaccine-e2d933ef6fc6330c,PRIME,2.0,immunogenicity,0.057037,higher,predicted,0.577,0.097,B3501
zhao-vaccine-a6d7efa078e4403a,PRIME,2.0,immunogenicity,0.010662,higher,predicted,4.449,2.776,A2420
zhao-vaccine-ed02672548c2c6e9,PRIME,2.0,immunogenicity,0.007893,higher,predicted,5.499,0.717,B3501
zhao-vaccine-584580aa40b32fb0,PRIME,2.0,immunogenicity,0.113354,higher,predicted,0.093,0.194,B4001
zhao-vaccine-7713216b739e01fb,PRIME,2.0,immunogenicity,0.015745,higher,predicted,2.845,0.883,B5401
zhao-vaccine-37150d21cb59561e,PRIME,2.0,immunogenicity,0.043193,higher,predicted,0.88,2.009,C0304
zhao-vaccine-8865368c74775ec5,PRIME,2.0,immunogenicity,0.035673,higher,predicted,0.926,0.92,A3101
zhao-vaccine-0f899e5797566725,PRIME,2.0,immunogenicity,0.008939,higher,predicted,4.7,3.67,A3101
zhao-vaccine-52fff727b9b7b4e2,PRIME,2.0,immunogenicity,0.017697,higher,predicted,2.226,0.194,A3101
zhao-vaccine-edaf4e83f46c187e,PRIME,2.0,immunogenicity,0.030603,higher,predicted,1.158,1.176,A3101
zhao-vaccine-edef5e1d5a58e9e1,PRIME,2.0,immunogenicity,0.096438,higher,predicted,0.19,0.233,A3101
zhao-vaccine-48533e9a40327f8f,PRIME,2.0,immunogenicity,0.020406,higher,predicted,1.889,0.886,A3101
zhao-vaccine-1225cede0d420f0a,PRIME,2.0,immunogenicity,0.00921,higher,predicted,4.559,8.325,A3101
zhao-vaccine-6510e76c70f1f951,PRIME,2.0,immunogenicity,0.001365,higher,predicted,26.015,25.107,A3101
zhao-vaccine-eccddbe101d23034,PRIME,2.0,immunogenicity,0.021858,higher,predicted,1.716,0.341,A1101
zhao-vaccine-cee042b9a88d7012,PRIME,2.0,immunogenicity,0.260847,higher,predicted,0.007,0.024,A1101
zhao-vaccine-881f4582c98f353c,PRIME,2.0,immunogenicity,0.00299,higher,predicted,13.816,2.845,A1101
zhao-vaccine-3fb480f105298172,PRIME,2.0,immunogenicity,0.004104,higher,predicted,9.838,4.317,A1101
zhao-vaccine-cc75b72e942baa44,PRIME,2.0,immunogenicity,0.068882,higher,predicted,0.335,0.046,A1101
zhao-vaccine-f477a52b434974ac,PRIME,2.0,immunogenicity,0.015441,higher,predicted,2.54,1.832,A1101
zhao-vaccine-0d4ac2a843d56400,PRIME,2.0,immunogenicity,0.010034,higher,predicted,4.017,4.009,A1101
zhao-vaccine-9c13590bea498179,PRIME,2.0,immunogenicity,0.021924,higher,predicted,2.123,0.48,A2402
zhao-vaccine-072a700de284fe72,PRIME,2.0,immunogenicity,0.144316,higher,predicted,0.117,0.067,A2402
zhao-vaccine-a2dcf44fa3d2f757,PRIME,2.0,immunogenicity,0.144021,higher,predicted,0.118,0.032,A2402
zhao-vaccine-e65463d2a7a97dc5,PRIME,2.0,immunogenicity,0.338309,higher,predicted,0.001,0.002,A0201
zhao-vaccine-4650c5767516b0b6,PRIME,2.0,immunogenicity,0.147458,higher,predicted,0.095,0.013,B5401
zhao-vaccine-7df8b7a96621bbdb,PRIME,2.0,immunogenicity,0.096823,higher,predicted,0.248,0.022,B5401
zhao-vaccine-8df2fe8b5fcd796a,PRIME,2.0,immunogenicity,0.04382,higher,predicted,0.883,1.052,A0201
zhao-vaccine-2b2980afd052a1b5,PRIME,2.0,immunogenicity,0.071839,higher,predicted,0.216,0.179,B0702
zhao-vaccine-a45b6e7fa969b248,PRIME,2.0,immunogenicity,0.041972,higher,predicted,0.636,2.616,A0301
zhao-vaccine-e327e6b3bfed204f,PRIME,2.0,immunogenicity,0.063638,higher,predicted,0.524,0.167,A0201
zhao-vaccine-5128432b204cfd4e,PRIME,2.0,immunogenicity,0.223062,higher,predicted,0.022,0.026,B5401
zhao-vaccine-d7dd66fd394437a0,PRIME,2.0,immunogenicity,0.082901,higher,predicted,0.246,0.511,A1101
zhao-vaccine-44fd213985f71f6c,PRIME,2.0,immunogenicity,0.048694,higher,predicted,0.644,0.231,B1501
zhao-vaccine-499666ed8d657795,PRIME,2.0,immunogenicity,0.001541,higher,predicted,22.961,5.26,A1101
zhao-vaccine-9d9ba5caea4fd60c,PRIME,2.0,immunogenicity,0.140753,higher,predicted,0.082,0.066,A0101
zhao-vaccine-896f258e6a8bc219,PRIME,2.0,immunogenicity,0.00142,higher,predicted,24.751,16.801,B5401
zhao-vaccine-bce5ab8297ffee2e,PRIME,2.0,immunogenicity,0.00792,higher,predicted,5.693,9.004,B5401
zhao-vaccine-28f2b4b018fc889c,PRIME,2.0,immunogenicity,0.075261,higher,predicted,0.285,0.16,A0101
zhao-vaccine-0d435af2cc1c0837,PRIME,2.0,immunogenicity,0.009729,higher,predicted,4.85,9.145,A2402
zhao-vaccine-23b2964a86bec6f7,PRIME,2.0,immunogenicity,0.127575,higher,predicted,0.15,0.067,A0201
zhao-vaccine-60060e39e49769a1,PRIME,2.0,immunogenicity,0.315822,higher,predicted,0.002,0.01,A0201
zhao-vaccine-0d8578a424909227,PRIME,2.0,immunogenicity,0.027098,higher,predicted,1.071,0.169,B4001
zhao-vaccine-94b3e3445fb06039,PRIME,2.0,immunogenicity,0.092159,higher,predicted,0.286,0.358,A0201
zhao-vaccine-4c18b6ddad0a8dbf,PRIME,2.0,immunogenicity,0.153715,higher,predicted,0.096,0.27,A0201
zhao-vaccine-c6a100959123a7ed,PRIME,2.0,immunogenicity,0.178085,higher,predicted,0.062,0.138,A0201
zhao-vaccine-618b58eaa5cd53b8,PRIME,2.0,immunogenicity,0.188833,higher,predicted,0.052,0.101,A0201
zhao-vaccine-3e5db6fc81d2d533,PRIME,2.0,immunogenicity,0.030359,higher,predicted,1.441,0.7,A0201
zhao-vaccine-fd51fc61ca07288d,PRIME,2.0,immunogenicity,0.051123,higher,predicted,0.393,0.275,B4001
zhao-vaccine-bf5a71d5d2b227d9,PRIME,2.0,immunogenicity,0.027915,higher,predicted,1.586,1.329,A0201
zhao-vaccine-0f240ad0137eb3f3,PRIME,2.0,immunogenicity,0.016225,higher,predicted,2.764,3.874,B5401
zhao-vaccine-cfe3664f792212d3,PRIME,2.0,immunogenicity,0.066948,higher,predicted,0.463,0.035,B5401
zhao-vaccine-16db6e7f6bbac813,PRIME,2.0,immunogenicity,0.02984,higher,predicted,1.423,0.497,B5401
zhao-vaccine-e20d6e4e58b77110,PRIME,2.0,immunogenicity,0.030502,higher,predicted,1.505,1.017,A2402
zhao-vaccine-def347ffae70b03d,PRIME,2.0,immunogenicity,0.02766,higher,predicted,1.676,0.413,A2402
zhao-vaccine-8b658589a82e87b0,PRIME,2.0,immunogenicity,0.037261,higher,predicted,1.166,1.106,A2402
zhao-vaccine-e2fb505f56286e67,PRIME,2.0,immunogenicity,0.00563,higher,predicted,6.943,3.355,B4006
zhao-vaccine-9118c66e983589f8,PRIME,2.0,immunogenicity,0.00734,higher,predicted,5.334,5.294,B4006
zhao-vaccine-1d02e09803958091,PRIME,2.0,immunogenicity,0.087149,higher,predicted,0.23,0.065,A3101
zhao-vaccine-510b74e07ea8db2b,PRIME,2.0,immunogenicity,0.130973,higher,predicted,0.06,0.06,B0702
zhao-vaccine-c8346c8646d4e728,PRIME,2.0,immunogenicity,0.228383,higher,predicted,0.017,0.08,A3101
zhao-vaccine-0c2cf1608b20c5a4,PRIME,2.0,immunogenicity,0.040645,higher,predicted,0.541,0.336,B0702
zhao-vaccine-8626e24ab1d31ea8,PRIME,2.0,immunogenicity,0.218093,higher,predicted,0.021,0.07,A3101
zhao-vaccine-a28616596073e629,PRIME,2.0,immunogenicity,0.071219,higher,predicted,0.328,0.162,A3101
zhao-vaccine-7257286bd367c408,PRIME,2.0,immunogenicity,0.0483,higher,predicted,0.415,0.417,B0702
zhao-vaccine-c5b77a6ed25596e0,PRIME,2.0,immunogenicity,0.021431,higher,predicted,1.799,0.381,A3101
zhao-vaccine-18a4c5aa2273d155,PRIME,2.0,immunogenicity,0.017821,higher,predicted,2.207,0.782,A3101
zhao-vaccine-ef8468c36f804179,PRIME,2.0,immunogenicity,0.012494,higher,predicted,3.192,1.482,A1101
zhao-vaccine-92b7acc5c70af21c,PRIME,2.0,immunogenicity,0.16894,higher,predicted,0.048,0.063,A1101
zhao-vaccine-f4ce4ccfed2d2f41,PRIME,2.0,immunogenicity,0.118534,higher,predicted,0.124,0.373,A1101
zhao-vaccine-349b472eb2f1778d,PRIME,2.0,immunogenicity,0.032884,higher,predicted,1.004,0.157,A1101
zhao-vaccine-ffbbba5d0dfacd11,PRIME,2.0,immunogenicity,0.032716,higher,predicted,1.012,0.202,A1101
zhao-vaccine-3e4ca4df78b5be4d,PRIME,2.0,immunogenicity,0.002533,higher,predicted,15.927,1.699,A1101
zhao-vaccine-547c0c584e98eca8,PRIME,2.0,immunogenicity,0.07402,higher,predicted,0.295,0.149,A1101
zhao-vaccine-4f8b483a89e3a1fd,PRIME,2.0,immunogenicity,0.0199,higher,predicted,1.888,0.813,A1101
zhao-vaccine-8a3e73d8c82ac463,PRIME,2.0,immunogenicity,0.110968,higher,predicted,0.142,0.441,A1101
zhao-vaccine-5fc34613283706ed,PRIME,2.0,immunogenicity,0.158727,higher,predicted,0.079,0.102,B3501
zhao-vaccine-b2a13355f88ffd42,PRIME,2.0,immunogenicity,0.019572,higher,predicted,1.918,2.581,A1101
zhao-vaccine-c5df1e0bc55ec669,PRIME,2.0,immunogenicity,0.068249,higher,predicted,0.438,0.742,B3501
zhao-vaccine-70fbe6867e415f45,PRIME,2.0,immunogenicity,0.001664,higher,predicted,22.397,7.834,B3501
zhao-vaccine-8b81bd6a089c6050,PRIME,2.0,immunogenicity,0.043898,higher,predicted,0.668,0.507,A1101
zhao-vaccine-f8a5057eb6aa17bc,PRIME,2.0,immunogenicity,0.055498,higher,predicted,0.6,0.756,B3501
zhao-vaccine-bd917fc342cc44fb,PRIME,2.0,immunogenicity,0.003719,higher,predicted,11.015,4.718,A1101
zhao-vaccine-0a64926287f05fd8,PRIME,2.0,immunogenicity,0.063909,higher,predicted,0.486,0.397,B3501
zhao-vaccine-e1f6ba4ad13e507c,PRIME,2.0,immunogenicity,0.032224,higher,predicted,1.037,0.17,A1101
zhao-vaccine-b88a77172820f677,PRIME,2.0,immunogenicity,0.02986,higher,predicted,1.163,1.911,A1101
zhao-vaccine-e38b136ca466e13c,PRIME,2.0,immunogenicity,0.063093,higher,predicted,0.559,0.071,A2402
zhao-vaccine-c43663a252b8980b,PRIME,2.0,immunogenicity,0.014263,higher,predicted,2.997,0.913,B3501
zhao-vaccine-111c67c6c484cfa3,PRIME,2.0,immunogenicity,0.00477,higher,predicted,8.969,2.996,C0303
zhao-vaccine-b0a8f16b7f842d03,PRIME,2.0,immunogenicity,0.004664,higher,predicted,9.124,5.388,B3501
zhao-vaccine-c5890df81b18720d,PRIME,2.0,immunogenicity,0.166644,higher,predicted,0.082,0.044,A2402
zhao-vaccine-46872701a0a2a47a,PRIME,2.0,immunogenicity,0.072077,higher,predicted,0.455,0.088,A2402
zhao-vaccine-583e12cb7d411808,PRIME,2.0,immunogenicity,0.21858,higher,predicted,0.031,0.052,A2402
zhao-vaccine-d30e8c087eda6c20,PRIME,2.0,immunogenicity,0.046929,higher,predicted,0.531,0.043,B5601
zhao-vaccine-3c85f3d9d4e93734,PRIME,2.0,immunogenicity,0.064716,higher,predicted,0.537,0.166,A2402
zhao-vaccine-a57c584437f79f43,PRIME,2.0,immunogenicity,0.053515,higher,predicted,0.712,0.4,A2402
zhao-vaccine-eddc36ad99328b45,PRIME,2.0,immunogenicity,0.005457,higher,predicted,7.661,2.764,B5601
zhao-vaccine-631a83cd1ff9f6d5,PRIME,2.0,immunogenicity,0.002041,higher,predicted,19.243,5.122,A2402
zhao-vaccine-c5a32306c9253edb,PRIME,2.0,immunogenicity,0.036373,higher,predicted,1.206,1.5,A2402
zhao-vaccine-77dec992827058b9,PRIME,2.0,immunogenicity,0.003253,higher,predicted,13.53,18.136,C1202
zhao-vaccine-2de8930c8b86e724,PRIME,2.0,immunogenicity,0.079675,higher,predicted,0.37,0.529,A0201
zhao-vaccine-33f38bb85cbf6299,PRIME,2.0,immunogenicity,0.089116,higher,predicted,0.304,0.069,A0201
zhao-vaccine-c19c9dc853050c21,PRIME,2.0,immunogenicity,0.100918,higher,predicted,0.242,1.057,A0201
zhao-vaccine-b88998db5fd93482,PRIME,2.0,immunogenicity,0.078028,higher,predicted,0.383,3.556,A0201
zhao-vaccine-13aa67078c319951,PRIME,2.0,immunogenicity,0.013231,higher,predicted,3.508,7.314,A0201
zhao-vaccine-d90878efe5822086,PRIME,2.0,immunogenicity,0.149671,higher,predicted,0.103,0.251,A0201
zhao-vaccine-06e9606c97b68cef,PRIME,2.0,immunogenicity,0.046845,higher,predicted,0.538,0.847,A3303
zhao-vaccine-26bc11c522c8c8d0,PRIME,2.0,immunogenicity,0.017178,higher,predicted,2.767,2.898,A2402
zhao-vaccine-86fefe15c0e2cfde,PRIME,2.0,immunogenicity,0.001574,higher,predicted,22.142,18.444,C0302
zhao-vaccine-a8b12c894c15cf31,PRIME,2.0,immunogenicity,0.184522,higher,predicted,0.027,0.043,B4001
zhao-vaccine-2e21c6847cb378a3,PRIME,2.0,immunogenicity,0.219093,higher,predicted,0.036,0.002,A2601
zhao-vaccine-e4c48b2c632925e2,PRIME,2.0,immunogenicity,0.025514,higher,predicted,0.988,0.74,B4002
zhao-vaccine-009799247df05f44,PRIME,2.0,immunogenicity,0.233367,higher,predicted,0.009,0.001,B4001
zhao-vaccine-63b0db62185f6407,PRIME,2.0,immunogenicity,0.181354,higher,predicted,0.028,0.142,B4001
zhao-vaccine-5d0b2d2cf7d9ac10,PRIME,2.0,immunogenicity,0.015184,higher,predicted,2.277,1.308,B4001
zhao-vaccine-32030c8bab304bee,PRIME,2.0,immunogenicity,0.141362,higher,predicted,0.157,0.103,A2601
zhao-vaccine-768f9aaae34ebf80,PRIME,2.0,immunogenicity,0.027089,higher,predicted,0.913,2.175,B4002
zhao-vaccine-ae857bf742b38673,PRIME,2.0,immunogenicity,0.233581,higher,predicted,0.027,0.021,A2601
zhao-vaccine-b199c65d7b41c4d7,PRIME,2.0,immunogenicity,0.006164,higher,predicted,5.933,2.13,B4001
zhao-vaccine-c2b522ddd373a51f,PRIME,2.0,immunogenicity,0.010411,higher,predicted,3.46,1.523,B4001
zhao-vaccine-6ce285bdd2bed768,PRIME,2.0,immunogenicity,0.128189,higher,predicted,0.072,0.15,B4001
zhao-vaccine-2679a4950165023a,PRIME,2.0,immunogenicity,0.079706,higher,predicted,0.183,0.217,B4001
zhao-vaccine-ae1e7c2da06f200b,PRIME,2.0,immunogenicity,0.005721,higher,predicted,6.4,6.604,B4001
zhao-vaccine-359086787e9de044,PRIME,2.0,immunogenicity,0.139478,higher,predicted,0.06,0.026,B4001
zhao-vaccine-460fc9afc8100272,PRIME,2.0,immunogenicity,0.020252,higher,predicted,1.622,2.32,B4001
zhao-vaccine-80d78ec35a6f6fa2,PRIME,2.0,immunogenicity,0.05096,higher,predicted,0.395,0.299,B4001
zhao-vaccine-3ab10b4aef3633f5,PRIME,2.0,immunogenicity,0.195233,higher,predicted,0.022,0.05,B4001
zhao-vaccine-6c6d92733efd0218,PRIME,2.0,immunogenicity,0.01965,higher,predicted,1.682,0.254,B4001
zhao-vaccine-b63797a2afa2195c,PRIME,2.0,immunogenicity,0.004755,higher,predicted,7.685,1.183,B4001
zhao-vaccine-504a034d570b45b1,PRIME,2.0,immunogenicity,0.002541,higher,predicted,14.931,8.871,B4001
zhao-vaccine-fd71c5862d712b79,PRIME,2.0,immunogenicity,0.052762,higher,predicted,0.682,1.776,A0201
zhao-vaccine-fc61c288d6f86c66,PRIME,2.0,immunogenicity,0.148514,higher,predicted,0.105,0.05,A0201
zhao-vaccine-295f0d9324f50020,PRIME,2.0,immunogenicity,0.1464,higher,predicted,0.108,0.406,A0201
zhao-vaccine-686b28e817cecc11,PRIME,2.0,immunogenicity,0.04064,higher,predicted,0.972,0.382,A0201
zhao-vaccine-b1df13609440b3d9,PRIME,2.0,immunogenicity,0.029879,higher,predicted,1.468,0.218,A0201
zhao-vaccine-02506f33b4d01f46,PRIME,2.0,immunogenicity,0.075557,higher,predicted,0.403,0.303,A0201
zhao-vaccine-b4f0e1014f65889d,PRIME,2.0,immunogenicity,0.007506,higher,predicted,6.152,8.03,A0201
zhao-vaccine-dfadd40888765663,PRIME,2.0,immunogenicity,0.103983,higher,predicted,0.228,1.018,A0201
zhao-vaccine-9dea16bef4516084,PRIME,2.0,immunogenicity,0.053663,higher,predicted,0.667,0.71,A0201
zhao-vaccine-22dbe62f90569d8f,PRIME,2.0,immunogenicity,0.032882,higher,predicted,1.085,0.518,B2707
zhao-vaccine-eeb6181ce975a175,PRIME,2.0,immunogenicity,0.106956,higher,predicted,0.161,0.736,B2707
zhao-vaccine-281f997ddf02cd3e,PRIME,2.0,immunogenicity,0.048713,higher,predicted,0.764,0.717,A0201
zhao-vaccine-8376165a117d2e89,PRIME,2.0,immunogenicity,0.000467,higher,predicted,47.841,8.05,B2707
zhao-vaccine-a2cc24f8f15d5c0e,PRIME,2.0,immunogenicity,0.018507,higher,predicted,2.241,3.88,B2707
zhao-vaccine-2e7a450e7bee9223,PRIME,2.0,immunogenicity,0.010494,higher,predicted,4.183,1.708,B2707
zhao-vaccine-d74c0b8e3080c05b,PRIME,2.0,immunogenicity,0.005244,higher,predicted,8.423,7.675,B2707
zhao-vaccine-eb270bce78e71c74,PRIME,2.0,immunogenicity,0.0105,higher,predicted,3.932,1.08,B1507
zhao-vaccine-225aa2d95d125a96,PRIME,2.0,immunogenicity,0.005989,higher,predicted,7.327,5.657,C0303
zhao-vaccine-8baa0907a3a2f844,PRIME,2.0,immunogenicity,0.095725,higher,predicted,0.281,0.155,A2402
zhao-vaccine-577133aec8888fe9,PRIME,2.0,immunogenicity,0.297169,higher,predicted,0.005,0.002,A2402
zhao-vaccine-c6d3aaf3d53a483b,PRIME,2.0,immunogenicity,0.005209,higher,predicted,8.312,3.772,C0303
zhao-vaccine-b3af603d01f38c0f,PRIME,2.0,immunogenicity,0.001351,higher,predicted,25.123,22.012,C0303
zhao-vaccine-8dc781b40d72b54a,PRIME,2.0,immunogenicity,0.143631,higher,predicted,0.056,0.07,B4001
zhao-vaccine-99e7adc837f46994,PRIME,2.0,immunogenicity,0.118744,higher,predicted,0.084,0.223,B4001
zhao-vaccine-98ab333879313a70,PRIME,2.0,immunogenicity,0.004351,higher,predicted,8.395,3.459,B4001
zhao-vaccine-5b288c299a93e20d,PRIME,2.0,immunogenicity,0.009711,higher,predicted,3.724,0.712,B4001
zhao-vaccine-b8a96fa8b84c511e,PRIME,2.0,immunogenicity,0.054583,higher,predicted,0.354,1.287,B4001
zhao-vaccine-33e21b6612697d4b,PRIME,2.0,immunogenicity,0.022719,higher,predicted,1.396,0.705,B4001
zhao-vaccine-07cb9dad5d70b7c1,PRIME,2.0,immunogenicity,0.028933,higher,predicted,0.966,0.48,B4001
zhao-vaccine-b9b3487643166b15,PRIME,2.0,immunogenicity,0.025641,higher,predicted,1.17,0.11,B4001
zhao-vaccine-a33ff8b144afbab0,PRIME,2.0,immunogenicity,0.080746,higher,predicted,0.179,0.264,B4001
zhao-vaccine-f07475c3a311b607,PRIME,2.0,immunogenicity,0.288505,higher,predicted,0.009,0.033,A0207
zhao-vaccine-9ba1226317d01e09,PRIME,2.0,immunogenicity,0.211265,higher,predicted,0.028,0.01,B5401
zhao-vaccine-16b9dd30277c58dc,PRIME,2.0,immunogenicity,0.128159,higher,predicted,0.136,0.02,B5401
zhao-vaccine-906423e7a9f1ae78,PRIME,2.0,immunogenicity,0.230354,higher,predicted,0.019,0.039,B5401
zhao-vaccine-78750f579ebfdcb6,PRIME,2.0,immunogenicity,0.020091,higher,predicted,2.191,0.664,B5401
zhao-vaccine-5a21509d0043ae1a,PRIME,2.0,immunogenicity,0.179093,higher,predicted,0.051,0.064,B5401
zhao-vaccine-dd14f496e3a86934,PRIME,2.0,immunogenicity,0.134593,higher,predicted,0.056,0.039,B0702
zhao-vaccine-86b75250c03ea53b,PRIME,2.0,immunogenicity,0.131513,higher,predicted,0.186,0.044,A2601
zhao-vaccine-31960489b4013665,PRIME,2.0,immunogenicity,0.087264,higher,predicted,0.301,0.43,B5401
zhao-vaccine-5617a0e59f3d4078,PRIME,2.0,immunogenicity,0.154878,higher,predicted,0.084,0.054,B5401
zhao-vaccine-9f593e06abbb0eea,PRIME,2.0,immunogenicity,0.181219,higher,predicted,0.076,0.067,A2601
zhao-vaccine-ad6ce35b38ffd4d0,PRIME,2.0,immunogenicity,0.07568,higher,predicted,0.256,0.852,A3303
zhao-vaccine-ac986c31390bf292,PRIME,2.0,immunogenicity,0.01893,higher,predicted,1.83,2.858,A3303
zhao-vaccine-41630836cbcd5a59,PRIME,2.0,immunogenicity,0.195902,higher,predicted,0.029,0.109,A1101
zhao-vaccine-5ecbc5a9281e34ec,PRIME,2.0,immunogenicity,0.025559,higher,predicted,1.289,4.66,B4403
zhao-vaccine-32f518f69932d13b,PRIME,2.0,immunogenicity,0.182027,higher,predicted,0.027,0.022,B4403
zhao-vaccine-e19a796ace7fa068,PRIME,2.0,immunogenicity,0.02439,higher,predicted,1.368,0.646,A3303
zhao-vaccine-ca3f0cd38f68c5b0,PRIME,2.0,immunogenicity,0.191783,higher,predicted,0.032,0.006,A1101
zhao-vaccine-816928834ca6880b,PRIME,2.0,immunogenicity,0.17814,higher,predicted,0.034,0.144,A3303
zhao-vaccine-e23a1689111af98c,PRIME,2.0,immunogenicity,0.00249,higher,predicted,15.768,7.999,A3303
zhao-vaccine-a10343782c35dec6,PRIME,2.0,immunogenicity,0.048439,higher,predicted,0.582,1.059,A1101
zhao-vaccine-0f526c174cccf9f2,PRIME,2.0,immunogenicity,0.081517,higher,predicted,0.26,0.177,A3101
zhao-vaccine-8529a0644b96257c,PRIME,2.0,immunogenicity,0.160778,higher,predicted,0.059,0.004,A3101
zhao-vaccine-266b958b64b41efd,PRIME,2.0,immunogenicity,0.131972,higher,predicted,0.099,0.054,A3101
zhao-vaccine-80ceb6a6a1bb0a4d,PRIME,2.0,immunogenicity,0.104617,higher,predicted,0.212,0.037,B5401
zhao-vaccine-0e97573007c0a37d,PRIME,2.0,immunogenicity,0.002271,higher,predicted,17.822,14.255,A3101
zhao-vaccine-edacf82dc2fb757b,PRIME,2.0,immunogenicity,0.017091,higher,predicted,2.624,0.763,B5401
zhao-vaccine-dc8af8563931870d,PRIME,2.0,immunogenicity,0.092284,higher,predicted,0.162,0.054,B4403
zhao-vaccine-e6274305d4e8b4d7,PRIME,2.0,immunogenicity,0.084206,higher,predicted,0.245,0.384,A3101
zhao-vaccine-673abe4fab2a3ecd,PRIME,2.0,immunogenicity,0.058884,higher,predicted,0.355,0.028,B4403
zhao-vaccine-e015e8872e5b1927,PRIME,2.0,immunogenicity,0.02198,higher,predicted,1.97,0.911,B5401
zhao-vaccine-bfd3875d2df7819d,PRIME,2.0,immunogenicity,0.180013,higher,predicted,0.04,0.07,A3101
zhao-vaccine-80c11e1b76ad3aa2,PRIME,2.0,immunogenicity,0.061379,higher,predicted,0.584,0.12,A2402
zhao-vaccine-2695e0a739a0a4b5,PRIME,2.0,immunogenicity,0.008717,higher,predicted,4.819,1.578,A3101
zhao-vaccine-a24ecb95b1f37836,PRIME,2.0,immunogenicity,0.152115,higher,predicted,0.099,0.034,A0201
zhao-vaccine-28ae2adfd5cd6feb,PRIME,2.0,immunogenicity,0.011608,higher,predicted,3.985,5.429,A0201
zhao-vaccine-577097b0397b9b93,PRIME,2.0,immunogenicity,0.034199,higher,predicted,1.24,2.072,A0201
zhao-vaccine-77de561d5e363f4b,PRIME,2.0,immunogenicity,0.041278,higher,predicted,0.953,0.027,A0201
zhao-vaccine-16440a5ca88d493a,PRIME,2.0,immunogenicity,0.069678,higher,predicted,0.459,0.231,A0201
zhao-vaccine-8d4f9610da079c3f,PRIME,2.0,immunogenicity,0.009601,higher,predicted,4.845,1.667,A0201
zhao-vaccine-a9a2a35ffa140114,PRIME,2.0,immunogenicity,0.06918,higher,predicted,0.239,0.014,B4002
zhao-vaccine-a9007f601e3b6877,PRIME,2.0,immunogenicity,0.005428,higher,predicted,6.241,4.442,B4002
zhao-vaccine-afe51aa60867ba3e,PRIME,2.0,immunogenicity,0.106565,higher,predicted,0.216,0.672,A0201
zhao-vaccine-1cb817ed61fe9c0b,PRIME,2.0,immunogenicity,0.001861,higher,predicted,20.473,5.032,A0201
zhao-vaccine-cd3a8980b6b79aec,PRIME,2.0,immunogenicity,0.064549,higher,predicted,0.479,0.758,B3501
zhao-vaccine-1c9fc499f93446fe,PRIME,2.0,immunogenicity,0.003016,higher,predicted,14.222,4.023,A3101
zhao-vaccine-a0413338ef5f7e2a,PRIME,2.0,immunogenicity,0.010967,higher,predicted,3.783,1.786,A3101
zhao-vaccine-7c39c1d5aafa633b,PRIME,2.0,immunogenicity,0.00152,higher,predicted,24.071,5.238,A3101
zhao-vaccine-fa563625966ac878,PRIME,2.0,immunogenicity,0.000457,higher,predicted,49.174,13.465,A3101
zhao-vaccine-84503a1a8d9f8586,PRIME,2.0,immunogenicity,0.046148,higher,predicted,0.647,0.373,A3101
zhao-vaccine-d9ba4c2ab9400cce,PRIME,2.0,immunogenicity,0.115705,higher,predicted,0.172,0.175,B3501
zhao-vaccine-c4481ad855ed4643,PRIME,2.0,immunogenicity,0.005811,higher,predicted,7.278,1.274,A3101
zhao-vaccine-660767dc26787cf8,PRIME,2.0,immunogenicity,0.22131,higher,predicted,0.012,0.006,B1501
zhao-vaccine-cd23d6c8eb8a67c3,PRIME,2.0,immunogenicity,0.037049,higher,predicted,0.847,0.494,A1101
zhao-vaccine-db3fd43faa1ccff4,PRIME,2.0,immunogenicity,0.00367,higher,predicted,11.577,12.055,B1501
zhao-vaccine-38f4469eb5d715ba,PRIME,2.0,immunogenicity,0.005182,higher,predicted,8.061,8.854,B1501
zhao-vaccine-5cb528e79fa2ecd1,PRIME,2.0,immunogenicity,0.211362,higher,predicted,0.027,0.008,B3501
zhao-vaccine-b86637f59a5fa88b,PRIME,2.0,immunogenicity,0.179896,higher,predicted,0.053,0.008,B3501
zhao-vaccine-02ce8dcf0587e6d1,PRIME,2.0,immunogenicity,0.085332,higher,predicted,0.329,0.256,A0201
zhao-vaccine-47a27c89ab9210b9,PRIME,2.0,immunogenicity,0.133663,higher,predicted,0.126,0.06,B3501
zhao-vaccine-7621b27ceafb9888,PRIME,2.0,immunogenicity,0.055504,higher,predicted,0.635,0.925,A0201
zhao-vaccine-418e9702537709ff,PRIME,2.0,immunogenicity,0.008182,higher,predicted,5.671,2.341,A0201
zhao-vaccine-60406f0a7c5d89a8,PRIME,2.0,immunogenicity,0.002543,higher,predicted,16.469,2.56,B3501
zhao-vaccine-88a20a1633b4ef83,PRIME,2.0,immunogenicity,0.005219,higher,predicted,8.669,3.354,A0201
zhao-vaccine-0e95844072a41d4c,PRIME,2.0,immunogenicity,0.002453,higher,predicted,16.555,8.25,C0303
zhao-vaccine-a0aeea5eec1aa085,PRIME,2.0,immunogenicity,0.133297,higher,predicted,0.136,0.046,A0201
zhao-vaccine-116741093975ed18,PRIME,2.0,immunogenicity,0.082852,higher,predicted,0.22,0.388,A3303
zhao-vaccine-7bbeead0b1a4ff1f,PRIME,2.0,immunogenicity,0.070386,higher,predicted,0.452,0.654,A0201
zhao-vaccine-e28c03ef65e466e9,PRIME,2.0,immunogenicity,0.069025,higher,predicted,0.24,0.623,B4002
zhao-vaccine-435b60d1c4cb8866,PRIME,2.0,immunogenicity,0.148457,higher,predicted,0.06,0.178,A3303
zhao-vaccine-6c3b5d7bc0188a24,PRIME,2.0,immunogenicity,0.011208,higher,predicted,3.32,3.371,A3303
zhao-vaccine-7d54947d7e8af18f,PRIME,2.0,immunogenicity,0.010013,higher,predicted,4.654,6.256,A0201
zhao-vaccine-f42717a6ac30ffd0,PRIME,2.0,immunogenicity,0.002497,higher,predicted,15.733,4.015,A3303
zhao-vaccine-e554a5dcb4e74ab3,PRIME,2.0,immunogenicity,0.045754,higher,predicted,0.558,1.061,A3303
zhao-vaccine-4d3d8fd29860b025,PRIME,2.0,immunogenicity,0.042853,higher,predicted,0.615,0.257,A3303
zhao-vaccine-36996b8e0417e284,PRIME,2.0,immunogenicity,0.000686,higher,predicted,39.164,9.142,B4002
zhao-vaccine-c0226371c3867d6f,PRIME,2.0,immunogenicity,0.272159,higher,predicted,0.005,0.012,A3303
zhao-vaccine-f041200535f682bf,PRIME,2.0,immunogenicity,0.121404,higher,predicted,0.1,0.176,A3303
zhao-vaccine-0ab166c4e29cdecc,PRIME,2.0,immunogenicity,0.213908,higher,predicted,0.016,0.308,A3303
zhao-vaccine-f677e1a10a0595d8,PRIME,2.0,immunogenicity,0.002569,higher,predicted,15.359,5.571,A3303
zhao-vaccine-3f4a765dece741e6,PRIME,2.0,immunogenicity,0.030297,higher,predicted,0.998,0.495,A3303
zhao-vaccine-6868b9864460da9e,PRIME,2.0,immunogenicity,0.086174,higher,predicted,0.183,0.04,B4403
zhao-vaccine-5dd36f5ee55e8883,PRIME,2.0,immunogenicity,0.122744,higher,predicted,0.098,0.357,A3303
zhao-vaccine-20f4081fe59847fc,PRIME,2.0,immunogenicity,0.038602,higher,predicted,0.717,0.804,A3303
zhao-vaccine-088457b3cc574222,PRIME,2.0,immunogenicity,0.115352,higher,predicted,0.114,0.01,A3303
zhao-vaccine-14bbceb36aa6c0da,PRIME,2.0,immunogenicity,0.056934,higher,predicted,0.402,0.033,A3303
zhao-vaccine-ce1246e2931151a3,PRIME,2.0,immunogenicity,0.12242,higher,predicted,0.117,0.191,A3101
zhao-vaccine-45d7a6ceaa64879e,PRIME,2.0,immunogenicity,0.269622,higher,predicted,0.01,0.011,A2402
zhao-vaccine-448f0ce01bcf5e67,PRIME,2.0,immunogenicity,0.057022,higher,predicted,0.651,0.773,A2402
zhao-vaccine-5acc772f0c218538,PRIME,2.0,immunogenicity,0.089905,higher,predicted,0.314,0.099,A2402
zhao-vaccine-8f6368c4e6f355e2,PRIME,2.0,immunogenicity,0.082482,higher,predicted,0.254,0.055,A3101
zhao-vaccine-abb34459ed500446,PRIME,2.0,immunogenicity,0.000272,higher,predicted,63.348,7.514,A3101
zhao-vaccine-c19f43c028dd06ae,PRIME,2.0,immunogenicity,0.130469,higher,predicted,0.101,0.074,A3101
zhao-vaccine-6ee3262e65533d4a,PRIME,2.0,immunogenicity,0.011863,higher,predicted,3.479,2.269,A3101
zhao-vaccine-2d202b0a52a43a2e,PRIME,2.0,immunogenicity,0.028019,higher,predicted,1.311,2.293,A3101
zhao-vaccine-a5d880e21f044781,PRIME,2.0,immunogenicity,0.057648,higher,predicted,0.641,0.059,A2402
zhao-vaccine-73659d102e59d85b,PRIME,2.0,immunogenicity,0.146673,higher,predicted,0.072,0.133,A1101
zhao-vaccine-0334a8ae14faaa2d,PRIME,2.0,immunogenicity,0.03228,higher,predicted,0.719,0.433,B4002
zhao-vaccine-3eb94e1e08b00c01,PRIME,2.0,immunogenicity,0.150203,higher,predicted,0.049,0.106,B4002
zhao-vaccine-e02fcb6eef821af5,PRIME,2.0,immunogenicity,0.109425,higher,predicted,0.147,0.816,A1101
zhao-vaccine-aebfeda419195cb0,PRIME,2.0,immunogenicity,0.036918,higher,predicted,0.851,0.319,A1101
zhao-vaccine-f145b9ffc8a1f59c,PRIME,2.0,immunogenicity,0.015989,higher,predicted,2.865,4.313,A0201
zhao-vaccine-97cf03fe0349d513,PRIME,2.0,immunogenicity,0.005644,higher,predicted,7.262,1.506,A1101
zhao-vaccine-6f73d07aa4c67a19,PRIME,2.0,immunogenicity,0.002033,higher,predicted,19.053,15.306,C1202
zhao-vaccine-04a9b502010fdbe3,PRIME,2.0,immunogenicity,0.008137,higher,predicted,8.294,2.209,A2602
zhao-vaccine-6536a7f840c24ccb,PRIME,2.0,immunogenicity,0.072083,higher,predicted,0.593,3.341,A2602
zhao-vaccine-d83b42c7657e0820,PRIME,2.0,immunogenicity,0.022416,higher,predicted,2.931,0.883,A2602
zhao-vaccine-012a547be5fb8dbd,PRIME,2.0,immunogenicity,0.000691,higher,predicted,38.592,6.216,C1202
zhao-vaccine-6cc08ec7d6bde57a,PRIME,2.0,immunogenicity,0.181628,higher,predicted,0.048,0.088,A0206
zhao-vaccine-e16f51b54e3bfb1c,PRIME,2.0,immunogenicity,0.024468,higher,predicted,2.023,1.728,A0206
zhao-vaccine-55545bc00f110e01,PRIME,2.0,immunogenicity,0.037212,higher,predicted,1.203,0.254,A0206
zhao-vaccine-efece602cd2b93f3,PRIME,2.0,immunogenicity,0.00599,higher,predicted,9.157,5.933,A0206
zhao-vaccine-594a0daa800552b6,PRIME,2.0,immunogenicity,0.021371,higher,predicted,2.408,2.403,A0206
zhao-vaccine-bae201e4ced1f34b,PRIME,2.0,immunogenicity,0.029094,higher,predicted,1.588,0.533,A2402
zhao-vaccine-2ef0909a4500d016,PRIME,2.0,immunogenicity,0.082222,higher,predicted,0.364,0.181,B5801
zhao-vaccine-15cbf14c5545cc93,PRIME,2.0,immunogenicity,0.049454,higher,predicted,0.748,0.179,A0201
zhao-vaccine-5b773f4e7f9ade0f,PRIME,2.0,immunogenicity,0.232996,higher,predicted,0.018,0.015,B5801
zhao-vaccine-42ab827593cacaf0,PRIME,2.0,immunogenicity,0.016027,higher,predicted,2.684,1.406,B3530
zhao-vaccine-52ae3f2c28117bac,PRIME,2.0,immunogenicity,0.007182,higher,predicted,6.431,3.453,A0201
zhao-vaccine-517cba3caff78694,PRIME,2.0,immunogenicity,0.095531,higher,predicted,0.264,0.25,C0304
zhao-vaccine-4c51fc68e2191e97,PRIME,2.0,immunogenicity,0.005213,higher,predicted,8.211,3.298,B3530
zhao-vaccine-14056954cee090d8,PRIME,2.0,immunogenicity,0.120035,higher,predicted,0.17,0.029,A0201
zhao-vaccine-22b7c72cda5f4f92,PRIME,2.0,immunogenicity,0.025545,higher,predicted,1.74,1.895,A0201
zhao-vaccine-2c80beabad2f409a,PRIME,2.0,immunogenicity,0.217303,higher,predicted,0.031,0.094,A0201
zhao-vaccine-797aadb964204ef5,PRIME,2.0,immunogenicity,0.056769,higher,predicted,0.515,0.201,B1501
zhao-vaccine-b05e679605d00fa0,PRIME,2.0,immunogenicity,0.009371,higher,predicted,4.449,2.422,B1501
zhao-vaccine-281ff6eb4951893c,PRIME,2.0,immunogenicity,0.191661,higher,predicted,0.052,0.039,A2402
zhao-vaccine-641eeb38a4276a28,PRIME,2.0,immunogenicity,0.277064,higher,predicted,0.009,0.026,A2402
zhao-vaccine-51e0501ebb728dd2,PRIME,2.0,immunogenicity,0.039838,higher,predicted,0.939,1.451,B3501
zhao-vaccine-3b787be7b79029f5,PRIME,2.0,immunogenicity,0.003314,higher,predicted,12.95,5.83,C0303
zhao-vaccine-0fbc219a71b459d7,PRIME,2.0,immunogenicity,0.026621,higher,predicted,1.575,0.907,B3501
zhao-vaccine-819717c4a7657372,PRIME,2.0,immunogenicity,0.005345,higher,predicted,12.541,2.695,A2603
zhao-vaccine-8479b9a0390ae4db,PRIME,2.0,immunogenicity,0.027152,higher,predicted,1.629,0.288,B3901
zhao-vaccine-e7fe3251a7a672d6,PRIME,2.0,immunogenicity,0.058494,higher,predicted,0.386,0.236,A3303
zhao-vaccine-2639280ce061272b,PRIME,2.0,immunogenicity,0.032794,higher,predicted,1.309,0.124,B3901
zhao-vaccine-fa3761c9e3dfbaf8,PRIME,2.0,immunogenicity,0.050238,higher,predicted,0.682,0.559,C1403
zhao-vaccine-5c309b0ee9644e7f,PRIME,2.0,immunogenicity,0.004918,higher,predicted,8.647,0.503,C1403
zhao-vaccine-524c708d6b0a6d49,PRIME,2.0,immunogenicity,0.001364,higher,predicted,25.409,7.189,C1403
zhao-vaccine-3d88f66111beb214,PRIME,2.0,immunogenicity,0.116103,higher,predicted,0.112,0.121,A3303
zhao-vaccine-8907cd4e05dd0f92,PRIME,2.0,immunogenicity,0.057311,higher,predicted,0.398,0.437,A3303
zhao-vaccine-f23c0f7c70eff213,PRIME,2.0,immunogenicity,0.052519,higher,predicted,0.426,0.544,B4403
zhao-vaccine-7fd9c28c1ab8d41f,PRIME,2.0,immunogenicity,0.269757,higher,predicted,0.007,0.008,B3901
zhao-vaccine-4890fc8fedc99646,PRIME,2.0,immunogenicity,0.072591,higher,predicted,0.43,0.057,A0201
zhao-vaccine-6f5461a6e864b728,PRIME,2.0,immunogenicity,0.00052,higher,predicted,45.658,9.858,B5401
zhao-vaccine-68eb9f2926cc4388,PRIME,2.0,immunogenicity,0.009443,higher,predicted,4.801,1.077,B5401
zhao-vaccine-5f8390cd580cd614,PRIME,2.0,immunogenicity,0.052508,higher,predicted,0.652,0.358,B5401
zhao-vaccine-a1eb666216cae9fe,PRIME,2.0,immunogenicity,0.002359,higher,predicted,17.564,3.32,B3901
zhao-vaccine-b9e08f235d024ff3,PRIME,2.0,immunogenicity,0.008022,higher,predicted,5.649,2.904,B3901
zhao-vaccine-5267d3482db35612,PRIME,2.0,immunogenicity,0.082414,higher,predicted,0.325,0.135,B3501
zhao-vaccine-b4b4aeec5f1810de,PRIME,2.0,immunogenicity,0.02055,higher,predicted,2.522,11.925,A0206
zhao-vaccine-604f17ed6a74d0b8,PRIME,2.0,immunogenicity,0.004859,higher,predicted,11.387,2.625,A0206
zhao-vaccine-b4cb37bc42987742,PRIME,2.0,immunogenicity,0.047356,higher,predicted,0.837,2.591,A0206
zhao-vaccine-0f8514bb254721a2,PRIME,2.0,immunogenicity,0.012958,higher,predicted,3.34,3.362,B3501
zhao-vaccine-d510c0fe27e8e6ae,PRIME,2.0,immunogenicity,0.015195,higher,predicted,2.667,1.143,B1501
zhao-vaccine-c52900c3c3a75519,PRIME,2.0,immunogenicity,0.007025,higher,predicted,7.859,12.995,A0206
zhao-vaccine-b2eddeff20b2d70c,PRIME,2.0,immunogenicity,0.038925,higher,predicted,0.612,0.888,B4001
zhao-vaccine-fba14c530156892d,PRIME,2.0,immunogenicity,0.053676,higher,predicted,0.364,0.123,B4001
zhao-vaccine-737ad01679904f1b,PRIME,2.0,immunogenicity,0.208961,higher,predicted,0.038,0.01,A2402
zhao-vaccine-988225c2c3d75486,PRIME,2.0,immunogenicity,0.009796,higher,predicted,3.691,0.468,B4001
zhao-vaccine-43f78a8a89388e4b,PRIME,2.0,immunogenicity,0.036702,higher,predicted,0.674,0.123,B4001
zhao-vaccine-5b4e0532c530f9f4,PRIME,2.0,immunogenicity,0.009095,higher,predicted,5.175,5.866,A2402
zhao-vaccine-936f0aa9388d6bb3,PRIME,2.0,immunogenicity,0.014783,higher,predicted,2.352,0.744,B4001
zhao-vaccine-e7da5386683a898e,PRIME,2.0,immunogenicity,0.063321,higher,predicted,0.528,0.732,A0201
zhao-vaccine-4f9555ca9e78447d,PRIME,2.0,immunogenicity,0.154351,higher,predicted,0.063,0.147,B1501
zhao-vaccine-e9b99729a2052602,PRIME,2.0,immunogenicity,0.063016,higher,predicted,0.439,0.506,B1501
zhao-vaccine-2ba4241ff4084969,PRIME,2.0,immunogenicity,0.119413,higher,predicted,0.086,0.115,B4002
zhao-vaccine-90c2b36bc40b8d53,PRIME,2.0,immunogenicity,0.01457,higher,predicted,2.784,5.416,B1501
zhao-vaccine-4a9b1ac687685d32,PRIME,2.0,immunogenicity,0.023797,higher,predicted,1.1,1.772,B4002
zhao-vaccine-35798390cdc3448b,PRIME,2.0,immunogenicity,0.004105,higher,predicted,8.379,3.484,B4002
zhao-vaccine-8e9f7415eabd9d0a,PRIME,2.0,immunogenicity,0.023878,higher,predicted,1.095,1.819,B4002
zhao-vaccine-269dcaac8c66cb04,PRIME,2.0,immunogenicity,0.017138,higher,predicted,2.332,0.921,B1501
zhao-vaccine-0dd28b3c47484db1,PRIME,2.0,immunogenicity,0.001137,higher,predicted,29.006,5.355,B1501
zhao-vaccine-431e4f01dd7c96f4,PRIME,2.0,immunogenicity,0.210997,higher,predicted,0.035,0.291,A0201
zhao-vaccine-e6c35c1196d80f36,PRIME,2.0,immunogenicity,0.038744,higher,predicted,0.869,0.438,B1501
zhao-vaccine-870dcf0226a3eb24,PRIME,2.0,immunogenicity,0.041261,higher,predicted,0.806,0.106,B1501
zhao-vaccine-1b673ac561af2fb5,PRIME,2.0,immunogenicity,0.014771,higher,predicted,2.17,4.128,B0702
zhao-vaccine-6a07c6e959d2f535,PRIME,2.0,immunogenicity,0.016358,higher,predicted,2.802,0.751,A0201
zhao-vaccine-1ba07f9e080374be,PRIME,2.0,immunogenicity,0.146896,higher,predicted,0.112,0.533,A2402
zhao-vaccine-b9e00c9dbefadad5,PRIME,2.0,immunogenicity,0.171395,higher,predicted,0.048,0.001,A3101
zhao-vaccine-f219a0d187201467,PRIME,2.0,immunogenicity,0.026612,higher,predicted,1.437,0.381,B1501
zhao-vaccine-a7beb96254b63e25,PRIME,2.0,immunogenicity,0.007705,higher,predicted,5.477,7.892,A3101
zhao-vaccine-1cb9ac6233ddb252,PRIME,2.0,immunogenicity,0.039418,higher,predicted,0.852,1.646,B1501
zhao-vaccine-eb7703099d566609,PRIME,2.0,immunogenicity,0.042281,higher,predicted,0.781,0.263,B1501
zhao-vaccine-3ed702e03bac3c15,PRIME,2.0,immunogenicity,0.00056,higher,predicted,43.631,6.059,B1501
zhao-vaccine-15c987b0238bc1b4,PRIME,2.0,immunogenicity,0.102806,higher,predicted,0.231,0.03,B3901
zhao-vaccine-09ac43660c1274b9,PRIME,2.0,immunogenicity,0.163941,higher,predicted,0.07,0.453,B5401
zhao-vaccine-c7114845a57964b2,PRIME,2.0,immunogenicity,0.066521,higher,predicted,0.355,0.472,A1101
zhao-vaccine-51d1ebd1091ead4d,PRIME,2.0,immunogenicity,0.133044,higher,predicted,0.094,0.134,A1101
zhao-vaccine-2f4d0a44cc42d77f,PRIME,2.0,immunogenicity,0.003858,higher,predicted,11.493,5.504,B3901
zhao-vaccine-eb61572e9fbb2a60,PRIME,2.0,immunogenicity,0.002681,higher,predicted,16.037,38.898,B3901
zhao-vaccine-febcbcc27fb08659,PRIME,2.0,immunogenicity,0.001359,higher,predicted,25.305,3.354,A1101
zhao-vaccine-b010f27f12c8c387,PRIME,2.0,immunogenicity,0.034009,higher,predicted,1.318,0.32,A2402
zhao-vaccine-77c9354a57881cf6,PRIME,2.0,immunogenicity,0.016027,higher,predicted,2.684,1.977,B3501
zhao-vaccine-7e05698aef8fa29d,PRIME,2.0,immunogenicity,0.114237,higher,predicted,0.176,0.106,B3501
zhao-vaccine-2fd37e72f03a6047,PRIME,2.0,immunogenicity,0.001321,higher,predicted,26.593,2.913,B3501
zhao-vaccine-2dd454ce2c01def5,PRIME,2.0,immunogenicity,0.215246,higher,predicted,0.033,0.151,A2402
zhao-vaccine-999a8cf710284be9,PRIME,2.0,immunogenicity,0.005236,higher,predicted,7.468,11.424,B4006
zhao-vaccine-ff03078496576466,PRIME,2.0,immunogenicity,0.005029,higher,predicted,7.764,5.863,B4006
zhao-vaccine-31e70fd63ba96952,PRIME,2.0,immunogenicity,0.035649,higher,predicted,0.851,0.767,B4006
zhao-vaccine-c304d48c557c7837,PRIME,2.0,immunogenicity,0.049344,higher,predicted,0.709,0.093,B5401
zhao-vaccine-f4c3237149f49ebf,PRIME,2.0,immunogenicity,0.000629,higher,predicted,41.168,5.651,B3501
zhao-vaccine-a140bd84f67a0c6f,PRIME,2.0,immunogenicity,0.007324,higher,predicted,5.914,6.249,B3501
zhao-vaccine-20d6899ac9bb7275,PRIME,2.0,immunogenicity,0.020187,higher,predicted,2.069,0.88,B3501
zhao-vaccine-91328204c315fcc8,PRIME,2.0,immunogenicity,0.026787,higher,predicted,1.564,0.495,B3501
zhao-vaccine-35b7ef036ad9d2bb,PRIME,2.0,immunogenicity,0.24008,higher,predicted,0.02,0.017,A2402
zhao-vaccine-cecbcdd5db255dee,PRIME,2.0,immunogenicity,0.189903,higher,predicted,0.065,0.055,A2601
zhao-vaccine-daed3fc8bf078fa2,PRIME,2.0,immunogenicity,0.072809,higher,predicted,0.584,0.437,A2601
zhao-vaccine-998ed325d9a64141,PRIME,2.0,immunogenicity,0.032886,higher,predicted,1.221,1.616,B3501
zhao-vaccine-6c7174c682a4fa1a,PRIME,2.0,immunogenicity,0.006302,higher,predicted,6.847,2.635,B3501
zhao-vaccine-f9db4d94966b045f,PRIME,2.0,immunogenicity,0.135702,higher,predicted,0.13,0.356,A0201
zhao-vaccine-7899e271f24dbaaa,PRIME,2.0,immunogenicity,0.134336,higher,predicted,0.133,0.693,A0201
zhao-vaccine-782ea6c26658340c,PRIME,2.0,immunogenicity,0.096847,higher,predicted,0.261,0.678,A0201
zhao-vaccine-4fdaca389da0a357,PRIME,2.0,immunogenicity,0.237182,higher,predicted,0.021,0.067,A0201
zhao-vaccine-f6c578840065b9ad,PRIME,2.0,immunogenicity,0.021045,higher,predicted,2.116,2.254,A0201
zhao-vaccine-38a151781c112c83,PRIME,2.0,immunogenicity,0.014365,higher,predicted,2.521,0.768,A3303
zhao-vaccine-e3dbd23545dcf992,PRIME,2.0,immunogenicity,0.063945,higher,predicted,0.379,0.046,A1101
zhao-vaccine-4b7a5315ae885e02,PRIME,2.0,immunogenicity,0.126434,higher,predicted,0.107,0.093,A1101
zhao-vaccine-b107a7c085e028fa,PRIME,2.0,immunogenicity,0.006562,higher,predicted,6.244,0.786,A1101
zhao-vaccine-906d3f0af697c94f,PRIME,2.0,immunogenicity,0.138035,higher,predicted,0.085,0.125,A1101
zhao-vaccine-40eee1f7b3b872bf,PRIME,2.0,immunogenicity,0.002385,higher,predicted,16.674,1.268,A1101
zhao-vaccine-fbe97d4793ad925e,PRIME,2.0,immunogenicity,0.048119,higher,predicted,0.587,1.125,A1101
zhao-vaccine-99bf0685a25d9f4e,PRIME,2.0,immunogenicity,0.052701,higher,predicted,0.517,0.072,A1101
zhao-vaccine-49c73a581f5af388,PRIME,2.0,immunogenicity,0.025252,higher,predicted,1.836,0.565,A2402
zhao-vaccine-2c5226e372e7c6aa,PRIME,2.0,immunogenicity,0.360186,higher,predicted,0.001,0.001,A0201
zhao-vaccine-5f372107c6cf3c03,PRIME,2.0,immunogenicity,0.101326,higher,predicted,0.226,0.049,B5401
zhao-vaccine-61c20c5796f55f00,PRIME,2.0,immunogenicity,0.205608,higher,predicted,0.038,0.14,A0201
zhao-vaccine-6c2ff6bbf2e25434,PRIME,2.0,immunogenicity,0.138227,higher,predicted,0.061,0.054,B4002
zhao-vaccine-4e848c7999f82d03,PRIME,2.0,immunogenicity,0.014983,higher,predicted,3.056,7.424,A0201
zhao-vaccine-2a76499d5769d1c7,PRIME,2.0,immunogenicity,0.024181,higher,predicted,1.073,2.49,B4002
zhao-vaccine-3e32e82aa160cb78,PRIME,2.0,immunogenicity,0.096203,higher,predicted,0.136,0.859,B4002
zhao-vaccine-b62a015c56847360,PRIME,2.0,immunogenicity,0.012922,higher,predicted,3.594,5.958,A0201
zhao-vaccine-443278b0fe4f1a94,PRIME,2.0,immunogenicity,0.091629,higher,predicted,0.289,0.184,A0201
zhao-vaccine-83c4b6833bc79d5a,PRIME,2.0,immunogenicity,0.253002,higher,predicted,0.008,0.053,A1101
zhao-vaccine-41f8a4a277c3bf57,PRIME,2.0,immunogenicity,0.188413,higher,predicted,0.034,0.01,A1101
zhao-vaccine-b5609f4b00b5ecbf,PRIME,2.0,immunogenicity,0.190952,higher,predicted,0.032,0.069,A1101
zhao-vaccine-674f8dd0f2497205,PRIME,2.0,immunogenicity,0.092242,higher,predicted,0.203,0.175,A1101
zhao-vaccine-6442e1e73e72e2b9,PRIME,2.0,immunogenicity,0.193682,higher,predicted,0.05,0.04,A2402
zhao-vaccine-4fce6223728d6fe9,PRIME,2.0,immunogenicity,0.019771,higher,predicted,2.635,4.436,A0206
zhao-vaccine-bc19aa25441d4845,PRIME,2.0,immunogenicity,0.33497,higher,predicted,0.001,0.001,A2402
zhao-vaccine-8cc78eadeb184fd3,PRIME,2.0,immunogenicity,0.005738,higher,predicted,9.528,5.141,A0206
zhao-vaccine-3c807871ccdfaaa5,PRIME,2.0,immunogenicity,0.022307,higher,predicted,2.285,0.9,A0206
zhao-vaccine-a506809dd22a0c23,PRIME,2.0,immunogenicity,0.100866,higher,predicted,0.257,0.162,A2402
zhao-vaccine-c8af7f143c9713e7,PRIME,2.0,immunogenicity,0.002178,higher,predicted,21.62,11.015,A0206
zhao-vaccine-b98b49d9dc2ddbaa,PRIME,2.0,immunogenicity,0.00934,higher,predicted,5.92,3.308,A0206
zhao-vaccine-027d4038dc5b09ff,PRIME,2.0,immunogenicity,0.052613,higher,predicted,0.578,0.628,B1501
zhao-vaccine-594361c936eecf3b,PRIME,2.0,immunogenicity,0.000824,higher,predicted,35.892,11.786,A3101
zhao-vaccine-31e968234ae09e75,PRIME,2.0,immunogenicity,0.00753,higher,predicted,5.565,2.931,B1501
zhao-vaccine-19f1cbd28ac92618,PRIME,2.0,immunogenicity,0.051238,higher,predicted,0.601,0.43,B1501
zhao-vaccine-2c71ed8fab9b97e6,PRIME,2.0,immunogenicity,0.106065,higher,predicted,0.298,0.095,A2601
zhao-vaccine-f4db7077efae5ef9,PRIME,2.0,immunogenicity,0.118597,higher,predicted,0.163,0.086,B3501
zhao-vaccine-f3037d9d01c7f32a,PRIME,2.0,immunogenicity,0.005889,higher,predicted,7.311,3.267,B3501
zhao-vaccine-e77814e4dc74abe3,PRIME,2.0,immunogenicity,0.028434,higher,predicted,1.717,1.126,A0206
zhao-vaccine-16ef0fbf13441ca0,PRIME,2.0,immunogenicity,0.030129,higher,predicted,1.603,0.195,A0206
zhao-vaccine-a75b0331c22d7ed7,PRIME,2.0,immunogenicity,0.191065,higher,predicted,0.041,0.14,B3501
zhao-vaccine-c555803c2dad8235,PRIME,2.0,immunogenicity,0.011871,higher,predicted,3.656,0.589,B3501
zhao-vaccine-53f9e7c4492b596e,PRIME,2.0,immunogenicity,0.002514,higher,predicted,16.613,5.964,B3501
zhao-vaccine-cedf6ad7f324daa7,PRIME,2.0,immunogenicity,0.004921,higher,predicted,11.227,9.845,A0206
zhao-vaccine-42a8d192101bf2a7,PRIME,2.0,immunogenicity,0.088685,higher,predicted,0.293,0.353,B5401
zhao-vaccine-2efff9f95c83b59e,PRIME,2.0,immunogenicity,0.134686,higher,predicted,0.12,0.29,B5401
zhao-vaccine-1b3fd906eff85f35,PRIME,2.0,immunogenicity,0.010016,higher,predicted,4.538,6.312,B5401
zhao-vaccine-ed04da0224f05378,PRIME,2.0,immunogenicity,0.08064,higher,predicted,0.381,0.078,A2420
zhao-vaccine-c6e61155d8a27f75,PRIME,2.0,immunogenicity,0.070115,higher,predicted,0.432,0.441,B5401
zhao-vaccine-23edf1fdf3ae1ce2,PRIME,2.0,immunogenicity,0.044879,higher,predicted,0.9,0.11,A2420
zhao-vaccine-ffa85861f014f958,PRIME,2.0,immunogenicity,0.151021,higher,predicted,0.104,0.233,A2420
zhao-vaccine-89eb018657dac248,PRIME,2.0,immunogenicity,0.007491,higher,predicted,5.204,1.044,A0101
zhao-vaccine-dd6fcd2a9d2c2d22,PRIME,2.0,immunogenicity,0.020399,higher,predicted,2.544,1.018,A0206
zhao-vaccine-33f9f2fdb380c481,PRIME,2.0,immunogenicity,0.055658,higher,predicted,0.343,0.108,B4001
zhao-vaccine-00bbe998fe67645a,PRIME,2.0,immunogenicity,0.016707,higher,predicted,3.173,1.731,A0206
zhao-vaccine-a279cd33662b7c39,PRIME,2.0,immunogenicity,0.193948,higher,predicted,0.05,0.129,A2402
zhao-vaccine-ec1761a6f877a578,PRIME,2.0,immunogenicity,0.055966,higher,predicted,0.654,0.194,A0206
zhao-vaccine-498121a87cf9006a,PRIME,2.0,immunogenicity,0.011183,higher,predicted,4.913,3.053,A0206
zhao-vaccine-505928c8dfd97252,PRIME,2.0,immunogenicity,0.001626,higher,predicted,26.762,11.754,A0206
zhao-vaccine-88d2cf97086ba2b1,PRIME,2.0,immunogenicity,0.159742,higher,predicted,0.057,0.135,A1101
zhao-vaccine-8e31a740414c436d,PRIME,2.0,immunogenicity,0.085958,higher,predicted,0.231,0.431,A1101
zhao-vaccine-67a7cb1a9cd5537a,PRIME,2.0,immunogenicity,0.048928,higher,predicted,0.574,0.446,A1101
zhao-vaccine-ed105e94eb33c23f,PRIME,2.0,immunogenicity,0.096877,higher,predicted,0.185,0.45,A1101
zhao-vaccine-ca907375d90ffd56,PRIME,2.0,immunogenicity,0.020991,higher,predicted,1.857,2.407,B1511
zhao-vaccine-af5421d3479e6ec6,PRIME,2.0,immunogenicity,0.156876,higher,predicted,0.082,0.233,C0303
zhao-vaccine-cfb0d6a91bade6e3,PRIME,2.0,immunogenicity,0.267601,higher,predicted,0.005,0.133,C0303
zhao-vaccine-c6bccb45706420d2,PRIME,2.0,immunogenicity,0.041567,higher,predicted,0.955,0.815,C0303
zhao-vaccine-ed91fd9062182556,PRIME,2.0,immunogenicity,0.016004,higher,predicted,2.844,6.029,C0303
zhao-vaccine-a7881a1349c324b0,PRIME,2.0,immunogenicity,0.047472,higher,predicted,0.455,0.158,B6701
zhao-vaccine-accfc28005a997a0,PRIME,2.0,immunogenicity,0.025939,higher,predicted,1.713,1.752,A0201
zhao-vaccine-7ecc3afcfc479b22,PRIME,2.0,immunogenicity,0.157147,higher,predicted,0.064,0.089,A3101
zhao-vaccine-987370e7342d1375,PRIME,2.0,immunogenicity,0.023293,higher,predicted,1.9,0.557,A0201
zhao-vaccine-71fb48b138c68493,PRIME,2.0,immunogenicity,0.01881,higher,predicted,2.059,0.255,A3101
zhao-vaccine-fe504cb3a34de30b,PRIME,2.0,immunogenicity,0.129114,higher,predicted,0.104,0.075,A3101
zhao-vaccine-8853121dd0c52702,PRIME,2.0,immunogenicity,0.001722,higher,predicted,22.198,3.385,B6701
zhao-vaccine-a09fbd4532049d91,PRIME,2.0,immunogenicity,0.023791,higher,predicted,1.606,1.184,A3101
zhao-vaccine-187d77f183b34239,PRIME,2.0,immunogenicity,0.044836,higher,predicted,0.674,1.711,A3101
zhao-vaccine-593425b8c0ccf8bf,PRIME,2.0,immunogenicity,0.033809,higher,predicted,1.808,0.727,A2602
zhao-vaccine-21a52baf4580180e,PRIME,2.0,immunogenicity,0.001881,higher,predicted,19.486,16.44,C0303
zhao-vaccine-0f5a57f6f7175fc0,PRIME,2.0,immunogenicity,0.050699,higher,predicted,0.768,0.069,A2402
zhao-vaccine-ec7dff67820e77d1,PRIME,2.0,immunogenicity,0.024249,higher,predicted,2.695,0.815,A2602
zhao-vaccine-08887c0779567264,PRIME,2.0,immunogenicity,0.150119,higher,predicted,0.07,0.102,B1501
zhao-vaccine-44e11c0e9ea75d63,PRIME,2.0,immunogenicity,0.013821,higher,predicted,3.293,3.523,C0303
zhao-vaccine-4eff2f302bcaea44,PRIME,2.0,immunogenicity,0.000727,higher,predicted,38.798,17.897,B6701
zhao-vaccine-4cb9d365261492ad,PRIME,2.0,immunogenicity,0.015358,higher,predicted,2.169,0.726,B6701
zhao-vaccine-7c419d91c68603f4,PRIME,2.0,immunogenicity,0.076325,higher,predicted,0.198,0.321,B6701
zhao-vaccine-870b2b766c30a36c,PRIME,2.0,immunogenicity,0.276132,higher,predicted,0.003,0.003,B6701
zhao-vaccine-8bdb3677f1d98aff,PRIME,2.0,immunogenicity,0.122489,higher,predicted,0.115,0.116,A1101
zhao-vaccine-c3b4945d0c5d5a65,PRIME,2.0,immunogenicity,0.004754,higher,predicted,8.374,5.844,B6701
zhao-vaccine-840f21de3849ccc5,PRIME,2.0,immunogenicity,0.130764,higher,predicted,0.098,0.15,A1101
zhao-vaccine-e5f3b76448b2e3ea,PRIME,2.0,immunogenicity,0.016606,higher,predicted,2.332,0.334,A1101
zhao-vaccine-6e15508381a3dd0b,PRIME,2.0,immunogenicity,0.011524,higher,predicted,3.494,1.118,A1101
zhao-vaccine-09990d670d0f6f25,PRIME,2.0,immunogenicity,0.001233,higher,predicted,27.784,2.734,B3501
zhao-vaccine-97c3b1accfcaaea2,PRIME,2.0,immunogenicity,0.229359,higher,predicted,0.024,0.089,A0201
zhao-vaccine-0e62a9c6910a92b7,PRIME,2.0,immunogenicity,0.170877,higher,predicted,0.063,0.24,B3501
zhao-vaccine-0eaa66ab2c642dc8,PRIME,2.0,immunogenicity,0.214133,higher,predicted,0.033,0.262,A0201
zhao-vaccine-077ba4b974560005,PRIME,2.0,immunogenicity,0.097562,higher,predicted,0.241,0.188,B3501
zhao-vaccine-94ededcc1d3dcd1a,PRIME,2.0,immunogenicity,0.079459,higher,predicted,0.3,0.026,B1501
zhao-vaccine-1b8f8f27299b8c02,PRIME,2.0,immunogenicity,0.006365,higher,predicted,6.784,0.89,B3501
zhao-vaccine-fdc7a53c57604dd2,PRIME,2.0,immunogenicity,0.097157,higher,predicted,0.26,0.564,A0201
zhao-vaccine-d702c99028cd8b72,PRIME,2.0,immunogenicity,0.023253,higher,predicted,2.821,0.065,A2602
zhao-vaccine-7cc532e2dc3aab79,PRIME,2.0,immunogenicity,0.09301,higher,predicted,0.295,0.033,A2402
zhao-vaccine-2b0b1a9adb16d807,PRIME,2.0,immunogenicity,0.167616,higher,predicted,0.08,0.404,A2402
zhao-vaccine-b2fa34c6b5886283,PRIME,2.0,immunogenicity,0.023012,higher,predicted,2.852,4.497,A2602
zhao-vaccine-a1d67ef963399fc6,PRIME,2.0,immunogenicity,0.011193,higher,predicted,4.235,4.801,A2402
zhao-vaccine-60705d8cda191056,PRIME,2.0,immunogenicity,0.004131,higher,predicted,15.669,9.189,A2602
zhao-vaccine-6780d94636a0170d,PRIME,2.0,immunogenicity,0.062608,higher,predicted,0.748,0.708,A2602
zhao-vaccine-9d1b561dc3405f4d,PRIME,2.0,immunogenicity,0.1729,higher,predicted,0.073,0.264,A2402
zhao-vaccine-7cbdf40ccbc28cfe,PRIME,2.0,immunogenicity,0.124377,higher,predicted,0.168,0.144,A2402
zhao-vaccine-c8b652520bf83db2,PRIME,2.0,immunogenicity,0.099568,higher,predicted,0.127,0.005,B4002
zhao-vaccine-6307a7641f804ad7,PRIME,2.0,immunogenicity,0.049949,higher,predicted,0.783,0.121,A2402
zhao-vaccine-f27ca35b1558b455,PRIME,2.0,immunogenicity,0.045262,higher,predicted,1.237,0.062,A2603
zhao-vaccine-76e5059cd3b3c3ad,PRIME,2.0,immunogenicity,0.096334,higher,predicted,0.278,0.19,A2402
zhao-vaccine-1a5b99b311a83746,PRIME,2.0,immunogenicity,0.063541,higher,predicted,0.274,1.867,B4002
zhao-vaccine-f7e2831b9ad53f98,PRIME,2.0,immunogenicity,0.169485,higher,predicted,0.031,0.083,B4002
zhao-vaccine-d2daf8fb140cfed0,PRIME,2.0,immunogenicity,0.078603,higher,predicted,0.192,0.605,B4002
zhao-vaccine-f6ddf367d3aa0944,PRIME,2.0,immunogenicity,0.011278,higher,predicted,6.084,10.841,A2603
zhao-vaccine-00908c84222df7b5,PRIME,2.0,immunogenicity,0.006103,higher,predicted,7.509,3.947,A0201
zhao-vaccine-b442aa09c915e1b0,PRIME,2.0,immunogenicity,0.280257,higher,predicted,0.008,0.021,A2402
zhao-vaccine-2a4efa7dc4e16be3,PRIME,2.0,immunogenicity,0.056881,higher,predicted,0.613,0.091,A0201
zhao-vaccine-f844c7c3634362b8,PRIME,2.0,immunogenicity,0.027004,higher,predicted,1.643,0.086,A0201
zhao-vaccine-a724b8334d910f2a,PRIME,2.0,immunogenicity,0.060331,higher,predicted,0.565,0.371,A0201
zhao-vaccine-6f5a9d2a685e6156,PRIME,2.0,immunogenicity,0.002247,higher,predicted,17.068,15.583,C0304
zhao-vaccine-6799be403a5dbd26,PRIME,2.0,immunogenicity,0.01583,higher,predicted,2.892,5.486,A0201
zhao-vaccine-c802fa23167d5f2a,PRIME,2.0,immunogenicity,0.103651,higher,predicted,0.108,0.181,B0702
zhao-vaccine-d860eddaa0290236,PRIME,2.0,immunogenicity,0.028644,higher,predicted,0.904,0.357,B0702
zhao-vaccine-cbb789d156e2aba7,PRIME,2.0,immunogenicity,0.000181,higher,predicted,77.595,57.419,B3901
zhao-vaccine-b770e8f9159c9169,PRIME,2.0,immunogenicity,0.001086,higher,predicted,34.331,1.083,A0206
zhao-vaccine-173ce343846a1385,PRIME,2.0,immunogenicity,0.195565,higher,predicted,0.014,0.045,B0702
zhao-vaccine-24a02762c3c11d45,PRIME,2.0,immunogenicity,0.051469,higher,predicted,0.743,0.382,A0206
zhao-vaccine-b6974ef7d6e802a7,PRIME,2.0,immunogenicity,0.214845,higher,predicted,0.033,0.036,A0201
zhao-vaccine-c05520f12a2c83f4,PRIME,2.0,immunogenicity,0.229296,higher,predicted,0.025,0.012,A0201
zhao-vaccine-551d258967ca2f3c,PRIME,2.0,immunogenicity,0.089149,higher,predicted,0.317,0.519,B5801
zhao-vaccine-a6669be1d1983a32,PRIME,2.0,immunogenicity,0.200426,higher,predicted,0.038,0.054,B5801
zhao-vaccine-ff446da963d36eef,PRIME,2.0,immunogenicity,0.007503,higher,predicted,6.562,7.432,B5801
zhao-vaccine-6e8fa7e919c20256,PRIME,2.0,immunogenicity,0.260153,higher,predicted,0.012,0.08,A0201
zhao-vaccine-961b997f7b26e7e6,PRIME,2.0,immunogenicity,0.010221,higher,predicted,3.675,2.58,A3303
zhao-vaccine-9ff55164e617cab1,PRIME,2.0,immunogenicity,0.16469,higher,predicted,0.081,0.067,A0201
zhao-vaccine-1a8a6c27562c8053,PRIME,2.0,immunogenicity,0.012735,higher,predicted,3.597,4.466,B3901
zhao-vaccine-bf21c75ba65f9f20,PRIME,2.0,immunogenicity,0.064118,higher,predicted,0.483,0.068,B3501
zhao-vaccine-e8e1055788c37784,PRIME,2.0,immunogenicity,0.010128,higher,predicted,4.284,2.975,B3501
zhao-vaccine-249ec9d719d2e2b9,PRIME,2.0,immunogenicity,0.074581,higher,predicted,0.201,0.168,B0702
zhao-vaccine-714dd3fd331ab889,PRIME,2.0,immunogenicity,0.038441,higher,predicted,0.98,0.702,B3501
zhao-vaccine-1308adb57ad1d4a5,PRIME,2.0,immunogenicity,0.038255,higher,predicted,0.594,0.541,B0702
zhao-vaccine-da4c729d49ea6247,PRIME,2.0,immunogenicity,0.153976,higher,predicted,0.099,0.347,A2402
zhao-vaccine-3fd3e86583758e28,PRIME,2.0,immunogenicity,0.011223,higher,predicted,3.859,1.372,B3501
zhao-vaccine-6f2582757604863f,PRIME,2.0,immunogenicity,0.017035,higher,predicted,1.832,5.832,B0702
zhao-vaccine-57692480797c79b9,PRIME,2.0,immunogenicity,0.034704,higher,predicted,1.284,0.973,A2402
zhao-vaccine-6bc3ae1ef23d0f04,PRIME,2.0,immunogenicity,0.023279,higher,predicted,1.646,0.577,A3101
zhao-vaccine-d759e0316788cd2b,PRIME,2.0,immunogenicity,0.035035,higher,predicted,0.949,0.424,A3101
zhao-vaccine-9728ae87187a9e73,PRIME,2.0,immunogenicity,,higher,unsupported_hla,,,A2446
zhao-vaccine-c4cca9f1763e34dd,PRIME,2.0,immunogenicity,0.029859,higher,predicted,1.2,0.757,A3101
zhao-vaccine-3ced89732d0ad931,PRIME,2.0,immunogenicity,,higher,unsupported_hla,,,A2446
zhao-vaccine-441d0364a06033cb,PRIME,2.0,immunogenicity,0.034946,higher,predicted,0.987,0.862,B1501
zhao-vaccine-16c6c9d27fe832a4,PRIME,2.0,immunogenicity,0.001702,higher,predicted,20.938,2.438,C0303
zhao-vaccine-c7af78855e502553,PRIME,2.0,immunogenicity,0.000575,higher,predicted,42.424,32.142,C0303
zhao-vaccine-00de87cde7b07881,PRIME,2.0,immunogenicity,0.123772,higher,predicted,0.148,0.271,A0206
zhao-vaccine-cb1097c8202abd0c,PRIME,2.0,immunogenicity,0.174859,higher,predicted,0.056,0.651,A0206
zhao-vaccine-6a9952f2ac9c73d8,PRIME,2.0,immunogenicity,0.013314,higher,predicted,2.648,0.454,B4001
zhao-vaccine-f06b64d4bf97a124,PRIME,2.0,immunogenicity,0.060568,higher,predicted,0.299,0.401,B6701
zhao-vaccine-f015f92eb8c65959,PRIME,2.0,immunogenicity,0.104003,higher,predicted,0.216,1.754,A0206
zhao-vaccine-f11917d7db4ada39,PRIME,2.0,immunogenicity,0.100947,higher,predicted,0.119,0.383,B4001
zhao-vaccine-613756e440edc424,PRIME,2.0,immunogenicity,0.054101,higher,predicted,0.359,0.147,B4001
zhao-vaccine-da5e353209a40617,PRIME,2.0,immunogenicity,0.012987,higher,predicted,3.332,1.049,B3501
zhao-vaccine-c71558be4c0f1af9,PRIME,2.0,immunogenicity,0.026363,higher,predicted,1.591,0.144,B3501
zhao-vaccine-fade937a83b19822,PRIME,2.0,immunogenicity,0.150611,higher,predicted,0.069,0.126,B1501
zhao-vaccine-db87e0dbaca0d72a,PRIME,2.0,immunogenicity,0.002143,higher,predicted,18.456,1.461,B1501
zhao-vaccine-c9db65c1907c2f77,PRIME,2.0,immunogenicity,0.259998,higher,predicted,0.012,0.036,A2402
zhao-vaccine-653ce61563cfa368,PRIME,2.0,immunogenicity,0.070238,higher,predicted,0.369,0.508,B1501
zhao-vaccine-8c82294b8ef6ef37,PRIME,2.0,immunogenicity,0.005604,higher,predicted,7.784,3.814,C0303
zhao-vaccine-89b8be7d7def609d,PRIME,2.0,immunogenicity,0.001631,higher,predicted,22.769,6.238,B3501
zhao-vaccine-d06b3454cfc7d74e,PRIME,2.0,immunogenicity,0.075245,higher,predicted,0.33,1.354,B1501
zhao-vaccine-f617bbebb60664b7,PRIME,2.0,immunogenicity,0.024506,higher,predicted,1.889,0.386,A2402
zhao-vaccine-3a526a6437849961,PRIME,2.0,immunogenicity,0.143805,higher,predicted,0.15,0.203,A2603
zhao-vaccine-b11e8dbcf5c8593f,PRIME,2.0,immunogenicity,0.029357,higher,predicted,1.572,2.925,A2402
zhao-vaccine-47e5e89b76063222,PRIME,2.0,immunogenicity,0.00037,higher,predicted,57.833,15.14,A2603
zhao-vaccine-bb31a5226daef6cb,PRIME,2.0,immunogenicity,0.014095,higher,predicted,3.382,1.073,A2402
zhao-vaccine-ffbe2fce3b2bcb9b,PRIME,2.0,immunogenicity,0.001386,higher,predicted,25.356,16.032,C1202
zhao-vaccine-e07e0fa3e619dfb3,PRIME,2.0,immunogenicity,0.032041,higher,predicted,1.299,0.159,B5401
zhao-vaccine-8ec26eb23f396652,PRIME,2.0,immunogenicity,0.115753,higher,predicted,0.249,0.103,A2602
zhao-vaccine-4a579e89601e7a16,PRIME,2.0,immunogenicity,0.062089,higher,predicted,0.397,0.209,A1101
zhao-vaccine-c1d91edb6f2ec47b,PRIME,2.0,immunogenicity,0.175212,higher,predicted,0.055,0.032,B5401
zhao-vaccine-72726c139f67b795,PRIME,2.0,immunogenicity,0.031797,higher,predicted,1.059,0.214,A1101
zhao-vaccine-cca85c5f54c03406,PRIME,2.0,immunogenicity,0.086904,higher,predicted,0.226,0.389,A1101
zhao-vaccine-0b159fd368dd378e,PRIME,2.0,immunogenicity,0.162383,higher,predicted,0.108,0.227,A2602
zhao-vaccine-0d32134ee9a1c1e9,PRIME,2.0,immunogenicity,0.000117,higher,predicted,83.105,16.184,A2602
zhao-vaccine-d6ff8f98181fc5e2,PRIME,2.0,immunogenicity,0.037822,higher,predicted,1.076,1.457,A0201
zhao-vaccine-cc92e6999b763405,PRIME,2.0,immunogenicity,0.007329,higher,predicted,7.549,4.024,A0206
zhao-vaccine-c184a6b978d8f6b9,PRIME,2.0,immunogenicity,0.099467,higher,predicted,0.236,0.097,A0206
zhao-vaccine-d2e3d30a8e2ae2ef,PRIME,2.0,immunogenicity,0.089732,higher,predicted,0.3,0.166,A0201
zhao-vaccine-3e39a16929680e56,PRIME,2.0,immunogenicity,0.003271,higher,predicted,16.334,4.375,A0206
zhao-vaccine-99c9f8800047835e,PRIME,2.0,immunogenicity,0.001969,higher,predicted,23.44,2.34,A0206
zhao-vaccine-4f15ebf0cc570314,PRIME,2.0,immunogenicity,0.112006,higher,predicted,0.184,0.549,A0206
zhao-vaccine-8e9dff058c4dbaa7,PRIME,2.0,immunogenicity,0.017771,higher,predicted,2.232,0.759,B1507
zhao-vaccine-6cb85a15b9145556,PRIME,2.0,immunogenicity,0.09128,higher,predicted,0.229,0.36,B1507
zhao-vaccine-944c5ddaf90c82cc,PRIME,2.0,immunogenicity,0.010338,higher,predicted,3.99,2.738,B1507
zhao-vaccine-9340e0b1f4dc7863,PRIME,2.0,immunogenicity,0.001112,higher,predicted,28.451,7.136,C0303
zhao-vaccine-c5bcc740de8ab116,PRIME,2.0,immunogenicity,0.001001,higher,predicted,30.212,2.718,C0303
zhao-vaccine-d4b2ec84b19120e6,PRIME,2.0,immunogenicity,0.063093,higher,predicted,0.559,0.071,A2402
zhao-vaccine-fbe1c72a258123e4,PRIME,2.0,immunogenicity,0.002851,higher,predicted,17.941,0.873,A0203
zhao-vaccine-5dd0d746e26b0604,PRIME,2.0,immunogenicity,0.010298,higher,predicted,4.786,4.449,C1203
zhao-vaccine-814632626ebe017e,PRIME,2.0,immunogenicity,0.003922,higher,predicted,14.086,4.152,A0206
zhao-vaccine-0a1dbcd3feca07b8,PRIME,2.0,immunogenicity,0.010229,higher,predicted,3.405,2.17,B0702
zhao-vaccine-8e8ef0aa252f8088,PRIME,2.0,immunogenicity,0.0045,higher,predicted,8.505,1.192,B0702
zhao-vaccine-4e7da546c9997730,PRIME,2.0,immunogenicity,0.127482,higher,predicted,0.09,0.057,A3303
zhao-vaccine-587ceac3b1a5e6c2,PRIME,2.0,immunogenicity,0.186398,higher,predicted,0.054,0.05,A0201
zhao-vaccine-fb86bd9fe3f5507b,PRIME,2.0,immunogenicity,0.13711,higher,predicted,0.127,1.164,A0201
zhao-vaccine-8fd9a4ebb7a5b5c0,PRIME,2.0,immunogenicity,0.080232,higher,predicted,0.366,0.987,A0201
zhao-vaccine-b1694ee7a23598c2,PRIME,2.0,immunogenicity,0.104563,higher,predicted,0.225,0.285,A0201
zhao-vaccine-5eb10cfe95b8bda7,PRIME,2.0,immunogenicity,0.046823,higher,predicted,0.806,1.744,A0201
zhao-vaccine-2d8d532720213eac,PRIME,2.0,immunogenicity,0.017004,higher,predicted,2.848,1.185,B5801
zhao-vaccine-748f6e43c22911b6,PRIME,2.0,immunogenicity,0.228164,higher,predicted,0.02,0.131,B5801
zhao-vaccine-a101d49a478c72bd,PRIME,2.0,immunogenicity,0.194091,higher,predicted,0.047,0.154,A0201
zhao-vaccine-a0edaa74581fa67c,PRIME,2.0,immunogenicity,0.031764,higher,predicted,1.06,0.572,A1101
zhao-vaccine-e4858b6abb51f937,PRIME,2.0,immunogenicity,0.163553,higher,predicted,0.07,0.454,B5401
zhao-vaccine-1af9b30e1a5e4022,PRIME,2.0,immunogenicity,0.036113,higher,predicted,0.877,0.827,A1101
zhao-vaccine-f1a5af131974bd0b,PRIME,2.0,immunogenicity,0.009459,higher,predicted,4.293,4.842,A1101
zhao-vaccine-0c19e14dba1e42b4,PRIME,2.0,immunogenicity,0.240585,higher,predicted,0.011,0.008,A1101
zhao-vaccine-062e0a4b0e686c90,PRIME,2.0,immunogenicity,0.00374,higher,predicted,10.944,0.616,A1101
zhao-vaccine-476198a6046e6b3f,PRIME,2.0,immunogenicity,0.103124,higher,predicted,0.246,0.031,A2402
zhao-vaccine-08a566e6459e92e2,PRIME,2.0,immunogenicity,0.11435,higher,predicted,0.202,0.082,A2402
zhao-vaccine-948f57640c27f6a4,PRIME,2.0,immunogenicity,0.026624,higher,predicted,1.361,1.24,A1101
zhao-vaccine-92fa162c7917d129,PRIME,2.0,immunogenicity,0.037864,higher,predicted,0.998,0.167,B3501
zhao-vaccine-a24e8d0c596fcd11,PRIME,2.0,immunogenicity,0.225225,higher,predicted,0.02,0.014,B3501
zhao-vaccine-ce24e3f91c9fcc89,PRIME,2.0,immunogenicity,0.088572,higher,predicted,0.295,1.339,A0206
zhao-vaccine-aba6efbe2e8d61b9,PRIME,2.0,immunogenicity,0.049935,higher,predicted,0.488,0.738,A3303
zhao-vaccine-2e4420aa46f43efe,PRIME,2.0,immunogenicity,0.000598,higher,predicted,42.606,15.076,A3303
zhao-vaccine-b1d75c3e5bc3145b,PRIME,2.0,immunogenicity,0.020205,higher,predicted,1.576,1.806,B6701
zhao-vaccine-653abff2c7dbeb4e,PRIME,2.0,immunogenicity,0.039446,higher,predicted,0.599,0.127,B6701
zhao-vaccine-8412f6129880042f,PRIME,2.0,immunogenicity,0.003124,higher,predicted,13.252,1.179,A1101
zhao-vaccine-b9cb69f374205b32,PRIME,2.0,immunogenicity,0.03358,higher,predicted,0.974,1.888,A1101
zhao-vaccine-1aa9762a4d76dda9,PRIME,2.0,immunogenicity,0.002444,higher,predicted,16.37,5.323,A1101
zhao-vaccine-ed8321fccc8a12c1,PRIME,2.0,immunogenicity,0.152811,higher,predicted,0.128,0.498,A2601
zhao-vaccine-f07f258117264300,PRIME,2.0,immunogenicity,0.025688,higher,predicted,1.806,0.916,A2402
zhao-vaccine-fce720b3ba2ba141,PRIME,2.0,immunogenicity,0.209023,higher,predicted,0.038,0.118,A2402
zhao-vaccine-3b847886ab646802,PRIME,2.0,immunogenicity,0.001468,higher,predicted,24.154,9.32,B5401
zhao-vaccine-8e8117b5c5782698,PRIME,2.0,immunogenicity,0.067458,higher,predicted,0.338,0.74,B4006
zhao-vaccine-dca95adb5fcdf592,PRIME,2.0,immunogenicity,0.007508,higher,predicted,5.973,2.781,B5401
zhao-vaccine-0e4e9c333e92b287,PRIME,2.0,immunogenicity,0.068073,higher,predicted,0.653,0.102,A2601
zhao-vaccine-af57e5cb49a1b3d7,PRIME,2.0,immunogenicity,0.071693,higher,predicted,0.459,0.138,A2402
zhao-vaccine-1112c9b9b46720e7,PRIME,2.0,immunogenicity,0.000522,higher,predicted,50.371,10.184,A2601
zhao-vaccine-033a1b3d78898765,PRIME,2.0,immunogenicity,0.277253,higher,predicted,0.002,0.006,B4001
zhao-vaccine-7ba22a1143f5d992,PRIME,2.0,immunogenicity,0.061041,higher,predicted,0.292,0.605,B4001
zhao-vaccine-1e9f45fe3cc9ac63,PRIME,2.0,immunogenicity,0.001431,higher,predicted,25.68,4.444,B6701
zhao-vaccine-5e908d937d39faff,PRIME,2.0,immunogenicity,0.050844,higher,predicted,0.41,0.259,B6701
zhao-vaccine-f3877179230c6cee,PRIME,2.0,immunogenicity,0.087119,higher,predicted,0.43,0.149,A2603
zhao-vaccine-4ecfbac6e637b799,PRIME,2.0,immunogenicity,0.026682,higher,predicted,1.098,0.261,B4001
zhao-vaccine-14b4f65b1f45bcbf,PRIME,2.0,immunogenicity,0.025169,higher,predicted,1.167,2.587,B6701
zhao-vaccine-f91297d3a00de2d2,PRIME,2.0,immunogenicity,0.009164,higher,predicted,7.434,3.336,A2601
zhao-vaccine-4844706cc9fa4d1b,PRIME,2.0,immunogenicity,0.031549,higher,predicted,1.948,0.175,A2601
zhao-vaccine-da2194e4a86ae034,PRIME,2.0,immunogenicity,0.035197,higher,predicted,1.727,0.265,A2602
zhao-vaccine-9c48013f878a865c,PRIME,2.0,immunogenicity,0.02274,higher,predicted,1.279,0.19,B0702
zhao-vaccine-3da711f6f654d036,PRIME,2.0,immunogenicity,0.027786,higher,predicted,0.944,0.585,B0702
zhao-vaccine-34689bf638cfdb3d,PRIME,2.0,immunogenicity,0.003406,higher,predicted,12.612,4.781,C0303
zhao-vaccine-3accaf032fdb315d,PRIME,2.0,immunogenicity,0.003037,higher,predicted,14.015,16.615,C0303
zhao-vaccine-7dac8ac91244377f,PRIME,2.0,immunogenicity,0.005941,higher,predicted,11.243,1.862,A2602
zhao-vaccine-40e47cdb16d89757,PRIME,2.0,immunogenicity,0.006429,higher,predicted,10.28,2.531,A2602
zhao-vaccine-aefefb4cdc17d9f1,PRIME,2.0,immunogenicity,0.023608,higher,predicted,2.775,2.221,A2602
zhao-vaccine-8050a70c910bdf1a,PRIME,2.0,immunogenicity,0.015259,higher,predicted,2.964,1.211,C0303
zhao-vaccine-ac96e34d65a393e8,PRIME,2.0,immunogenicity,0.161304,higher,predicted,0.089,0.495,A2402
zhao-vaccine-b4d038d59719dff9,PRIME,2.0,immunogenicity,0.025209,higher,predicted,1.763,1.871,A0201
zhao-vaccine-9e1085e0289a57d9,PRIME,2.0,immunogenicity,0.006853,higher,predicted,6.726,3.629,A0201
zhao-vaccine-178a58421c8cfa58,PRIME,2.0,immunogenicity,0.011672,higher,predicted,4.052,3.048,A2402
zhao-vaccine-4a6ee428b3d6f1f9,PRIME,2.0,immunogenicity,0.000378,higher,predicted,53.309,13.235,C1202
zhao-vaccine-105dd4c375a2930a,PRIME,2.0,immunogenicity,0.001819,higher,predicted,20.41,12.665,C1202
zhao-vaccine-f2e66f35c41716e3,PRIME,2.0,immunogenicity,0.010815,higher,predicted,4.302,1.817,A0201
zhao-vaccine-8abeb04ad206babd,PRIME,2.0,immunogenicity,0.178981,higher,predicted,0.061,0.07,A0201
zhao-vaccine-346901b6cb8320ce,PRIME,2.0,immunogenicity,0.09671,higher,predicted,0.262,0.611,A0201
zhao-vaccine-bc928fd98bebcbe4,PRIME,2.0,immunogenicity,0.278164,higher,predicted,0.006,0.018,B5401
zhao-vaccine-812386af1a37b5a2,PRIME,2.0,immunogenicity,0.025443,higher,predicted,1.707,0.271,B5401
zhao-vaccine-cd4c3877e1df5df8,PRIME,2.0,immunogenicity,0.022344,higher,predicted,1.972,0.875,A0201
zhao-vaccine-37cd8d397d30c00a,PRIME,2.0,immunogenicity,0.061481,higher,predicted,0.551,1.242,A0201
zhao-vaccine-69589f3e984c8850,PRIME,2.0,immunogenicity,0.00383,higher,predicted,11.787,3.313,A2402
zhao-vaccine-6138d66158ae812f,PRIME,2.0,immunogenicity,0.086243,higher,predicted,0.323,0.412,A0201
zhao-vaccine-f89aafae5b4bb03a,PRIME,2.0,immunogenicity,0.120942,higher,predicted,0.121,0.209,A3101
zhao-vaccine-d24f1d08ffeb3dab,PRIME,2.0,immunogenicity,0.224894,higher,predicted,0.018,0.02,A3101
zhao-vaccine-15f900835dd0ed74,PRIME,2.0,immunogenicity,0.170022,higher,predicted,0.049,0.5,A3101
zhao-vaccine-b4c900974a4cb22d,PRIME,2.0,immunogenicity,0.074855,higher,predicted,0.41,0.046,A0201
zhao-vaccine-4877473089ccabe2,PRIME,2.0,immunogenicity,0.000791,higher,predicted,36.742,23.048,A3101
zhao-vaccine-57da1458d87b5cd8,PRIME,2.0,immunogenicity,0.015233,higher,predicted,2.998,1.816,A0201
zhao-vaccine-7cda442e2003096d,PRIME,2.0,immunogenicity,0.025939,higher,predicted,1.713,6.287,A0201
zhao-vaccine-c9ac16c653d4ad34,PRIME,2.0,immunogenicity,0.049155,higher,predicted,0.59,1.151,A3101
zhao-vaccine-5bb46d67d4132b05,PRIME,2.0,immunogenicity,0.00017,higher,predicted,80.032,17.611,A3101
zhao-vaccine-22b245e10cc5f7eb,PRIME,2.0,immunogenicity,0.0093,higher,predicted,5.945,3.088,A0206
zhao-vaccine-0c5f2cf1a9f96611,PRIME,2.0,immunogenicity,0.006531,higher,predicted,8.44,1.089,A0206
zhao-vaccine-fdb9bb32b532156a,PRIME,2.0,immunogenicity,0.031548,higher,predicted,1.513,1.978,A0206
zhao-vaccine-09ce50e75ae0ded3,PRIME,2.0,immunogenicity,0.017956,higher,predicted,2.919,2.059,A0206
zhao-vaccine-17602f761fea6700,PRIME,2.0,immunogenicity,0.000296,higher,predicted,62.714,13.485,A0206
zhao-vaccine-23b1162fe09c3a71,PRIME,2.0,immunogenicity,0.045233,higher,predicted,0.891,0.511,A0206
zhao-vaccine-adf230b14ce59796,PRIME,2.0,immunogenicity,0.050021,higher,predicted,0.774,0.189,A0206
zhao-vaccine-1844a0b8148bd71d,PRIME,2.0,immunogenicity,0.068616,higher,predicted,0.473,2.66,A0206
zhao-vaccine-6b2a399d57d8a512,PRIME,2.0,immunogenicity,0.013011,higher,predicted,4.192,2.14,A0206
zhao-vaccine-666279e80bba84cd,PRIME,2.0,immunogenicity,0.021852,higher,predicted,1.352,0.279,B0702
zhao-vaccine-a3b9a38a195ea306,PRIME,2.0,immunogenicity,0.191109,higher,predicted,0.016,0.03,B0702
zhao-vaccine-a99dea8872b2c603,PRIME,2.0,immunogenicity,0.051093,higher,predicted,0.559,0.227,A3101
zhao-vaccine-38518cce6ca2ffcb,PRIME,2.0,immunogenicity,0.084022,higher,predicted,0.246,0.937,A3101
zhao-vaccine-c06c5c593b790451,PRIME,2.0,immunogenicity,0.02821,higher,predicted,1.642,0.147,A2402
zhao-vaccine-20a5c1bd7ed8243c,PRIME,2.0,immunogenicity,0.009185,higher,predicted,4.571,2.988,A3101
zhao-vaccine-bf796feb0fa45107,PRIME,2.0,immunogenicity,0.063093,higher,predicted,0.559,0.071,A2402
zhao-vaccine-94d4dd10565ce56a,PRIME,2.0,immunogenicity,0.14922,higher,predicted,0.069,0.603,A1101
zhao-vaccine-09d399e83ab7a200,PRIME,2.0,immunogenicity,0.123628,higher,predicted,0.171,0.135,A2402
zhao-vaccine-57cf9d6748f03a4a,PRIME,2.0,immunogenicity,0.054394,higher,predicted,0.493,1.314,A1101
zhao-vaccine-8ad9b3db50bd44f6,PRIME,2.0,immunogenicity,0.033548,higher,predicted,1.005,3.703,A3101
zhao-vaccine-e7a31769d0def8cc,PRIME,2.0,immunogenicity,0.029496,higher,predicted,1.401,1.036,B3501
zhao-vaccine-f31f5559dc01f968,PRIME,2.0,immunogenicity,0.004844,higher,predicted,8.807,7.244,B3501
zhao-vaccine-801998d39a01c402,PRIME,2.0,immunogenicity,0.026757,higher,predicted,1.566,1.214,B3501
zhao-vaccine-e97f71e837688aaa,PRIME,2.0,immunogenicity,0.001084,higher,predicted,35.846,4.725,A2602
zhao-vaccine-94d6274ea0765859,PRIME,2.0,immunogenicity,0.222458,higher,predicted,0.02,0.007,C0303
zhao-vaccine-8425d1356c40e035,PRIME,2.0,immunogenicity,0.033428,higher,predicted,0.729,0.459,B0705
zhao-vaccine-9c842e77e6554e48,PRIME,2.0,immunogenicity,0.033345,higher,predicted,1.546,1.473,A2901
zhao-vaccine-cd64ae47949e3e72,PRIME,2.0,immunogenicity,0.068256,higher,predicted,0.598,0.282,A2901
zhao-vaccine-6cf2c368188f7ae7,PRIME,2.0,immunogenicity,0.000438,higher,predicted,50.127,10.579,A2901
zhao-vaccine-76ba058c8a28fd7a,PRIME,2.0,immunogenicity,0.002057,higher,predicted,18.739,2.054,A2901
zhao-vaccine-6084bbd3ff94c4d6,PRIME,2.0,immunogenicity,0.041958,higher,predicted,1.165,0.611,A2901
zhao-vaccine-2d7a1bc0613aae0d,PRIME,2.0,immunogenicity,0.001857,higher,predicted,20.427,6.222,B3902
zhao-vaccine-03696ce8c63ebae8,PRIME,2.0,immunogenicity,0.005774,higher,predicted,9.473,0.767,A0206
zhao-vaccine-4d5941ad71cd0b01,PRIME,2.0,immunogenicity,0.13065,higher,predicted,0.13,0.061,A0206
zhao-vaccine-8251be1752bc8dcd,PRIME,2.0,immunogenicity,0.105445,higher,predicted,0.104,0.088,B0702
zhao-vaccine-e208fc7508babece,PRIME,2.0,immunogenicity,0.106302,higher,predicted,0.102,0.342,B0702
zhao-vaccine-100390c97594b382,PRIME,2.0,immunogenicity,0.033545,higher,predicted,0.87,0.316,A3303
zhao-vaccine-1c199c518ce694cb,PRIME,2.0,immunogenicity,0.006882,higher,predicted,4.813,4.015,B4002
zhao-vaccine-d51c26cc1204892e,PRIME,2.0,immunogenicity,0.028033,higher,predicted,1.126,1.367,A3303
zhao-vaccine-ace8856de2b9d7b3,PRIME,2.0,immunogenicity,0.059604,higher,predicted,0.302,0.743,B4002
zhao-vaccine-83da3c5b9955b6ac,PRIME,2.0,immunogenicity,0.230537,higher,predicted,0.018,0.14,B3501
zhao-vaccine-1ce93697a045b24c,PRIME,2.0,immunogenicity,0.000428,higher,predicted,50.884,11.027,A1101
zhao-vaccine-00ac0fab7dc987f2,PRIME,2.0,immunogenicity,0.227238,higher,predicted,0.019,0.017,B3501
zhao-vaccine-0f950ec7c02f9245,PRIME,2.0,immunogenicity,0.04777,higher,predicted,0.423,0.063,B0702
zhao-vaccine-5ba15d97b5c72d95,PRIME,2.0,immunogenicity,0.098371,higher,predicted,0.303,0.225,C0702
zhao-vaccine-02101f99d9930118,PRIME,2.0,immunogenicity,0.028395,higher,predicted,1.61,1.389,B5901
zhao-vaccine-b0c6fa65bdac2715,PRIME,2.0,immunogenicity,0.021764,higher,predicted,1.36,2.738,B0702
zhao-vaccine-017943547834366f,PRIME,2.0,immunogenicity,0.172114,higher,predicted,0.024,0.048,B0702
zhao-vaccine-9f9a6c0bad07b12a,PRIME,2.0,immunogenicity,0.098314,higher,predicted,0.268,0.025,A2402
zhao-vaccine-281311a043c39d11,PRIME,2.0,immunogenicity,0.004909,higher,predicted,7.752,1.352,B0702
zhao-vaccine-67ace035b9c07219,PRIME,2.0,immunogenicity,0.223188,higher,predicted,0.028,0.014,A0201
zhao-vaccine-6dfb4aaff25a87d1,PRIME,2.0,immunogenicity,0.000387,higher,predicted,56.626,13.127,A0206
zhao-vaccine-78a648a518e6de28,PRIME,2.0,immunogenicity,0.001397,higher,predicted,29.233,4.161,A0206
zhao-vaccine-37d860fc95091de9,PRIME,2.0,immunogenicity,0.046093,higher,predicted,0.869,0.445,A0206
zhao-vaccine-3ce7a0caddd675f9,PRIME,2.0,immunogenicity,0.012665,higher,predicted,3.423,2.283,B3501
zhao-vaccine-8293be323b8f2284,PRIME,2.0,immunogenicity,0.006944,higher,predicted,5.556,3.641,A3303
zhao-vaccine-dc69e571bb1bc716,PRIME,2.0,immunogenicity,0.062225,higher,predicted,0.35,0.045,A3303
zhao-vaccine-d7fe439d720d67b1,PRIME,2.0,immunogenicity,0.035894,higher,predicted,1.356,0.285,A0207
zhao-vaccine-4235e6d69f92bbd5,PRIME,2.0,immunogenicity,0.024373,higher,predicted,1.369,3.936,A3303
zhao-vaccine-d02ba01dc53c000d,PRIME,2.0,immunogenicity,0.028201,higher,predicted,1.477,0.386,B3501
zhao-vaccine-2cb0e7ca904e77d9,PRIME,2.0,immunogenicity,0.040494,higher,predicted,0.92,0.517,B3501
zhao-vaccine-f840dd851aae3824,PRIME,2.0,immunogenicity,0.062321,higher,predicted,0.408,0.203,A3101
zhao-vaccine-68a434f6aca144e8,PRIME,2.0,immunogenicity,0.021907,higher,predicted,1.758,2.338,A3101
zhao-vaccine-0e1a76b226778434,PRIME,2.0,immunogenicity,0.000395,higher,predicted,53.027,10.116,A3101
zhao-vaccine-721dee814c7f8a57,PRIME,2.0,immunogenicity,0.018132,higher,predicted,2.159,1.854,A3101
zhao-vaccine-8da882afc2068d8a,PRIME,2.0,immunogenicity,0.065934,higher,predicted,0.259,0.315,B4002
zhao-vaccine-45383782e52dba9f,PRIME,2.0,immunogenicity,0.176435,higher,predicted,0.042,0.052,A1101
zhao-vaccine-b12f5ac75bfe6b89,PRIME,2.0,immunogenicity,0.003796,higher,predicted,9.06,4.997,B4002
zhao-vaccine-0e0a9637ed1282c1,PRIME,2.0,immunogenicity,0.07998,higher,predicted,0.261,0.71,A1101
zhao-vaccine-7abc1c35e3ccf355,PRIME,2.0,immunogenicity,0.169034,higher,predicted,0.062,0.019,B5401
zhao-vaccine-f318b7095b4ef52c,PRIME,2.0,immunogenicity,0.062041,higher,predicted,0.517,0.359,B5401
zhao-vaccine-78297893a7d3d0ba,PRIME,2.0,immunogenicity,0.014651,higher,predicted,3.051,3.491,B5401
zhao-vaccine-ca490b1797ede1e9,PRIME,2.0,immunogenicity,0.051911,higher,predicted,0.743,0.075,A2402
zhao-vaccine-9362a3e8b434e17a,PRIME,2.0,immunogenicity,0.200346,higher,predicted,0.028,0.118,A3101
zhao-vaccine-d05f94d034d5e2d6,PRIME,2.0,immunogenicity,0.05117,higher,predicted,0.379,0.185,B0702
zhao-vaccine-3ebcaa48f079929c,PRIME,2.0,immunogenicity,0.190053,higher,predicted,0.042,0.293,B5401
zhao-vaccine-5ade12ab778df5ff,PRIME,2.0,immunogenicity,0.044604,higher,predicted,0.725,0.758,B1501
zhao-vaccine-965e2dc89d4a2a57,PRIME,2.0,immunogenicity,0.256515,higher,predicted,0.008,0.028,A1101
zhao-vaccine-4a37b653a73277cb,PRIME,2.0,immunogenicity,0.013883,higher,predicted,2.846,0.987,A1101
zhao-vaccine-68e61ae20327db08,PRIME,2.0,immunogenicity,0.148445,higher,predicted,0.109,0.205,A2402
zhao-vaccine-0a0eb08146a9e58f,PRIME,2.0,immunogenicity,0.142891,higher,predicted,0.115,0.199,A0201
zhao-vaccine-e5ac726938f48c5d,PRIME,2.0,immunogenicity,0.112406,higher,predicted,0.194,0.316,A0201
zhao-vaccine-dd30fe354dc0c723,PRIME,2.0,immunogenicity,0.049103,higher,predicted,0.755,0.629,A0201
zhao-vaccine-e46cba4d94b1bd9e,PRIME,2.0,immunogenicity,0.142922,higher,predicted,0.081,0.223,B1501
zhao-vaccine-1217ba726b35ed9d,PRIME,2.0,immunogenicity,0.110171,higher,predicted,0.145,0.059,A1101
zhao-vaccine-83bbda76fb652d04,PRIME,2.0,immunogenicity,0.046358,higher,predicted,0.687,0.259,B1501
zhao-vaccine-e99a9dc2f937246e,PRIME,2.0,immunogenicity,0.089485,higher,predicted,0.214,0.311,A1101
zhao-vaccine-3ad1731be926e556,PRIME,2.0,immunogenicity,0.001561,higher,predicted,27.438,1.395,A0206
zhao-vaccine-b9b9751942a91107,PRIME,2.0,immunogenicity,0.237582,higher,predicted,0.014,0.033,A0206
zhao-vaccine-91666c65422008e9,PRIME,2.0,immunogenicity,0.002409,higher,predicted,19.868,12.157,A0206
zhao-vaccine-cdb5d238c73f1200,PRIME,2.0,immunogenicity,0.001316,higher,predicted,30.227,19.377,A0206
zhao-vaccine-e371cb75a5a01267,PRIME,2.0,immunogenicity,0.117873,higher,predicted,0.098,0.109,B4403
zhao-vaccine-15446e222104cacb,PRIME,2.0,immunogenicity,0.141767,higher,predicted,0.068,0.06,A3303
zhao-vaccine-d2e2e9a9a8a8791f,PRIME,2.0,immunogenicity,0.037309,higher,predicted,1.011,2.509,C1403
zhao-vaccine-add9dc988b885c6f,PRIME,2.0,immunogenicity,0.001151,higher,predicted,28.229,9.708,A3303
zhao-vaccine-05fa169c96907506,PRIME,2.0,immunogenicity,0.026305,higher,predicted,1.204,0.642,A0301
zhao-vaccine-fe5e333b881da058,PRIME,2.0,immunogenicity,0.161692,higher,predicted,0.085,0.457,A0201
zhao-vaccine-a1f11828eab95061,PRIME,2.0,immunogenicity,0.096656,higher,predicted,0.262,0.876,A0201
zhao-vaccine-4976b66839febef0,PRIME,2.0,immunogenicity,0.09512,higher,predicted,0.27,1.39,A0201
zhao-vaccine-ca5cbad36e6778e3,PRIME,2.0,immunogenicity,0.073625,higher,predicted,0.298,0.41,A1101
zhao-vaccine-36f07ee5c996dad0,PRIME,2.0,immunogenicity,0.029708,higher,predicted,1.172,1.308,A1101
zhao-vaccine-623cfad1dc12cce2,PRIME,2.0,immunogenicity,0.132793,higher,predicted,0.094,0.282,A1101
zhao-vaccine-d41aafddc13976b8,PRIME,2.0,immunogenicity,0.017745,higher,predicted,2.146,1.865,A1101
zhao-vaccine-27d07976725d29e9,PRIME,2.0,immunogenicity,0.137446,higher,predicted,0.114,0.036,B5401
zhao-vaccine-7e2ffaba808811ba,PRIME,2.0,immunogenicity,0.299597,higher,predicted,0.002,0.004,B5401
zhao-vaccine-4ea2fcd0fcbe695b,PRIME,2.0,immunogenicity,0.043023,higher,predicted,0.859,0.474,B5401
zhao-vaccine-5f1312331fdfb170,PRIME,2.0,immunogenicity,0.042304,higher,predicted,0.879,0.685,B5401
zhao-vaccine-1e73947ea9698cd9,PRIME,2.0,immunogenicity,0.156865,higher,predicted,0.06,0.192,A1101
zhao-vaccine-3b94a7db18ed886c,PRIME,2.0,immunogenicity,0.065103,higher,predicted,0.482,1.84,B5401
zhao-vaccine-f375803c6f3695b8,PRIME,2.0,immunogenicity,0.023262,higher,predicted,1.139,0.513,B4002
zhao-vaccine-4f915ffeb85dbc8d,PRIME,2.0,immunogenicity,0.263878,higher,predicted,0.007,0.011,A1101
zhao-vaccine-0a499f1b47d241ee,PRIME,2.0,immunogenicity,0.005225,higher,predicted,8.366,2.411,B5401
zhao-vaccine-c1ddf01a1259a6bb,PRIME,2.0,immunogenicity,0.057331,higher,predicted,0.454,0.269,A1101
zhao-vaccine-a7117a4ef7e4c666,PRIME,2.0,immunogenicity,0.186007,higher,predicted,0.035,0.23,A1101
zhao-vaccine-2f16d7a7b8377c8f,PRIME,2.0,immunogenicity,0.002252,higher,predicted,16.832,13.068,B3701
zhao-vaccine-b18aa826b16d7473,PRIME,2.0,immunogenicity,0.003647,higher,predicted,13.554,6.841,C0602
zhao-vaccine-32935ef444cf0d1a,PRIME,2.0,immunogenicity,0.045986,higher,predicted,0.873,0.314,A2402
zhao-vaccine-eef0dcadc94c2b17,PRIME,2.0,immunogenicity,0.13884,higher,predicted,0.072,0.275,A3303
zhao-vaccine-2e4ead9606072288,PRIME,2.0,immunogenicity,0.049134,higher,predicted,0.787,0.84,C1202
zhao-vaccine-4530abbf39780e70,PRIME,2.0,immunogenicity,0.025252,higher,predicted,2.574,0.193,A2601
zhao-vaccine-0cebec48fdf19314,PRIME,2.0,immunogenicity,0.000532,higher,predicted,45.066,7.365,B3501
zhao-vaccine-1e0e282136a23d80,PRIME,2.0,immunogenicity,0.061527,higher,predicted,0.515,0.431,B3501
zhao-vaccine-14a6f9f5f9c4b644,PRIME,2.0,immunogenicity,0.071678,higher,predicted,0.439,0.031,C0303
zhao-vaccine-28a198f03d6a3d2b,PRIME,2.0,immunogenicity,0.0325,higher,predicted,1.396,0.301,A2402
zhao-vaccine-a84cc466cc5afbbe,PRIME,2.0,immunogenicity,0.08139,higher,predicted,0.253,1.302,A1101
zhao-vaccine-ef3f5ad4b93866cc,PRIME,2.0,immunogenicity,0.048341,higher,predicted,0.583,0.276,A1101
zhao-vaccine-574c8885e9744870,PRIME,2.0,immunogenicity,0.029844,higher,predicted,1.164,2.099,A1101
zhao-vaccine-82adf1f14fa8a979,PRIME,2.0,immunogenicity,0.021485,higher,predicted,3.074,0.248,A2601
zhao-vaccine-901263935668805b,PRIME,2.0,immunogenicity,0.05646,higher,predicted,0.465,0.271,A1101
zhao-vaccine-74933d8cbe88ccd3,PRIME,2.0,immunogenicity,0.023412,higher,predicted,1.591,0.608,A1101
zhao-vaccine-a5f23bb559b34bec,PRIME,2.0,immunogenicity,0.03486,higher,predicted,0.651,3.98,B4002
zhao-vaccine-f6fad87ef2b47eb9,PRIME,2.0,immunogenicity,,higher,unsupported_hla,,,B1546
zhao-vaccine-0262934196cb9e41,PRIME,2.0,immunogenicity,0.203098,higher,predicted,0.042,0.036,A2402
zhao-vaccine-1b06ec46d9433877,PRIME,2.0,immunogenicity,0.070099,higher,predicted,0.457,1.288,A0206
zhao-vaccine-7b2afc20a6b058a9,PRIME,2.0,immunogenicity,0.000792,higher,predicted,40.544,1.154,A0206
zhao-vaccine-baae71af4bb9e079,PRIME,2.0,immunogenicity,0.025893,higher,predicted,1.262,0.828,A3303
zhao-vaccine-7a024abbd4a188e0,PRIME,2.0,immunogenicity,0.032701,higher,predicted,0.753,0.883,B0702
zhao-vaccine-19d5e810431b3469,PRIME,2.0,immunogenicity,0.084186,higher,predicted,0.313,0.622,B3501
zhao-vaccine-f7e33e7285d5153f,PRIME,2.0,immunogenicity,0.133681,higher,predicted,0.142,0.143,A2402
zhao-vaccine-4047f64ca9c106e4,PRIME,2.0,immunogenicity,0.235719,higher,predicted,0.015,0.039,B3501
zhao-vaccine-847c20e7477bba02,PRIME,2.0,immunogenicity,0.005077,higher,predicted,8.425,6.528,B3501
zhao-vaccine-bb485ecb0ce26b91,PRIME,2.0,immunogenicity,0.005826,higher,predicted,7.389,6.107,B3501
zhao-vaccine-c05bac34add61bb1,PRIME,2.0,immunogenicity,0.09748,higher,predicted,0.241,0.469,B3501
zhao-vaccine-5534446f3d190f70,PRIME,2.0,immunogenicity,0.035945,higher,predicted,1.079,0.35,B3501
zhao-vaccine-53388bac37626a87,PRIME,2.0,immunogenicity,0.00861,higher,predicted,5.019,2.514,B3501
zhao-vaccine-8abf1996ba692904,PRIME,2.0,immunogenicity,0.059389,higher,predicted,0.544,2.488,B3501
zhao-vaccine-757ae8492c22eb3f,PRIME,2.0,immunogenicity,0.019082,higher,predicted,2.217,2.274,B3501
zhao-vaccine-3ea5228db64f8d96,PRIME,2.0,immunogenicity,0.17928,higher,predicted,0.053,0.168,B3501
zhao-vaccine-4790475ca217608e,PRIME,2.0,immunogenicity,0.003395,higher,predicted,12.781,2.424,B3501
zhao-vaccine-afd5e19a1b147b9a,PRIME,2.0,immunogenicity,0.112084,higher,predicted,0.21,0.241,A2402
zhao-vaccine-6cab74d4a96292f4,PRIME,2.0,immunogenicity,0.217837,higher,predicted,0.032,0.082,A2402
zhao-vaccine-0f291bbc2c7c1b5f,PRIME,2.0,immunogenicity,0.281559,higher,predicted,0.005,0.002,A3101
zhao-vaccine-a7aa287de24c9826,PRIME,2.0,immunogenicity,0.112681,higher,predicted,0.141,0.033,A3101
zhao-vaccine-f1f94e300dd118aa,PRIME,2.0,immunogenicity,0.127687,higher,predicted,0.149,0.176,A0201
zhao-vaccine-e6b1f83b3277b8d9,PRIME,2.0,immunogenicity,0.004207,higher,predicted,9.942,6.153,A3101
zhao-vaccine-dd6ecef799be6c63,PRIME,2.0,immunogenicity,0.000707,higher,predicted,38.361,7.613,A1101
zhao-vaccine-f55395eba5409875,PRIME,2.0,immunogenicity,0.001203,higher,predicted,27.506,10.094,A1101
zhao-vaccine-b9a94da25e365890,PRIME,2.0,immunogenicity,0.002924,higher,predicted,15.09,19.589,C1402
zhao-vaccine-a049a2f2e4b35180,PRIME,2.0,immunogenicity,0.07902,higher,predicted,0.266,0.152,A1101
zhao-vaccine-13d286ba01d0a83e,PRIME,2.0,immunogenicity,0.037554,higher,predicted,1.087,1.726,A0201
zhao-vaccine-b038f5f750d38efd,PRIME,2.0,immunogenicity,0.229238,higher,predicted,0.03,0.074,C0702
zhao-vaccine-d748dbaed29682c9,PRIME,2.0,immunogenicity,0.095675,higher,predicted,0.267,2.402,A0201
zhao-vaccine-9ee1859f9bbf0ae8,PRIME,2.0,immunogenicity,0.063564,higher,predicted,0.433,0.603,B1501
zhao-vaccine-2fdfa797ea37ce66,PRIME,2.0,immunogenicity,0.026315,higher,predicted,1.688,0.717,A0201
zhao-vaccine-b2c9e6232941da23,PRIME,2.0,immunogenicity,0.129403,higher,predicted,0.106,0.053,B1501
zhao-vaccine-6091222d399811e6,PRIME,2.0,immunogenicity,0.091837,higher,predicted,0.204,0.466,A1101
zhao-vaccine-1b161db2ed733492,PRIME,2.0,immunogenicity,0.084979,higher,predicted,0.235,0.707,A1101
zhao-vaccine-263acd72c8883e72,PRIME,2.0,immunogenicity,0.085424,higher,predicted,0.233,0.272,A1101
zhao-vaccine-ea9b42df33b35136,PRIME,2.0,immunogenicity,0.033839,higher,predicted,0.963,0.3,A1101
zhao-vaccine-ac1f5e7f4a167598,PRIME,2.0,immunogenicity,0.012819,higher,predicted,3.714,2.42,A2402
zhao-vaccine-908da7f0c6dbf27e,PRIME,2.0,immunogenicity,0.020228,higher,predicted,1.905,2.255,A3101
zhao-vaccine-031c5d86a2e63417,PRIME,2.0,immunogenicity,0.136822,higher,predicted,0.116,0.206,A0206
zhao-vaccine-4795d6108b3fcf2f,PRIME,2.0,immunogenicity,0.020437,higher,predicted,1.886,5.594,A3101
zhao-vaccine-805f739bbbe2a085,PRIME,2.0,immunogenicity,0.001173,higher,predicted,28.637,23.796,A3101
zhao-vaccine-70221838fed9296f,PRIME,2.0,immunogenicity,0.007827,higher,predicted,5.219,0.686,A1101
zhao-vaccine-cd42d37b5144c969,PRIME,2.0,immunogenicity,0.016171,higher,predicted,2.408,3.268,A1101
zhao-vaccine-798e8c8cb4ead921,PRIME,2.0,immunogenicity,0.023606,higher,predicted,1.954,0.768,A2402
zhao-vaccine-709599a72a22a926,PRIME,2.0,immunogenicity,0.006729,higher,predicted,4.926,0.656,B4002
zhao-vaccine-fec3c5b2df774825,PRIME,2.0,immunogenicity,0.006002,higher,predicted,6.831,4.591,A1101
zhao-vaccine-5a89d94cd81780a6,PRIME,2.0,immunogenicity,0.008076,higher,predicted,6.857,16.034,A0206
zhao-vaccine-09ee401936c37fa7,PRIME,2.0,immunogenicity,0.010558,higher,predicted,3.911,1.003,B1501
zhao-vaccine-5b3d89b46098fe58,PRIME,2.0,immunogenicity,0.072846,higher,predicted,0.348,0.278,B1501
zhao-vaccine-4d3d09eb60c5f34b,PRIME,2.0,immunogenicity,0.142431,higher,predicted,0.105,0.318,A0206
zhao-vaccine-a328e5fc04a430e3,PRIME,2.0,immunogenicity,0.001817,higher,predicted,24.853,6.957,A0206
zhao-vaccine-fccb7f3ae8f5c7ed,PRIME,2.0,immunogenicity,0.024589,higher,predicted,1.806,1.269,A0201
zhao-vaccine-915adc2bcd8e9f65,PRIME,2.0,immunogenicity,0.003528,higher,predicted,15.409,7.907,A0206
zhao-vaccine-2850ba32b283001a,PRIME,2.0,immunogenicity,0.013397,higher,predicted,4.053,12.649,A0206
zhao-vaccine-cd86df511d584650,PRIME,2.0,immunogenicity,0.04645,higher,predicted,0.86,0.765,A0206
zhao-vaccine-8efa39564b99c4a6,PRIME,2.0,immunogenicity,0.00098,higher,predicted,32.174,3.494,A3101
zhao-vaccine-4ad340d38191a34c,PRIME,2.0,immunogenicity,0.050425,higher,predicted,0.569,0.621,A3101
zhao-vaccine-f8ee8bb521237a3f,PRIME,2.0,immunogenicity,0.002749,higher,predicted,14.889,1.398,A1101
zhao-vaccine-3f67c407a7230fb3,PRIME,2.0,immunogenicity,0.045816,higher,predicted,0.653,2.107,A3101
zhao-vaccine-d6255db4b7fdd63b,PRIME,2.0,immunogenicity,0.07101,higher,predicted,0.317,0.192,A1101
zhao-vaccine-d8c6932c34ad2191,PRIME,2.0,immunogenicity,0.03343,higher,predicted,1.011,3.997,A3101
zhao-vaccine-a3601d5320ed6e38,PRIME,2.0,immunogenicity,0.022785,higher,predicted,1.905,2.148,B5401
zhao-vaccine-86b69c161becb07f,PRIME,2.0,immunogenicity,0.023834,higher,predicted,1.896,1.218,C1202
zhao-vaccine-8025dcb106d1995a,PRIME,2.0,immunogenicity,0.004737,higher,predicted,9.236,8.076,C1202
zhao-vaccine-b97bb436ed02cdf5,PRIME,2.0,immunogenicity,0.00029,higher,predicted,61.124,11.93,C1202
zhao-vaccine-f363bfe0d8b4dd32,PRIME,2.0,immunogenicity,0.221269,higher,predicted,0.035,0.087,A2602
zhao-vaccine-0fba2a8bc58d9236,PRIME,2.0,immunogenicity,0.014242,higher,predicted,3.188,1.491,C0303
zhao-vaccine-2e34af137aef944c,PRIME,2.0,immunogenicity,0.228124,higher,predicted,0.018,0.037,A0206
zhao-vaccine-181e81b5e44272c6,PRIME,2.0,immunogenicity,0.114685,higher,predicted,0.175,0.553,A0206
zhao-vaccine-bfd366de75e0e09e,PRIME,2.0,immunogenicity,0.022789,higher,predicted,2.224,1.181,A0206
zhao-vaccine-87c75460d38d08e9,PRIME,2.0,immunogenicity,0.000386,higher,predicted,56.71,15.878,A0206
zhao-vaccine-30adaa3969782222,PRIME,2.0,immunogenicity,0.010487,higher,predicted,5.26,2.572,A0206
zhao-vaccine-63fd3942caea490b,PRIME,2.0,immunogenicity,0.210445,higher,predicted,0.037,0.037,A2402
zhao-vaccine-24d2d07ca8e2377f,PRIME,2.0,immunogenicity,0.135464,higher,predicted,0.135,0.43,C1202
zhao-vaccine-fcaca752fcb71c95,PRIME,2.0,immunogenicity,0.000516,higher,predicted,45.349,30.159,C1202
zhao-vaccine-cc83beed24066d27,PRIME,2.0,immunogenicity,0.125854,higher,predicted,0.164,0.451,A2402
zhao-vaccine-3dc3a5fedb44c738,PRIME,2.0,immunogenicity,0.048666,higher,predicted,0.723,0.216,B5401
zhao-vaccine-61e2eb896e39a71a,PRIME,2.0,immunogenicity,0.11631,higher,predicted,0.169,0.265,B5401
zhao-vaccine-a2baf0b885265cc4,PRIME,2.0,immunogenicity,0.011489,higher,predicted,3.939,6.078,B5401
zhao-vaccine-723c07672285f426,PRIME,2.0,immunogenicity,0.004417,higher,predicted,9.718,0.442,B5401
zhao-vaccine-21600a4722a9456b,PRIME,2.0,immunogenicity,0.04072,higher,predicted,0.925,0.955,B5401
zhao-vaccine-41e40bf9c0cef1b9,PRIME,2.0,immunogenicity,0.01611,higher,predicted,2.856,1.401,C1202
zhao-vaccine-f772d44d15868d84,PRIME,2.0,immunogenicity,0.088324,higher,predicted,0.196,0.656,A3303
zhao-vaccine-c06a6c0b6ba9ccc2,PRIME,2.0,immunogenicity,0.188511,higher,predicted,0.027,0.535,A3303
zhao-vaccine-882a48551f5bbe82,PRIME,2.0,immunogenicity,0.027269,higher,predicted,1.703,1.119,C0702
zhao-vaccine-938e8eb3b62a04fa,PRIME,2.0,immunogenicity,0.004248,higher,predicted,9.533,6.838,A1101
zhao-vaccine-44db9eff40c7ac4b,PRIME,2.0,immunogenicity,0.089323,higher,predicted,0.291,0.291,A0206
zhao-vaccine-3c10f98fea9749ac,PRIME,2.0,immunogenicity,0.007351,higher,predicted,7.527,3.683,A0206
zhao-vaccine-412fd5789a6e82ab,PRIME,2.0,immunogenicity,0.034172,higher,predicted,1.36,2.869,A0206
zhao-vaccine-2c13df52c9d6fdf1,PRIME,2.0,immunogenicity,0.016858,higher,predicted,2.712,2.104,C0303
zhao-vaccine-22c079fe2694c804,PRIME,2.0,immunogenicity,0.037438,higher,predicted,1.092,0.823,A0201
zhao-vaccine-cd526b2c1907ac73,PRIME,2.0,immunogenicity,0.102821,higher,predicted,0.233,0.652,A0201
zhao-vaccine-8ac5cf800546df58,PRIME,2.0,immunogenicity,0.176682,higher,predicted,0.037,0.103,B1501
zhao-vaccine-00c1dcc185bde872,PRIME,2.0,immunogenicity,0.016331,higher,predicted,2.465,0.881,B1501
zhao-vaccine-d78fee591be503a1,PRIME,2.0,immunogenicity,0.058354,higher,predicted,0.591,0.772,A0201
zhao-vaccine-09b6e33926787118,PRIME,2.0,immunogenicity,0.003935,higher,predicted,11.484,13.863,A0201
zhao-vaccine-a8525b43cfc364ce,PRIME,2.0,immunogenicity,0.144076,higher,predicted,0.055,0.051,B4001
zhao-vaccine-65294b91c49a1a7d,PRIME,2.0,immunogenicity,0.238467,higher,predicted,0.009,0.042,A3303
zhao-vaccine-2ff4768cbbf94e4c,PRIME,2.0,immunogenicity,0.07277,higher,predicted,0.214,0.01,B4001
zhao-vaccine-01cd981de90c3d60,PRIME,2.0,immunogenicity,0.235481,higher,predicted,0.006,0.026,B4403
zhao-vaccine-e43e167f3e1e4297,PRIME,2.0,immunogenicity,0.026144,higher,predicted,1.775,2.11,A2402
zhao-vaccine-4eddbf01a9786d30,PRIME,2.0,immunogenicity,0.003184,higher,predicted,12.498,10.018,A3303
zhao-vaccine-fa0115a2ee0cdc16,PRIME,2.0,immunogenicity,0.216808,higher,predicted,0.032,0.012,A2402
zhao-vaccine-18899191312d29f0,PRIME,2.0,immunogenicity,0.112938,higher,predicted,0.207,0.086,A2402
zhao-vaccine-06be400bb4a0453e,PRIME,2.0,immunogenicity,0.037483,higher,predicted,1.131,0.504,C1202
zhao-vaccine-e0b596dc1a05778f,PRIME,2.0,immunogenicity,0.056281,higher,predicted,0.483,0.239,A3101
zhao-vaccine-1c4bbb79c97e8575,PRIME,2.0,immunogenicity,0.000613,higher,predicted,42.271,2.935,A3101
zhao-vaccine-a9bbd7265634e145,PRIME,2.0,immunogenicity,0.025512,higher,predicted,1.478,2.945,A3101
zhao-vaccine-bb6eb34428fdcc0c,PRIME,2.0,immunogenicity,0.013186,higher,predicted,3.456,2.263,C0303
zhao-vaccine-bc0a1780a417046d,PRIME,2.0,immunogenicity,0.042877,higher,predicted,0.718,1.808,A3101
zhao-vaccine-b30a776cdfe26224,PRIME,2.0,immunogenicity,0.184678,higher,predicted,0.03,0.535,A3303
zhao-vaccine-76fda69f2421b833,PRIME,2.0,immunogenicity,0.022772,higher,predicted,1.276,0.809,B0702
zhao-vaccine-9360840d0776a1aa,PRIME,2.0,immunogenicity,0.075681,higher,predicted,0.196,0.158,B0702
zhao-vaccine-ba1d9463aef66318,PRIME,2.0,immunogenicity,0.013363,higher,predicted,2.476,2.637,B0702
zhao-vaccine-809ea96fe6eff952,PRIME,2.0,immunogenicity,0.00058,higher,predicted,42.186,7.691,C0303
zhao-vaccine-ab50749b1824253d,PRIME,2.0,immunogenicity,0.039702,higher,predicted,0.845,1.869,B1501
zhao-vaccine-0a9d514e34065af1,PRIME,2.0,immunogenicity,0.076428,higher,predicted,0.389,0.403,C0304
zhao-vaccine-7cb7f9d86207d395,PRIME,2.0,immunogenicity,0.057753,higher,predicted,0.501,1.341,B1501
zhao-vaccine-1d6dc5a561493d8b,PRIME,2.0,immunogenicity,0.003581,higher,predicted,11.896,5.436,B1501
zhao-vaccine-0f2474dc1098b847,PRIME,2.0,immunogenicity,0.002864,higher,predicted,14.808,8.85,B1501
zhao-vaccine-93437d0ca6cc3f4a,PRIME,2.0,immunogenicity,0.007445,higher,predicted,5.628,1.827,B1501
zhao-vaccine-7cefccc42174ee95,PRIME,2.0,immunogenicity,0.33632,higher,predicted,0.001,0.006,A0201
zhao-vaccine-079ef0271ac9e975,PRIME,2.0,immunogenicity,0.094967,higher,predicted,0.134,0.186,B6701
zhao-vaccine-b41967fa4cf49b25,PRIME,2.0,immunogenicity,0.191142,higher,predicted,0.05,0.003,A0201
zhao-vaccine-946ddf2c6a43b996,PRIME,2.0,immunogenicity,0.033027,higher,predicted,1.298,1.475,A0201
zhao-vaccine-722b8a2ea5f24a03,PRIME,2.0,immunogenicity,0.079246,higher,predicted,0.373,0.741,A0201
zhao-vaccine-3626f70f7a07035f,PRIME,2.0,immunogenicity,0.018211,higher,predicted,2.508,5.243,A0201
zhao-vaccine-8cabf7e977217886,PRIME,2.0,immunogenicity,0.121878,higher,predicted,0.083,0.448,B4002
zhao-vaccine-7228155ba0aa5c5f,PRIME,2.0,immunogenicity,0.031496,higher,predicted,1.952,0.85,A2601
zhao-vaccine-0ba58e68d7f5133b,PRIME,2.0,immunogenicity,0.057465,higher,predicted,0.32,0.099,B4002
zhao-vaccine-e4deb194a1357a71,PRIME,2.0,immunogenicity,0.01785,higher,predicted,1.619,1.105,B4002
zhao-vaccine-19c376b64f0b1de2,PRIME,2.0,immunogenicity,0.000729,higher,predicted,36.662,40.956,C1203
zhao-vaccine-140491b1fa68941f,PRIME,2.0,immunogenicity,0.000382,higher,predicted,55.004,6.43,B4002
zhao-vaccine-151f78b5a753d106,PRIME,2.0,immunogenicity,0.041863,higher,predicted,0.51,2.921,B4002
zhao-vaccine-eb0ad728400653ac,PRIME,2.0,immunogenicity,0.331477,higher,predicted,0.001,0.001,A3101
zhao-vaccine-99f8df5e12f8b46e,PRIME,2.0,immunogenicity,0.053441,higher,predicted,0.523,0.991,A3101
zhao-vaccine-40fbb3f28a53a8a7,PRIME,2.0,immunogenicity,0.205113,higher,predicted,0.025,0.525,A1101
zhao-vaccine-82a23958d254b203,PRIME,2.0,immunogenicity,0.002259,higher,predicted,17.341,3.141,A1101
zhao-vaccine-713689999ba72283,PRIME,2.0,immunogenicity,0.068968,higher,predicted,0.466,1.006,A0201
zhao-vaccine-a575ae6fd2b17237,PRIME,2.0,immunogenicity,0.071931,higher,predicted,0.437,1.432,A0201
zhao-vaccine-95fd7c896d0867e5,PRIME,2.0,immunogenicity,0.02985,higher,predicted,1.47,0.374,A0201
zhao-vaccine-d4a4ca1acb79296d,PRIME,2.0,immunogenicity,0.075886,higher,predicted,0.4,0.968,A0201
zhao-vaccine-c1207e03b56471ef,PRIME,2.0,immunogenicity,0.102233,higher,predicted,0.116,0.168,B4001
zhao-vaccine-5471c61d183ccb8a,PRIME,2.0,immunogenicity,0.11745,higher,predicted,0.086,0.129,B4001
zhao-vaccine-3747b31ac9667d99,PRIME,2.0,immunogenicity,0.23674,higher,predicted,0.008,0.013,B4001
zhao-vaccine-2ac9c0797079a8f8,PRIME,2.0,immunogenicity,0.213005,higher,predicted,0.022,0.083,A1101
zhao-vaccine-cea4c99c6b575a84,PRIME,2.0,immunogenicity,0.080073,higher,predicted,0.26,0.752,A1101
zhao-vaccine-c65e76b58623ec6f,PRIME,2.0,immunogenicity,0.061661,higher,predicted,0.288,1.383,B4001
zhao-vaccine-30cffa2eae82fc65,PRIME,2.0,immunogenicity,0.007927,higher,predicted,5.713,5.95,B3901
zhao-vaccine-5271e489e168317d,PRIME,2.0,immunogenicity,0.021924,higher,predicted,2.123,0.48,A2402
zhao-vaccine-c869d0ab10b4d9c8,PRIME,2.0,immunogenicity,0.007202,higher,predicted,6.223,2.071,B5401
zhao-vaccine-5de825ff36eeb4cd,PRIME,2.0,immunogenicity,0.054583,higher,predicted,0.618,0.352,B5401
zhao-vaccine-8a1df542b0c6078e,PRIME,2.0,immunogenicity,0.077501,higher,predicted,0.384,1.131,B3901
zhao-vaccine-b97c99a9a7b58e43,PRIME,2.0,immunogenicity,0.009508,higher,predicted,4.95,6.172,A2402
zhao-vaccine-eae16822f375c784,PRIME,2.0,immunogenicity,0.257965,higher,predicted,0.008,0.016,A0206
zhao-vaccine-84d0fd643fa679a7,PRIME,2.0,immunogenicity,0.247722,higher,predicted,0.012,0.025,A3101
zhao-vaccine-47c911d1a48723c2,PRIME,2.0,immunogenicity,0.011819,higher,predicted,3.494,1.952,A3101
zhao-vaccine-00a60dae88e48c26,PRIME,2.0,immunogenicity,0.180274,higher,predicted,0.049,0.008,A0206
zhao-vaccine-d8a8dac7ed33ad24,PRIME,2.0,immunogenicity,0.092601,higher,predicted,0.204,0.32,A3101
zhao-vaccine-1f30d870df77aaaf,PRIME,2.0,immunogenicity,0.071642,higher,predicted,0.431,0.518,C0304
zhao-vaccine-d2ce7cae6d60843b,PRIME,2.0,immunogenicity,0.002108,higher,predicted,17.487,2.07,B4001
zhao-vaccine-9041951216454b7e,PRIME,2.0,immunogenicity,0.003226,higher,predicted,11.629,7.937,B4001
zhao-vaccine-30d18a9534ed46fd,PRIME,2.0,immunogenicity,0.123197,higher,predicted,0.078,0.111,B4001
zhao-vaccine-0694786ec4b3bbc4,PRIME,2.0,immunogenicity,0.025938,higher,predicted,1.045,1.841,B0702
zhao-vaccine-20ff43cf2c8610ca,PRIME,2.0,immunogenicity,0.016809,higher,predicted,3.149,0.337,A0206
zhao-vaccine-022a87c5e80b550a,PRIME,2.0,immunogenicity,0.020973,higher,predicted,2.463,2.081,A0206
zhao-vaccine-3dbb935d8070d9d5,PRIME,2.0,immunogenicity,0.090436,higher,predicted,0.31,0.141,A2402
zhao-vaccine-0702ce1c17bfdb8a,PRIME,2.0,immunogenicity,0.059682,higher,predicted,0.565,0.886,C0304
zhao-vaccine-c35a927cccb1663e,PRIME,2.0,immunogenicity,0.037514,higher,predicted,1.188,0.618,A0206
zhao-vaccine-60384e36ea732f65,PRIME,2.0,immunogenicity,0.081905,higher,predicted,0.346,0.227,A0206
zhao-vaccine-e78c9fc98da01c4d,PRIME,2.0,immunogenicity,0.000428,higher,predicted,54.312,3.119,A0206
zhao-vaccine-150c426926b7bf2c,PRIME,2.0,immunogenicity,0.042298,higher,predicted,0.982,0.914,A0206
zhao-vaccine-6862cd4e653c1828,PRIME,2.0,immunogenicity,0.01216,higher,predicted,3.899,2.406,A2402
zhao-vaccine-5906d463321eec30,PRIME,2.0,immunogenicity,0.016707,higher,predicted,3.173,1.731,A0206
zhao-vaccine-d838759e43906b9e,PRIME,2.0,immunogenicity,0.075818,higher,predicted,0.294,1.048,A3101
zhao-vaccine-f56a3859d007d5ea,PRIME,2.0,immunogenicity,0.00045,higher,predicted,49.522,14.097,A3101
zhao-vaccine-8dad62203483ce1a,PRIME,2.0,immunogenicity,0.000914,higher,predicted,33.709,5.24,A3101
zhao-vaccine-0297677f678e6640,PRIME,2.0,immunogenicity,0.007558,higher,predicted,5.987,3.04,C1402
zhao-vaccine-0cc663f1083811c9,PRIME,2.0,immunogenicity,0.000577,higher,predicted,43.788,36.712,A3101
zhao-vaccine-234211c4399c1179,PRIME,2.0,immunogenicity,0.069318,higher,predicted,0.463,0.675,B3901
zhao-vaccine-70b77e7605ec1014,PRIME,2.0,immunogenicity,0.000967,higher,predicted,36.665,14.105,A0206
zhao-vaccine-94637f4b40db0bae,PRIME,2.0,immunogenicity,0.01079,higher,predicted,5.099,5.334,A0206
zhao-vaccine-8df3abe30ada419b,PRIME,2.0,immunogenicity,0.062636,higher,predicted,0.543,0.065,B3901
zhao-vaccine-1349900b079f91d5,PRIME,2.0,immunogenicity,0.084567,higher,predicted,0.267,1.141,B1501
zhao-vaccine-180865673008432f,PRIME,2.0,immunogenicity,0.071248,higher,predicted,0.361,0.298,B1501
zhao-vaccine-59d5c53567b1f4e7,PRIME,2.0,immunogenicity,0.020688,higher,predicted,1.883,0.272,B1501
zhao-vaccine-9237ce7aebed61e3,PRIME,2.0,immunogenicity,0.069202,higher,predicted,0.441,0.059,B5401
zhao-vaccine-ef3ae58ddf2195b0,PRIME,2.0,immunogenicity,0.056281,higher,predicted,0.483,0.239,A3101
zhao-vaccine-c8db98bd41f0a9df,PRIME,2.0,immunogenicity,0.178688,higher,predicted,0.051,0.08,B5401
zhao-vaccine-37e68b546abd5711,PRIME,2.0,immunogenicity,0.035113,higher,predicted,0.946,1.351,A3101
zhao-vaccine-645528354f0b9832,PRIME,2.0,immunogenicity,0.070683,higher,predicted,0.332,0.011,A3101
zhao-vaccine-06ac4a5ed97705c5,PRIME,2.0,immunogenicity,0.16557,higher,predicted,0.034,0.272,B4002
zhao-vaccine-cdc58305626f8a76,PRIME,2.0,immunogenicity,0.228204,higher,predicted,0.015,0.121,A1101
zhao-vaccine-1bb5454d726123c4,PRIME,2.0,immunogenicity,0.050723,higher,predicted,0.767,0.1,A2402
zhao-vaccine-fc412ba0fecbdccb,PRIME,2.0,immunogenicity,0.030224,higher,predicted,1.143,2.225,A1101
zhao-vaccine-dc825f8473ec39fd,PRIME,2.0,immunogenicity,0.022827,higher,predicted,2.018,1.276,A2402
zhao-vaccine-df4c8617f3823d34,PRIME,2.0,immunogenicity,0.028897,higher,predicted,1.219,2.593,A1101
zhao-vaccine-5536d9cd51935a7c,PRIME,2.0,immunogenicity,0.221785,higher,predicted,0.014,0.038,A3303
zhao-vaccine-b38adf1a34a10357,PRIME,2.0,immunogenicity,0.022189,higher,predicted,1.538,0.51,A3303
zhao-vaccine-aaddee91634b4a65,PRIME,2.0,immunogenicity,0.142678,higher,predicted,0.067,0.059,A3303
zhao-vaccine-3fefaf7cf6c662cd,PRIME,2.0,immunogenicity,0.011279,higher,predicted,3.785,1.039,C0304
zhao-vaccine-6628e04f9ddbfbf6,PRIME,2.0,immunogenicity,0.122796,higher,predicted,0.079,0.153,B4001
zhao-vaccine-28b6cea5f1f503f6,PRIME,2.0,immunogenicity,0.148036,higher,predicted,0.105,0.613,A0201
zhao-vaccine-7a5eaeb9f38eb2a5,PRIME,2.0,immunogenicity,0.032246,higher,predicted,0.897,0.051,B4403
zhao-vaccine-4634de9646f305ec,PRIME,2.0,immunogenicity,0.199982,higher,predicted,0.041,0.474,A0201
zhao-vaccine-7afd3356d2ec51b0,PRIME,2.0,immunogenicity,0.011359,higher,predicted,3.268,1.172,A3303
zhao-vaccine-fefd263d2f7f6e4b,PRIME,2.0,immunogenicity,0.199594,higher,predicted,0.061,0.037,A0207
zhao-vaccine-006db7f66708b833,PRIME,2.0,immunogenicity,0.000284,higher,predicted,61.84,18.197,A3101
zhao-vaccine-546e2eb178b315b1,PRIME,2.0,immunogenicity,0.012427,higher,predicted,3.662,4.464,C0303
zhao-vaccine-40088cdb03109f67,PRIME,2.0,immunogenicity,0.09523,higher,predicted,0.271,0.514,C0303
zhao-vaccine-1e1164e9839091cb,PRIME,2.0,immunogenicity,0.006615,higher,predicted,6.69,29.581,C0303
zhao-vaccine-52757f62ded011a3,PRIME,2.0,immunogenicity,0.003271,higher,predicted,13.108,10.632,C0303
zhao-vaccine-8ea5312eb0adff73,PRIME,2.0,immunogenicity,0.002754,higher,predicted,15.194,14.385,C0303
zhao-vaccine-f1dce5f301e2336e,PRIME,2.0,immunogenicity,0.077918,higher,predicted,0.366,0.13,B5401
zhao-vaccine-35a88421aeb0c758,PRIME,2.0,immunogenicity,0.010885,higher,predicted,5.049,2.284,A0206
zhao-vaccine-f147d872726839fc,PRIME,2.0,immunogenicity,0.039648,higher,predicted,1.089,1.295,A0206
zhao-vaccine-b0eda9d86c2022bb,PRIME,2.0,immunogenicity,0.013955,higher,predicted,3.883,0.923,A0206
zhao-vaccine-5cddd1e998209590,PRIME,2.0,immunogenicity,0.016707,higher,predicted,3.173,1.731,A0206
zhao-vaccine-eb8ee542e0e4abb0,PRIME,2.0,immunogenicity,0.295785,higher,predicted,0.005,0.001,A0201
zhao-vaccine-9cbc55f563fa4d7c,PRIME,2.0,immunogenicity,0.00961,higher,predicted,4.723,2.679,B5401
zhao-vaccine-839fc7d85c2fdcb0,PRIME,2.0,immunogenicity,0.032127,higher,predicted,1.416,0.137,A2402
zhao-vaccine-0937ca06052a3e32,PRIME,2.0,immunogenicity,0.058434,higher,predicted,0.563,0.192,B5401
zhao-vaccine-a9b2ef34a4a4f738,PRIME,2.0,immunogenicity,0.241811,higher,predicted,0.013,0.013,A0206
zhao-vaccine-fcec977a276bdf8c,PRIME,2.0,immunogenicity,0.16898,higher,predicted,0.066,0.059,B3501
zhao-vaccine-7a09b470d60c0895,PRIME,2.0,immunogenicity,0.1036,higher,predicted,0.217,0.527,A0206
zhao-vaccine-3372d006c19f3cc4,PRIME,2.0,immunogenicity,0.024549,higher,predicted,1.713,0.257,B3501
zhao-vaccine-b40b1b13f33fc0c2,PRIME,2.0,immunogenicity,0.294063,higher,predicted,0.005,0.036,A2402
zhao-vaccine-45cb7fbedbb1c0c3,PRIME,2.0,immunogenicity,0.096839,higher,predicted,0.202,0.232,B1501
zhao-vaccine-b349d9cfc662fc3f,PRIME,2.0,immunogenicity,0.007617,higher,predicted,5.501,3.246,B1501
zhao-vaccine-ff806cde4c5e99e1,PRIME,2.0,immunogenicity,0.000425,higher,predicted,49.734,3.195,B1501
zhao-vaccine-1206dc3feba6e30e,PRIME,2.0,immunogenicity,0.001683,higher,predicted,22.076,5.434,B1501
zhao-vaccine-90351014ab7f9ef2,PRIME,2.0,immunogenicity,0.001204,higher,predicted,27.124,30.779,C0303
zhao-vaccine-b012698f34ee7444,PRIME,2.0,immunogenicity,0.025361,higher,predicted,1.657,0.126,B3501
zhao-vaccine-a2d6b5d52e8e2a06,PRIME,2.0,immunogenicity,0.03526,higher,predicted,1.109,1.098,B3501
zhao-vaccine-2a55b2b506873138,PRIME,2.0,immunogenicity,0.150956,higher,predicted,0.091,0.098,B3501
zhao-vaccine-0a4af062d10dde2c,PRIME,2.0,immunogenicity,0.000533,higher,predicted,45.024,7.068,B3501
zhao-vaccine-ba1d65802cd3eaf9,PRIME,2.0,immunogenicity,0.003958,higher,predicted,10.81,5.317,B3501
zhao-vaccine-6632872a0b3e448c,PRIME,2.0,immunogenicity,0.002862,higher,predicted,14.978,3.295,B3501
zhao-vaccine-0179e24f8724c4a2,PRIME,2.0,immunogenicity,0.031392,higher,predicted,1.298,1.924,B3501
zhao-vaccine-7ba3cb1c854964c6,PRIME,2.0,immunogenicity,0.026809,higher,predicted,1.563,0.34,B3501
zhao-vaccine-763cda9e0bb31298,PRIME,2.0,immunogenicity,0.00076,higher,predicted,37.362,11.268,B3501
zhao-vaccine-e22b469e68254879,PRIME,2.0,immunogenicity,0.202904,higher,predicted,0.032,0.037,B3501
zhao-vaccine-44063f3c8fb4dcf5,PRIME,2.0,immunogenicity,0.014228,higher,predicted,3.005,0.481,B3501
zhao-vaccine-d2cfccf2ae541c09,PRIME,2.0,immunogenicity,0.054516,higher,predicted,0.491,1.012,A1101
zhao-vaccine-64773930bac26b74,PRIME,2.0,immunogenicity,0.008025,higher,predicted,5.079,1.423,A1101
zhao-vaccine-baa1ccdf328ebe08,PRIME,2.0,immunogenicity,0.040904,higher,predicted,0.737,1.497,A1101
zhao-vaccine-8bcd58c46c00f5e3,PRIME,2.0,immunogenicity,0.171094,higher,predicted,0.075,0.039,A2402
zhao-vaccine-f3de3519292f9040,PRIME,2.0,immunogenicity,0.010234,higher,predicted,3.939,0.823,A1101
zhao-vaccine-aaab17ba46dc2729,PRIME,2.0,immunogenicity,0.0799,higher,predicted,0.342,0.197,B3501
zhao-vaccine-dc8bf0863af81f55,PRIME,2.0,immunogenicity,0.001394,higher,predicted,25.64,22.048,A3101
zhao-vaccine-aef7322119dad1c7,PRIME,2.0,immunogenicity,0.000753,higher,predicted,37.724,2.913,A3101
zhao-vaccine-ec94cc88e5d47778,PRIME,2.0,immunogenicity,0.022565,higher,predicted,1.703,0.214,A3101
zhao-vaccine-0e08c8e41a1fd3bc,PRIME,2.0,immunogenicity,0.123209,higher,predicted,0.113,0.049,A1101
zhao-vaccine-1592302bf61f7835,PRIME,2.0,immunogenicity,0.011243,higher,predicted,3.687,1.828,A3101
zhao-vaccine-d94a4ac63f944c6b,PRIME,2.0,immunogenicity,0.039892,higher,predicted,0.994,0.943,A0201
zhao-vaccine-c483b1de01ead533,PRIME,2.0,immunogenicity,0.136026,higher,predicted,0.13,0.172,A0201
zhao-vaccine-9e8fc39d95a40a1f,PRIME,2.0,immunogenicity,0.355496,higher,predicted,0.001,0.001,A0201
zhao-vaccine-6363fe1dd915ea5b,PRIME,2.0,immunogenicity,0.001155,higher,predicted,28.17,9.704,A3303
zhao-vaccine-cd64b4192a9c9894,PRIME,2.0,immunogenicity,0.043809,higher,predicted,0.595,1.131,A3303
zhao-vaccine-d1371927058a5898,PRIME,2.0,immunogenicity,0.247603,higher,predicted,0.017,0.042,A2402
zhao-vaccine-0d7bb9929488898f,PRIME,2.0,immunogenicity,0.074793,higher,predicted,0.43,0.059,A2402
zhao-vaccine-3679fae15754e273,PRIME,2.0,immunogenicity,0.074312,higher,predicted,0.435,0.175,A2402
zhao-vaccine-a33ee1dd3b2f09a1,PRIME,2.0,immunogenicity,0.029175,higher,predicted,1.583,0.159,A2402
zhao-vaccine-112f4a88e10feba3,PRIME,2.0,immunogenicity,0.025093,higher,predicted,1.847,4.079,A2402
zhao-vaccine-51e00233f3f7e7ca,PRIME,2.0,immunogenicity,0.055668,higher,predicted,0.674,0.204,A2402
zhao-vaccine-a891cfc889051ef8,PRIME,2.0,immunogenicity,0.015483,higher,predicted,3.055,0.432,A2402
zhao-vaccine-38e000addf6f4701,PRIME,2.0,immunogenicity,0.025047,higher,predicted,1.85,2.913,A2402
zhao-vaccine-a8ebe5e94913fd30,PRIME,2.0,immunogenicity,0.021618,higher,predicted,2.159,0.725,A2402
zhao-vaccine-ba8ad90e15f22284,PRIME,2.0,immunogenicity,0.025078,higher,predicted,1.509,0.27,A3101
zhao-vaccine-a825adb3986d85b1,PRIME,2.0,immunogenicity,0.047981,higher,predicted,0.822,3.948,A0206
zhao-vaccine-d73b9d3454d5e3ba,PRIME,2.0,immunogenicity,0.071487,higher,predicted,0.442,0.149,A0206
zhao-vaccine-098597d31e02ff18,PRIME,2.0,immunogenicity,0.075021,higher,predicted,0.299,0.597,A3101
zhao-vaccine-e17001ee68f8b2b6,PRIME,2.0,immunogenicity,0.06806,higher,predicted,0.354,0.21,A3101
zhao-vaccine-3821bcfab49c8dda,PRIME,2.0,immunogenicity,0.143762,higher,predicted,0.102,0.376,A0206
zhao-vaccine-b5376bbf72b75a70,PRIME,2.0,immunogenicity,0.127978,higher,predicted,0.106,0.07,A3101
zhao-vaccine-8ce3e00395eaa80f,PRIME,2.0,immunogenicity,0.058592,higher,predicted,0.453,0.366,A3101
zhao-vaccine-6fe2d12f3351fe80,PRIME,2.0,immunogenicity,0.021043,higher,predicted,1.832,1.04,A3101
zhao-vaccine-e6aa519622814498,PRIME,2.0,immunogenicity,0.040509,higher,predicted,0.777,0.705,A3101
zhao-vaccine-28680df863991b81,PRIME,2.0,immunogenicity,0.039967,higher,predicted,0.792,0.227,A3101
zhao-vaccine-3a04d026d8ca0c16,PRIME,2.0,immunogenicity,0.01954,higher,predicted,2.67,0.386,A0206
zhao-vaccine-8fa00450fd1bd1ea,PRIME,2.0,immunogenicity,0.001524,higher,predicted,27.836,16.666,A0206
zhao-vaccine-902524f8714db0a0,PRIME,2.0,immunogenicity,0.003764,higher,predicted,14.604,6.97,A0206
zhao-vaccine-166f9c9be7a28013,PRIME,2.0,immunogenicity,0.002058,higher,predicted,22.651,14.508,A0206
zhao-vaccine-d4e4cbda7eddf547,PRIME,2.0,immunogenicity,0.001177,higher,predicted,32.647,11.42,A0206
zhao-vaccine-1228c02b9ebad53d,PRIME,2.0,immunogenicity,0.000357,higher,predicted,58.396,12.154,A0206
zhao-vaccine-16bae7dd6fe15f00,PRIME,2.0,immunogenicity,0.014153,higher,predicted,2.087,5.519,B4002
zhao-vaccine-85cf428a5750ca1a,PRIME,2.0,immunogenicity,0.015662,higher,predicted,3.015,1.757,A2402
zhao-vaccine-33fd6104c0ed9ad5,PRIME,2.0,immunogenicity,0.027041,higher,predicted,0.915,1.256,B4002
zhao-vaccine-4baf337f7a2317cd,PRIME,2.0,immunogenicity,0.021438,higher,predicted,1.282,0.747,B4002
zhao-vaccine-77cc94148cfef17a,PRIME,2.0,immunogenicity,0.00629,higher,predicted,5.316,1.765,B4002
zhao-vaccine-ec860c1541ddf880,PRIME,2.0,immunogenicity,0.013081,higher,predicted,3.484,0.71,C0303
zhao-vaccine-ff0e778a62e2c15f,PRIME,2.0,immunogenicity,0.013488,higher,predicted,3.536,2.55,A2402
zhao-vaccine-cfb615fd7a59e172,PRIME,2.0,immunogenicity,0.0498,higher,predicted,0.49,0.625,A3303
zhao-vaccine-0bae040f7ad64682,PRIME,2.0,immunogenicity,0.060725,higher,predicted,0.364,0.049,A3303
zhao-vaccine-0cf5974c881fdb74,PRIME,2.0,immunogenicity,0.017326,higher,predicted,1.993,1.049,A3303
zhao-vaccine-c80f6f094b695166,PRIME,2.0,immunogenicity,0.013168,higher,predicted,2.774,0.688,A3303
zhao-vaccine-bed24addf506ce34,PRIME,2.0,immunogenicity,0.001143,higher,predicted,28.39,5.574,A1101
zhao-vaccine-dfdd9ca8c63955a9,PRIME,2.0,immunogenicity,0.078412,higher,predicted,0.27,0.247,A1101
zhao-vaccine-132b0e1662304a94,PRIME,2.0,immunogenicity,0.004668,higher,predicted,8.72,1.213,A1101
zhao-vaccine-f1a49243ae0c64e6,PRIME,2.0,immunogenicity,0.000955,higher,predicted,30.602,7.689,C1203
zhao-vaccine-fa380ed85f15cc2e,PRIME,2.0,immunogenicity,0.063093,higher,predicted,0.559,0.071,A2402
zhao-vaccine-1dfd583f79b300b6,PRIME,2.0,immunogenicity,0.040592,higher,predicted,0.823,0.587,B1501
zhao-vaccine-b1ac9f609618f8ca,PRIME,2.0,immunogenicity,0.081525,higher,predicted,0.286,0.044,B1501
zhao-vaccine-fb673980ce81a692,PRIME,2.0,immunogenicity,0.017719,higher,predicted,2.24,1.721,B1501
zhao-vaccine-bc737e82b758fa39,PRIME,2.0,immunogenicity,0.029286,higher,predicted,1.273,1.099,B1501
zhao-vaccine-6e7ce227f1e7e95c,PRIME,2.0,immunogenicity,0.016406,higher,predicted,2.453,2.038,B1501
zhao-vaccine-c85c158e98c6d4ce,PRIME,2.0,immunogenicity,0.154691,higher,predicted,0.086,0.348,C0303
zhao-vaccine-b5643709e76f41a2,PRIME,2.0,immunogenicity,0.05502,higher,predicted,0.651,0.712,C0303
zhao-vaccine-c324908cc731511f,PRIME,2.0,immunogenicity,0.208469,higher,predicted,0.036,0.142,A0201
zhao-vaccine-e26babc136986b5c,PRIME,2.0,immunogenicity,0.141339,higher,predicted,0.118,0.073,A0201
zhao-vaccine-ed76349c9e2dd472,PRIME,2.0,immunogenicity,0.027384,higher,predicted,1.619,1.936,A0201
zhao-vaccine-f46f09dbc700467c,PRIME,2.0,immunogenicity,0.024972,higher,predicted,1.218,0.306,B4001
zhao-vaccine-43909cc41eef52d8,PRIME,2.0,immunogenicity,0.0287,higher,predicted,1.491,0.616,B5401
zhao-vaccine-9ff097726bf7df82,PRIME,2.0,immunogenicity,0.009806,higher,predicted,4.633,4.912,B5401
zhao-vaccine-07cc120068811e93,PRIME,2.0,immunogenicity,0.116671,higher,predicted,0.168,0.22,B5401
zhao-vaccine-cb6e9da5baefeef6,PRIME,2.0,immunogenicity,0.003861,higher,predicted,11.719,4.71,A0201
zhao-vaccine-e42e79bfabd35285,PRIME,2.0,immunogenicity,0.0068,higher,predicted,9.731,0.996,A2603
zhao-vaccine-eb11477b0efd0a9d,PRIME,2.0,immunogenicity,0.192746,higher,predicted,0.048,0.041,A0201
zhao-vaccine-aba286679a3af33b,PRIME,2.0,immunogenicity,0.208216,higher,predicted,0.036,0.051,A0201
zhao-vaccine-e001077a510ea0ab,PRIME,2.0,immunogenicity,0.185385,higher,predicted,0.055,0.17,A0201
zhao-vaccine-8aedb3da06ef5aa9,PRIME,2.0,immunogenicity,0.164116,higher,predicted,0.082,0.108,A0201
zhao-vaccine-4f3da3709e858594,PRIME,2.0,immunogenicity,0.112805,higher,predicted,0.193,0.436,A0201
zhao-vaccine-66cf6b1fcec64658,PRIME,2.0,immunogenicity,0.211204,higher,predicted,0.035,0.499,A0201
zhao-vaccine-110f8acbe4b1fca8,PRIME,2.0,immunogenicity,0.01928,higher,predicted,1.72,0.473,B4001
zhao-vaccine-e9a46f9004af1a7e,PRIME,2.0,immunogenicity,0.205445,higher,predicted,0.018,0.021,B4001
zhao-vaccine-e2051480d50651a1,PRIME,2.0,immunogenicity,0.285793,higher,predicted,0.001,0.017,B4001
zhao-vaccine-d8c68ff39c6d67bc,PRIME,2.0,immunogenicity,0.039201,higher,predicted,0.604,0.023,B4001
zhao-vaccine-bbd81a245bdb6a53,PRIME,2.0,immunogenicity,0.19786,higher,predicted,0.021,0.002,B4001
zhao-vaccine-92fd5241864b220f,PRIME,2.0,immunogenicity,0.003407,higher,predicted,13.175,10.252,C1402
zhao-vaccine-5d33fb0ff018fbe9,PRIME,2.0,immunogenicity,0.19786,higher,predicted,0.021,0.002,B4001
zhao-vaccine-8ee91c6641ca1ff0,PRIME,2.0,immunogenicity,0.002424,higher,predicted,16.165,7.02,C0304
zhao-vaccine-9d3f40a0956a4e9d,PRIME,2.0,immunogenicity,0.046381,higher,predicted,0.618,1.104,A1101
zhao-vaccine-9901cb3a4b27ed5a,PRIME,2.0,immunogenicity,0.016753,higher,predicted,2.833,1.504,A2402
zhao-vaccine-4b07864e3140705d,PRIME,2.0,immunogenicity,0.069716,higher,predicted,0.478,0.054,A2402
zhao-vaccine-110db05232ea3082,PRIME,2.0,immunogenicity,0.077342,higher,predicted,0.408,1.452,A2402
zhao-vaccine-e4d2b521029f4c75,PRIME,2.0,immunogenicity,0.004511,higher,predicted,9.54,3.046,B5401
zhao-vaccine-a282ba8a7a06086e,PRIME,2.0,immunogenicity,0.043994,higher,predicted,0.479,0.063,B0702
zhao-vaccine-77c18644e2932fb6,PRIME,2.0,immunogenicity,0.078901,higher,predicted,0.263,0.127,A0101
zhao-vaccine-aa1cd6de21c627b5,PRIME,2.0,immunogenicity,0.087824,higher,predicted,0.328,0.077,A2402
zhao-vaccine-bc68d3539269548a,PRIME,2.0,immunogenicity,0.043299,higher,predicted,0.943,0.292,A2402
zhao-vaccine-1eec771665f33903,PRIME,2.0,immunogenicity,0.004848,higher,predicted,7.853,4.658,B0702
zhao-vaccine-594e87b0587a9e9f,PRIME,2.0,immunogenicity,0.002748,higher,predicted,14.336,4.62,B3701
zhao-vaccine-04b4770698a2974e,PRIME,2.0,immunogenicity,0.026405,higher,predicted,1.228,1.32,A3303
zhao-vaccine-c58e108dfd64cbc0,PRIME,2.0,immunogenicity,0.054541,higher,predicted,0.43,0.235,A3303
zhao-vaccine-d92517974d4f3f89,PRIME,2.0,immunogenicity,0.030911,higher,predicted,0.973,1.197,A3303
zhao-vaccine-6e32a3a4d24b8733,PRIME,2.0,immunogenicity,0.001876,higher,predicted,20.661,8.429,B4403
zhao-vaccine-0b28e737575328f2,PRIME,2.0,immunogenicity,0.03352,higher,predicted,1.184,1.347,C1403
zhao-vaccine-cffd74d560631564,PRIME,2.0,immunogenicity,0.001316,higher,predicted,26.04,3.994,C1403
zhao-vaccine-65b6f9f578d64a3a,PRIME,2.0,immunogenicity,0.022062,higher,predicted,2.979,5.071,A2602
zhao-vaccine-83583be375927df6,PRIME,2.0,immunogenicity,0.008943,higher,predicted,4.557,0.684,A1101
zhao-vaccine-f8a95121fa99348f,PRIME,2.0,immunogenicity,0.000453,higher,predicted,53.626,12.935,A2602
zhao-vaccine-65db3d80fa5b7e99,PRIME,2.0,immunogenicity,0.138271,higher,predicted,0.165,0.363,A2602
zhao-vaccine-3db26662dded174b,PRIME,2.0,immunogenicity,0.00812,higher,predicted,5.375,3.423,B1502
zhao-vaccine-ecca5c8d455577b7,PRIME,2.0,immunogenicity,0.011357,higher,predicted,3.548,4.002,A1101
zhao-vaccine-a939cdd1e64517db,PRIME,2.0,immunogenicity,0.001512,higher,predicted,23.32,2.081,A1101
zhao-vaccine-3a91b0412741607d,PRIME,2.0,immunogenicity,0.015338,higher,predicted,2.641,0.85,B1501
zhao-vaccine-950d323708c0c079,PRIME,2.0,immunogenicity,0.138035,higher,predicted,0.085,0.125,A1101
zhao-vaccine-0fbf25678eb746d0,PRIME,2.0,immunogenicity,0.056815,higher,predicted,0.46,1.205,A1101
zhao-vaccine-357ed390ee7d1fdc,PRIME,2.0,immunogenicity,0.002615,higher,predicted,15.981,2.392,B1501
zhao-vaccine-240e01cc8bb465d9,PRIME,2.0,immunogenicity,0.177425,higher,predicted,0.057,0.02,C0303
zhao-vaccine-2f2100d375af7d5a,PRIME,2.0,immunogenicity,0.026833,higher,predicted,1.678,1.663,C0303
zhao-vaccine-afe0dec4eb28ae10,PRIME,2.0,immunogenicity,0.12803,higher,predicted,0.072,0.018,B4001
zhao-vaccine-936805b3da156177,PRIME,2.0,immunogenicity,0.189329,higher,predicted,0.033,0.282,A1101
zhao-vaccine-424685eefad90556,PRIME,2.0,immunogenicity,0.047779,higher,predicted,0.552,0.276,B5504
zhao-vaccine-76a4efdae6a914b3,PRIME,2.0,immunogenicity,0.201341,higher,predicted,0.027,0.023,A1101
zhao-vaccine-36426fe45a930122,PRIME,2.0,immunogenicity,0.014349,higher,predicted,2.699,0.511,B5504
zhao-vaccine-f747b2b51cfbabad,PRIME,2.0,immunogenicity,0.081418,higher,predicted,0.177,0.094,B4001
zhao-vaccine-27e1a9e9e35414a7,PRIME,2.0,immunogenicity,0.004859,higher,predicted,11.387,2.625,A0206
zhao-vaccine-404d7ce39ecf59f9,PRIME,2.0,immunogenicity,0.012008,higher,predicted,4.573,11.259,A0206
zhao-vaccine-8065b928ecd8e7f8,PRIME,2.0,immunogenicity,0.002507,higher,predicted,19.433,3.091,A0206
zhao-vaccine-ad459a5f33f3e1a8,PRIME,2.0,immunogenicity,0.002411,higher,predicted,19.859,7.626,A0206
zhao-vaccine-d09e210ef6ab7eb3,PRIME,2.0,immunogenicity,0.010544,higher,predicted,4.023,9.021,C0304
zhao-vaccine-aa2c1bda5b31a11f,PRIME,2.0,immunogenicity,0.000396,higher,predicted,56.12,5.493,A0206
zhao-vaccine-3fbf3551139b5a42,PRIME,2.0,immunogenicity,0.085424,higher,predicted,0.233,0.272,A1101
zhao-vaccine-1e95a45f3420bc91,PRIME,2.0,immunogenicity,0.083117,higher,predicted,0.245,0.094,A1101
zhao-vaccine-2bac15822f4621cb,PRIME,2.0,immunogenicity,0.028959,higher,predicted,1.215,0.967,A1101
zhao-vaccine-bbc17f4dc4d180d2,PRIME,2.0,immunogenicity,0.034956,higher,predicted,1.123,0.127,B5603
zhao-vaccine-a1819a144253c3e6,PRIME,2.0,immunogenicity,0.080102,higher,predicted,0.34,0.069,B5603
zhao-vaccine-073cca260922bb4f,PRIME,2.0,immunogenicity,0.006051,higher,predicted,7.117,3.418,B5603
zhao-vaccine-126571c60a679ff2,PRIME,2.0,immunogenicity,0.119304,higher,predicted,0.161,1,B5603
zhao-vaccine-53cc5e2c52609258,PRIME,2.0,immunogenicity,0.041655,higher,predicted,1.004,0.897,A0206
zhao-vaccine-4fd86bb638616a00,PRIME,2.0,immunogenicity,0.304773,higher,predicted,0.001,0.019,A0206
zhao-vaccine-093e4d37b1ecc877,PRIME,2.0,immunogenicity,0.019839,higher,predicted,2.224,0.343,B5401
zhao-vaccine-0c1b41d2765f72e0,PRIME,2.0,immunogenicity,0.0618,higher,predicted,0.52,0.381,B5401
zhao-vaccine-d266d1821cd62f33,PRIME,2.0,immunogenicity,0.156373,higher,predicted,0.126,0.124,A0207
zhao-vaccine-e435197463fe5b7c,PRIME,2.0,immunogenicity,0.064148,higher,predicted,0.545,1.253,A2402
zhao-vaccine-c6f922bd7724668d,PRIME,2.0,immunogenicity,0.014211,higher,predicted,3.354,1.961,A2402
zhao-vaccine-3861173c349a7587,PRIME,2.0,immunogenicity,0.00598,higher,predicted,7.683,2.72,A2402
zhao-vaccine-52a2e78b51a70337,PRIME,2.0,immunogenicity,0.042196,higher,predicted,0.882,0.079,B5401
zhao-vaccine-8fac527caef104e1,PRIME,2.0,immunogenicity,0.096374,higher,predicted,0.25,0.323,B5401
zhao-vaccine-3d1f8c74d397ed46,PRIME,2.0,immunogenicity,0.005131,higher,predicted,8.611,12.501,B3901
zhao-vaccine-fee31d8d1b435872,PRIME,2.0,immunogenicity,0.002286,higher,predicted,20.74,3.562,A0206
zhao-vaccine-a6ce883b480ebf92,PRIME,2.0,immunogenicity,0.005229,higher,predicted,10.468,0.857,A0206
zhao-vaccine-e5be39d25fc4aeb6,PRIME,2.0,immunogenicity,0.02787,higher,predicted,1.757,0.745,A0206
zhao-vaccine-bd41813397b358e6,PRIME,2.0,immunogenicity,0.002635,higher,predicted,18.872,18.734,A0206
zhao-vaccine-886afa53cb6fd290,PRIME,2.0,immunogenicity,0.063079,higher,predicted,0.537,0.279,B3901
zhao-vaccine-89b2e10bbeb05b74,PRIME,2.0,immunogenicity,0.227561,higher,predicted,0.025,0.012,A0201
zhao-vaccine-950ce035fa9f7b3e,PRIME,2.0,immunogenicity,0.096707,higher,predicted,0.262,0.144,A0201
zhao-vaccine-41d4a32ce031bda7,PRIME,2.0,immunogenicity,0.010453,higher,predicted,5.279,0.5,A0206
zhao-vaccine-a3baeddfcc144f84,PRIME,2.0,immunogenicity,0.159732,higher,predicted,0.075,0.068,A0206
zhao-vaccine-f41ac392317c1f3c,PRIME,2.0,immunogenicity,0.192799,higher,predicted,0.038,0.168,A0206
zhao-vaccine-13044e099e8c07a3,PRIME,2.0,immunogenicity,0.015254,higher,predicted,3.53,3.47,A0206
zhao-vaccine-77ce0dbf21cd2413,PRIME,2.0,immunogenicity,0.022634,higher,predicted,2.243,6.258,A0206
zhao-vaccine-3a765fcf8cf7cbcd,PRIME,2.0,immunogenicity,0.067363,higher,predicted,0.664,1.049,A2602
zhao-vaccine-ee128565ffd955fd,PRIME,2.0,immunogenicity,0.010692,higher,predicted,3.227,0.601,B0702
zhao-vaccine-50aa884055c16bdc,PRIME,2.0,immunogenicity,0.04825,higher,predicted,0.416,0.139,B0702
zhao-vaccine-8bfc8433c2db53d0,PRIME,2.0,immunogenicity,0.066391,higher,predicted,0.515,0.153,A2402
zhao-vaccine-6e57bbd91e448670,PRIME,2.0,immunogenicity,0.011971,higher,predicted,5.744,0.614,A2602
zhao-vaccine-8ac8c2227e3a36fe,PRIME,2.0,immunogenicity,0.303132,higher,predicted,0.001,0.079,A0206
zhao-vaccine-ec6e03b4a77258a4,PRIME,2.0,immunogenicity,0.15417,higher,predicted,0.084,0.144,A0206
zhao-vaccine-3f721116ed966486,PRIME,2.0,immunogenicity,0.184462,higher,predicted,0.045,1.115,A0206
zhao-vaccine-0ff87130a67a50da,PRIME,2.0,immunogenicity,0.186493,higher,predicted,0.044,0.34,A0206
zhao-vaccine-ba76e0ea75e6adf0,PRIME,2.0,immunogenicity,0.028474,higher,predicted,1.714,1.029,A0206
zhao-vaccine-f01a2d38b51af23b,PRIME,2.0,immunogenicity,0.023508,higher,predicted,2.135,1.811,A0206
zhao-vaccine-cdd84c3ea35dd116,PRIME,2.0,immunogenicity,0.045735,higher,predicted,0.879,1.751,A2402
zhao-vaccine-9a68cd155d557b58,PRIME,2.0,immunogenicity,0.286796,higher,predicted,0.007,0.049,A2402
zhao-vaccine-88b886753b3b85e8,PRIME,2.0,immunogenicity,0.167054,higher,predicted,0.081,0.503,A2402
zhao-vaccine-e7bc5743829b1ff8,PRIME,2.0,immunogenicity,0.147648,higher,predicted,0.11,0.166,A2402
zhao-vaccine-d3cbe9756a3b5068,PRIME,2.0,immunogenicity,0.163672,higher,predicted,0.086,0.395,A2402
zhao-vaccine-35398a4ea27add69,PRIME,2.0,immunogenicity,0.013354,higher,predicted,3.571,2.145,A2402
zhao-vaccine-75838fb2556f29fb,PRIME,2.0,immunogenicity,0.127551,higher,predicted,0.159,0.343,A2402
zhao-vaccine-fc9f2ef790e4890f,PRIME,2.0,immunogenicity,0.01807,higher,predicted,2.9,3.372,A0206
zhao-vaccine-f98d7a49c6d35606,PRIME,2.0,immunogenicity,0.002251,higher,predicted,21.021,2.334,A0206
zhao-vaccine-01c18581bbb4033b,PRIME,2.0,immunogenicity,0.001721,higher,predicted,21.771,19.434,B3501
zhao-vaccine-9c4d9f5cd8d83848,PRIME,2.0,immunogenicity,0.04118,higher,predicted,1.024,2.595,A0206
zhao-vaccine-7b47e99c9258d4a3,PRIME,2.0,immunogenicity,0.083174,higher,predicted,0.335,0.806,A0210
zhao-vaccine-e96c0f3a45eafbc7,PRIME,2.0,immunogenicity,0.01478,higher,predicted,3.217,1.398,A2402
zhao-vaccine-65dbbea4d969c167,PRIME,2.0,immunogenicity,0.30682,higher,predicted,0.004,0.004,A2402
zhao-vaccine-d5c2d92c68c00e44,PRIME,2.0,immunogenicity,0.056822,higher,predicted,0.655,0.148,A2402
zhao-vaccine-abb8026d5686da7b,PRIME,2.0,immunogenicity,0.02058,higher,predicted,2.518,1.449,A0210
zhao-vaccine-49367aefb06d8c31,PRIME,2.0,immunogenicity,0.006537,higher,predicted,5.985,1.381,B4006
zhao-vaccine-48ca07a27a0067b5,PRIME,2.0,immunogenicity,0.011086,higher,predicted,3.741,2.106,A3101
zhao-vaccine-6480557c7f803095,PRIME,2.0,immunogenicity,0.004935,higher,predicted,11.192,2.572,A0206
zhao-vaccine-c8d3f0455cd3ed01,PRIME,2.0,immunogenicity,0.001142,higher,predicted,29.087,23.22,A3101
zhao-vaccine-58ce32e861af7792,PRIME,2.0,immunogenicity,0.002304,higher,predicted,18.658,20.21,B5901
zhao-vaccine-af7867960576ddea,PRIME,2.0,immunogenicity,0.145802,higher,predicted,0.053,0.415,B4001
zhao-vaccine-d76fe74404e305c1,PRIME,2.0,immunogenicity,0.031586,higher,predicted,0.85,0.154,B4001
zhao-vaccine-763f2b118fd63fbc,PRIME,2.0,immunogenicity,0.033703,higher,predicted,0.969,0.553,A1101
zhao-vaccine-883f615fab64dfb8,PRIME,2.0,immunogenicity,0.054457,higher,predicted,0.492,0.099,A1101
zhao-vaccine-7f7c6490de6c9249,PRIME,2.0,immunogenicity,0.06891,higher,predicted,0.466,1.383,A0201
zhao-vaccine-123576c9caf5ad31,PRIME,2.0,immunogenicity,0.138035,higher,predicted,0.085,0.125,A1101
zhao-vaccine-693fd279dc9bb1ec,PRIME,2.0,immunogenicity,0.107081,higher,predicted,0.101,0.375,B0702
zhao-vaccine-bf2f1d17d58cffd9,PRIME,2.0,immunogenicity,0.038935,higher,predicted,0.578,0.841,B0702
zhao-vaccine-57f993589faabbec,PRIME,2.0,immunogenicity,0.108817,higher,predicted,0.097,0.017,B0702
zhao-vaccine-7cd0e9aead6fcaaf,PRIME,2.0,immunogenicity,0.054635,higher,predicted,0.342,1.594,B0702
zhao-vaccine-22c4363b550164a3,PRIME,2.0,immunogenicity,0.21909,higher,predicted,0.015,0.022,A3303
zhao-vaccine-ef38ec39be9860e2,PRIME,2.0,immunogenicity,0.056861,higher,predicted,0.376,0.052,B4403
zhao-vaccine-61c746584373405e,PRIME,2.0,immunogenicity,0.016215,higher,predicted,1.929,0.408,B0702
zhao-vaccine-ded69bf99718e3d9,PRIME,2.0,immunogenicity,0.0646,higher,predicted,0.304,0.282,B4403
zhao-vaccine-a4299c752707339b,PRIME,2.0,immunogenicity,0.006842,higher,predicted,8.057,7.191,A0206
zhao-vaccine-0cb879fc2ea296cb,PRIME,2.0,immunogenicity,0.032373,higher,predicted,1.463,5.367,A0206
zhao-vaccine-e96f43fb3732dc73,PRIME,2.0,immunogenicity,0.003097,higher,predicted,16.993,11.851,A0206
zhao-vaccine-c3a86d4262560250,PRIME,2.0,immunogenicity,0.032159,higher,predicted,1.476,1.795,A0206
zhao-vaccine-f26d4f2511028545,PRIME,2.0,immunogenicity,0.003417,higher,predicted,15.801,3.452,A0206
zhao-vaccine-17cd8a70de1f9524,PRIME,2.0,immunogenicity,0.046952,higher,predicted,0.762,1.172,B3501
zhao-vaccine-53c061a2df04d43f,PRIME,2.0,immunogenicity,0.143197,higher,predicted,0.115,0.201,A0201
zhao-vaccine-c5c934898c1498c5,PRIME,2.0,immunogenicity,0.185377,higher,predicted,0.055,0.113,A0201
zhao-vaccine-5469e5b6e273cfe8,PRIME,2.0,immunogenicity,0.008815,higher,predicted,4.91,0.75,B3501
zhao-vaccine-b66efd8b1004fd38,PRIME,2.0,immunogenicity,0.039946,higher,predicted,1.053,0.314,A2402
zhao-vaccine-b6672e0ed6cce55b,PRIME,2.0,immunogenicity,0.026047,higher,predicted,1.612,0.607,B3501
zhao-vaccine-6c96df56c06254f7,PRIME,2.0,immunogenicity,0.157514,higher,predicted,0.081,0.03,B3501
zhao-vaccine-b3b05f40a5ae38cd,PRIME,2.0,immunogenicity,0.017531,higher,predicted,1.652,4.574,B4002
zhao-vaccine-a5d6113530ed9ca5,PRIME,2.0,immunogenicity,0.010651,higher,predicted,2.933,2.136,B4002
zhao-vaccine-9e22e5c4001b2b25,PRIME,2.0,immunogenicity,0.019701,higher,predicted,1.435,2.84,B4002
zhao-vaccine-a0bffa2e4df419a4,PRIME,2.0,immunogenicity,0.002452,higher,predicted,14.691,2.643,B4002
zhao-vaccine-a5e12eac44df3654,PRIME,2.0,immunogenicity,0.014397,higher,predicted,2.953,1.464,C0304
zhao-vaccine-232a4430d93e1e7b,PRIME,2.0,immunogenicity,0.006661,higher,predicted,6.498,2.044,B3501
zhao-vaccine-d4ee26bee0c7e8f2,PRIME,2.0,immunogenicity,0.033183,higher,predicted,0.737,1.082,B0702
zhao-vaccine-aac6b4aab80bd17f,PRIME,2.0,immunogenicity,0.00112,higher,predicted,28.333,3.753,C0303
zhao-vaccine-b986085474b8f378,PRIME,2.0,immunogenicity,0.139357,higher,predicted,0.122,0.347,A0201
zhao-vaccine-ea33020d7e678e1e,PRIME,2.0,immunogenicity,0.137266,higher,predicted,0.133,0.136,A2420
zhao-vaccine-9b32270348e217cb,PRIME,2.0,immunogenicity,0.041199,higher,predicted,0.56,0.142,B4001
zhao-vaccine-862202bcd03e623d,PRIME,2.0,immunogenicity,0.157384,higher,predicted,0.046,0.015,B4403
zhao-vaccine-bcc986f5cfd492fe,PRIME,2.0,immunogenicity,0.266389,higher,predicted,0.008,0.022,B3901
zhao-vaccine-2dbf60795fe422ef,PRIME,2.0,immunogenicity,0.025345,higher,predicted,1.748,1.434,B3901
zhao-vaccine-9f92d2e098c6dc9d,PRIME,2.0,immunogenicity,0.113869,higher,predicted,0.135,0.129,A1101
zhao-vaccine-8ee9e17f582aa7b8,PRIME,2.0,immunogenicity,0.062342,higher,predicted,0.57,0.185,A2402
zhao-vaccine-beb0fc9b184c1e1d,PRIME,2.0,immunogenicity,0.015628,higher,predicted,2.935,2.811,C1202
zhao-vaccine-1f1412b93ee74c9a,PRIME,2.0,immunogenicity,0.110975,higher,predicted,0.211,0.062,C1202
zhao-vaccine-7295facff9a98907,PRIME,2.0,immunogenicity,0.000621,higher,predicted,40.796,24.792,C1202
zhao-vaccine-4b8b32343d0e1494,PRIME,2.0,immunogenicity,0.001231,higher,predicted,27.399,9.006,C1202
zhao-vaccine-70ae4c4c65f581b2,PRIME,2.0,immunogenicity,0.00453,higher,predicted,9.617,21.13,C1202
zhao-vaccine-740bb4ddd21edc40,PRIME,2.0,immunogenicity,0.014156,higher,predicted,2.855,0.6,A3101
zhao-vaccine-4085b8c28233ad53,PRIME,2.0,immunogenicity,0.078082,higher,predicted,0.297,0.054,B5101
zhao-vaccine-bb9240271b41d4eb,PRIME,2.0,immunogenicity,0.00177,higher,predicted,21.239,24.571,A3101
zhao-vaccine-455522409374bfb4,PRIME,2.0,immunogenicity,0.000824,higher,predicted,35.323,5.391,A3303
zhao-vaccine-2d9459470e3bfe2c,PRIME,2.0,immunogenicity,0.000572,higher,predicted,43.748,16.448,A3303
zhao-vaccine-415df34c48d316bb,PRIME,2.0,immunogenicity,0.030101,higher,predicted,1.009,0.712,A3303
zhao-vaccine-c32ca0517468f741,PRIME,2.0,immunogenicity,0.006284,higher,predicted,6.152,2.397,A3303
zhao-vaccine-ac036837e07861b7,PRIME,2.0,immunogenicity,0.005766,higher,predicted,8.43,7.94,B5801
zhao-vaccine-b8f24bf56b36f946,PRIME,2.0,immunogenicity,0.152115,higher,predicted,0.088,0.077,B5401
zhao-vaccine-bde06b90e2aa0b4e,PRIME,2.0,immunogenicity,0.018596,higher,predicted,2.451,0.696,A0201
zhao-vaccine-bdac5831570297ae,PRIME,2.0,immunogenicity,0.087981,higher,predicted,0.311,0.548,A0201
zhao-vaccine-942ac5b1216c0403,PRIME,2.0,immunogenicity,0.145545,higher,predicted,0.11,0.424,A0201
zhao-vaccine-370a499e276d926a,PRIME,2.0,immunogenicity,0.083763,higher,predicted,0.34,0.853,A0201
zhao-vaccine-e72fd9d2772a0882,PRIME,2.0,immunogenicity,0.005477,higher,predicted,8.296,2.755,A0201
zhao-vaccine-d9ba6ec4cee877d0,PRIME,2.0,immunogenicity,0.033339,higher,predicted,1.282,0.858,A0201
zhao-vaccine-1b65998e1d51b50f,PRIME,2.0,immunogenicity,0.088491,higher,predicted,0.153,0.042,B4001
zhao-vaccine-cf2224f1e7653ac5,PRIME,2.0,immunogenicity,0.01519,higher,predicted,3.007,3.445,A0201
zhao-vaccine-f843d271a421258a,PRIME,2.0,immunogenicity,0.056695,higher,predicted,0.616,0.504,A0201
zhao-vaccine-f96491cd3971be1f,PRIME,2.0,immunogenicity,0.024928,higher,predicted,1.221,0.441,B4001
zhao-vaccine-f4f4a8beecf2010b,PRIME,2.0,immunogenicity,0.004993,higher,predicted,8.182,6.061,C0304
zhao-vaccine-d7bda8f21f9111c6,PRIME,2.0,immunogenicity,0.17471,higher,predicted,0.029,0.039,B6701
zhao-vaccine-31e564e215b3cfe5,PRIME,2.0,immunogenicity,0.129625,higher,predicted,0.1,0.173,A1101
zhao-vaccine-c3a5dfbc4bc221fe,PRIME,2.0,immunogenicity,0.034777,higher,predicted,0.925,0.473,A1101
zhao-vaccine-46ce3752982841aa,PRIME,2.0,immunogenicity,0.121784,higher,predicted,0.076,0.087,B6701
zhao-vaccine-586e1e8f81ff3690,PRIME,2.0,immunogenicity,0.009384,higher,predicted,4.33,5.287,A1101
zhao-vaccine-0f9ddbc5c7132ece,PRIME,2.0,immunogenicity,0.095098,higher,predicted,0.192,0.443,A1101
zhao-vaccine-94b2c81d4e70f7a5,PRIME,2.0,immunogenicity,0.005474,higher,predicted,7.198,9.009,B6701
zhao-vaccine-b682f9e79586e497,PRIME,2.0,immunogenicity,0.084591,higher,predicted,0.415,0.067,A0207
zhao-vaccine-aef146d106256bc8,PRIME,2.0,immunogenicity,0.186846,higher,predicted,0.056,0.077,A2402
zhao-vaccine-91f31987a78f9ed7,PRIME,2.0,immunogenicity,0.05586,higher,predicted,0.671,0.237,A2402
zhao-vaccine-df436ef4fffdb899,PRIME,2.0,immunogenicity,0.000162,higher,predicted,81.94,20.883,C1202
zhao-vaccine-513004622274aa67,PRIME,2.0,immunogenicity,0.000384,higher,predicted,52.776,9.758,C1202
zhao-vaccine-10a70a28e2f92441,PRIME,2.0,immunogenicity,0.01675,higher,predicted,2.195,1.029,B4403
zhao-vaccine-cb3467e682418124,PRIME,2.0,immunogenicity,0.12249,higher,predicted,0.098,0.111,A3303
zhao-vaccine-c29393ae111c6e8b,PRIME,2.0,immunogenicity,0.007587,higher,predicted,5.047,0.593,A3303
zhao-vaccine-52710c4a483a2fa2,PRIME,2.0,immunogenicity,0.061936,higher,predicted,0.353,0.095,A3303
zhao-vaccine-2d6c89308b3309be,PRIME,2.0,immunogenicity,0.008941,higher,predicted,4.241,4.183,A3303
zhao-vaccine-ccc64794cc440f1b,PRIME,2.0,immunogenicity,0.194792,higher,predicted,0.049,0.036,A2402
zhao-vaccine-3cb758b99d9d1ed4,PRIME,2.0,immunogenicity,0.030307,higher,predicted,1.395,2.329,B5401
zhao-vaccine-9a25a2ccf2d68794,PRIME,2.0,immunogenicity,0.089057,higher,predicted,0.304,0.151,A0201
zhao-vaccine-a2c6f8984c2dc322,PRIME,2.0,immunogenicity,0.046867,higher,predicted,0.538,0.968,A3303
zhao-vaccine-060df49eaffa10c5,PRIME,2.0,immunogenicity,0.127978,higher,predicted,0.149,0.403,A0201
zhao-vaccine-6e078690e9488283,PRIME,2.0,immunogenicity,0.031987,higher,predicted,0.929,0.602,A3303
zhao-vaccine-0949d10bcc94c1e0,PRIME,2.0,immunogenicity,0.039306,higher,predicted,0.7,0.563,A3303
zhao-vaccine-f9b310adb5e285b4,PRIME,2.0,immunogenicity,0.170467,higher,predicted,0.064,0.088,B3501
zhao-vaccine-7abafc6200be6f2e,PRIME,2.0,immunogenicity,0.140254,higher,predicted,0.115,0.016,C0303
zhao-vaccine-85f37f469c719b76,PRIME,2.0,immunogenicity,0.166081,higher,predicted,0.079,0.17,A0201
zhao-vaccine-a50a3fee92ccb4b5,PRIME,2.0,immunogenicity,0.227393,higher,predicted,0.026,0.082,A0201
zhao-vaccine-27d11b535bd50554,PRIME,2.0,immunogenicity,0.019466,higher,predicted,2.326,4.326,A0201
zhao-vaccine-e3e0fd2528a6d6b5,PRIME,2.0,immunogenicity,0.006154,higher,predicted,7.45,25.854,A0201
