issue_type,severity,key,record_ids,detail
duplicate_peptide,warning,QLEQLMQLY,improve-8140c788b1212a4c|improve-196bec181afda723|improve-f455f850b64b0b4f,count=3
duplicate_peptide,warning,DADLLRPHAY,improve-d614805cba1ae85f|improve-ff920c7c968fcfa1,count=2
duplicate_peptide,warning,FVFNGNFLL,improve-2821f8571088240a|improve-73411b5a5f243cf9|improve-122e7ce533b851b2,count=3
duplicate_peptide,warning,LLAKGLVLL,improve-b6d2ed97a30a3c30|improve-ab0bb239c734325b,count=2
duplicate_peptide,warning,RFDAFVLFL,improve-13f0a27ef17000f5|improve-6306556b81ff1069|improve-976bfc0a897ed5f3,count=3
duplicate_peptide,warning,RTFSMQVAL,improve-1e118e7cb85b41c5|improve-42a4f6571d513a44,count=2
duplicate_peptide,warning,VLIFAVVGM,improve-3ff8b052dc901b92|improve-e8783aa7cee36b10|improve-c44ffc7f235f634b,count=3
duplicate_peptide,warning,EDFLLHINF,improve-b03935ed94c0a534|improve-1b79f763ee512d40,count=2
duplicate_peptide,warning,KVFSHHAYI,improve-c3b41dffb27ba1de|improve-ec6975f64348f350|improve-f07890a6289dd416,count=3
duplicate_peptide,warning,KVFSHHAYF,improve-514390b5e568defd|improve-da1bff53d76bb113|improve-e0a68c2d888e005d,count=3
duplicate_peptide,warning,HSSEVTMTL,improve-446510a9f928e92e|improve-469b2d3b23e3112b,count=2
duplicate_peptide,warning,RLYTGKKPY,improve-e0cfae7ede93a041|improve-3ea8a5e315ed441b,count=2
duplicate_peptide,warning,IYHQPTHLW,improve-6eb87618a2155a68|improve-6391eae5709584a3|improve-e8fc10f685bfc00b,count=3
duplicate_peptide,warning,ARTVRPVSL,improve-e1d4cf3585eabbd3|improve-0e08f190bbc8e3a3|improve-a7ba90951762146b,count=3
duplicate_peptide,warning,TRVKCVVSM,improve-99c7eb3f56ebf8e3|improve-54e0ecbd2956ba33,count=2
duplicate_peptide,warning,YLAKHTILY,improve-114035cedbe7e0bb|improve-7179bf06d36f42b0|improve-9052c98ab2a0e372,count=3
duplicate_peptide,warning,TELGTAAKL,improve-7ddc4300723140a3|improve-630bbcf701248ff1,count=2
duplicate_peptide,warning,HPHPHPHAF,improve-2ebb493b4376e899|improve-22241e381c80f7da|improve-831b24ac91032b8f,count=3
duplicate_peptide,warning,SRYGGGLAV,improve-8c3d38ae628f4395|improve-dc5452fa5e3bca66,count=2
duplicate_peptide,warning,FQLDQITAL,improve-b6c0873058e0e0e0|improve-8bec5630051b0e95|improve-4b5f767b98879a9e,count=3
duplicate_peptide,warning,QTIDKAKYI,improve-4467f1227a3aeac0|improve-7c5b944493d6dc9d,count=2
duplicate_peptide,warning,LLPPYKQSI,improve-e8830d340d69bbee|improve-0ee15315956b4468|improve-c13223fdedf813e0,count=3
duplicate_peptide,warning,IRTDSVLIL,improve-a554fe7f576fc081|improve-e454ca4565a7b47e,count=2
duplicate_peptide,warning,QQQQQAQTL,improve-7eba9baece12f8de|improve-fd505fd340146097|improve-eabdb32e50db4a31,count=3
duplicate_peptide,warning,FYSSRKRLL,improve-38b5de671dfe6d06|improve-f1f583e3f812cc47,count=2
duplicate_peptide,warning,SQRETTWTF,improve-dcb1b4016107cfb5|improve-c48a298dcf8c667b|improve-2987d9b624ca76a9,count=3
duplicate_peptide,warning,STDVGFCTL,improve-ba777e14d3595d81|improve-69a2978b6afbee9c,count=2
duplicate_peptide,warning,EQLEQLMQLY,improve-be9a82a6ac2318fc|improve-93e1aa2691a28f06,count=2
duplicate_peptide,warning,SAAEGLMSY,improve-a15592c4821809cb|improve-4e3522a4d07ebd61|improve-bccaf7d8a668a53b,count=3
duplicate_peptide,warning,SLFEGVDLY,improve-6c29adeb76b93a48|improve-96cbf694eb075b4b|improve-bc387c1c91a5bc2c,count=3
duplicate_peptide,warning,QVDPMSANF,improve-dce38d56b4f02696|improve-cd80315ca61f530b,count=2
duplicate_peptide,warning,DLDQLLDMSY,improve-e707461a37307f6c|improve-0763e1006739130a,count=2
duplicate_peptide,warning,QLNEVDFYY,improve-080e71e5bfe14346|improve-8c32bb990696a056,count=2
duplicate_peptide,warning,YIDGVEEVF,improve-01a06559e2416798|improve-a2daa06ca69c6810,count=2
duplicate_peptide,warning,RLAITIEELY,improve-2ec6587789c1e2e4|improve-b7e98502a2e2b891,count=2
duplicate_peptide,warning,LAITIEELY,improve-b492c3a51b56f942|improve-efbac208802e038e,count=2
duplicate_peptide,warning,VLDANDNSPFM,improve-74e9fae1a49dbdc5|improve-7daacf9d959e3730,count=2
duplicate_peptide,warning,TLIPTCKLY,improve-6a8926e2e5426023|improve-5ef12044aa5304f2,count=2
duplicate_peptide,warning,ETLSVKQQY,improve-bec4e80a34ab29a4|improve-c013f1d869fe8490,count=2
duplicate_peptide,warning,YIQENLPLLL,improve-f0a33e5de15865c7|improve-1ce3eb55a1d943b2|improve-db9a5e521b190590,count=3
duplicate_peptide,warning,TLDSLDIRW,improve-44e540be71fe43c0|improve-6f298851b6f82124,count=2
duplicate_peptide,warning,YVGGFAVFEY,improve-8fcf680817a7a1cc|improve-a9cf99bb0d7dfa76,count=2
duplicate_peptide,warning,RTQSLNQAF,improve-67b8a0973a1b08b0|improve-2a0d3771321a75a2|improve-7c0c90fedbd76797,count=3
duplicate_peptide,warning,ITIEELYRM,improve-db98e20b4634f290|improve-18c70e16d67f7d53|improve-81c71f52aa2f9a8b|improve-007a69ddbed33ec9,count=4
duplicate_peptide,warning,ATKLIVVEY,improve-74be962859315121|improve-65734753122f349c,count=2
duplicate_peptide,warning,FSRKSLLILY,improve-f18f92f7ef03b401|improve-a01e017a9c4b281f,count=2
duplicate_peptide,warning,SLLTKNLLY,improve-c579a28a164de022|improve-cb453ecc1620120a,count=2
duplicate_peptide,warning,TVMWAAALY,improve-fa8662a4341e6a4c|improve-bf4323291dcb7e39,count=2
duplicate_peptide,warning,YSEPHYMKL,improve-36e535e7ed478408|improve-62beb9132015fa12|improve-1ed7ecb2194214e4|improve-0e41fcaf895bc67d,count=4
duplicate_peptide,warning,SVDAPVTNV,improve-25beafbbc1ccdf32|improve-da3cddf881419737,count=2
duplicate_peptide,warning,VNTYNVAIAY,improve-9f0976149b38e0da|improve-287fce8d527f66b9,count=2
duplicate_peptide,warning,NTYNVAIAY,improve-8027d170f1b6a1fe|improve-d7ff84ecea58b1d8|improve-c73419e43cbe9233|improve-9217a04378c117eb,count=4
duplicate_peptide,warning,HIEEEVSKY,improve-e148bf9bb88d59f5|improve-4deb55fefc13ac07,count=2
duplicate_peptide,warning,NTIAEGNNVY,improve-6a4f4e11ae0317df|improve-d7b4c9edd79fb291,count=2
duplicate_peptide,warning,TIAEGNNVY,improve-85d953df84336617|improve-a8f0c562a3652519,count=2
duplicate_peptide,warning,MTNPTNVIEVY,improve-003a0d932b22b9a1|improve-47471cc1a3cd29f5,count=2
duplicate_peptide,warning,WSKPQPPPEEY,improve-8a295089826bebbd|improve-1602b06d1d5681b7,count=2
duplicate_peptide,warning,QSDMKHWTF,improve-d62f43220978799d|improve-c52cf860dca77834,count=2
duplicate_peptide,warning,SLAPPSIEY,improve-a593bb2c73455fc6|improve-22a5e6edc9ce3810|improve-e0ce665e25130cd9,count=3
duplicate_peptide,warning,KVNPVQGLAY,improve-b6f18ded42affd9f|improve-1aba356cafb90db9,count=2
duplicate_peptide,warning,SSLAPPSIEY,improve-38c62a2d48ac851a|improve-f2d1ec939fe7572e,count=2
duplicate_peptide,warning,YVDYPIYDM,improve-eb943e4076a575c3|improve-81163b0fd6101f73,count=2
duplicate_peptide,warning,SSAPSEVTY,improve-a1b0509ab243bf44|improve-37561108d7932f14,count=2
duplicate_peptide,warning,FADSNPPAQY,improve-a312cc3a9a639815|improve-e3e9fff90182b88c|improve-7f43abd37e02da6b,count=3
duplicate_peptide,warning,QPSQLLSLFY,improve-3aa002d06f2dcca8|improve-94aeb13c6940764b,count=2
duplicate_peptide,warning,SKEAAFTNY,improve-6c0b4405986127e6|improve-dd75bec100d9ae03,count=2
duplicate_peptide,warning,FTQPSQLLSL,improve-2e8dac443306d4a9|improve-eab2cef61ba23af1,count=2
duplicate_peptide,warning,SSDEKDSVL,improve-f97a144f0647db38|improve-164b147bc6d6d6e5|improve-14f97355ce7ae654|improve-0a67905c49273204|improve-94a54b4c6c0e3bfd,count=5
duplicate_peptide,warning,FTQPSQLLSLF,improve-e9b4d32adf456d1d|improve-bc95b59746b6e446,count=2
duplicate_peptide,warning,FAEDGTRTV,improve-0838ecdc1e9d819d|improve-b0d04021aaf9420c|improve-eb9f58cf9f7718ee|improve-442318d4ef0ca846|improve-d5814e2615d92a36,count=5
duplicate_peptide,warning,QTNYRVAVL,improve-f3438212c9e0202c|improve-066ce59c0ce8bd07|improve-f2a2d7ed94f6ec1e|improve-ce2ad3e05409adf2|improve-26517c706f915e17,count=5
duplicate_peptide,warning,DSNPPAQYSW,improve-0e7c01755054462f|improve-3c197d28daec0910,count=2
duplicate_peptide,warning,FLFNNLLVI,improve-e04a41eeffa62030|improve-0257a7eef83dab95,count=2
duplicate_peptide,warning,YLKDSPQPV,improve-4fa453c4accb2cfc|improve-5c16e3217f58b41e,count=2
duplicate_peptide,warning,FIYKHPEEA,improve-d60b08afebf5a58a|improve-02f04b4f68cb71c9,count=2
duplicate_peptide,warning,IMNYIPDLL,improve-7c638c33994aadfd|improve-4ca8f0f26e7f206e,count=2
duplicate_peptide,warning,SLFETHRQL,improve-dd9e8df8bef29877|improve-b1347404cdbb99d7|improve-3632b6d171ccd01f,count=3
duplicate_peptide,warning,YQSELQLRV,improve-b1e6d43f92d77cb2|improve-1ed7fc4ce0db6d60,count=2
duplicate_peptide,warning,FLYLRNPTA,improve-fcb3a61b90359b97|improve-47d177f604f2f264,count=2
duplicate_peptide,warning,FTFDAITTL,improve-7a9d82c0e5a0c253|improve-fb10b5e71b63dcda|improve-7083eff344c8e987,count=3
duplicate_peptide,warning,YVYWTDYEV,improve-01764084ffa80254|improve-55f1de15085bbc1f,count=2
duplicate_peptide,warning,FLYRSPQTM,improve-46763a888f157997|improve-6e833b2e5e461479|improve-ff358914b1f20adc|improve-46d2c917fca61b06,count=4
duplicate_peptide,warning,KLDDDFKQM,improve-762b38f74db7a5f7|improve-2786bf0125c53560,count=2
duplicate_peptide,warning,LLLGRSLEL,improve-3603925dfa20ae76|improve-aad50f3c5c67d29c,count=2
duplicate_peptide,warning,GLAALTATM,improve-4d832b191247f15f|improve-491c81561fadd263,count=2
duplicate_peptide,warning,FMQDQIALV,improve-4fcb9bb593f39860|improve-3048529c38e703cb,count=2
duplicate_peptide,warning,RISEILMEV,improve-33eb8704b8ca8f6e|improve-8a5e4cf2ced3376e,count=2
duplicate_peptide,warning,WVYEKPALI,improve-ad10c60bd6551c0c|improve-7ca9e58112fcaac5|improve-390778b4f27e7f7d,count=3
duplicate_peptide,warning,TLATGLPTL,improve-c42b9d80719a0e70|improve-7cd4d29d214f1c0e,count=2
duplicate_peptide,warning,SIIGLMHSL,improve-326dd5f8c2abbbac|improve-61f1728c4a034e9d,count=2
duplicate_peptide,warning,VVYEMLYGL,improve-405dd10032a1599f|improve-296a14ac8779d1e1,count=2
duplicate_peptide,warning,KMYESSRTL,improve-5e77615d576a1b01|improve-fb8a1f61b4e29fe6|improve-f699c0419520c6f9,count=3
duplicate_peptide,warning,VIDEMIEHL,improve-074409028e92bbce|improve-565aa0880ea84ea8,count=2
duplicate_peptide,warning,SLLAKGLVL,improve-512f042bcae6364f|improve-35caab6c9bc2fc1f,count=2
duplicate_peptide,warning,GAWPPTHAL,improve-c89d8c79a995bb35|improve-5e8a858e57a709a8,count=2
duplicate_peptide,warning,VMLQNFSNL,improve-22387f81010e7ee8|improve-9358849ab8db9bb9,count=2
duplicate_peptide,warning,NIYKPVLHI,improve-2c25cfd614a3d1a6|improve-ae53fb00f084411f,count=2
duplicate_peptide,warning,ITFTRSLSV,improve-67db0b8afb44cb6a|improve-3f24ced0b2d9313d,count=2
duplicate_peptide,warning,GIFGLNLAL,improve-bf213a223acfe42e|improve-8f223230a89433c2,count=2
duplicate_peptide,warning,MLQNFSNLV,improve-55537ef98e14eaa5|improve-cadb0660c2b5f89a,count=2
duplicate_peptide,warning,ALNTPIQTA,improve-2055565957c60097|improve-35b0c89c12ab5d95,count=2
duplicate_peptide,warning,FVWEQNLEQL,improve-1bde2c9aaf576ff1|improve-5889f46bf8703290,count=2
duplicate_peptide,warning,FVTGAAWYL,improve-ec12d23da6ee1d66|improve-7afb0b953cd709b9,count=2
duplicate_peptide,warning,KMSSPTDTSV,improve-ea5183cae93573cc|improve-123ec7e16bbadeb9,count=2
duplicate_peptide,warning,RLGPGSPLL,improve-aa4fd71721cd8fa7|improve-c0597a92c16c6e8e|improve-291c8e7962c92624,count=3
duplicate_peptide,warning,YTLEQALLL,improve-489d3ffb05ee1ca8|improve-2642b34a27e08cd2,count=2
duplicate_peptide,warning,SLFNKMPSI,improve-4f1a76614fd26b52|improve-e3747b285b422c02,count=2
duplicate_peptide,warning,YLPIIKEYL,improve-0907fc8f9c495c16|improve-fedf402105f526cc,count=2
duplicate_peptide,warning,QMMPFPPWL,improve-ccebb0999c7b741f|improve-d6119ea596e29718,count=2
duplicate_peptide,warning,FLYTSNQHL,improve-976f5ff12ec1dc88|improve-5157c00efe681376,count=2
duplicate_peptide,warning,FIFGEPRKL,improve-7997e9cce42df20a|improve-c89162a2e2e91b5b,count=2
duplicate_peptide,warning,RLYTPVPQV,improve-3cb238868f7ae8e8|improve-287a4043388b6b21|improve-bff90a8a3c0a1969,count=3
duplicate_peptide,warning,SLDLHFTDV,improve-4f61de1563c9efa4|improve-a86274958893fc57,count=2
duplicate_peptide,warning,FIDDAVNKL,improve-4eee9fff952a08f5|improve-876077079a1e889a|improve-09807a6d9280e714,count=3
duplicate_peptide,warning,KLSNIAHRV,improve-b65ff2c1f4f50c3e|improve-98e4cb1f3e30126f,count=2
duplicate_peptide,warning,ILFGPSLEV,improve-807abd7c25add82f|improve-0236f6df91055e8e,count=2
duplicate_peptide,warning,ALQDAIPQL,improve-35260a07b8361eb3|improve-9e5cb58a63b5d93c|improve-13b50c318e2bd6c5,count=3
duplicate_peptide,warning,ALYTAGVVL,improve-0d434be03ffacce1|improve-2d6c56b0e895dadd,count=2
duplicate_peptide,warning,AVFPNQPHL,improve-e945ceaa7daa41d1|improve-7193b2c70d758649|improve-f738ffd758df46e1,count=3
duplicate_peptide,warning,VLPAKPPNL,improve-05aabb471cf39cb4|improve-9390d7b77af7570b,count=2
duplicate_peptide,warning,SLDLLANEL,improve-a05a6039c7938e7c|improve-9b62aac7bec17a12,count=2
duplicate_peptide,warning,GMMDELSEF,improve-058d4858964f3bdc|improve-2a9cfe1ee88e8644,count=2
duplicate_peptide,warning,AQMAGAMAL,improve-4d03af58f05727af|improve-0bfc1344e6bb64f5,count=2
duplicate_peptide,warning,KLSHKNINL,improve-2b3fdef814e1f081|improve-5f8e31e33be4174a,count=2
duplicate_peptide,warning,VLANITKSL,improve-0d7f10db14ddf7b0|improve-b32498003f9d6c8a,count=2
duplicate_peptide,warning,SLYPQHYCL,improve-277b47baa1ffda8c|improve-acfdae6268ddff56,count=2
duplicate_peptide,warning,TLHKFSYKL,improve-733f878cb5e280c7|improve-f7ecb926cb4f2493,count=2
duplicate_peptide,warning,KVLAHFYRV,improve-fc42b2bdf2296dd6|improve-3343a6905a3845f2,count=2
duplicate_peptide,warning,RLEEFYIKL,improve-75c456edb5ca2ab6|improve-4746ed4e26b9afd3|improve-5eefe9f72f35468a,count=3
duplicate_peptide,warning,KLGRVVLGL,improve-40dc7aaaea6325b8|improve-facc9833990d3689,count=2
duplicate_peptide,warning,KIYSFGLGV,improve-ef4ba8c01f6e64b9|improve-6dc4f6aaab6744f1,count=2
duplicate_peptide,warning,YLGDSLSHL,improve-2fc5dae9daf88669|improve-2b74c16239a3b27e,count=2
duplicate_peptide,warning,VLIGGIHGF,improve-e4f88572a918d4b5|improve-3aaf2043cbfe3ea1,count=2
duplicate_peptide,warning,VIFNQIPFL,improve-a0505b95523e8d18|improve-94cc8451394b965e,count=2
duplicate_peptide,warning,KAFDWSPVV,improve-7e0be1d5c2166883|improve-f14c5838f85f3c05|improve-4775b3d1c425ae6f,count=3
duplicate_peptide,warning,YLPTKNLLL,improve-6c6211d71390adb1|improve-8079a89ff2de2cf2|improve-54cc68b3bc32ec8b,count=3
duplicate_peptide,warning,ILAEHTLKL,improve-46a36a6132a25868|improve-77224bab3bcf5299|improve-0ac0299b6f09622c|improve-b7536bd4de4ce4e6,count=4
duplicate_peptide,warning,FTILNPIYL,improve-a0c29d216df4213f|improve-606a1dbfca705ad4|improve-485f95c803b381fc,count=3
duplicate_peptide,warning,KLFGLGLAL,improve-1c7a816b8f42162d|improve-473f1980b65724b9,count=2
duplicate_peptide,warning,QLYELNRHL,improve-22b1c4652990c5aa|improve-095ec5a43db97b1d,count=2
duplicate_peptide,warning,ALAGGTFLF,improve-b98bbddd7fab0be8|improve-5f5a0049d79acf01|improve-3504d397daa2d7c8,count=3
duplicate_peptide,warning,SLFTVFIQL,improve-73921290a0399f3b|improve-ec7e6aa28704e0fd,count=2
duplicate_peptide,warning,CLDPAQNTL,improve-6ea6b89e83d0a61a|improve-74cf9978605f0537,count=2
duplicate_peptide,warning,TLEELPTKL,improve-5b351a5e2985a088|improve-45e25cc398e9ee48,count=2
duplicate_peptide,warning,GMDGVRAFL,improve-7afd650f4f137192|improve-0d58ffae6029a366,count=2
duplicate_peptide,warning,TVLSGHVMV,improve-5a558660387cb4da|improve-a0316471b931ad94|improve-d830d0f9781d1e02,count=3
duplicate_peptide,warning,ILSCNNTSI,improve-d5976a04bd2975a0|improve-095c2d2ac31db44d|improve-38d368ed7d9d639e,count=3
duplicate_peptide,warning,SLLFDKRSL,improve-04f6560e0c33f3f1|improve-6cb88e9c98530c05,count=2
duplicate_peptide,warning,KQWEIRFEEL,improve-cbd5b95746db7d35|improve-40fd063965e790ea|improve-b417ded3a3c722b5,count=3
duplicate_peptide,warning,EMDKITQGL,improve-48e3ebc252682120|improve-742b9c5cd6981b02|improve-8db6eb4cac7788c2,count=3
duplicate_peptide,warning,TMFYGSLIF,improve-b5997e8d576246c1|improve-fd0566771866f7ea|improve-65d381ffecf3433d|improve-a5771db1e387992c,count=4
duplicate_peptide,warning,TLWDVLVAV,improve-5498434ae5b74d30|improve-325d79db44f9326e|improve-686db305e1ec4e76,count=3
duplicate_peptide,warning,RLDALQHRL,improve-5748b3fca3c4922d|improve-922190441dee9390|improve-159889e2af43a952,count=3
duplicate_peptide,warning,SQYKRLPNV,improve-73a2772d28c84a8b|improve-019152b8310766ec|improve-c9751bf3937b2333|improve-13d484f189d3c7d3,count=4
duplicate_peptide,warning,KITQGLISV,improve-0a7047e88ec03598|improve-fb88fd08db87ac8c|improve-f028a1219c93abaf,count=3
duplicate_peptide,warning,IQENLPLLL,improve-20a822099b2ce5da|improve-47a72670aa6f9b07|improve-f8246602581122c5,count=3
duplicate_peptide,warning,YIQENLPLL,improve-55a0f4e79446fc0c|improve-ed0bb77b826ca8e3|improve-0e0a3631a68cab7d|improve-e11c65d23963525a,count=4
duplicate_peptide,warning,RLAITIEEL,improve-3c8e6564fdf3fc59|improve-45dc3cd374cc4872,count=2
duplicate_peptide,warning,FLCSDHFTL,improve-1757f74fd8ddca8f|improve-8e07e25cbb54fd84,count=2
duplicate_peptide,warning,SIATKLIVV,improve-be274b04b1d363b7|improve-833dfa52bd1586ff,count=2
duplicate_peptide,warning,FLNTRTPPI,improve-8e8a873105ea6de2|improve-aa4f64b6eebf6b66|improve-c47bde154ae1c674,count=3
duplicate_peptide,warning,SLNQAFAAL,improve-97b31654f3e6eb10|improve-d3458e5968221db3|improve-0fab8abaaee81d62,count=3
duplicate_peptide,warning,QLADPGLSA,improve-96ea141714e4d937|improve-8a3974a1c29ec8b6,count=2
duplicate_peptide,warning,RLVGATATF,improve-13999d7f6eb2c78e|improve-de0262d891661b3a,count=2
duplicate_peptide,warning,KQPDLFKYI,improve-6a72013d0c4c602a|improve-bb74e0d66420b8fc,count=2
duplicate_peptide,warning,VAISYLTYL,improve-e1e98c29bc610d56|improve-3898bb950a4ebe81,count=2
duplicate_peptide,warning,ALHDGALRL,improve-45674b16aa4e21d3|improve-b3f0d45657d384cf,count=2
duplicate_peptide,warning,KMNYIGQLL,improve-492532f8b7192975|improve-d45b9dba141dd346,count=2
duplicate_peptide,warning,FMISKPQEL,improve-a45aaa02db023a52|improve-f558be96ea6e3130,count=2
duplicate_peptide,warning,MMLPYPLAL,improve-5eac31781d97601e|improve-0fa66efe6ee56381|improve-79c1f2674ed3159d,count=3
duplicate_peptide,warning,RAIRHLEYL,improve-e48eb242a787f966|improve-392eaf5168ee1fe9,count=2
duplicate_peptide,warning,YTQPMVEKM,improve-0722484aa4b65f1c|improve-1c374a0973b55c76,count=2
duplicate_peptide,warning,LFNDIVNML,improve-a329b6343febd447|improve-1c9152cd9247f2d0|improve-1ae2cf13c1f803d9,count=3
duplicate_peptide,warning,HLDTPVVRL,improve-11e9a15be89385e8|improve-9242607eef05ef1e,count=2
duplicate_peptide,warning,ISASTMGLK,improve-6cfbcb85bf0cad07|improve-d3bbe38ef10e246e,count=2
duplicate_peptide,warning,SVDDRLIYK,improve-de6719ef82a716d3|improve-decbdd4d94fc0313,count=2
duplicate_peptide,warning,SVFSTFTKHK,improve-f562fe3fafa65514|improve-e9b367d003501d79,count=2
duplicate_peptide,warning,SVVKDVMLGK,improve-3fd317c6c2273848|improve-63bd1e0feaf0e7b9,count=2
duplicate_peptide,warning,SVSNTTVGSK,improve-d972316aa653dd9e|improve-fdb734ca8a918be1,count=2
duplicate_peptide,warning,FVFADLERK,improve-a544092627ab3dd1|improve-dd01b0dcd695f8f3,count=2
duplicate_peptide,warning,VVKDVMLGK,improve-e5f3e49c4abdb410|improve-2d21fe4ca639b117,count=2
duplicate_peptide,warning,ASFNHFHRK,improve-24a6538b20a1552c|improve-27fec3b4b9f147f7,count=2
duplicate_peptide,warning,VLWDEVVAR,improve-4d7ee6f6d386a7fd|improve-4f107e0f1accf196,count=2
duplicate_peptide,warning,SVIAKAVFY,improve-700c01634d01b2de|improve-544f4d510c0e9478|improve-7907f1fc6959aa47,count=3
duplicate_peptide,warning,VVARVGPEK,improve-74627c205b35591a|improve-edb7f1f052bba2a4,count=2
duplicate_peptide,warning,LTWFSVIAK,improve-745c20564c9acbc2|improve-e83c1096744fb634,count=2
duplicate_peptide,warning,SSFAEFLEK,improve-b887c0bd9d2a538a|improve-8c8a0e0aec8fa71b,count=2
duplicate_peptide,warning,TLINNIIIY,improve-cf3271f3d1203fce|improve-54b59f63de8e48e3,count=2
duplicate_peptide,warning,QVARVGPEK,improve-baac377cec8a483e|improve-1e30c94c371c0354,count=2
duplicate_peptide,warning,STMDQLSSR,improve-129487ff4f79bacc|improve-42a2ea470b34b554,count=2
duplicate_peptide,warning,RMFSGVAVY,improve-138931ed481f1db2|improve-60227596bf38d5c5,count=2
duplicate_peptide,warning,VTNDTEGDINY,improve-992e90aec14930dc|improve-b5045c02cbdceb68,count=2
duplicate_peptide,warning,RVASRFSGF,improve-87f422eab7dfe2ff|improve-abb101e39e7557f1|improve-e71c4c4e5cd95107|improve-916c6e648f92f5d1|improve-bfaeaed6af96e969,count=5
duplicate_peptide,warning,LLHINFNNYY,improve-5d0d39a34d44f83e|improve-9b1c562466c7ba38|improve-66a2f26dc888169a,count=3
duplicate_peptide,warning,LLHINFNNY,improve-87153c7aa67cb82f|improve-bde623bc33d2868f|improve-1271ec204a637f4f|improve-62175b543281787e|improve-deb6efce80c3c9c7,count=5
duplicate_peptide,warning,RVFNNCWYL,improve-a3f14571e4bdc05b|improve-3d3b45514efc3a44|improve-05cb3f487d21dac0,count=3
duplicate_peptide,warning,KTKKPTFFF,improve-3b714871a2f547f9|improve-b1b629637f8336d2|improve-9d8de128d861ee11|improve-036f768f5ea57b37|improve-6817e6f94cb1be88,count=5
duplicate_peptide,warning,RTVRPVSLM,improve-60fc899b0d1bf8b8|improve-aebaecf7391425c3|improve-8435bde83cd18065|improve-dcb35fff50382e0c,count=4
duplicate_peptide,warning,KRFDAFVLF,improve-b8ab7a4f021ab01d|improve-f6b549009abf6a25,count=2
duplicate_peptide,warning,YAFPYAHRF,improve-ec4506e86df68ae6|improve-9c33974d0bfdff8f,count=2
duplicate_peptide,warning,HLAGFKELF,improve-4924da72f96bf8c5|improve-949ca410481a7107,count=2
duplicate_peptide,warning,RVSDAQGMF,improve-399af6152d752502|improve-e724bc8b23f10314,count=2
duplicate_peptide,warning,LALPCGLLF,improve-0de38ab579db7f81|improve-7c4a46c0c11e1905,count=2
duplicate_peptide,warning,RYAFPYAHRF,improve-60d8b11407626dbf|improve-873bbe34ce2e10b2,count=2
duplicate_peptide,warning,AQEDIIQWF,improve-b0f1ee48862f7694|improve-e90357666c0f82cd,count=2
duplicate_peptide,warning,YAICHPFMF,improve-235470cc824e9fa1|improve-02b7ec42e112dec1,count=2
duplicate_peptide,warning,FLYRARYAF,improve-acd392d3d4887a01|improve-7ec2f55cfa1dbfff,count=2
duplicate_peptide,warning,RYNNYKTTM,improve-2c295ac3f9ae753b|improve-b344a28ce137654f,count=2
duplicate_peptide,warning,FYDLEANQY,improve-c1b2e291921edae4|improve-e752e2b2d1179173,count=2
duplicate_peptide,warning,DRYAPSLHKL,improve-b02ac96de4949735|improve-fa738fab5ed62d30,count=2
duplicate_peptide,warning,SYYAHTQEL,improve-b6fbc8b3f8d8302c|improve-07282f4b45466519,count=2
duplicate_peptide,warning,RQPGVFYRM,improve-61c4b0be2fb2cc44|improve-f170178dbaa5d7a7,count=2
duplicate_peptide,warning,KFLERLKEL,improve-ef8dd2b85be9f29b|improve-6b97df870b389042,count=2
duplicate_peptide,warning,EFWPPSGLL,improve-2a89c36806294775|improve-cc8fd484c241be93,count=2
duplicate_peptide,warning,IAAPGIAVW,improve-c61a1fb9041c4668|improve-acfbb7d1dd9a396a,count=2
duplicate_peptide,warning,MYPLKDWLL,improve-2f010ae16b67b282|improve-d4b737eccd8e1fa5,count=2
duplicate_peptide,warning,TFPPEGVFI,improve-233c9bbc3e8d2e90|improve-99de6fa50d17fd55,count=2
duplicate_peptide,warning,VYVPVKELL,improve-ca8fbbac629c9c3f|improve-7bdd745a84392e17,count=2
duplicate_peptide,warning,SFMGMMVTM,improve-21853bac86bda5ed|improve-1b63792dc122a959,count=2
duplicate_peptide,warning,VLNEYFHNF,improve-f33856d8add08f18|improve-f4b6879d6e9a3505,count=2
duplicate_peptide,warning,IGYSNNGSEW,improve-a2dbed945df02b36|improve-50e682612f4152da,count=2
duplicate_peptide,warning,LWHDPPHHL,improve-ab49912e3a443ac7|improve-d80b875e2797c4a4,count=2
duplicate_peptide,warning,RYYMDHHRYL,improve-5917df6997783240|improve-1c62176c2391306c,count=2
duplicate_peptide,warning,YYMDHHRYL,improve-d38241467847521c|improve-ef4644ab91931b7e,count=2
duplicate_peptide,warning,HLPSHGYGF,improve-5db6fa08a1d76a68|improve-0a62d30b36340c9c,count=2
duplicate_peptide,warning,YVAAGFQRF,improve-9fc810b96c6e97c8|improve-4507d7f92e30ee2c|improve-9517a7bc6bdfb5cf,count=3
duplicate_peptide,warning,LHPPPYPHF,improve-9ebc1f86d127acc0|improve-798bce0860cb0f21,count=2
duplicate_peptide,warning,TRYSTFSKIF,improve-6c42a741de276fab|improve-157091468aed8cec,count=2
duplicate_peptide,warning,RYYMDHHRY,improve-108aa1058f483cce|improve-d8b639e174856a53|improve-0a1bf54bad9f6744,count=3
duplicate_peptide,warning,TLNPIFNETF,improve-8b595e71253291c0|improve-b21312ecc9fce8e5,count=2
duplicate_peptide,warning,FGNSHLVLF,improve-fac5198770d2388d|improve-52c8328b3ede5e85|improve-12c783234516cf0a,count=3
duplicate_peptide,warning,SRASINSLLF,improve-23a6a5e44660cb82|improve-198518c1b4ad272a,count=2
duplicate_peptide,warning,YAKPAHINDF,improve-e663881e0c81f0e4|improve-2a4d7683df081c0f|improve-f87dcb7265c838a6,count=3
duplicate_peptide,warning,RASINSLLF,improve-187ee757eda06182|improve-3d63de7a77c4398a|improve-b860959c75af880f,count=3
duplicate_peptide,warning,RLPNVPGDF,improve-397a35ac5d87fa9d|improve-46b0e4f9960fb2d5,count=2
duplicate_peptide,warning,TLPAAPALHW,improve-73781da4bf093148|improve-b303195a7087ebcb,count=2
duplicate_peptide,warning,RYCSQKVPL,improve-d0854586484f61c0|improve-59318547bbf46583,count=2
duplicate_peptide,warning,LRKEISIVW,improve-b5201c165cf30670|improve-c96bace7e002895b|improve-41bf0855e0d9be6b,count=3
duplicate_peptide,warning,AAFTNYRLW,improve-5655b9f344ac323e|improve-91e07027239ec98d|improve-67b4f80c0e863f79,count=3
duplicate_peptide,warning,NYIRLKGAKM,improve-647a7e5c93db2752|improve-d367f2062d7eed00|improve-9d84a686319e94a2,count=3
duplicate_peptide,warning,TQPSQLLSLF,improve-696fae62ab34ab24|improve-c289f795b5a7fb1e,count=2
duplicate_peptide,warning,QQPPHPLSQL,improve-9c6c3a0b534fde03|improve-b5bb66a8017cbf92|improve-76cd5831c614121c|improve-dae651cb897492f2,count=4
duplicate_peptide,warning,HLFTQPSQLL,improve-70d1966a9c12d12f|improve-00f14375febff976|improve-1ffacb3301b337b9|improve-1bd07b3a39f2939a,count=4
duplicate_peptide,warning,LFTQPSQLL,improve-0017cb7ff18a876e|improve-e31c1d13699a2801|improve-0b971dfd5a5acddc,count=3
duplicate_peptide,warning,TQPSQLLSL,improve-c59423e15803a352|improve-fdfd84e2bcb23641|improve-d27ff969c6d2a44b|improve-7714fdde04908f2d,count=4
duplicate_peptide,warning,ASFPGPSEL,improve-0d1900ee83ec92db|improve-2671fbe64ad9f9da|improve-de3277d92273617a|improve-0657ebc9d66ba191|improve-4134eaf25601d78a,count=5
duplicate_peptide,warning,NRVASRFSGF,improve-6d5727267ad96d31|improve-24c23fbecda799e7|improve-371699095dc46361,count=3
duplicate_peptide,warning,ARTVRPVSLM,improve-96cb364bdda302a0|improve-4d1618b1bbc8835d|improve-e6cc3a15f30947c2|improve-d8dafce901a06488,count=4
duplicate_peptide,warning,DTEGDINYL,improve-1a056a606d309b77|improve-13c00b426f2da0d7,count=2
duplicate_peptide,warning,NDTEGDINY,improve-60befcf26d4b7840|improve-26e0777271166726,count=2
duplicate_peptide,warning,VASRFSGFF,improve-2c8a2a4c8e668d89|improve-f9e23753fd4a2b9b|improve-628503abc0076446,count=3
duplicate_peptide,warning,LHINFNNYY,improve-ccbd428270810e93|improve-3b49aa70add639d6|improve-271742f2da9e3d37|improve-866545da95a00f95|improve-86ad971038b02507,count=5
duplicate_peptide,warning,TVRPVSLMV,improve-206854cefab1c443|improve-aef256ab566213d5,count=2
duplicate_peptide,warning,RVASRFSGFF,improve-4fee98337cb0dfca|improve-44dccd0ab153e33d,count=2
duplicate_peptide,warning,SLVSRPGPM,improve-89c2be2086281dfa|improve-11830d236686ddc4,count=2
duplicate_peptide,warning,VSFGIFKLY,improve-b8c831a0884aae30|improve-086728c0f3966df6,count=2
duplicate_peptide,warning,YTSLGALLF,improve-2bd2dae8643c0a7e|improve-bf8a84fb2cd30238,count=2
duplicate_peptide,warning,ATAMDHLAY,improve-5c038fec5d90b1e1|improve-433e696dcb634276,count=2
duplicate_peptide,warning,GSVYAGTLSY,improve-8f207583a41b591c|improve-8eb17dd66fca7119,count=2
duplicate_peptide,warning,SVYAGTLSY,improve-aee65fe2758028af|improve-689a4a351435cce2,count=2
duplicate_peptide,warning,TVAGGAYYL,improve-e07a431ed32f1475|improve-e7ff9cb833201481,count=2
duplicate_peptide,warning,SSVSDISSM,improve-df1473e33861b4ab|improve-430052f7eb9c3bbe,count=2
duplicate_peptide,warning,IIYSRPIYF,improve-f7f715857dd82145|improve-4835c5b9bca0822e,count=2
duplicate_peptide,warning,FAHGIFTVY,improve-8d3a2161588f28c0|improve-f0d1f42d47f5b92a,count=2
duplicate_peptide,warning,TTKGHVASF,improve-daca8b994e92d964|improve-598824744858b22e,count=2
duplicate_peptide,warning,QVLDMAQLF,improve-e24e237b2f9f316a|improve-4de11d2dbc631fbf,count=2
duplicate_peptide,warning,LVAHPTIAM,improve-a847b16dc56f02d5|improve-aea8991b0f6b107d,count=2
duplicate_peptide,warning,ASYPPYQAM,improve-4b667609a7295904|improve-e73dde901bf5a206,count=2
duplicate_peptide,warning,TAMDHLAYL,improve-6a22fbe294c7c1cd|improve-a1fe9782db5899bc,count=2
duplicate_peptide,warning,LTVAGGAYY,improve-f7366659cea8225b|improve-2c04920050796201,count=2
duplicate_peptide,warning,FVALNLMGF,improve-063430f7e9307ea9|improve-fe20a51dc09ed3c9,count=2
duplicate_peptide,warning,FISMVPSNF,improve-36c315c279db7ca7|improve-3b08507e958b70f4,count=2
duplicate_peptide,warning,NTAPYIPEL,improve-584e7a2b54f6adbe|improve-343b6649e23c734a,count=2
duplicate_peptide,warning,LTFQHILSY,improve-f08594da83e92aa6|improve-5849d3f4b7e2f7de,count=2
duplicate_peptide,warning,VVRKAPVSY,improve-7157596af2bb158b|improve-b8584cdccc52d506,count=2
duplicate_peptide,warning,IVMEHVQLL,improve-57de001d7ffbb03a|improve-b5ac372acb5b6ada,count=2
duplicate_peptide,warning,IAAASSNLY,improve-e7ffe67e968c6216|improve-25345364c64dd633,count=2
duplicate_peptide,warning,SVRPDLYHY,improve-7ff01c3b5757223d|improve-1bf71b48606fb64a,count=2
duplicate_peptide,warning,FTNGMCHGY,improve-c7dfbad2a7ff44e0|improve-1fc1faabeef46078,count=2
duplicate_peptide,warning,NTPEVLHVY,improve-093d5fe3790352bd|improve-e278088d1770c340,count=2
duplicate_peptide,warning,YTIDSDWHF,improve-42e2a9bc10f749ce|improve-73917863dc65be74,count=2
duplicate_peptide,warning,VVAETSQLY,improve-263c495a809f9b24|improve-3652a0206ff13c9f,count=2
duplicate_peptide,warning,SVNSRSTLF,improve-8258b58b93469059|improve-2c6ed9d2eb65d915,count=2
duplicate_peptide,warning,YIDQVVQDY,improve-fcb940c5b774d1f5|improve-a3ac8d38cb1e1885,count=2
duplicate_peptide,warning,LSFQDYNAY,improve-dc7812d15f489be7|improve-97b76561500aef26,count=2
duplicate_peptide,warning,WAQDGTPGY,improve-6da2c93c31469ad0|improve-35edaf33005a2e12,count=2
duplicate_peptide,warning,FINLKNITY,improve-c043141cf87ea8bb|improve-495ea342d23fcb88,count=2
duplicate_peptide,warning,HTFDGRLLHF,improve-1c4c6b03e41c2881|improve-1ca7b82bac7831d3,count=2
duplicate_peptide,warning,GTYFQVAFF,improve-cbcd796dc48ae9cc|improve-286e168e16de62f2,count=2
duplicate_peptide,warning,YSSGHNHLY,improve-e9ffa1cb61ffedd5|improve-9c0860a0a6592579,count=2
duplicate_peptide,warning,MSYEQLEQLM,improve-f9979429dbc6da99|improve-960acc7985cf00f9,count=2
duplicate_peptide,warning,YLDYPGDQWY,improve-e33559018817d3bd|improve-442c0d82269b6468,count=2
duplicate_peptide,warning,DQWYLGFSY,improve-c1fd85e8fdfdab4b|improve-209c7f0d93909957,count=2
duplicate_peptide,warning,EVFDFVDTM,improve-ea437bf6f6354b78|improve-2bebf667c208c624|improve-442aa3ee1badd6c8,count=3
duplicate_peptide,warning,DEFDFWDTM,improve-7e0748aa51ed5007|improve-89e7a86e897260f3,count=2
duplicate_peptide,warning,EVFDFWDTM,improve-7d3c4605abb25796|improve-908b3a000f3a3f3d,count=2
duplicate_peptide,warning,ERQARVHYY,improve-c5be2a19620baaa0|improve-b6addc491f7ef7fe|improve-47058986b09e85c9,count=3
duplicate_peptide,warning,SSLSPTSGTM,improve-2b2a67b60d57ed4a|improve-5c27d54d987d2cd6,count=2
duplicate_peptide,warning,GVFKHGYQKY,improve-b34c791e7db2ffdc|improve-27ce04396858d56c,count=2
duplicate_peptide,warning,LAANGPTAL,improve-c522487485d0f409|improve-8f1fd6eadbf7ff24|improve-107e80e611ce45ae,count=3
duplicate_peptide,warning,HGYQKYNSM,improve-54d3097ba5d1609b|improve-159da64c4af6165c,count=2
duplicate_peptide,warning,SLSPTSGTM,improve-76c75bba2f293bf7|improve-8fd0b049b4759776,count=2
duplicate_peptide,warning,MSWEEAGGL,improve-13b038ad32931738|improve-797c6d28fdff2819,count=2
duplicate_peptide,warning,ALACPSSTF,improve-83a052308dd14358|improve-90610895512a028d,count=2
duplicate_peptide,warning,PVSDGTSTL,improve-a631004e2ec988e3|improve-c97b811d7974db7e,count=2
duplicate_peptide,warning,MSYEQLEQL,improve-184ad1124c93e08f|improve-410ba13f84b353b9|improve-c76dfad9b48e6305,count=3
duplicate_peptide,warning,AANGPTALV,improve-d4ffa0735d3494cf|improve-f2c13ce6e95d38f0|improve-01d351d795a3c370,count=3
duplicate_peptide,warning,FPRGPGEAGM,improve-cad7830548621e84|improve-2df7fc8685038944,count=2
duplicate_peptide,warning,VVVGRMTDI,improve-dd4bb8729aec6171|improve-6f554f8847b335f3,count=2
duplicate_peptide,warning,STLSPRHHW,improve-68e6555a90d668eb|improve-c385d13fb20fe61e,count=2
duplicate_peptide,warning,DEFDFVDTM,improve-c223cd029b8c1dae|improve-d350efdb0cfc075f,count=2
duplicate_peptide,warning,EQLEQLMQL,improve-9bc9358847d4c031|improve-8c563a735d388b0e|improve-292523545c156089,count=3
duplicate_peptide,warning,SIKDGLPPV,improve-53a81b49eb05b1ba|improve-e3f7b89a57db626c,count=2
duplicate_peptide,warning,SVYSQLPGL,improve-89ef11808c359e5a|improve-9e41af2dc7ea745d,count=2
duplicate_peptide,warning,KMYNPAHNI,improve-b40082d627ef25c5|improve-1a30a208aa683b9c,count=2
duplicate_peptide,warning,KTISQHLPF,improve-4aaa0651d00d7d55|improve-8b8782584e1f5f2c,count=2
duplicate_peptide,warning,GSRVPHPHL,improve-e99e76332f69970b|improve-fbe488e63b0ab975,count=2
duplicate_peptide,warning,HSREQALLF,improve-acaaca09964d5790|improve-b0676fd2c1ed1c7c|improve-d9dc2671556f4602,count=3
duplicate_peptide,warning,RANGLFVAF,improve-a61c60e50fec7d86|improve-33193d1167ad6bfb,count=2
duplicate_peptide,warning,KASPPALSL,improve-d941b8744a63c31a|improve-8c1cd6c2e941a1c6|improve-0b88349e4d539187,count=3
duplicate_peptide,warning,RTASGSTEI,improve-726e9eb4bd555503|improve-7a7785407e0cd22b,count=2
duplicate_peptide,warning,RTRASLRTW,improve-1da6750531163c7e|improve-9db9f95878f25c1e,count=2
duplicate_peptide,warning,KIYHQPTHL,improve-eddf91917492fd64|improve-bfc449b00d8eb4f8,count=2
duplicate_peptide,warning,RVKASPPAL,improve-88ee167d55b847bd|improve-72f06a00819562f4,count=2
duplicate_peptide,warning,RLRPRLPGF,improve-55a6cf1834a10f06|improve-567d037fd2798219,count=2
duplicate_peptide,warning,NVRPVNLQL,improve-ec2f9b7363152b6d|improve-649988dd9541b1b9,count=2
duplicate_peptide,warning,AVLDLIHLL,improve-59b3ba8fb0efe241|improve-b3775855dbf01d7f,count=2
duplicate_peptide,warning,AVYELGHAL,improve-96f609b6c7f6fe4c|improve-306be29568fe1a6a|improve-e467b13ff5e2edd4,count=3
duplicate_peptide,warning,YINDNPPVF,improve-8147d44baca884ee|improve-8f3e5e1e53ed5100|improve-a06be542c7e994c8,count=3
duplicate_peptide,warning,IYNGIITNY,improve-ab1d41d0adb40ccf|improve-92a898d9fad4e8c5,count=2
duplicate_peptide,warning,VLDLIHLLF,improve-527568b3a50b8cc9|improve-041792558649c503,count=2
duplicate_peptide,warning,TVVPGTLLL,improve-b04660332357435d|improve-0901ce5ab766157b,count=2
duplicate_peptide,warning,LQFQVSSSF,improve-1725495b79501223|improve-814e0d0566f49c79,count=2
duplicate_peptide,warning,KVFGRKHTL,improve-2941ce03c35380f5|improve-6fa6aa40d0be00ab,count=2
duplicate_peptide,warning,MSFSFPFLL,improve-5c6005feb2640342|improve-35ae2b6fe2c13c4d,count=2
duplicate_peptide,warning,YLYSYERRF,improve-c4555556c6082815|improve-705b8760345eab96|improve-56733eb5eada1398,count=3
duplicate_peptide,warning,YLPGYNQSF,improve-cfcd7bd1a60eb9f1|improve-1bda10eacbad8604|improve-e5eb81bbb20595d8,count=3
duplicate_peptide,warning,RFVPPQTSF,improve-38787e768650a456|improve-62e80830f8e30242|improve-fbd9020ae59e1d93,count=3
duplicate_peptide,warning,YSFGLGVRF,improve-4b7a3cd070267fab|improve-1d95e54c15e0c291,count=2
duplicate_peptide,warning,SAVPPPKLF,improve-09c76e0fa8ffbcc8|improve-639006059481d487,count=2
duplicate_peptide,warning,RQDAVMHHL,improve-00db9a2d225f2287|improve-947c5a8934a156c7,count=2
duplicate_peptide,warning,TSYLPPPLF,improve-9edcf935021aaf01|improve-372ce80238a9a56e,count=2
duplicate_peptide,warning,ATFTNVYVL,improve-5eaf955d8ced218c|improve-541a2372731dfe95,count=2
duplicate_peptide,warning,NTFDSGNSF,improve-3c8ac93d7bbb1592|improve-30774fe92e3c2f4b,count=2
duplicate_peptide,warning,IVYEPRTML,improve-4b5a837bd51d00c1|improve-8d83b5ec52fc9c87|improve-61cf7d59569d61b1,count=3
duplicate_peptide,warning,AVHQIGHSL,improve-4fd644a29f708340|improve-8bff1f578f2d8096,count=2
duplicate_peptide,warning,RIYTGEKPY,improve-9d601fb0379c45dc|improve-23898cf56c784932,count=2
duplicate_peptide,warning,TQRPANVIF,improve-c3b44b354169eae4|improve-903ebc078097be04,count=2
duplicate_peptide,warning,AQWKNISVW,improve-2bbb783298e41e93|improve-fd5ec4f259dddd3e,count=2
duplicate_peptide,warning,VQFALMVAF,improve-c0e1706f7db3628f|improve-ec2f66849163a13a,count=2
duplicate_peptide,warning,RQSSNISTF,improve-e8f93463dc3bc348|improve-f9b4e9534fff27ec,count=2
duplicate_peptide,warning,KFWEDLIMSF,improve-a3ab2c9aba7cd06f|improve-15ca7e845d3433f5,count=2
duplicate_peptide,warning,FLHPPPPAL,improve-2dc177eb184c2654|improve-4968206dc4b61e7e|improve-a321b4c52080f52e,count=3
duplicate_peptide,warning,YTVGTKAVY,improve-b79d0d3704fead80|improve-edf1812d054dae6c,count=2
duplicate_peptide,warning,TQRHPHTAL,improve-3c6ec210e4b6e320|improve-d6b2d6299a600afe,count=2
duplicate_peptide,warning,SRPPAHLQQTF,improve-76a139d467bc9044|improve-82855a92b59cf8a8,count=2
duplicate_peptide,warning,NVFGLGRLL,improve-9902b882c948017c|improve-0b3ed296604f9672,count=2
duplicate_peptide,warning,AAAPVWRAF,improve-0bbaae55f8d07c1f|improve-e75e7490786e6264,count=2
duplicate_peptide,warning,KPRNMTGLNL,improve-f02b6bde8f265f5f|improve-e38d728340abee31,count=2
duplicate_peptide,warning,RERQHEVVM,improve-444b6ec0e93639e1|improve-beb7ceb0a452b56c|improve-8effd9ee3d255f7f|improve-ef775005cd3a3d62,count=4
duplicate_peptide,warning,ALHWQPPPL,improve-f962b571653eb89c|improve-34bcc4ee621a69d4|improve-3b22b398aae4efb3|improve-c69f48023e06c1cf,count=4
duplicate_peptide,warning,RQRQHEVVM,improve-cc55261b4ee1f05f|improve-633d240d1be8f055|improve-1bb261b72e8b0131|improve-491ad8c938170f8e,count=4
duplicate_peptide,warning,QPPHPLSQL,improve-78cd5be73419dbf7|improve-76c4e9b3048e77c3|improve-a305c3439bcda640,count=3
duplicate_peptide,warning,HLFTQPSQL,improve-bb80f197e5baaec6|improve-4911ed0acaea47db|improve-8e593d792c8ba892|improve-d910ecdb86c49544,count=4
duplicate_peptide,warning,GAKMDKSMF,improve-bca65efb5718ec57|improve-5fbe4aa3eb3bbce8,count=2
duplicate_peptide,warning,SKKNSAMSL,improve-01f5cfecfada832d|improve-b081d1aabf24c4d4|improve-ec26683b3521cd25|improve-901c2e04859b599a,count=4
duplicate_peptide,warning,KESKKNSAM,improve-bbc364c582f5b519|improve-87520c426ec9faf5,count=2
duplicate_peptide,warning,QPSQLLSLF,improve-1ee4f5e46a873b53|improve-97171b007a13b56a,count=2
duplicate_peptide,warning,QQQQPPHPL,improve-d51bd37b9a3c3355|improve-22983df328c1700c|improve-560471a2fa527140|improve-550106558a3b6e5a,count=4
duplicate_peptide,warning,EAAFTNYRL,improve-746e2495c23a1386|improve-cb6c813f5946631d|improve-a27b3f8b0e2f60f2,count=3
duplicate_peptide,warning,YIRLKGAKM,improve-723cfaa69ddfd3dc|improve-1a348dc681141fa9|improve-cba8c70c7e0ae1ec|improve-070ac0e33fb088dc,count=4
duplicate_peptide,warning,RKSPPQKKL,improve-d07ecbabbda1ed7c|improve-221aa92d791ac1a3|improve-5970d978f3ceb207,count=3
duplicate_peptide,warning,KTKKKSRQL,improve-e9130d15018f8a48|improve-b27563223aa09d54|improve-d31ad11d89a8c477|improve-1442b0995536ee01,count=4
duplicate_peptide,warning,HPRNHIGNKL,improve-f5f61fb17c0decdc|improve-4d697600a3fd1304,count=2
duplicate_peptide,warning,YIEKRLHTL,improve-3ff99642a1ca0ddf|improve-7441d6a2d31909a7,count=2
duplicate_peptide,warning,YSAEYFVSL,improve-4ac07693ff12955c|improve-255d0fa8fc876663|improve-674445bde90d1e8c,count=3
duplicate_peptide,warning,IVNKVRQSM,improve-c1fe99fd6bd6e353|improve-f2c9208a142edab5,count=2
duplicate_peptide,warning,VVAHNRMTL,improve-a90cd341b25e01a3|improve-497eebb003d199ef,count=2
duplicate_peptide,warning,QHNGRPYSL,improve-3d15525cd81ddae7|improve-416fcfe391aa2dca,count=2
duplicate_peptide,warning,FARNAAAAL,improve-94bb479a69351c6d|improve-c8ce25ddd24cadc7,count=2
duplicate_peptide,warning,VFRQKKESM,improve-a22901b44a4d63c4|improve-fc176ba7541e43d1|improve-ad52ee1077065c18,count=3
duplicate_peptide,warning,MKLQKVEVL,improve-ee6a0237e084bee9|improve-60ed7746e5092cb0|improve-235ebf774146a8ee,count=3
duplicate_peptide,warning,QRERQHEVVM,improve-f7c783cf03cfc2fd|improve-a4c61641f4b6242a,count=2
duplicate_peptide,warning,DRYCSQKVPL,improve-65de0e3144e0b2a4|improve-b66fa0d5504c9f45,count=2
duplicate_peptide,warning,QRQRQHEVVM,improve-d5bcac23c801d7f3|improve-7ade59e54dedb160|improve-6c2a8ed33d6758c5,count=3
duplicate_peptide,warning,LQRERQHEV,improve-50e1b5fb48eb324b|improve-7272ba71655fbc17|improve-7faeee65eacaded2,count=3
duplicate_peptide,warning,NQRQRQHEV,improve-e9d1218e5f480aa2|improve-376ddf373fd2095e,count=2
duplicate_peptide,warning,FSFIPSHQL,improve-b9ce8d6505876df8|improve-9126beadb9838125,count=2
duplicate_peptide,warning,YANEDTVVV,improve-c12fab0e6cdb9b77|improve-0fc8b49651981868,count=2
duplicate_peptide,warning,KLAELVPRL,improve-893bd6bed2b1a696|improve-96f02203fa8540f8|improve-bc3af51cac663b7a,count=3
duplicate_peptide,warning,IAQDLGLKL,improve-4d7be5f6e6e71b0e|improve-40c1e9d67802f6f5|improve-f7dbc88e8f6ccd78,count=3
duplicate_peptide,warning,KEEHEVAML,improve-b7ceea2afc10ad15|improve-15840635b9801317|improve-df87b38338121605,count=3
duplicate_peptide,warning,KFERDSIQIF,improve-6d4dcbb60cf725fe|improve-86cee153d51f6209,count=2
duplicate_peptide,warning,SRELNSGNTF,improve-f668d9ad26546ea7|improve-b61127269ffcc067,count=2
duplicate_peptide,warning,SREDPTCPV,improve-1944874bd1ad4a5e|improve-e0a37b765846eee9,count=2
duplicate_peptide,warning,ARRSRSRSR,improve-b982b957cb7b9015|improve-954d9009d5d49674,count=2
duplicate_peptide,warning,YRKTKKPTFFF,improve-0acc3f5204a045e4|improve-ecc20a670e1e33e8,count=2
duplicate_peptide,warning,SRASFPGPSEL,improve-34443a993a77dfa0|improve-86eae967222af44c|improve-5bc3db20f84a1446,count=3
duplicate_peptide,warning,RRSRSRSRSR,improve-72400766f8c62cf7|improve-faadead6cddd9144,count=2
duplicate_peptide,warning,HKMEQEMTW,improve-ead6e037530f9ff4|improve-8d2d9b693c002c71|improve-85ffbcd49a2e8a21,count=3
duplicate_peptide,warning,AARTVRPVSL,improve-bbaf194fcae5c6f5|improve-d23abf0ae0d34ff1,count=2
duplicate_peptide,warning,ARDQLILRW,improve-58923168f7f267c0|improve-882ef5d04c4f62ca,count=2
duplicate_peptide,warning,YRKASVEVM,improve-d94c439f0ab7f38f|improve-103a8ed46763e0f7,count=2
duplicate_peptide,warning,TRANFLDYM,improve-24906a310ccdd3a9|improve-08781945bfdf1841,count=2
duplicate_peptide,warning,GRHMFWRRL,improve-a71a6d110ee5567a|improve-a30f913c3e00b218,count=2
duplicate_peptide,warning,RRDYTVQVQF,improve-f142aa7056ad233d|improve-e50155a531c950a0,count=2
duplicate_peptide,warning,GRPTGLFSL,improve-8d15f6ecaad03490|improve-2d2a3fbb4c679394,count=2
duplicate_peptide,warning,WRIDKDYPV,improve-414ddf3ebd3113bc|improve-70e5de62094ffb9d,count=2
duplicate_peptide,warning,HRAGNKYGF,improve-c665672c5680042d|improve-986de3b59f4f1ec3,count=2
duplicate_peptide,warning,RRRLSPESL,improve-0c4ce0396e9bd88b|improve-8c05c7c74ee0c7d1,count=2
duplicate_peptide,warning,SRGPLQEVL,improve-809fa4a3f595931f|improve-f9354ecf37a5b7df,count=2
duplicate_peptide,warning,VRALIKKYF,improve-8034444a90a7d0d8|improve-d6f15af0432f0743,count=2
duplicate_peptide,warning,FRNEFDRTI,improve-187a3005038c4890|improve-f90636c420073d43,count=2
duplicate_peptide,warning,KRILRSHQI,improve-3463c3b606e70267|improve-6e57940a1c7a83b9,count=2
duplicate_peptide,warning,GRLPQENHL,improve-3e340cd5c6f65b83|improve-488ed482bbee3d30,count=2
duplicate_peptide,warning,ARNGAHYNI,improve-92b3e390b34dee98|improve-947a20926bc4ca16,count=2
duplicate_peptide,warning,ARRPRLLGL,improve-52212bd556652adb|improve-511de902e07b4060,count=2
duplicate_peptide,warning,MRNKRVADF,improve-07a44fe99d9dceef|improve-5020abe0ead6df11,count=2
duplicate_peptide,warning,VRYYDVMSY,improve-28416ba3d6bce850|improve-555e648c4b4961cd,count=2
duplicate_peptide,warning,RRVFKELGF,improve-c06d896e1ad7f48f|improve-020e4316afae4fd9,count=2
duplicate_peptide,warning,SRDSSPTSM,improve-cee60288e9416824|improve-ac435da3cfa4a71b,count=2
duplicate_peptide,warning,RRHSGQPGL,improve-4a20c19b3950458b|improve-22f2d99e8461da16,count=2
duplicate_peptide,warning,CRISRGLHF,improve-a040ef05c511002f|improve-08c2cfcbb17f6f47,count=2
duplicate_peptide,warning,YRLPITVHNL,improve-f2ba925abd4798e4|improve-df1657785f6f3443,count=2
duplicate_peptide,warning,YRNPFQKGDL,improve-428c5d7e7c2de46d|improve-0fc06e63547b1d98,count=2
duplicate_peptide,warning,ARVHYYHQL,improve-db7e4815d193dca0|improve-51d7c18582a82b2d,count=2
duplicate_peptide,warning,RRPVSDGTSTL,improve-1575821bf49d178b|improve-91ec9b4f539bc24b,count=2
duplicate_peptide,warning,FPGPSELQL,improve-6c41a06820437f22|improve-1fb038edcbe8d16a|improve-8bc6c8e7e2bc6a4f,count=3
duplicate_peptide,warning,SFPGPSELQL,improve-65b9738af061bca4|improve-955387fc873d6119,count=2
duplicate_peptide,warning,AAAAAAAAA,improve-dc4f9e625d0b5d31|improve-62364759fd925e96|improve-e1af4b2cddf69527,count=3
duplicate_peptide,warning,YSVPGSQYF,improve-7bb8544aeeefa32f|improve-c24ae6a2744caf40|improve-12710219681542d2,count=3
duplicate_peptide,warning,HINDNTPTF,improve-ff97fc2d0b568e48|improve-2d71e13688fd4efd,count=2
duplicate_peptide,warning,YPYSTPSYL,improve-f67b565390cc6bc1|improve-1d3bdd376ceb1c45,count=2
duplicate_peptide,warning,YVFDNCHEL,improve-864d087c4a40b466|improve-1b902cf2395fbb4d,count=2
duplicate_peptide,warning,HPDVTKAML,improve-1f83451ebfbd3064|improve-0d2e389a8817df00,count=2
duplicate_peptide,warning,LPDNVKALF,improve-97a7db734e477d71|improve-52256ba57f444448,count=2
duplicate_peptide,warning,HVEEYTFSL,improve-65f2adf5b1a0acb9|improve-6227a295cf78ae6d,count=2
duplicate_peptide,warning,LPLPPPPLL,improve-bda0a8b910fe0ea0|improve-d7e5ccd46ed489b8,count=2
duplicate_peptide,warning,VPQPGHYAL,improve-b7ae05dec23c8bf4|improve-8acfca88665a5296,count=2
duplicate_peptide,warning,LADFGLAQL,improve-7c10990b518884eb|improve-37912b60099fcd03,count=2
duplicate_peptide,warning,LASPSPSTV,improve-be24d467788de7b3|improve-4c69cf326ae16e9e,count=2
duplicate_peptide,warning,TPKVANIQV,improve-5e1ca9305577bd89|improve-8269817d8553da49,count=2
duplicate_peptide,warning,MPDSELFKL,improve-0a07ffe14b120a2d|improve-c884f2b663dcb613|improve-1d5cf351b1cbe1d4,count=3
duplicate_peptide,warning,SPDDVEFKF,improve-6e7f68abae40d6cb|improve-618293e07b189cf2,count=2
duplicate_peptide,warning,YSDEIEYIM,improve-294c5bc89ad64974|improve-a0b9c0d8e18e8c6c,count=2
duplicate_peptide,warning,APWPARPFL,improve-407761a2a30abdcd|improve-f9553b7149b58a4a,count=2
duplicate_peptide,warning,EAVSFSQEI,improve-4ee831e5bf43abf9|improve-9e8a5c1decda15d0,count=2
duplicate_peptide,warning,EPHFWAKSI,improve-32b7c4acdac3152f|improve-7e87212c5fefdfd3,count=2
duplicate_peptide,warning,MPDSELFKLI,improve-6f08cfbe1d8009bf|improve-a2e692bfba3873e5,count=2
duplicate_peptide,warning,LPTKLFPPL,improve-d1b86f3a0c36df83|improve-d0687e4861bed4e0,count=2
duplicate_peptide,warning,SPAVILETV,improve-de90e38610400771|improve-e705c50c003eab7d,count=2
duplicate_peptide,warning,LPKYGVKVSL,improve-74f92ed976877037|improve-dc3c44c48993ba19,count=2
duplicate_peptide,warning,IVPMSEALSI,improve-693b359bf6e1398a|improve-7ac3e814cd8cfe40,count=2
duplicate_peptide,warning,DPEKPSTPI,improve-d96adc97b4b6840b|improve-2a368ab8e61294f4,count=2
duplicate_peptide,warning,LPLQPRICL,improve-8ef0c86351931c6f|improve-674b2265c7f62169,count=2
duplicate_peptide,warning,MEAMVQLML,improve-dcc22585345ff748|improve-4eaa89730de05b24,count=2
duplicate_peptide,warning,IEDDPRDLL,improve-e80fee483d97472d|improve-c791085f2e3bad71,count=2
duplicate_peptide,warning,SENPEIELL,improve-27ef80ee5fc6ceb1|improve-e260935017a1325a,count=2
duplicate_peptide,warning,NEFDFMTNF,improve-9d5c0349b2133ccc|improve-2e61bb16391db9bf,count=2
duplicate_peptide,warning,MEDKGITNI,improve-8c51bc9321b9f2d7|improve-5b636ad6c1f66f77,count=2
duplicate_peptide,warning,MEEEEVQTF,improve-1b5447f5c8c82adc|improve-13ccda39b9998df8,count=2
duplicate_peptide,warning,FQPDIYVTI,improve-e6eeee94dfd2e8c1|improve-9e6dab69a66fef1f,count=2
duplicate_peptide,warning,SETEAIEVF,improve-fd4b34accb606aeb|improve-8e6a4c93daefb90c,count=2
duplicate_peptide,warning,VEHDGIDSL,improve-8484800efa4895e0|improve-867d5109c25347b6,count=2
duplicate_peptide,warning,YQTNFILVL,improve-0179dc59f72a0cc1|improve-5749f79a16225274,count=2
duplicate_peptide,warning,SEDSIPLEI,improve-5fb3d5bda2724db4|improve-59b4e2dae84618ef,count=2
duplicate_peptide,warning,FAHPGDVEF,improve-ea5745ca9d5dd90c|improve-ba27b53aacca13c8,count=2
duplicate_peptide,warning,KEWDGMRAI,improve-309b72478cc8c232|improve-2832a210cf89d380,count=2
duplicate_peptide,warning,HEASFIQYL,improve-a5972618438c6428|improve-41e7e53e3c824d5a,count=2
duplicate_peptide,warning,FQNDPLSML,improve-a3ca57d868a89714|improve-aa1ae70afabe9fad,count=2
duplicate_peptide,warning,SEFDKFWMF,improve-363dc4c30e2d55c3|improve-85f9f14492aacc61,count=2
duplicate_peptide,warning,WMTDVIHML,improve-8497a4cfd444eff2|improve-bfd0dc0d5e7bc401,count=2
duplicate_peptide,warning,FGDPHYHTF,improve-0146d64fe6dff6b8|improve-14ce23c5131bffd6,count=2
duplicate_peptide,warning,QERDPKVLTF,improve-23d0511b8e569626|improve-806789dc08cbc21f,count=2
duplicate_peptide,warning,YDVPYHIHL,improve-8c507aba01c4a102|improve-8cd163bffc55c6bd,count=2
duplicate_peptide,warning,EEFLNSWML,improve-8dd254e065de6310|improve-a08d8a518ab51a40,count=2
duplicate_peptide,warning,FENGLFNDF,improve-c8bfcb9ff5cadae4|improve-a9e0628efe9708d3,count=2
duplicate_peptide,warning,MEVARWVQL,improve-e82439e8f378c70f|improve-0257396ffc4fba68,count=2
duplicate_peptide,warning,SFDDLGSVL,improve-c2314d8358dd31b2|improve-246fd5ca5e34dd49,count=2
duplicate_peptide,warning,SQDQDRHTL,improve-5e0f3cb1ec10263c|improve-2b574b7a4f6555ba,count=2
duplicate_peptide,warning,SQDQDTHTL,improve-008d5eb6cee62087|improve-e08400f2cd3e2c97,count=2
duplicate_peptide,warning,AYFPGSSTL,improve-e3e157254f09517c|improve-d0643e60baa40976,count=2
duplicate_peptide,warning,EEKQWEIRF,improve-cbd08e226410b401|improve-ae796d6df8854f4f,count=2
duplicate_peptide,warning,EECGNAFSL,improve-11eb8971b7499bed|improve-f8038d3a96bbb7ab,count=2
duplicate_peptide,warning,GELHHTDYVRI,improve-502dba23ac3feced|improve-afdfcba382ecb6ae,count=2
duplicate_peptide,warning,HRVGRWVTL,improve-2461207f98bc028b|improve-e5fe9d8525ccd3ee|improve-77777a25e7937a79|improve-6317a9a6ca4ab11e,count=4
duplicate_peptide,warning,GELHHTDYV,improve-909ad4f543dbf7a9|improve-74a702d5aff8c0de,count=2
duplicate_peptide,warning,IEDIRNTTLW,improve-e0d79170c21c6305|improve-bda94b2bb2ef7253,count=2
duplicate_peptide,warning,AELKLRQLLW,improve-6f7c8dbf87b46590|improve-85b9963fa7dbfc0f,count=2
duplicate_peptide,warning,AELKLRQLL,improve-988d14795dc3e049|improve-78300aeee4197334,count=2
duplicate_peptide,warning,LESRSLDRI,improve-e2d48029eefbfa09|improve-fad1a49867438d7d,count=2
duplicate_peptide,warning,SAELKLRQLL,improve-eb3a758a0e8848c5|improve-0fb7ae1ca7f96b09,count=2
duplicate_peptide,warning,YEEKQWEIRF,improve-9d02f8a1d795806c|improve-67c919d99fcb22fe,count=2
duplicate_peptide,warning,YTEKRGRIYL,improve-ddf6279d3163061b|improve-4e087d57cdf9a41d,count=2
duplicate_peptide,warning,VEWYLKGKKI,improve-62be7d676dab42e7|improve-382c2c9897352e47,count=2
duplicate_peptide,warning,DEMDKITQGL,improve-dfc8be68a30eb59e|improve-6fc318d556b3f726,count=2
duplicate_peptide,warning,QEHRVGRWVTL,improve-c406c0a865622fc9|improve-e8464ff013c267be,count=2
duplicate_peptide,warning,KEDSSFAEF,improve-b30451508198447a|improve-6c064469cced378b,count=2
duplicate_peptide,warning,QTIDTIMDM,improve-b0fb6dbc61dac2b1|improve-a3d8fcc6070eece7,count=2
duplicate_peptide,warning,KAVKVMRKM,improve-89487b620eebea6a|improve-abd263d0b6f28b74,count=2
duplicate_peptide,warning,SPQIFKVRW,improve-a593389c5794cf97|improve-bf9e9461649171f9,count=2
duplicate_peptide,warning,VAMEVRPSL,improve-c8091bae829a9722|improve-4beb5b650bb78ebf,count=2
duplicate_peptide,warning,EDWVRDLLL,improve-72d366ae0d1263e1|improve-2982bc401354d7c8,count=2
duplicate_peptide,warning,LDSPQIFKV,improve-d480d8a23b4a59cc|improve-8b0379a1ecca7f9b,count=2
duplicate_peptide,warning,WLLDSPQIF,improve-c1b6a6599d4678fb|improve-edd0ac0fd6b94c4b,count=2
duplicate_peptide,warning,ETTLSIRTW,improve-932189ad9ec43793|improve-96279a920841aee9,count=2
duplicate_peptide,warning,SPDDVLKFL,improve-be27d4acc2ea91d2|improve-fefd432caa443494,count=2
duplicate_peptide,warning,FSRPNAQEL,improve-97e355a39f54d8f4|improve-ec84118de25206b1|improve-6176e99c3c6f6523,count=3
duplicate_peptide,warning,QAFAALRKI,improve-22ecc26fbab4b459|improve-812260f0d22d570f|improve-d0ce86ef4277ab64,count=3
duplicate_peptide,warning,LGFLEGTAL,improve-91b9290e88da49c9|improve-6b1d91ea80b6eb27,count=2
duplicate_peptide,warning,QAFFSSKSL,improve-ed26870534c6d813|improve-ff36667d7848075c|improve-b8d081542ce3b8f5,count=3
duplicate_peptide,warning,YSISFKRYY,improve-924edae45e6d8491|improve-f80848f27e74983e,count=2
duplicate_peptide,warning,RASFPGPSEL,improve-97b9d7a60c750c05|improve-c091b6cfa171d706,count=2
duplicate_peptide,warning,LLLPLLLLL,improve-7cdfd39c6001ccb3|improve-43c6c3f48e9674d7,count=2
duplicate_peptide,warning,RMCKGPSVL,improve-9f1758da7a824fcf|improve-0e2f427833788526,count=2
duplicate_peptide,warning,FFSQVGGNL,improve-eb5b8361aa59e25a|improve-a7146f1bb9bd634f,count=2
duplicate_peptide,warning,HLEDFLLHI,improve-7d17d02cb5f35102|improve-19f7a4e8f29415d9,count=2
duplicate_peptide,warning,RVRPGATWL,improve-8984a382580980d4|improve-df863cd00bb46ad1,count=2
duplicate_peptide,warning,HVDLGILYY,improve-ac2de4caac97f479|improve-3d65b359c3f7d769,count=2
duplicate_peptide,warning,KTLPPISLF,improve-d03032c95db031ce|improve-a113883ce8dd95df,count=2
duplicate_peptide,warning,FTLGPTAQF,improve-fe2c3db77433d5c8|improve-02f6c3203ae2cb45,count=2
duplicate_peptide,warning,LSYNNVQLF,improve-519186dfb0be197c|improve-b8c0403813e2bd86,count=2
duplicate_peptide,warning,GVDPHIKKF,improve-14a5164cfeeef073|improve-4223a8461a06649c,count=2
duplicate_peptide,warning,KAADLSLRL,improve-c915c285ac274aae|improve-8cb1a89c76debead,count=2
duplicate_peptide,warning,QTYGNLVSL,improve-e92a24d88ddbcac9|improve-c04f769aa969c829,count=2
duplicate_peptide,warning,EVFPPSVAM,improve-51c76b49d6393b8b|improve-bf6064e1491116f7,count=2
duplicate_peptide,warning,YAADLAQGF,improve-5f21eceea3014d86|improve-126d8e3fb7b7cc02,count=2
duplicate_peptide,warning,RVFDLGKSY,improve-adb81175ddc4c4b1|improve-3687c8f37a94ced3,count=2
duplicate_peptide,warning,HSWGRSLKY,improve-f610ad30c7a9d465|improve-f0c6cece2de85770,count=2
duplicate_peptide,warning,NAFSLSSSL,improve-16d37f641c47dd29|improve-94be30694e7c4988,count=2
duplicate_peptide,warning,SGYAKPAHI,improve-f74a0baff4e16a1d|improve-49cfccd4a72f2259,count=2
duplicate_peptide,warning,ASHLMAVTM,improve-83d2fee0983dd633|improve-3424ebd43d3d979d,count=2
duplicate_peptide,warning,VSVIMNMAL,improve-5cf5d0be2719931f|improve-1f31c70968a9168d,count=2
duplicate_peptide,warning,MTVLSGHVM,improve-bff71cbbbfd38a42|improve-ef27c1875f347fd8,count=2
duplicate_peptide,warning,RSLDRIYNM,improve-eeb353907c0620b1|improve-4c9a541ea8692833,count=2
duplicate_peptide,warning,LTNLESRSL,improve-4f2ab218f6934669|improve-cc361799bc39b017,count=2
duplicate_peptide,warning,TGVSVIMNM,improve-4459783ba634109c|improve-d77ecb5530b75ead,count=2
duplicate_peptide,warning,VAYHRLDAL,improve-6b55f77f3e45f351|improve-f457944057435e13,count=2
duplicate_peptide,warning,MTAENFCCL,improve-c1960187ea88a975|improve-8c9a511445773743,count=2
duplicate_peptide,warning,MALDKEGQI,improve-2b2015a97d75b331|improve-b1aba7338eff0930,count=2
duplicate_peptide,warning,VTMFYGSLI,improve-846d423a3833b074|improve-4fc4bbd5680a7f3c,count=2
duplicate_peptide,warning,SVPTASSSI,improve-1bfb7edc7593e01a|improve-3aeed9998723b0a6,count=2
duplicate_peptide,warning,SINPFGNSHL,improve-e18b5f4a43526d15|improve-b2915e00c0d11a02,count=2
duplicate_peptide,warning,FARDEMDKI,improve-8f1ab39876728a9e|improve-f7eab4125bba2094,count=2
duplicate_peptide,warning,SYEQLEQLM,improve-f8145b8f0f6b44a8|improve-44424dd5a0175191|improve-a1e89d392c8c0bdc,count=3
duplicate_peptide,warning,LLDMSYEQL,improve-e31ad5de217986fa|improve-c8fb603c45272c2a|improve-1a0bb74f991dc66a,count=3
duplicate_peptide,warning,VVEYRPSSL,improve-9b8eafa173b88618|improve-066088c38bc2c693,count=2
duplicate_peptide,warning,VQILRSTVM,improve-77b4790f03cd3093|improve-e73a009a83f773ac,count=2
duplicate_peptide,warning,RTHPLSQLV,improve-0b98b4107e9608d4|improve-527c56320764c5b6,count=2
duplicate_peptide,warning,GGWDAAPQL,improve-f7a78d392bf97c70|improve-ccf0f5d2843bad56,count=2
duplicate_peptide,warning,SVKQQYPSF,improve-687fba24af0bfb29|improve-42e7d06c173baf52,count=2
duplicate_peptide,warning,SYVGGFAVF,improve-65b65b37ae689b39|improve-6f3b9861855ea1ac,count=2
duplicate_peptide,warning,MVNISLRVF,improve-6e2ced16ee4c7319|improve-5bdfec9c6645254e,count=2
duplicate_peptide,warning,FADLERKKL,improve-d9eb1d6b763ae25b|improve-bad81e608ddfa88c,count=2
duplicate_peptide,warning,AGDDAPWAV,improve-7d181c8d20fb3994|improve-4111b48be4bcc0e2,count=2
duplicate_peptide,warning,FVLEDPTLL,improve-11d77d1456fdc315|improve-6060de546f2d5bde,count=2
duplicate_peptide,warning,ASDDPYGTV,improve-624a8656cef5e7bc|improve-a95f5bb6196eb065,count=2
duplicate_peptide,warning,YVDSRGLVIL,improve-187ecdf9654a7791|improve-28c8f431af8f524a,count=2
duplicate_peptide,warning,YVDSRGLVI,improve-2844cd7f4c4ddcc8|improve-0b770124ef9b174b,count=2
duplicate_peptide,warning,VLWDEVVARV,improve-f9b365e938897355|improve-4a60cf428f9a8183,count=2
duplicate_peptide,warning,HYVDSRGLVI,improve-fe28b9ffc1ab142e|improve-8ccf459b27b2486c,count=2
duplicate_peptide,warning,VFFGVGSVI,improve-0596de1d77a9dffc|improve-5397d2965367672f,count=2
duplicate_peptide,warning,YPHPHPHAF,improve-5d855deee3f56020|improve-de1a50f8ac840d0b,count=2
duplicate_peptide,warning,FQNTQGLSF,improve-6a837db9c34e9b1c|improve-0fc4560e4bdba2f0,count=2
duplicate_peptide,warning,GQLDVRMTL,improve-7ddcfe774097477b|improve-955cd393613f3bfe,count=2
duplicate_peptide,warning,VYPNSPVLL,improve-24de6806ed2f296e|improve-5f8fee058fc4d638,count=2
duplicate_peptide,warning,AYEDRIERM,improve-46946871aab5321a|improve-9329e800df5a7de2,count=2
duplicate_peptide,warning,YRQWGHNQL,improve-0c3b3fd66911eb0b|improve-4af8bebe128ed716,count=2
duplicate_peptide,warning,TWDSAPSSA,improve-c997259a0fecfb46|improve-a7b267149928d048,count=2
duplicate_peptide,warning,WVYPNSPVL,improve-90cfea82c226c8ce|improve-585d6dc69567a583,count=2
duplicate_peptide,warning,YFPDAIPVI,improve-6ac6a4ae6f1e8055|improve-e979bdac5f6b1d63,count=2
duplicate_peptide,warning,LYIDKEQYL,improve-e5ae269017cd6496|improve-7c0ce096084c5f2c,count=2
duplicate_peptide,warning,FYLPTKNLL,improve-30a482e5d5aa16b2|improve-dc770de3a82a548d,count=2
duplicate_peptide,warning,AYFSAAKEF,improve-f48e52b7b38aee61|improve-94ceb50851277e52,count=2
duplicate_peptide,warning,IRDEIMSQF,improve-c5d6e58e202c3019|improve-844c7b8bb02a7c68,count=2
duplicate_peptide,warning,MPTPVVMTL,improve-d88fd1921256345f|improve-7b7f1cd1dba3e08d,count=2
duplicate_peptide,warning,FVEDHSNQF,improve-cf3abf9321514348|improve-7272ae169108b5b9,count=2
duplicate_peptide,warning,LYTPVPQVY,improve-ddf35d70a71408db|improve-9fc211e4032452ea,count=2
duplicate_peptide,warning,SFSDVLPEL,improve-4a1626f74d18c413|improve-c1a0c7a32ec5cd5a,count=2
duplicate_peptide,warning,IFYAMGTAL,improve-a3bb7f464dd0c695|improve-c4eafc84ea34cd33,count=2
duplicate_peptide,warning,KYLDDWYEM,improve-e205d125fff2885e|improve-7ce0fc9bb64f7050,count=2
duplicate_peptide,warning,VYEPRTMLL,improve-3dac9d44f095ee1a|improve-d0de7a8f1d86bf60,count=2
duplicate_peptide,warning,YFLGNSVGL,improve-d408c7d89003307e|improve-725b8909d9c14865,count=2
duplicate_peptide,warning,SFLARIFQL,improve-acf9a119deb17ae7|improve-703329c072b4c3ee,count=2
duplicate_peptide,warning,RWSPGHLLL,improve-f4d4e3ece6f1ae7f|improve-890be91892785682,count=2
duplicate_peptide,warning,FYPNHKQML,improve-4e8a8d20d494d661|improve-df8daa2d5f6a0a6b,count=2
duplicate_peptide,warning,IFMDRGMIV,improve-46149d26516a7f7e|improve-c6090626ff1ebd10,count=2
duplicate_peptide,warning,MHYLPQLKF,improve-e5e7918234ed46ec|improve-85a654415b956208,count=2
duplicate_peptide,warning,RYSPALNKM,improve-de8674c7ff2d4046|improve-e9aca3da77f91b73,count=2
duplicate_peptide,warning,TFYPNHKQM,improve-7e68cfba462862c6|improve-fb6c2881297460e6,count=2
duplicate_peptide,warning,FRDRRVQVL,improve-f30f2dd57d8a8be6|improve-500d2cc818ffa7f2,count=2
duplicate_peptide,warning,YFSDLFNIF,improve-fb9e4fe940a7d4f7|improve-50322717cad324ea,count=2
duplicate_peptide,warning,AFNDSSTLM,improve-776e316dffe6100b|improve-3a9b080670987a2e,count=2
duplicate_peptide,warning,FRQKKESMV,improve-55e970efc52e60f1|improve-843c55dc79993272,count=2
duplicate_peptide,warning,IRNDWKVRL,improve-01f9f3164b425c61|improve-20ec9e4721bdf301,count=2
duplicate_peptide,warning,RPYDPKEEY,improve-aaca9de8cc0beac9|improve-3a83019b9e19cf6b,count=2
duplicate_peptide,warning,SIRNDWKVRL,improve-8a5ff0eeff20520b|improve-d53fedb43c89d2ee,count=2
duplicate_peptide,warning,HRPLPASSL,improve-415dfa6ae53b3f2b|improve-d58a39a0eccc1784,count=2
duplicate_peptide,warning,RRPAQPHRPL,improve-00340a6fea86a03e|improve-8e00a564e1e34398,count=2
duplicate_peptide,warning,WHHHHFHSI,improve-dcb3a638941739c2|improve-f4aab9c56715a9b7,count=2
duplicate_peptide,warning,VRPIERCQF,improve-ca24d78b7df31ded|improve-349ef10735e728e9,count=2
duplicate_peptide,warning,SRQMVMDLEL,improve-a18c722fabea83c9|improve-9cc47b66115a21e0,count=2
duplicate_peptide,warning,AIRTDSVLIL,improve-36f0bac0b4bf39ae|improve-f8d3bf709fb1e8b6,count=2
duplicate_peptide,warning,QRLIQQEEY,improve-8a66d5a9439e0985|improve-f99165f685d3b0f7,count=2
duplicate_peptide,warning,ERIKQNFQI,improve-b1504c84d3095229|improve-4eae32b9e241733b,count=2
duplicate_peptide,warning,TRATVATTF,improve-9f630c077e7eae0b|improve-562f81b0daa30a49,count=2
duplicate_peptide,warning,SRVQFSVQLF,improve-a8de305b1dd5be99|improve-515bcd326e12b668,count=2
duplicate_peptide,warning,GTISAMRYF,improve-3324c7bda5578f2b|improve-6a52a074ed5ed8b1,count=2
duplicate_peptide,warning,SRSVANIYL,improve-c056de94283b89e3|improve-f6e63372628221ed,count=2
duplicate_peptide,warning,RRNSPQPGPL,improve-960cf69f0989def2|improve-680a0c143cd322f3,count=2
duplicate_peptide,warning,DRPYDPKEEY,improve-aa6bef0ed8d09556|improve-5216642e8787469d,count=2
duplicate_peptide,warning,ERIKQNFQV,improve-d103f8183db96b93|improve-1ed99db20a35b487,count=2
duplicate_peptide,warning,GRESNIWSL,improve-46c9e8963bee0a4a|improve-f5d73af24a4e4d0b,count=2
duplicate_peptide,warning,RRRDQEGSM,improve-7b2a12927fde7fab|improve-46f3a22704c8cdd1,count=2
duplicate_peptide,warning,DTRATVATTF,improve-4c1469e992dd1913|improve-80df1817fec41505,count=2
duplicate_peptide,warning,SRVQFSVQL,improve-3aefc940509420e5|improve-6bbe468587aafa37,count=2
duplicate_peptide,warning,YRVAVLDKEI,improve-dd2138a2d5fab0cb|improve-d713c7b8890944f6,count=2
duplicate_peptide,warning,LRKSPPQKKL,improve-f9981c985526fc0b|improve-998d2a79ff0a566f,count=2
duplicate_peptide,warning,QRQRQHEVV,improve-0e692e92b7735042|improve-86ef5faccb35f9eb,count=2
duplicate_peptide,warning,FRHLFTQPSQL,improve-da9fb772f0af8a9f|improve-6be717bef7c51876,count=2
duplicate_peptide,warning,RHLFTQPSQL,improve-9bfbbcba81817a0d|improve-eb1d8338934dee20,count=2
duplicate_peptide,warning,SLDPFFSRT,improve-a9530bd135d8937f|improve-7b59c61e73bf5abb,count=2
duplicate_peptide,warning,DDDVVSIEY,improve-52326adddd7e7cfe|improve-591c29c1b908965c,count=2
duplicate_peptide,warning,DDDDDVVSIEY,improve-48a37f65fe45f406|improve-55b8e31a0b72450b,count=2
duplicate_peptide,warning,DDDDVVSIEY,improve-a81870ee414cece2|improve-9655eab431bd85b4,count=2
duplicate_peptide,warning,SLENRLATL,improve-005340806f0cf643|improve-3f7693dc1ab97caa,count=2
duplicate_peptide,warning,LLWMGVLAL,improve-13b9381be1579ba5|improve-2ced83d84b1d34fe|improve-6d343f7bb545f979|improve-22c0ba5ecebf92a2|improve-1f74d2209bbef7a6,count=5
duplicate_peptide,warning,ILDLFGIIL,improve-8d117112c435dd11|improve-3f8bf1a0a9b567e9,count=2
duplicate_peptide,warning,AALLRPDAAL,improve-428551b8b9185d3a|improve-8c9f5e6e3756888d,count=2
duplicate_peptide,warning,ALLRPDAAL,improve-53a3712726457701|improve-780f8f404c28a1a1,count=2
duplicate_peptide,warning,AAPPPLFLL,improve-0492a36cb4d37eec|improve-8003d287102dabb1|improve-c82feb6bc40ca5b1|improve-90dba1511dbafb23,count=4
duplicate_peptide,warning,RAAPPPLFL,improve-d74b548274955d92|improve-519eed0cfb6fb2fd|improve-68f9cb7fcbe85899,count=3
duplicate_peptide,warning,RWADIFSKY,improve-fc623b2b24cf2365|improve-1b201e0a008071c9,count=2
duplicate_peptide,warning,ILFAHSSWY,improve-815d837b2929a951|improve-7f2b83db705ea25b,count=2
duplicate_peptide,warning,HMNDHYTNLY,improve-b975cd5f4b5aafae|improve-86e961dbf55f6ef9,count=2
duplicate_peptide,warning,VVHQRITGEK,improve-7bd48e879d508311|improve-0436a2cd6dabc858,count=2
duplicate_peptide,warning,AAFGQWTLF,improve-03cffa8e14c47010|improve-70b61d7ab384a2ce,count=2
duplicate_peptide,warning,VRPVPWAAF,improve-11fb56065a9edc0e|improve-2ad777b275a0cc9d,count=2
duplicate_peptide,warning,RHSPPGCHLF,improve-636b4e9afd50c8b6|improve-28b28236e159a30c,count=2
duplicate_peptide,warning,RTWSASAGW,improve-8d082c3bdbc10beb|improve-05fe0471d665d532|improve-87693d8fed53d292|improve-490b29bb06947366,count=4
duplicate_peptide,warning,NLRPGTTAL,improve-0039ee775e4cd361|improve-9687441510496932|improve-d586f999849b4d2a|improve-ea5b34eb44a6e7dd,count=4
duplicate_peptide,warning,LLPPPLLLL,improve-b0878dc2553598a6|improve-a7de197eb783183d|improve-69b36ca459f14f40,count=3
duplicate_peptide,warning,TLAGHHSTV,improve-672934208e96d215|improve-4105ad033d608678|improve-3606e09c6d4b3807,count=3
duplicate_peptide,warning,FTSVPPGFKM,improve-01d767e502db53cd|improve-9e3e3582c6bf0c32,count=2
duplicate_peptide,warning,MLMDTQIGF,improve-15c1ebf93fc6a13b|improve-3cdf2971f3e0e23d,count=2
duplicate_peptide,warning,FTNYLPVAF,improve-6166d6e8ee5fd4e1|improve-1ad3bfdf0251715a,count=2
duplicate_peptide,warning,ATATATAEF,improve-76bb48402cc9c667|improve-9942ce32920abed1,count=2
duplicate_peptide,warning,HTPSVKTLY,improve-5231b7f3cb4b7add|improve-dcb9547d3ee9faed,count=2
duplicate_peptide,warning,FVRATTNLF,improve-533fe1efd7df49d4|improve-52d253f38fdff4ab,count=2
duplicate_peptide,warning,STLPTGLRM,improve-21e1aa414be05fb6|improve-d93f50a5063b8f00,count=2
duplicate_peptide,warning,HTEEYVRAF,improve-c05b0283bc51a0d4|improve-c4fe2d1afd04d19e,count=2
duplicate_peptide,warning,GVGQVSPGY,improve-9a7384b9725e610f|improve-cc5dd8118c6da2f7,count=2
duplicate_peptide,warning,AAAAAAAGV,improve-ffe2137b848b89d5|improve-f28992dad931fe71,count=2
duplicate_peptide,warning,AAAAAAGVLY,improve-92128262ae367333|improve-c8fc054e68816ec1|improve-4d99cbfef19c0427,count=3
duplicate_peptide,warning,LAIPTHSFL,improve-997fd7b5c0fa30ec|improve-b79c65fe2d691334,count=2
duplicate_peptide,warning,GAPGPPASL,improve-b83630f6fda5d09c|improve-a21ebfe1a66514db,count=2
duplicate_peptide,warning,SVFQPGRLPL,improve-e9c3acec9b946bb1|improve-14a57c7b5195ed53,count=2
duplicate_peptide,warning,HSVFQPGRL,improve-309d5d2e279c6996|improve-8ce096647a08b287,count=2
duplicate_peptide,warning,FQPGRLPLL,improve-98f0389dc2cb0ab5|improve-bb73456b84d158c7,count=2
duplicate_peptide,warning,AAAAAAGVL,improve-06ea7507da986214|improve-a08008a1f81cf703|improve-c8b8ad40e351b7aa,count=3
duplicate_peptide,warning,LLAIPTHSF,improve-d11c0b05184fb17a|improve-16420714da36ba7a,count=2
duplicate_peptide,warning,AAAAAAAGVLY,improve-2c1b11b64b8d8af3|improve-be4da13f850ab1ae,count=2
duplicate_peptide,warning,DAREAAAAA,improve-8c6eacd10cfddcca|improve-2554df8cbc9fe564,count=2
duplicate_peptide,warning,STRPLPCHQY,improve-5775961b88d317af|improve-3433aff0fc28c9fc,count=2
duplicate_peptide,warning,IVYAPPAGY,improve-1832b946ad60b312|improve-db88846cfd629d2c|improve-967f8d8b394da1a9,count=3
duplicate_peptide,warning,AAAGPPYHL,improve-1f2d8ae55043b7c2|improve-0b6727ed14722b64,count=2
duplicate_peptide,warning,RALPPRPQL,improve-16b91ae086e1d31a|improve-9dd764a6540e4b78|improve-b296d1f7ed41ea70,count=3
duplicate_peptide,warning,RRYGVSSEW,improve-69ea5f34ec1a0e62|improve-8f03509cae51ac1e,count=2
duplicate_peptide,warning,YILSSGLIL,improve-d2d071d6f13e499a|improve-e699ecc6d3a5015c,count=2
duplicate_peptide,warning,RPRGAAITL,improve-f02497cc8c0c497f|improve-a3864b791bc5292a,count=2
duplicate_peptide,warning,RPPPRRPPL,improve-48b1fbb3fb63afdb|improve-d45e5c81cdfccb5b,count=2
duplicate_peptide,warning,RTPQPQPQPL,improve-288bb30a4a0ed233|improve-ca3c231abf005221,count=2
duplicate_peptide,warning,FANWPRPAL,improve-83aefe45c14f1d70|improve-a12c653ab19e3d4d|improve-ed1dafc6ccbe2957,count=3
duplicate_peptide,warning,QQMPAPTTV,improve-0720129c57989fc3|improve-64332f27a6e1841c|improve-74f4ee7c83e0a9a3,count=3
duplicate_peptide,warning,QRITGEKPF,improve-59d5375b81988b37|improve-a9c9b24b8ce9ad53|improve-760f824e8890f978|improve-6e31e66ea252e6fc,count=4
duplicate_peptide,warning,HQRITGEKPF,improve-61eae3c465a51a9b|improve-7e3a2829b2d5c07d|improve-cea0a216610a9c28,count=3
duplicate_peptide,warning,LLLPPPLLL,improve-dbd621218fbd0b70|improve-f1980c520f21cc1b|improve-e7c4e916cad93999,count=3
duplicate_peptide,warning,YRNYNGGHY,improve-8dcc0d4b25c99789|improve-73e1027febf0841d,count=2
duplicate_peptide,warning,LTDSHNCTL,improve-3ae97271b22166e3|improve-b89a9f5d83023e94|improve-d9e0380fa2729def,count=3
duplicate_peptide,warning,SAPPAARAL,improve-1acd5b74229f2ac5|improve-4c1bddf367111017,count=2
duplicate_peptide,warning,AAAAATTIF,improve-0b0558cd522898ea|improve-ee4016e1eba11203,count=2
duplicate_peptide,warning,AAAAAATTI,improve-e7a3a892e822053f|improve-4d713f6fc7d35dcd|improve-c89fdc30227c268a,count=3
duplicate_peptide,warning,LPNLYQASL,improve-449f78fe612ac14c|improve-e35f2abe70a97789,count=2
duplicate_peptide,warning,LPARPQGAI,improve-76a9618c04d34577|improve-8141b8eb94a43df2,count=2
duplicate_peptide,warning,YQAQLRISL,improve-91fd6e92ece3084a|improve-16dc7283e01ec900,count=2
duplicate_peptide,warning,YDFDIRVPF,improve-0cc92756fa9ccf7f|improve-9e186e941a878366,count=2
duplicate_peptide,warning,AQSPVPLRI,improve-854ff96050715def|improve-d0bfe8d8040d8f93,count=2
duplicate_peptide,warning,YQVRKIITV,improve-b424d6997918a506|improve-2d9ca90e37abd7c2,count=2
duplicate_peptide,warning,NEDTIGVLV,improve-e6840fa2d7793137|improve-461373b027f4952d,count=2
duplicate_peptide,warning,LRVRASQYL,improve-d523acdc8bce0b3d|improve-f03a4b3bd87fb7da,count=2
duplicate_peptide,warning,RRAPPAVRAL,improve-5640669f2bc50a02|improve-fd1e03f40a5ec599|improve-34ae813ed56edbf4|improve-c6213893ea851b9a|improve-c3d3762eb60d4a09,count=5
duplicate_peptide,warning,AEPDPGARHL,improve-6da7c3f5af6a09b5|improve-89ab54a517097562,count=2
duplicate_peptide,warning,DDDDDVVSI,improve-e567ddd66f03a277|improve-3a995f1068afceca,count=2
duplicate_peptide,warning,AGHHSTVSL,improve-89ce589f38a88d25|improve-640e370456b2df16,count=2
duplicate_peptide,warning,GVLALALAL,improve-533ab9cdd454f2fe|improve-c14bc8734f996b80|improve-0598b277e60fd486|improve-ebfff2a823b51829,count=4
duplicate_peptide,warning,LLLLPPPLL,improve-093b440eb3070337|improve-d6ae61dfb6a2f2e7,count=2
duplicate_peptide,warning,RASQYLRHL,improve-a393e2ae9dc742f3|improve-f586dbefca146665,count=2
duplicate_peptide,warning,RAPPAVRAL,improve-7b8b23f9b2e26f09|improve-333956f79f44aa3c|improve-d39997f9f319e19c|improve-bcd998929c7d7572,count=4
duplicate_peptide,warning,RTLIYAHLL,improve-247e6439930b0eaf|improve-cdb1070b4feeb679,count=2
duplicate_peptide,warning,HMDPNQRGF,improve-a2b80629499aa3f2|improve-a1f9c030e1593409,count=2
duplicate_peptide,warning,IRAAPPPLFL,improve-418d90cd5102ebe5|improve-dfdcc9b6cf3d4f73,count=2
duplicate_peptide,warning,FIVPILIAM,improve-e2acbc6561e4042f|improve-a4d9d57cff0a54fa,count=2
duplicate_peptide,warning,RIPFHVGLY,improve-740f63d3f201e6dc|improve-0603573d45188082,count=2
duplicate_peptide,warning,YFSPQTEEL,improve-5b5ef36e33e865f7|improve-95773b9aeaad29a2,count=2
duplicate_peptide,warning,ILMPTIPLI,improve-a32d20b228eef11c|improve-e9ab0b2533749371,count=2
duplicate_peptide,warning,TIPLIENKM,improve-9bfd3a10b4bc9f38|improve-588fb3a98fb01219,count=2
duplicate_peptide,warning,LLRLPALRY,improve-fa6d7570e7bd04ac|improve-fe0f572457710442,count=2
duplicate_peptide,warning,LIYPTSITL,improve-cd29c05e0b433ee0|improve-f14ff6fdeba569c4,count=2
duplicate_peptide,warning,LRLPALRYI,improve-729d6344f48bee58|improve-252c5d4ecccde7d3,count=2
duplicate_peptide,warning,MPMANLLLF,improve-a421db3cd7281060|improve-7baa6acdb51c532b,count=2
duplicate_peptide,warning,KALSTNHSV,improve-2dbfbecf5b6a2d1a|improve-f7435803c95f5df3,count=2
duplicate_peptide,warning,SENMQFAFSY,improve-2bc0d483d118dbf6|improve-4d8a9f943fda7b81,count=2
duplicate_peptide,warning,AEAPSGAEEAF,improve-9b07403b7ced2a30|improve-e7ce87a85aab2f7c,count=2
duplicate_peptide,warning,SEAEAPSGA,improve-2ad0e607b041a1f4|improve-48db1c84133fab67,count=2
duplicate_peptide,warning,AEAPSGAEEA,improve-aab1b3c9a1f92f0e|improve-a3a9357798b2c596,count=2
duplicate_peptide,warning,EYYGYTGAF,improve-f2cf39e308ec9bca|improve-eff5dc83223d2e8e,count=2
duplicate_peptide,warning,MEFELQAEI,improve-9e410f8ba90eee2c|improve-d5ac33a816aa0862,count=2
duplicate_peptide,warning,TREMRILLL,improve-8a61f7878e7eebba|improve-ab54d661eee85667,count=2
duplicate_peptide,warning,SLNGSGKLLK,improve-78e48de78c2e24c4|improve-d59650d3a59305f7,count=2
duplicate_peptide,warning,KVSVMLFMK,improve-49fe30483a6680f5|improve-bd62ea04e1b9d8d6,count=2
duplicate_peptide,warning,RVRKELIDK,improve-fe27ebc01ac08b2f|improve-435f3a0105e4cb06,count=2
duplicate_peptide,warning,APAGASYNL,improve-b81e330cd02ec723|improve-bac1f30cde4f9583,count=2
duplicate_peptide,warning,KVDDFSGSI,improve-65ce2a9f835eecb4|improve-e2876b877d796ce2|improve-de60e96e0247d4a5,count=3
duplicate_peptide,warning,SLIIQFTSF,improve-6aee20ae219aa590|improve-5d5765c463cceaa1|improve-b5ac2e0132a911ed|improve-1e6146e8c339e67c|improve-6327eae57147e1b7|improve-b71951d806715969|improve-68c9a30a9ed67756|improve-65a348d470602a94,count=8
duplicate_peptide,warning,NNMQHQLAL,improve-8cbc14da8e00d344|improve-2fdcc12de4708dc1,count=2
duplicate_peptide,warning,SLNNMQHQL,improve-d0c428307b0d3cca|improve-5d388d911d10601a,count=2
duplicate_peptide,warning,AISSDKIKK,improve-7019e633d93a3e23|improve-6ed362a47d1dab7a,count=2
duplicate_peptide,warning,ISFAISSDK,improve-c53989f1a6cd2693|improve-61d57cd1cdc65efe,count=2
duplicate_peptide,warning,YHSLALMYY,improve-9e3506da15fc5a45|improve-b488b2f0b7faf60a,count=2
duplicate_peptide,warning,ERYHSLAL,improve-d133cdcab3c77edb|improve-f3e10ba907e00dda,count=2
duplicate_peptide,warning,RAAGRSTWK,improve-5b58d0694e4815dd|improve-0f1f5acfa7593755,count=2
duplicate_peptide,warning,SKENSLIIQF,improve-d88467d06a6145ff|improve-849fe3e27a1db965|improve-cd39b540bff8ce3f|improve-1255d660ad7942e8|improve-d8db2644cafedddf|improve-3f294e814fb4f802,count=6
duplicate_peptide,warning,ENSLIIQF,improve-fc9a29d160f2f190|improve-7547a6c7200631dd,count=2
duplicate_peptide,warning,KENSLIIQFT,improve-fa3e81782d6b763a|improve-c4b8c476b45525c7|improve-24d8b06caedc2873|improve-9241100f903e4ae7,count=4
duplicate_peptide,warning,KENSLIIQF,improve-e094a3f1273402ff|improve-c3ed5486cff333d3|improve-583f45eec9cfbc9c|improve-c01e517952e38c2e|improve-a897c611912479e8|improve-a3fa7c9f9b370886|improve-b418305e9af52769|improve-21a13af0a026fafd|improve-409cc40566e7894a|improve-1f27f8ee7bb60b9c,count=10
duplicate_peptide,warning,IQFTSFVAV,improve-ebed098791f78597|improve-c5bba8814d9375d3|improve-5b29e330649022ff|improve-943acd172329c9ed|improve-2e293145e4c6ee10|improve-98623f43408c08b5|improve-9b44bfbe1d3c8e48|improve-a71b117778309c65|improve-0e3f976f876bf124|improve-1be0a7b62fc3b460,count=10
duplicate_peptide,warning,LSKENSLII,improve-f1f4bb777e1279be|improve-bf1eb378b80b97ca,count=2
duplicate_peptide,warning,LSKENSLIIQF,improve-7d9e072984159399|improve-141730910c6331a8,count=2
duplicate_peptide,warning,FSLPTIYKF,improve-f4c34a9c89efbb59|improve-a1324b825de84483,count=2
duplicate_peptide,warning,YTLFSLPTIY,improve-e68f1283144ff576|improve-b96ba893b6aa62fc,count=2
duplicate_peptide,warning,YTKAVYTLF,improve-2e1ac8a055b1cfbd|improve-a80af809e2ffe4bb,count=2
duplicate_peptide,warning,TLFSLPTIY,improve-4c00d2ba6d73e3db|improve-7a9a02de111d1c5d|improve-39b86dfc9a337b15,count=3
duplicate_peptide,warning,AEMLNYFVNI,improve-9a1d09b8c383cd28|improve-f93a2b2f52a9b06d,count=2
duplicate_peptide,warning,AEMLNYFV,improve-e46fcea86da0dfc1|improve-8aea97499a07051a,count=2
duplicate_peptide,warning,IEDNKLNIVL,improve-b3b16e005eb0f249|improve-02f3a37479054a0d,count=2
duplicate_peptide,warning,HEKLVLQNPF,improve-6397b8d325451979|improve-4aee4af8129f2d1f,count=2
duplicate_peptide,warning,NELSEILVRF,improve-2fca9843f98f8d40|improve-ec5ff56e90ca180d,count=2
duplicate_peptide,warning,SRQPFFTQL,improve-bd97358548cdebbb|improve-8bed0061b9bab2bc,count=2
duplicate_peptide,warning,SLCQTIIPK,improve-d9536af7dd5a835a|improve-b9ff26ec612d6325,count=2
duplicate_peptide,warning,YVFGGRADSF,improve-d86400c459bb0216|improve-1f5d1434ffcab38c,count=2
duplicate_peptide,warning,YVHNTTARAF,improve-a54791e026089d87|improve-2b79c98748f3959a|improve-467bcda311e71471|improve-019ce5ad25137b2d,count=4
duplicate_peptide,warning,VHNTTARAF,improve-9601e70eb3d27e51|improve-997d72f3cd1a9bb0,count=2
duplicate_peptide,warning,SFVDKVWEL,improve-09fad62b6572b312|improve-54dd3b1408275c71,count=2
duplicate_peptide,warning,ISTPGGARF,improve-885b1165164956da|improve-44431d259aff02ba,count=2
duplicate_peptide,warning,AEINKTTTS,improve-c87f9b5ba961ba45|improve-51654bde4fd671f4,count=2
duplicate_peptide,warning,SRSSSAGLQF,improve-a3236141d4de206d|improve-0ee9327efa1eb8a1,count=2
duplicate_peptide,warning,RSSSAGLQF,improve-ee88f7585bb58118|improve-bb80549cb239789a,count=2
duplicate_peptide,warning,KDVPNKPITAY,improve-a1add5cee639f3b0|improve-717a9a2b6c287ae9,count=2
duplicate_peptide,warning,VPNKPITAY,improve-1f05e20b0d645701|improve-c2a602d0f372aaad|improve-93dc464a2c1fa5f7,count=3
duplicate_peptide,warning,SLFPPGHGL,improve-28da0c08a5e69af3|improve-a578196c646d65a2,count=2
duplicate_peptide,warning,QEPLVPHPW,improve-141853d9f4be2f02|improve-707d51226b6accae,count=2
duplicate_peptide,warning,KVIRSFLSK,improve-b4240fa88db99600|improve-546b11892f757ddf,count=2
duplicate_peptide,warning,SLPSYHLYY,improve-4b6cc7ede5c9e80a|improve-b688c145fc5ad9e2,count=2
duplicate_peptide,warning,HVNPFFPYI,improve-76fd6d51a23a2386|improve-4af1989c5a5afb72,count=2
duplicate_peptide,warning,TFHSSRASL,improve-25be82126bd40d8b|improve-ebd6aaa6e41e387f,count=2
duplicate_peptide,warning,HAINKPNAL,improve-a395f3d9ff7be27e|improve-413e092695cd9faf|improve-209fd287cd701ca6,count=3
duplicate_peptide,warning,FVDNSIREL,improve-0b5c456bdc21074d|improve-ace9a5eb5e361e22,count=2
duplicate_peptide,warning,RVPLDPLISK,improve-d375e3f12973669f|improve-dfeb676e8e18ae91,count=2
duplicate_peptide,warning,EEIGLIRLLRL,improve-0e4c4dc27808e837|improve-a6dbd5d48c645618,count=2
duplicate_peptide,warning,RSNKVPENK,improve-f613670cc04f3e56|improve-2103867126b752b7,count=2
duplicate_peptide,warning,WRHIWAEGL,improve-7ed065a83f1cb365|improve-b7fbf2e18f759344,count=2
duplicate_peptide,warning,FARLGQIVL,improve-4d65a646ee8cc8b9|improve-fa0a7d1b3967cd56,count=2
duplicate_peptide,warning,IAFKVSLQK,improve-9253e73cbb3dcdbd|improve-c9a68830bf5e7c50,count=2
duplicate_peptide,warning,SLQKSFEKK,improve-ba786426ca5d61ff|improve-1796d94e73fc6383,count=2
duplicate_peptide,warning,VSLQKSFEK,improve-e32a765fa713810c|improve-2bf83badd69d10b5,count=2
duplicate_peptide,warning,KVSLQKSFEK,improve-f84eba29de34f0f0|improve-44881395a139cc3d,count=2
duplicate_peptide,warning,TRQGPPSLL,improve-e84fe1ce683a7ff4|improve-04ea91ec02639389,count=2
duplicate_peptide,warning,SQKVLRHML,improve-7fb68f4c9118f410|improve-a5bf27938825a4a5|improve-e0f8a4f2214d80b5|improve-1c93040afb3de1dd,count=4
duplicate_peptide,warning,LRHMLSHPL,improve-7730fe91f38bd0f1|improve-c65d13bd220fc70c,count=2
duplicate_peptide,warning,KIGDFGLATEK,improve-57eb448576dcc8c5|improve-bdffb3f69bc2685f|improve-8d3c6086e0254a31|improve-a3deeccf44d55d57|improve-eabf4228cffdffe4|improve-e3cb681885bdfe5f,count=6
duplicate_peptide,warning,SRYGCILPYF,improve-51549063f2e49958|improve-be7756b8df84f841,count=2
duplicate_peptide,warning,KRYGCILPYF,improve-909c762533963097|improve-2dfa0d66d00285ae,count=2
duplicate_peptide,warning,LSMEHTMSL,improve-c4f9582c98cd18b0|improve-a275bf142bdef690,count=2
duplicate_peptide,warning,KILPTTPVI,improve-87806a21814634de|improve-cc977ce558ef4be3,count=2
duplicate_peptide,warning,TQLSHPPAL,improve-6144c684702c613e|improve-ab9f8274c1b898bc,count=2
duplicate_peptide,warning,FRALQSSRTF,improve-1346f813a3b2322e|improve-5f2cc8ceedeac201,count=2
duplicate_peptide,warning,QTAARFQAI,improve-4d82f7fb93b26b62|improve-051180089de2d2a0|improve-8688afcc247a72b5,count=3
duplicate_peptide,warning,FQAIVYNPL,improve-6e80f95e36144e91|improve-40647baea6b4f7ae,count=2
duplicate_peptide,warning,AARFQAIVY,improve-536302c523b5bbde|improve-76e3f58c7235ec27,count=2
duplicate_peptide,warning,VSKTRLFEY,improve-a3ca472664547df7|improve-637a7c7e65a0ea5f,count=2
duplicate_peptide,warning,VSVEHQLFK,improve-19ceba779192ac7c|improve-fac27f01a60eb09e,count=2
duplicate_peptide,warning,FINGSGILL,improve-b83ba4546ca93156|improve-3d21c6313d328768,count=2
duplicate_peptide,warning,FRAPATAPL,improve-426526ebe2a9f539|improve-440d2d1e77abc2bc,count=2
duplicate_peptide,warning,LHNKVATTL,improve-adfba0e3019a4ce7|improve-6daef80f8c41ef65,count=2
duplicate_peptide,warning,IIPDDHPFWM,improve-72681ef47dcd0c63|improve-b3012964377abf28,count=2
duplicate_peptide,warning,IPDDHPFWM,improve-5d78fc28137d0752|improve-8e87f498eea64026|improve-9f6879149d19d76b,count=3
duplicate_peptide,warning,FLQPFGDYI,improve-8f26c19ecfa0b2e8|improve-ab41810c27b76a41,count=2
duplicate_peptide,warning,NSYVLMVLY,improve-0625f535ab227ef4|improve-aae76ff6a2d84805,count=2
duplicate_peptide,warning,YPENGSIQL,improve-ff235b376f66ae37|improve-bd041f011c7d8729,count=2
duplicate_peptide,warning,PYPENGSIQLY,improve-59d92f3c4e24bc62|improve-d4c00dbd2619d7f0,count=2
duplicate_peptide,warning,YPENGSIQLY,improve-a3cb04b2abba38c7|improve-043eac3e97b6208d,count=2
duplicate_peptide,warning,GAMLIRDRL,improve-84f17114f6f08ce5|improve-4aeae49097e3f43c|improve-688c4a874c89909c|improve-a18157be3a3742f7,count=4
duplicate_peptide,warning,YQESGAMLI,improve-3b520e5d5d3355c7|improve-28c7e2a05bbdca55,count=2
duplicate_peptide,warning,DYQESGAML,improve-fae33abe1b6e5890|improve-9269e99cd8e20904,count=2
duplicate_peptide,warning,FVVDPLSSV,improve-2c11909a72854a7e|improve-761ab3d664188b4f,count=2
duplicate_peptide,warning,GEIGGHSKL,improve-7c44bf460ae17ae3|improve-071a84e4e7c491a2,count=2
duplicate_peptide,warning,LRQMSSQNL,improve-266107fb813ce91d|improve-e3e866a483be80f1,count=2
duplicate_peptide,warning,FHIKYVNDF,improve-d29e34d4d90c06e2|improve-d2a6c856010aac53,count=2
duplicate_peptide,warning,GTKGYLGLK,improve-77cfa9b25ca15e46|improve-3a39b3878036e1b8,count=2
duplicate_peptide,warning,SYFTASSTL,improve-beead7e951130d81|improve-8f33e9e1fb7be411,count=2
duplicate_peptide,warning,FENPKQRKL,improve-ed580aec92c7898b|improve-49545031bedee231,count=2
duplicate_peptide,warning,YFYALKRIL,improve-7f1fb353174c4d85|improve-001c4e4ec84d17e0,count=2
duplicate_peptide,warning,AVAAYRQAL,improve-5a4f8bd7a488bbac|improve-6172711b2d2d11ee,count=2
duplicate_peptide,warning,YYSEYTRSL,improve-b9247376fc333c90|improve-057728eb5e5e2acb,count=2
duplicate_peptide,warning,RYVENPSQI,improve-c9b51978f68e0a2d|improve-70c48dfa36f7e504,count=2
duplicate_peptide,warning,RLNPPPVSV,improve-07eec991ac8d7e4c|improve-3166e98c1e3fb287|improve-e9badc6d24868064,count=3
duplicate_peptide,warning,THHPRMFSL,improve-9b0c97270245957a|improve-1e5ef6f790b9ceb9,count=2
duplicate_peptide,warning,YTVVGNHYW,improve-a06d2b0ce6eff0fe|improve-b4da0aaadd3694e7,count=2
duplicate_peptide,warning,SWPENQLDM,improve-89348b4ec6c71a8a|improve-9d7cd5b8e6fb0ead,count=2
duplicate_peptide,warning,FIDGRRLKY,improve-47b4a9f826659e49|improve-7c6bd2013667393f|improve-7b77252322137a68,count=3
duplicate_peptide,warning,VLPDFVVEI,improve-0043417fd24e4020|improve-d604869e2c79bf16,count=2
duplicate_peptide,warning,AAAAVTPGL,improve-f576b8fd84f11d5d|improve-7dce26fd74a977ad,count=2
duplicate_peptide,warning,ALSMQNNSAF,improve-0b8a2e0f5e547fa7|improve-0eac343adc81907e,count=2
duplicate_peptide,warning,LSMQNNSAF,improve-04f75f712d7b2146|improve-5f20a0caba26fa1b|improve-c26085b2aaa44656|improve-87d826428bf6d3f2,count=4
duplicate_peptide,warning,APDLSRLLL,improve-980fee11edbe331d|improve-c35ff9e3ee29b4e0,count=2
duplicate_peptide,warning,YVDPSEINL,improve-765b460ed3fd968d|improve-4c0eacc335595ef4|improve-5770936ec37e4788,count=3
duplicate_peptide,warning,SEHSARIL,improve-8271d00f946c5c68|improve-f71a462348f14aa4,count=2
duplicate_peptide,warning,RILHSAHSL,improve-77123216e696c880|improve-19399768b8872943,count=2
duplicate_peptide,warning,TTYDKRYII,improve-669638b015590ed3|improve-ca8d97d12b8e335b,count=2
duplicate_peptide,warning,ILEGGKRIAY,improve-83865ec7aaaa48b8|improve-b7f10b5d5a40c462,count=2
duplicate_peptide,warning,SAPPKGSQA,improve-8175c17a7afae513|improve-cb81e52b9ad937a7,count=2
duplicate_peptide,warning,SAYHSFNKK,improve-04f88241a3f22a40|improve-09635075348768d5,count=2
duplicate_peptide,warning,HSAYHSFNK,improve-7da3a882c776ed88|improve-9b023915025580e0,count=2
duplicate_peptide,warning,WADGLIHTF,improve-e17881b353ff6dd1|improve-7dd7fe5d3594c829,count=2
duplicate_peptide,warning,HTFLKPTEI,improve-5d782c4fc601ce9f|improve-70e291e8b81d0d0d,count=2
duplicate_peptide,warning,LRHMISSLL,improve-a08b2ea9fa42225e|improve-077f7ab93266de9c,count=2
duplicate_peptide,warning,NETNSRETFF,improve-d62b1c52327b74b0|improve-1c09a4e72d89faba,count=2
duplicate_peptide,warning,RMDMFSDEQL,improve-7cdf96473c538e2a|improve-78f24b578392f7e6|improve-0b1f78ac9ac0b73d|improve-d63c9d94b438401d,count=4
duplicate_peptide,warning,KRMDMFSDEQL,improve-61dd81325a6cb602|improve-8ad59aaa16ae882d|improve-f447eb8a840a2ece|improve-06a8bfbd03fd0607,count=4
duplicate_peptide,warning,KQCRKRMDM,improve-142d43c70aed2abf|improve-9121fbcfb71841ac,count=2
duplicate_peptide,warning,MDMFSDEQL,improve-6ca5168a7149199f|improve-8a3d8425db4fba05|improve-815a9759828175e2,count=3
duplicate_peptide,warning,MDMFSDEQLKV,improve-ab59b742fb6a49f1|improve-04709d86f98e580c|improve-8e2487690df2afc5,count=3
duplicate_peptide,warning,RVDDFYTLL,improve-a3d7bbc9f34d997e|improve-c93fe5515c4604b9,count=2
duplicate_peptide,warning,MDMDGQWHY,improve-6e1d6837879f072a|improve-cc413092b6a4eb66,count=2
duplicate_peptide,warning,KALINIFLV,improve-9a1d3ac28907b2e0|improve-5010392231baf35a,count=2
duplicate_peptide,warning,FLVTTGYII,improve-67920b032cb74fa4|improve-5af61a4928598c74,count=2
duplicate_peptide,warning,AVRGARVVFK,improve-f32db1b2b7589ea7|improve-2d0f9139eaf729fe,count=2
duplicate_peptide,warning,NVDEKPTSV,improve-c17b1c2d166befbb|improve-bdeeae5cc4318714|improve-6169e82a9d3e2018,count=3
duplicate_peptide,warning,KSVHVASYY,improve-b80f0e430f6456e8|improve-ccf5cebb375b1d5b,count=2
duplicate_peptide,warning,FIDEATASI,improve-f3a14d0feba2451c|improve-ffd41e774f6b442b,count=2
duplicate_peptide,warning,GIAPETFTL,improve-2e9b3c04690c0f5a|improve-c528265151a54f33,count=2
duplicate_peptide,warning,KENTIFLSL,improve-debdb0e89a0b4823|improve-9f11b10393d0a9f0,count=2
duplicate_peptide,warning,SAFDNFKEL,improve-b83d520cefe9864f|improve-1c351c0d8456cf36,count=2
duplicate_peptide,warning,EERLFALGMQF,improve-5efafb4fb5dfe391|improve-c4d25761ea0768a4,count=2
duplicate_peptide,warning,EERLFALGM,improve-0d5a8187bf90f7dd|improve-fd7104b1d04c2a41,count=2
duplicate_peptide,warning,RTYHRLVSL,improve-4224fc5e8e36f84e|improve-86b8f7a1ca484433,count=2
duplicate_peptide,warning,MPQSLAAL,improve-199e452cfc27f5f1|improve-00582db303dc16f3,count=2
duplicate_peptide,warning,SELIAFLAT,improve-bc4c8008fb251dc5|improve-21d119eb56414ea8,count=2
duplicate_peptide,warning,KVTEIISQF,improve-f286853e454a0a0e|improve-bb09d699a696e1d8,count=2
duplicate_peptide,warning,KSHEIFNTY,improve-ef3f96fd580a5787|improve-7100a1ef24ae538b,count=2
duplicate_peptide,warning,NSNPADLIF,improve-7f4e9c449c008ba3|improve-5e6dff5c91f3a1a4,count=2
duplicate_peptide,warning,LPDIISKAF,improve-46b1b3a6a4893e69|improve-e0ce0781de8d31e9,count=2
duplicate_peptide,warning,LLLPDIISK,improve-dbfa398846a29856|improve-0eb0a3370ab6bab9,count=2
duplicate_peptide,warning,RDLQEIGISL,improve-0c218c04e33a6937|improve-497b3ec6c08cd003,count=2
duplicate_peptide,warning,ISIPKAIKL,improve-42c79a0286d62dc7|improve-968ffe25a7cf686c,count=2
duplicate_peptide,warning,EEFWKSPSSTW,improve-783135f1e060d967|improve-669e06b1975cc8f9,count=2
duplicate_peptide,warning,AMREAPTLL,improve-ecbbb96a73e0f171|improve-87af29346775c2e6,count=2
duplicate_peptide,warning,VRIKPTTW,improve-6c4e41a4937cb630|improve-139104fa1535afb7,count=2
duplicate_peptide,warning,TTWETGISM,improve-8a82df8cee8508cf|improve-b233044778daae7f|improve-d17a098785282805,count=3
duplicate_peptide,warning,TTWETGISMRF,improve-56d998010e3e0b33|improve-391ba96a5eec6ae9,count=2
duplicate_peptide,warning,FVRIKPTTW,improve-ce725ac700523cc8|improve-37792c6ac127db42|improve-0eafbc8fe1fe26f6|improve-4d397c73e2e294a5,count=4
duplicate_peptide,warning,WTYETLLLV,improve-625464aa3a87f206|improve-4b50ded3d7b70dfe,count=2
duplicate_peptide,warning,FLRSKVLKL,improve-296e5599fb9fa982|improve-b84175d3471a5826,count=2
duplicate_peptide,warning,FGFLRSKVL,improve-290e8bd8b6a17d2e|improve-78f542d0dc392f88,count=2
duplicate_peptide,warning,LEAKFAVEL,improve-4784fc1856437a3d|improve-7e2b5141dcd73126,count=2
duplicate_peptide,warning,GYYDPETSV,improve-0127afde30b16245|improve-5afd1c5472ab4488,count=2
duplicate_peptide,warning,YYDPETSVF,improve-2c3db3b5308b7364|improve-172d2ebe9acad140,count=2
duplicate_peptide,warning,TQIKSLQQL,improve-dbafb4cdef1acc4b|improve-c89a7b294ecf6065,count=2
duplicate_peptide,warning,AASSSLLVK,improve-9b9b8f4efeaafecf|improve-8107c76eabcad113,count=2
duplicate_peptide,warning,AVSPREALMK,improve-be6a135c2da5c74d|improve-fdee07c0ae9c048a,count=2
duplicate_peptide,warning,SMNQGQLQL,improve-92efbf3d8ad78b09|improve-3593b6cc00bdadea,count=2
duplicate_peptide,warning,HPDKKIEQL,improve-fba526d17e7cf877|improve-dff0ba13ea55802b,count=2
duplicate_peptide,warning,LPDSWVMNM,improve-05717af8bc8d675a|improve-9b3454d333ae9d7c,count=2
duplicate_peptide,warning,AESFSDLLLSW,improve-028de9c968be7c7a|improve-9f41ad4f8478dd70,count=2
duplicate_peptide,warning,AESFSDLLL,improve-66c46066477a2f9d|improve-58bf02ad30883324,count=2
duplicate_peptide,warning,LPRPGWLSF,improve-f2214176348e2fc5|improve-78a54c83d131e06e,count=2
duplicate_peptide,warning,FSASFRSLY,improve-6651a41d5e06c3f2|improve-6fb8e0d8bc7a22b4,count=2
duplicate_peptide,warning,TLKLATPTY,improve-38a4b3742f3c5850|improve-5cda89f07cb775d2|improve-006438f2de6152cd,count=3
duplicate_peptide,warning,TLTKFIQTI,improve-8bf6b0b72da1eec0|improve-ddf556cc8680df9f|improve-ff007bc6e0848f59,count=3
duplicate_peptide,warning,TKFIQTITL,improve-15742091079426b0|improve-f50ca90f9910235f|improve-0b84c6cba9e28b0f,count=3
duplicate_peptide,warning,STIPEIVGY,improve-eccc758091fdbacd|improve-423bbb8b3e8a161d,count=2
duplicate_peptide,warning,MVDPDLFNY,improve-13be55ed418e5fd1|improve-dd066eda740f0cca,count=2
duplicate_peptide,warning,AEAMNKESL,improve-35825b31cd8e0449|improve-34b115f20a044fbd,count=2
duplicate_peptide,warning,AEDDRHYDI,improve-4ef51a99b818689f|improve-30a837432c7984a0,count=2
duplicate_peptide,warning,SLMDEEQSK,improve-2c0abd98fa08d749|improve-0a1341108106031c,count=2
duplicate_peptide,warning,RVSDVLLSL,improve-ba45cf47e0c07d2e|improve-4f32e46889012562,count=2
duplicate_peptide,warning,APVRPTSV,improve-7658cac6a97be920|improve-f290fe0e49edb898,count=2
duplicate_peptide,warning,TAATPFVF,improve-192530073ea5203f|improve-49f8984f1e5dc748,count=2
duplicate_peptide,warning,GTAATPFVF,improve-689cb32462c4090e|improve-bd127b1b17e0be3c|improve-152e07385eec223a,count=3
duplicate_peptide,warning,STGTAATPF,improve-b7fccb6b1776d53d|improve-368cb42cd0c2bcaa,count=2
duplicate_peptide,warning,VQDRNGHEEY,improve-ac8b8fb4fb0aec40|improve-4ce8fb3d42270d29,count=2
duplicate_peptide,warning,IPIPTKRHTF,improve-1622f4505fb0ab1c|improve-8d30c4b47b463ec7|improve-321effb2271fbc02,count=3
duplicate_peptide,warning,LIIQFTSFV,improve-34a4d6e5782bf8e1|improve-809c8005324bb9a4|improve-d226451201536ffc,count=3
duplicate_peptide,warning,SLIIQFTSFV,improve-17d398a6d9ec55b0|improve-8557bc8d8103e328|improve-bc4733d7e94604e5,count=3
duplicate_peptide,warning,HAMTYSRSL,improve-413664a3d0d3e77d|improve-1cf384bf08e6052e|improve-0612d630d4628193,count=3
duplicate_peptide,warning,FLESEKLTL,improve-e7827edd5595059f|improve-0d959f1e67348232,count=2
duplicate_peptide,warning,YTDYVSTKW,improve-07bfa647cd12015d|improve-684241abddd062bd,count=2
duplicate_peptide,warning,AWRTGASSLL,improve-e2efa0d86a4ae37b|improve-1b17729166c48340,count=2
duplicate_peptide,warning,VEKWPIVQVF,improve-f8200e3a69af9572|improve-1daeb1009123b15c,count=2
duplicate_peptide,warning,FVNSEFETI,improve-3c427f0438815757|improve-d90544f132352d70,count=2
duplicate_peptide,warning,FVNSEFETIY,improve-017067f8b3cbed69|improve-d766af4418818b2b,count=2
duplicate_peptide,warning,SEFETIYNE,improve-409baf743e64c424|improve-570e27902e5e4ca9,count=2
duplicate_peptide,warning,TFLDKIMSI,improve-86ddb37874f30075|improve-eda7212880050785,count=2
duplicate_peptide,warning,SVAKPPANTEK,improve-39b92759cc02bf9b|improve-8b52c28f9cc5749b,count=2
duplicate_peptide,warning,FISPQLQRI,improve-f13a70238cba0bc1|improve-88a4a67d4c74098d|improve-b0d2c473f612908f,count=3
duplicate_peptide,warning,EELLIPETI,improve-8e72fc7a7bdacf53|improve-d13ed79e71e4c907,count=2
duplicate_peptide,warning,HEMVDKPPGY,improve-c485766a29053660|improve-61c22647f9efe479,count=2
duplicate_peptide,warning,HEMVDKPPAM,improve-53f2683a8aac8982|improve-e28da05cad934b86,count=2
duplicate_peptide,warning,LHFSSLHVLL,improve-9cd07080d94bc30e|improve-1398199fbe557917,count=2
duplicate_peptide,warning,FSSLHVLL,improve-9e779ce2a9742788|improve-b78c445942db97c7,count=2
duplicate_peptide,warning,SSLHVLLAV,improve-995f793601adc570|improve-4fc09f09c64b54d7,count=2
duplicate_peptide,warning,HFSSLHVLL,improve-de10c3181bfbb229|improve-106e750f17f0a66b|improve-441beda146024f2f,count=3
duplicate_peptide,warning,LLAVEPALL,improve-c589aac1269eedc6|improve-92ea689c98852d6d|improve-9353e9a7f8080893,count=3
duplicate_peptide,warning,FSSLHVLLA,improve-b18a1e5842bd5e89|improve-e884298e08ab6419,count=2
duplicate_peptide,warning,VLLAVEPAL,improve-bda941f2fec76bf1|improve-fc06287f230c7b8f|improve-ff72b9b96f48380c,count=3
duplicate_peptide,warning,SLSSQPIDY,improve-735593abb684c6da|improve-76276a6cc42cd405,count=2
duplicate_peptide,warning,SLLQPTALY,improve-1e9ffe7f2fee5754|improve-5a67da4838c2c6b6,count=2
duplicate_peptide,warning,ASLLQPTALY,improve-05801db9c7fa6587|improve-b05a8f31ee375c33,count=2
duplicate_peptide,warning,FRDLTPLDF,improve-1312bafb9fbdd57c|improve-31be486b7b6f7328,count=2
duplicate_peptide,warning,IITDLITLK,improve-ef97063b132ae3d0|improve-6d8d3a0c26a26ac9,count=2
duplicate_peptide,warning,TMYKRLLKY,improve-fbb4dd4530777d9d|improve-d4729093313d35d8,count=2
duplicate_peptide,warning,YVHHNPSKF,improve-7140a290572ca6bb|improve-becddf3364230525,count=2
duplicate_peptide,warning,KYVHHNPSKF,improve-158fca37a40270fe|improve-be4508196be93266,count=2
duplicate_peptide,warning,EETRAAKLL,improve-ad369194fd8b1e2f|improve-29f13b5e1e89918a,count=2
duplicate_peptide,warning,SEETRAAKLL,improve-5b57479810855016|improve-d64fa64e223a904d,count=2
duplicate_peptide,warning,IIYTGEKPYK,improve-2b5d67dadc35c6ee|improve-4a23fc087a94fcf8|improve-d8f98cc0135fc153,count=3
duplicate_peptide,warning,SQSDQTSEL,improve-6b814c7db60b5ee1|improve-ed623f96ff600a09|improve-7cdcc56cd0396ab6|improve-0ef7e480592b043e|improve-e95aac9d72b8c5cb,count=5
duplicate_peptide,warning,GRENFPPRF,improve-33df8fb662a17c29|improve-4b359872426171fe,count=2
duplicate_peptide,warning,TEKTVSLQIF,improve-e6109e6347d58af5|improve-ca1aac5526d1ea0e,count=2
duplicate_peptide,warning,KNYLGKATV,improve-125147da45adbe6a|improve-75e4eee9ea06a066,count=2
duplicate_peptide,warning,AQLAKKNYL,improve-ab545a63f41b94f1|improve-311be8f6ad0f5e82|improve-4f942a8e6e65ca63,count=3
duplicate_peptide,warning,HQYVPPPPL,improve-fedebb4a8c3de009|improve-610ef1dac4e20456,count=2
duplicate_peptide,warning,AVAEIRAENL,improve-f8295fe17d81f117|improve-71d0f5c7290c2bc6,count=2
duplicate_peptide,warning,NEKLAVAEIRA,improve-29e0ab3e75d0daf9|improve-3ebb26a4a3119ec1,count=2
duplicate_peptide,warning,NADISTFSL,improve-e9a3440ded4a0862|improve-7df85414dba1aa72,count=2
duplicate_peptide,warning,LLDILPVAL,improve-b1ce34916822b583|improve-7d053c4ff26a57c6|improve-7073c1095ee4c0b7,count=3
duplicate_peptide,warning,SVFPLLDIL,improve-a30c5b9fe1b94741|improve-65aa3d2144e6349a,count=2
duplicate_peptide,warning,WLFEGRTLTL,improve-80331dcaf907c1b6|improve-98e71b5cb4e71513,count=2
duplicate_peptide,warning,WLFEGRTL,improve-dc41063036a2b38e|improve-4b9831c5ff94f968,count=2
duplicate_peptide,warning,LFEGRTLTL,improve-1124c27ae9cc40a5|improve-a4583f38e418ec85,count=2
duplicate_peptide,warning,TEGTAPLHIF,improve-ed9073c51b3856be|improve-e8382c0991bfaf05,count=2
duplicate_peptide,warning,ILDPWPTIIK,improve-ac241a26b392eb6c|improve-5afa7062716443fd,count=2
duplicate_peptide,warning,YFAPVTPPL,improve-49d5cd9d36d20a4d|improve-4b3479f437291cb4,count=2
duplicate_peptide,warning,KEYVSHVQL,improve-e29c6c2d6c15db40|improve-098c7638807aef13,count=2
duplicate_peptide,warning,TEKELSRAL,improve-b71bb17c637bfff6|improve-0652ac71b5f8db8f,count=2
duplicate_peptide,warning,ARSSGGMQV,improve-d17d9a330335d738|improve-95bb0d75b0ad7817,count=2
duplicate_peptide,warning,FSVQNQAEF,improve-35e7c6d29ed31972|improve-1a0184e9041493c4,count=2
duplicate_peptide,warning,NQAEFQNNL,improve-c979d69dff008323|improve-fe6554b83b30f134|improve-00cf9ade597fb993|improve-a4f1a1c56b8d277f,count=4
duplicate_peptide,warning,AEFQNNLPT,improve-adee98d685fb08cb|improve-6f2f9902a73d4db1,count=2
duplicate_peptide,warning,SRPPSGQRL,improve-faee42657d385591|improve-446f1243afe94066,count=2
duplicate_peptide,warning,KAYNRSSNL,improve-594ebede710b0130|improve-d8d3a00f5e326220|improve-372e57c2e2ad2df8,count=3
duplicate_peptide,warning,FMGSPVQKL,improve-80d7a512e687071f|improve-a24728afccd2a440,count=2
duplicate_peptide,warning,ALHRAAVTR,improve-adee5a3e262a8e48|improve-397117bab9db3975,count=2
duplicate_peptide,warning,SLWEELAAL,improve-332c4b551b48854e|improve-aef569234b0ef6fb,count=2
duplicate_peptide,warning,FLENQKPTL,improve-d5907aaa03a5dd9f|improve-3e84137e08626b5b,count=2
duplicate_peptide,warning,SEGEDPIFLY,improve-9e0560f19141d8d8|improve-c4b470f748b85f5f,count=2
duplicate_peptide,warning,QHQENRGSL,improve-40414738e51b9750|improve-52ec4fce2772f87e,count=2
duplicate_peptide,warning,YVMRLARHF,improve-97d75ecb0e3e758f|improve-6e9ebecac6eb006c,count=2
duplicate_peptide,warning,RIPDRPYLL,improve-0f11769c40c62265|improve-e1fc71a5980cc815,count=2
duplicate_peptide,warning,HTFPLEFYK,improve-2acf502a9a40e68f|improve-77f1e3797ae4fb58,count=2
duplicate_peptide,warning,NRHRRSFWL,improve-2ff4b7e82aa3d253|improve-499804a1e21e12da,count=2
duplicate_peptide,warning,SYEQTIRVL,improve-5d1ef75b8bbb9e7d|improve-8e9ed4a181c105dd,count=2
duplicate_peptide,warning,ESTEGSSEL,improve-38d4d9cde14a0322|improve-2b0b431c481c1a3a,count=2
duplicate_peptide,warning,ELSELKQML,improve-ca7460b5b05ddd50|improve-cb29bffcada1b8e2,count=2
duplicate_peptide,warning,SEILTQKL,improve-60bba5af0b29d8b2|improve-cd7723b55346f240,count=2
duplicate_peptide,warning,YTYSQASEIL,improve-db00ec2ef630bd12|improve-33c9020ed2401e8c,count=2
duplicate_peptide,warning,SEILTQKLT,improve-1f0bcd69e5d6e9c0|improve-bcb4e2d58a04e919,count=2
duplicate_peptide,warning,HLNTAALFI,improve-6d9946cfb2fc6de5|improve-471b71c1f762f94b,count=2
duplicate_peptide,warning,KVFIQNLHL,improve-b8de61faded8b29e|improve-6385bb8e3851bc92,count=2
duplicate_peptide,warning,VLLDAPVRL,improve-f234e590e4b2c072|improve-f4b99c0c5a90712f,count=2
duplicate_peptide,warning,SVKETGLAFK,improve-fb139a8421085327|improve-58cd69b43da18aac,count=2
duplicate_peptide,warning,SVKETGLAF,improve-e59f09293b07e8b3|improve-1892ed220def0629,count=2
duplicate_peptide,warning,FIDEIDFLL,improve-e2084d716645de6d|improve-cae8571df89f3e4b|improve-cc1884296b98c5f5,count=3
duplicate_peptide,warning,KVLDVLLEL,improve-2a8e866c09fabe14|improve-1e8fa57d1b0249b5|improve-8170710da59909f0|improve-f6e297a847f8f546,count=4
duplicate_peptide,warning,MEIPRAMFY,improve-9b79dfcf42ffb286|improve-b982833a7662128e,count=2
duplicate_peptide,warning,NMEIPRAMFY,improve-5b727311ae09c918|improve-71f4a016cb11df76,count=2
duplicate_peptide,warning,ETPFSQDTAY,improve-8c2428cc47f1d0cb|improve-7d9e0692034ef2b1,count=2
duplicate_peptide,warning,STWAGGLGL,improve-1b1c333397ab2b2a|improve-e048360b88fe3709|improve-dce54caea052af71|improve-00397755edf3c105,count=4
duplicate_peptide,warning,RITDLPPGY,improve-8bd64b47a1a21f28|improve-723c360be861962d,count=2
duplicate_peptide,warning,MLKEPAQTL,improve-391f921f13670891|improve-891e70e796f1c50e,count=2
duplicate_peptide,warning,GTKEGNSYK,improve-c64032c6475fcd34|improve-b4ad765fbf7d807b,count=2
duplicate_peptide,warning,RANLRAAKL,improve-a6e9eda10a64634e|improve-d91eb7fb48156309,count=2
duplicate_peptide,warning,RANKLLKAL,improve-24bd50f59fca0e4a|improve-ab7fde8fa9d2513c,count=2
duplicate_peptide,warning,RAAKLLKAL,improve-6f33fdfa1921e2d0|improve-383b6c2f1953482a,count=2
duplicate_peptide,warning,FILQYSLEF,improve-e1166ceb80803a35|improve-87d3102619f8e34a,count=2
duplicate_peptide,warning,VETDGFIFY,improve-517a1fc2a43949f7|improve-485ac50fea1f8bd6,count=2
duplicate_peptide,warning,TVETDGFIFY,improve-d8658b38a6981108|improve-26718dfa4f024726,count=2
duplicate_peptide,warning,ADFPYQDKL,improve-82899eeb1ea5e623|improve-8a29175de1e3995d,count=2
duplicate_peptide,warning,GRPIPLLSL,improve-6366032ba149d982|improve-8ed2d6a96b2f76f3,count=2
duplicate_peptide,warning,RPIPLLSL,improve-7fcb058f99e165cd|improve-b1e9047b049f46c7,count=2
duplicate_peptide,warning,YLMLGQHAV,improve-a634964d46f6edb0|improve-3b6363ce0765c39d,count=2
duplicate_peptide,warning,YVAKDPINQK,improve-c2e5f4a1741a4442|improve-5f2390234b26263f,count=2
duplicate_peptide,warning,VAKDPINQK,improve-5c84780503d98d0f|improve-9a442c6af02cd046,count=2
duplicate_peptide,warning,HEVIHAMGF,improve-f190b26f602c6f2b|improve-2c95c78257a51e00,count=2
duplicate_peptide,warning,KHEVIHAMGF,improve-b8d742957da359a5|improve-6a7ff694bbe9e926,count=2
duplicate_peptide,warning,VKHEVIHAM,improve-bcdd8944eb7ad1f0|improve-f5c620977c1a1d49,count=2
duplicate_peptide,warning,ICSSVDIHF,improve-8b0a55700310aac1|improve-ac473d53e5bf7866|improve-fbb13f449a78a3af|improve-2a11ba1ee562b97d,count=4
duplicate_peptide,warning,IICSSVDIHF,improve-c42aaa612768f559|improve-42cd9d5f5d9948ee,count=2
duplicate_peptide,warning,VDIHFDPGF,improve-9af42ea2a06d4324|improve-750f6a4956a836c6|improve-f9e90cfa761a11a3|improve-1705dd093c10508c|improve-fdf230a4c88106ed,count=5
duplicate_peptide,warning,IHFDPGFEE,improve-7dbe9c964d163993|improve-f8f232cdeaf48ba1|improve-bf25ec26f3dc5efd,count=3
duplicate_peptide,warning,SVDIHFDPGF,improve-7c5e5695b4ae5c30|improve-a1468fdfdb92af62|improve-7e88fa0bcb344705|improve-c7362d1a48467d20|improve-92f780f4ec10c61c,count=5
duplicate_peptide,warning,SSVDIHFDPGF,improve-3b16a917d192f9bd|improve-6b6715de14b01a40|improve-3e8bcff15b8ddbe4|improve-fa637c04685706d1,count=4
duplicate_peptide,warning,IHFDPGFEEQL,improve-ef5646782f3db97c|improve-39c0ce4edc8131b2|improve-98922d06e19daa43|improve-9a7fe4a34067f29d,count=4
duplicate_peptide,warning,MNYPSFLAL,improve-1874ebc380d99da8|improve-100a8bc533b882db,count=2
duplicate_peptide,warning,GLFSAGAFILY,improve-10195605261bb04e|improve-81d997bec050dec0,count=2
duplicate_peptide,warning,FSAGAFILYKF,improve-2256f34594dd3741|improve-3064e0744669e11e,count=2
duplicate_peptide,warning,SAGAFILYNF,improve-fbac3774bff77b84|improve-3006864dde5a5705|improve-c4c5ecbd5083dd69|improve-2c142f03b9d22961,count=4
duplicate_peptide,warning,FSAGAFILY,improve-c68930f5821fb825|improve-471e5318d3fcfc6f|improve-d950ba71a1ebfbba|improve-8dc9a2207e3624b0|improve-af98e3ac74bfaf25,count=5
duplicate_peptide,warning,LFSAGAFIL,improve-b1b448d6e8425973|improve-b370cda4b036b4a6|improve-1e2e12d438b909eb|improve-8b6e8430277e6ee3,count=4
duplicate_peptide,warning,SAGAFILYKF,improve-7fa3779147e50ccd|improve-577c9b94a3d67b88|improve-18bec19fc625ecb9|improve-e2c04b6fc4597f5b,count=4
duplicate_peptide,warning,LFSAGAFILY,improve-3c9300c5434e0241|improve-a8463675eac160ec|improve-bff821d1baadd3ef,count=3
duplicate_peptide,warning,GLFSAGAFI,improve-36d663721d899622|improve-43fbe009dc7c8f3a|improve-62e2692aec866ea7|improve-369b61c33de2fcdf|improve-873b9439479e279e,count=5
duplicate_peptide,warning,FSAGAFIL,improve-f35da64252dd220f|improve-1be5bd2e05d31c48|improve-0b246a029485876f|improve-c101d15cf0414646,count=4
duplicate_peptide,warning,GLFSAGAF,improve-93fa4218d4b0eb29|improve-2f25018b87d3f802|improve-1a891b54f5a1c934,count=3
duplicate_peptide,warning,IGLFSAGAF,improve-ce6384e1bc1a5e42|improve-90686eeb86ebf6c6|improve-f850765e5e2368a4|improve-4715ca6e84a0d70e,count=4
duplicate_peptide,warning,IGLFSAGAFI,improve-444c4bbff81418f5|improve-9097bb146f3ca7a0,count=2
duplicate_peptide,warning,SAGAFILY,improve-98ab2b7b32dd45c4|improve-cf1907c6dde13b46,count=2
duplicate_peptide,warning,SAGAFILYK,improve-d6c17b9b17db652a|improve-d682d4897816e75f,count=2
duplicate_peptide,warning,GLFSAGAFIL,improve-c6ab832a65cef04d|improve-8e1c7415c0bb1866,count=2
duplicate_peptide,warning,LFSAGAFI,improve-dd97a876419e3460|improve-26aba64ba4b9d491,count=2
duplicate_peptide,warning,FSAGAFILYNF,improve-e12ad8a0256d7e21|improve-14e71c72351a074a,count=2
duplicate_peptide,warning,EELDFNHASL,improve-5c10cdfbe9a76adc|improve-86ed573da41a6571,count=2
duplicate_peptide,warning,SVHNSATGKK,improve-eaa2a9d23df85d85|improve-fc80f35e685cf5f5,count=2
duplicate_peptide,warning,KISKSMTVK,improve-a7ffcec2c474a179|improve-98374baff17d07d0,count=2
duplicate_peptide,warning,KASSRIMKF,improve-b837a113c5fe4c3b|improve-0e63e2c2ee070bce,count=2
duplicate_peptide,warning,EEMPWRTQM,improve-60bf7d0f98b09896|improve-4787b9bd059b0be9,count=2
duplicate_peptide,warning,SASSRPALL,improve-1b14f1ee037a7d6c|improve-a00480cd4c2d7a1b,count=2
duplicate_peptide,warning,YTITTPLFF,improve-207932e4f3ac3e5b|improve-9da7d00c504d6a3c|improve-cc35bf013a6b9675,count=3
duplicate_peptide,warning,DIILGTLGY,improve-7260b366c6c07d69|improve-651b3c2c56bf93c4,count=2
duplicate_peptide,warning,GKENSLNSSF,improve-78cc34939412894a|improve-169f661673e21379,count=2
duplicate_peptide,warning,KENSLNSSF,improve-263eb9c668fb6dce|improve-afd2ecb5cfaadb2d,count=2
duplicate_peptide,warning,LENGPVGKF,improve-200f752e82703323|improve-729db5f196d53b63,count=2
duplicate_peptide,warning,RTFSQHASR,improve-8cbdcdc604e184b7|improve-f9bc287bac1884b3,count=2
duplicate_peptide,warning,GEQKISVGL,improve-4e56ea9f57e043ba|improve-fca31932c236b4b1,count=2
duplicate_peptide,warning,RQSWVNATL,improve-6aa9006108963ecb|improve-5a925fe4c6c07a21|improve-81cba0e17a2f1315,count=3
duplicate_peptide,warning,KRQSWVNATL,improve-8ce0b17e5ccbc3d2|improve-9f58048fd868ad9c,count=2
duplicate_peptide,warning,VIRHKRQSW,improve-b1cb4a90fb69ee33|improve-8f76bab9ee919b5e,count=2
duplicate_peptide,warning,IRHKRQSWV,improve-176f225317c5b86e|improve-b8f5a221b5cb9d66|improve-3a24bb20938c34c7,count=3
duplicate_peptide,warning,HPSTPLKPL,improve-a43ae413bf53caf7|improve-1bf5e8dd75603985,count=2
duplicate_peptide,warning,YFQQIWEKI,improve-f1c9ce48011f8929|improve-603dbf57708a43c5,count=2
duplicate_peptide,warning,HQEWYFQQI,improve-d7307e42457577ec|improve-dc2c452919f6f9dd,count=2
duplicate_peptide,warning,EEDMFSDLNF,improve-b2e8f8e62eb0e978|improve-5eca2a5fc5b29f88,count=2
duplicate_peptide,warning,VLDDGTLMI,improve-674d6fb3b9d84290|improve-f1eca123cf463be5,count=2
duplicate_peptide,warning,SVDECTLHK,improve-6e420f312f28bbad|improve-f545678cadc32664,count=2
duplicate_peptide,warning,VLVSNSVQL,improve-db6fda7d05b831e8|improve-cc7e87fc433db27a,count=2
duplicate_peptide,warning,KSPTGFWQK,improve-5f900efe8961af85|improve-342c71abb79ce2a8,count=2
duplicate_peptide,warning,HLEDNIFKL,improve-431d439e28d0ccfd|improve-90eafb1597ac028d,count=2
duplicate_peptide,warning,TYIEIGHHL,improve-5075ec018387b1dd|improve-7f58b19b5b1bf1a5,count=2
duplicate_peptide,warning,QEDINQGQVM,improve-d1cfd0e0684347ef|improve-61f25ec8f00e55cb,count=2
duplicate_peptide,warning,RTEIRVLLRL,improve-62f298799df66db7|improve-08a67debd3d5b692,count=2
duplicate_peptide,warning,TEIRVLLRL,improve-c88efb3112dcc138|improve-5c8820d41d75caf2,count=2
duplicate_peptide,warning,AALPGVPPV,improve-d173169dd9613b5f|improve-b5e122eba785e8d9|improve-2dafc8f3db1f59cc|improve-8e3ef801f1ba5b71,count=4
duplicate_peptide,warning,AEFNKSQTF,improve-1727208b504c2b4c|improve-bcb81d3af25380be,count=2
duplicate_peptide,warning,KELYSMIEEY,improve-e01e647d1ea084ef|improve-10236709cf42e163,count=2
duplicate_peptide,warning,YGDIIHTTA,improve-0a289a9218ac52e2|improve-ca10ece28d7a71b1,count=2
duplicate_peptide,warning,IPEKNLMNVM,improve-32c60021423870c6|improve-aba84b42f8c7dc30,count=2
duplicate_peptide,warning,KLFTIRQF,improve-c4b5e6889019c2bd|improve-6b7821eb459570a3,count=2
duplicate_peptide,warning,MNVMNVGKLF,improve-09d1bc93a070395b|improve-1b020c05e6790aa7,count=2
duplicate_peptide,warning,YIRELTQV,improve-25799aeaf9d84150|improve-79c8206642b13d2c,count=2
duplicate_peptide,warning,NVMNVGKLF,improve-056e0854a4bb9f6a|improve-ca8ef053ea285894|improve-4238a6be9d6eff8e,count=3
duplicate_peptide,warning,NPLDVMNVGKL,improve-c3ce5d36b2eb43d3|improve-0df015b8dcd7fcc1,count=2
duplicate_peptide,warning,EPIPEKNLM,improve-31a69f774bfcad85|improve-6255be5bfaf6af9b|improve-2167fdaad6cedc3f,count=3
duplicate_peptide,warning,VRSQSSLYI,improve-6064017d33cf632d|improve-4e53a472e438afb2,count=2
duplicate_peptide,warning,SPRSQNSLYI,improve-55ea123c11d096c7|improve-f96d1265966af1d6|improve-89fd15187293df5a,count=3
duplicate_peptide,warning,IRQFSPYIREL,improve-8abe4485b1d593b5|improve-a13defcb894adc9f,count=2
duplicate_peptide,warning,RSQSSLYII,improve-a6073fda44a02087|improve-9a5d8377ca0e4241|improve-656562d445a14926,count=3
duplicate_peptide,warning,VYIREHTQEK,improve-a9318f880330f6f7|improve-32ecd2089c9d4faa,count=2
duplicate_peptide,warning,SPYIRELTQV,improve-8320da57b543254a|improve-c9c939d98bdbffbf|improve-93ab4e469b103be2,count=3
duplicate_peptide,warning,VTSQTSVRI,improve-c3595695a7d8abdf|improve-66f1c3986afc878f|improve-62ceb4d59adfbead,count=3
duplicate_peptide,warning,QFSPYIREL,improve-8839080aa3e50d8a|improve-328f89b79a588350|improve-ca9fd7b8f65c8795,count=3
duplicate_peptide,warning,VANVEKPSV,improve-74754c4de1855b4a|improve-80394876c4f0e03a,count=2
duplicate_peptide,warning,SPRSQASVYI,improve-6554404c4a3efcba|improve-01f03983b5c35b75|improve-03649a8f20fd9cee,count=3
duplicate_peptide,warning,SVRSQSSLY,improve-91d1c9a73d7d02ca|improve-33bfbe5c9f3e055f,count=2
duplicate_peptide,warning,MNVGKLFTI,improve-f75f997ee97e0337|improve-ebf72dc885421ad1|improve-aa991a1ae9b9bb74,count=3
duplicate_peptide,warning,QERNPMNVM,improve-bda052fd242f6cbf|improve-f778160a25f92402,count=2
duplicate_peptide,warning,MNVMNVGKL,improve-e9bc1bb945c8ea50|improve-31c5cf6fdaee7775,count=2
duplicate_peptide,warning,SPRSQNSLY,improve-5c45c0c97c527286|improve-87920fdb9106d9c2|improve-e7a809739f379e8f,count=3
duplicate_peptide,warning,KPSPRSQNSL,improve-9bf40672ffc6961d|improve-bb3830ccd257e3d2,count=2
duplicate_peptide,warning,PRSQNSLYI,improve-36e9dfcee0420260|improve-83c2467dc25435b2,count=2
duplicate_peptide,warning,RNPMNVMNV,improve-1ee3940b63f68761|improve-c4b0fb9db6c69573|improve-7722fa6517dd3193,count=3
duplicate_peptide,warning,RQFSPYIREL,improve-d2b350d4e559c5aa|improve-4b7908064507cd29,count=2
duplicate_peptide,warning,KNLMNVMSV,improve-f287f486b9eb134f|improve-35a07bb19d3f01fb,count=2
duplicate_peptide,warning,FARSHTSAGI,improve-e4aa7aa394f1710f|improve-ff0c61a11d9999f8,count=2
duplicate_peptide,warning,TIRQFSPYI,improve-4915a5d26c126fb7|improve-45d9511f91a9311c,count=2
duplicate_peptide,warning,IIEPIPEKNLM,improve-1a02b3938a894804|improve-534c995da0e6814d,count=2
duplicate_peptide,warning,SPRSQASVY,improve-4cec14fa2cbe9b5d|improve-ff534d921d93a6b1|improve-2cbbb5d5684c8fd0,count=3
duplicate_peptide,warning,IEPIPEKNLM,improve-e0504b1fca8f3123|improve-f0249ec6786e7cc0,count=2
duplicate_peptide,warning,RSHLNVKNV,improve-7d9d7856eddf3b8d|improve-600692d81678f34e,count=2
duplicate_peptide,warning,KPFARSHTSA,improve-3625e7d788690326|improve-087dc4c6afd847c4,count=2
duplicate_peptide,warning,KPFVTSQTSV,improve-33e51c14ac96ff86|improve-27920110edc1e7fc,count=2
duplicate_peptide,warning,IPEKNLMNV,improve-de8f1b98837d6217|improve-c0e71f1f34c45bee|improve-05b2743416307aca,count=3
duplicate_peptide,warning,NVRNVGKPF,improve-6a6f5663096507f5|improve-5b16770a9feb0c59,count=2
duplicate_peptide,warning,YIIEPIPEK,improve-06046b6d1d32e00a|improve-5f17785500d0360a,count=2
duplicate_peptide,warning,NVMSVGKPF,improve-d7feac5f5a25c209|improve-8a50216dbfd67334|improve-d125d87b0042ab30|improve-ef0ee71773fa8e6b,count=4
duplicate_peptide,warning,NPMNVMNVGKL,improve-e15b5695b1a008dd|improve-5e5f0fc41d23eb72,count=2
duplicate_peptide,warning,YIREHTQEK,improve-cf847132f7f4527b|improve-2be56f2b430f94f8,count=2
duplicate_peptide,warning,FSPYIREL,improve-88a7bfa053877d89|improve-8b7f29cd3d41b192,count=2
duplicate_peptide,warning,LYIIEPIPEK,improve-e4d55fd8ddea218d|improve-2007f390622cf566,count=2
duplicate_peptide,warning,KPFARSHTS,improve-ccd2899a3ca32dc1|improve-b76c26c3104f9d13,count=2
duplicate_peptide,warning,IRRELQAAL,improve-59072f740950fa3b|improve-0042f3d785f2d46b,count=2
duplicate_peptide,warning,VRKQIRREL,improve-630cfbbd175b78da|improve-29e24c1b2262ebb3,count=2
duplicate_peptide,warning,SILAGSCFY,improve-804b6b760841a3da|improve-e15db753b1544597,count=2
duplicate_peptide,warning,AVIDGIPCF,improve-2dc2132d60153ea4|improve-616fa146f49bcd91|improve-a7f12022db876213|improve-af20141c89c1b388,count=4
duplicate_peptide,warning,AQVAPYRILY,improve-0cbb86603e05ca5c|improve-6d56fa83fccfa882,count=2
duplicate_peptide,warning,AQVAPYRIL,improve-e80f55efd70c3fac|improve-1b749619a76e7fef,count=2
duplicate_peptide,warning,SELLCAVEY,improve-74fc280eda91af06|improve-25a137d956a7605b,count=2
duplicate_peptide,warning,KAAASAPSF,improve-9e1097f514ea43e0|improve-83d58d8439cedae3,count=2
duplicate_peptide,warning,ILFPPVVDF,improve-5a08a35adef65ee6|improve-159b0ace275abe86,count=2
duplicate_peptide,warning,YLFHKEPTW,improve-bf9d5470af468c10|improve-5fb2dd460d200e23|improve-94876b47bb0e528e|improve-d529c642ed240269,count=4
duplicate_peptide,warning,KDLFNGIIYY,improve-0c9af760590025d1|improve-4e7778a2fe3f97ed,count=2
duplicate_peptide,warning,RIITGNMAL,improve-61b7493985b0b37f|improve-436b28f02904186d,count=2
duplicate_peptide,warning,FVRESLNYV,improve-769f1c60629ec42f|improve-3669bc3f7a9472d0,count=2
duplicate_peptide,warning,LAGGVGGGY,improve-815eaf24b5a470f6|improve-23518098d698db0f,count=2
duplicate_peptide,warning,EESVTEPGQTF,improve-c1046104ad39d665|improve-cdba75b93983935c,count=2
duplicate_peptide,warning,SITRIHHEY,improve-ea5203908e0a49c0|improve-99ab5d487a087a3b,count=2
duplicate_peptide,warning,KAFYRFSNL,improve-ebf18f4bb5376747|improve-577e1aa31540f067,count=2
duplicate_peptide,warning,EQPSLFTNL,improve-9f56a5416bc3cba9|improve-d833848cc9d17566|improve-78f2f8db8547e4de,count=3
duplicate_peptide,warning,VSPEQPSLF,improve-f8b115a9e79feaa1|improve-7bf470a8cd74d5e9|improve-e1c7dfacb65f4bc4,count=3
duplicate_peptide,warning,SPEQPSLF,improve-1c6f1444d3b5e5b0|improve-42aafe7182183d8d,count=2
duplicate_peptide,warning,QPSLFTNLL,improve-0922cab859ef298a|improve-3d6d4b55db13c9dd,count=2
duplicate_peptide,warning,EQPSLFTNLL,improve-d540098a6103a90d|improve-aa91f4e20a212209,count=2
duplicate_peptide,warning,NVSPEQPSL,improve-eb169a82e0ca93d8|improve-0a9911e437f58d2c|improve-06b2cfac685a2807,count=3
duplicate_peptide,warning,QPSLFTHTV,improve-97e397883725fa8d|improve-3662e48f110236c6,count=2
duplicate_peptide,warning,QPTGEGPAL,improve-8046f2ced10d8fb3|improve-cacd6cd1b578d679,count=2
duplicate_peptide,warning,RRKVPAQRL,improve-994c06699bfc0642|improve-3bdd75aca49a43b4|improve-70d89effc8673c92,count=3
duplicate_peptide,warning,LRRKVPAQRL,improve-a62a899db8eb5c83|improve-2a339229d3ec1b0b,count=2
duplicate_peptide,warning,VPAQRLQEA,improve-abac11a44a396304|improve-1de5fae5481f06c4,count=2
duplicate_peptide,warning,ITLTAPLEF,improve-9aa91081a32b7f30|improve-49360ab38152bead,count=2
duplicate_peptide,warning,AYRAALGASL,improve-ad00f83daca94fcf|improve-7405997ac2080cef|improve-74cc0dba857d6faf,count=3
duplicate_peptide,warning,MAAYRAAL,improve-68744c848b9d0de4|improve-140d0fa6c9979733,count=2
duplicate_peptide,warning,SRILGPLLY,improve-5ca6ffd41c1a55d2|improve-2bed49f422eae2c8,count=2
duplicate_peptide,warning,ALLTAAILTF,improve-8e704a37cf668643|improve-3c91f1a14770d664,count=2
duplicate_peptide,warning,LLTAAILTF,improve-c35d6f3b5115c4e5|improve-eb5558fe6135b295,count=2
duplicate_peptide,warning,KAREHWLRL,improve-5195ac1695d5ba1d|improve-5bd6d1820aaeb012,count=2
duplicate_peptide,warning,VQCPALTTL,improve-c15e5b5a1fc16e95|improve-bb42c6399a9f2740|improve-070b3f5a3daacb41,count=3
duplicate_peptide,warning,NRRGKPGRL,improve-6da4c5e28d54b918|improve-e6ea1618d137448a,count=2
duplicate_peptide,warning,FVLGVVTVF,improve-ed3a446c8935d9a2|improve-4e8917254dfa08d4,count=2
duplicate_peptide,warning,FVHGVVTVF,improve-adc424e3ab50d100|improve-307620bfd7125237,count=2
duplicate_peptide,warning,IEGDKSFVW,improve-d7ec29ed88b5df87|improve-7917f7ff10494901,count=2
duplicate_peptide,warning,TENSRKYVM,improve-522b97db07aba8a5|improve-f5a9f72f32ec8421,count=2
duplicate_peptide,warning,YQDRARLAM,improve-556c696b635d8e6f|improve-b517602775356c8c,count=2
duplicate_peptide,warning,IIYSSRHVY,improve-b5131ac24631df8c|improve-720ec84d595bbeb0,count=2
duplicate_peptide,warning,RLEMHHSSFY,improve-e5e41b162a04510e|improve-7540927efeaeecde,count=2
duplicate_peptide,warning,QPRTPEHAL,improve-051088cdbaabb335|improve-cbd02b41957efc5f,count=2
duplicate_peptide,warning,QPRTPEQTL,improve-4fa20d8d729f1571|improve-dd18ba06560d3bba,count=2
duplicate_peptide,warning,VPLPNTSEF,improve-33bddac579d7536c|improve-e5d626622f96452e,count=2
duplicate_peptide,warning,KINEKPVDV,improve-62e777d50a09054c|improve-fedca98eeedf098b,count=2
duplicate_peptide,warning,YAEGLGYRVM,improve-660d8df275840a0d|improve-e8924cc4e1bc2914,count=2
duplicate_peptide,warning,YAEGLGYRV,improve-f10490ea81feba28|improve-193bb0b312a9a7c0,count=2
duplicate_peptide,warning,EWIAHGDYY,improve-a19aa3d58a631e7b|improve-1639308bcacb666b,count=2
duplicate_peptide,warning,LTGAKNVLK,improve-c118b425041399ba|improve-2be601dd3923e6cd,count=2
duplicate_peptide,warning,SLLPQLTGAK,improve-e3bc20165d6a7990|improve-87df6f74f2f452b4,count=2
duplicate_peptide,warning,VTFLDTNQV,improve-106e5b3b3bd7d890|improve-3d1940afa387779c|improve-15ca375748be4539,count=3
duplicate_peptide,warning,GMQEHVKYY,improve-65426cb26aaa6500|improve-e997273ef4ff9141,count=2
duplicate_peptide,warning,KPKVSLNPL,improve-78d5c86ce5e7637d|improve-2b7742f095e37865,count=2
duplicate_peptide,warning,IFYDLKHPF,improve-52fa64c6d2a0d20a|improve-5661bc176413e994,count=2
duplicate_peptide,warning,YSFDFPFLK,improve-6e33017fd441d0e6|improve-1dad247db73202c2,count=2
duplicate_peptide,warning,GYSFDFPFLK,improve-1b3411f1e5340199|improve-3f34d0f7546a47da,count=2
duplicate_peptide,warning,SVVMAGRSI,improve-05eea94f103c0a04|improve-7ff3add1daaca27d|improve-81f6e3210f96b4ae|improve-ad8e498f0d36fad0,count=4
duplicate_peptide,warning,SSTEALISV,improve-7bfbedb1532e3141|improve-cfd6712494d072b9|improve-aad9b81e7f52ecde,count=3
duplicate_peptide,warning,YPLVKMRL,improve-21629fab567dcbfe|improve-504c76c8f63059cb,count=2
duplicate_peptide,warning,VRVSLIYPL,improve-e6949d8187eb1639|improve-eb16e9d0f237c523,count=2
duplicate_peptide,warning,YPLVKMRLSV,improve-8237f0fb750df7eb|improve-4de5745ad5c3935b,count=2
duplicate_peptide,warning,SLIYPLVKM,improve-132de10bd60cca63|improve-eb55067d6cbe104f|improve-ade117bdd374ae77|improve-87e6de7880bf2dbf|improve-e0dafdd8cff538d9,count=5
duplicate_peptide,warning,IYPLVKMRL,improve-3c2308d9ed5678ff|improve-1f08f194960f5f36,count=2
duplicate_peptide,warning,SSHFSAHRL,improve-812140968d601af1|improve-9914b0e4f7074b20,count=2
duplicate_peptide,warning,FFDNNSKSF,improve-19b7b2824af8e8ea|improve-9d95ee5a9d67f494,count=2
duplicate_peptide,warning,YFFDNNSKSF,improve-14cea8e16c0ae5bb|improve-e5f5d363b5a181dd,count=2
duplicate_peptide,warning,SVFSTISEHTK,improve-0098b050630bdfb8|improve-df1996a3fd1c557a,count=2
duplicate_peptide,warning,HLRPGGLPGL,improve-d92ef6299f9a69cf|improve-184f9b3ebc6b55fe,count=2
duplicate_peptide,warning,AFQGRSVAF,improve-13e1bd3b256ccc97|improve-86f67462db8430e9,count=2
duplicate_peptide,warning,RLYVDFAQAR,improve-13dd168eac75ef8c|improve-77f3f4b8751650bd,count=2
duplicate_peptide,warning,IEDANFERQI,improve-76df0cc899809b55|improve-4f6badebb81c8cab,count=2
duplicate_peptide,warning,WVDKMQENL,improve-f1048d78a767f0aa|improve-48a0957dbda7a921,count=2
duplicate_peptide,warning,KMQENLVTL,improve-ce207366920aa085|improve-da72f47bfd928826|improve-92a5920ace27a2e4,count=3
duplicate_peptide,warning,YWPDKGSNL,improve-6be9f5590c459ff4|improve-5422503145966cef,count=2
duplicate_peptide,warning,LRKLVDGNVEY,improve-10b7765478531cf8|improve-3901b719bb072885,count=2
duplicate_peptide,warning,KLVDGNVEY,improve-e403a64fa0be8f9a|improve-03738a9a235ec905|improve-ad5d17ad8bd78a25,count=3
duplicate_peptide,warning,SQNLPSTLF,improve-a10e33c58718e38c|improve-924454b07733ebdc,count=2
duplicate_peptide,warning,IENDSGVSY,improve-2aa8976e8e159507|improve-86bfd5977aae51c7|improve-be855f0a0a256816,count=3
duplicate_peptide,warning,SEIPKIIHM,improve-17ae7d2cc6bd4fd2|improve-1c50d491456128f0,count=2
duplicate_peptide,warning,TRDLGTPEW,improve-17d1fc8ab74ec40a|improve-159b689439a51a65,count=2
duplicate_peptide,warning,KVSPFFLLL,improve-c75f9a8e8b7a00d7|improve-a5234b5a13ab017c|improve-9513bcb846c11447|improve-0fc0e74576c59af4|improve-3fb57bbadb55b06e,count=5
duplicate_peptide,warning,SKVSPFFLL,improve-bbad272a8957e597|improve-06a3bdd820f3c2f2,count=2
duplicate_peptide,warning,SLMAAKKIEK,improve-1373f3769e69bdf5|improve-b720eda065416856,count=2
duplicate_peptide,warning,ERSFRGHTL,improve-aaf482af1b5bc367|improve-1b4db6e8612da857,count=2
duplicate_peptide,warning,EELDDELAL,improve-c4c69a09c2115a72|improve-ed24c60feabff336,count=2
duplicate_peptide,warning,SESESFMDY,improve-15473bf5e42ca521|improve-ce706927ba22395c,count=2
duplicate_peptide,warning,FEEVSESESF,improve-1d9084d811450535|improve-83afe742405c5251,count=2
duplicate_peptide,warning,EEVSESESF,improve-c526a37f0b1c927b|improve-5ac23ac7e9bdf362,count=2
duplicate_peptide,warning,SQCAYYASL,improve-e705315ecd9cecff|improve-59b4ad16e2bb3cec,count=2
duplicate_peptide,warning,LVNDGSLAL,improve-b7ab68a426aa0be5|improve-fcd96d2f6c46ae5d,count=2
duplicate_peptide,warning,AQVPTTGFF,improve-3e239539adf7e3c8|improve-779cb20b25d2f9e7,count=2
duplicate_peptide,warning,ATLILNSIK,improve-a8324edb7fc43fff|improve-b5867872e02d1f52,count=2
duplicate_peptide,warning,KVLGSILAY,improve-38bdb8d64f3a6f98|improve-3d15529598fcf47a|improve-9ba371c729838946,count=3
duplicate_peptide,warning,IIHGAGYSK,improve-de3f30bc59a26b12|improve-b80ea77f3d9c3080,count=2
duplicate_peptide,warning,RIIHGAGYSK,improve-d5d90298e528309c|improve-5bd7991cefb91e8e,count=2
duplicate_peptide,warning,MFKAPAYTM,improve-b12acbe1364ca66b|improve-51aedc2d113efbee,count=2
duplicate_peptide,warning,NTLDPTKTI,improve-fbd5346da9323c63|improve-317b9ceee7927d74|improve-495a75b7d20aecd2,count=3
duplicate_peptide,warning,AIGPAFPGK,improve-b3270e8e7563a1b7|improve-b030d84492964bf0,count=2
duplicate_peptide,warning,GPAFPGKYTK,improve-4cdc095d60817202|improve-30d65a28f0c30b9c,count=2
duplicate_peptide,warning,RAIGPAFPGK,improve-b5608f07535bf5ee|improve-e4ca80310fb8a109,count=2
duplicate_peptide,warning,RLENKMASIL,improve-95cdb0e60f54db66|improve-addddb83171749d4,count=2
duplicate_peptide,warning,LENKMASIL,improve-b317caa5e15692f7|improve-4ad57bf8949e7fbd,count=2
duplicate_peptide,warning,IFDADIQLK,improve-df5228dce7821242|improve-5437fa72c6bad53e,count=2
duplicate_peptide,warning,LLPFEGVEL,improve-faa3237355531102|improve-4511b9ebbfe5de92,count=2
duplicate_peptide,warning,VSYDVSGFCK,improve-4a646b8e4039c026|improve-00acbc6f50a6dd11,count=2
duplicate_peptide,warning,LMDNPFQIY,improve-9b93435c2d9bf057|improve-a2a6591bd27135a0,count=2
duplicate_peptide,warning,ILMDNPFQIY,improve-4a247e4a46e61c8b|improve-77dba05c6d23b520|improve-b08e34607093307f,count=3
duplicate_peptide,warning,ILMDNPFQI,improve-58f6ea9b4f906b63|improve-d9d9d6bb29b416e5,count=2
duplicate_peptide,warning,RQFARRPVV,improve-71c32afdb57e673a|improve-d9bb99462c5d5ac5|improve-a201f96867b0bb58|improve-73b64797742e91c1|improve-125500780d6be2d6,count=5
duplicate_peptide,warning,FRNEDTNTL,improve-bfa58090d41c51ef|improve-bd1fb07aa204ecee,count=2
duplicate_peptide,warning,GEEKGGTGL,improve-bca0b6b54e98945c|improve-5b466a150d635c61,count=2
duplicate_peptide,warning,LLFSNSQEF,improve-283e9ba0bf0f7d67|improve-e598ad60b9792484,count=2
duplicate_peptide,warning,GSFFPAPPK,improve-4096a96d10cad8fa|improve-fdb29a1fb0bd26aa,count=2
duplicate_peptide,warning,QECLPKTDEF,improve-addcdee5b6912057|improve-8841635c9844c543,count=2
duplicate_peptide,warning,AVAPASQSM,improve-e8225cf22a88be57|improve-5b21dde7549e9d8a,count=2
duplicate_peptide,warning,QEKPFKAKY,improve-e01fd9a04477da57|improve-85040b53afcbe92c,count=2
duplicate_peptide,warning,REACLMNHY,improve-142a77f0b0c0b390|improve-b33bfcef78760505,count=2
duplicate_peptide,warning,AIFCAIQNL,improve-26870c7ab8490541|improve-b043f9b4217add98,count=2
duplicate_peptide,warning,MEIAIRAIF,improve-9581450813e51bd7|improve-17006fc244f18470,count=2
duplicate_peptide,warning,SFLPQGHQM,improve-b044893b20137e05|improve-1af1639b827ff96f,count=2
duplicate_peptide,warning,SFLPQGHQV,improve-bd4a50f18ad98970|improve-94900903256fe9de,count=2
duplicate_peptide,warning,FLPQGHQSL,improve-517afe547a422997|improve-8bd71b94dd6963bc|improve-9b0e8b03be9dd1c3,count=3
duplicate_peptide,warning,SRELDGRLRM,improve-628125f282d4918a|improve-1b3ad13126e02132,count=2
duplicate_peptide,warning,KEWKVRETY,improve-4190b8800e2ff9f1|improve-2bc42702ad577798,count=2
duplicate_peptide,warning,RRGQVRVRL,improve-8de171c688f03270|improve-3b9080e6d3c842e4,count=2
duplicate_peptide,warning,YAFKKLFHL,improve-fae4cb2d641f0d2b|improve-1689b555aa39fac7,count=2
duplicate_peptide,warning,MEIAALLDL,improve-947a8907000dc34d|improve-552c7e93c819e70d,count=2
duplicate_peptide,warning,SVNPATSSH,improve-36fa61e8741f44c1|improve-abdce848b7b9a6a4,count=2
duplicate_peptide,warning,VNPATSSHF,improve-20f00620b6dee0be|improve-0c40e50989a1cab2,count=2
duplicate_peptide,warning,SVNPATSSHF,improve-42fa1cde7bec5f40|improve-cbe478e1d78fc76a,count=2
duplicate_peptide,warning,SVYGSRKML,improve-ec99e61fac1f0e3a|improve-2f44fabc580f14eb,count=2
duplicate_peptide,warning,KAFDNTEEK,improve-5b6789de1f5d29c7|improve-6c4c94df087d0d65,count=2
duplicate_peptide,warning,SPFTETWNF,improve-2dc2f38bf8b089fb|improve-b7d88504eadaf588|improve-151cb5e55c794417|improve-1df285a7fdf632df|improve-6d8a75bb68900562,count=5
duplicate_peptide,warning,RRADYVAGSL,improve-2f061bfce859cd10|improve-97209d89b9f9e5b6,count=2
duplicate_peptide,warning,KLYDIRNTI,improve-00387a839f65e10e|improve-b639814f67259b03,count=2
duplicate_peptide,warning,YELEPYKF,improve-495ba623e9f82590|improve-b51c49786bc5045b,count=2
duplicate_peptide,warning,GHPRGPGHY,improve-b6b620f93ff89e6f|improve-c989a4117b26ae7b,count=2
duplicate_peptide,warning,PRGPGHYKV,improve-8945594330f409e6|improve-982e64716e4872de,count=2
duplicate_peptide,warning,VLTGTKDTL,improve-96a76e0246500ec9|improve-0770cb5482bea0af,count=2
duplicate_peptide,warning,HPRGPGHYKV,improve-8fbda6b604b54e8a|improve-e82956d6d31ff7c5,count=2
duplicate_peptide,warning,IQLEKAGEYR,improve-1457bd355489b904|improve-f2c3db9966d890b7,count=2
duplicate_peptide,warning,TTTKPSIFY,improve-19b7299991d106ae|improve-a3d8267216f1a7b2,count=2
duplicate_peptide,warning,RTMFWGPEV,improve-ffd33537f65ad4e2|improve-80976b09d4ec6e73|improve-295a5cf2a06c19a1|improve-e16ce51934297b0b|improve-177b656c7db28747,count=5
duplicate_peptide,warning,ILWYCPVSL,improve-25034764c00cf9c1|improve-b606b7eb4d47eadf,count=2
duplicate_peptide,warning,RVPGSTGSL,improve-bbfebd35bd3ce20e|improve-ad8fcb57cc45f0e0|improve-80508a65b4e1d01e,count=3
duplicate_peptide,warning,RLHTAALAL,improve-d6b178c6a42d2be2|improve-5618c944f83f4fa8|improve-1ad768a58bbcb9ec|improve-896ba5bf5e1c3e5b|improve-445bec9a7dd6f792|improve-94381466efae835c,count=6
duplicate_peptide,warning,KARLHTAAL,improve-59cb0e8440a7fb93|improve-76ac379dfb18cd07|improve-0d43f6f84d1eb450|improve-f3765328e8e5e2c1,count=4
duplicate_peptide,warning,DENAAITGY,improve-5e18a43775daa00a|improve-5033cc0407b56711,count=2
duplicate_peptide,warning,RLWNRLFHW,improve-f744b6972de08d22|improve-77ee04514c96d22a,count=2
duplicate_peptide,warning,WPRAPRGQI,improve-6484ed5fca6b25fe|improve-65a39dabefb7bef2,count=2
duplicate_peptide,warning,NEIRLKETHEY,improve-b1c67202515af7ac|improve-f776c7dae134ac80,count=2
duplicate_peptide,warning,KTVCPSSVYR,improve-c20c624ef31e16e8|improve-fa5d5eb7567beaa4,count=2
duplicate_peptide,warning,KPWAVYTGL,improve-be084034a7e034ba|improve-207b4bfb4aeabfa1,count=2
duplicate_peptide,warning,YEMLSEGPQL,improve-d9ae0ca507385695|improve-5f941d740621ac55,count=2
duplicate_peptide,warning,ILINGNTPL,improve-9a5125be92247e09|improve-051fcc760416fbc7,count=2
duplicate_peptide,warning,SVPYEDLKTK,improve-d65557fb99158b43|improve-94bd478946700895,count=2
duplicate_peptide,warning,HILPRVMVY,improve-364084480b1e29df|improve-1f56805f88d237bf,count=2
duplicate_peptide,warning,KVVALDPSL,improve-fc5576be41ccee48|improve-f8fae9215fa2c8b0,count=2
duplicate_peptide,warning,WPDFLSHEF,improve-dbbd28129d57a10a|improve-a5e446239e7de5eb,count=2
duplicate_peptide,warning,ATPSAQATNK,improve-355b1bcd2db198b5|improve-ed2218f050eb8945,count=2
duplicate_peptide,warning,RIVSPVHDSY,improve-326bf97c2401b25d|improve-85817b7ec9836f71,count=2
duplicate_peptide,warning,TKYLKVLQL,improve-5ee3c023a5addcc4|improve-3e16c618bfffe079,count=2
duplicate_peptide,warning,AAIQHQIAL,improve-76ff19fc69226a47|improve-416ed59f69115f7b|improve-0e8881ac3f3bccfe,count=3
duplicate_peptide,warning,HQIALLQEM,improve-20e62eb8001f8a35|improve-cf9ca4c7c7bee5ca,count=2
duplicate_peptide,warning,WLQPHNDSY,improve-d29c821a4f40087a|improve-fa7301bfe3ef9086,count=2
duplicate_peptide,warning,ATAPHGVVY,improve-0281829a6aae563b|improve-baf94319340a377c,count=2
duplicate_peptide,warning,FSDEKAAYF,improve-356ba09e39e20845|improve-9ef44f6ce190dc4d,count=2
duplicate_peptide,warning,GVFLYTSKK,improve-8a7fd80ea5c765b7|improve-0de3b1082f0fbacc,count=2
duplicate_peptide,warning,AMYTSKQSV,improve-0fbfaa8a03ead8a0|improve-8f184701509196c1,count=2
duplicate_peptide,warning,AIAKVCFLK,improve-4c2a15b18e24144d|improve-ba4d31c055fa63b0,count=2
duplicate_peptide,warning,KVCFLKLKK,improve-408c7ef15ffa0263|improve-031305cd0637e65b,count=2
duplicate_peptide,warning,LPFARPLNM,improve-5ecc5e0cdb60d197|improve-6b171fae2507b156,count=2
duplicate_peptide,warning,AEIGINDF,improve-4ba2d3f775cac96b|improve-f88a97f0b2b2bbe9,count=2
duplicate_peptide,warning,AEIGINDFV,improve-9acd752f4f53c980|improve-8c0b203742b77ee7,count=2
duplicate_peptide,warning,YSYAISYHQY,improve-2c0cccef452f140e|improve-79e5f07e038b2adf|improve-b2ba1ea538f0949c,count=3
duplicate_peptide,warning,YAISYHQY,improve-3bc52297a1bad065|improve-0fad41b9f612c072,count=2
duplicate_peptide,warning,YADYSYAISY,improve-685d9b4c8b4d0e7c|improve-ccf0ce90cdbbf49d|improve-5405b56c431df662,count=3
duplicate_peptide,warning,SYAISYHQY,improve-537bb8f3bd30dedc|improve-5004b07053f82650|improve-1e52dc2a6dc2a5e5,count=3
duplicate_peptide,warning,AYADYSYAI,improve-713fd7d355ec0c77|improve-977739eabb79a12a,count=2
duplicate_peptide,warning,ADYSYAISY,improve-e3a806c332a57d16|improve-80602415edce880a,count=2
duplicate_peptide,warning,ISYHQYGGAY,improve-b11bff51d12498e9|improve-d42a3b2336c4c6ad,count=2
duplicate_peptide,warning,EEAMQSLVSF,improve-1f2ba31b9e213c87|improve-a6957b9063eb8790,count=2
duplicate_peptide,warning,KVEPPIPHY,improve-e10c1b864580179b|improve-135658530061e559,count=2
duplicate_peptide,warning,TASGWRPTL,improve-334b434c29be094c|improve-9cf089774e8b2895,count=2
duplicate_peptide,warning,SSGYRIGQF,improve-de2dfb3a7d2e3d13|improve-eebc69e23edefbb2,count=2
duplicate_peptide,warning,GQFEVENAL,improve-2a20c4df98af6bce|improve-40e000d6bf51cf84,count=2
duplicate_peptide,warning,YRIGQFEV,improve-b97dcac6b96e9c98|improve-6b66c0f8de30b6f7,count=2
duplicate_peptide,warning,GYRIGQFEV,improve-df613875250e18db|improve-6a5ae895dd5a593d,count=2
duplicate_peptide,warning,FLVEVKKSF,improve-219f41a8d56eee88|improve-d027318a0e72dee7|improve-438b03feac1f61a8,count=3
duplicate_peptide,warning,KPIAHWHFL,improve-4272e477d28b2c15|improve-7cbb34ba87310bda,count=2
duplicate_peptide,warning,AIFTKSIQPQK,improve-2abd6474b875a551|improve-355aea9316da027c,count=2
duplicate_peptide,warning,FTKSIQPQK,improve-a22e66937afc77d1|improve-3d69836d611cf11a,count=2
duplicate_peptide,warning,RRPVPGIRM,improve-91d3c1e79738c24f|improve-ed85c1b08d359043,count=2
duplicate_peptide,warning,GEAVRPRAL,improve-1325180762618016|improve-ce231776ec1c445a,count=2
duplicate_peptide,warning,SPHPYPASF,improve-f9d742c3a5cd90b9|improve-abe047dc635407db,count=2
duplicate_peptide,warning,RTDQVGHFL,improve-f3e67364076cafeb|improve-eded94cedf5276d0,count=2
duplicate_peptide,warning,AQYDTEMPF,improve-5854c45bacfb5be4|improve-ff5a345373d4cf17|improve-ed750c5d72895a64,count=3
duplicate_peptide,warning,KPSSSLQTI,improve-490605bf5ffcdf64|improve-bd99442a986f82bc,count=2
duplicate_peptide,warning,AEIPPAKIPY,improve-d8d25f42bede2917|improve-1388120ec4f1893e,count=2
duplicate_peptide,warning,VMVARISEY,improve-116f6ee71efa72b7|improve-927bc06b5e45e10f,count=2
duplicate_peptide,warning,LSDPDKAAF,improve-695f3bc8f8eaa1e6|improve-098b69ce9fb9eda8,count=2
duplicate_peptide,warning,KEKNLSPGF,improve-16f1f92eafe8ffe0|improve-3a10c8fef0134f04,count=2
duplicate_peptide,warning,VIKDKNVTLY,improve-fd2a0ac48cb102ed|improve-c23495f4a46537e4,count=2
duplicate_peptide,warning,STVEHMIVY,improve-4176764996f365d1|improve-f37d703d241a15f0,count=2
duplicate_peptide,warning,AVLSRAELK,improve-9acff9e599790890|improve-200ca95eaa2c6e63,count=2
duplicate_peptide,warning,RLSLSKVTY,improve-28db58f433f83076|improve-32577b98a4cbb1ec,count=2
duplicate_peptide,warning,FRLSLSKVTY,improve-05262f3c6a57e636|improve-9e1b31ebcfa09c8f,count=2
duplicate_peptide,warning,FSKHGGFTF,improve-7a95cbc8a3687063|improve-0437133bb69bffda,count=2
duplicate_peptide,warning,RTWQSYQYY,improve-9e46eab754a6fce7|improve-b65d462c8fdd3d87,count=2
duplicate_peptide,warning,RTWQLYQYY,improve-e5cd96be617b704e|improve-d02a835f0955a58a,count=2
duplicate_peptide,warning,ISDISFHYK,improve-aa49154c8bcda305|improve-8e2b133abceff9f7,count=2
duplicate_peptide,warning,FLFIVVILF,improve-b5a9b887ef76d796|improve-a27d0ef83bdcc229,count=2
duplicate_peptide,warning,QDSLLKITF,improve-a29d9b257bdd4a86|improve-dc989aef6c79de0b,count=2
duplicate_peptide,warning,ETDLYTDNL,improve-df279f79a28bf690|improve-c2cfd8f8543beb0a,count=2
duplicate_peptide,warning,PQIDIKGPKL,improve-6cf6717ae95a5cce|improve-4cc4ab5f2e47183a,count=2
duplicate_peptide,warning,ADVDAGSLSY,improve-2350ff3001a13115|improve-ddff9f4ed207381d|improve-53e67943c2a1166e|improve-df9c7c21f0158edd,count=4
duplicate_peptide,warning,GMAEGATTA,improve-66fc6f886c4eb212|improve-46ce7aa4d3b4603e|improve-5b10a88dc0e72000|improve-6dfd4f917a2268c9,count=4
duplicate_peptide,warning,TADVDAGSLSY,improve-044f2f597a8e2b91|improve-b815b8881bed0c3f,count=2
duplicate_peptide,warning,TADVDAGSL,improve-b3d2e4c8c95ae2c3|improve-3b8cbc5d6e6cd326|improve-1b2e363721f86a33|improve-27579ae97eebf8b1,count=4
duplicate_peptide,warning,ADVDAGSL,improve-6bd8b1e49d1684b7|improve-f7ed1249c495589d,count=2
duplicate_peptide,warning,ADVDAGSLSYW,improve-9db6abd410131a06|improve-d09c1c84bcc7f6fb|improve-610df87e27da1f5f,count=3
duplicate_peptide,warning,TTADVDAGSL,improve-a5a21883b7ea0df3|improve-341e0a50a3e4155c|improve-e9367d4d12a37df4,count=3
duplicate_peptide,warning,MAEGATTADV,improve-2cc4314c4f7ea9a3|improve-862f7d547762f716,count=2
duplicate_peptide,warning,AEGATTADV,improve-dfdad96f29fde831|improve-b923deb8952cc562,count=2
duplicate_peptide,warning,VVSRYGIHDEY,improve-b3d1177e0f3d2e1e|improve-e42df005b8c6d796,count=2
duplicate_peptide,warning,VSRYGIHDEY,improve-e0169aac948380dc|improve-a47be6c1b3c6d618,count=2
duplicate_peptide,warning,SRYGIHDEY,improve-38a57a6b3ea7ac10|improve-17b877126b868508|improve-7588529a52348c65,count=3
duplicate_peptide,warning,SHLEWGQEM,improve-1b68d056560093e5|improve-10a28b5590d096ec|improve-e6bfb85d8c86261e,count=3
duplicate_peptide,warning,HATLDHGATL,improve-37de7a1f8e38bd69|improve-30e21322409a60b0,count=2
duplicate_peptide,warning,ATLDHGATLL,improve-9d9c78fd8382a002|improve-da2fb77d2aeda6c2,count=2
duplicate_peptide,warning,TLDHGATLL,improve-92d87bc53bfc7de9|improve-7b2e2b44f29965c2,count=2
duplicate_peptide,warning,ATLDHGATL,improve-2e44ea9755a10a7f|improve-fbacc7bfb78183b8,count=2
duplicate_peptide,warning,AGADLHATL,improve-406406fe28cdd648|improve-1067a23ee0128537,count=2
duplicate_peptide,warning,KRFPKEEAI,improve-3008c6bc98236a46|improve-68b1d43bf25c3ea4,count=2
duplicate_peptide,warning,SLLALPQAL,improve-30b7d4fff277f462|improve-66eac9c251a5d426|improve-c91c98d63c9916a5|improve-7d42241cb8c0c32c,count=4
duplicate_peptide,warning,QALQAARAL,improve-fd669e9207ba88a4|improve-d4368c0aa7c7ffb8|improve-3e0016088e24b87c,count=3
duplicate_peptide,warning,SLEERHGLL,improve-68c9171008cb0e62|improve-9a7e6fdc214734fe|improve-fc0caa6435fa1b7d,count=3
duplicate_peptide,warning,RHGLLGATF,improve-2f7bbe7297e4fb0b|improve-42edb26c6a27a173,count=2
duplicate_peptide,warning,NTYTTGSKL,improve-a9cdeba08443cfe0|improve-f642f5791942a234|improve-59aa6ed28b2fae43,count=3
duplicate_peptide,warning,QYMQRMASV,improve-fa9dd77c8e5c6b69|improve-b5b6eaab251a19cb,count=2
duplicate_peptide,warning,RQAYLTNQY,improve-959ed9f65a0dec2b|improve-bf66dd02a942d960|improve-20eca53adedf19a2|improve-0a01b34f4aa60620|improve-5ae632bec09825ae,count=5
duplicate_peptide,warning,ERQAYLTNQY,improve-5031754b5d4fe07d|improve-ac85454482f9653a,count=2
duplicate_peptide,warning,LTNQYMQRM,improve-a4d40c1d70137e7e|improve-4f6d55e2cd2ace9f|improve-15cd2548628ac86a|improve-c91fafe6f6315515,count=4
duplicate_peptide,warning,RQAYLTNQYM,improve-525bb7a05b968b93|improve-4d8db954569cca5c|improve-37e663cd4af72bdf|improve-0b4e069e56af4de8|improve-c18e11fdb8ef8234,count=5
duplicate_peptide,warning,QAYLTNQYM,improve-edf563935f17708b|improve-4e68af51fd18d562|improve-5dffbb702b7e252e|improve-0054a0155950089b|improve-4651e3b34ce078ce,count=5
duplicate_peptide,warning,NQYMQRMASV,improve-92a264e1c6c3a01f|improve-cb5d859dfe80be3b|improve-224d47941549bc1e|improve-826161af914e69b4,count=4
duplicate_peptide,warning,QAYLTNQY,improve-5169a5621cb3ed84|improve-58aff0407d309615,count=2
duplicate_peptide,warning,YLTNQYMQRM,improve-f6c5f664fff5baef|improve-a5b648e339bea364|improve-98140e9383a8b7e3,count=3
duplicate_peptide,warning,NQYMQRMA,improve-409e309b23518f6d|improve-9a0a41a0af85486c,count=2
duplicate_peptide,warning,NQYMQRMAS,improve-a9814cb1a1e958e1|improve-94d4fc55215f3dcd,count=2
duplicate_peptide,warning,YLTNQYMQR,improve-6832ac07badbf98e|improve-a92dfcfb92570225|improve-0685609a21a9e9a4,count=3
duplicate_peptide,warning,AYLTNQYM,improve-d8b5b56bf0c6a096|improve-b780d89d0b481f9b,count=2
duplicate_peptide,warning,AYLTNQYMQRM,improve-c2bf7e143c52db66|improve-b72eecaa06080a81,count=2
duplicate_peptide,warning,ASDIQIILL,improve-ebf4bccd44ecd6d9|improve-d9f811266270db11,count=2
duplicate_peptide,warning,LLFERPHTM,improve-e9e1450de7429dab|improve-e13a789b62838b38|improve-13c07bc27c80176c|improve-381fb2be3cfd309d|improve-4c84e5c69aeb3897,count=5
duplicate_peptide,warning,ILLFERPHTM,improve-584d4e448eaade33|improve-d5a727fe0665d54f|improve-bf846507900adfe2,count=3
duplicate_peptide,warning,RTSPVTTAW,improve-f04e0901fd1faef9|improve-587e0aa985c4e82b|improve-9583ef29112d0570,count=3
duplicate_peptide,warning,TIDTKSPLM,improve-8465c09e21af4b2b|improve-901381156dc5652b,count=2
duplicate_peptide,warning,YTIDTKSPLM,improve-2cf2d3734cfa2ce7|improve-fc3a215be0f4dddd,count=2
duplicate_peptide,warning,YVPPKSLML,improve-05172abc1c7d7eee|improve-c4feca28928c0b57,count=2
duplicate_peptide,warning,SVLPKPPSY,improve-8e648676faf9df4c|improve-2b93c646ea8ae62c,count=2
duplicate_peptide,warning,LLMRYLKAI,improve-b9e895b500f6edcc|improve-7c5ef8c7c8ec6ae9,count=2
duplicate_peptide,warning,TLRNHLFLI,improve-fe0843e1a144ce18|improve-650443d8f64f23f6,count=2
duplicate_peptide,warning,SDLAKKKTL,improve-14234c97bd938c29|improve-18e3977d34954fa7,count=2
duplicate_peptide,warning,LAKKKTLRNHL,improve-947b2da3e2d5e307|improve-70b1d83bafb7b885,count=2
duplicate_peptide,warning,AVRLRTWVY,improve-1390a4067fa5c06d|improve-88f7fac76efecee1,count=2
duplicate_peptide,warning,HTNVRSVGR,improve-3fb44551d0f437c6|improve-315ad17672545b4a,count=2
duplicate_peptide,warning,SLEVVIPLKV,improve-d12d864071f039c4|improve-b04d7e46a6586d8f,count=2
duplicate_peptide,warning,GELALKKKY,improve-6caa9348242dba68|improve-7b5e1f761d6b98a2,count=2
duplicate_peptide,warning,AQIYQTVML,improve-581165cc9ea3e6bc|improve-0bf7a5def639f9d6,count=2
duplicate_peptide,warning,HEKLLEAIISL,improve-af706771029c7052|improve-b44da1fd65de982a,count=2
duplicate_peptide,warning,RTWNAGPAV,improve-6deee67348378b29|improve-548dfda8443951a3,count=2
duplicate_peptide,warning,GELPPKPQLGL,improve-37efecc0b137d687|improve-635760aa31f3abd2,count=2
duplicate_peptide,warning,GELPPKPQLG,improve-98ea65dcd33013d4|improve-f4fef68aafda8cbc,count=2
duplicate_peptide,warning,AEASGGLRFR,improve-0279a6034345ff50|improve-d28b8e3e6ae9cb86,count=2
duplicate_peptide,warning,RTLAPPYML,improve-13135f6c56da1cc1|improve-f693befa79027204,count=2
duplicate_peptide,warning,QAFAMAEMK,improve-f78f20e7d29feb0d|improve-0253a3adc861ce51,count=2
duplicate_peptide,warning,GQAFAMAEMK,improve-9f7834deb2f11bb4|improve-ecfe0f9199630073,count=2
duplicate_peptide,warning,GPRNCIGQA,improve-6d650e780725af60|improve-aac04aa5e5a16c6c,count=2
duplicate_peptide,warning,GPRNCIGQAF,improve-2176310dd6c2d189|improve-9f1b754888d7c36b|improve-9f391b1293945ffa,count=3
duplicate_peptide,warning,AGPRNCIGQAF,improve-1d9ead8ba6b6a413|improve-0f5a8350f1ba93bb|improve-0b16bf42b44ae031,count=3
duplicate_peptide,warning,YMTPSTARK,improve-7164d32db00973ec|improve-192cd840c7570ee5,count=2
duplicate_peptide,warning,RYMTPSTARK,improve-83c59973cb1e644b|improve-489fd6cacd4899c0,count=2
duplicate_peptide,warning,SLNIPLTTR,improve-ce7271040401c10e|improve-46906c288d9b8753,count=2
duplicate_peptide,warning,SLNIPLTTRR,improve-dc9279af5a6dc4f6|improve-07a79d99c13e2aeb,count=2
duplicate_peptide,warning,RSSAWAGRY,improve-f83766136f1c64b2|improve-723f292bf5f69e60,count=2
duplicate_peptide,warning,RSLNIPLTTR,improve-fddfaaac17018247|improve-b6d2812f182c54b0,count=2
duplicate_peptide,warning,AQWPMGLPR,improve-08968561c8dfbcfc|improve-6bd0c15ddfafed01|improve-7f89f787add2c278,count=3
duplicate_peptide,warning,GRYMTPSTARK,improve-666df0135e83069d|improve-481f6823c89be34d,count=2
duplicate_peptide,warning,RRPATEAPSTL,improve-88f11bdab155095c|improve-489d04fb4c2ec9b7,count=2
duplicate_peptide,warning,TRAARSSAW,improve-a6c73b22d3e47cef|improve-855fdb3c24d5dce1,count=2
duplicate_peptide,warning,RRMKNLTSIK,improve-a36ddae6c6819b44|improve-663abe26cdebf35c,count=2
duplicate_peptide,warning,ALWPPTQHY,improve-3a54f2ab967f86a8|improve-02b1b8e7d216e398,count=2
duplicate_peptide,warning,KRKAMTKKK,improve-50577bff6023b538|improve-054d0621ce0d765f,count=2
duplicate_peptide,warning,VVVGAVGVGK,improve-fbdbd2b05e112d17|improve-00737c735af19abe,count=2
duplicate_peptide,warning,VVGAVGVGK,improve-b6c81a948dde19a5|improve-fd540242e529db00,count=2
duplicate_peptide,warning,AVGVGKSAL,improve-8d954915e3143912|improve-ce138bcc38307bd1|improve-8f1f0e78c9d5b618|improve-714a5ff1c55330f2|improve-8def7dc6f3c6d302,count=5
duplicate_peptide,warning,RRYPRVVVL,improve-bbf082b8f2e0b6a3|improve-d8d47798c72f5843,count=2
duplicate_peptide,warning,MRRYPRVVV,improve-168eaca93009049e|improve-4abcd27d5b186b45,count=2
duplicate_peptide,warning,GPSSSTTTT,improve-a0d220fdb72a3ddf|improve-45c40c7c9c19dbe5,count=2
duplicate_peptide,warning,IPYLHQQKT,improve-90e0c0faa7f72350|improve-29b79771a46b42cd,count=2
duplicate_peptide,warning,RQYLVFRGR,improve-0c4a8c2ec36cf230|improve-fd0d1ab0c525adab,count=2
duplicate_peptide,warning,DPKEEDGSL,improve-becdabdac2af09e4|improve-b26e40eb416b1087,count=2
duplicate_peptide,warning,HVKKKRTQF,improve-7fd3ad2512c990c7|improve-10a288d0f3aa4421,count=2
duplicate_peptide,warning,FPRELISNA,improve-bf72945c17529d69|improve-0845e951e4875e5b,count=2
duplicate_peptide,warning,TPYITAPTL,improve-ae563956a065dc80|improve-9ab853562116fd5e,count=2
duplicate_peptide,warning,IMHQISPSL,improve-8ec48ea7beae5414|improve-4f5594ab8560897f,count=2
duplicate_peptide,warning,APISIMHQI,improve-4d858eb39b2faa20|improve-4eb8cbf47f4d9da8,count=2
duplicate_peptide,warning,TAKDSRFKM,improve-a7379a80286382b7|improve-2b9bf750a5168393|improve-d05aad08c14f7519,count=3
duplicate_peptide,warning,RFKMPKFKM,improve-6691121a87ce1271|improve-31869c6920a288a9,count=2
duplicate_peptide,warning,TAATLRAQL,improve-149832a744f38458|improve-88a968299fccb8f4,count=2
duplicate_peptide,warning,DIRAHFSVM,improve-e12955304ed20be1|improve-7c5c83d99c0045b7,count=2
duplicate_peptide,warning,DLIDLVTLW,improve-3ca49f01d1dc5dca|improve-00ecf9a0053fd437,count=2
duplicate_peptide,warning,LWRDLIDLV,improve-3b7cc592e240c397|improve-808f2a59845fb6ca,count=2
duplicate_peptide,warning,RDLIDLVTL,improve-a364c45e89deb104|improve-e553b15a71e4e7ca,count=2
duplicate_peptide,warning,YECKQGKAF,improve-b297c94d31e62cdc|improve-c674c6e6973c0ef2,count=2
duplicate_peptide,warning,TYEAGAGDRM,improve-0f37ecf40e63655e|improve-aeeb48ddf647c7ff,count=2
duplicate_peptide,warning,SMKEKRRSL,improve-89e4d7c8df4ea21b|improve-a793ffdd05514726,count=2
duplicate_peptide,warning,APRGVCYGA,improve-01f926fa24cde705|improve-e74c63d0cc8e2095,count=2
duplicate_peptide,warning,VPVALMSAM,improve-c05fc3803df81135|improve-745f2ce90fef4394,count=2
duplicate_peptide,warning,SCVPVALMSAM,improve-a37f911cc640f2d7|improve-9f5c0e9bda820f6a,count=2
duplicate_peptide,warning,CVPVALMSAM,improve-de317c6a4f26c1ab|improve-0d8b9b40ff064d10,count=2
duplicate_peptide,warning,SQKNITPAI,improve-1cf973fe63e647d2|improve-4796d5113452246f,count=2
duplicate_peptide,warning,LSRPGWAAL,improve-84f43349cd913a11|improve-cfe8543b5bdc7e4e,count=2
duplicate_peptide,warning,LPPKPQLGL,improve-8ca8019cdf4a4a17|improve-f52b6408856a10f6,count=2
duplicate_peptide,warning,SLAPTPSPA,improve-486f45943f6d7e92|improve-ad173c809ecc7662,count=2
duplicate_peptide,warning,GLCGAQGQVHV,improve-3c3810239a4af512|improve-972cb435b4de4192,count=2
duplicate_peptide,warning,GQAQGTALL,improve-ed9a3134a6b1cad7|improve-1f0093ca5477c83d|improve-52341f10ac7ee0cf|improve-c17e86811398dbb8,count=4
duplicate_peptide,warning,AAPGPAAAPL,improve-17bd695580ad7a6a|improve-3e3dcd1822cee399,count=2
duplicate_peptide,warning,SPQHLQLCL,improve-30b592f912ff513f|improve-d6acea2f618d1729,count=2
duplicate_peptide,warning,APASAPNTA,improve-79ca999fb8c84f7f|improve-1f8cfc5af2e9dfd4,count=2
duplicate_peptide,warning,APTPSPAPA,improve-7ae1475c1e128998|improve-59f5e7db45d393e7,count=2
duplicate_peptide,warning,HPGGQIHAA,improve-0434ab0e784e3c16|improve-db6193ed4bc3002d,count=2
duplicate_peptide,warning,TAPTPTAAL,improve-3bc84ed188eb22d5|improve-e673567a0de0ee79,count=2
duplicate_peptide,warning,APLAAAAAAA,improve-f2be49ff17ba4e39|improve-6e9a16c14736e2b3,count=2
duplicate_peptide,warning,APAPTPASASA,improve-e5c3931eba9394ed|improve-5e526aa64881ce31,count=2
duplicate_peptide,warning,TPAPITTPASA,improve-5b3af1826dcc64d2|improve-97b0f8e4056dfe53,count=2
duplicate_peptide,warning,TARAGAGRAV,improve-d607748884dc4e8f|improve-24b9d35e474c1515,count=2
duplicate_peptide,warning,APGPAAAPLAA,improve-d7dabfeca3aea73b|improve-dfe08ae08fe824dd,count=2
duplicate_peptide,warning,QPRAAGQAQ,improve-88f01ec06479358a|improve-ade51d2f9c3cb888,count=2
duplicate_peptide,warning,STSTLSSSL,improve-90e8208d560cd18d|improve-59e65475eff725f4,count=2
duplicate_peptide,warning,AAGQAQGTAL,improve-2b0b721ab917817f|improve-21d2ca9ce7afc108,count=2
duplicate_peptide,warning,RAPASPQHLQL,improve-e8e923063d4e798e|improve-bbabd5c5a46aeae8,count=2
duplicate_peptide,warning,TPAPITTPAS,improve-80ef8b1546792f0a|improve-88199619a8717333,count=2
duplicate_peptide,warning,APITTPASA,improve-338689fdcbf9cbcf|improve-135a9a6dfb3273b7,count=2
duplicate_peptide,warning,GAQGQVHVL,improve-25083554563d7f77|improve-f31f7cb4458f6e7b,count=2
duplicate_peptide,warning,AAAPGPAAAPL,improve-a913c065febbe486|improve-d7f33a13e353a448,count=2
duplicate_peptide,warning,ASAPAAPPVSA,improve-426594225c7ffc96|improve-03c2a22383955303,count=2
duplicate_peptide,warning,APNTAPTPTA,improve-6e68fd014824f893|improve-202c452db30f8d91,count=2
duplicate_peptide,warning,APASPQHLQL,improve-c9fe50616dfbc2c9|improve-b60297c484dda39c,count=2
duplicate_peptide,warning,APNTAPTPTAA,improve-db17aea79f594666|improve-a2cfb1ccfff11523,count=2
duplicate_peptide,warning,RPSRPNPVAPL,improve-b9d5b6acb4b26ab0|improve-a0eee09ed00376f8,count=2
duplicate_peptide,warning,SPASSRRSS,improve-c62a16bbd5545ffd|improve-e1a5cc295f45a083,count=2
duplicate_peptide,warning,RQPRAAGQAQ,improve-2bd9f52f7546979c|improve-07a7dafbf080ba7e,count=2
duplicate_peptide,warning,AAAPLAAAA,improve-35a4e453116362cd|improve-e93e9ed38ecaf77f,count=2
duplicate_peptide,warning,AAAPAPTPASA,improve-8d60d8134c4d9975|improve-da504a9ca9de8cd5,count=2
duplicate_peptide,warning,APAAPPVSAS,improve-3eb9567844fb12c5|improve-da74c64767e857ae,count=2
duplicate_peptide,warning,AATPAPITTPA,improve-218e51622a3d38ab|improve-df28e983edde08b7,count=2
duplicate_peptide,warning,AGQAQGTAL,improve-8cb866aebe49e2e6|improve-ea2ccef180a35330,count=2
duplicate_peptide,warning,ATPAPITTPA,improve-bb00907510590f5f|improve-08da22675b342146,count=2
duplicate_peptide,warning,SAPAAPPVSA,improve-2d84e5a53772b16d|improve-8daa46d66b696c41,count=2
duplicate_peptide,warning,APTPTAALA,improve-baadb87765d9a3f2|improve-8b1f06032ee35e3d,count=2
duplicate_peptide,warning,AAPAPTPASA,improve-a08a23e3052116ae|improve-b822c92f62c74823,count=2
duplicate_peptide,warning,TPASAPTQA,improve-23991c66ffb277b4|improve-86ecc2434ced350f,count=2
duplicate_peptide,warning,APNTAPTPT,improve-883e98322dc1b0db|improve-4a43b83afd7c2303,count=2
duplicate_peptide,warning,APTPTAALAA,improve-8cd503a5bf3c76b3|improve-14df1a022e9c7195,count=2
duplicate_peptide,warning,GPAAAPLAAA,improve-eef386b4344faabf|improve-acebe36afac71d72,count=2
duplicate_peptide,warning,APTPASASAA,improve-1cfe48724490506d|improve-31bb376f0c41f222,count=2
duplicate_peptide,warning,APTQASAPAA,improve-5e208f02e91c85ac|improve-4459f47e9effc4f5,count=2
duplicate_peptide,warning,SPAPASAPNTA,improve-6c4698812a5abe7f|improve-e3a0d0a179e08a14,count=2
duplicate_peptide,warning,APAAPPVSAST,improve-7922fba450ba6b8c|improve-22212de5d2694e4a,count=2
duplicate_peptide,warning,APASPQHLQLC,improve-b13c7d82edbd685e|improve-bfdf9e4c97488b29,count=2
duplicate_peptide,warning,SPAPASAPNT,improve-e863c33ef89e4f62|improve-860514d556915a72,count=2
duplicate_peptide,warning,ASPQHLQLCL,improve-dc56c5b8d3fb8030|improve-df43ebcbb02939c2,count=2
duplicate_peptide,warning,APTPSPAPASA,improve-22627a02a1279ff7|improve-200df330092230f3,count=2
duplicate_peptide,warning,APTPTAALAAA,improve-806ec8051c05546b|improve-0ebc2217bb68d74f,count=2
duplicate_peptide,warning,APPVSASTST,improve-808a330e3e607558|improve-67d1c0408abdf4ad,count=2
duplicate_peptide,warning,NTAPTPTAAL,improve-112877e2765f5185|improve-de62f1daf0557782,count=2
duplicate_peptide,warning,RAAGQAQGTAL,improve-482b4ab44827683b|improve-ceee288078816e8c,count=2
duplicate_peptide,warning,AAAPGPAAA,improve-0cad0479b2f9a320|improve-70a8a9c27553aee2,count=2
duplicate_peptide,warning,RPSRPNPVA,improve-52bf1f4542991ba5|improve-740162fbfa721e38,count=2
duplicate_peptide,warning,RPNPVAPLSPA,improve-7d8f81bffb2eca8b|improve-1369e9e2e33b4b32,count=2
duplicate_peptide,warning,RPNPVAPLS,improve-d71b945864a69bfe|improve-293a6aab048384df,count=2
duplicate_peptide,warning,RPSRPNPVAP,improve-366eeb8605881c84|improve-c10c76191c545148,count=2
duplicate_peptide,warning,WPRCRQPRAA,improve-ae232de819b97dde|improve-27eae7c7f9c3ecd2,count=2
duplicate_peptide,warning,WPRCRQPRA,improve-3f7ef50b8767a1a3|improve-d7ba7046baababc2,count=2
duplicate_peptide,warning,SPAPASAPN,improve-8e6ea8d5075453c4|improve-3c013a41491b7824,count=2
duplicate_peptide,warning,APLAAAAAAAA,improve-762cb7a62a89c4cb|improve-30cc4551bd64792c,count=2
duplicate_peptide,warning,APGPAAAPLA,improve-de38b7bb1cbc1f34|improve-882e6f6c384d0954,count=2
duplicate_peptide,warning,APAPTPASAS,improve-cecbc4233f70b845|improve-4e804da1d3b8eaa8,count=2
duplicate_peptide,warning,SASTSTSTL,improve-99f79412c387b5bf|improve-1f8af010c20f271b,count=2
duplicate_peptide,warning,TPASASAAT,improve-2f642b54d1c6e24c|improve-16560314aee6af93,count=2
duplicate_peptide,warning,TPTAALAAA,improve-06a3aeeb4ca95643|improve-f67a40d19a604298,count=2
duplicate_peptide,warning,APAPTPASA,improve-6db1836127e9f4bf|improve-e7f2e80d9489b97d,count=2
duplicate_peptide,warning,APAAPPVSA,improve-df90f1307d13e0dd|improve-44ab107a29f9738f,count=2
duplicate_peptide,warning,TPAPITTPA,improve-49099fe2285f22b2|improve-b4629c70e0b67e89,count=2
duplicate_peptide,warning,APGPAAAPL,improve-f636fe5399869bb4|improve-be381b9b380c1093,count=2
duplicate_peptide,warning,APLAAAAAA,improve-106290575563a6c9|improve-626a9a81e3f0ef18,count=2
duplicate_peptide,warning,GPAAAPLAA,improve-68d25cc44fcd3535|improve-1eb5b41d07f01ec8,count=2
duplicate_peptide,warning,APTPASASA,improve-626e891fa48d28cd|improve-651df1396d42abdd,count=2
duplicate_peptide,warning,APTQASAPA,improve-f3a334387389774c|improve-62cb243e81275a4d,count=2
duplicate_peptide,warning,TPSPAPASA,improve-5257f9e96a32c27c|improve-919f1bff0463186b,count=2
duplicate_peptide,warning,AAPLAAAAAA,improve-c18038f897739995|improve-e67e15eb96910451,count=2
duplicate_peptide,warning,SAPTQASAPA,improve-19ca94de71bf04be|improve-08cbb7bf7413c6a0,count=2
duplicate_peptide,warning,NPVAPLSPA,improve-6dc231b5cfc904be|improve-86b7813e40abc24b,count=2
duplicate_peptide,warning,EAAAPGPAA,improve-439737ab2fcb27ef|improve-f7a4104ecbebaba1,count=2
duplicate_peptide,warning,AAAPAPTPA,improve-4bcb20d4c847fb4d|improve-bad1f51a928cbb35,count=2
duplicate_peptide,warning,TPKKKRSAF,improve-bbc08c3f64e59e66|improve-f7ff639dc01ad8a0,count=2
duplicate_peptide,warning,ETPKKKRSAF,improve-64ef0c172d921902|improve-777b33b8908cbad2,count=2
duplicate_peptide,warning,RSAFPSRSL,improve-1251e7cc22891124|improve-44e74912e7baf87d|improve-ca4f5345b3ced30a,count=3
duplicate_peptide,warning,QAGPIRTEF,improve-d83eaefa7cae21f4|improve-39295ad24f28d2c3,count=2
duplicate_peptide,warning,FLLKKKYLV,improve-c5757da3541e2aea|improve-32bd5e15cadb112a,count=2
duplicate_peptide,warning,TALQKDKAL,improve-4a0b6dd8c17cfb0e|improve-8f8ca73e703b3c7b,count=2
duplicate_peptide,warning,KKPSEIISF,improve-0d67fadd5cf53b20|improve-8bd18c7a4d97323e,count=2
duplicate_peptide,warning,TLLGHFFFF,improve-8d8a6250f23f1511|improve-e339ec0f03e9827c,count=2
duplicate_peptide,warning,GARISSSSF,improve-2901719a886836ed|improve-7937bcf52e5819d2,count=2
duplicate_peptide,warning,KPRPSAHLL,improve-ee1f77d45c0e8adf|improve-660410c3a30d824f,count=2
duplicate_peptide,warning,FLSSATTTL,improve-e7dd9108d360806f|improve-435b2c0b6b91b286|improve-709552db9fb7aa7f,count=3
duplicate_peptide,warning,SSATTTLSM,improve-217edb376104ad80|improve-429697222c4cbd82,count=2
duplicate_peptide,warning,DPDAPAVQL,improve-0c94dfec68fabf1c|improve-d688ba2d821e732d,count=2
duplicate_peptide,warning,GLSGSLPMM,improve-bbe3868b28fbef90|improve-f6ccd5c17148367e,count=2
duplicate_peptide,warning,TPSSVGLSGSL,improve-196d976995dc24a5|improve-d0040f6c1b72ccf0,count=2
duplicate_peptide,warning,TPSSVGLSG,improve-5b93d97fb49cc204|improve-a6be465c2d15a409|improve-2817c1a6e9105942,count=3
duplicate_peptide,warning,SSVGLSGSL,improve-95f4f632f6c3de0e|improve-a75b22fccda837b9,count=2
duplicate_peptide,warning,VPNLWDTPPLL,improve-117a0d175ab615ec|improve-0be4149de3e20502,count=2
duplicate_peptide,warning,SERPSGIPEQF,improve-232e7517eafcca05|improve-18d84e327b19f40e,count=2
duplicate_peptide,warning,ERPSGIPEQF,improve-c3bb503d173094aa|improve-a0a449d7c463d648,count=2
duplicate_peptide,warning,RPSGIPEQF,improve-3a55d7b700837972|improve-872f6d9e8ddac55c,count=2
duplicate_peptide,warning,HPLSQSLYW,improve-e5902fd4569772cd|improve-f6388036d1f751b9,count=2
duplicate_peptide,warning,HPLSQSLYWL,improve-c695351c7bf52561|improve-691abda3982002e3,count=2
duplicate_peptide,warning,LPVIKRTDW,improve-513a500111912c84|improve-4e6f445fe34342ee,count=2
duplicate_peptide,warning,TAPTPAPASM,improve-7e0933d9fe339d86|improve-5b48172949954c5f,count=2
duplicate_peptide,warning,TPAPASMIK,improve-c23c54b6563dbbcd|improve-a15dd08b0a5cf476,count=2
duplicate_peptide,warning,APTPAPASM,improve-d02ee5ff466b1da5|improve-8dce70ef96bef376,count=2
duplicate_peptide,warning,EPDGDHFSI,improve-df31dd421c761e67|improve-560ffc29d65f566c,count=2
duplicate_peptide,warning,GMWGGRCWV,improve-dfe1e850c1b56e97|improve-e0c6cc6670466f06,count=2
duplicate_peptide,warning,NTYGMWGGR,improve-7f7c6836cc885212|improve-d825ddbad5dac2c8,count=2
duplicate_peptide,warning,GPTKRESKF,improve-6798a4db54ee8559|improve-fab1b2e761af5869,count=2
duplicate_peptide,warning,IPTGCLKVF,improve-f40272e22df95cdc|improve-866b827a24fbaab6,count=2
duplicate_peptide,warning,GLMKISHSM,improve-a4a0cd9035601b68|improve-bf1758d52abe58a7,count=2
duplicate_peptide,warning,TATHPTRSL,improve-49da9c2fbc96de1f|improve-47f8320741e86fb5,count=2
duplicate_peptide,warning,QAPLPPSHKL,improve-e9b13e1415ff0570|improve-435a57ec32d3aed1,count=2
duplicate_peptide,warning,LPPSHKLPF,improve-cceb1d9366ecb130|improve-42842969587488e1,count=2
duplicate_peptide,warning,APLPPSHKLPF,improve-c3befced569d37dd|improve-6aaea65c95b60094,count=2
duplicate_peptide,warning,APLPPSHKL,improve-2a98c753a7daa6ae|improve-4fe265b5e57ed015,count=2
duplicate_peptide,warning,NLFVRSSAL,improve-08ed632cda750fa6|improve-301afe901f9c9fad,count=2
duplicate_peptide,warning,IWARPGKAEL,improve-c8e0b58779aaaefc|improve-9433c71d57e56e3f,count=2
duplicate_peptide,warning,VMSPLLLII,improve-a4a254fd98f89ada|improve-0aa941d0abe6460c,count=2
duplicate_peptide,warning,VVAGVFLLI,improve-0effa266454c1999|improve-ac7512ff7436ea08,count=2
duplicate_peptide,warning,KEDGMKAAL,improve-bce93e6e0e757612|improve-f81a8120ff6187dc,count=2
duplicate_peptide,warning,HERPRRGIPGL,improve-895550a4ad2e732e|improve-b7bfa8f620bf83ca,count=2
duplicate_peptide,warning,LVMTGPYEL,improve-e408c368139845af|improve-ca4ce5fb7938d0ff,count=2
duplicate_peptide,warning,RELTDYLMKI,improve-9ec96c944e668f32|improve-f2dd513625f068ce,count=2
duplicate_peptide,warning,AWPLDVFTNY,improve-07083b74198cf17b|improve-d07046eb4b24139d,count=2
duplicate_peptide,warning,YQRQGSLQL,improve-0d3ce8f3895ef886|improve-7248f5b84dca14ee,count=2
duplicate_peptide,warning,AYREEVLAL,improve-6106a97ea26e3b22|improve-538e762f650835e6,count=2
duplicate_peptide,warning,MAYREEVLAL,improve-97551b59a25cbc76|improve-d7babe44b63fa834,count=2
duplicate_peptide,warning,LVLAAILAL,improve-c3f1c1ed2ee18554|improve-4792635b0f41ec1d,count=2
duplicate_peptide,warning,AQISAAAAL,improve-cab7fb7c55f0eb22|improve-c79291a4e7f64da7,count=2
duplicate_peptide,warning,WVDPNSLVL,improve-6ab9efa882505c55|improve-37434f97d6d7a60f,count=2
duplicate_peptide,warning,REEPWVDPNSL,improve-1d8d7e41edfef90b|improve-a0a7f5fd61299f36,count=2
duplicate_peptide,warning,EEPWVDPNSL,improve-796d9f63cc810604|improve-3211a3fdd5966d66,count=2
duplicate_peptide,warning,LFPETVKISF,improve-2e404c96f4467808|improve-27482205b200db4c,count=2
duplicate_peptide,warning,FELSGKTDSI,improve-3a30474cb2ad586e|improve-3b762f388ba58323,count=2
duplicate_peptide,warning,HWNPNPALGIL,improve-30ca9320449f14e2|improve-f21aada1a77df0bb,count=2
duplicate_peptide,warning,VFMSFSSSY,improve-cef6c6646ee8ab89|improve-c59df1d31e3fbe46,count=2
duplicate_peptide,warning,TPWSPVFMSF,improve-d35d4a57bdb8aaa8|improve-342cd310e704b28d|improve-adb175c2a79b17be,count=3
duplicate_peptide,warning,YMPPAISHKI,improve-3418bbd57cc867ca|improve-2b06639e9730fec7,count=2
duplicate_peptide,warning,KTQRTHSGVK,improve-27c79be7e6ce5f89|improve-7b9434f1f17202dc,count=2
duplicate_peptide,warning,RVLAKVEAL,improve-0126ef02a99ef509|improve-512bbde599f9cce2,count=2
duplicate_peptide,warning,ALGGRVLAKV,improve-40e3664ccc927d73|improve-63ac7e5b8be02d7b,count=2
duplicate_peptide,warning,YLMPILGAL,improve-cacef88437f317ad|improve-d9708f9bff9cf558,count=2
duplicate_peptide,warning,FVLEGLDKI,improve-153e488a5478edd1|improve-85c899d2141c0a2b,count=2
duplicate_peptide,warning,NPPDQQRLIF,improve-ca388401fbfa5a91|improve-2e226b11cff7e60b,count=2
duplicate_peptide,warning,VPASQHLKTL,improve-30aa8f20c4e93129|improve-716c6cc93b32688a,count=2
duplicate_peptide,warning,GVQLTHSAY,improve-70a5ca7911f935b5|improve-c886d255b65e53b2,count=2
duplicate_peptide,warning,HSAYVVASM,improve-80ab584adc8b3c0e|improve-879f02155ffb57ab,count=2
duplicate_peptide,warning,AQPVTQATSF,improve-fdbcaf9f3d2fe5f7|improve-f2b7289ff7cea57a,count=2
duplicate_peptide,warning,QPVTQATSF,improve-d71e815e72002041|improve-86de07544e93b384,count=2
duplicate_peptide,warning,TPVPPPGPL,improve-0ba0c8ccef556183|improve-fdca0bf9abe1b8ec,count=2
duplicate_peptide,warning,FTYDPPTLL,improve-9f9f4f43a98cde90|improve-69b61b0941eddcf1|improve-4bf86010eef4f68f,count=3
duplicate_peptide,warning,TVLKAEHSL,improve-4491e44deb3336da|improve-720cc4adcfb3bd64,count=2
duplicate_peptide,warning,VPYGLHAVL,improve-f8a492d21485e074|improve-974f37271982e057,count=2
duplicate_peptide,warning,SPKNLKVKM,improve-744336ca22622896|improve-7cacb5f06e420cd4,count=2
duplicate_peptide,warning,FRFLPPAQVTV,improve-70e9bf5751d2430c|improve-bf3debc74d09357a,count=2
duplicate_peptide,warning,WQLGHIFAL,improve-7137c37cca1b7592|improve-9753173ffc909459,count=2
duplicate_peptide,warning,SLDGKTIKV,improve-c0f2f08d3ee3799f|improve-7111689854e58519|improve-715f6d44759995e6|improve-382d38c24beafb68,count=4
duplicate_peptide,warning,GKSLDGKTIKV,improve-37943ab60e588def|improve-d97d12b02c162d8d,count=2
duplicate_peptide,warning,IPIFSGVYGV,improve-b0e0948b70978f5b|improve-961a78a9b4b9b033,count=2
duplicate_peptide,warning,LLRSFTTTI,improve-ecd78d1d3276c7c7|improve-365814924c632315,count=2
duplicate_peptide,warning,QLDELLETL,improve-3dda495ab9080055|improve-d05b5abff6316041,count=2
duplicate_peptide,warning,VIVSRGGAF,improve-b416a5db542dc3b6|improve-69de5635456b141e,count=2
duplicate_peptide,warning,LLRSTPAASY,improve-482f164226012616|improve-d5af4e9290af0e72,count=2
duplicate_peptide,warning,GQAPVLVVYY,improve-323d9af72dcd5d53|improve-bdc3c742a519db93,count=2
duplicate_peptide,warning,GQAPVLVIY,improve-f70545360a108aa3|improve-851f12ac7d19a29a,count=2
duplicate_peptide,warning,TPKKKKEALFL,improve-bb6556161873fae0|improve-c98f7530747ea685,count=2
duplicate_peptide,warning,TPKKKKEALF,improve-e557dbb4712ad109|improve-59119ff0cfbc1099,count=2
duplicate_peptide,warning,TPKKKKEAL,improve-ffdbdf284eff61fe|improve-11a0c27064606b7b,count=2
duplicate_peptide,warning,NSKTKKMSL,improve-4dd97f17c6064d96|improve-c8ebd11a2544aa35,count=2
duplicate_peptide,warning,GKSLDGKTIK,improve-497c8d70a29c1297|improve-39c28ada34cc4789,count=2
duplicate_peptide,warning,KTIKVEQATK,improve-c68aef2d7ef88594|improve-022f668c310b9816,count=2
duplicate_peptide,warning,KSLDGKTIK,improve-2f8d1db9ace0d9e8|improve-1e4c3e36cb209578,count=2
duplicate_peptide,warning,TIKVEQATK,improve-43003bff536fc959|improve-4d52a481544a6d66,count=2
duplicate_peptide,warning,LPKAKEKLAEL,improve-bba79eec4a5a9062|improve-df6a36c3ac23d5fc,count=2
duplicate_peptide,warning,VLPSPPLQSL,improve-4adfcdbe60acd854|improve-5afb3062a27bfe1b|improve-19817bf6dd0b9307,count=3
duplicate_peptide,warning,LPSPPLQSL,improve-26253092086c11b6|improve-39151f979127bb22,count=2
duplicate_peptide,warning,NVMANVLTL,improve-59387c34e4c3c517|improve-83bcbce645f622b6|improve-062d4a9893b02f76,count=3
duplicate_peptide,warning,YPELHETAMKF,improve-582e27b3bf119d4a|improve-aab1c6b5f88722d1,count=2
duplicate_peptide,warning,SYPELHETAM,improve-aa1c2ced5018a013|improve-0bf86c0c7d1ce6ca,count=2
duplicate_peptide,warning,YPELHETAM,improve-d46e7cac21b652da|improve-f387061b7e043fa9,count=2
duplicate_peptide,warning,APGVLHPAL,improve-723071ca97618865|improve-45d4af46e0124652,count=2
duplicate_peptide,warning,LPPIAPPLV,improve-49a6a685d0ba05f8|improve-0741bdc92588c2c6,count=2
duplicate_peptide,warning,HPALPPIAPPL,improve-311804faa7b55f81|improve-47ba132a240afaab,count=2
duplicate_peptide,warning,HPALPPIAP,improve-52249eb0325c89a8|improve-6d2541db75c8e145,count=2
duplicate_peptide,warning,MPVDAIPIKA,improve-7d5dc9aa3e4976da|improve-546289118fcdafea,count=2
duplicate_peptide,warning,MPVDAIPIKAA,improve-9237011f8c693632|improve-ffe8167dd7079b20,count=2
duplicate_peptide,warning,YLQKKLVPF,improve-1353d22a750a4890|improve-3ac299bc3f68de4f,count=2
duplicate_peptide,warning,SLSGPVEVF,improve-10d1d0cf3383e891|improve-77a282e29dfdf1c4|improve-891f92c3e43b5db7,count=3
duplicate_peptide,warning,QTAKGMALF,improve-d522448c0d02610d|improve-8a13b75f0dd7fed3,count=2
duplicate_peptide,warning,VQTAKGMALF,improve-ed34fc8c05a76018|improve-6509462a0638a521,count=2
duplicate_peptide,warning,HSLQRSPLF,improve-f8ece5af86064bc8|improve-fca8d3688651d70d,count=2
duplicate_peptide,warning,FLSPMPSRM,improve-8e4abe394db19eb8|improve-82f0c6f7e7888b77,count=2
duplicate_peptide,warning,ATYSNSSQPF,improve-b3d86c8a4270a880|improve-f936e4cd1eddb2e7,count=2
duplicate_peptide,warning,AINPKLLQF,improve-cc35eacd4be2e192|improve-0090fc81bcf72d2d|improve-3ee712aa463dcf51,count=3
duplicate_peptide,warning,TVFNTLKSL,improve-52c5e5bfe48839da|improve-210ad1ed067a683c,count=2
duplicate_peptide,warning,QPHVPGGQPF,improve-3c5cca2b8204a65b|improve-fcad018a083cd258,count=2
duplicate_peptide,warning,VGRGRFTTF,improve-0a19f1fe0a115959|improve-22dcfd1075e25e28,count=2
duplicate_peptide,warning,DVRDAWVRL,improve-7dfa84ff3937de10|improve-183247023f917f5a,count=2
duplicate_peptide,warning,SPALNKMFY,improve-e405748a78eea691|improve-c6f72e6be7dc99cd,count=2
duplicate_peptide,warning,DPDIIQTHL,improve-90ccf83679317cd8|improve-571c179a7b2e7670,count=2
duplicate_peptide,warning,SYHANGEVF,improve-6a4fb7b4796c8843|improve-f5cb9ca5cc660d9b,count=2
duplicate_peptide,warning,SYHANGEVFW,improve-74becb06fd564ce8|improve-eddd2ae250c6fc81,count=2
duplicate_peptide,warning,YHANGEVFW,improve-c9cce70cfa141940|improve-1868605594c93093,count=2
duplicate_peptide,warning,ISYHANGEVFW,improve-a6087a87922ddbc3|improve-7c0c60f3ded9fb73,count=2
duplicate_peptide,warning,SVKYTQQSM,improve-81db7495e74b0e58|improve-aad2e5f5469aaed6,count=2
duplicate_peptide,warning,DVALVRTVL,improve-e5d2f45ba22b6dcd|improve-a02e2879aa89703e,count=2
duplicate_peptide,warning,APFHQLRILY,improve-2c65b804976cb930|improve-f8f8d0b161d435aa,count=2
duplicate_peptide,warning,EWPHFVNSY,improve-2d65454fafe815de|improve-aac5e26255ddf2e2,count=2
duplicate_peptide,warning,DIWWAGVTL,improve-eca3d79b5bef5e6c|improve-9e9b67608e51c774,count=2
duplicate_peptide,warning,SVNYTFVVL,improve-579b0bae7483d992|improve-3958dd63535bea60,count=2
duplicate_peptide,warning,EVQSWVQSF,improve-3fab8643a272d3f6|improve-4b72e35d9b5ae20c,count=2
duplicate_peptide,warning,TFRDVATEF,improve-634c6710e1e5ade6|improve-1c0b583334b27707,count=2
duplicate_peptide,warning,LTFRDVATEF,improve-221ecfd99b59b952|improve-c0e08c21a3f64b38,count=2
duplicate_peptide,warning,HEDSGLMAL,improve-52c607cb6e0c921f|improve-77d49967431c02a5,count=2
duplicate_peptide,warning,TFIQGYKAM,improve-8991bf283b12c0b5|improve-ffaefa509710ee45,count=2
duplicate_peptide,warning,TAMTTLMAF,improve-37e3f90644016582|improve-c21c79c782a8bc1e|improve-6a09f8bc0506f651,count=3
duplicate_peptide,warning,FTARSARMAF,improve-4164199e8d32eddf|improve-e04c8559457bfa88,count=2
duplicate_peptide,warning,TARSARMAF,improve-b50c828256be16e7|improve-dcc9717bfab43263,count=2
duplicate_peptide,warning,MGSPGSVSL,improve-e2971773e497c817|improve-3e0d68fbdc45d8c8,count=2
duplicate_peptide,warning,GMMKAIEQF,improve-dd684394f2cd4d49|improve-56d48a3317d3e92f|improve-5f92cbb8d23a3213,count=3
duplicate_peptide,warning,TFPPPRTPSY,improve-e3d713236b16671f|improve-c19efa6367f1cd9a,count=2
duplicate_peptide,warning,FPPPRTPSY,improve-e47caa6cb39b89a6|improve-c5bdae980c22274f,count=2
duplicate_peptide,warning,NPYEQVPIY,improve-a1305df85c43ebc8|improve-656995845ad6a0e5,count=2
duplicate_peptide,warning,RPNPSPPQL,improve-ffc11a152a9d3b47|improve-1f135d1084301f2c,count=2
duplicate_peptide,warning,ERPNPSPPQL,improve-01064f48a0ac6c88|improve-272f108ce6201fb4,count=2
duplicate_peptide,warning,KAVPTVFAF,improve-2fc308c42d1235f8|improve-6e0a396c82f58b14|improve-af9e87cd05fb9236|improve-045a5a3afc1d89ce,count=4
duplicate_peptide,warning,KHKAVPTVF,improve-6b0edf9290ce0146|improve-0a308e4f407709d5,count=2
duplicate_peptide,warning,HKAVPTVFAF,improve-0dca8326ce602a12|improve-330b31385a4827ab,count=2
duplicate_peptide,warning,RREHIVLEF,improve-4fae47057127816d|improve-11a64a4291525690,count=2
duplicate_peptide,warning,LYALIMHKL,improve-ad55d6e06fca5de7|improve-fd5f12bef190999d,count=2
duplicate_peptide,warning,MVFQRLYAL,improve-b5504814eb9d01c4|improve-3ddda766f86d6592,count=2
duplicate_peptide,warning,QTHWAVFRF,improve-c83bd52e1aa29c9d|improve-fd3cc95234bbafb5,count=2
duplicate_peptide,warning,LTPKEVRKF,improve-22fc507ad0f71787|improve-e82256aadcff55e4,count=2
duplicate_peptide,warning,VVSDSAAVW,improve-2a9ae6c715bf98bb|improve-96f56e0b90b262c6,count=2
duplicate_peptide,warning,SIGDTVTVF,improve-1092e48ff4a9520f|improve-e0e42878009c75c2,count=2
duplicate_peptide,warning,YSIGDTVTVF,improve-90bd058991348a39|improve-40580894dce23666,count=2
duplicate_peptide,warning,EAPLPPSAL,improve-862c17bca27d3b95|improve-f162806344088b10,count=2
duplicate_peptide,warning,AAAAAVAAV,improve-b46dad1c46b485aa|improve-3e4051e96adb1ba4,count=2
duplicate_peptide,warning,RSLPGPTAL,improve-ddf4aa64fcd8eac3|improve-78c73351b8f6a4e0,count=2
duplicate_peptide,warning,LPRPPTQQTL,improve-423e27ec1d4c94bd|improve-35d8b6771da42306,count=2
duplicate_peptide,warning,ITPLGTKPF,improve-37efa027d884c667|improve-32a3d4ff3fceab3c,count=2
duplicate_peptide,warning,VSADFLSSF,improve-3b5300086f6513d2|improve-4f0f30d94f9e21b4,count=2
duplicate_peptide,warning,VYQDLLPSL,improve-9164d19a798c9c44|improve-9b564c2fb9e4769d,count=2
duplicate_peptide,warning,HVYQDLLPSL,improve-089d368bef191a53|improve-9c51c0a6595910aa,count=2
duplicate_peptide,warning,SYSFHSPSHY,improve-ea68d9b9c34b1f3a|improve-4ddcff1483bb4fce,count=2
duplicate_peptide,warning,IPWGPTSIQV,improve-561939d787fbeff6|improve-76d87eb613f3d813,count=2
duplicate_peptide,warning,GPTSIQVAL,improve-5244d2d8d9dedab3|improve-9347e72fa9670228,count=2
duplicate_peptide,warning,TTRTILIML,improve-8b9769502f5eadfb|improve-166f7c234d73273a,count=2
duplicate_peptide,warning,QTFEVINLL,improve-7e21929c418dcadb|improve-bcd0817d07b133e8,count=2
duplicate_peptide,warning,GHPGPLRRF,improve-0570007af0a5eb0e|improve-f56b4dd5f6d7be2f,count=2
duplicate_peptide,warning,RRGDIIRVF,improve-4b2f326cd2861460|improve-c6a95db5eea38e19,count=2
duplicate_peptide,warning,RQVLHGVAL,improve-438674b4aa71ec15|improve-113af3427e02b947,count=2
duplicate_peptide,warning,LIPDSVLQYM,improve-07fd64fd2a1b23d0|improve-aaeaf7d0439be157,count=2
duplicate_peptide,warning,IPDSVLQYM,improve-7390edeca96ace06|improve-6cb5b18442f6f33a,count=2
duplicate_peptide,warning,FYLEVFSLW,improve-4c741e8d09a18571|improve-47217f148a4c1ec8,count=2
duplicate_peptide,warning,YQAFYLEVF,improve-3d8797e35bc7d3a7|improve-4fe2ae7bd028b417,count=2
duplicate_peptide,warning,GQQEFYLVF,improve-cf5998a8eb5fa9d0|improve-a515dfae2175691b,count=2
duplicate_peptide,warning,TARDYYHYL,improve-d98895805cb6d14e|improve-d45dc25c64f508ee,count=2
duplicate_peptide,warning,SGIPAPIYF,improve-412d22fb7c552c5a|improve-cb81223dfc1b0864|improve-0c34519cc0f4632a,count=3
duplicate_peptide,warning,FSGIPAPIYF,improve-7da1325dc4650ffc|improve-e1c51745a541f6a8,count=2
duplicate_peptide,warning,IWPEYNNRTI,improve-492de622981db4e2|improve-705d43a9ecec0ed5,count=2
duplicate_peptide,warning,LHYQKDAEPLF,improve-35b48ca85faa494d|improve-d50326782a5ddbab,count=2
duplicate_peptide,warning,YQKDAEPLF,improve-672364651c4e32cd|improve-1b7e31895431476f|improve-6f8cfee08df8e3bd,count=3
duplicate_peptide,warning,HSLNTITVL,improve-177a538b95994cea|improve-de2dbd5f11fa4694,count=2
duplicate_peptide,warning,GRDPACYEF,improve-03a0a93756942ac4|improve-54e394cfcefde5be,count=2
duplicate_peptide,warning,QVSKAVGAL,improve-455dea8a88e60b6e|improve-71791f87db255dc2,count=2
duplicate_peptide,warning,ESSKLRASL,improve-56e8b7ae788148ca|improve-5f6140e994e9d36c,count=2
duplicate_peptide,warning,SILPPDSSF,improve-651ff4d6caf3473c|improve-0fc887fc3b2d4077|improve-979ca56889c5d944,count=3
duplicate_peptide,warning,SSFRPISRF,improve-08b26a967f0e288f|improve-97ed6ec75ca1c06d,count=2
duplicate_peptide,warning,SLYPSGTTW,improve-cea6e9ae89be8c99|improve-1e5eaf5a2f774092|improve-e34605ee5e8a187f|improve-aa02ef511035d639,count=4
duplicate_peptide,warning,NFAPVVTTW,improve-367fef60c8b75384|improve-9c2a8bd0751008d6|improve-b98a640f05867d2c,count=3
duplicate_peptide,warning,TNFAPVVTTW,improve-47edb0ad8e1ed1ab|improve-02515eb229a603b3,count=2
duplicate_peptide,warning,AAMSKSLGF,improve-58a332c9d0610614|improve-afe215c3449dbcd6|improve-3beeb7f2e708dcf0,count=3
duplicate_peptide,warning,AAARYTPLF,improve-902e9debeff79902|improve-391ae0e8c3af5a27,count=2
duplicate_peptide,warning,HWEGPEFTTL,improve-bdc0c8c43b0af5ef|improve-83ae44847886e15a,count=2
duplicate_peptide,warning,VLFPQSNMF,improve-3db70f651423e6fb|improve-48dc9ed70008799a|improve-0f68c20ea676050b,count=3
duplicate_peptide,warning,PQSNMFYLL,improve-7e756fe009e23149|improve-d1ca9fda73ef8241,count=2
duplicate_peptide,warning,LFPQSNMFYL,improve-7f40593e21a1850c|improve-5138bcc1c3cd414d,count=2
duplicate_peptide,warning,LFPQSNMFY,improve-90f3f995082a6790|improve-7cf8c8ef70a6fef7,count=2
duplicate_peptide,warning,FPQSNMFYL,improve-3d1be39567207497|improve-74456bc7a1c36546,count=2
duplicate_peptide,warning,ATFLNGTQGF,improve-6171598b7edef2a9|improve-98c69d81fb1a5aba,count=2
duplicate_peptide,warning,TFLNGTQGF,improve-73b5a9558d552b7e|improve-35b066a2707819ec,count=2
duplicate_peptide,warning,IPDDPDILM,improve-c373277327b939bf|improve-8e5258e3fc3926c6,count=2
duplicate_peptide,warning,TALAKIPQM,improve-360f6bcb630b1882|improve-f89d5167f26b7d51,count=2
duplicate_peptide,warning,TYDLASEVM,improve-5fa935570d3ebf2c|improve-3b1facf7ff3b448c,count=2
duplicate_peptide,warning,YAWLPISTI,improve-cfce6702f5976547|improve-6a60645bbecdef3c,count=2
duplicate_peptide,warning,ALMDNPFEF,improve-66447c6c70f1a303|improve-1fefe2d3d7a76b25|improve-59385cf6f02ada73,count=3
duplicate_peptide,warning,AALMDNPFEF,improve-349314afa4a1db9e|improve-e7a32978ef0144aa,count=2
duplicate_peptide,warning,ASASIMAAL,improve-50e42517ba0f91b1|improve-9fb274ed737d4604,count=2
duplicate_peptide,warning,YSLSNTLTL,improve-ba935a8645c5ef01|improve-11a3bf1a09510caf,count=2
duplicate_peptide,warning,SLPKIVEEF,improve-0295090a40dfab59|improve-1456c73566d27b04,count=2
duplicate_peptide,warning,LPYPKSQMEF,improve-5a49205c51de37be|improve-eda8cc835476f40e,count=2
duplicate_peptide,warning,REWEWFSETF,improve-b78f58761c203302|improve-58c0cbcf0ec0a58f,count=2
duplicate_peptide,warning,FVYPSIAVHI,improve-a935af2e82175d32|improve-504e64dd9feab6e6,count=2
duplicate_peptide,warning,RLMNAFMLF,improve-3492eea2c10d4ec3|improve-712416de336efded,count=2
duplicate_peptide,warning,RRPSWTRTTF,improve-8f6ac934b7e15005|improve-96cd90662d2d3410,count=2
duplicate_peptide,warning,LEYVSTRVLW,improve-573df6974ca52e82|improve-9a774667d3ad1bb5,count=2
duplicate_peptide,warning,AQRIISLSL,improve-6a29e8e9442f40a7|improve-4f1c8de331fdeba8,count=2
duplicate_peptide,warning,LQFQRAMLL,improve-da71e1ded2074dda|improve-7ccd374854c794eb,count=2
duplicate_peptide,warning,SFPLIPQELF,improve-4bfd9d06c945ef19|improve-f57dc78c4d11b076,count=2
duplicate_peptide,warning,MSYQHVFSL,improve-c5c0d4b1793b29c9|improve-7cc5cef827782010,count=2
duplicate_peptide,warning,LCLYKGSLGL,improve-195b3c216ed5bab5|improve-1c4e3b11450defff,count=2
duplicate_peptide,warning,CLYKGSLGL,improve-3f3c43fb38b70f2c|improve-8b45d17da91233f8,count=2
duplicate_peptide,warning,SAWRTHAAF,improve-9a6b8beb999a055d|improve-6f74d50fae350578,count=2
duplicate_peptide,warning,GELSGVWTS,improve-a5f43db04cb7c023|improve-8ea9fc03cea9ff6e,count=2
duplicate_peptide,warning,GELSGVWTSAW,improve-299dff9ddfa6cf1c|improve-d450898e02859694,count=2
duplicate_peptide,warning,GELSGVWTSA,improve-dc052c26dbe4350a|improve-a0d0f982e04c717d,count=2
duplicate_peptide,warning,REPGELSGV,improve-5c80b40368b2c941|improve-46b1c55c0cea9d4a,count=2
duplicate_peptide,warning,SFLSQIFKV,improve-ed30221a38076b6d|improve-000a2c81705b5ea8,count=2
duplicate_peptide,warning,EQAPPAAVW,improve-fb6311e2c57d5336|improve-51d42d13f5eb48be,count=2
duplicate_peptide,warning,APPEHEGPVMV,improve-f5813dd8292312f6|improve-70464a2c51d2c4a3,count=2
duplicate_peptide,warning,MMSPASFLF,improve-1a3e6db9d5918186|improve-e829e1c5fab70b5f,count=2
duplicate_peptide,warning,IPMMSPASFLF,improve-0f89960ac1533c16|improve-243f0121a4e8aefe,count=2
duplicate_peptide,warning,VIPMMSPASF,improve-d02c701aaf092e58|improve-a3251e101a103eed,count=2
duplicate_peptide,warning,LQRPQVVVL,improve-1a756312281786c6|improve-0de7e63b1d3d39d2,count=2
duplicate_peptide,warning,LQYSPIAGI,improve-ccbf4b24a99666e8|improve-96ed77be6abbce02,count=2
duplicate_peptide,warning,QYSPIAGIPEL,improve-e8ddb40b6c90a465|improve-e435b79333dce8e7,count=2
duplicate_peptide,warning,KQGKAFHHL,improve-feb6fa9fcf825e4c|improve-3946ad0b2273ee7f,count=2
duplicate_peptide,warning,KAFSIFSTL,improve-04e1c471f433941d|improve-0d47a39c4319b4b0,count=2
duplicate_peptide,warning,VIYEKTIRKL,improve-49475a98978c4785|improve-2d29de3f1aa9968c,count=2
duplicate_peptide,warning,MQYPGSWCFL,improve-e0d46a64eded2b66|improve-306d80e992401ef3,count=2
duplicate_peptide,warning,MQYPGSWCF,improve-f6dc5af4bd5efaad|improve-4483c69a2c88327c,count=2
duplicate_peptide,warning,GQIGMIQDL,improve-599a6ae4e0c7fac8|improve-fa274eba0c333de6,count=2
duplicate_peptide,warning,HPETHLSQVF,improve-7d886f9610a2db31|improve-20e97b55c7b36901,count=2
duplicate_peptide,warning,SQVFPHLSL,improve-6955c545ced77b9a|improve-b919f31e828175fe,count=2
duplicate_peptide,warning,YQPDPWNTY,improve-393ce702a6f43c87|improve-dda5fcbbd69629d1,count=2
duplicate_peptide,warning,YSNNILEYK,improve-35c47382e5bac254|improve-f784258a1d1e96d5,count=2
duplicate_peptide,warning,QVFGLGQQIY,improve-2cd9b680622140dc|improve-4d9459f943731506,count=2
duplicate_peptide,warning,VLDANNCDYK,improve-8412e1a7c7ac2df1|improve-4fb724b2dc34c692,count=2
duplicate_peptide,warning,ALEAVFGKY,improve-1e458ce5e381bad1|improve-a565fe0f628bd087,count=2
duplicate_peptide,warning,SDLLKGMLQY,improve-fe4b8712a6b29e28|improve-b2cb68d3e66fdaa8,count=2
duplicate_peptide,warning,SQVPTGDVFY,improve-45370b78324850b9|improve-236f12971024ea9f,count=2
duplicate_peptide,warning,SELLPFIQSR,improve-d41f633bfa44f112|improve-6e5948e856ae342f,count=2
duplicate_peptide,warning,AEPLLDLNEGI,improve-63bb36153f926427|improve-bd2e8ad8c7f14b91,count=2
duplicate_peptide_hla,warning,KMSSPTDTSV|HLA-A*02:01,improve-ea5183cae93573cc|improve-123ec7e16bbadeb9,count=2
duplicate_peptide_hla,warning,ARRSRSRSR|HLA-B*27:05,improve-b982b957cb7b9015|improve-954d9009d5d49674,count=2
duplicate_peptide_hla,warning,RRSRSRSRSR|HLA-B*27:05,improve-72400766f8c62cf7|improve-faadead6cddd9144,count=2
duplicate_peptide_hla,warning,AAAAAAAAA|HLA-C*02:02,improve-62364759fd925e96|improve-e1af4b2cddf69527,count=2
duplicate_peptide_hla,warning,LAANGPTAL|HLA-C*02:02,improve-8f1fd6eadbf7ff24|improve-107e80e611ce45ae,count=2
duplicate_peptide_hla,warning,AANGPTALV|HLA-C*02:02,improve-f2c13ce6e95d38f0|improve-01d351d795a3c370,count=2
duplicate_peptide_hla,warning,LLDMSYEQL|HLA-C*04:01,improve-c8fb603c45272c2a|improve-1a0bb74f991dc66a,count=2
duplicate_peptide_hla,warning,SYEQLEQLM|HLA-C*04:01,improve-44424dd5a0175191|improve-a1e89d392c8c0bdc,count=2
duplicate_peptide_hla,warning,TWDSAPSSA|HLA-C*04:01,improve-c997259a0fecfb46|improve-a7b267149928d048,count=2
duplicate_peptide_hla,warning,LLWMGVLAL|HLA-A*02:01,improve-13b9381be1579ba5|improve-1f74d2209bbef7a6,count=2
duplicate_peptide_hla,warning,GVLALALAL|HLA-C*02:02,improve-533ab9cdd454f2fe|improve-c14bc8734f996b80,count=2
duplicate_peptide_hla,warning,LLWMGVLAL|HLA-C*02:02,improve-2ced83d84b1d34fe|improve-6d343f7bb545f979,count=2
duplicate_peptide_hla,warning,QRITGEKPF|HLA-C*07:02,improve-760f824e8890f978|improve-6e31e66ea252e6fc,count=2
duplicate_peptide_hla,warning,SKENSLIIQF|HLA-B*44:02,improve-d88467d06a6145ff|improve-d8db2644cafedddf,count=2
duplicate_peptide_hla,warning,ENSLIIQF|HLA-B*44:02,improve-fc9a29d160f2f190|improve-7547a6c7200631dd,count=2
duplicate_peptide_hla,warning,KENSLIIQFT|HLA-B*44:02,improve-fa3e81782d6b763a|improve-24d8b06caedc2873,count=2
duplicate_peptide_hla,warning,SKENSLIIQF|HLA-B*40:01,improve-849fe3e27a1db965|improve-3f294e814fb4f802,count=2
duplicate_peptide_hla,warning,KENSLIIQF|HLA-B*40:01,improve-e094a3f1273402ff|improve-1f27f8ee7bb60b9c,count=2
duplicate_peptide_hla,warning,IQFTSFVAV|HLA-C*03:04,improve-ebed098791f78597|improve-2e293145e4c6ee10,count=2
duplicate_peptide_hla,warning,LSKENSLII|HLA-C*03:04,improve-f1f4bb777e1279be|improve-bf1eb378b80b97ca,count=2
duplicate_peptide_hla,warning,IQFTSFVAV|HLA-B*40:01,improve-c5bba8814d9375d3|improve-1be0a7b62fc3b460,count=2
duplicate_peptide_hla,warning,KENSLIIQFT|HLA-B*40:01,improve-c4b8c476b45525c7|improve-9241100f903e4ae7,count=2
duplicate_peptide_hla,warning,KENSLIIQF|HLA-B*44:02,improve-c3ed5486cff333d3|improve-409cc40566e7894a,count=2
duplicate_peptide_hla,warning,LSKENSLIIQF|HLA-B*44:02,improve-7d9e072984159399|improve-141730910c6331a8,count=2
duplicate_peptide_hla,warning,SLIIQFTSF|HLA-C*03:04,improve-5d5765c463cceaa1|improve-6327eae57147e1b7,count=2
duplicate_peptide_hla,warning,KIGDFGLATEK|HLA-A*03:01,improve-57eb448576dcc8c5|improve-bdffb3f69bc2685f|improve-8d3c6086e0254a31|improve-a3deeccf44d55d57|improve-eabf4228cffdffe4|improve-e3cb681885bdfe5f,count=6
duplicate_peptide_hla,warning,IQFTSFVAV|HLA-A*02:01,improve-943acd172329c9ed|improve-9b44bfbe1d3c8e48|improve-0e3f976f876bf124,count=3
duplicate_peptide_hla,warning,LIIQFTSFV|HLA-A*02:01,improve-34a4d6e5782bf8e1|improve-809c8005324bb9a4|improve-d226451201536ffc,count=3
duplicate_peptide_hla,warning,SLIIQFTSFV|HLA-A*02:01,improve-17d398a6d9ec55b0|improve-8557bc8d8103e328|improve-bc4733d7e94604e5,count=3
duplicate_peptide_hla,warning,IIYTGEKPYK|HLA-A*03:01,improve-4a23fc087a94fcf8|improve-d8f98cc0135fc153,count=2
duplicate_peptide_hla,warning,GEEKGGTGL|HLA-B*40:01,improve-bca0b6b54e98945c|improve-5b466a150d635c61,count=2
duplicate_peptide_hla,warning,TLRNHLFLI|HLA-B*08:01,improve-fe0843e1a144ce18|improve-650443d8f64f23f6,count=2
duplicate_peptide_hla,warning,SDLAKKKTL|HLA-B*08:01,improve-14234c97bd938c29|improve-18e3977d34954fa7,count=2
duplicate_peptide_hla,warning,LAKKKTLRNHL|HLA-B*08:01,improve-947b2da3e2d5e307|improve-70b1d83bafb7b885,count=2
duplicate_peptide_hla,warning,GELPPKPQLGL|HLA-B*40:01,improve-37efecc0b137d687|improve-635760aa31f3abd2,count=2
duplicate_peptide_hla,warning,GELPPKPQLG|HLA-B*40:01,improve-98ea65dcd33013d4|improve-f4fef68aafda8cbc,count=2
duplicate_peptide_hla,warning,QAFAMAEMK|HLA-A*03:01,improve-f78f20e7d29feb0d|improve-0253a3adc861ce51,count=2
duplicate_peptide_hla,warning,GQAFAMAEMK|HLA-A*03:01,improve-9f7834deb2f11bb4|improve-ecfe0f9199630073,count=2
duplicate_peptide_hla,warning,GPRNCIGQA|HLA-B*07:02,improve-6d650e780725af60|improve-aac04aa5e5a16c6c,count=2
duplicate_peptide_hla,warning,GPRNCIGQAF|HLA-B*07:02,improve-2176310dd6c2d189|improve-9f391b1293945ffa,count=2
duplicate_peptide_hla,warning,AGPRNCIGQAF|HLA-B*07:02,improve-1d9ead8ba6b6a413|improve-0b16bf42b44ae031,count=2
duplicate_peptide_hla,warning,KRKAMTKKK|HLA-B*27:05,improve-50577bff6023b538|improve-054d0621ce0d765f,count=2
duplicate_peptide_hla,warning,VVVGAVGVGK|HLA-A*03:01,improve-fbdbd2b05e112d17|improve-00737c735af19abe,count=2
duplicate_peptide_hla,warning,VVGAVGVGK|HLA-A*03:01,improve-b6c81a948dde19a5|improve-fd540242e529db00,count=2
duplicate_peptide_hla,warning,AVGVGKSAL|HLA-B*07:02,improve-8d954915e3143912|improve-ce138bcc38307bd1|improve-714a5ff1c55330f2,count=3
duplicate_peptide_hla,warning,GPSSSTTTT|HLA-B*07:02,improve-a0d220fdb72a3ddf|improve-45c40c7c9c19dbe5,count=2
duplicate_peptide_hla,warning,IPYLHQQKT|HLA-B*07:02,improve-90e0c0faa7f72350|improve-29b79771a46b42cd,count=2
duplicate_peptide_hla,warning,AVGVGKSAL|HLA-B*08:01,improve-8f1f0e78c9d5b618|improve-8def7dc6f3c6d302,count=2
duplicate_peptide_hla,warning,TAKDSRFKM|HLA-B*07:02,improve-a7379a80286382b7|improve-d05aad08c14f7519,count=2
duplicate_peptide_hla,warning,DLIDLVTLW|HLA-A*24:02,improve-3ca49f01d1dc5dca|improve-00ecf9a0053fd437,count=2
duplicate_peptide_hla,warning,LWRDLIDLV|HLA-A*24:02,improve-3b7cc592e240c397|improve-808f2a59845fb6ca,count=2
duplicate_peptide_hla,warning,YECKQGKAF|HLA-B*40:01,improve-b297c94d31e62cdc|improve-c674c6e6973c0ef2,count=2
duplicate_peptide_hla,warning,APRGVCYGA|HLA-B*07:02,improve-01f926fa24cde705|improve-e74c63d0cc8e2095,count=2
duplicate_peptide_hla,warning,LPPKPQLGL|HLA-B*07:02,improve-8ca8019cdf4a4a17|improve-f52b6408856a10f6,count=2
duplicate_peptide_hla,warning,SLAPTPSPA|HLA-A*02:01,improve-486f45943f6d7e92|improve-ad173c809ecc7662,count=2
duplicate_peptide_hla,warning,GLCGAQGQVHV|HLA-A*02:01,improve-3c3810239a4af512|improve-972cb435b4de4192,count=2
duplicate_peptide_hla,warning,GQAQGTALL|HLA-A*02:01,improve-ed9a3134a6b1cad7|improve-52341f10ac7ee0cf,count=2
duplicate_peptide_hla,warning,AAPGPAAAPL|HLA-B*07:02,improve-17bd695580ad7a6a|improve-3e3dcd1822cee399,count=2
duplicate_peptide_hla,warning,SPQHLQLCL|HLA-B*07:02,improve-30b592f912ff513f|improve-d6acea2f618d1729,count=2
duplicate_peptide_hla,warning,APASAPNTA|HLA-B*07:02,improve-79ca999fb8c84f7f|improve-1f8cfc5af2e9dfd4,count=2
duplicate_peptide_hla,warning,APTPSPAPA|HLA-B*07:02,improve-7ae1475c1e128998|improve-59f5e7db45d393e7,count=2
duplicate_peptide_hla,warning,HPGGQIHAA|HLA-B*07:02,improve-0434ab0e784e3c16|improve-db6193ed4bc3002d,count=2
duplicate_peptide_hla,warning,TAPTPTAAL|HLA-B*07:02,improve-3bc84ed188eb22d5|improve-e673567a0de0ee79,count=2
duplicate_peptide_hla,warning,APLAAAAAAA|HLA-B*07:02,improve-f2be49ff17ba4e39|improve-6e9a16c14736e2b3,count=2
duplicate_peptide_hla,warning,APAPTPASASA|HLA-B*07:02,improve-e5c3931eba9394ed|improve-5e526aa64881ce31,count=2
duplicate_peptide_hla,warning,TPAPITTPASA|HLA-B*07:02,improve-5b3af1826dcc64d2|improve-97b0f8e4056dfe53,count=2
duplicate_peptide_hla,warning,TARAGAGRAV|HLA-B*07:02,improve-d607748884dc4e8f|improve-24b9d35e474c1515,count=2
duplicate_peptide_hla,warning,APGPAAAPLAA|HLA-B*07:02,improve-d7dabfeca3aea73b|improve-dfe08ae08fe824dd,count=2
duplicate_peptide_hla,warning,QPRAAGQAQ|HLA-B*07:02,improve-88f01ec06479358a|improve-ade51d2f9c3cb888,count=2
duplicate_peptide_hla,warning,STSTLSSSL|HLA-B*07:02,improve-90e8208d560cd18d|improve-59e65475eff725f4,count=2
duplicate_peptide_hla,warning,AAGQAQGTAL|HLA-B*07:02,improve-2b0b721ab917817f|improve-21d2ca9ce7afc108,count=2
duplicate_peptide_hla,warning,RAPASPQHLQL|HLA-B*07:02,improve-e8e923063d4e798e|improve-bbabd5c5a46aeae8,count=2
duplicate_peptide_hla,warning,TPAPITTPAS|HLA-B*07:02,improve-80ef8b1546792f0a|improve-88199619a8717333,count=2
duplicate_peptide_hla,warning,APITTPASA|HLA-B*07:02,improve-338689fdcbf9cbcf|improve-135a9a6dfb3273b7,count=2
duplicate_peptide_hla,warning,GAQGQVHVL|HLA-B*07:02,improve-25083554563d7f77|improve-f31f7cb4458f6e7b,count=2
duplicate_peptide_hla,warning,AAAPGPAAAPL|HLA-B*07:02,improve-a913c065febbe486|improve-d7f33a13e353a448,count=2
duplicate_peptide_hla,warning,ASAPAAPPVSA|HLA-B*07:02,improve-426594225c7ffc96|improve-03c2a22383955303,count=2
duplicate_peptide_hla,warning,APNTAPTPTA|HLA-B*07:02,improve-6e68fd014824f893|improve-202c452db30f8d91,count=2
duplicate_peptide_hla,warning,APASPQHLQL|HLA-B*07:02,improve-c9fe50616dfbc2c9|improve-b60297c484dda39c,count=2
duplicate_peptide_hla,warning,APNTAPTPTAA|HLA-B*07:02,improve-db17aea79f594666|improve-a2cfb1ccfff11523,count=2
duplicate_peptide_hla,warning,RPSRPNPVAPL|HLA-B*07:02,improve-b9d5b6acb4b26ab0|improve-a0eee09ed00376f8,count=2
duplicate_peptide_hla,warning,SPASSRRSS|HLA-B*07:02,improve-c62a16bbd5545ffd|improve-e1a5cc295f45a083,count=2
duplicate_peptide_hla,warning,RQPRAAGQAQ|HLA-B*07:02,improve-2bd9f52f7546979c|improve-07a7dafbf080ba7e,count=2
duplicate_peptide_hla,warning,AAAPLAAAA|HLA-B*07:02,improve-35a4e453116362cd|improve-e93e9ed38ecaf77f,count=2
duplicate_peptide_hla,warning,AAAPAPTPASA|HLA-B*07:02,improve-8d60d8134c4d9975|improve-da504a9ca9de8cd5,count=2
duplicate_peptide_hla,warning,APAAPPVSAS|HLA-B*07:02,improve-3eb9567844fb12c5|improve-da74c64767e857ae,count=2
duplicate_peptide_hla,warning,AATPAPITTPA|HLA-B*07:02,improve-218e51622a3d38ab|improve-df28e983edde08b7,count=2
duplicate_peptide_hla,warning,AGQAQGTAL|HLA-B*07:02,improve-8cb866aebe49e2e6|improve-ea2ccef180a35330,count=2
duplicate_peptide_hla,warning,ATPAPITTPA|HLA-B*07:02,improve-bb00907510590f5f|improve-08da22675b342146,count=2
duplicate_peptide_hla,warning,SAPAAPPVSA|HLA-B*07:02,improve-2d84e5a53772b16d|improve-8daa46d66b696c41,count=2
duplicate_peptide_hla,warning,APTPTAALA|HLA-B*07:02,improve-baadb87765d9a3f2|improve-8b1f06032ee35e3d,count=2
duplicate_peptide_hla,warning,AAPAPTPASA|HLA-B*07:02,improve-a08a23e3052116ae|improve-b822c92f62c74823,count=2
duplicate_peptide_hla,warning,TPASAPTQA|HLA-B*07:02,improve-23991c66ffb277b4|improve-86ecc2434ced350f,count=2
duplicate_peptide_hla,warning,APNTAPTPT|HLA-B*07:02,improve-883e98322dc1b0db|improve-4a43b83afd7c2303,count=2
duplicate_peptide_hla,warning,APTPTAALAA|HLA-B*07:02,improve-8cd503a5bf3c76b3|improve-14df1a022e9c7195,count=2
duplicate_peptide_hla,warning,GPAAAPLAAA|HLA-B*07:02,improve-eef386b4344faabf|improve-acebe36afac71d72,count=2
duplicate_peptide_hla,warning,APTPASASAA|HLA-B*07:02,improve-1cfe48724490506d|improve-31bb376f0c41f222,count=2
duplicate_peptide_hla,warning,APTQASAPAA|HLA-B*07:02,improve-5e208f02e91c85ac|improve-4459f47e9effc4f5,count=2
duplicate_peptide_hla,warning,SPAPASAPNTA|HLA-B*07:02,improve-6c4698812a5abe7f|improve-e3a0d0a179e08a14,count=2
duplicate_peptide_hla,warning,APAAPPVSAST|HLA-B*07:02,improve-7922fba450ba6b8c|improve-22212de5d2694e4a,count=2
duplicate_peptide_hla,warning,APASPQHLQLC|HLA-B*07:02,improve-b13c7d82edbd685e|improve-bfdf9e4c97488b29,count=2
duplicate_peptide_hla,warning,SPAPASAPNT|HLA-B*07:02,improve-e863c33ef89e4f62|improve-860514d556915a72,count=2
duplicate_peptide_hla,warning,ASPQHLQLCL|HLA-B*07:02,improve-dc56c5b8d3fb8030|improve-df43ebcbb02939c2,count=2
duplicate_peptide_hla,warning,APTPSPAPASA|HLA-B*07:02,improve-22627a02a1279ff7|improve-200df330092230f3,count=2
duplicate_peptide_hla,warning,APTPTAALAAA|HLA-B*07:02,improve-806ec8051c05546b|improve-0ebc2217bb68d74f,count=2
duplicate_peptide_hla,warning,APPVSASTST|HLA-B*07:02,improve-808a330e3e607558|improve-67d1c0408abdf4ad,count=2
duplicate_peptide_hla,warning,NTAPTPTAAL|HLA-B*07:02,improve-112877e2765f5185|improve-de62f1daf0557782,count=2
duplicate_peptide_hla,warning,RAAGQAQGTAL|HLA-B*07:02,improve-482b4ab44827683b|improve-ceee288078816e8c,count=2
duplicate_peptide_hla,warning,AAAPGPAAA|HLA-B*07:02,improve-0cad0479b2f9a320|improve-70a8a9c27553aee2,count=2
duplicate_peptide_hla,warning,RPSRPNPVA|HLA-B*07:02,improve-52bf1f4542991ba5|improve-740162fbfa721e38,count=2
duplicate_peptide_hla,warning,RPNPVAPLSPA|HLA-B*07:02,improve-7d8f81bffb2eca8b|improve-1369e9e2e33b4b32,count=2
duplicate_peptide_hla,warning,RPNPVAPLS|HLA-B*07:02,improve-d71b945864a69bfe|improve-293a6aab048384df,count=2
duplicate_peptide_hla,warning,RPSRPNPVAP|HLA-B*07:02,improve-366eeb8605881c84|improve-c10c76191c545148,count=2
duplicate_peptide_hla,warning,WPRCRQPRAA|HLA-B*07:02,improve-ae232de819b97dde|improve-27eae7c7f9c3ecd2,count=2
duplicate_peptide_hla,warning,WPRCRQPRA|HLA-B*07:02,improve-3f7ef50b8767a1a3|improve-d7ba7046baababc2,count=2
duplicate_peptide_hla,warning,SPAPASAPN|HLA-B*07:02,improve-8e6ea8d5075453c4|improve-3c013a41491b7824,count=2
duplicate_peptide_hla,warning,APLAAAAAAAA|HLA-B*07:02,improve-762cb7a62a89c4cb|improve-30cc4551bd64792c,count=2
duplicate_peptide_hla,warning,APGPAAAPLA|HLA-B*07:02,improve-de38b7bb1cbc1f34|improve-882e6f6c384d0954,count=2
duplicate_peptide_hla,warning,APAPTPASAS|HLA-B*07:02,improve-cecbc4233f70b845|improve-4e804da1d3b8eaa8,count=2
duplicate_peptide_hla,warning,SASTSTSTL|HLA-B*07:02,improve-99f79412c387b5bf|improve-1f8af010c20f271b,count=2
duplicate_peptide_hla,warning,TPASASAAT|HLA-B*07:02,improve-2f642b54d1c6e24c|improve-16560314aee6af93,count=2
duplicate_peptide_hla,warning,TPTAALAAA|HLA-B*07:02,improve-06a3aeeb4ca95643|improve-f67a40d19a604298,count=2
duplicate_peptide_hla,warning,APAPTPASA|HLA-B*07:02,improve-6db1836127e9f4bf|improve-e7f2e80d9489b97d,count=2
duplicate_peptide_hla,warning,APAAPPVSA|HLA-B*07:02,improve-df90f1307d13e0dd|improve-44ab107a29f9738f,count=2
duplicate_peptide_hla,warning,TPAPITTPA|HLA-B*07:02,improve-49099fe2285f22b2|improve-b4629c70e0b67e89,count=2
duplicate_peptide_hla,warning,APGPAAAPL|HLA-B*07:02,improve-f636fe5399869bb4|improve-be381b9b380c1093,count=2
duplicate_peptide_hla,warning,APLAAAAAA|HLA-B*07:02,improve-106290575563a6c9|improve-626a9a81e3f0ef18,count=2
duplicate_peptide_hla,warning,GPAAAPLAA|HLA-B*07:02,improve-68d25cc44fcd3535|improve-1eb5b41d07f01ec8,count=2
duplicate_peptide_hla,warning,APTPASASA|HLA-B*07:02,improve-626e891fa48d28cd|improve-651df1396d42abdd,count=2
duplicate_peptide_hla,warning,APTQASAPA|HLA-B*07:02,improve-f3a334387389774c|improve-62cb243e81275a4d,count=2
duplicate_peptide_hla,warning,TPSPAPASA|HLA-B*07:02,improve-5257f9e96a32c27c|improve-919f1bff0463186b,count=2
duplicate_peptide_hla,warning,AAPLAAAAAA|HLA-B*07:02,improve-c18038f897739995|improve-e67e15eb96910451,count=2
duplicate_peptide_hla,warning,SAPTQASAPA|HLA-B*07:02,improve-19ca94de71bf04be|improve-08cbb7bf7413c6a0,count=2
duplicate_peptide_hla,warning,NPVAPLSPA|HLA-B*07:02,improve-6dc231b5cfc904be|improve-86b7813e40abc24b,count=2
duplicate_peptide_hla,warning,EAAAPGPAA|HLA-B*07:02,improve-439737ab2fcb27ef|improve-f7a4104ecbebaba1,count=2
duplicate_peptide_hla,warning,AAAPAPTPA|HLA-B*07:02,improve-4bcb20d4c847fb4d|improve-bad1f51a928cbb35,count=2
duplicate_peptide_hla,warning,TPKKKRSAF|HLA-B*07:02,improve-bbc08c3f64e59e66|improve-f7ff639dc01ad8a0,count=2
duplicate_peptide_hla,warning,ETPKKKRSAF|HLA-B*07:02,improve-64ef0c172d921902|improve-777b33b8908cbad2,count=2
duplicate_peptide_hla,warning,RSAFPSRSL|HLA-B*07:02,improve-1251e7cc22891124|improve-ca4f5345b3ced30a,count=2
duplicate_peptide_hla,warning,FLLKKKYLV|HLA-A*02:01,improve-c5757da3541e2aea|improve-32bd5e15cadb112a,count=2
duplicate_peptide_hla,warning,TALQKDKAL|HLA-B*07:02,improve-4a0b6dd8c17cfb0e|improve-8f8ca73e703b3c7b,count=2
duplicate_peptide_hla,warning,GLSGSLPMM|HLA-A*02:01,improve-bbe3868b28fbef90|improve-f6ccd5c17148367e,count=2
duplicate_peptide_hla,warning,TPSSVGLSGSL|HLA-B*07:02,improve-196d976995dc24a5|improve-d0040f6c1b72ccf0,count=2
duplicate_peptide_hla,warning,TPSSVGLSG|HLA-B*07:02,improve-5b93d97fb49cc204|improve-2817c1a6e9105942,count=2
duplicate_peptide_hla,warning,SSVGLSGSL|HLA-B*07:02,improve-95f4f632f6c3de0e|improve-a75b22fccda837b9,count=2
duplicate_peptide_hla,warning,GMWGGRCWV|HLA-A*02:01,improve-dfe1e850c1b56e97|improve-e0c6cc6670466f06,count=2
duplicate_peptide_hla,warning,NTYGMWGGR|HLA-A*03:01,improve-7f7c6836cc885212|improve-d825ddbad5dac2c8,count=2
duplicate_peptide_hla,warning,TPWSPVFMSF|HLA-B*07:02,improve-342cd310e704b28d|improve-adb175c2a79b17be,count=2
duplicate_peptide_hla,warning,KTQRTHSGVK|HLA-A*03:01,improve-27c79be7e6ce5f89|improve-7b9434f1f17202dc,count=2
duplicate_peptide_hla,warning,FVLEGLDKI|HLA-A*02:01,improve-153e488a5478edd1|improve-85c899d2141c0a2b,count=2
duplicate_peptide_hla,warning,SLDGKTIKV|HLA-A*01:01,improve-c0f2f08d3ee3799f|improve-7111689854e58519|improve-382d38c24beafb68,count=3
duplicate_peptide_hla,warning,GKSLDGKTIKV|HLA-A*02:01,improve-37943ab60e588def|improve-d97d12b02c162d8d,count=2
duplicate_peptide_hla,warning,GKSLDGKTIK|HLA-A*03:01,improve-497c8d70a29c1297|improve-39c28ada34cc4789,count=2
duplicate_peptide_hla,warning,KTIKVEQATK|HLA-A*03:01,improve-c68aef2d7ef88594|improve-022f668c310b9816,count=2
duplicate_peptide_hla,warning,KSLDGKTIK|HLA-A*03:01,improve-2f8d1db9ace0d9e8|improve-1e4c3e36cb209578,count=2
duplicate_peptide_hla,warning,TIKVEQATK|HLA-A*03:01,improve-43003bff536fc959|improve-4d52a481544a6d66,count=2
duplicate_peptide_hla,warning,LCLYKGSLGL|HLA-A*02:01,improve-195b3c216ed5bab5|improve-1c4e3b11450defff,count=2
duplicate_peptide_hla,warning,CLYKGSLGL|HLA-A*02:01,improve-3f3c43fb38b70f2c|improve-8b45d17da91233f8,count=2
context_dependent_label,info,SKENSLIIQF|HLA-B*44:02,improve-d88467d06a6145ff|improve-d8db2644cafedddf,labels differ across patient contexts
context_dependent_label,info,IQFTSFVAV|HLA-B*40:01,improve-c5bba8814d9375d3|improve-1be0a7b62fc3b460,labels differ across patient contexts
context_dependent_label,info,SLIIQFTSFV|HLA-A*02:01,improve-17d398a6d9ec55b0|improve-8557bc8d8103e328|improve-bc4733d7e94604e5,labels differ across patient contexts
